content_hash,row_number,validate_pass,validate_error,deploy_pass,deploy_status,deploy_error,deployed_stack_name,destroy_pass,destroy_error
786870ea6f22317949d61dcf47d8990a922a50d732c44b831aee44a5b433f7f7,3,True,,True,CREATE_COMPLETE,,cfn-eval-gt-check-521f65b75a,True,
4edc034cfff68b9001ce32339cbb569a5c23634aa847ccf6356abf431fd9fa6a,4,True,,True,CREATE_COMPLETE,,cfn-eval-gt-check-72b30e2949,True,
ba4e36ad86dfcbb4bd2eb5fef37429c4ef076a45d496cf6a707ae70bd18e9fdd,6,True,,True,CREATE_COMPLETE,,cfn-eval-gt-check-70ef5ed07b,True,
041be259be0da244993d917cf8d8f3136b8119145ea10450a89b7e00aa340aa7,9,True,,True,CREATE_COMPLETE,,cfn-eval-gt-check-60ce4435d4,True,
46f101319c129a08b68b556fa9025bf24d1785ef21fd114aa31fb2c42da7062f,10,True,,True,CREATE_COMPLETE,,cfn-eval-gt-check-b436a039da,True,
9faf5ef05032a41d7e177e20c287a6188d5ff6c27ff573a697babe98f1714ecb,11,True,,True,CREATE_COMPLETE,,cfn-eval-gt-check-f674ba3466,True,
0e7ea971e4ca9ea74e592ae9308882eadc0fa4b4c4181fb4e62c910cff5adb23,14,True,,True,CREATE_COMPLETE,,cfn-eval-gt-check-13309d672e,True,
2750904c626eadf43ace313669105765633e206d220327558cb2352b1feba4cd,16,True,,True,CREATE_COMPLETE,,cfn-eval-gt-check-01103b6ae6,True,
0e773888a8d75aec7f0db78d117d1723365b6c124e9152a409e697a76e7700e8,19,True,,True,CREATE_COMPLETE,,cfn-eval-gt-check-a22257b678,True,
9987c3abdf635dd2e5c12a54212a4eb4fab7ad2e7c1610111e1263efdee96b95,20,True,,True,CREATE_COMPLETE,,cfn-eval-gt-check-77833f510a,True,
7a4f717d409f819ac837d600f2629544de117966f9eada919323d38a22e37607,26,True,,True,CREATE_COMPLETE,,cfn-eval-gt-check-237f516fb5,True,
334748c8be3d3f6969a8d2583ab07c7abe5dab52cf42571702c89c8289577493,32,True,,True,CREATE_COMPLETE,,cfn-eval-gt-check-88fcd4b16c,True,
f17c7eddce5898f4caafd07f75d4a6f39e25d8ea1c04327227ab35cabb4ddc70,33,True,,True,CREATE_COMPLETE,,cfn-eval-gt-check-600a24fa70,True,
e068cc4f3af8e4026721443cbdfae68bb2c7d1010cf20fc2d8766e5155e0358a,38,True,,True,CREATE_COMPLETE,,cfn-eval-gt-check-f1d58644c2,True,
85df5a06bbeccac8238b11576c44f63ba616808b55dbd1c73cf06ccfdb652df7,39,True,,True,CREATE_COMPLETE,,cfn-eval-gt-check-db2c566fb2,True,
cf92d236f76dc22063115558c5eafef44b802eb2208830194c67fddbae9cfc86,40,True,,True,CREATE_COMPLETE,,cfn-eval-gt-check-f291dd85da,True,
a39c5ae00d28e2eee8f5fe4722c021f61ab08c074a8afbd5deb5e05a236df680,44,True,,True,CREATE_COMPLETE,,cfn-eval-gt-check-eca386ee1b,True,
a2b535c0cd0606695f557d529adb70e35ed8b6e53e013cd2bcae96d45db7ec53,45,True,,True,CREATE_COMPLETE,,cfn-eval-gt-check-5a3f98b8ac,True,
a8cfb0ebc228dbc376ea5153c649c719130cb476f3d1a1b048eb0c792521a710,47,True,,True,CREATE_COMPLETE,,cfn-eval-gt-check-0be4e90db8,True,
c3fd0381205e3af4661f2223141e729a09d7f129dc4475395facc69ba3ff74af,53,True,,True,CREATE_COMPLETE,,cfn-eval-gt-check-e40a95cd87,True,
20135ea950e1a2e569b56d6b2f751d0ad89957b657644ce9123f79d261db2abd,57,True,,True,CREATE_COMPLETE,,cfn-eval-gt-check-813b8de247,True,
1c53e924ab0f89eaada9d0bcc427796f435359d40db60202bb3d9255c3970882,58,True,,True,CREATE_COMPLETE,,cfn-eval-gt-check-ef119a818a,True,
90c3838167bc3ced74475870eba971c7888249fe73766c6d47fdb35c26727e2e,61,True,,True,CREATE_COMPLETE,,cfn-eval-gt-check-37ca71f093,True,
98f2e9e90f7e9f6a12b1e28b0c15802ccda8e21f3685c0270fae907c86fbe4dc,64,True,,True,CREATE_COMPLETE,,cfn-eval-gt-check-0483346577,True,
a3a3fa871a42b8b13460d6afc0e3fd4388a512e30a7da9d06bef1588c9a0230f,67,True,,True,CREATE_COMPLETE,,cfn-eval-gt-check-819c68e977,True,
9ec1d47349224b8522ff9bacc4aca6bd9037f22d00eff236c6f169228863fb32,69,True,,True,CREATE_COMPLETE,,cfn-eval-gt-check-4b15f40e84,True,
93c5bef87e4e4d0d37df9e76c77e9df70490bb0d3ae8b9c87ca0a69f14745d3f,71,True,,True,CREATE_COMPLETE,,cfn-eval-gt-check-42aa4acadb,True,
83637069dc58a4270cea0ca32f418747c4ddacab6156fd7c0ce2b1886a3e1116,72,True,,True,CREATE_COMPLETE,,cfn-eval-gt-check-f062335f54,True,
0214019079c66508d5a57f5348048c9183e49c46349231d8e5fe9fefacf2f251,76,True,,True,CREATE_COMPLETE,,cfn-eval-gt-check-db6fb395b5,True,
efd9b303fea2e695e94b5f6e7fc7a95fcfbb510f81b46bbf6596b12ad638b4ff,79,True,,True,CREATE_COMPLETE,,cfn-eval-gt-check-f6c6d8265e,True,manually completed after DELETE_FAILED (Cognito deletion protection / S3 409 conflict / stale HostedZone state) -- confirmed DELETE_COMPLETE via describe-stacks 2026-08-22
b69f6430725cec4b3eed05521300dda030b888ca338e2a233ba318a9584df303,80,True,,True,CREATE_COMPLETE,,cfn-eval-gt-check-6a19128e69,True,
3a9a94f43d4baf9cdacd9194e013bf656b6a77ee6ef716ff3530565b9adf2af3,82,True,,True,CREATE_COMPLETE,,cfn-eval-gt-check-68242bb12a,True,
599eca2cc431ccccea061b162e5c6e02e4e81a9485d3d1da673ce8482fc49bae,83,True,,True,CREATE_COMPLETE,,cfn-eval-gt-check-f92002cb20,True,
2268e302dd7afe1548b2a48d29334e10f1fcf7e8470de52b0d33da1cf0a4efe9,84,True,,True,CREATE_COMPLETE,,cfn-eval-gt-check-1bb5e80971,True,
889ac7cb4bca700cc48ac5cb7fa7f19b0927cdf14af4fdddccac39d1a6c22ded,85,True,,True,CREATE_COMPLETE,,cfn-eval-gt-check-cd70ec9da4,True,
f9f3ab9472f451d5a9a0b3d9a7d302087a2b842b3f9404a593792c0a8e2a4a90,86,True,,True,CREATE_COMPLETE,,cfn-eval-gt-check-98f7ba6600,True,
96c55b1f9eee9b04aa2fe382b99dd1fdf0424d50b896ec0cc9e00ad2e5c80c9e,87,True,,True,CREATE_COMPLETE,,cfn-eval-gt-check-12049b16de,True,
a8319aeb7bbc70a7319ba19d090651faa37ebb342dd907c02cd930c9ecbe0577,89,True,,True,CREATE_COMPLETE,,cfn-eval-gt-check-dc53ed2712,True,
33ce0ded1378223025d76b3fa62ab9f4b5319c2e0e9877b88189173e3075e884,91,True,,True,CREATE_COMPLETE,,cfn-eval-gt-check-fd7168ef0a,True,
f51fbefab3745aaeb7b63fb67651ccc968839bdf0470b9c9950a2a8b31e0a45a,97,True,,True,CREATE_COMPLETE,,cfn-eval-gt-check-34f06c6ae0,True,
a3bf9df7efc14902e2b2d31324a25bf320d9170b403cb1e28bafcfd022293024,98,True,,True,CREATE_COMPLETE,,cfn-eval-gt-check-342539fc3b,True,
3786791d562bd4db56a1efd2fef4dae271983ab292635c0d400f9df0791f8898,100,True,,True,CREATE_COMPLETE,,cfn-eval-gt-check-232234af6f,True,
b4e2646d06dcc28b3ab0bf066920a83377f0eaec38f41cf65991a3c817aaec72,101,True,,True,CREATE_COMPLETE,,cfn-eval-gt-check-4d7f52a59f,True,
e636d4985d61e909dbb527a0608d4242f8a0b23cc7dda6c7e27dce6d46b60b8f,102,True,,True,CREATE_COMPLETE,,cfn-eval-gt-check-0a1b3de223,True,
bf245617b0d88def44cd2226510a9bb9e72d40ab452802f10aae9bca2a4d2481,104,True,,True,CREATE_COMPLETE,,cfn-eval-gt-check-90ffeeb304,True,
661b617f468b21527e2f618af36fc0231f879f2ee1b65ce16cea9e1038b39919,106,True,,True,CREATE_COMPLETE,,cfn-eval-gt-check-89a8a6bb35,True,
aefcccf22d84ecfc2f058ceda11c6bef5c45bd9104e1bc6285f1964066cfe4e5,107,True,,True,CREATE_COMPLETE,,cfn-eval-gt-check-3eb101eab0,True,
b468a37f27658b8de8f2433a33b1c021f8e268931ee8e63e10d658fa1bb4b072,109,True,,True,CREATE_COMPLETE,,cfn-eval-gt-check-ef61671a46,True,
5bc94d11ed0dbfd4d64335328d85490ecd8aa0b530bb8a984ac8f0d2053f4737,111,True,,True,CREATE_COMPLETE,,cfn-eval-gt-check-c9da8357e8,True,
423ea5c235b84a8b0341868b53a3bc9cbde8070043439c5c95f5c87e1be861ae,112,True,,True,CREATE_COMPLETE,,cfn-eval-gt-check-8a2c7227cf,True,
bbd8016aefbd34eb70ee801d5aa6c822bf55ed3f5e6d06c7a2b742f8075512fa,115,True,,True,CREATE_COMPLETE,,cfn-eval-gt-check-00635b2410,True,
df272b1515405c9f65669a1ba64323e562fabe82ea6fc1c99da6de1824e49ffb,116,True,,True,CREATE_COMPLETE,,cfn-eval-gt-check-75627a54ee,True,
f9b47ab517f4b211b16f4f3c73013ea0eb2fda493767915f56086ca0dfc49213,117,True,,True,CREATE_COMPLETE,,cfn-eval-gt-check-e639050388,True,
85839341467037d12de5e12d6e65dd37ea0366755f4a246d2a2c3ae358079f3c,120,True,,True,CREATE_COMPLETE,,cfn-eval-gt-check-099ec20f95,True,
706e2f090ffd0dc15ef23cf67560020010cacb9adaf34eb1ba28bc4c1342c071,122,True,,True,CREATE_COMPLETE,,cfn-eval-gt-check-40dd138499,True,
de5ab68109535727d4e7e43aefe338bb5ab2160777aba9b0b1526d953d5089e5,124,True,,True,CREATE_COMPLETE,,cfn-eval-gt-check-2e21b43064,True,
643e945dfdf235d99caa05de0f1dda97ab516e35f4bfd05849fa51432b60473b,126,True,,True,CREATE_COMPLETE,,cfn-eval-gt-check-7d998e5ef2,True,
96816de68cfe0b1123335a3dc02c9267ca163226eb795d2eecf870cb39835853,131,True,,True,CREATE_COMPLETE,,cfn-eval-gt-check-2027c476f1,True,
d1f70c02ac3db22b19be15737923783dc89bec51500908793ef23288c8268c87,132,True,,True,CREATE_COMPLETE,,cfn-eval-gt-check-6b30eebc1c,True,
e46f5fea3600aab9e9c1d5b28180407aa22a2f8e3a3784abed8f3e3e6be123b6,137,True,,True,CREATE_COMPLETE,,cfn-eval-gt-check-9cf0e935cf,True,
118ac37eab0cb0c4e0af4af903023d7bd90340a0ae97125dd0e6b6d92846d1fa,138,True,,True,CREATE_COMPLETE,,cfn-eval-gt-check-d69218d198,True,
af9124a22ea0d28b00f7555302ef12496f31050d7ed309687c8b908db04f8c2a,140,True,,True,CREATE_COMPLETE,,cfn-eval-gt-check-96165d0a6b,True,
13f65f2bcf39afbb8a487a719477ed961806cc5ed61942e0bdf20f1b3556a2ac,141,True,,True,CREATE_COMPLETE,,cfn-eval-gt-check-bddb63e3b7,True,
1325bea90193162fb974067b450c4083fe7a18dee74495b7f571686b3b9a5746,144,True,,True,CREATE_COMPLETE,,cfn-eval-gt-check-a7615ee6a7,True,
fc4fc62a2d1f14ebc8d464065386bc19898c13e9f341cc7c6545d57c1886144f,145,True,,True,CREATE_COMPLETE,,cfn-eval-gt-check-0c8d8700e9,True,
36cbe4577ad011e193aeefda1215830e2255298edb7d4e7c27aac57bce620b86,147,True,,True,CREATE_COMPLETE,,cfn-eval-gt-check-555d434660,True,
cdb5134d1c33e78adb07dd1d7ec708aa221c8d52bad45ee6577c1047a8da0347,150,True,,True,CREATE_COMPLETE,,cfn-eval-gt-check-e32a29a258,True,
c6463785df62029afa0efbf11ca18f0dc50415c97d396fd1e0e1eba6284ce751,152,True,,True,CREATE_COMPLETE,,cfn-eval-gt-check-eb7146dbc0,True,
bd224f3ed330deddbbe4edfd6b046db53d7b7e466c315920565eee10cb6ba79f,154,True,,True,CREATE_COMPLETE,,cfn-eval-gt-check-c0ab683a67,True,
5dfc184c2ec3a3c968d0692ec54524efc5adbb9a0be78a049779d2ef35b98af6,156,True,,True,CREATE_COMPLETE,,cfn-eval-gt-check-2d4465616c,True,
fe0eb5c9c5f2ae112848ee2e1b5bc159a3380100338d07c6948e8285de86aa9b,159,True,,True,CREATE_COMPLETE,,cfn-eval-gt-check-fcbaa15921,True,
efd945488aa9e90407ff49c5203a784978900aaafd4048b03202e80bc12f118b,163,True,,True,CREATE_COMPLETE,,cfn-eval-gt-check-657edeece5,True,
bb548d9f0b619f05ebf569ee313115d7966f7861ff6198d80928f25d42d760a4,167,True,,True,CREATE_COMPLETE,,cfn-eval-gt-check-973458a2cc,True,
1b44c879c837784be19587d80a887e5dcc04bdd54c65e82d3b0433a1b29483f1,168,True,,True,CREATE_COMPLETE,,cfn-eval-gt-check-28ad0e192b,True,
6f5376a3e2e3642d517afe5f3a2899fa753dfcfeb14cd3132211e4277618831a,170,True,,True,CREATE_COMPLETE,,cfn-eval-gt-check-b98c9bf0a9,True,
f78eff4ba68a27538bca8f0b46fd196b82e26595713a78ce8fb687ca11d3a867,171,True,,True,CREATE_COMPLETE,,cfn-eval-gt-check-13f0741eb1,True,
472c1c8f318e69074c60f2c41748ea3b7258af6c9540713ce04dfa54745e2082,172,True,,True,CREATE_COMPLETE,,cfn-eval-gt-check-30b89a1ede,True,
6c3370be13ab431d10fd737c4f728ccaca28fa8b02947c322560d55b20a17066,176,True,,True,CREATE_COMPLETE,,cfn-eval-gt-check-2565687a13,True,
c82357d0ca0b1d972052f7e9b4f70aa4acb559482eb91ed3e154f889220fd6f4,178,True,,True,CREATE_COMPLETE,,cfn-eval-gt-check-c4efa6d904,True,
4e13444731c60980cfb3954bc261f7c347f36c7134e7508a3c4a8146a03ee2c2,181,True,,True,CREATE_COMPLETE,,cfn-eval-gt-check-8a98ec3d79,True,
98634849a02b32b4bc589bba3473015b2617f7ca0af0936802a3ba44ae28f5fe,182,True,,True,CREATE_COMPLETE,,cfn-eval-gt-check-35feb5afe9,True,
6de860c31d871a917f738e2af8e6f10d6c469f8535b7220f5f3e67156d0b1843,187,True,,True,CREATE_COMPLETE,,cfn-eval-gt-check-a962a70209,True,
964d13f1f2d584e10375d3325a7d94d10ffeaaf6858ebf2950820453252e70e8,188,True,,True,CREATE_COMPLETE,,cfn-eval-gt-check-f39081a2c8,True,
e8ca5994a81ef5429d01d6482742010349dc957702e8aed96379e68dfac883cb,192,True,,True,CREATE_COMPLETE,,cfn-eval-gt-check-dff984d8a2,True,
f79d283f98d43881e0c39e5778c5a2fb527ae15d5fd70f4f50a50912f777f647,195,True,,True,CREATE_COMPLETE,,cfn-eval-gt-check-5ba1db01c7,True,manually completed after DELETE_FAILED (Cognito deletion protection / S3 409 conflict / stale HostedZone state) -- confirmed DELETE_COMPLETE via describe-stacks 2026-08-22
d37e61958299971b282cb7a4f9780e5db231a7b667320fdebd2342d481535ed4,197,True,,True,CREATE_COMPLETE,,cfn-eval-gt-check-0af414f227,True,
7a177aed2a2f9edb32c67b5e491d1ef5bbe99149f4299003a81a37aaff8dc77a,198,True,,True,CREATE_COMPLETE,,cfn-eval-gt-check-d373206d40,True,
68922364073fa0ecfb5bd66ad04ee88c589a065f836388baf099f61e7941472b,199,True,,True,CREATE_COMPLETE,,cfn-eval-gt-check-f170545b09,True,
2f22ee1dd49f182e263ebcd58c96a5a7f55dbbe265b870975575c5126d445728,201,True,,True,CREATE_COMPLETE,,cfn-eval-gt-check-85c381ea8a,True,
31c283652f4bc5fb3e3e9fee45b631cdd6aef91f71bad9daad91a9be3e59cda7,204,True,,True,CREATE_COMPLETE,,cfn-eval-gt-check-f9bdd3e58f,True,
bb40f1e4168882cbca68bc8b45a4c72044325b3eaa4cbc6e6b1fbf2240048117,205,True,,True,CREATE_COMPLETE,,cfn-eval-gt-check-175a3ee1cc,True,
9a91e725f2405c9aac6c4e71aedbc7e46f709a19a450575343ae57af0a42bcb6,208,True,,True,CREATE_COMPLETE,,cfn-eval-gt-check-6bd3c4dff2,True,
46e90e65d40d074bbc58bf684a61f29b1939245d34fb3c648f9d78ea10d5ec9a,211,True,,True,CREATE_COMPLETE,,cfn-eval-gt-check-03ec11a29c,True,
bde14a2fd49b51ec2e85d9b4f521d47dc428300674db85a58fa14cce86bdc839,212,True,,True,CREATE_COMPLETE,,cfn-eval-gt-check-fdf09a1f6e,True,
f00e9416cf39fd4d192843bd772357d72b3eed9ca04ec37494e48b9fce5266a6,213,True,,True,CREATE_COMPLETE,,cfn-eval-gt-check-dc10886347,True,
26b3a4baef07f46055dcae0f291cd4c55954489d1157296007ff4f56e8a054a0,219,True,,True,CREATE_COMPLETE,,cfn-eval-gt-check-90a34d5964,True,
aaa19e5f3a272d98ba02740c9ae10ca3debca6a48186c35a220d7159b00212d1,223,True,,True,CREATE_COMPLETE,,cfn-eval-gt-check-cede0fc05e,True,
3c54e6bc143cf21288558af4b3798e39a8c3abe850b9364816039d0927d63f6c,225,True,,True,CREATE_COMPLETE,,cfn-eval-gt-check-e60ca6d0be,True,
b31148cbd76d8c311810875a6585ac56e646998d88630fef4f6583c9e8772321,231,True,,True,CREATE_COMPLETE,,cfn-eval-gt-check-410e3c1efb,True,
17410301db42330e466fb820730042467cd92ebab228768d7bd02fb756a8409b,232,True,,True,CREATE_COMPLETE,,cfn-eval-gt-check-7dd89e0a8f,True,
4208e6fb49d0e2ced6a787dcae8a53f866544d8d649f1f4221f59a9316d35a21,235,True,,True,CREATE_COMPLETE,,cfn-eval-gt-check-078efca8bc,True,
683b7322540cb169c7846cc33fd04d5ac274aacc6e4e74328b594427bebafec7,238,True,,True,CREATE_COMPLETE,,cfn-eval-gt-check-8cceb4f786,True,
674c2579fd62625f034f522e56ef7d6f7ee5ea17710a427e3d8528c6a951bb4d,239,True,,True,CREATE_COMPLETE,,cfn-eval-gt-check-62987f7dd9,True,
5620bfdaa233a1c981e44278e6692ab0b18155e25fcb644e9b68415e251f87eb,240,True,,True,CREATE_COMPLETE,,cfn-eval-gt-check-a9629ad929,True,
7cedd3b353f3ad9034dbaec3181d2df430b4ea078de8edc571970052079c7f91,241,True,,True,CREATE_COMPLETE,,cfn-eval-gt-check-71acdda84e,True,
a7de92ed4281a2ddf1514c10ae584903f984645bf4b7273e430c948c705af1a0,242,True,,True,CREATE_COMPLETE,,cfn-eval-gt-check-388f26a56f,True,
6ff3a4d18bd3f8f3f0257c5db45f8326726e0be3c76217bcd35dee1e8012ec72,244,True,,True,CREATE_COMPLETE,,cfn-eval-gt-check-1d529d8d4c,True,
3a7e695c0c813e664846b98f971dfc61cc21baa8391bddc0177655ccbf436e37,245,True,,True,CREATE_COMPLETE,,cfn-eval-gt-check-f5301d955e,True,
dc610bf12693fdd440a604f5a0ed411c3bfcf4c4a2a2dd6ac2a243fe66a35f22,248,True,,True,CREATE_COMPLETE,,cfn-eval-gt-check-2464dada54,True,
8112ba7384b1a9a685d2d7e974ea19a0be3814885654d31d64461e7e7e883529,250,True,,True,CREATE_COMPLETE,,cfn-eval-gt-check-d87996577b,True,
b232c95d39f8517cba2f77c2e1e063ec537118bb94943973f87831b975f95b48,252,True,,True,CREATE_COMPLETE,,cfn-eval-gt-check-73aa5a68de,True,
d4386ac206d8734f813cda564ab231146023587f98798da67c236bcc882c9416,254,True,,True,CREATE_COMPLETE,,cfn-eval-gt-check-d1c9db6986,True,
e6437a5c854224ed760c0e781f930f85050f1952df90a8ab831e4dbfa9ba9762,257,True,,True,CREATE_COMPLETE,,cfn-eval-gt-check-b4eac10252,True,
4430eeaa04f887f3ca1cfedbaeff835f88d885cc268edc53e9ebd8ff272d5bfc,259,True,,True,CREATE_COMPLETE,,cfn-eval-gt-check-43ec7a39bb,True,
4a72338f962d1cbc7176107fc3e3a6a66746c2f4a035fd0693ae64364cd3028c,260,True,,True,CREATE_COMPLETE,,cfn-eval-gt-check-71fcc1447d,True,
908adda7f52591a39bad9b303062f2a9f7af58fef135200dfa867c915fc5c044,261,True,,True,CREATE_COMPLETE,,cfn-eval-gt-check-05769929a1,True,
49ec39212fbf619714496bafbae1b6e78fe31c406d22259d9797e4c098a29a19,263,True,,True,CREATE_COMPLETE,,cfn-eval-gt-check-2180553674,True,
4354b800986fc83cdaf82bb45824e0a7b4df741810ad0aaff63055a2b551d417,268,True,,True,CREATE_COMPLETE,,cfn-eval-gt-check-dd1cce0235,True,
70765dcba2ff0b78356e49fa28b4e14c822d310ea5653f5bb4b4308368825edf,269,True,,True,CREATE_COMPLETE,,cfn-eval-gt-check-0b71f85482,True,
654eaab83570ca80a3a514c980a485afcedcb9034315c54cdf754a13ad6aac45,275,True,,True,CREATE_COMPLETE,,cfn-eval-gt-check-a99486dd4c,True,
d5afe31b0de55bdd096af4a6c4d3cef0fb77a60580e658f48299e95afe61b7f2,276,True,,True,CREATE_COMPLETE,,cfn-eval-gt-check-7f51a06842,True,
173e011b15fa05242924044047b9be9e25d21410c7220f7cce08f6d9e2f6aa21,280,True,,True,CREATE_COMPLETE,,cfn-eval-gt-check-636ee71efa,True,
eb7d15fabf9a67c088196a2291ecf4be30c80ada80ee847a7571c8f36ac8fcf0,285,True,,True,CREATE_COMPLETE,,cfn-eval-gt-check-c999c0ef48,True,
7f41c04ed6270e452b904042e8b729217051e3d35cd3ad122aa11a71571ba3a5,288,True,,True,CREATE_COMPLETE,,cfn-eval-gt-check-873beadb3d,True,
494ee9c52a67a888ee4af3aed728fb573c8793ec5c07be3a77dfefba54f64aef,289,True,,True,CREATE_COMPLETE,,cfn-eval-gt-check-33a8bbff58,True,
63d5d52ae7770a6db16b28b0ec31178e0bcb8fbadad8318af06c2c1a7d470ac1,296,True,,True,CREATE_COMPLETE,,cfn-eval-gt-check-5a014b7f8b,True,
3af9914292af96321e327fd1582ed3558a499cb09cf1162e2b3c003087bb8e48,299,True,,True,CREATE_COMPLETE,,cfn-eval-gt-check-7090779728,True,
b9f5978743bb98887bb5c80225febac7bad6fc9ab61a33a842102403f62a5ef6,300,True,,True,CREATE_COMPLETE,,cfn-eval-gt-check-18b07d6b2f,True,
1dec4f8d10059dd4b729a4dbcb019e6b5f6c63ae87c606a6da4b754bf92be4fe,301,True,,True,CREATE_COMPLETE,,cfn-eval-gt-check-f5dadb322e,True,
af0e2ebc6745822ec788cc3645d696356dd0ef14b7c478851fefab40ec40a261,305,True,,True,CREATE_COMPLETE,,cfn-eval-gt-check-1c7d8d5c1e,True,
25450eee02b504a8d38efeb74de0752f5fb7df4c99de1fad7dd4522363c30b79,310,True,,True,CREATE_COMPLETE,,cfn-eval-gt-check-61fa1946b5,True,
86029bc0ac96bdd77a81a4b5a8604adc336bedbaf60e0e25fd3efd589a006b4c,311,True,,True,CREATE_COMPLETE,,cfn-eval-gt-check-96405d915d,True,
002fcc69fb420a42170d25f8447926471492723c4d1c8fdc3d2b7bd7ff0388c8,314,True,,True,CREATE_COMPLETE,,cfn-eval-gt-check-ff2a1d4602,True,
b4460fab93fbb113fa20bcbefc966b8149a251602999301a976c741a9d02acc1,318,True,,True,CREATE_COMPLETE,,cfn-eval-gt-check-7065234812,True,
c7695ca3a6af4c259c0bdfe4303827534fc6802c928b84eb3a65a5d32bc839bc,320,True,,True,CREATE_COMPLETE,,cfn-eval-gt-check-9163d1900b,True,
8c2f97dd21f4a5752755f62c06e4d5b197ec26d3c101864a991d262d475ff939,324,True,,True,CREATE_COMPLETE,,cfn-eval-gt-check-3203780ac5,True,
71716a52894acb01c45f82e5d30a3a810926076ba11040b2943c026559baf48b,331,True,,True,CREATE_COMPLETE,,cfn-eval-gt-check-9810329ef9,True,
cb9d39eb563f3eec8c0489734901de82ee3446a2e4222e86f7399d108b07d6ea,333,True,,True,CREATE_COMPLETE,,cfn-eval-gt-check-54a08b3e2c,True,
a7920cda9d1a153ec33b40768a9763a57a851032ff07b2795fd6eb76fd9e9b65,337,True,,True,CREATE_COMPLETE,,cfn-eval-gt-check-b8182b52de,True,
d70bfbdbb6d3619244495f1178bfc7c16a52f1e6c4f3723e61f7f98274e767c1,339,True,,True,CREATE_COMPLETE,,cfn-eval-gt-check-7eaadbab75,True,
2418eafabf5d6bb82f60a52b3e841eaca83438a1eb5f9175b4a0a981273e0cd7,343,True,,True,CREATE_COMPLETE,,cfn-eval-gt-check-4c82b2ae9f,True,
659bcab24e936924e618784110015d30edc19bf0edd3c099ff804c8c88df83a3,345,True,,True,CREATE_COMPLETE,,cfn-eval-gt-check-6615296197,True,
8fd24ee5d6854290599b7111e412884f42facc4ac2bfe15005ea1eb760101672,346,True,,True,CREATE_COMPLETE,,cfn-eval-gt-check-3d0c647361,True,
3bfed8644b4e11b953d9e53c3a4a88586e2705f308c39567b2b1d84ac9e60f06,347,True,,True,CREATE_COMPLETE,,cfn-eval-gt-check-acce158613,True,
fd7f683f2bb38cf83db80a0caf53f2a1adced97b670c83dfd30213a1f9d8160e,349,True,,True,CREATE_COMPLETE,,cfn-eval-gt-check-7bdc62d519,True,
912cce7a03d3181cc5c51d6f403cd200b7f231cc6cce9241bdad5e80359471ff,350,True,,True,CREATE_COMPLETE,,cfn-eval-gt-check-5287bbce74,True,
fe5f80292c90a96b6f38ef1ddd636dbd88cea5938584cdd92a68c984be1f079f,353,True,,True,CREATE_COMPLETE,,cfn-eval-gt-check-f99be19ca2,True,
efa3176ab4b4387e4d31caadb89a5c1e0a7a6ac9de3ba4dff70b718eeb924b36,354,True,,True,CREATE_COMPLETE,,cfn-eval-gt-check-41fb018700,True,
9873a117a1335fa3731ee204d30c01d6ba78d8c6d5a86ee1a74eaa6a762613f7,355,True,,True,CREATE_COMPLETE,,cfn-eval-gt-check-352acef0ba,True,
25d7ebbfcc8c9d1bfe80ab6b684c1e677fef6c3b7d8e52c4f5e09f70a98b207d,356,True,,True,CREATE_COMPLETE,,cfn-eval-gt-check-4b459bb492,True,
978a1bcec657e1b58cebcc27630c87b395e2d4e6a3f7c2ba9a8676a635ceab52,357,True,,True,CREATE_COMPLETE,,cfn-eval-gt-check-34b3897550,True,
1a26a3d6d14c1ec76fc5b11cd56e43e94a4c5b0d130f7d921436e52e209c7217,358,True,,True,CREATE_COMPLETE,,cfn-eval-gt-check-ad3de9449d,True,
f5598fde55e99514c0d8695f288c7765ed8caadc8223552dc2341b2e4091e8d2,359,True,,True,CREATE_COMPLETE,,cfn-eval-gt-check-b05f60a28e,True,
8bf436022c773b8b2c144c76bfd4453998a8067b315f75962eb85d5898b886e9,361,True,,True,CREATE_COMPLETE,,cfn-eval-gt-check-547bbba465,True,
2a64c422b45c32cc2246b81e5745b7757d028a2a695724ab4958c2430918c3a6,363,True,,True,CREATE_COMPLETE,,cfn-eval-gt-check-71cecb8604,True,
bd3813bce0b9e9abdf3a6c8e55d141627d9a4f812684cff2ac9dd33f1b2f0e68,365,True,,True,CREATE_COMPLETE,,cfn-eval-gt-check-661513f0aa,True,
c1f9acc74497bd1a8c28fcdfa372217a075ea96d544fd451b7a1fd1e02921045,367,True,,True,CREATE_COMPLETE,,cfn-eval-gt-check-48261c8fd1,True,
5f945a72c5c6ba6c41695051792c69ed3a1879ef1729b9b73e5569393de73146,368,True,,True,CREATE_COMPLETE,,cfn-eval-gt-check-0c95c6d6b0,True,
d7c37323c10142c0e7dce7059099c800ecb47abc09868cdfab8829a2521a3342,369,True,,True,CREATE_COMPLETE,,cfn-eval-gt-check-27764b4e4a,True,
404d18a822cb7fc2e684a9bf50301e9a2972fd3849edb0f5985f6b9d959be5fc,370,True,,True,CREATE_COMPLETE,,cfn-eval-gt-check-91b1d9c74e,True,
63e9c7b89436afb983f19bea820fb57a315f1d2d09c3c1990ce4d6f331a7a4eb,371,True,,True,CREATE_COMPLETE,,cfn-eval-gt-check-5ecf6c648a,True,
8db01cb21de83f9ba4d772d74be0043e2b4806ad741b4320da109c7ed14bcca3,372,True,,True,CREATE_COMPLETE,,cfn-eval-gt-check-046dd4844a,True,
c82fc537c5b3378cc70e57e82ff9d857499ad486b261c5f9e719efb6f605c089,373,True,,True,CREATE_COMPLETE,,cfn-eval-gt-check-d298865d59,True,
b19147c6fe5d99349b267b47f633c0c7104c8c8a5a9803b5dac8170c513d7335,374,True,,True,CREATE_COMPLETE,,cfn-eval-gt-check-d302cada08,True,
7842c115dfe700e0afdba437525f604a45680740b583805f395e799070284ead,7,True,,True,CREATE_COMPLETE,,cfn-eval-gt-check-f1f5fd9339,True,
5abfa90471415e0ebbcf8889f32968b8e00905cd6b2352f6c33539a897cc2948,165,True,,True,CREATE_COMPLETE,,cfn-eval-gt-check-deae9f7dfe,True,
4b13889fddc069f6d966259c3bb3f595555f8349b8f3e5ef4c36c2ccba92f315,227,True,,True,CREATE_COMPLETE,,cfn-eval-gt-check-06c73822c1,True,
568791fa50c98f323ce171ae33371ec9355230f8e35747ec16645b626753811f,13,True,,False,ROLLBACK_COMPLETE,ROLLBACK_COMPLETE: no StackStatusReason or FAILED resource event found,cfn-eval-gt-check-1020aca756,True,
c291d2d1b3bf9bda00afa9110413ef34a1cfcd9caffc299371fd0a78d94e0df4,17,False,"aws: [ERROR]: An error occurred (ValidationError) when calling the ValidateTemplate operation: [/Resources/cluster/Condition] 'null' values are not allowed in templates

Additional error details:
Type: Sender",,skipped,validate_failed,,,not_attempted
77376c489e9b0992c303d5a0f94076ee5417a1387e45c64e57dfea08b3c8175c,22,True,,False,ROLLBACK_COMPLETE,"RAMForIPAM: Resource handler returned message: ""Principal ID is malformed. Verify the ID and try again. (Service: Ram, Status Code: 400, Request ID: 6a355deb-ce0b-41cd-ad22-bc0cc545eb91) (SDK Attempt Count: 1)"" (RequestToken: 1904eb9d-ee08-7837-b3b7-ccc95fe9204b, HandlerErrorCode: InvalidRequest)",cfn-eval-gt-check-b118f80851,True,
3f937485fa37e4ff26cfc7957bcd2c0a6c7b1ef46c4d8f8049f5170b3a979ea0,23,True,,False,ROLLBACK_COMPLETE,"AmazonGrafanaWorkspace: Resource handler returned message: ""SSO is not enabled in any region. (Service: Grafana, Status Code: 400, Request ID: 8e26f9e7-ba86-4443-941a-530a042172d0) (SDK Attempt Count: 1)"" (RequestToken: 25b5be1b-1684-9afe-2efa-f4ac2a8412f5, HandlerErrorCode: InvalidRequest)",cfn-eval-gt-check-f671cf5f0d,True,
5a6a3f12fdff68fa66ddc7ac1e3f96f03ab250207ce43d13f1d38c7ab10afb13,25,False,"aws: [ERROR]: An error occurred (ValidationError) when calling the ValidateTemplate operation: Template format error: Unrecognized resource types: [AWS::DeviceFarm::DevicePool]

Additional error details:
Type: Sender",,skipped,validate_failed,,,not_attempted
b8e879b3b0c5eaebf03eab71adde53905e809708ef27476fd7fe93c9133701ff,36,True,,False,ROLLBACK_COMPLETE,"MediaPackageV2Channel: Resource handler returned message: ""Resource of type 'AWS::MediaPackageV2::ChannelGroup' with identifier 'channelGroup/dev_video_1' was not found."" (RequestToken: a9c8d677-83ad-4717-2acb-8ca102901df5, HandlerErrorCode: NotFound)",cfn-eval-gt-check-2d65c9b098,True,
bb426b68ced53f31320ef9f78f9bea79182706177f5096502ff7baa0d68d32f7,41,True,,False,ROLLBACK_COMPLETE,"WebAcl: AWS WAF Classic (v1) support will end on September 30, 2025. Effective May 1st, 2025, the creation of new WebACL v1 is no longer permitted. (Service: AWSWAF; Status Code: 400; Error Code: WAFBadRequestException; Request ID: 0e5ccd54-9ab6-4527-a13e-0772eb335112; Proxy: null)",cfn-eval-gt-check-ff0373e004,True,
7b20bec28f92ba3fd532bb229cd6f86e1b20bfb2de2f574e819d47171a2d45ff,48,True,,False,ROLLBACK_COMPLETE,"KMSKey: Resource handler returned message: ""Policy contains a statement with one or more invalid principals. (Service: Kms, Status Code: 400, Request ID: 1a22c087-76c1-436d-9c07-0c1df3efa47b) (SDK Attempt Count: 1)"" (RequestToken: 24612f89-f308-64ee-5ae8-ab15dd1cfdc5, HandlerErrorCode: InvalidRequest)",cfn-eval-gt-check-347b0ed923,True,
b627e39433caac316c4140d33a9166c2233b3f77d776f0ea7b791d59968b08f9,49,True,,False,ROLLBACK_COMPLETE,"myResourceShare: Resource handler returned message: ""Principal ID is malformed. Verify the ID and try again. (Service: Ram, Status Code: 400, Request ID: 5b1742a7-a092-46c5-b7fe-fca983d8f3d0) (SDK Attempt Count: 1)"" (RequestToken: afc72d32-c935-c555-16e8-b02608fa9969, HandlerErrorCode: InvalidRequest)",cfn-eval-gt-check-edab2b2a31,True,
92dc9c15dcdbf2c669482c2729d6a10f72fcceb8d1317970ab3b16c07fe3189a,50,True,,False,ROLLBACK_COMPLETE,"MCPToolFunction: Resource handler returned message: ""Source image mcp-tool-lambda:latest is not valid. Provide a valid source image. (Service: Lambda, Status Code: 400, Request ID: 854e11a4-c23f-4066-a662-31d649d109ca) (SDK Attempt Count: 1)"" (RequestToken: 297449b4-5b9e-bcca-57ae-d5722ae02461, HandlerErrorCode: InvalidRequest)",cfn-eval-gt-check-d559e22b2c,True,
6315628c6275582770cc78b34361e389bc03cfe6c3839f084cae178dab0d6935,54,True,,False,ROLLBACK_COMPLETE,CognitoIdentityProviderGoogle: Secrets Manager can't find the specified secret. (Service: AWSSecretsManager; Status Code: 400; Error Code: ResourceNotFoundException; Request ID: 92ae4403-a65c-4ddd-a585-90a9fd30e70e; Proxy: null),cfn-eval-gt-check-1b29b141af,True,
38bfd2917e0646d1930637404b70fd14b872e2e464b7b1cf8cdd04179c1a97d9,62,True,,False,ROLLBACK_COMPLETE,"Image: Resource handler returned message: ""Error occurred during operation 'Workflow Execution ID: 'wf-b353e639-0adb-421b-92c0-9f295f2905fb' failed with reason: An error occurred (VPCIdNotSpecified) when calling the RunInstances operation: No default VPC for this user. GroupName is only supported for EC2-Classic and default VPC. in workflow step LaunchBuildInstance'."" (RequestToken: 25557d76-c7bf-49e9-4caf-f89bb3cef70a, HandlerErrorCode: GeneralServiceException)",cfn-eval-gt-check-4772751511,True,
8b6f1ed74d1b5e30847981abc419650cf36b36888c23b87f73acacaab323961e,63,True,,False,ROLLBACK_COMPLETE,"EndpointGroup: Resource handler returned message: ""Invalid Endpoint Group region  (Service: AWSGlobalAccelerator; Status Code: 400; Error Code: InvalidArgumentException; Request ID: e4421a06-b83e-483f-b0a9-3498f0d6db9e; Proxy: null)"" (RequestToken: 12384e38-8aae-3d1f-1343-de4062ede6c8, HandlerErrorCode: GeneralServiceException)",cfn-eval-gt-check-4ec5c11db8,True,
863cc16eba5fb1d8fdb2ce3980ef5e893e8a25504fee000f10651aeae7928ccb,74,True,,False,ROLLBACK_COMPLETE,"CacheCreationTokenMetricFilter: Resource handler returned message: ""The specified log group does not exist. (Service: CloudWatchLogs, Status Code: 400, Request ID: 2590eb49-a9bc-430d-958c-6d47a532f263) (SDK Attempt Count: 1)"" (RequestToken: 7901c21c-7b64-f719-1894-a2023e55d535, HandlerErrorCode: NotFound)",cfn-eval-gt-check-dacede1514,True,
630ff7b1f0df6f405fb2b2e3ba0469b80d8297a8a0c2d537f45181f6e21a8019,90,True,,False,ROLLBACK_COMPLETE,"ConfigurationAggregator: Resource handler returned message: ""Invalid request provided: The AWS Config resource cannot be created because you are not a member of an AWS Organization. (Service: Config, Status Code: 400, Request ID: 404601f7-2246-4283-9307-4e699a32ede6) (SDK Attempt Count: 1)"" (RequestToken: e0a181cc-5397-d92d-23af-3337ee75c35c, HandlerErrorCode: InvalidRequest)",cfn-eval-gt-check-ea399195ec,True,
7f9d7aec6ba6e26540074c0b7377d788ce4e3e8e824a8cc4004f617c1a80f14f,92,True,,False,ROLLBACK_COMPLETE,"HyperPodCluster: Resource handler returned message: ""Limit exceeded for resource of type 'AWS::SageMaker::Cluster'. Reason: ResourceLimitExceeded"" (RequestToken: 32668b1a-c2c4-ea83-e967-5eb2813a9ac8, HandlerErrorCode: ServiceLimitExceeded)",cfn-eval-gt-check-a6a881a877,True,
82cca84a4331dd269296e10796e6e8a37e1f0f69201e95d7429dd5a660cbf5d4,99,True,,False,ROLLBACK_COMPLETE,"EnableChangeManagerVPCFlowLogsCF: Resource handler returned message: ""Invalid request provided: In step EnableChangeManagerVPCFlowLogs, python3.8 is not a supported runtime. (Service: Ssm, Status Code: 400, Request ID: dc87f691-b011-44a4-9f79-8331fec4e6dc) (SDK Attempt Count: 1)"" (RequestToken: 6369e81c-b8f0-9d1f-b013-9063444b897a, HandlerErrorCode: InvalidRequest)",cfn-eval-gt-check-2e7c4911f1,True,
493b60bc13f9967db9a214d89b4e12a0cc8e727f7a4ff25638e981a6e147a5e5,119,True,,False,ROLLBACK_COMPLETE,"BeanstalkEnvironment: Resource handler returned message: ""No Solution Stack named '64bit Amazon Linux 2017.09 v2.6.4 running PHP 7.1' found. (Service: ElasticBeanstalk, Status Code: 400, Request ID: faab69b1-b549-4b29-8c41-5b53019bde93) (SDK Attempt Count: 1)"" (RequestToken: 89a067ce-9336-30b7-7a68-8968977ca641, HandlerErrorCode: InvalidRequest)",cfn-eval-gt-check-9c7dc0d4ec,True,
8f8e80e44bcb9186e357f56ff4211faa8716e3b198b4964aaab9ab2c6b9aadea,123,True,,False,ROLLBACK_COMPLETE,"CustomDocumentProcesses: Resource handler returned message: ""Invalid request provided: Parameter ""linuxDbProcessNames"" is not declared. (Service: Ssm, Status Code: 400, Request ID: e69000ab-a25f-4996-beef-72b85f3c5b63) (SDK Attempt Count: 1)"" (RequestToken: ba4863c3-2eed-4836-baf9-cd79b7d6f6a7, HandlerErrorCode: InvalidRequest)",cfn-eval-gt-check-5cfe12138b,True,
d31d2e5f92a4313a7a0bcb714e295b9caef21fb57dc49cc3e542ab7b4528fe86,125,True,,False,ROLLBACK_COMPLETE,"SecurityHub: Resource handler returned message: ""Account is already subscribed to Security Hub (Service: SecurityHub, Status Code: 409, Request ID: 2a3ef1da-ffa9-4619-bc2d-d1426e2733bd) (SDK Attempt Count: 1)"" (RequestToken: 644eaf79-2003-0541-66d7-535eda3478a0, HandlerErrorCode: AlreadyExists)",cfn-eval-gt-check-d0bdece689,True,
6ece4984ff02e2cfb51b91e315a19d3c92972bb8b2d55501c3583c12743f7830,135,True,,False,ROLLBACK_COMPLETE,"ColorRoute: Resource handler returned message: ""Mesh with name demo is not found under account 386347569109 (Service: AWSAppMesh; Status Code: 404; Error Code: NotFoundException; Request ID: 93e5dc9a-50be-4031-b6b3-6eff58372682; Proxy: null)"" (RequestToken: 4bf962e5-a48b-48a5-9bb3-3c6c0e1412cd)",cfn-eval-gt-check-3d1c76c59a,True,
3769783f8254091431e00329286744558014d22ac9216ab08c8f8f86e71961d4,148,True,,False,ROLLBACK_COMPLETE,"SageMakerStudioInternetOnlyDomain: Resource handler returned message: ""Invalid request provided: 1 validation error detected: Value '[subnet-xxxxx or subnet-1xxxx, subnet-2xxxx, subnet-3xxxx]' at 'subnetIds' failed to satisfy constraint: Member must satisfy constraint: [Member must have length less than or equal to 32, Member must have length greater than or equal to 0, Member must satisfy regular expression pattern: [-0-9a-zA-Z]+, Member must not be null]"" (RequestToken: e2125131-6017-5e38-c99d",cfn-eval-gt-check-6a83b72019,True,
e1ad754f661a98e70e3ef605482300c9691dfaea5951a0cf0705e971e7a40b67,149,True,,False,ROLLBACK_COMPLETE,ROLLBACK_COMPLETE: no StackStatusReason or FAILED resource event found,cfn-eval-gt-check-5e87690fa2,True,
d6f7366bd26acb5c46b584cb48c9c7ebec8a3020c013368a5ddb301ea65bfb53,153,True,,False,ROLLBACK_COMPLETE,"EMRSecurityConfiguration01: Resource handler returned message: ""Invalid security configuration; object has missing required properties: [EnableAtRestEncryption, EnableInTransitEncryption]. (Service: Emr, Status Code: 400, Request ID: eb1589a4-7e38-4fd8-a78b-5d3f92df3818) (SDK Attempt Count: 1)"" (RequestToken: 5390de3e-758d-720b-1b44-f74aef6e061f, HandlerErrorCode: InvalidRequest)",cfn-eval-gt-check-00a3f64e18,True,
15f3769bdc2b13c18538196b7464ff15b8d80d640a80d006797293c8a2406a0d,161,True,,False,ROLLBACK_COMPLETE,"CloudtrailConfigChangesAlarm: Resource handler returned message: ""Invalid region aws-region specified. Only us-east-1 is supported. (Service: CloudWatch, Status Code: 400, Request ID: b66b638a-a5d8-44ec-99aa-68f0f379efc2) (SDK Attempt Count: 1)"" (RequestToken: 501b03e7-4533-b74f-309f-8a0a4a07509a, HandlerErrorCode: GeneralServiceException)",cfn-eval-gt-check-066f08a425,True,
c13b09d949006a411e55c84a3cfd7550bf397ac9d1ea682aed3202ae3ec387fd,164,True,,False,ROLLBACK_COMPLETE,"ImageX86: Resource handler returned message: ""Error occurred during operation 'Workflow Execution ID: 'wf-9fd36995-5372-4aab-91be-167f642aecfc' failed with reason: An error occurred (VPCIdNotSpecified) when calling the RunInstances operation: No default VPC for this user. GroupName is only supported for EC2-Classic and default VPC. in workflow step LaunchBuildInstance'."" (RequestToken: f102b831-56b7-0d42-41e2-50380787ef92, HandlerErrorCode: GeneralServiceException)",cfn-eval-gt-check-a6433decda,True,
a3ce3300722ee2fba52701b479463c639f537edcb4331931a8c83365910f699f,177,True,,False,ROLLBACK_COMPLETE,"PolicyStore: Resource handler returned message: ""Invalid input (Service: VerifiedPermissions, Status Code: 400, Request ID: 36991d3c-49d5-4c10-9bae-3d3ccd84e577) (SDK Attempt Count: 1). At /schema: unknown field `name`, there are no fields."" (RequestToken: b6c89fd8-9d2d-c4a7-53bf-af55a853f860, HandlerErrorCode: InvalidRequest)",cfn-eval-gt-check-a3313bad9b,True,
5f3317493da71f3073147c1e34d84dfef80c4717406c7d7ae9d6a0a70a5d2fec,185,True,,False,ROLLBACK_COMPLETE,"MySSMDocument: Resource handler returned message: ""Invalid request provided: Unknown plugin name: aws:runCommand (Service: Ssm, Status Code: 400, Request ID: 332d30c3-f9dc-4ea6-b2b4-37eec9bc7c97) (SDK Attempt Count: 1)"" (RequestToken: 53355cbe-4763-9350-7510-3878b931c17c, HandlerErrorCode: InvalidRequest)",cfn-eval-gt-check-ac5f88dabb,True,
227ac0e6dc00d330a68e0a17b281643c5cdf8d9398766d8613371bd471434a09,190,True,,False,ROLLBACK_COMPLETE,"ConformancePack: Resource handler returned message: ""Access denied for operation 'PutConformancePack'."" (RequestToken: 2b65b233-a7de-4d0e-a26d-f6f83b058ad6, HandlerErrorCode: AccessDenied)",cfn-eval-gt-check-2df45fc31e,True,
a7ca312257f1136bcdbad28c289430daca84f20a5767cf86a3b1cb70eabe176e,191,True,,False,ROLLBACK_COMPLETE,"GrafanaWorkspace: Resource handler returned message: ""SSO is not enabled in any region. (Service: Grafana, Status Code: 400, Request ID: ef4ea08c-9e3e-42b5-8c4a-da8396929791) (SDK Attempt Count: 1)"" (RequestToken: 3db65dd7-ae59-fdaa-6157-b7937ce5b8e2, HandlerErrorCode: InvalidRequest)",cfn-eval-gt-check-1908cad4f7,True,
c8f78d9097b5bd18a2f47bbf50fecfcb10b75243071ffc9b41d60237a9561f63,202,True,,False,ROLLBACK_COMPLETE,"DomainCertificate: Resource handler returned message: ""Invalid request provided: Certificate validation failed with status: FAILED"" (RequestToken: 5428a598-fa2b-bc47-bb00-ee96bf36d046, HandlerErrorCode: InvalidRequest)",cfn-eval-gt-check-6f4deb85dd,True,
744f9cb2eb095ee1570a6cd2775ca6c75c40fb3d5207bdd72e8ba9e19b1579b9,207,True,,False,ROLLBACK_COMPLETE,ROLLBACK_COMPLETE: no StackStatusReason or FAILED resource event found,cfn-eval-gt-check-ca915639f7,True,
8e82f9c4e74797d7eff7cef2cd11c972a47e793ca6062013a91c3a5c11b31f97,215,True,,False,ROLLBACK_COMPLETE,ROLLBACK_COMPLETE: no StackStatusReason or FAILED resource event found,cfn-eval-gt-check-11dbc66d63,True,
7b4d788f4988926bc1944096609f87f4c7616d250d0d44c88e79b51844af1aad,224,True,,False,ROLLBACK_COMPLETE,"ChildApi: Resource handler returned message: ""Redundant fields [name=""child"", protocolType=""HTTP""] provided when either Body or BodyS3Location is not empty (Service: null; Status Code: 0; Error Code: null; Request ID: null; Proxy: null) (Service: null; Status Code: 404; Error Code: BadRequestException; Request ID: null; Proxy: null)"" (RequestToken: f407e428-af29-9a46-e9a5-5603aceb29e7, HandlerErrorCode: GeneralServiceException)",cfn-eval-gt-check-6309867653,True,
ebe9aaed00524a0b344956d41a7112f61fca1b1f7930171740469952a1bac013,228,True,,False,ROLLBACK_COMPLETE,"Project: Failed to call CreateWebhook, reason: Access token not found in CodeBuild project for server type github (Service: AWSCodeBuild; Status Code: 400; Error Code: ResourceNotFoundException; Request ID: a148ce73-0857-4253-a98c-c82a7f5df2c1; Proxy: null)",cfn-eval-gt-check-cc50a324ad,True,
fdcd5c5f58a1b0ca963db110d3eafddf7bb5ffc3b3782703f1f59f1e53e0c0fb,233,True,,False,ROLLBACK_COMPLETE,"ProductionAccountSCP: Resource handler returned message: ""Your account is not a member of an organization. (Service: Organizations, Status Code: 400, Request ID: 3dda4bbc-07b7-4e7d-9ea5-6adca98f959e) (SDK Attempt Count: 1)"" (RequestToken: c0c7658f-c09e-f7fe-4743-a4e2c7eb41ce, HandlerErrorCode: NotFound)",cfn-eval-gt-check-207cbfc50c,True,
5ffb415f409b3112ac1ddc4deb476f24c41c7716de0ac87a09a2acf786c8dbf0,234,True,,False,ROLLBACK_COMPLETE,"ResourceVersion: Resource handler returned message: ""Activated types can't be registered (Service: CloudFormation, Status Code: 400, Request ID: 99c4d432-fd2a-43ac-90f4-e95c91221926) (SDK Attempt Count: 1)"" (RequestToken: 26afbae1-7864-36e0-c8a8-9bb6222f6ecb, HandlerErrorCode: InvalidRequest)",cfn-eval-gt-check-a6dff5fe3d,True,
620daf8f76a87b70e33d84288267d7527715c7602ae149ee8d777ec012e4a258,236,True,,False,ROLLBACK_COMPLETE,"CognitoAuthorizer: Resource handler returned message: ""ProviderARNs need to be valid Cognito Userpools. Invalid ARNs-
xxxxxxx (Service: ApiGateway, Status Code: 400, Request ID: fc8e7673-c5cf-422a-b69f-eab791521051) (SDK Attempt Count: 1)"" (RequestToken: 019a613e-f54a-2536-685c-b8396735174e, HandlerErrorCode: AlreadyExists)",cfn-eval-gt-check-568fa58d34,True,
1479fd6c3ba16b3b2155060ff9a6e3a8e5fe5a604e2c1c79245e05f018c2b3e4,237,True,,False,ROLLBACK_COMPLETE,"cfn-eval-gt-check-33d322b5b6: Validation failed with 1 error(s). Call DescribeEvents to retrieve the full list of issues with resource and property details, resolve each error, then retry the operation.",cfn-eval-gt-check-33d322b5b6,True,
ffd26d878650a50a757579e593a2b992ff9e6d0ba448a43aced2e1829f72feae,249,True,,False,CREATE_IN_PROGRESS,CREATE_IN_PROGRESS: no StackStatusReason or FAILED resource event found,cfn-eval-gt-check-4ff2c64b99,False,"Waiter StackDeleteComplete failed: Waiter encountered a terminal failure state: For expression ""Stacks[].StackStatus"" we matched expected path: ""DELETE_FAILED"" at least once"
528125e4157fe13c53d41973fc494260a0537c40bbd2f17406b5a81573c4e0c5,262,True,,False,ROLLBACK_COMPLETE,ROLLBACK_COMPLETE: no StackStatusReason or FAILED resource event found,cfn-eval-gt-check-a546cf25a2,True,
ab503723e3131d0cd955133cbc62b8290fa5878b555290be3aa1cc0b12e36ddc,264,True,,False,ROLLBACK_COMPLETE,LaravelAWSBookFEDDB84A: Secrets Manager can't find the specified secret. (Service: AWSSecretsManager; Status Code: 400; Error Code: ResourceNotFoundException; Request ID: 5306c2f0-4c63-49ce-b137-8664836793ad; Proxy: null),cfn-eval-gt-check-6dd0c9c809,True,
068532512a67f5a2cc1b22f29ff8d3afd58196b14daa18167cdfeed249b98858,265,True,,False,ROLLBACK_COMPLETE,"WaveServiceUserAccessKeySecret: Resource handler returned message: ""The operation failed because of an invalid KMS key: Alias arn:aws:kms:us-east-1:386347569109:alias/workflows-infra is not found. (Service: AWSKMS; Status Code: 400; Error Code: NotFoundException; Request ID: 871f5fa9-b068-4193-a7e0-51e99a74dbc8; Proxy: null) (Service: SecretsManager, Status Code: 400, Request ID: 59cf1864-6f0e-4935-bec0-7bffc42a869f) (SDK Attempt Count: 1)"" (RequestToken: 8646738c-2480-6d3f-89f0-23837213eece, Ha",cfn-eval-gt-check-227445d75d,True,
1c7b554cc8e7e7db61201b57fe998e863b32bf09dae2d3a6b5b6afbba5210d0f,267,True,,False,ROLLBACK_COMPLETE,"cfn-eval-gt-check-a364d60523: Validation failed with 1 error(s). Call DescribeEvents to retrieve the full list of issues with resource and property details, resolve each error, then retry the operation.",cfn-eval-gt-check-a364d60523,True,
2a276b06057260b9223ada7df8e4fbb497e71eb382dd95f45e067d3d4dd1be42,270,True,,False,ROLLBACK_COMPLETE,"MyKinesisFirehose: Resource handler returned message: ""S3 Bucket mah-bukkit does not exist. (Service: Firehose, Status Code: 400, Request ID: edb4d0bd-dbda-403b-8eb0-178b55a2eca0, Extended Request ID: SCW8GFFZDTlvtuhVV2/u8nE0j8Ex+GkXGtLxGO3nLrBhOA6cBySUvHrt9LFINCGf2KRMrdWWCS5OsndKzCu6jU2ry0+n4HOM) (SDK Attempt Count: 1)"" (RequestToken: ea22b9bb-56a5-4234-d9da-e9e9a25029f9, HandlerErrorCode: InvalidRequest)",cfn-eval-gt-check-d7bc9da75a,True,
80188ce1d217c5559753e01d48793d86e5489aedba2417c007da594ceaa0d112,272,True,,False,ROLLBACK_COMPLETE,ROLLBACK_COMPLETE: no StackStatusReason or FAILED resource event found,cfn-eval-gt-check-254e6eadc9,True,
947a6f8dcded1a21fe0e06d2b151091c9fd05f1efefe2e7b9a4648284490326d,273,True,,False,ROLLBACK_COMPLETE,"AppRunnerStackapprunner: Resource handler returned message: ""Your service failed to create. Review the application logs to find the source of error and retry."" (RequestToken: 3b445140-479a-cf27-3d7f-2b945f81dd3b, HandlerErrorCode: NotStabilized)",cfn-eval-gt-check-b34317be0b,True,
3c10abec9fbe823a8422e92b52fb1dcd6f40f3f6f62fae17c9aa8f935c835734,278,True,,False,ROLLBACK_COMPLETE,"RapidsaiNotebookrapidsaiNotebookInstance0EB7D2BC: Resource handler returned message: ""The account-level service limit 'ml.p3.2xlarge for notebook instance usage' is 0 Instances, with current utilization of 0 Instances and a request delta of 1 Instances. Please use AWS Service Quotas to request an increase for this quota. If AWS Service Quotas is not available, contact AWS support to request an increase for this quota. (Service: AmazonSageMaker; Status Code: 400; Error Code: ResourceLimitExceeded",cfn-eval-gt-check-0c24e2ffa2,True,
25bf4af8bdc6a8f532ff99c43169730fdff063e7032ec1eafb3666b57261439b,279,True,,False,ROLLBACK_COMPLETE,ROLLBACK_COMPLETE: no StackStatusReason or FAILED resource event found,cfn-eval-gt-check-75e2236c33,True,
7ea403ed31a0256ef4a205dbe87217bdce986635b592672bb23cd08dba2c1194,281,True,,False,ROLLBACK_COMPLETE,"AWSSecurityHub: Resource handler returned message: ""TimePeriod is in the wrong format. Start and End should be of type Long in Epoch Seconds.
Please refer to https://docs.aws.amazon.com/AWSCloudFormation/latest/UserGuide/aws-resource-budgets-budget.html#aws-resource-budgets-budget-examples for the correct format. (Service: null; Status Code: 400; Error Code: 400; Request ID: null; Proxy: null)"" (RequestToken: 07f59fd1-3d3f-4574-afed-ddffbea8e4d4)",cfn-eval-gt-check-a530d69681,True,
2eb73ec3332f299329131ef9e103591c94a311ebb2b80c2e7b035afdb362bd13,282,True,,False,ROLLBACK_COMPLETE,ROLLBACK_COMPLETE: no StackStatusReason or FAILED resource event found,cfn-eval-gt-check-50c1d8c6c5,True,
b977a8c19238fc8e90c96f14b6278ab368c231b9eaf17767b66c82086702cbb4,283,True,,False,ROLLBACK_COMPLETE,TriggerStateMachineWithoutRole: arn:aws:states:us-east-1:386347569109:stateMachine:TriggerStateMachineWithoutRole already exists in stack arn:aws:cloudformation:us-east-1:386347569109:stack/cfn-eval-gt-check-1be06ad578/af2b5db0-9eda-11f1-9987-0e29aed8247d,cfn-eval-gt-check-1be06ad578,True,
5e7c1501000f57169cb57911d5f969f8c4b46580594c1986194e43eb1ca2c6e3,284,True,,False,ROLLBACK_COMPLETE,ROLLBACK_COMPLETE: no StackStatusReason or FAILED resource event found,cfn-eval-gt-check-d5e558c704,True,
8ae1afa3cdb1d171573a42714a723d9cfa5177c9003a7d60c198fc7ce861f8e6,290,True,,False,ROLLBACK_COMPLETE,AutomationRegionalFailoverFunction: Secrets Manager can't find the specified secret. (Service: AWSSecretsManager; Status Code: 400; Error Code: ResourceNotFoundException; Request ID: ce4f3854-5d67-419c-82b6-e47ddbfd76a7; Proxy: null),cfn-eval-gt-check-fb542c351a,True,
67abb85e5c7f79837c66241cfba81eee3feeee9f44880914e720450697445453,291,True,,False,ROLLBACK_COMPLETE,ROLLBACK_COMPLETE: no StackStatusReason or FAILED resource event found,cfn-eval-gt-check-7ac0413b12,True,
19f2043dcf4c08236b67bc073c2f18e1f7a790b91115ae8bcb174dd35a5f2b70,293,True,,True,CREATE_COMPLETE,,cfn-eval-gt-check-026333e620,True,
7453335dc0d6aaee8cba03412978faadf43d11820f8dd3a295213e5ea02b9ac7,298,True,,False,ROLLBACK_COMPLETE,"JavaConcurrencyP99Filter: Resource handler returned message: ""The specified log group does not exist. (Service: CloudWatchLogs, Status Code: 400, Request ID: 6906ffbc-e2ab-4d29-94af-4fbf47cf77fb) (SDK Attempt Count: 1)"" (RequestToken: 6b3b0951-61ba-66c0-0bf4-0407007389df, HandlerErrorCode: NotFound)",cfn-eval-gt-check-88f29e1a96,True,
76dfc577918783c727e8d62b921db126b2ad53bae40cbe9bd257fe43ee6d44e3,303,True,,False,ROLLBACK_COMPLETE,"MyApiWithCognitoAuth: Resource handler returned message: ""Errors found during import:
	Unable to create authorizer 'MyDefaultCognitoAuth': ProviderARNs need to be valid Cognito Userpools. Invalid ARNs-
arn:aws:1
	Unable to create authorizer 'MyCognitoAuthWithDefaultScopes': ProviderARNs need to be valid Cognito Userpools. Invalid ARNs-
arn:aws:2
	Unable to put method 'GET' on resource at path '/cognitodefaultscopesoverwritten': Invalid authorizer ID specified. Setting the authorization type to C",cfn-eval-gt-check-d29f93923d,True,
acd87d65e87e68f124b900ba5b96302b19f41ffe00ef2b5466b0ca31f5916c5c,306,True,,True,CREATE_COMPLETE,,cfn-eval-gt-check-0a6f7c0d40,True,
4d765b0fef08dcec85dd63272757df2d6f9f84df0fb9769d67faad98f9ad7549,308,True,,False,ROLLBACK_COMPLETE,"MyApiWithCognitoAuth: Resource handler returned message: ""Errors found during import:
	Unable to create authorizer 'MyDefaultCognitoAuth': ProviderARNs need to be valid Cognito Userpools. Invalid ARNs-
arn:aws:1
	Unable to create authorizer 'MyCognitoAuthWithDefaultScopes': ProviderARNs need to be valid Cognito Userpools. Invalid ARNs-
arn:aws:2
	Unable to put method 'GET' on resource at path '/cognitodefaultscopesoverwritten': Invalid authorizer ID specified. Setting the authorization type to C",cfn-eval-gt-check-7d76cb9a5f,True,
48e6d580ecbd3bc0a9b524041d5f88fc5f24c90ce2cb1caba865e0b23de6a7ac,317,True,,False,ROLLBACK_COMPLETE,ROLLBACK_COMPLETE: no StackStatusReason or FAILED resource event found,cfn-eval-gt-check-39e2e3af79,True,
537370e5e96a0d28584a474de6f0df025eb6140de85251b0401401a1e51c3bee,326,True,,False,ROLLBACK_COMPLETE,"MyLoadBalancer: Resource handler returned message: ""Invalid Availability Zone: us-east-2a (Service: ElasticLoadBalancing, Status Code: 400, Request ID: d93e808e-a9ba-4616-836c-c82d900c7f53) (SDK Attempt Count: 1)"" (RequestToken: 498344a6-d406-cd01-a0d8-cc7fd17c0a38, HandlerErrorCode: InvalidRequest)",cfn-eval-gt-check-717c054b7a,True,
a916f08e0ac90fd95230faf6749acbe103245216c809892dde69903fcb5f245f,328,True,,False,ROLLBACK_COMPLETE,"paragroup: Resource handler returned message: ""ParameterGroupFamily somefam is not a valid parameter group family (Service: Redshift, Status Code: 400, Request ID: 6be85c30-a42c-4a06-9ca9-e6053a2ddd81) (SDK Attempt Count: 1)"" (RequestToken: 219a1406-cb66-5ee0-e08d-781b0655be55, HandlerErrorCode: GeneralServiceException)",cfn-eval-gt-check-0f2d2977cf,True,
409125d3c184cc2d24bc93761a7ce82e532b134a09d67820ae7514dacce85c69,329,True,,False,ROLLBACK_COMPLETE,"XRayGroup: Resource handler returned message: ""Invalid request provided: CreateGroupRequest(GroupName=MyXRayGroup, FilterExpression=service() = ""my-service"", Tags=[Tag(Key=aws:cloudformation:stack-name, Value=cfn-eval-gt-check-1435ccfa8e), Tag(Key=aws:cloudformation:logical-id, Value=XRayGroup), Tag(Key=aws:cloudformation:stack-id, Value=arn:aws:cloudformation:us-east-1:386347569109:stack/cfn-eval-gt-check-1435ccfa8e/6ced0630-9edd-11f1-bc5e-0affe47da7c3), Tag(Key=Name, Value=MyXRayGroup)]) : Err",cfn-eval-gt-check-1435ccfa8e,True,
8402d902593cb2787653cacf77050b838c0bea5ad184e9fdf2fa486f849ba3c4,330,True,,False,ROLLBACK_COMPLETE,ROLLBACK_COMPLETE: no StackStatusReason or FAILED resource event found,cfn-eval-gt-check-ef0cc38683,True,
d9215ab9c002605bff24715261eebaf319221f7ab18edb6f4b755e3409395f75,334,True,,False,ROLLBACK_COMPLETE,"somecode: Resource handler returned message: ""Invalid type provided: Project source type (Service: AWSCodeBuild; Status Code: 400; Error Code: InvalidInputException; Request ID: 846e6ec7-546f-4e0f-932d-10ac18c08f4f; Proxy: null)"" (RequestToken: 133c474d-b75b-4bbe-a205-150783a17caf)",cfn-eval-gt-check-1d8561b6ec,True,
28b6aeca9a7489d513761eb525670e64fa6f7c7e2bcc470b501e9aa400f1f019,335,True,,False,ROLLBACK_COMPLETE,ROLLBACK_COMPLETE: no StackStatusReason or FAILED resource event found,cfn-eval-gt-check-30198f1878,True,
0034149ed8b79b67fdd5afa0891821746e6bf0849403c262f70795a9129c3a34,336,True,,False,ROLLBACK_COMPLETE,"MyWebACL: Resource handler returned message: ""AWS WAF Classic (v1) support will end on September 30, 2025. Effective May 1st, 2025, the creation of new WebACL v1 is no longer permitted. (Service: AWSWAFRegional; Status Code: 400; Error Code: WAFBadRequestException; Request ID: 7dd4459d-a88b-498d-9159-5edef08749ea; Proxy: null)"" (RequestToken: fd9860cc-52c3-4ecc-8d02-b93ca1ad243d)",cfn-eval-gt-check-1f8d251f71,True,
2651bc3e5c863fe24c192abf94eeccffecbba3e7c47db2a877536a3abec86946,342,True,,False,ROLLBACK_COMPLETE,ROLLBACK_COMPLETE: no StackStatusReason or FAILED resource event found,cfn-eval-gt-check-87adc7bfc8,True,
bf2a0373fcc4a736d6100d0954d30989f145e850629ecf5fd9491d8b5c659d18,348,True,,False,ROLLBACK_COMPLETE,ROLLBACK_COMPLETE: no StackStatusReason or FAILED resource event found,cfn-eval-gt-check-3fa0ffa5ba,True,
999ef0f1f28cab2225cc12cd777bf2d6d6eeaf01d59a9e9cc123badd3c3e82fa,351,True,,False,ROLLBACK_COMPLETE,ROLLBACK_COMPLETE: no StackStatusReason or FAILED resource event found,cfn-eval-gt-check-2e2dcae792,True,
b0282daa09f7083d09c573021a537717ea791512a564ae0e5307b78d6bdab03e,352,True,,False,ROLLBACK_COMPLETE,"ApiGatewayDomainNameV25fe29fe649: Resource handler returned message: ""Invalid certificate ARN: arn:aws:acm:us-east-1:123456789012:certificate/abc. Cross-account certificate references are not allowed. (Service: AmazonApiGatewayV2; Status Code: 400; Error Code: BadRequestException; Request ID: 70c4fbc2-967d-426a-920e-4342746c19bd; Proxy: null)"" (RequestToken: 6944d28c-048f-8c63-748f-fb979370389e, HandlerErrorCode: GeneralServiceException)",cfn-eval-gt-check-f1e06ebf61,True,
ea5b46002d92f62e9c6a50ca110edc530c59e7a1047b331c449042a9c180c2a0,362,True,,False,ROLLBACK_COMPLETE,"rEgressTransitGatewayRouteTableAssociation: Resource handler returned message: ""Transit Gateway Attachment tgw-attach-0d35539b54303f9a5 is already associated to a route table. (Service: Ec2, Status Code: 400, Request ID: c702fe17-8549-4d94-9e1f-aeb9cde536a0) (SDK Attempt Count: 1)"" (RequestToken: 953c866d-e344-2a41-cde0-74196551bde7, HandlerErrorCode: AlreadyExists)",cfn-eval-gt-check-7d537f7a46,True,
f046dc0dad375e6a85b4633eb60ee1ba2cb35b3d77409b8b1a32919dda4edf13,364,True,,,ERROR,An error occurred (ValidationError) when calling the CreateStack operation: Unresolved resource dependencies [NatGatewayA] in the Outputs block of the template,cfn-eval-gt-check-8fca5467c2,,not_attempted (stack was never created)
e7cf7c52f2fe83dbb5c33f347d7b7e4bfeb9c7ab1fbd97eb6179895c3f0fd693,366,True,,False,ROLLBACK_COMPLETE,"FlowLogS3: Resource handler returned message: ""LogDestination: msb-logging-386347569109 does not exist"" (RequestToken: 7e709fc6-b8ec-7edd-01ba-6aacf872da85, HandlerErrorCode: GeneralServiceException)",cfn-eval-gt-check-7d58d74241,True,
186ed4e3d9b8f360ae0dda840e3afd2898b062806088f962e8c05dcdc27c3b6b,17,True,,True,CREATE_COMPLETE,,cfn-eval-gt-check-1bce8506d2,True,
3a68411311695d4902b3479ed7e7e8482ac157cc5badbf01342dfbcb08ccba37,22,True,,False,ROLLBACK_COMPLETE,"RAMForIPAM: Resource handler returned message: ""The resource you are attempting to share can only be shared within your AWS Organization. This error may also occur if you have not enabled sharing with your AWS organization, or that onboarding process is still in progress. (Service: Ram, Status Code: 400, Request ID: b16e1cb9-6533-45ea-8b73-8805b19f56f6) (SDK Attempt Count: 1)"" (RequestToken: 3235d008-72c8-2b75-c503-ac1aca28121a, HandlerErrorCode: InvalidRequest)",cfn-eval-gt-check-2df7f962d6,True,
1a7bbf51e2814d416210fd455d2567a374ce456b4e6bb9baf032ef4f6f59342f,25,True,,,ERROR,An error occurred (ValidationError) when calling the CreateStack operation: Parameters: [ssm:/conformancepack/deliverybucket:1] cannot be found.,cfn-eval-gt-check-330383daaf,,not_attempted (stack was never created)
9c5e5ee2a49572ca58cc26aa6b553ae7de5d3b92a08c99b5258ab3227a465d4a,36,True,,True,CREATE_COMPLETE,,cfn-eval-gt-check-287fe822c0,True,
46790bc4a666ab831b43bd86f3bede2d94f2ea073b87a1fa1769d894febe428d,41,True,,False,ROLLBACK_COMPLETE,"LogStream: Resource handler returned message: ""1 validation error detected: Value '[custom-bogus-vpcid-for-testing-only]' at 'resourceId' has an invalid format (Service: Ec2, Status Code: 400, Request ID: 0cddb139-3dff-4f22-a3a9-42e78117d2ea) (SDK Attempt Count: 1)"" (RequestToken: 39ee7336-e515-955b-db03-8030e3254923, HandlerErrorCode: InvalidRequest)",cfn-eval-gt-check-fa429ea7a3,True,
f86365a76c1044b635d9d28b5f45d37543bf30d9f3efe6abfdc54ef0ccecd5d2,48,True,,False,ROLLBACK_COMPLETE,"KMSKey: Resource handler returned message: ""Policy contains a statement with one or more invalid principals. (Service: Kms, Status Code: 400, Request ID: bf190116-5898-4d34-8fed-c391efc253c8) (SDK Attempt Count: 1)"" (RequestToken: e64da1d7-187d-df96-9071-29960083ea3e, HandlerErrorCode: InvalidRequest)",cfn-eval-gt-check-37531b3e4e,True,
da534d6e58c6ac97431520c128b4c7f0edddafc8ebecaf946fe3c605a1a6af78,54,True,,False,CREATE_IN_PROGRESS,CREATE_IN_PROGRESS: no StackStatusReason or FAILED resource event found,cfn-eval-gt-check-b553e26c7c,True,
b98eac52b87f26d29f5d021fdf2046cb4ab0c336d8c4a59f277a5a3992386579,62,True,,False,ROLLBACK_COMPLETE,"Image: Resource handler returned message: ""Error occurred during operation 'Workflow Execution ID: 'wf-f2dee599-9b33-41a3-8b66-e8a2916b5638' failed with reason: An error occurred (InvalidInstanceId) when calling the SendCommand operation: Instances not in a valid state for account in workflow step LaunchBuildInstance'."" (RequestToken: 4783cd40-b74c-8a85-eecb-24b3d21fa80d, HandlerErrorCode: GeneralServiceException)",cfn-eval-gt-check-5665554b11,True,
bc060d2910c1f2e9189eeb8260c60913f16cdb88c2ca66de13f2ce7abbaeb839,63,True,,False,ROLLBACK_COMPLETE,"EndpointGroup: Resource handler returned message: ""EndpointConfiguration endpointId must not be null or empty. (Service: AWSGlobalAccelerator; Status Code: 400; Error Code: InvalidArgumentException; Request ID: efeadcf3-0ed4-4006-a0fa-298cdf6b219f; Proxy: null)"" (RequestToken: 1aa31de4-d088-41b5-928f-590514170608, HandlerErrorCode: GeneralServiceException)",cfn-eval-gt-check-c317eac405,True,
157c72465ffd9a675d6a2e60540278c095180d2a3c0f341b27bce3f0716508e2,74,True,,True,CREATE_COMPLETE,,cfn-eval-gt-check-d714bd2e4c,True,
a10eaa93e8f85984704b6725b680e7ca594cd0e5decfb1627c15daaf556cb1e0,99,True,,True,CREATE_COMPLETE,,cfn-eval-gt-check-7fb03138dd,True,
2729ad7d7527f8a68b7a72669c0303cea8c964c8fcf3ea78c9ca1621c741b04e,119,True,,False,ROLLBACK_COMPLETE,ROLLBACK_COMPLETE: no StackStatusReason or FAILED resource event found,cfn-eval-gt-check-639d062e26,True,
86f7806126fc6bc8d25f3c9eca00fddc54e63b4ba9ce1bde83283d38a0c2b9b2,123,True,,True,CREATE_COMPLETE,,cfn-eval-gt-check-4354e10c8f,True,
e0aac2a07f86ad64aa7d0762724f93a08f391d241a0f32177f2ec399bc883d87,125,True,,True,CREATE_COMPLETE,,cfn-eval-gt-check-732b6efef2,True,
0c5700038cc2a865bc46bacef2fc9d14e5479c6f4602e5599ecdc82ec9369816,135,True,,False,ROLLBACK_COMPLETE,ROLLBACK_COMPLETE: no StackStatusReason or FAILED resource event found,cfn-eval-gt-check-4c5c7425df,True,
e674abb4b047481229057e03eee70f1efb2cd825324475d0c3f7b83fa94199aa,148,True,,False,ROLLBACK_COMPLETE,"SageMakerStudioInternetOnlyDomain: Resource handler returned message: ""Invalid request provided: 1 validation error detected: Value 'vpc-xxxxxx' at 'vpcId' failed to satisfy constraint: Member must satisfy regular expression pattern: vpc-[a-z0-9]{8,}"" (RequestToken: c53598ae-8cf9-36e8-e2ad-460f302f2f4e, HandlerErrorCode: InvalidRequest)",cfn-eval-gt-check-04e292db3d,True,
983e25f8d0121f93d2f87ca5d7cc5ca9ff00bd9fbdbc7d206902a0fa40a32b74,153,True,,True,CREATE_COMPLETE,,cfn-eval-gt-check-63a0bcf8ed,True,
3a61ba00f79b813750446c4a9c7abbed36027dad60ead349716a20ca845e63e6,161,True,,True,CREATE_COMPLETE,,cfn-eval-gt-check-6c9ef7c5ff,True,
680fc80b2344ebb1e880250eee8541141c02a08c830c43b907dee67cc773efeb,164,True,,False,ROLLBACK_COMPLETE,"ImageArm64: Resource handler returned message: ""Error occurred during operation 'Workflow Execution ID: 'wf-989d5a10-5f9e-40e7-bc44-74ca2a998513' failed with reason: An error occurred (InvalidInstanceId) when calling the SendCommand operation: Instances not in a valid state for account in workflow step LaunchBuildInstance'."" (RequestToken: bbc79457-6101-c570-d8af-3cbd0abba366, HandlerErrorCode: GeneralServiceException)",cfn-eval-gt-check-1e90c970f8,True,
ced0e518726539c31d92037f4be367e4991f453eaf52ef9e7dce4214d64f034e,177,True,,True,CREATE_COMPLETE,,cfn-eval-gt-check-b5ac179e85,True,
a2d213302f300a9b5a08b44eb4b290f88bd0ba501eb813294922108b441c5ef7,185,True,,True,CREATE_COMPLETE,,cfn-eval-gt-check-964f48f000,True,
b1f81aafcd3c3cae445352f3b19a9cd14dd41f9de3073964287e67bde3983c21,190,True,,False,ROLLBACK_COMPLETE,"ConformancePack: Resource handler returned message: ""Access denied for operation 'PutConformancePack'."" (RequestToken: b1167160-f4f2-04cb-5347-991cbfb06fa8, HandlerErrorCode: AccessDenied)",cfn-eval-gt-check-456cec5915,True,
9746e75e4e04f15b6c1d5354e250231b5769089d184f8032f09cfd1781448bfe,224,True,,True,CREATE_COMPLETE,,cfn-eval-gt-check-ce674b0dca,True,
92a3984a1429320168636a501b0b051016dc6556ffc427f737c8dc44f1282461,236,True,,True,CREATE_COMPLETE,,cfn-eval-gt-check-e9e5ba305c,True,
20b83aa435502a8185e998f387191195e557c682776c7cb7e8d68ff4468af519,264,True,,False,ROLLBACK_COMPLETE,"LaravelAWSBookFEDDB84A: Resource handler returned message: ""Invalid request provided: There was an issue setting up your repository. Please try again later.({
  ""message"": ""Bad credentials"",
  ""documentation_url"": ""https://docs.github.com/rest"",
  ""status"": ""401""
}) (Service: Amplify, Status Code: 400, Request ID: d679487b-21da-4fbe-8234-3be75ace56e6) (SDK Attempt Count: 1)"" (RequestToken: 36de533a-a768-5d92-6d54-a52fa2048daf, HandlerErrorCode: InvalidRequest)",cfn-eval-gt-check-95b711dbce,True,
f043437c6247e633621609e44af2a7f562b84f3f7b615fece6dc404747071223,265,True,,True,CREATE_COMPLETE,,cfn-eval-gt-check-e13836cbda,True,
9bd6fc7e0309a23d6db2b10cb43e75086f98dfca041b905f2c4c5032787049b4,281,True,,True,CREATE_COMPLETE,,cfn-eval-gt-check-49244c225f,True,
efc22167993b28fcb2d6ec26d98468bade8bc6df7e854e4e60b3dee4258488fa,283,True,,True,CREATE_COMPLETE,,cfn-eval-gt-check-9d70224280,True,
3dff8e8e520f78adedd6b44a1f93e5a228a215a0e6bf3f76903ac362c2d6abf9,290,True,,False,ROLLBACK_COMPLETE,"SageMakerStudioVPCOnlyDomain: Resource handler returned message: ""Invalid request provided: 2 validation errors detected: Value '[sg-xxxxx or sg-1xxxx, sg-2xxxx, sg-3xxxx]' at 'defaultUserSettings.securityGroups' failed to satisfy constraint: Member must satisfy constraint: [Member must have length less than or equal to 32, Member must have length greater than or equal to 0, Member must satisfy regular expression pattern: [-0-9a-zA-Z]+, Member must not be null]; Value '[subnet-xxxxx or subnet-1x",cfn-eval-gt-check-9aedfaf1f6,True,
e6d72b8da1b4efbdd788190b74fde54a57a92c7435828db1f07f6b6ccb15894a,298,True,,True,CREATE_COMPLETE,,cfn-eval-gt-check-0e2a69a00d,True,
822f2689a7303017c895c49c164e0ccd1161f3b50ea92605b3801ecced583bb8,308,True,,False,ROLLBACK_COMPLETE,"rMgmtBastionInstance: Resource handler returned message: ""The request must contain the parameter ImageId (Service: Ec2, Status Code: 400, Request ID: 894b329d-4d83-4725-96ad-defb09c7da3d) (SDK Attempt Count: 1)"" (RequestToken: 797f73fb-7c9f-8cab-6c29-cdda4e2938f9, HandlerErrorCode: InvalidRequest)",cfn-eval-gt-check-894ca07819,True,
81eff68a429436e3bd8157351afb2f4ff5a29db0e0cd4b83051df2cbd7022deb,326,True,,True,CREATE_COMPLETE,,cfn-eval-gt-check-5063509e0a,True,
09f9543b3ce6fd0d2a3c1cd285d8a3bc0f375f135d8c4409a2d8404d5786f7d9,328,True,,False,ROLLBACK_COMPLETE,"paragroup: Resource handler returned message: ""Could not find parameter with name: pmname2 (Service: Redshift, Status Code: 400, Request ID: 5b843d77-7e32-4e64-90b2-1991b589e01c) (SDK Attempt Count: 1)"" (RequestToken: 02e057b5-1036-93fa-a2e1-b5dec64fc450, HandlerErrorCode: GeneralServiceException)",cfn-eval-gt-check-563c2d02cf,True,
62331d0da731bf69ba8929365fed5827f4d6250230de453c82da5b7a588141f0,334,True,,False,ROLLBACK_COMPLETE,"myuserpoolCognitoDomain3CADA6A3: Resource handler returned message: ""User pool domain oidc-userpool does not exist in this account. (Service: CognitoIdentityProvider, Status Code: 400, Request ID: 3b8a5f29-c48a-431f-9b11-704d73785c57) (SDK Attempt Count: 1)"" (RequestToken: 6a45c65c-13d1-c242-738a-c64d028ab256, HandlerErrorCode: AlreadyExists)",cfn-eval-gt-check-08b42f2c1c,True,
03691cc0cc3ec1578efc1b4d78f6c817bf2728ee8d1679234c09f8d6ff37f661,336,True,,True,CREATE_COMPLETE,,cfn-eval-gt-check-b382baaf53,True,
9b902cc172d9586ccb6dd37853b2607e82744dd10f39b538df04c1dac5b26f92,352,True,,True,CREATE_COMPLETE,,cfn-eval-gt-check-0206d2cd98,True,
0f2b425f33cd8fc523ec0912a703c1b118a49a6133e476e157721a43cdf546f5,362,True,,True,CREATE_COMPLETE,,cfn-eval-gt-check-bf2f7d486b,True,
35cd774dd432df2a2236a5dfb2b26dc9163ec9c7357fe04647aa06d3f55f76fc,364,True,,True,CREATE_COMPLETE,,cfn-eval-gt-check-1012492782,True,
d6ca5c7529fd150f5ca61c67e8fd51597875c189b013de5ae2d9a975a7467f91,375,True,,True,CREATE_COMPLETE,,cfn-eval-gt-check-f604297640,True,
ce181a1a5093da005a5ea1e060b55d8058e000eadc5fb4b5f0684b713377c08c,376,True,,False,ROLLBACK_COMPLETE,"MyFunction: Resource handler returned message: ""Tenancy configuration is not supported for this account in the us-east-1 Region. (Service: Lambda, Status Code: 400, Request ID: cbe7e03c-2ae8-4eaa-9279-3b500b50d390) (SDK Attempt Count: 1)"" (RequestToken: 2d083272-7b59-1c70-86f6-58d9347ad2b7, HandlerErrorCode: InvalidRequest)",cfn-eval-gt-check-1e6c13243e,True,
52bb0d2b121cabd753f22d3d99bc110240ce796b2d8e27609802e56fe34c2b20,377,True,,False,ROLLBACK_COMPLETE,AmplifyApp6046A70F: Secrets Manager can't find the specified secret. (Service: AWSSecretsManager; Status Code: 400; Error Code: ResourceNotFoundException; Request ID: 2d779e0b-4a84-4f06-8302-0edcf6994a2d; Proxy: null),cfn-eval-gt-check-694b9cccb9,True,
98c2f05401c27eb9d59b48c91014c7d104729372f30deb819ab44d1cec37775c,378,True,,False,ROLLBACK_COMPLETE,ROLLBACK_COMPLETE: no StackStatusReason or FAILED resource event found,cfn-eval-gt-check-64acfe2d60,True,
405b0fc82df30384281c6b3d3a3626eac9c63f44a89ba8c40b96a43d0946110b,379,True,,False,ROLLBACK_COMPLETE,MyDocDBParamGroup0: test already exists in stack arn:aws:cloudformation:us-east-1:386347569109:stack/cfn-eval-gt-check-4b0035b9d7/90f76ce0-9f15-11f1-9353-0e4ffc68be55,cfn-eval-gt-check-4b0035b9d7,True,
09e6d61cc614bf02ddffdc2c02ea729b2e00d68fc6bced460b81b02ab72498d1,13,True,,True,CREATE_COMPLETE,,cfn-eval-gt-check-23bf153691,True,
3b1ced19819459b48666aee55eb0005ea45a500914355bd53ad380e4e01ed73a,50,True,,True,CREATE_COMPLETE,,cfn-eval-gt-check-31ea8fc76f,True,
c26691489d386c86b56586d63ff5d8d68261ac9e5b6c0c64082e9faeeeff9ff8,149,True,,True,CREATE_COMPLETE,,cfn-eval-gt-check-cec59d06bb,True,
537e011e77412f268de71be8ca1e9ad6685e291747175d6dbde74c06407c2efc,207,True,,False,ROLLBACK_COMPLETE,ROLLBACK_COMPLETE: no StackStatusReason or FAILED resource event found,cfn-eval-gt-check-b61e20c2a8,True,
c9d752dcdf06f487961fa057235cf0b768f2b69f6fd5b2c8061719e5391547b7,272,True,,False,ROLLBACK_COMPLETE,ROLLBACK_COMPLETE: no StackStatusReason or FAILED resource event found,cfn-eval-gt-check-8a5e772b76,True,
84b8c6ffd800554acbcd4486c715a08b6043b4436a19c8952d162658c3114b9c,54,True,,True,CREATE_COMPLETE,,cfn-eval-gt-check-5ab8b2495f,True,
4e784f9120b81ffab3f216ebf3a66c73285f2b278c302007fb9a211099ca58b4,119,True,,True,CREATE_COMPLETE,,cfn-eval-gt-check-30d4089c46,True,
fe6a667e55cc2fc6b54fec38bffd8a203ec6eed99834f5006a4a8a4bbce0e66d,273,True,,True,CREATE_COMPLETE,,cfn-eval-gt-check-c33ebedadf,True,
ed3dab4168a440b2d9146d1fcf5fe883f7ffe81121af8236fad7b00e11a1336b,278,True,,True,CREATE_COMPLETE,,cfn-eval-gt-check-206e84209a,True,
52393d232add6c54157bcda609246a0125c05237878556066f1f3396da2dcf3d,279,True,,True,CREATE_COMPLETE,,cfn-eval-gt-check-035b98a20e,True,
1d377f4e0cd1cce5ace5c3127e11d32f6718c4e249f696edf2dd6fd0a5341306,282,True,,True,CREATE_COMPLETE,,cfn-eval-gt-check-7d2c722c43,True,
06acefd29f96c33ed73066109d51d284ae47830ab0bb59f78eb0263b01ef21a1,284,True,,True,CREATE_COMPLETE,,cfn-eval-gt-check-8c8ff160ce,True,
fd08078431fb1e69ec0759e3cf200a75829e6dbf22bd7aa35700d1068600dcd2,290,True,,True,CREATE_COMPLETE,,cfn-eval-gt-check-fe3f7e23c0,False,"Waiter StackDeleteComplete failed: Waiter encountered a terminal failure state: For expression ""Stacks[].StackStatus"" we matched expected path: ""DELETE_FAILED"" at least once"
a2d4c0f62531006ef4db7e2bd20000a3d858bb470d7fbb708da46fff8e9a8ee3,291,True,,True,CREATE_COMPLETE,,cfn-eval-gt-check-5cbf6322b6,True,
70ce901118a473ded92d5ce79504e0d5d08adbc7051c4cb1c5ce371071f59d20,348,True,,False,ROLLBACK_COMPLETE,"cfn-eval-gt-check-dcc33f176f: Validation failed with 1 error(s). Call DescribeEvents to retrieve the full list of issues with resource and property details, resolve each error, then retry the operation.",cfn-eval-gt-check-dcc33f176f,True,
d7c6294017eacc6711995386c68e3c88a375306117a66d5efdb0a3e8c789661a,351,True,,True,CREATE_COMPLETE,,cfn-eval-gt-check-d55a7b16f3,True,
f3e462a880ed6ca1e8b6fe8f3692fd47e6d4fe907ef3d4d70f701a3060f99c8d,378,True,,False,ROLLBACK_COMPLETE,ROLLBACK_COMPLETE: no StackStatusReason or FAILED resource event found,cfn-eval-gt-check-fd950933b5,True,
bee39cd9a8e3f532b00c918df3000cc8b8597144a1b58d295c665327a0977f4b,207,True,,False,ROLLBACK_COMPLETE,"S3AndIAMRolesProduct: Resource handler returned message: ""Product with name S3 buckets, KMS keys, and IAM roles does not exist or access was denied. (Service: ServiceCatalog, Status Code: 400, Request ID: e4c3a4f0-a7c8-4aad-8528-c25617e0d34c) (SDK Attempt Count: 1)"" (RequestToken: c8c932df-b50e-f217-59ed-8be9fe27bfd5, HandlerErrorCode: GeneralServiceException)",cfn-eval-gt-check-27b8370366,True,
d5901d6e78ed0b572a272caa108d143fcf328aca8fa64c4c4ff27be027d9be40,272,True,,False,ROLLBACK_COMPLETE,"AgentCoreGateway: Resource handler returned message: ""Gateway protein-engineering-gateway-f9ba0ygvzt failed to stabilize, status: FAILED, reason: Failed to create gateway dependencies: Failed to fetch discovery document from: https://cognito-idp.us-east-1.amazonaws.com/us-east-1_placeholder/.well-known/openid-configuration (Service: AgentCredentialProvider, Status Code: 400, Request ID: e4d8c219-85d4-4db3-8e2f-230712704b2a) (SDK Attempt Count: 1)"" (RequestToken: 3db5654e-19d7-c0be-b942-1a4e62439",cfn-eval-gt-check-ab49bc7fe0,True,
3fa40fa75130a85d026d5929d35af05b94f282354bc7260b5ec20c1eb7d4b902,378,True,,True,CREATE_COMPLETE,,cfn-eval-gt-check-1033019b54,True,
e9829f843973ddde13ee0ebb375a777a08cb8a3a354827a39b57db74d419eb0b,48,True,,False,ROLLBACK_COMPLETE,"DMSReplicationSubnetGroup: Resource handler returned message: ""The IAM Role arn:aws:iam::386347569109:role/dms-vpc-role is not configured properly. (Service: DatabaseMigration, Status Code: 400, Request ID: ebf5d018-3f41-43d4-851c-9c7a74f722ab) (SDK Attempt Count: 1)"" (RequestToken: 1c16d3c0-b470-5ddb-fef8-ca8b4726b154, HandlerErrorCode: AccessDenied)",cfn-eval-gt-check-e5ec3b5758,True,
2fbaea6d62083602cc49bd05746a77c91db8cff3adcd1be83fd981a358bc84b8,62,True,,True,CREATE_COMPLETE,,cfn-eval-gt-check-3bb1d011b7,True,
77833a3d3f401775caaae8d3bee945e6bd7b6fe5f6e1da4d7b0bdc31b0e0c0e2,164,True,,True,CREATE_COMPLETE,,cfn-eval-gt-check-1d66d14c05,True,
dc9094fe7b6f4cfe9f54f17eacae826487d7bf58a05f43ded111a3c0b8529f66,190,True,,False,ROLLBACK_COMPLETE,"ConformancePack: Resource handler returned message: ""Access denied for operation 'PutConformancePack'."" (RequestToken: bf061e75-7556-b8ff-d4f4-13100a487f70, HandlerErrorCode: AccessDenied)",cfn-eval-gt-check-113da6675f,True,
b410c26bd714b6e4b5e109f2e3a32ed5810dbb16ea3258e3f6ce0d3ae0fe9834,272,True,,False,ROLLBACK_COMPLETE,"GatewayTarget: Resource handler returned message: ""Lambda function not found: arn:aws:lambda:us-east-1:386347569109:function:protein-agent-placeholder. Verify the function ARN is correct and retry. (Service: BedrockAgentCoreControl, Status Code: 400, Request ID: bfeb2ed9-1158-4327-925e-774b1034d03c) (SDK Attempt Count: 1)"" (RequestToken: 957cd407-1a71-17bc-ac07-141548b004d2, HandlerErrorCode: InvalidRequest)",cfn-eval-gt-check-01c41bcbcd,True,
ee86bbd2230499106e276b1ac0ccb2efeaaab09a41c12c6056640c0e696942f1,274,True,,False,ROLLBACK_COMPLETE,"WAFLogGroup: Resource handler returned message: ""The specified KMS Key Id could not be found. (Service: CloudWatchLogs, Status Code: 400, Request ID: 726e5d5f-4c99-40d9-adc8-3642009767b8) (SDK Attempt Count: 1)"" (RequestToken: 08284170-a04a-4f77-2dfd-2cae18e559be, HandlerErrorCode: InvalidRequest)",cfn-eval-gt-check-906dea9862,True,
37851da1e89f9327dcb24bb7ab5ccf945b4e578625fd7ba37c23fb3e9c507477,286,True,,False,ROLLBACK_COMPLETE,ROLLBACK_COMPLETE: no StackStatusReason or FAILED resource event found,cfn-eval-gt-check-d738af2b69,True,
3eae6bb5c6dd1d822be431cb517a65e3fb27c65720c8d112ef4fd7e296b175df,287,True,,False,ROLLBACK_COMPLETE,"StopLoggingMetricFilter: Resource handler returned message: ""The specified log group does not exist. (Service: CloudWatchLogs, Status Code: 400, Request ID: e4c11407-6270-4006-8770-6ddacbd73498) (SDK Attempt Count: 1)"" (RequestToken: da4f9c88-5479-46aa-3928-e76ba0423551, HandlerErrorCode: NotFound)",cfn-eval-gt-check-284fe7ba8f,True,
d9aeac7f3d6dd15177f8aed4b5b9962c103edb0c849107122cd555c6efe89bab,292,True,,False,ROLLBACK_COMPLETE,ROLLBACK_COMPLETE: no StackStatusReason or FAILED resource event found,cfn-eval-gt-check-f69582bc5b,True,
ccfa2b2a0aff13441ad6ac741bb6e073429a8c58959124336caeb479120ab32f,295,True,,False,ROLLBACK_COMPLETE,ROLLBACK_COMPLETE: no StackStatusReason or FAILED resource event found,cfn-eval-gt-check-9e3e8832c2,True,
8665a7c867b25d0b401c0c32f7bb4def7e3bb8a1581a38420286a9380f16d05d,297,True,,True,CREATE_COMPLETE,,cfn-eval-gt-check-c163ece3fa,True,
f7d564c79f5686b0188731c2d1459821692049c65c45cffb550b15483cf368d5,302,True,,,ERROR,An error occurred (ValidationError) when calling the CreateStack operation: Parameter 'RawKmsKeyArn' must match pattern ^arn:aws:kms:.*,cfn-eval-gt-check-322d2f6488,,not_attempted (stack was never created)
a0ba921d2cb3596356c839ced266c2c133b2d3d667ed782984ef81328aefea06,308,True,,,ERROR,An error occurred (ValidationError) when calling the CreateStack operation: Template error: parameter pBastionAmi should not contain ssm versionless resolver,cfn-eval-gt-check-19a59b7f8c,,not_attempted (stack was never created)
1f6a95fabf0fd994ed1cf1490b3f2d5affc039f307a8338a8631ea110a1d2129,348,True,,True,CREATE_COMPLETE,,cfn-eval-gt-check-85218c5b17,False,"Waiter StackDeleteComplete failed: Waiter encountered a terminal failure state: For expression ""Stacks[].StackStatus"" we matched expected path: ""DELETE_FAILED"" at least once"
d58e89875c9d62bc7d33b11f04b4e58ccdeda86c973bdd75f044847b3879395b,272,True,,True,CREATE_COMPLETE,,cfn-eval-gt-check-c1341783c7,True,
83218fe11eed31213aabb5f4ce50aa61682b2f6b8613a5beef7eb68daa6af464,286,True,,False,ROLLBACK_COMPLETE,"SelfApplicationAutoscalingRole: Resource handler returned message: ""Cannot attach AWS reserved policy to an IAM role. (Service: Iam, Status Code: 400, Request ID: 5b74cf3a-b681-4bf5-85cb-b8969875943c) (SDK Attempt Count: 1)"" (RequestToken: 5614a017-6c4c-aafc-06a7-63cbc6a93f7d, HandlerErrorCode: GeneralServiceException)",cfn-eval-gt-check-6ddc4e7956,True,
67eb8cf4833e1282cbc25f00896d1ab09de3b8e0d302f0a466d986b69599ba3a,292,True,,True,CREATE_COMPLETE,,cfn-eval-gt-check-497d0a1654,True,
68937867af327228801709e5a6f53297d917c08311ffdb052813bd5a31fd1310,295,True,,False,ROLLBACK_COMPLETE,"bedrockagentVPCEndpoint: Resource handler returned message: "" (Service: Ec2, Status Code: 400, Request ID: 55c27f7b-ae02-421f-a505-fdd38afb3847) (SDK Attempt Count: 1)"" (RequestToken: afba5f66-d13c-2e7d-3403-8bd8a1d73568, HandlerErrorCode: GeneralServiceException)",cfn-eval-gt-check-f23a59cb42,True,
25c4024db5a0461508d07d8cc4df6af4dd00ce98e83fff3733fb59a8f022dc3e,302,True,,True,CREATE_COMPLETE,,cfn-eval-gt-check-b4853eedc0,True,
333992834199a16cd11a634bfdc5ebc378d618985e00851b628b64bbdc1bbdc2,,True,,False,ROLLBACK_COMPLETE,DocDBParameterGroupDefault: test already exists in stack arn:aws:cloudformation:us-east-1:386347569109:stack/cfn-eval-gt-check-3e2401d0ed/e045b560-a062-11f1-abc6-0ef4eab46d73,cfn-eval-gt-check-3e2401d0ed,True,
1b2c056a42b59d307ac8c0631618e54111b4847416d8499dcd03e025cfc521d9,,True,,False,ROLLBACK_COMPLETE,ROLLBACK_COMPLETE: no StackStatusReason or FAILED resource event found,cfn-eval-gt-check-5d0de31677,True,
6e0418b06eee06857274d2f97edbce8206713ae73dfa3eea40c626a1badc7d97,,True,,False,ROLLBACK_COMPLETE,ROLLBACK_COMPLETE: no StackStatusReason or FAILED resource event found,cfn-eval-gt-check-798110d20f,True,
71d024652fed5bfd347078ee63d05904a3fda638ccca07768732dc6a22cb7795,,True,,True,CREATE_COMPLETE,,cfn-eval-gt-check-ecd2388965,True,
ab19844c5d7a9f65f036b7a1d1ca4af3ef667f1caf865f1475e4e2a1c8e4a6e8,,True,,False,ROLLBACK_COMPLETE,"CustomDomainName: Resource handler returned message: ""The domain name you provided already exists. (Service: ApiGateway, Status Code: 400, Request ID: 16508601-d87c-4ae1-aff9-acd14e7952a0) (SDK Attempt Count: 1)"" (RequestToken: 0c8a0f7c-1848-37e3-0fb2-11195df19b8a, HandlerErrorCode: AlreadyExists)",cfn-eval-gt-check-4773f334da,True,
cb56fa1058a950f13f0baf7fbbe8bff604b91027b3bd1573370af6294313e351,,True,,False,ROLLBACK_COMPLETE,ROLLBACK_COMPLETE: no StackStatusReason or FAILED resource event found,cfn-eval-gt-check-c9513855cd,True,
ac91f0a3ae7fa4853271b047ffa7a6c9ae4d31b65950b7ce2dbe3f46d8a41697,,True,,False,CREATE_IN_PROGRESS,CREATE_IN_PROGRESS: no StackStatusReason or FAILED resource event found,cfn-eval-gt-check-370b7184ca,True,
e9269dad861933fcbc188b2796ac3341cb98879ac1a2437f310ead218e7940f9,,True,,False,ROLLBACK_COMPLETE,"CognitoUserPoolWebACLAssociation: Resource handler returned message: ""Error reason: The ARN isn't valid. A valid ARN begins with arn: and includes other information separated by colons or slashes., field: RESOURCE_ARN, parameter: arn:aws:cognito-idp:us-east-1:386347569109:userpool/dummy-value (Service: Wafv2, Status Code: 400, Request ID: fd2887f5-e444-4135-9359-e8318907f63c) (SDK Attempt Count: 1)"" (RequestToken: bb3c1336-b30b-80df-99d9-22b8df200fc5, HandlerErrorCode: InvalidRequest)",cfn-eval-gt-check-e5b35c6ea8,True,
dce5e6b40e6c09790e8cd9a64de0f793baed173f56f40935060b92830fc5b0e2,,True,,False,ROLLBACK_COMPLETE,ROLLBACK_COMPLETE: no StackStatusReason or FAILED resource event found,cfn-eval-gt-check-84e8c542e5,True,
a809bf00854cf984f008009bd1c41178a60e6172097f0dc47b93266dce6a045a,,True,,False,ROLLBACK_COMPLETE,ROLLBACK_COMPLETE: no StackStatusReason or FAILED resource event found,cfn-eval-gt-check-3712f2f6cb,True,
07a24cc9d78228294bf84f92a51eb5915328b93afd27c37baa3dcda42d5d5110,,True,,False,ROLLBACK_COMPLETE,"DBTable: Resource handler returned message: ""Invalid request provided: Region name ""dummy-value"" is not valid"" (RequestToken: d9cd469b-4fbb-d576-2c69-bbc6e54f2afa, HandlerErrorCode: InvalidRequest)",cfn-eval-gt-check-d5763d00ee,True,
9178912487c11be785fe02c1ab0d7b1dc041208b875c90a050699b9f118eb8b7,,True,,False,ROLLBACK_COMPLETE,ROLLBACK_COMPLETE: no StackStatusReason or FAILED resource event found,cfn-eval-gt-check-ea8f7598c4,True,
b992ddabe1d0ce0a623e16220d2515fc401f6dd02e513939cb73334960780c25,,True,,False,ROLLBACK_COMPLETE,"cfn-eval-gt-check-773a5c5b2b: Validation failed with 2 error(s). Call DescribeEvents to retrieve the full list of issues with resource and property details, resolve each error, then retry the operation.",cfn-eval-gt-check-773a5c5b2b,True,
645ad283192f358f301a4c1852375c68088df500e3f1668a324256c8e9a5d143,,True,,False,ROLLBACK_COMPLETE,ROLLBACK_COMPLETE: no StackStatusReason or FAILED resource event found,cfn-eval-gt-check-dfefdf8040,True,
75312d64a1bf31a760327153e20160b8d51aa2d888c97cd582375e364902a2e2,,True,,False,ROLLBACK_COMPLETE,"KMSKey: Resource handler returned message: ""Policy contains a statement with one or more invalid principals. (Service: Kms, Status Code: 400, Request ID: 284f703d-80a9-462b-8bb4-29d197a4c1fd) (SDK Attempt Count: 1)"" (RequestToken: f87a9409-dd50-bc02-5c6e-dde75ed5d878, HandlerErrorCode: InvalidRequest)",cfn-eval-gt-check-c6ae30c732,True,
f6cf50f2eb7376417f9d7b5ef0eed174c22f2969d03d1e9c664230a6b0eb4589,,True,,,ERROR,"An error occurred (ValidationError) when calling the CreateStack operation: Unable to fetch parameters [/cdk-bootstrap/hnb659fds/version,github-personal-access-token] from parameter store for this account.",cfn-eval-gt-check-6f24aa3f3e,,not_attempted (stack was never created)
ced38b997c97b485b756791c7ef40a1fe5969dad7f99bae8aaddc438cde4fe57,,True,,False,ROLLBACK_COMPLETE,ROLLBACK_COMPLETE: no StackStatusReason or FAILED resource event found,cfn-eval-gt-check-7890655b46,True,
590b5315725d4a723b8d881f7d0881d544c5c91c205caa492464895af2f67594,,True,,,ERROR,"An error occurred (ValidationError) when calling the CreateStack operation: Unable to fetch parameters [/compliant/framework/management-services/directory-vpc/application-subnet/a/cidr,/compliant/framework/management-services/directory-vpc/application-subnet/b/cidr,/compliant/framework/management-services/directory-vpc/cidr,/compliant/framework/management-services/directory-vpc/data-subnet/a/cidr,/compliant/framework/management-services/directory-vpc/data-subnet/b/cidr,/compliant/framework/manag",cfn-eval-gt-check-6805c68f52,,not_attempted (stack was never created)
887cc38ad2847a277321c279b44f4bb01da4664ed94db8802e3a96203bf79cfa,,True,,,ERROR,"An error occurred (ValidationError) when calling the CreateStack operation: Unable to fetch parameters [/cdk-bootstrap/hnb659fds/version,/test-org/test-domain/caef-bootstrap/role-helper-service-token] from parameter store for this account.",cfn-eval-gt-check-f161228fe8,,not_attempted (stack was never created)
54b07b6bb1f8528a53a734ce2c05eb7775d78e4dfc6c79b265076a0507588da6,,True,,True,CREATE_COMPLETE,,cfn-eval-gt-check-173021201f,True,
8de21a58076622dca8b16bdce3772c08fdc7be0e4473f3f09e1e0804f5f1d145,,True,,True,CREATE_COMPLETE,,cfn-eval-gt-check-0ce71bb72d,True,
9e6ca845a0de84a3bd435d9592460623818ec9622cc6f33a1811cf1d5136d112,,True,,False,ROLLBACK_COMPLETE,"cfn-eval-gt-check-8d5fea0f8c: Validation failed with 1 error(s). Call DescribeEvents to retrieve the full list of issues with resource and property details, resolve each error, then retry the operation.",cfn-eval-gt-check-8d5fea0f8c,True,
c90031ade5a85af1eede5bf894dd961c16ed81eff4bd8719690c0737163a38c2,,True,,False,ROLLBACK_COMPLETE,"CustomerGateway: Resource handler returned message: ""Value (dummy-value) for parameter ipAddress is invalid. Invalid Format. (Service: Ec2, Status Code: 400, Request ID: 28f84941-bd3e-45ba-9c65-d1ca5c0bee09) (SDK Attempt Count: 1)"" (RequestToken: 7d172809-80ce-db89-d7fc-57ff54ae43ff, HandlerErrorCode: GeneralServiceException)",cfn-eval-gt-check-6d7fa616e7,True,
3599fc06a80c43649af98901120b40f2493ecee98e17224a1883f7769994474f,,True,,True,CREATE_COMPLETE,,cfn-eval-gt-check-7a4256e1e2,True,
51ce9d52c567ec2cad855f92a24c681dce2d1b5aaf8ec57705476b85244da619,,True,,False,ROLLBACK_COMPLETE,ROLLBACK_COMPLETE: no StackStatusReason or FAILED resource event found,cfn-eval-gt-check-475ffa48de,True,
73c64dd18abb844df8ff445d6f8269e7c1bd4071b9cd70305e2f5abaf9761875,,True,,False,ROLLBACK_COMPLETE,ROLLBACK_COMPLETE: no StackStatusReason or FAILED resource event found,cfn-eval-gt-check-3fd62837f4,True,
94523ef8a170ba9940e97cd8e7f168808d064411295ae454305d0903d6557f83,,True,,,ERROR,An error occurred (ValidationError) when calling the CreateStack operation: Unable to fetch parameters [/cdk-bootstrap/hnb659fds/version] from parameter store for this account.,cfn-eval-gt-check-db67dec4fc,,not_attempted (stack was never created)
11dc334a61435d216143598db55d8ef7ece8bcd745480a3fc541049b279e0b24,,True,,False,ROLLBACK_COMPLETE,"WorkerTaskDefinition: Resource handler returned message: ""Invalid request provided: Create TaskDefinition: Role is not valid (Service: AmazonECS; Status Code: 400; Error Code: ClientException; Request ID: f9adf44e-8080-43d5-bc65-86c8f126b836; Proxy: null)"" (RequestToken: fec83c22-6545-2dbb-4070-b2472afc0d2c, HandlerErrorCode: InvalidRequest)",cfn-eval-gt-check-51a27d0caf,True,
153e2c2317c72dacac621f949512189538cf76028a149f4864cfbf2a616f54cb,,True,,False,ROLLBACK_COMPLETE,"BaseStack: Embedded stack arn:aws:cloudformation:us-east-1:386347569109:stack/cfn-eval-gt-check-68b197dd82-BaseStack-1KRRLYKBCXQKO/6d482190-a069-11f1-8f41-0e9dcaa4ecab was not successfully created: The following resource(s) failed to create: [SnsNotificationHandlerFunction, SnsTopicPreloaderFunction, MultiLambdaInvokerFunction]. ",cfn-eval-gt-check-68b197dd82,True,
76dfe74b0be8abbc067aa32a24315b49658515331abc8617fff0579dd4e16028,,True,,False,ROLLBACK_COMPLETE,"SignalValidatorIntegration: Resource handler returned message: ""AWS ARN for integration must contain path or action (Service: ApiGatewayV2, Status Code: 400, Request ID: f402293b-a423-4b7b-92aa-14298fee4edf) (SDK Attempt Count: 1)"" (RequestToken: 015f2261-2db2-eebf-9b25-953ac83af66a, HandlerErrorCode: InvalidRequest)",cfn-eval-gt-check-00c9b03dd1,True,
343a78c95625bcd2f4c2690a8af05e5b985ee5a782e5f98f5a66b70fd715450b,,True,,True,CREATE_COMPLETE,,cfn-eval-gt-check-9b60985455,True,
e70dcb77221d0a1fe716c28b04c43c70aa7cfff2a774b71fd0df73e8c1a00343,,True,,False,ROLLBACK_COMPLETE,ROLLBACK_COMPLETE: no StackStatusReason or FAILED resource event found,cfn-eval-gt-check-7022203aea,True,
0a21f9b05196ca2e34c50ed06ac551a2792c2e3fae806a5a30256d9598a1bead,,True,,False,ROLLBACK_COMPLETE,ROLLBACK_COMPLETE: no StackStatusReason or FAILED resource event found,cfn-eval-gt-check-412ae18c65,True,
56ab3b3767983e31f573ed0b2507bf6ae5f6e6e73d9077226b79fea33fc7e0c1,,True,,False,ROLLBACK_COMPLETE,"LambdaRender: Resource handler returned message: ""Error occurred while GetObject. S3 Error Code: NoSuchBucket. S3 Error Message: The specified bucket does not exist (Service: Lambda, Status Code: 400, Request ID: 4dbbb409-9c52-43be-bea6-b65eb5b94797) (SDK Attempt Count: 1)"" (RequestToken: c712d9a6-cfcd-540b-4a00-ca4203c3b89c, HandlerErrorCode: InvalidRequest)",cfn-eval-gt-check-592a49f662,True,
d7918a357a031b6d75083eab273b8fb7d6c915a402aa02d5d8a41484406baafe,,True,,True,CREATE_COMPLETE,,cfn-eval-gt-check-8f29cca3a6,True,
f2cd1040146b872ea8f15bc5ad557cac6e2e138cb9a864398b7bbe7f716246fb,,True,,True,CREATE_COMPLETE,,cfn-eval-gt-check-4368f6229f,True,
4ef0aca5b9f038108ea041cd577e02967d07d4ce5202447470ac0080875bfd50,,True,,False,ROLLBACK_COMPLETE,"DeploymentGroupWithName: Resource handler returned message: ""No application found for name: app (Service: CodeDeploy, Status Code: 400, Request ID: 45166d91-667e-49eb-bbbb-e2b7f2f1dd1e) (SDK Attempt Count: 1)"" (RequestToken: 9e6f99db-f860-6096-5b23-52b4b36058a0, HandlerErrorCode: InvalidRequest)",cfn-eval-gt-check-d0dfb0a964,True,
965b7c523712504c66751c4afb45b685072984c6c9ca8b8527df9ab3161fa933,,False,"aws: [ERROR]: An error occurred (ValidationError) when calling the ValidateTemplate operation: Template format error: YAML not well-formed. (line 22, column 18)

Additional error details:
Type: Sender",,skipped,validate_failed,,,not_attempted
0cdab894e42505aa44a1b09876e9ed5f778057420aa7ff7b025ba89d87c4be3b,,True,,True,CREATE_COMPLETE,,cfn-eval-gt-check-d715deface,True,
565bef346a63e7e0e5e00233f2221257e658e52e15659b5c1ee3efefa48ce413,,True,,True,CREATE_COMPLETE,,cfn-eval-gt-check-153b86b73b,True,
72bfc7f6996490f78af293868cfab30239d4806c7baca0cbd7785768abb26538,,True,,False,ROLLBACK_COMPLETE,ROLLBACK_COMPLETE: no StackStatusReason or FAILED resource event found,cfn-eval-gt-check-7209c628d4,True,
9162b44ad7cba59aba63639060aa7de6ae3e31ec6eb9140cd1311e49cdee90cf,,True,,True,CREATE_COMPLETE,,cfn-eval-gt-check-53d3a15a1c,True,
6da75f7d8e3cadf1365b06f15f9f287dccde6846519df90cda267ed45dd7a82f,,True,,False,ROLLBACK_COMPLETE,"MyBucket: Resource handler returned message: ""Bucket already exists: dummy-value (Service: Lightsail, Status Code: 400, Request ID: b5d96076-d06d-439e-af66-114c5e97f9c1) (SDK Attempt Count: 1)"" (RequestToken: af4d932b-e0b8-a38e-c577-4355e42657d9, HandlerErrorCode: InvalidRequest)",cfn-eval-gt-check-dc3e303995,True,
6bb36544cddce68030b96c4170b5a114788ef9c4d151a48f97296d5626d5d753,,True,,False,ROLLBACK_COMPLETE,DRContainer: The location for an Amazon S3 bucket must start with https://,cfn-eval-gt-check-481213972e,True,
124ae5eb0e2e87011fb27b3040cce9bbe3f8659df753bacf4301101a0b7c3bca,,True,,False,ROLLBACK_COMPLETE,ROLLBACK_COMPLETE: no StackStatusReason or FAILED resource event found,cfn-eval-gt-check-61f565ff1f,True,
f782af3ec6bd5f9bdbfbd1233df0b63c3cc915c0a9aa097c9ced6806f69ebb75,,True,,False,ROLLBACK_COMPLETE,AcmCertificateUIDomain: Secrets Manager can't find the specified secret. (Service: AWSSecretsManager; Status Code: 400; Error Code: ResourceNotFoundException; Request ID: 1790d30a-dce4-43a6-addb-f9a0d10fdd5a; Proxy: null),cfn-eval-gt-check-5d7f3bb34e,True,
dc2436a549e8b78471fdd8e527cc7d4e749e29c4033500c68b7655a0db02660f,,True,,False,ROLLBACK_COMPLETE,VPCPeeringConnection: Secrets Manager can't find the specified secret. (Service: AWSSecretsManager; Status Code: 400; Error Code: ResourceNotFoundException; Request ID: f2f351b1-1183-41f9-b4eb-8f8da993857d; Proxy: null),cfn-eval-gt-check-56d125788b,True,
34d91d367c05a65450a80b1a4ad7d9971edd97fca92ce3f289993797f2d017af,,True,,,ERROR,"An error occurred (ValidationError) when calling the CreateStack operation: Template format error: Output MountTarget1 is malformed. The Name field of every Export member must be specified and consist only of alphanumeric characters, colons, or hyphens.",cfn-eval-gt-check-0359eacec4,,not_attempted (stack was never created)
a0194f91dc3136636f92b705df4f66cc71521ba64c99ea0e4195230487b8610c,,True,,False,ROLLBACK_COMPLETE,ROLLBACK_COMPLETE: no StackStatusReason or FAILED resource event found,cfn-eval-gt-check-ff936a932c,True,
30cafd1554d1fb8a058b32fa71a546dec7b2150af4be45e438715fa52981356e,,True,,False,ROLLBACK_COMPLETE,"ServiceDiscoveryNamespace: Resource handler returned message: ""The VPC: vpc-00000000000000000 in region us-east-1 that you provided is not authorized to make the association. (Service: AmazonRoute53; Status Code: 400; Error Code: InvalidVPCId; Request ID: 5c62779a-49bf-4019-a1df-310f26163663; Proxy: null)"" (RequestToken: 4060387f-5e2c-8f68-515f-81d550c3509a, HandlerErrorCode: NotStabilized)",cfn-eval-gt-check-6ca3945a60,True,
1c106a05fce5032752d947e8dfdab1de41d5d0b5b3d571cf4df704a8cc85e23e,,True,,False,ROLLBACK_COMPLETE,ROLLBACK_COMPLETE: no StackStatusReason or FAILED resource event found,cfn-eval-gt-check-021cbd38a4,True,
616c64a44efd6e5f2b62a157cf409cd89d562750b3244e86193c6dcbef57fde6,,True,,,ERROR,An error occurred (ValidationError) when calling the CreateStack operation: Parameter 'DataType' must be one of AllowedValues,cfn-eval-gt-check-c5f22e9a67,,not_attempted (stack was never created)
fda43790959c99299d5fccbb76756b82cb2db4383ae218056f8fbc816e93e25a,,True,,False,ROLLBACK_COMPLETE,"FlowLog: Resource handler returned message: ""Unknown resource vpc-00000000000000000 (Service: Ec2, Status Code: 400, Request ID: a049e2f5-50b9-41c1-a0ea-1d211461ec79) (SDK Attempt Count: 1)"" (RequestToken: cab376d2-e00e-bf7a-a409-fa7c3304b5d0, HandlerErrorCode: GeneralServiceException)",cfn-eval-gt-check-5427108233,True,
ff70afd148911854e6fe0332f5a540725cc6f98a031f8811cfd8edbd6f9b66e8,,True,,True,CREATE_COMPLETE,,cfn-eval-gt-check-d8bb79bfef,True,
df55d66cba8c3c2496a7406beeaf78e2d183399057db470ff50e44ffd2eaefb0,,True,,False,ROLLBACK_COMPLETE,ROLLBACK_COMPLETE: no StackStatusReason or FAILED resource event found,cfn-eval-gt-check-9498b312a2,True,
f6e9ee9cc9f2c327b2f629c88bc84d873a55e57746e37eb903c7cc05c141f51a,,True,,False,ROLLBACK_COMPLETE,"usagePlan: Resource handler returned message: ""Invalid API identifier specified 386347569109:MyRestApi (Service: ApiGateway, Status Code: 404, Request ID: ac319955-7d65-4490-8cf3-609e2174166e) (SDK Attempt Count: 1)"" (RequestToken: bd69213a-0112-d6ac-26d8-2839c66f6476, HandlerErrorCode: NotFound)",cfn-eval-gt-check-d3759c3a96,True,
782a0fd7139408c4db79538e5cd74a90e67cf56f3a01188dbd75720946065383,,True,,False,ROLLBACK_COMPLETE,"AddonCustomResourceLayer: Resource handler returned message: ""Error occurred while GetObject. S3 Error Code: PermanentRedirect. S3 Error Message: The bucket is in this region: us-east-2. Please use this region to retry the request (Service: Lambda, Status Code: 400, Request ID: 1e0b5b84-9718-45cc-be2d-09a5cf4f51de) (SDK Attempt Count: 1)"" (RequestToken: 7cd4b3ab-0a61-5487-893d-1de3bf3941fb, HandlerErrorCode: InvalidRequest)",cfn-eval-gt-check-db4565a287,True,
496940ef7ba89c7c7369bc819d089e1945ec134dad7e7c349cd14ba166c82b3b,,True,,False,ROLLBACK_COMPLETE,"Cloud9Instance: Resource handler returned message: ""This account does not have access to the Cloud9 service"" (RequestToken: 4f0dd591-4ddd-41ac-b8c7-b24acb195cfd)",cfn-eval-gt-check-ef9e49d06d,True,
ada015d96a2d2cf6ceca599ed7a6a093c5de5847651774f0ea18493364cfd17d,,True,,,ERROR,An error occurred (ValidationError) when calling the CreateStack operation: Parameter 'ImageTag' must match pattern ^[a-f0-9]{40}$,cfn-eval-gt-check-91b5938d63,,not_attempted (stack was never created)
50a0b6f8728c287defb924e0ab453569830604c9ce79775bfce0fa2cb94bfd09,,True,,True,CREATE_COMPLETE,,cfn-eval-gt-check-9c02b61a23,True,
7b1e4155f117453cc869ba08bbafb9bcd99ac8e7263a26cd41a051b0f3566474,,True,,False,ROLLBACK_COMPLETE,"LayerBuild: Failed to call CreateWebhook, reason: Access token not found in CodeBuild project for server type github (Service: AWSCodeBuild; Status Code: 400; Error Code: ResourceNotFoundException; Request ID: 08c2b599-3332-46e8-ad60-d7fd7785771f; Proxy: null)",cfn-eval-gt-check-4e043bdef0,True,
eefd23e8911b684d3a620d74ccb0a0132317d3aa53215a6ebb0457e52563049b,,True,,,ERROR,An error occurred (ValidationError) when calling the CreateStack operation: Parameter Environment failed to satisfy constraint: Can contain 4 to 8 lower case alphanumeric characters.,cfn-eval-gt-check-fcc87148bd,,not_attempted (stack was never created)
68aa84ab6036580682dd5045d69dc4d1328da54731d6ecf77ef28fce7a818c2f,,True,,False,ROLLBACK_COMPLETE,ROLLBACK_COMPLETE: no StackStatusReason or FAILED resource event found,cfn-eval-gt-check-552e635ecb,True,
6630bf60a2fadfe04a0c156601bf620f810d3f043d9397c524a40d9913bf9f8d,,True,,False,ROLLBACK_COMPLETE,ROLLBACK_COMPLETE: no StackStatusReason or FAILED resource event found,cfn-eval-gt-check-a8e90e7586,True,
a83e5ad69382025744876fb98da2eef13b8da90a1ff9389d5d686f52dd90a5b8,,True,,False,ROLLBACK_COMPLETE,ROLLBACK_COMPLETE: no StackStatusReason or FAILED resource event found,cfn-eval-gt-check-333e8e7377,True,
4d4d50dfa00d7b2ac06ed41ae9c69fa8860c295eae06a60c83045f7381272044,,True,,True,CREATE_COMPLETE,,cfn-eval-gt-check-c372ecc3eb,True,
3a7e44913c16c23afc0baac9e77a0bc5b857ff8e517a1da97d0a74df10299d9f,,True,,True,CREATE_COMPLETE,,cfn-eval-gt-check-258c85b4f0,True,
842240aa0d230da9b1b83111cec9131f50107c3c515fe1d347553c7df7f86851,,True,,,ERROR,An error occurred (ValidationError) when calling the CreateStack operation: Parameter PCSClusterId failed to satisfy constraint: Must match pattern: pcs_XXXXXXXXXX where X can be letters or numbers,cfn-eval-gt-check-074696cc97,,not_attempted (stack was never created)
0e73a95964c9849c53c4e8a61d985e3b33bf674464624f2cc7d0deb589b4f0d7,,True,,False,ROLLBACK_COMPLETE,"S3BucketSource: Resource handler returned message: ""Destination bucket must exist. (Service: S3, Status Code: 400, Request ID: NAHX0GCBZ8A4RWB6, Extended Request ID: cqZ0tI/iKeMAldhoQVra/+ZQz/pEAO4PIzYW6sTyrSsfA7F6mk3axyfailQJeqItS2heupldiuYHnBe1X+OeUVT7ZTlc1Cvl) (SDK Attempt Count: 1)"" (RequestToken: 0ca82fb4-1018-4ed8-777d-82453863fa5a, HandlerErrorCode: InvalidRequest)",cfn-eval-gt-check-6f2417948a,True,
279b9c3580bcbf0c3d6f7674e273bf013e539514f04de6d91b7a0aea0016407f,,True,,False,ROLLBACK_COMPLETE,"BuildUnittest: Failed to call CreateWebhook, reason: Access token not found in CodeBuild project for server type github (Service: AWSCodeBuild; Status Code: 400; Error Code: ResourceNotFoundException; Request ID: 644b1ba1-0d41-4734-95c7-d5f8c047e741; Proxy: null)",cfn-eval-gt-check-809214c229,True,
12d26a9b8d4be46f0e1c1167b4d8b46003237f9f20049cb01d29a0007f18c36a,,True,,False,ROLLBACK_COMPLETE,"KmsKey: Resource handler returned message: ""Policy contains a statement with one or more invalid principals. (Service: Kms, Status Code: 400, Request ID: 74216a71-da39-462d-95f5-35ca2a251d3f) (SDK Attempt Count: 1)"" (RequestToken: 038b0762-eec3-c719-2ef8-df21d2b815cc, HandlerErrorCode: InvalidRequest)",cfn-eval-gt-check-1e3f35e315,True,
01eb39daad89a52e877324bc0a2a3f9afa30c30c8632d9dc8d78d17b670d0b51,,True,,False,ROLLBACK_COMPLETE,"cfn-eval-gt-check-16d6306215: Validation failed with 4 error(s). Call DescribeEvents to retrieve the full list of issues with resource and property details, resolve each error, then retry the operation.",cfn-eval-gt-check-16d6306215,True,
f18f5000ca270a6d38620571da0602ca8cceb556c5c2644af1aca6333d1867c1,,True,,False,ROLLBACK_COMPLETE,"SuperCoolAPI: Resource handler returned message: ""Invalid User Pool region. (Service: AWSAppSync; Status Code: 400; Error Code: BadRequestException; Request ID: 9ed1ca94-dda1-49ae-a469-74e8458811f8; Proxy: null)"" (RequestToken: f87e7f55-0a2d-4611-9d94-0be7f7020774)",cfn-eval-gt-check-57f572bff1,True,
9b16468ec7f813a8a43604f4d9bb12f548f056c66d93da0c62b793b6c1a107c8,,True,,False,ROLLBACK_COMPLETE,"cfn-eval-gt-check-95e58257af: Validation failed with 2 error(s). Call DescribeEvents to retrieve the full list of issues with resource and property details, resolve each error, then retry the operation.",cfn-eval-gt-check-95e58257af,True,
b6ff0e6640223f777b3a3106fbe6be6af68cacbd6aed9d51ebbf31c2c81c10b3,,True,,False,ROLLBACK_COMPLETE,ROLLBACK_COMPLETE: no StackStatusReason or FAILED resource event found,cfn-eval-gt-check-dbf0b7b81a,True,
808b23fa0a49f4562e1fad04f62164af79fa9d08d1c6a568cdb3d94ff786c964,,True,,False,ROLLBACK_COMPLETE,ROLLBACK_COMPLETE: no StackStatusReason or FAILED resource event found,cfn-eval-gt-check-d1536bf2af,True,
5a8c5e5fb0639963344dbebc14616a94d64d21c655e847bd8f8fddc138b6052d,,True,,False,ROLLBACK_COMPLETE,ROLLBACK_COMPLETE: no StackStatusReason or FAILED resource event found,cfn-eval-gt-check-216a971bc6,True,
1db18e77b167641d92b2095c9642d45f516956de4370f3ccbf0380550be326c8,,True,,False,ROLLBACK_COMPLETE,ROLLBACK_COMPLETE: no StackStatusReason or FAILED resource event found,cfn-eval-gt-check-9d7987c8db,True,
03986d86a2cc4d7b2b30b33ab6d4f1963345297999d42ae9bd006f27e6ebb964,,True,,False,ROLLBACK_COMPLETE,ROLLBACK_COMPLETE: no StackStatusReason or FAILED resource event found,cfn-eval-gt-check-1b0670348c,True,
2fe6ad616cbee3f25f85599ef1a9d0e157447ffbacb28996a16ce93cc0201554,,True,,True,CREATE_COMPLETE,,cfn-eval-gt-check-cff164ec29,True,
b94c0afc356471bbad3387e3d1605a4479ab05f650a3c9e8c1905ed61210b953,,True,,False,ROLLBACK_COMPLETE,ROLLBACK_COMPLETE: no StackStatusReason or FAILED resource event found,cfn-eval-gt-check-2f72201258,True,
4b4525e977a3485fc75043950c0b9e66fd05862d0d8dc792b9c089aec00dec77,,True,,,ERROR,An error occurred (ValidationError) when calling the CreateStack operation: Parameter 'DataType' must be one of AllowedValues,cfn-eval-gt-check-b0f7227e83,,not_attempted (stack was never created)
935b3cf402dfd02422cfc1a0fbca741483fdc058074289df072619c8666c9e1d,,True,,False,ROLLBACK_COMPLETE,ROLLBACK_COMPLETE: no StackStatusReason or FAILED resource event found,cfn-eval-gt-check-8bfe004978,True,
2b165c1a2da6db59ddd5b48d28b1b29f1427e4b9baef7a1ab1aad39157aa7841,,True,,True,CREATE_COMPLETE,,cfn-eval-gt-check-719f4019f5,True,
960a9a64409759cdbf0610c154e02eaf070529cfae6efad2a082373b26b47fe3,,True,,True,CREATE_COMPLETE,,cfn-eval-gt-check-7e8671bae5,True,
9b6bf6a4656ca90cabc381eca6c927efca9560e1a7e6fcf2e2e3e44630d1f510,,True,,,ERROR,An error occurred (ValidationError) when calling the CreateStack operation: Parameter 'Token' must match pattern ^[a-zA-Z0-9]+$,cfn-eval-gt-check-818caa041b,,not_attempted (stack was never created)
3f6bf1dade2b911a71567ff08f26450c45b053d854e0e05cee2fa6d7b0be9c30,,True,,False,ROLLBACK_COMPLETE,"CWANAttachment: Resource handler returned message: ""User: arn:aws:iam::386347569109:user/root is not authorized to perform: networkmanager:CreateVpcAttachment on resource: * with an explicit deny in a resource-based policy (Service: NetworkManager, Status Code: 403, Request ID: d50cca14-b61b-4dd4-9ea4-78336b94c9d2) (SDK Attempt Count: 1)"" (RequestToken: 99820306-a975-883c-b461-74f7fcd2c35c, HandlerErrorCode: AccessDenied)",cfn-eval-gt-check-2f9e4217c2,True,
13750e645008fde3168a407c2ccac698039353f8cf804d4bb8f373c801f4d53c,,True,,True,CREATE_COMPLETE,,cfn-eval-gt-check-dc6d943fa3,True,
7c4b99d13153a7c307c27c783a0ac0f894f69423bc3dfe0c83dde08ccefd6fb1,,True,,False,ROLLBACK_COMPLETE,"cfn-eval-gt-check-27d2e9747a: Validation failed with 3 error(s). Call DescribeEvents to retrieve the full list of issues with resource and property details, resolve each error, then retry the operation.",cfn-eval-gt-check-27d2e9747a,True,
57a79d73ad01141e773950b9ec34fdf7eff86681f2bd08089bdbe47b30fd2bce,,True,,True,CREATE_COMPLETE,,cfn-eval-gt-check-44a1f7ec1f,True,
43a86f0aef5db12945605cfe5a530ff57cd664a49d345d934e20bf7b993a414b,,True,,False,ROLLBACK_COMPLETE,ROLLBACK_COMPLETE: no StackStatusReason or FAILED resource event found,cfn-eval-gt-check-df2ccb4462,True,
ff41182506fefd2d43450f6c7ff6e4eee2756f95a75956e334f958f91a001ea6,,True,,False,ROLLBACK_COMPLETE,ROLLBACK_COMPLETE: no StackStatusReason or FAILED resource event found,cfn-eval-gt-check-acd605598f,True,
3313ee1c4a0668cad33c8e0ee20ec998df16f3c91de8869cf8d9a7af7b1b6bf4,,True,,False,ROLLBACK_COMPLETE,ROLLBACK_COMPLETE: no StackStatusReason or FAILED resource event found,cfn-eval-gt-check-0b170120cd,True,
307b04a91f708aa98566b430d3ce240a49a4762414594ce800966524dd33f6f2,,True,,False,ROLLBACK_COMPLETE,ROLLBACK_COMPLETE: no StackStatusReason or FAILED resource event found,cfn-eval-gt-check-24e1197baa,True,
41ebc3ea064c04b60ee4a7171f89f88a561e39f456be37d77ea95112c8fd79dd,,True,,False,ROLLBACK_COMPLETE,ROLLBACK_COMPLETE: no StackStatusReason or FAILED resource event found,cfn-eval-gt-check-e023cc73bf,True,
c75c9f3b7bd0473a8febba0ebd28ff6717cf9f665f4876f46625ba7b71ef05f6,,True,,False,ROLLBACK_COMPLETE,"KmsKey: Resource handler returned message: ""Policy contains a statement with one or more invalid principals. (Service: Kms, Status Code: 400, Request ID: 799e7216-7dd6-4b7b-b74b-401b15835684) (SDK Attempt Count: 1)"" (RequestToken: b7b80d2d-5278-ca60-f4d3-41e9f0488edb, HandlerErrorCode: InvalidRequest)",cfn-eval-gt-check-0ff55bb800,True,
c83097ef333017e4d9e1619fb86ba24225628035a3811d8ebda04f83f0b863d7,,True,,False,ROLLBACK_COMPLETE,"MSKProducerSG: Resource handler returned message: ""The vpc ID 'vpc-00000000000000000' does not exist (Service: Ec2, Status Code: 400, Request ID: 09699979-f438-4865-8d42-38124dff5c8f) (SDK Attempt Count: 1)"" (RequestToken: 64e0175a-a159-f0c0-bc9f-5a5da05ccf2e, HandlerErrorCode: InvalidRequest)",cfn-eval-gt-check-3d08d8b3ec,True,
587c7aef896a6f4e5d84114a5cdef3fbcf10ef553f51bf9fa5167d0d9fff4ef7,,True,,False,ROLLBACK_COMPLETE,"cfn-eval-gt-check-b1c65eb396: Validation failed with 1 error(s). Call DescribeEvents to retrieve the full list of issues with resource and property details, resolve each error, then retry the operation.",cfn-eval-gt-check-b1c65eb396,True,
36cec950127e0f0c37f27891cf36654b5ef42a9aec75d6f4cb86f854bcca7921,,True,,False,ROLLBACK_COMPLETE,ROLLBACK_COMPLETE: no StackStatusReason or FAILED resource event found,cfn-eval-gt-check-755314b760,True,
36e835badb13437ff3f3156077b0f59daae1eb9630ca1c776b0017f99fb503aa,,True,,True,CREATE_COMPLETE,,cfn-eval-gt-check-9be8b1a09c,True,
2e6db497dedbe99e4b87e904dbce1f74db191368c3351d87ec80704cfeeb0a1f,,True,,False,ROLLBACK_COMPLETE,"SageMakerDomain: Resource handler returned message: ""Invalid request provided: 1 validation error detected: Value '[dummy-a, dummy-b]' at 'subnetIds' failed to satisfy constraint: Member must satisfy constraint: [Member must have length less than or equal to 32, Member must have length greater than or equal to 0, Member must satisfy regular expression pattern: subnet-[a-z0-9]{8,}]"" (RequestToken: f1205bed-40c5-5c32-873f-a0bf96c068e7, HandlerErrorCode: InvalidRequest)",cfn-eval-gt-check-70155cb428,True,
9147341c294216dfaa5fa54a298e7a9a3a723eb72e9e4da8cb99966a92216c9a,,True,,True,CREATE_COMPLETE,,cfn-eval-gt-check-094b826b08,True,
e37144e4a972dbab77a7ac3f3e25abad185f7b9003a26b20dabcacfbff5e7f3e,,True,,False,ROLLBACK_COMPLETE,"VPC: Embedded stack arn:aws:cloudformation:us-east-1:386347569109:stack/cfn-eval-gt-check-8dd511ab72-VPC-184RFNX1OSPG5/22d65220-a08d-11f1-8018-12eaf402f69b was not successfully created: The following resource(s) failed to create: [NatInstanceSpotFleetA, NatInstanceSpotFleetC, WaitUserData, NatInstanceSpotFleetB]. ",cfn-eval-gt-check-8dd511ab72,True,
ff5f1d90a936b121bb95d3eec7d1964eae8b2ea01090d39d9390affbd1f7f741,,True,,False,ROLLBACK_COMPLETE,ROLLBACK_COMPLETE: no StackStatusReason or FAILED resource event found,cfn-eval-gt-check-2e71f5fe44,True,
81a864314c4344f5b77a4785a3b1cebeac5c031ba983f08e13bcad48c4610fad,,True,,,ERROR,An error occurred (ValidationError) when calling the CreateStack operation: Parameter AllowedIps failed to satisfy constraint: Must be IPv4 CIDR notation: X.X.X.X/X,cfn-eval-gt-check-300a7eca1a,,not_attempted (stack was never created)
2af3e443b6c283e3df8f18a95e06c2e17a27206bd8f719baac0869a74074b15f,,True,,,ERROR,An error occurred (ValidationError) when calling the CreateStack operation: Parameter 'PCSClusterId' must match pattern ^pcs_[0-9a-z]*$,cfn-eval-gt-check-818f5fb092,,not_attempted (stack was never created)
ea733a853c8f9ac091660757df931a4dab74eb2e024fabade5f5d7760f11123d,,True,,False,ROLLBACK_COMPLETE,ROLLBACK_COMPLETE: no StackStatusReason or FAILED resource event found,cfn-eval-gt-check-b132391daf,True,
730ec97e9d7ec9738a5e6fff6727611a80fbc8addc8632bfb4df0bf827b00d5b,,True,,True,CREATE_COMPLETE,,cfn-eval-gt-check-c52cc444ac,True,
230b6ce7d0fd8c34ad9666853367f4ced3f823f637613869e0e34ea2379d8c90,,True,,False,ROLLBACK_COMPLETE,"InstanceSecurityGroup: Resource handler returned message: ""The vpc ID 'vpc-00000000000000000' does not exist (Service: Ec2, Status Code: 400, Request ID: 82271ef7-cb8c-4db1-8310-b62e9526a016) (SDK Attempt Count: 1)"" (RequestToken: 356f66ab-5439-564c-5a3e-b1172d13ed82, HandlerErrorCode: InvalidRequest)",cfn-eval-gt-check-80f944f901,True,
a8b4f666280c14f9634c6cf2e11178e13c619bc31a570957cac94b1a8ac01527,,True,,False,ROLLBACK_COMPLETE,ROLLBACK_COMPLETE: no StackStatusReason or FAILED resource event found,cfn-eval-gt-check-4d288815bd,True,
cc3d7e1b8a1be0b4ee8b0a87e2a723b72a2e54729efb8c6cb9ee834e0fa71484,,True,,False,ROLLBACK_COMPLETE,ROLLBACK_COMPLETE: no StackStatusReason or FAILED resource event found,cfn-eval-gt-check-3e7180143c,True,
14d6c7bf00103a0d76373bee6d8c0a849e017ca9a6f4fe7d64ad4cd968c5a8b2,,True,,False,ROLLBACK_COMPLETE,"ApiGatewayDomainNameV27c603ed871: Resource handler returned message: ""Invalid request provided: Invalid certificate ARN: arn:aws:acm:us-east-1:123456789012:certificate/another-api-cert. Cross-account certificate references are not allowed. (Service: ApiGateway, Status Code: 400, Request ID: 33ad1dfc-19d1-4a49-bc0b-972e44ebacb2) (SDK Attempt Count: 1)"" (RequestToken: 55897886-21fc-1e5f-a399-02d5e9d561f9, HandlerErrorCode: InvalidRequest)",cfn-eval-gt-check-c4f8f1d200,True,
9592cc520d42b9d179a5f5022370b6f5338440ce6a221536a96aa57e39feeb49,,True,,False,ROLLBACK_COMPLETE,"cfn-eval-gt-check-966d5ee4c4: Validation failed with 1 error(s). Call DescribeEvents to retrieve the full list of issues with resource and property details, resolve each error, then retry the operation.",cfn-eval-gt-check-966d5ee4c4,True,
7f4a04412deea676150351d597d4f9f30990ebb92f283fe2e2b01b685fd3c26d,,True,,True,CREATE_COMPLETE,,cfn-eval-gt-check-17c81482c3,True,
6ad8c752e6ad62651a70600e14e3894f7761fe4092f70fadcae9ab61570b33db,,True,,False,ROLLBACK_COMPLETE,ROLLBACK_COMPLETE: no StackStatusReason or FAILED resource event found,cfn-eval-gt-check-6cb4f52613,True,
dc6c4fb272ed894742578e846c95213b6d93abe334310ce6e3a1c5abdabfb926,,True,,False,ROLLBACK_COMPLETE,ROLLBACK_COMPLETE: no StackStatusReason or FAILED resource event found,cfn-eval-gt-check-cce75be6c8,True,
9a25f8a03a29597cacf2abf4b13b152cf4cf4f634c39d6cbd39b2fb58d404429,,True,,False,ROLLBACK_COMPLETE,"InstanceSecurityGroup: Resource handler returned message: ""No default VPC for this user. GroupName is only supported for EC2-Classic and default VPC. (Service: Ec2, Status Code: 400, Request ID: b0335b90-6e3a-4d31-b31a-a165c0f3f4b7) (SDK Attempt Count: 1)"" (RequestToken: aab61230-0898-b0ad-c82f-e44727fa0621, HandlerErrorCode: InvalidRequest)",cfn-eval-gt-check-dc77f34d23,True,
393946caf5f40a7a996a9167733b2446741d748e09f0f2634f0e0079dbf8f66a,,True,,False,ROLLBACK_COMPLETE,ROLLBACK_COMPLETE: no StackStatusReason or FAILED resource event found,cfn-eval-gt-check-c4317bb932,True,
91c877bc0170bec2364e94facd988923f6652c82ea2958f36fb39eefe495e263,,True,,,ERROR,An error occurred (ValidationError) when calling the CreateStack operation: Parameter DNSProcessorServiceToken failed to satisfy constraint: must be an SNS topic ARN,cfn-eval-gt-check-421662afe2,,not_attempted (stack was never created)
73d2171835047b5838fec939e02717399a33a9762770836feb36e27fb4eb5c99,,True,,True,CREATE_COMPLETE,,cfn-eval-gt-check-485bbdd30c,True,
b3a2f33584587f3e02ed467b921b595b1273df2819be064469a9efeceb256be4,,True,,False,CREATE_IN_PROGRESS,CREATE_IN_PROGRESS: no StackStatusReason or FAILED resource event found,cfn-eval-gt-check-ba5fb46263,False,Waiter StackDeleteComplete failed: Max attempts exceeded
140b4ca25f76913369b63c2667b6bf2f5ea6959b3ff7e220125531481357e8c2,,True,,,ERROR,An error occurred (ValidationError) when calling the CreateStack operation: Template error: Fn::Select  cannot select nonexistent value at index 1,cfn-eval-gt-check-e6a42dc515,,not_attempted (stack was never created)
d64777fb855423792ceb66c126aa4cea0be2d0aa3a793dcc202d7c0988cf9680,,True,,False,ROLLBACK_COMPLETE,"ResourceVersion: Resource handler returned message: ""1 validation error detected: Value 'dummy-value' at 'schemaHandlerPackage' failed to satisfy constraint: Member must satisfy regular expression pattern: ^(https|s3)\:\/\/.+ (Service: CloudFormation, Status Code: 400, Request ID: a2259df2-ddfc-491d-9d50-c9f4ab7b83d6) (SDK Attempt Count: 1)"" (RequestToken: e069bf9e-251a-81c4-b841-6f1c504d7573, HandlerErrorCode: InvalidRequest)",cfn-eval-gt-check-315594383a,True,
59e51c56d4dae2b46e2402ea0eb20288f96695d7a44cdf76190e5baf2c68d468,,True,,,ERROR,An error occurred (ValidationError) when calling the CreateStack operation: Parameter CustomIdentifier failed to satisfy constraint: must only contain uppercase and lowercase letters and numbers,cfn-eval-gt-check-ef82f688bf,,not_attempted (stack was never created)
f2e1b728484437e8212d85a25a248503348bedb4e2d07d9993e204c9b0c2193f,,True,,,ERROR,"An error occurred (ValidationError) when calling the CreateStack operation: Parameter 'DomainAdminPassword' must match pattern (?=^.{6,255}$)((?=.*\d)(?=.*[A-Z])(?=.*[a-z])|(?=.*\d)(?=.*[^A-Za-z0-9])(?=.*[a-z])|(?=.*[^A-Za-z0-9])(?=.*[A-Z])(?=.*[a-z])|(?=.*\d)(?=.*[A-Z])(?=.*[^A-Za-z0-9]))^.*",cfn-eval-gt-check-1843e8ae38,,not_attempted (stack was never created)
ab673c79b1953f2f22a53f089c3892a0ef99871cd524fdb5ba384a91fc112472,,True,,False,ROLLBACK_COMPLETE,"cfn-eval-gt-check-5a2cc8b9d7: Validation failed with 1 error(s). Call DescribeEvents to retrieve the full list of issues with resource and property details, resolve each error, then retry the operation.",cfn-eval-gt-check-5a2cc8b9d7,True,
78f7ccb98adea75407e02622e50fb985eefa37f3dbb8690f4f182fd7006f31d4,,True,,False,ROLLBACK_COMPLETE,"cfn-eval-gt-check-8294d46c83: Validation failed with 1 error(s). Call DescribeEvents to retrieve the full list of issues with resource and property details, resolve each error, then retry the operation.",cfn-eval-gt-check-8294d46c83,True,
4f941fe3a92cbd2920e358c57456dd442cf76457f2e8d9d26285bc4ae40a871c,,True,,True,CREATE_COMPLETE,,cfn-eval-gt-check-1559497531,True,
5c71da2ec42d15dca3c2d3c923b6ccb8b4aa925c5713d416114b50ecc1293c0a,,True,,False,ROLLBACK_COMPLETE,"VPCPeeringConnection: Resource handler returned message: ""Invalid region [dummy-value] (Service: Ec2, Status Code: 400, Request ID: 8016ebb6-6568-4a29-83bd-e4e6b320c0b1) (SDK Attempt Count: 1)"" (RequestToken: e4c1a78e-ffcd-acf9-5fd0-5c2b03fcf935, HandlerErrorCode: GeneralServiceException)",cfn-eval-gt-check-b216597ce6,True,
49cc8113782e004e784d81a969e492df13e65802e4be8ece1f7fde20efb8929a,,True,,False,ROLLBACK_COMPLETE,ROLLBACK_COMPLETE: no StackStatusReason or FAILED resource event found,cfn-eval-gt-check-7cf1e75696,True,
959d811e7f0cbd71dd1ab648dff84989279b1a41716dda530ea7a03785e85100,,True,,False,ROLLBACK_COMPLETE,ROLLBACK_COMPLETE: no StackStatusReason or FAILED resource event found,cfn-eval-gt-check-756b67a134,True,
c591a53a903fcae4fbca0b4126a25422e6328b49b5c2f939499369b66d695ffb,,True,,False,ROLLBACK_COMPLETE,"S3BackupPlan: Resource handler returned message: ""Invalid backup vault ARN (Service: Backup, Status Code: 400, Request ID: a8bc6280-61ad-4ac4-b8f1-a764bf009354) (SDK Attempt Count: 1)"" (RequestToken: 3a7f5db5-3f67-aacb-9e31-cf0a0b999812, HandlerErrorCode: InvalidRequest)",cfn-eval-gt-check-8e3ddaa13b,True,
a4847bca30ea3b867c2b5e12b8283dd9dd7520a2b029e43c2a36175139bce733,,True,,False,ROLLBACK_COMPLETE,"ScopedCustomCTLakePolicy: Resource handler returned message: ""Resource dummy-value must be in ARN format or ""*"". (Service: Iam, Status Code: 400, Request ID: 4bf32891-9279-47dd-9198-af140877cf52) (SDK Attempt Count: 1)"" (RequestToken: eed7e781-badf-cfd6-d5d6-a339243b2923, HandlerErrorCode: InvalidRequest)",cfn-eval-gt-check-5630d621b2,True,
0ce9cabff9ef9472e106a8be3a4cda44046d6a4b5af731903b484f1f2071e47c,,True,,False,ROLLBACK_COMPLETE,ROLLBACK_COMPLETE: no StackStatusReason or FAILED resource event found,cfn-eval-gt-check-884d23b2c7,True,
12a05f80f12945c70933bf4c69d319d3ebb61d1c9fbd00bf1509cc9a46f87070,,True,,False,ROLLBACK_COMPLETE,ROLLBACK_COMPLETE: no StackStatusReason or FAILED resource event found,cfn-eval-gt-check-0c6095ebc7,True,
62ddb7a4a30037bf707995d58db1d0361c336ad1416b605952934148647d434f,,True,,False,ROLLBACK_COMPLETE,"Domain: Resource handler returned message: ""IDC not enabled (Service: DataZone, Status Code: 400, Request ID: f6633d07-75dd-4feb-a218-11bfd6c00347) (SDK Attempt Count: 1)"" (RequestToken: e2adf12c-51a8-447b-c98a-a6ac537b986e, HandlerErrorCode: InvalidRequest)",cfn-eval-gt-check-a5feae6805,True,
0ece358434a838030f9d6f8b77d4ebd7ea6e5683a2ef522aef1a0806d3d00f39,,True,,False,ROLLBACK_COMPLETE,ROLLBACK_COMPLETE: no StackStatusReason or FAILED resource event found,cfn-eval-gt-check-7a50ea919e,True,
38d4e09d72633e0dd546392f35e46be2a0892fd7a21118b02093e0f1d5cc7c8c,,True,,True,CREATE_COMPLETE,,cfn-eval-gt-check-847b3e53e7,True,
5778a15974f242fcbcfb63100f57fb2435c9434656e2538aefc17f8c1949ab32,,True,,,ERROR,"An error occurred (ValidationError) when calling the CreateStack operation: Unable to fetch parameters [/SDLF/CodeBuild/BuildCloudFormationPackage,/SDLF/CodeBuild/BuildCloudformationModuleStage,/SDLF/CodeCommit/CicdCodeCommit,/SDLF/CodeCommit/FoundationsCodeCommit,/SDLF/CodeCommit/MainCodeCommit,/SDLF/CodeCommit/TeamCodeCommit,/SDLF/KMS/CICDKeyId,/SDLF/Misc/GitPlatform,/SDLF/Monitoring/Enabled,/SDLF/S3/DevOpsArtifactsBucket] from parameter store for this account.",cfn-eval-gt-check-59971161be,,not_attempted (stack was never created)
f6d4bca1e2673491b8ef0cdd2e2fbf013e28a5520c0dc5c5dbcf4483054fe97b,,True,,,ERROR,An error occurred (ValidationError) when calling the CreateStack operation: Parameter 'pPipelineName' must match pattern [a-z0-9]*,cfn-eval-gt-check-c3c37a6705,,not_attempted (stack was never created)
b14bd1d74fe2d65fb031e4f55cd6d3aeb9f2e2b7f470edbf581ca0e617063909,,True,,False,ROLLBACK_COMPLETE,ROLLBACK_COMPLETE: no StackStatusReason or FAILED resource event found,cfn-eval-gt-check-6727df2831,True,
c08df3046dcf4d108600c1b81114daf2197e537d7c78738429294846813b65e8,,True,,,ERROR,An error occurred (ValidationError) when calling the CreateStack operation: Unable to fetch parameters [/cdk-bootstrap/hnb659fds/version] from parameter store for this account.,cfn-eval-gt-check-bfb392d9d0,,not_attempted (stack was never created)
f01e4a777d0c9786ef1b9a3cc7a5d8eabb59cfc7b16c899526d6668b6565000a,,True,,,ERROR,An error occurred (ValidationError) when calling the CreateStack operation: Unable to fetch parameters [/cdk-bootstrap/hnb659fds/version] from parameter store for this account.,cfn-eval-gt-check-1f24a2e890,,not_attempted (stack was never created)
85badddc8aa831f8f5c4382ee885de22c83a5af3cecbadc4f7706c64379ff7b2,,True,,,ERROR,An error occurred (ValidationError) when calling the CreateStack operation: Parameter VPCCIDR failed to satisfy constraint: Valid IP CIDR range of the form x.x.x.x/x.,cfn-eval-gt-check-67c2d9e067,,not_attempted (stack was never created)
f0d7dbf2394696ef41c85f519fee9c66594787f0820851f5ef76ba67ba1f8d4b,,True,,False,ROLLBACK_COMPLETE,"FargateContainerSecurityGroup: Resource handler returned message: ""vpc-id (Service: Ec2, Status Code: 400, Request ID: 3e47e1a1-903a-4aea-bdc2-daabb913bff3) (SDK Attempt Count: 1)"" (RequestToken: 8ec0e2ba-26b5-3d78-0f5c-2bde865c0b5a, HandlerErrorCode: InvalidRequest)",cfn-eval-gt-check-625313f8ea,True,
d97707fe64e4b0a864c0bf23260936d64dedb325e9af52849c30a39fce861dca,,True,,False,ROLLBACK_COMPLETE,rConfigStack: TemplateURL must be a supported URL.,cfn-eval-gt-check-d5e416d28d,True,
8681fe00d041a9c9ac827c4f5466b4f308f6ff725ee093775690a3fee26ef068,,True,,,ERROR,"An error occurred (ValidationError) when calling the CreateStack operation: Unable to fetch parameters [/cdk-bootstrap/hnb659fds/version,/test-org/dataops/caef-bootstrap/role-helper-service-token,/test-org/dataops/example-project/deploymentRole/default,/test-org/dataops/example-project/kmsArn/default,/test-org/dataops/example-project/projectBucket/default,/test-org/dataops/example-project/projectTopicArn/default,/test-org/dataops/example-project/securityConfiguration/default,/test-org/governance",cfn-eval-gt-check-c8fb85ccf8,,not_attempted (stack was never created)
c7eed49161b4d02b15ad7b55a317cf97627e3eeaf11563b663cd993c1312c092,,True,,False,ROLLBACK_COMPLETE,"amplifyAuthUserPoolNativeAppClient79534448: Resource handler returned message: ""Service returned error code ResourceNotFoundException (Service: CognitoIdentityProvider, Status Code: 400, Request ID: 4314a329-5a36-41f8-b272-be9c0fd55204) (SDK Attempt Count: 1)"" (RequestToken: 8aca3a44-0132-c1e5-1bbc-79f90a56930e, HandlerErrorCode: NotFound)",cfn-eval-gt-check-13a954e475,True,
f38e96cf762013a4c73aaf42067245e4d48a492a8c0024d6608a86a9f196d3a6,,True,,False,ROLLBACK_COMPLETE,"WorkoutProgramExercisesDataResolverFnWorkoutProgramExercisesDataResolverFnAppSyncFunctionA9FFE7A3: Resource handler returned message: ""Error occurred during operation 'Error reading ResponseMappingTemplateS3Location from S3. Error message: The specified bucket does not exist (Service: S3, Status Code: 404, Request ID: XZ2R20S9A0XXBKR2, Extended Request ID: hjrJsnKs2QF9dMfQkLbwBHhbgjUCdUj3IXko+ih8aDEs80cYXqHMEal+pgU77yyWZRrErP5c0ZRQ3EHg2uXDWOE9QrUdSF0h) (SDK Attempt Count: 1)'."" (RequestToken: ce",cfn-eval-gt-check-45ffb57d60,True,
65214f629929419c7d1f306ee3e07ad5161326bcec094fae6279183ab699850f,,True,,False,ROLLBACK_COMPLETE,"GraphQLAPIDefaultApiKey215A6DD7: Resource handler returned message: ""API key must be valid for a minimum of 1 days. (Service: AWSAppSync; Status Code: 400; Error Code: ApiKeyValidityOutOfBoundsException; Request ID: 2a129b98-0a2c-4157-a275-b86283b3f380; Proxy: null)"" (RequestToken: edfdde69-7edf-44c3-9785-94c751b81147)",cfn-eval-gt-check-7eabfccca7,True,
95c8bf330942712500e86e6b310821702765af4e1e9bf7164a2dab60e66d7f10,,True,,False,ROLLBACK_COMPLETE,ROLLBACK_COMPLETE: no StackStatusReason or FAILED resource event found,cfn-eval-gt-check-eb944b2b34,True,
cb606152c36b4ea0414f7f0a10d07205290230c6afed4f16cbd0e12019d44065,,True,,False,ROLLBACK_COMPLETE,ROLLBACK_COMPLETE: no StackStatusReason or FAILED resource event found,cfn-eval-gt-check-9f6458acaf,True,
f4166a074e189ff67549136d80aa3847f5a3b4eb4e699c23d2747d0a2197b49c,,True,,,ERROR,An error occurred (ValidationError) when calling the CreateStack operation: Parameter 'ElastiCacheClusterName' must match pattern ^([a-zA-Z0-9]*)$,cfn-eval-gt-check-b47bfc74d2,,not_attempted (stack was never created)
08d30185f4d6b107eaa9fe539517d74fe2928501244a1a58f96426e8921e57ed,,True,,,ERROR,An error occurred (ValidationError) when calling the CreateStack operation: Parameter BusinessUnit failed to satisfy constraint: Must be Charitable | Corporate | Gaming | Lotteries | Wagering,cfn-eval-gt-check-6a3e069511,,not_attempted (stack was never created)
0d103c32ec43dc01dd950623e925248f50de159a1e15d4cc8970a007610bf7bf,,True,,False,ROLLBACK_COMPLETE,"ExecutionRole: Resource handler returned message: ""Resource dummy-value must be in ARN format or ""*"". (Service: Iam, Status Code: 400, Request ID: fa0a3178-3100-42ac-a726-d9727378ad45) (SDK Attempt Count: 1)"" (RequestToken: 2a7a6d94-d4a8-e5f9-3b36-c3ed166a2b0f, HandlerErrorCode: InvalidRequest)",cfn-eval-gt-check-06f919db96,True,
6ffc52869c28db7ae8ef63704de89edfc3626e425f1383bf1a05c3e7d2041978,,True,,False,ROLLBACK_COMPLETE,"SecurityGroup: Resource handler returned message: ""The vpc ID 'vpc-00000000000000000' does not exist (Service: Ec2, Status Code: 400, Request ID: 451d9a8a-dbd5-4d64-9e53-95f45fd03d4e) (SDK Attempt Count: 1)"" (RequestToken: d6e3d65a-35d1-e29d-8f1b-5d93a57e8e98, HandlerErrorCode: InvalidRequest)",cfn-eval-gt-check-781481bf35,True,
afd25c9852c284723b6b595ec0fbc9777fc7137566591bc5ec4eba5bdc48d1df,,True,,True,CREATE_COMPLETE,,cfn-eval-gt-check-4eaa6d8762,True,
0b4845f6fad0cf790f6266c3372397d14ffba391416df1d78c2e5dbbef8d49b7,,True,,False,ROLLBACK_COMPLETE,ROLLBACK_COMPLETE: no StackStatusReason or FAILED resource event found,cfn-eval-gt-check-082418b078,True,
a1a96a136dcc4f34f5a3bc5a06c0fe06bb0a1009995d6b5a408ecca152d6e203,,True,,False,ROLLBACK_COMPLETE,ROLLBACK_COMPLETE: no StackStatusReason or FAILED resource event found,cfn-eval-gt-check-b4fe036dce,True,
131c10e312611eaaa201b265d4e235eb90e2878fc4247569f316cbeb25f58194,,True,,False,ROLLBACK_COMPLETE,ROLLBACK_COMPLETE: no StackStatusReason or FAILED resource event found,cfn-eval-gt-check-b9cd2673da,True,
5411999d0ae4ee9357d1be0849bdb3b68af6bb65604af7b326737c684c00543a,,True,,False,ROLLBACK_COMPLETE,ROLLBACK_COMPLETE: no StackStatusReason or FAILED resource event found,cfn-eval-gt-check-039dfe4aea,True,
46434a6d0d70eec9862cce2c006869dbb5ceaeb57d595432bccf0fd72aa7bfe6,,True,,False,ROLLBACK_COMPLETE,"AdminUser: Resource handler returned message: ""Invalid request provided: AWS::Cognito::UserPoolUser"" (RequestToken: f96cfb5e-37ba-6c45-7d75-d92130438851, HandlerErrorCode: InvalidRequest)",cfn-eval-gt-check-9e8848b933,True,
5946f773863f843a56002382b08d0d933cec45df8254aa7f8c1e092f5d024d10,,True,,,ERROR,An error occurred (ValidationError) when calling the CreateStack operation: Parameter 'Environment' must be one of AllowedValues,cfn-eval-gt-check-176d422a5e,,not_attempted (stack was never created)
f663fa46b13039bd215f5a5060735303df8f3ada6cb5a266fa4ff0fc738b4e6a,,True,,False,ROLLBACK_COMPLETE,"ECSReplicaService: Resource handler returned message: ""Invalid request provided: Subnet ID must match subnet-[0-9a-f]+ (Service: Ecs, Status Code: 400, Request ID: 4814c5a5-5050-4c8e-a113-83d28d6729bd) (SDK Attempt Count: 1)"" (RequestToken: 48c4762e-cb42-cfdf-08b7-b895c9797c99, HandlerErrorCode: InvalidRequest)",cfn-eval-gt-check-28d5fffb57,True,
cf51bfc20c056eb457a27e7e27fdcda729adf19656178eef04f1e0a78a97643f,,True,,,ERROR,An error occurred (ValidationError) when calling the CreateStack operation: Parameter 'PosixGroupId' must be a number.,cfn-eval-gt-check-ba845da998,,not_attempted (stack was never created)
2795d4c8f1eef423176233d94860d07a5d85657b33d4a7961eb6d8517d322abf,,True,,False,ROLLBACK_COMPLETE,ROLLBACK_COMPLETE: no StackStatusReason or FAILED resource event found,cfn-eval-gt-check-2588383020,True,
259a2a3407763a92b9f6f0ad9ffb397504a81357b184a646aa980ef922300d1d,,True,,,ERROR,An error occurred (ValidationError) when calling the CreateStack operation: Parameter 'SecondRegion' must be one of AllowedValues,cfn-eval-gt-check-9445543e4c,,not_attempted (stack was never created)
121d968df12d3b8b15aac4c120056c94955d806c98503e6dfbc6ef8bd211dadd,,True,,False,ROLLBACK_COMPLETE,"Cell1: Resource handler returned message: ""This operation is currently unavailable for new accounts. (Service: Route53RecoveryReadiness, Status Code: 403, Request ID: 130f6d35-afbf-4769-8af4-e908d522fccb) (SDK Attempt Count: 1)"" (RequestToken: 4484ce27-7c75-956c-da5a-bb8bf4426cae, HandlerErrorCode: AccessDenied)",cfn-eval-gt-check-f59b400e90,True,
ae457b23c977831868105ed75b84577c9578639ab747f8736204700d80072d52,,True,,,ERROR,An error occurred (ValidationError) when calling the CreateStack operation: Unable to fetch parameters [/cdk-bootstrap/hnb659fds/version] from parameter store for this account.,cfn-eval-gt-check-4fa19155fe,,not_attempted (stack was never created)
6ec7c9a1b0593af1bf0e7795cbfbf59bbf9e836b026bc1f237a4bc4135a0071b,,True,,,ERROR,An error occurred (ValidationError) when calling the CreateStack operation: Unable to fetch parameters [dummy-value] from parameter store for this account.,cfn-eval-gt-check-e6df3e2801,,not_attempted (stack was never created)
4e7a5673e0a70b52623ffb370ae77eb03d6dd8dc795edf854a03ac65c817c819,,True,,,ERROR,"An error occurred (ValidationError) when calling the CreateStack operation: Unable to fetch parameters [dummy-value,subnet-00000000000000000,vpc-00000000000000000] from parameter store for this account.",cfn-eval-gt-check-279ae0ef6a,,not_attempted (stack was never created)
082baf5720212870a52b118ed02596b615aca2f3518115fce1254f0d88005d0c,,True,,True,CREATE_COMPLETE,,cfn-eval-gt-check-aa619dbdfa,True,
50c76666bbfe928b1204b1af274a65b808180ef6b7a97ceffed0f6598c7eddc0,,True,,False,ROLLBACK_COMPLETE,"UpdateService: Resource handler returned message: ""Invalid service role: Service role account ID does not match caller's account (Service: AWSCodeBuild; Status Code: 400; Error Code: InvalidInputException; Request ID: f20f7105-7fa0-4891-bc17-982e30c5f730; Proxy: null)"" (RequestToken: 49f858fb-6dc9-4f81-9967-751b8aa2e486)",cfn-eval-gt-check-5c4cf2e87f,True,
0f8a4ca4f902df600d4c43c8f7c9bbf7da584f3f69feec00602f57aab8c993eb,,True,,False,ROLLBACK_COMPLETE,ROLLBACK_COMPLETE: no StackStatusReason or FAILED resource event found,cfn-eval-gt-check-f3c22b36d4,True,
a7dabba5bed55f47196c4fc99ee0a93b7d8e651835b2f2a363e47d5ac6dee4fb,,True,,,ERROR,"An error occurred (ValidationError) when calling the CreateStack operation: Unable to fetch parameters [dummy-value,subnet-00000000000000000,vpc-00000000000000000] from parameter store for this account.",cfn-eval-gt-check-17cb1f50d2,,not_attempted (stack was never created)
88c88f3bb76eacab79b69de41fc994451228354fd51def8fefcd93dd16c37a89,,True,,,ERROR,An error occurred (ValidationError) when calling the CreateStack operation: Parameter 'GitlabIamTemplate' must match pattern ^$|^http://.*$|^https://.*$,cfn-eval-gt-check-81e9fc96a3,,not_attempted (stack was never created)
31e85816bae1898f3cf392bc6f2b56431d390529081e6f69f5d9a452841c49dc,,True,,False,ROLLBACK_COMPLETE,"Project: Failed to call CreateWebhook, reason: Access token not found in CodeBuild project for server type github (Service: AWSCodeBuild; Status Code: 400; Error Code: ResourceNotFoundException; Request ID: 77792af6-9031-4478-8d93-eafd6ac79f5d; Proxy: null)",cfn-eval-gt-check-a50e79be21,True,
5f358b29bc6cecd4b0c54ab7d2b72fabf45d8bf9750f4960c201b22b454303b8,,True,,False,ROLLBACK_COMPLETE,ROLLBACK_COMPLETE: no StackStatusReason or FAILED resource event found,cfn-eval-gt-check-9de2b0556a,True,
7ab4c40e008732bacf4a6ebc3d650e68670c3492523649b8f67293876a3dc7c9,,True,,False,ROLLBACK_COMPLETE,ROLLBACK_COMPLETE: no StackStatusReason or FAILED resource event found,cfn-eval-gt-check-5e79391449,True,
42af52b115036c5e9c2b0877e63778c3463c00d97121aee046509275667fc89a,,True,,False,ROLLBACK_COMPLETE,"SignalValidatorIntegration: Resource handler returned message: ""AWS ARN for integration must contain path or action (Service: ApiGatewayV2, Status Code: 400, Request ID: 98998c76-bc91-4709-b232-4d1931f2fa45) (SDK Attempt Count: 1)"" (RequestToken: face2c8a-fdd4-fdfb-c291-e65b247886b3, HandlerErrorCode: InvalidRequest)",cfn-eval-gt-check-9e6c1bd6d3,True,
44dcb0691d40b139ff3d107624c2a6fcc0e5ea7048de3156d777c66f1e9c0832,,True,,,ERROR,An error occurred (ValidationError) when calling the CreateStack operation: Parameter CURSourceTable failed to satisfy constraint: Must be in format database.table_name,cfn-eval-gt-check-53a10ac99a,,not_attempted (stack was never created)
70f6af58fb2f80f6c573294048f01a0336b4d895d8b70d61b83e51fba9f2c30c,,True,,,ERROR,"An error occurred (ValidationError) when calling the CreateStack operation: Parameter AgentName failed to satisfy constraint: Must start with a letter, followed by up to 47 alphanumeric or underscore characters.",cfn-eval-gt-check-6241e6a07b,,not_attempted (stack was never created)
c996f03ab73701fe150196bc640758153475850907dbafefacaf04cbe6315817,,True,,,ERROR,An error occurred (ValidationError) when calling the CreateStack operation: Parameter 'Environment' must be one of AllowedValues,cfn-eval-gt-check-8953f41333,,not_attempted (stack was never created)
29cd8619bc7a1297b7924163a6562f242c0fd2810ec05e8cf24086a055d9dee4,,True,,,ERROR,An error occurred (ValidationError) when calling the CreateStack operation: Parameter 'Environment' must be one of AllowedValues,cfn-eval-gt-check-ed8be9b568,,not_attempted (stack was never created)
1fadb99595c0a12c6c1343e1f4e64178fd12f9e22c2d05a4cb146dc75d7f32f7,,True,,,ERROR,An error occurred (ValidationError) when calling the CreateStack operation: Parameters: [ssm:/bedrock/agent/role/arn:1] cannot be found.,cfn-eval-gt-check-c13dbd51c3,,not_attempted (stack was never created)
d7f119de4efb738ee1bba153b8a1142e3dcbaaf575adab7d60980facb6af5fd5,,True,,False,ROLLBACK_COMPLETE,"cfn-eval-gt-check-85f0818273: Validation failed with 1 error(s). Call DescribeEvents to retrieve the full list of issues with resource and property details, resolve each error, then retry the operation.",cfn-eval-gt-check-85f0818273,True,
7621ab7288835e42e1448304b14989f1f662de9d3a8b35ab59a945b37c8e27fe,,True,,False,ROLLBACK_COMPLETE,"DocDBSecurityGroup: Resource handler returned message: ""The vpc ID 'vpc-00000000000000000' does not exist (Service: Ec2, Status Code: 400, Request ID: 573cdfd3-ed9b-408f-84c9-ceb897f7b559) (SDK Attempt Count: 1)"" (RequestToken: 4f71e0d3-c0ce-a56a-74da-d0ef15517e5c, HandlerErrorCode: InvalidRequest)",cfn-eval-gt-check-88742a18a6,True,
a4e246b97616fb110bf8126d9c570a73aec0ccdb72ada89c8cb696b34c7571d5,,True,,False,ROLLBACK_COMPLETE,ROLLBACK_COMPLETE: no StackStatusReason or FAILED resource event found,cfn-eval-gt-check-a1b4e3c9b8,True,
9eb9279a5812340e2a2f91e2b488c36ece784a848e7fed8268045a8d1e0ec66b,,True,,False,ROLLBACK_COMPLETE,"SageMakerExecutionRole: Resource handler returned message: ""Policy arn:aws:iam::aws:policy/AWSCodePipelineFullAccess does not exist or is not attachable. (Service: Iam, Status Code: 404, Request ID: 1b1f0d3e-ff89-4935-8a22-f49f274b5e17) (SDK Attempt Count: 1)"" (RequestToken: da8aebf7-d5b9-4a77-37b5-646df65d4a5a, HandlerErrorCode: NotFound)",cfn-eval-gt-check-9902193284,True,
e9390a0b707bcdf143ad6f155393c6daa61655a144300a0212ce81b100ad598c,,True,,False,ROLLBACK_COMPLETE,"WAFWebACL: Resource handler returned message: ""AWS WAF Classic (v1) support will end on September 30, 2025. Effective May 1st, 2025, the creation of new WebACL v1 is no longer permitted. (Service: AWSWAFRegional; Status Code: 400; Error Code: WAFBadRequestException; Request ID: fdd556a4-7b58-4225-bb58-76db597ef42b; Proxy: null)"" (RequestToken: 174b1bff-a381-4dd9-a2c7-3d15add32e35)",cfn-eval-gt-check-d6de3e162f,True,
9a315374afb85a94294592e1d27bc09e8be4e6adb81b1321937ef9566acf0a00,,True,,True,CREATE_COMPLETE,,cfn-eval-gt-check-3a6d86f10f,True,
f1c8bdee0dcd05cd7b98a17146513916f7b32c548e3e4b228da0f3a92421694e,,True,,False,ROLLBACK_COMPLETE,ROLLBACK_COMPLETE: no StackStatusReason or FAILED resource event found,cfn-eval-gt-check-46355224c5,True,
76df74f3a0008ea504e7495345d0734f142d3e743a26d8cdc444211a732129f7,,True,,False,ROLLBACK_COMPLETE,ROLLBACK_COMPLETE: no StackStatusReason or FAILED resource event found,cfn-eval-gt-check-4fad9e767d,True,
0ad6c0a0c6fc49eca705048b48de1affe00a1a1a7c35423bf1884d17e85db820,,True,,False,ROLLBACK_COMPLETE,ROLLBACK_COMPLETE: no StackStatusReason or FAILED resource event found,cfn-eval-gt-check-ca6c2a3e68,True,
312d47126795fa6a50ee18e3bdd35cdfd034727b3e9bbf1cbcd6d4f992b90f42,,True,,False,ROLLBACK_COMPLETE,"ProxyFunction: Resource handler returned message: ""Error occurred while GetObject. S3 Error Code: NoSuchBucket. S3 Error Message: The specified bucket does not exist (Service: Lambda, Status Code: 400, Request ID: 248ed5c5-0970-4dbd-8fb0-0c406d6d7d04) (SDK Attempt Count: 1)"" (RequestToken: f9541a17-9e7e-0af1-160c-4d3c5f073b0f, HandlerErrorCode: InvalidRequest)",cfn-eval-gt-check-e4d54f0654,True,
53627097ae91e71d1f0bf8f73c6f10b9986b3e722e8ce54b0563e59e5345cb1d,,True,,True,CREATE_COMPLETE,,cfn-eval-gt-check-ee839aee6c,True,
d98d0658d969e975130af7eef5da333aeea2904d93466e7350fc8c5422ce7fc3,,True,,False,ROLLBACK_COMPLETE,ROLLBACK_COMPLETE: no StackStatusReason or FAILED resource event found,cfn-eval-gt-check-67a5a6a7f4,True,
e5e840d4eba23bf7771b3e068d3c9a03d0230be94aa90d844db823e45fda5ca7,,True,,False,ROLLBACK_COMPLETE,"CreateS3Bucket: Resource handler returned message: ""The requested bucket name is not available. The bucket namespace is shared by all users of the system. Please select a different name and try again. (Service: S3, Status Code: 409, Request ID: CVNKWAD29ZY4PS43, Extended Request ID: O5ZJg+uYPr+svcseofcHoUrY/cPWuSZcZdqllVQLpEIp6CkT4TtELUVxqIBZ1CCUpNVcrU4GmfMZ/3O/+XFKPWtTSejiiTdT) (SDK Attempt Count: 1)"" (RequestToken: bd4072c6-f20f-96f1-c5ed-b4844b930500, HandlerErrorCode: AlreadyExists)",cfn-eval-gt-check-1301739489,True,
58cb03ec9e936de5f84fcedfce8bf225895bea86d132a977d3b816bc69cdc09b,,True,,False,ROLLBACK_COMPLETE,ROLLBACK_COMPLETE: no StackStatusReason or FAILED resource event found,cfn-eval-gt-check-78aa035d76,True,
a2a61fe2a662bf9488bf86dc570f925257030f3875190128194331c2d21d49cd,,True,,,ERROR,An error occurred (ValidationError) when calling the CreateStack operation: Parameter 'applicationPrefix' must match pattern ^[a-z0-9]*$,cfn-eval-gt-check-64eeaca825,,not_attempted (stack was never created)
bf819ca3e7f28ca38cb6b64f7ec7b3af4aa316cb61d7ecb5cacd40abed8506d5,,True,,False,ROLLBACK_COMPLETE,ROLLBACK_COMPLETE: no StackStatusReason or FAILED resource event found,cfn-eval-gt-check-db3f99a3ea,True,
f71ddcbc50f3fe9d8e6b262f6f5aed9b30ff976d4f763bf5fdfaddc017132d61,,True,,True,CREATE_COMPLETE,,cfn-eval-gt-check-4741ebf6e9,True,
