dest_file,source_category,content_hash,loc,n_resources,n_parameters,resource_types,aws_services,difficulty,file_ext,content,lint_pass,trivy_pass,trivy_critical,trivy_high
cfn_templates_greenfield/Tianyi2__IRIS/data/cloudformation_collected_templates_new/template_05405_cf-example-10.json,manual-fix,32ad50a098d776d2cf3e84e638791d52c629b5dcdeb1e801fc07000d40276c25,678,21,10,AWS::EC2::EIP | AWS::EC2::Instance | AWS::EC2::InternetGateway | AWS::EC2::NatGateway | AWS::EC2::Route | AWS::EC2::RouteTable | AWS::EC2::SecurityGroup | AWS::EC2::Subnet | AWS::EC2::SubnetRouteTableAssociation | AWS::EC2::VPC | AWS::EC2::VPCGatewayAttachment | AWS::IAM::InstanceProfile | AWS::IAM::Role,"EC2, IAM",5,.json,"{
    ""AWSTemplateFormatVersion"": ""2010-09-09"",
    ""Description"": ""Deploy a VPC with 1 AZ, IGW, NAT, DMZ, Web, and DB."",
    ""Metadata"": {
        ""AWS::CloudFormation::Interface"": {
            ""ParameterGroups"": [
                {
                    ""Label"": {
                        ""default"": ""VPC Configuration Parameters""
                    },
                    ""Parameters"": [
                        ""pmVpcId"",
                        ""pmVpcRegion"",
                        ""pmAz"",
                        ""pmVpcCidr"",
                        ""pmPubSubnetCidr"",
                        ""pmPriSubnetCidr""
                    ]
                },
                {
                    ""Label"": {
                        ""default"": ""EC2 Configuration Parameters""
                    },
                    ""Parameters"": [
                        ""pmEc2ImageId"",
                        ""pmEc2InstanceType"",
                        ""pmEc2VolumeSize"",
                        ""pmEc2AccessKeyId""
                    ]
                }
            ],
            ""ParameterLabels"": {
                ""pmVpcId"": {
                    ""default"": ""Enter VPC id""
                },
                ""pmVpcCidr"": {
                    ""default"": ""Enter VPC CIDR""
                },
                ""pmVpcRegion"": {
                    ""default"": ""Enter VPC region""
                },
                ""pmAz"": {
                    ""default"": ""Enter VPC AZ""
                },
                ""pmPubSubnetCidr"": {
                    ""default"": ""Enter VPC public subnet""
                },
                ""pmPriSubnetCidr"": {
                    ""default"": ""Enter VPC private subnet""
                },
                ""pmEc2ImageId"": {
                    ""default"": ""Enter EC2 image id""
                },
                ""pmEc2InstanceType"": {
                    ""default"": ""Enter EC2 instance type""
                },
                ""pmEc2VolumeSize"": {
                    ""default"": ""Enter EC2 volume size""
                },
                ""pmEc2AccessKeyId"": {
                    ""default"": ""Enter EC2 SSH access key""
                }
            }
        }
    },
    ""Parameters"": {
        ""pmVpcId"": {
            ""Type"": ""String"",
            ""Default"": ""POC""
        },
        ""pmVpcRegion"": {
            ""Type"": ""String"",
            ""Default"": ""us-east-1""
        },
        ""pmVpcCidr"": {
            ""Type"": ""String"",
            ""Default"": ""10.0.0.0/16""
        },
        ""pmPubSubnetCidr"": {
            ""Type"": ""String"",
            ""Default"": ""10.0.10.0/24""
        },
        ""pmPriSubnetCidr"": {
            ""Type"": ""String"",
            ""Default"": ""10.0.50.0/24""
        },
        ""pmAz"": {
            ""Type"": ""AWS::EC2::AvailabilityZone::Name"",
            ""Default"": ""us-east-1a""
        },
        ""pmEc2ImageId"": {
            ""Type"": ""String"",
            ""Default"": ""ami-28456852""
        },
        ""pmEc2InstanceType"": {
            ""Type"": ""String"",
            ""Default"": ""t2.micro""
        },
        ""pmEc2VolumeSize"": {
            ""Type"": ""Number"",
            ""Default"": ""5""
        },
        ""pmEc2AccessKeyId"": {
            ""Type"": ""AWS::EC2::KeyPair::KeyName"",
            ""Default"": ""aws_cory1""
        }
    },
    ""Mappings"": {},
    ""Resources"": {
        ""VPC"": {
            ""Type"": ""AWS::EC2::VPC"",
            ""Properties"": {
                ""CidrBlock"": {
                    ""Ref"": ""pmVpcCidr""
                },
                ""EnableDnsSupport"": true,
                ""EnableDnsHostnames"": true,
                ""Tags"": [
                    {
                        ""Key"": ""Name"",
                        ""Value"": {
                            ""Ref"": ""pmVpcId""
                        }
                    }
                ]
            }
        },
        ""IGW"": {
            ""Type"": ""AWS::EC2::InternetGateway"",
            ""Properties"": {
                ""Tags"": [
                    {
                        ""Key"": ""Name"",
                        ""Value"": {
                            ""Fn::Join"": [
                                ""|"",
                                [
                                    {
                                        ""Ref"": ""pmVpcId""
                                    },
                                    ""IGW""
                                ]
                            ]
                        }
                    }
                ]
            }
        },
        ""IGWAttach"": {
            ""Type"": ""AWS::EC2::VPCGatewayAttachment"",
            ""Properties"": {
                ""VpcId"": {
                    ""Ref"": ""VPC""
                },
                ""InternetGatewayId"": {
                    ""Ref"": ""IGW""
                }
            }
        },
        ""EIP"": {
            ""Type"": ""AWS::EC2::EIP"",
            ""Properties"": {
                ""Domain"": ""vpc""
            }
        },
        ""NGW"": {
            ""Type"": ""AWS::EC2::NatGateway"",
            ""Properties"": {
                ""AllocationId"": {
                    ""Fn::GetAtt"": [
                        ""EIP"",
                        ""AllocationId""
                    ]
                },
                ""SubnetId"": {
                    ""Ref"": ""PublicSubnet""
                },
                ""Tags"": [
                    {
                        ""Key"": ""Name"",
                        ""Value"": {
                            ""Fn::Join"": [
                                ""|"",
                                [
                                    {
                                        ""Ref"": ""pmVpcId""
                                    },
                                    ""NGW""
                                ]
                            ]
                        }
                    }
                ]
            },
            ""DependsOn"": [
                ""PublicRouteTable""
            ]
        },
        ""PublicSubnet"": {
            ""Type"": ""AWS::EC2::Subnet"",
            ""Properties"": {
                ""VpcId"": {
                    ""Ref"": ""VPC""
                },
                ""CidrBlock"": {
                    ""Ref"": ""pmPubSubnetCidr""
                },
                ""AvailabilityZone"": {
                    ""Ref"": ""pmAz""
                },
                ""Tags"": [
                    {
                        ""Key"": ""Type"",
                        ""Value"": ""Public""
                    },
                    {
                        ""Key"": ""Name"",
                        ""Value"": {
                            ""Fn::Join"": [
                                ""|"",
                                [
                                    {
                                        ""Ref"": ""pmPubSubnetCidr""
                                    },
                                    {
                                        ""Ref"": ""pmAz""
                                    }
                                ]
                            ]
                        }
                    }
                ]
            }
        },
        ""PrivateSubnet"": {
            ""Type"": ""AWS::EC2::Subnet"",
            ""Properties"": {
                ""VpcId"": {
                    ""Ref"": ""VPC""
                },
                ""CidrBlock"": {
                    ""Ref"": ""pmPriSubnetCidr""
                },
                ""AvailabilityZone"": {
                    ""Ref"": ""pmAz""
                },
                ""Tags"": [
                    {
                        ""Key"": ""Type"",
                        ""Value"": ""Private""
                    },
                    {
                        ""Key"": ""Name"",
                        ""Value"": {
                            ""Fn::Join"": [
                                ""|"",
                                [
                                    {
                                        ""Ref"": ""pmPriSubnetCidr""
                                    },
                                    {
                                        ""Ref"": ""pmAz""
                                    }
                                ]
                            ]
                        }
                    }
                ]
            }
        },
        ""PublicRouteTable"": {
            ""Type"": ""AWS::EC2::RouteTable"",
            ""Properties"": {
                ""VpcId"": {
                    ""Ref"": ""VPC""
                },
                ""Tags"": [
                    {
                        ""Key"": ""Name"",
                        ""Value"": ""Public Route Table""
                    }
                ]
            }
        },
        ""PublicRoute"": {
            ""Type"": ""AWS::EC2::Route"",
            ""DependsOn"": ""IGWAttach"",
            ""Properties"": {
                ""RouteTableId"": {
                    ""Ref"": ""PublicRouteTable""
                },
                ""DestinationCidrBlock"": ""0.0.0.0/0"",
                ""GatewayId"": {
                    ""Ref"": ""IGW""
                }
            }
        },
        ""PublicSubnetRouteTableAssociation"": {
            ""Type"": ""AWS::EC2::SubnetRouteTableAssociation"",
            ""Properties"": {
                ""SubnetId"": {
                    ""Ref"": ""PublicSubnet""
                },
                ""RouteTableId"": {
                    ""Ref"": ""PublicRouteTable""
                }
            }
        },
        ""PrivateRoute"": {
            ""Type"": ""AWS::EC2::Route"",
            ""Properties"": {
                ""RouteTableId"": {
                    ""Ref"": ""PrivateRouteTable""
                },
                ""DestinationCidrBlock"": ""0.0.0.0/0"",
                ""NatGatewayId"": {
                    ""Ref"": ""NGW""
                }
            }
        },
        ""PrivateRouteTable"": {
            ""Type"": ""AWS::EC2::RouteTable"",
            ""Properties"": {
                ""VpcId"": {
                    ""Ref"": ""VPC""
                },
                ""Tags"": [
                    {
                        ""Key"": ""Name"",
                        ""Value"": ""Private Route Table""
                    }
                ]
            }
        },
        ""PrivateSubnetRouteTableAssociation"": {
            ""Type"": ""AWS::EC2::SubnetRouteTableAssociation"",
            ""Properties"": {
                ""SubnetId"": {
                    ""Ref"": ""PrivateSubnet""
                },
                ""RouteTableId"": {
                    ""Ref"": ""PrivateRouteTable""
                }
            }
        },
        ""DMZSG"": {
            ""Type"": ""AWS::EC2::SecurityGroup"",
            ""Properties"": {
                ""VpcId"": {
                    ""Ref"": ""VPC""
                },
                ""GroupName"": ""DMZ-SG"",
                ""GroupDescription"": ""Enable SSH access"",
                ""SecurityGroupIngress"": [
                    {
                        ""IpProtocol"": ""tcp"",
                        ""FromPort"": ""22"",
                        ""ToPort"": ""22"",
                        ""CidrIp"": ""0.0.0.0/0""
                    }
                ],
                ""Tags"": [
                    {
                        ""Key"": ""Name"",
                        ""Value"": ""DMZ-SG""
                    }
                ]
            }
        },
        ""WEBSG"": {
            ""Type"": ""AWS::EC2::SecurityGroup"",
            ""Properties"": {
                ""VpcId"": {
                    ""Ref"": ""VPC""
                },
                ""GroupName"": ""WEB-SG"",
                ""GroupDescription"": ""Enable SSH, HTTP, and HTTPS access"",
                ""SecurityGroupIngress"": [
                    {
                        ""IpProtocol"": ""tcp"",
                        ""FromPort"": ""22"",
                        ""ToPort"": ""22"",
                        ""CidrIp"": ""0.0.0.0/0""
                    },
                    {
                        ""IpProtocol"": ""tcp"",
                        ""FromPort"": ""80"",
                        ""ToPort"": ""80"",
                        ""CidrIp"": ""0.0.0.0/0""
                    },
                    {
                        ""IpProtocol"": ""tcp"",
                        ""FromPort"": ""443"",
                        ""ToPort"": ""443"",
                        ""CidrIp"": ""0.0.0.0/0""
                    }
                ],
                ""Tags"": [
                    {
                        ""Key"": ""Name"",
                        ""Value"": ""WEB-SG""
                    }
                ]
            }
        },
        ""DBSG"": {
            ""Type"": ""AWS::EC2::SecurityGroup"",
            ""Properties"": {
                ""VpcId"": {
                    ""Ref"": ""VPC""
                },
                ""GroupName"": ""DB-SG"",
                ""GroupDescription"": ""Enable SSH, and DB access"",
                ""SecurityGroupIngress"": [
                    {
                        ""IpProtocol"": ""tcp"",
                        ""FromPort"": ""3306"",
                        ""ToPort"": ""3306"",
                        ""SourceSecurityGroupId"": {
                            ""Ref"": ""WEBSG""
                        }
                    },
                    {
                        ""IpProtocol"": ""tcp"",
                        ""FromPort"": ""22"",
                        ""ToPort"": ""22"",
                        ""SourceSecurityGroupId"": {
                            ""Ref"": ""WEBSG""
                        }
                    },
                    {
                        ""IpProtocol"": ""tcp"",
                        ""FromPort"": ""22"",
                        ""ToPort"": ""22"",
                        ""SourceSecurityGroupId"": {
                            ""Ref"": ""DMZSG""
                        }
                    }
                ],
                ""Tags"": [
                    {
                        ""Key"": ""Name"",
                        ""Value"": ""DB-SG""
                    }
                ]
            }
        },
        ""EC2InstanceProfile"": {
            ""Type"": ""AWS::IAM::InstanceProfile"",
            ""Properties"": {
                ""Path"": ""/"",
                ""Roles"": [
                    {
                        ""Ref"": ""EC2InstanceRole""
                    }
                ]
            }
        },
        ""EC2InstanceRole"": {
            ""Type"": ""AWS::IAM::Role"",
            ""Properties"": {
                ""RoleName"": ""POC-ACCESS"",
                ""AssumeRolePolicyDocument"": {
                    ""Version"": ""2012-10-17"",
                    ""Statement"": [
                        {
                            ""Sid"": """",
                            ""Effect"": ""Allow"",
                            ""Principal"": {
                                ""Service"": ""ec2.amazonaws.com""
                            },
                            ""Action"": ""sts:AssumeRole""
                        }
                    ]
                },
                ""ManagedPolicyArns"": [
                    ""arn:aws:iam::aws:policy/AmazonEC2FullAccess"",
                    ""arn:aws:iam::aws:policy/AmazonS3FullAccess"",
                    ""arn:aws:iam::aws:policy/AWSLambda_FullAccess"",
                    ""arn:aws:iam::aws:policy/AmazonSSMFullAccess"",
                    ""arn:aws:iam::aws:policy/IAMReadOnlyAccess""
                ]
            }
        },
        ""DMZ"": {
            ""Type"": ""AWS::EC2::Instance"",
            ""DependsOn"": ""IGWAttach"",
            ""Properties"": {
                ""InstanceType"": {
                    ""Ref"": ""pmEc2InstanceType""
                },
                ""ImageId"": {
                    ""Ref"": ""pmEc2ImageId""
                },
                ""KeyName"": {
                    ""Ref"": ""pmEc2AccessKeyId""
                },
                ""NetworkInterfaces"": [
                    {
                        ""GroupSet"": [
                            {
                                ""Ref"": ""DMZSG""
                            }
                        ],
                        ""AssociatePublicIpAddress"": ""true"",
                        ""DeviceIndex"": ""0"",
                        ""DeleteOnTermination"": ""true"",
                        ""SubnetId"": {
                            ""Ref"": ""PublicSubnet""
                        }
                    }
                ],
                ""IamInstanceProfile"": {
                    ""Ref"": ""EC2InstanceProfile""
                },
                ""UserData"": {
                    ""Fn::Base64"": {
                        ""Fn::Join"": [
                            """",
                            [
                                ""#!/bin/bash -v\n"",
                                ""yum update -y\n"",
                                ""yum install -y aws-cli epel-release telnet unzip tree\n"",
                                ""yum install -y https://s3.amazonaws.com/ec2-downloads-windows/SSMAgent/latest/linux_386/amazon-ssm-agent.rpm\n"",
                                ""start amazon-ssm-agent\n""
                            ]
                        ]
                    }
                },
                ""Tags"": [
                    {
                        ""Key"": ""Name"",
                        ""Value"": ""DMZ""
                    }
                ]
            }
        },
        ""WEB"": {
            ""Type"": ""AWS::EC2::Instance"",
            ""DependsOn"": ""NGW"",
            ""Properties"": {
                ""InstanceType"": {
                    ""Ref"": ""pmEc2InstanceType""
                },
                ""ImageId"": {
                    ""Ref"": ""pmEc2ImageId""
                },
                ""KeyName"": {
                    ""Ref"": ""pmEc2AccessKeyId""
                },
                ""NetworkInterfaces"": [
                    {
                        ""GroupSet"": [
                            {
                                ""Ref"": ""WEBSG""
                            }
                        ],
                        ""AssociatePublicIpAddress"": ""true"",
                        ""DeviceIndex"": ""0"",
                        ""DeleteOnTermination"": ""true"",
                        ""SubnetId"": {
                            ""Ref"": ""PublicSubnet""
                        }
                    }
                ],
                ""IamInstanceProfile"": {
                    ""Ref"": ""EC2InstanceProfile""
                },
                ""UserData"": {
                    ""Fn::Base64"": {
                        ""Fn::Join"": [
                            """",
                            [
                                ""#!/bin/bash -v\n"",
                                ""yum update -y\n"",
                                ""yum install -y aws-cli httpd php php-mysql mysql telnet unzip tree git\n"",
                                ""yum install -y https://s3.amazonaws.com/ec2-downloads-windows/SSMAgent/latest/linux_386/amazon-ssm-agent.rpm\n"",
                                ""cp /var/www/noindex/index.html /var/www/html\n"",
                                ""cp /var/www/noindex/index.html /var/www/html/apache.html\n"",
                                ""service httpd start\n"",
                                ""chkconfig httpd on\n"",
                                ""start amazon-ssm-agent\n""
                            ]
                        ]
                    }
                },
                ""Tags"": [
                    {
                        ""Key"": ""Name"",
                        ""Value"": ""WEB""
                    }
                ]
            }
        },
        ""DB"": {
            ""Type"": ""AWS::EC2::Instance"",
            ""DependsOn"": ""NGW"",
            ""Properties"": {
                ""InstanceType"": {
                    ""Ref"": ""pmEc2InstanceType""
                },
                ""ImageId"": {
                    ""Ref"": ""pmEc2ImageId""
                },
                ""KeyName"": {
                    ""Ref"": ""pmEc2AccessKeyId""
                },
                ""NetworkInterfaces"": [
                    {
                        ""GroupSet"": [
                            {
                                ""Ref"": ""DBSG""
                            }
                        ],
                        ""AssociatePublicIpAddress"": ""false"",
                        ""DeviceIndex"": ""0"",
                        ""DeleteOnTermination"": ""true"",
                        ""SubnetId"": {
                            ""Ref"": ""PrivateSubnet""
                        }
                    }
                ],
                ""IamInstanceProfile"": {
                    ""Ref"": ""EC2InstanceProfile""
                },
                ""UserData"": {
                    ""Fn::Base64"": {
                        ""Fn::Join"": [
                            """",
                            [
                                ""#!/bin/bash -v\n"",
                                ""yum update -y\n"",
                                ""yum install -y aws-cli telnet unzip tree mysql-server\n"",
                                ""yum install -y https://s3.amazonaws.com/ec2-downloads-windows/SSMAgent/latest/linux_386/amazon-ssm-agent.rpm\n"",
                                ""service mysqld start\n"",
                                ""chkconfig mysqld on\n"",
                                ""start amazon-ssm-agent\n""
                            ]
                        ]
                    }
                },
                ""Tags"": [
                    {
                        ""Key"": ""Name"",
                        ""Value"": ""DB""
                    }
                ]
            }
        },
    },
    ""Outputs"": {
        ""VPC"": {
            ""Value"": {
                ""Ref"": ""VPC""
            }
        },
        ""IGW"": {
            ""Value"": {
                ""Ref"": ""IGW""
            }
        },
        ""NGW"": {
            ""Value"": {
                ""Ref"": ""NGW""
            }
        },
        ""DMZ"": {
            ""Value"": {
                ""Ref"": ""DMZ""
            }
        },
        ""WEB"": {
            ""Value"": {
                ""Ref"": ""WEB""
            }
        }
    }
}",True,True,0,0
cfn_templates_greenfield/aws-samples__aws-cloudformation-security-automation-for-wazuh/vpc-management.template,manual-fix,ebbfae10ad1245a452b30884223b0151ea58e31c45165ebd9f3106ac7449d1d3,602,36,27,AWS::CloudFormation::Stack | AWS::EC2::EIP | AWS::EC2::EIPAssociation | AWS::EC2::FlowLog | AWS::EC2::Instance | AWS::EC2::InternetGateway | AWS::EC2::NatGateway | AWS::EC2::NetworkInterface | AWS::EC2::Route | AWS::EC2::RouteTable | AWS::EC2::SecurityGroup | AWS::EC2::Subnet | AWS::EC2::SubnetRouteTableAssociation | AWS::EC2::VPC | AWS::EC2::VPCGatewayAttachment | AWS::EC2::VPCPeeringConnection | AWS::IAM::Role | AWS::Logs::LogStream,"CloudFormation, EC2, IAM, Logs",5,.template,"---
AWSTemplateFormatVersion: 2010-09-09
Description: Provides networking configuration for a standard management VPC (qs-1nb14cqcg)
Metadata:
  Stack:
    Value: 2
  VersionDate:
    Value: 20160510
  Identifier:
    Value: template-vpc-management
  Input:
    Description: CIDR blocks, VPC names, KeyName, EC2 instance size
  Output:
    Description: Outputs ID of all deployed resources
  AWS::CloudFormation::Interface:
    ParameterGroups:
    - Label:
        default: Region Config
      Parameters:
      - pRegionAZ1Name
      - pRegionAZ2Name
    - Label:
        default: Management VPC Configuration
      Parameters:
      - pManagementVPCName
      - pManagementCIDR
      - pManagementDMZSubnetACIDR
      - pManagementDMZSubnetBCIDR
      - pManagementDMZSubnetPublicIP
      - pVPCTenancy
    - Label:
        default: AWS Quick Start Configuration
      Parameters:
      - QSS3BucketName
      - QSS3KeyPrefix
    - Label:
        default: Optional Components - Bastion
      Parameters:
      - pCreateBastionHost
      - pEC2KeyPairBastion
      - pBastionInstanceType
      - pBastionAmi
      - pBastionSSHCIDR
    ParameterLabels:
      pManagementVPCName:
        default: Name of Management VPC to create
      pManagementCIDR:
        default: CIDR block of Management VPC
      pManagementDMZSubnetACIDR:
        default: CIDR block of Management DMZ SubnetA
      pManagementDMZSubnetBCIDR:
        default: CIDR block of Management DMZ SubnetB
      pManagementDMZSubnetPublicIP:
        default: Configure DMZ Subnet(s) for public ip.
      pVPCTenancy:
        default: Instance tenancy
      QSS3BucketName:
        default: Quick Start S3 Bucket Name
      QSS3KeyPrefix:
        default: Quick Start S3 Key Prefix
      pCreateBastionHost:
        default: Create Bastion Host
      pEC2KeyPairBastion:
        default: Bastion KeyPair
      pBastionInstanceType:
        default: Bastion Instance Type
      pBastionAmi:
        default: Bastion AMI
      pBastionSSHCIDR:
        default: Bastion SSH CIDR
Parameters:
  pCreateBastionHost:
    Description: Should a Bastion host be created inside the DMZ Subnet(s)?
    Type: String
    Default: true
    AllowedValues:
    - true
    - false
  pManagementDMZSubnetPublicIP:
    Description: Should Public IPs be auto-assigned to instances launched in the DMZ subnet(s)?
    Type: String
    Default: false
    AllowedValues:
    - true
    - false
  pProductionVPC:
    Description: Production VPC to peer with (optional)
    Type: String
    Default: ''
  pProductionCIDR:
    Description: CIDR of Production VPC
    Type: String
    Default: ''
  pRouteTableProdPrivate:
    Description: Route Table ID for Prod VPC Private
    Type: String
    Default: ''
  pRouteTableProdPublic:
    Description: Route Table ID for Prod VPC Public
    Type: String
    Default: ''
  pRegionAZ1Name:
    Description: Availability Zone 1 Name in Region
    Type: String
    Default: us-east-1b
  pRegionAZ2Name:
    Description: Availability Zone 2 Name in Region
    Type: String
    Default: us-west-1c
  pEC2KeyPairBastion:
    Description: Name of existing EC2 key pair for BASTION hosts
    Type: String
    Default: ''
  pBastionInstanceType:
    Description: Bastion EC2 instance type
    Type: String
    Default: m3.large
  pManagementVPCName:
    Description: Management VPC Name
    Type: String
    Default: Management VPC
  pManagementCIDR:
    Description: CIDR block for Management VPC
    Type: String
    Default: 10.10.0.0/16
  pManagementDMZSubnetACIDR:
    Description: CIDR block for Management AZ-1a subnet
    Type: String
    Default: 10.10.10.0/24
  pManagementDMZSubnetBCIDR:
    Description: CIDR block for Management AZ-1b subnet
    Type: String
    Default: 10.10.20.0/24
  pManagementPrivateSubnetACIDR:
    Description: CIDR block for Management AZ-1a subnet
    Type: String
    Default: 10.10.10.0/24
  pManagementPrivateSubnetBCIDR:
    Description: CIDR block for Management AZ-1b subnet
    Type: String
    Default: 10.10.20.0/24
  pVPCTenancy:
    Description: Instance tenancy behavior for this VPC
    Type: String
    Default: default
    AllowedValues:
    - default
    - dedicated
  pBastionSSHCIDR:
    Type: String
    Default: 0.0.0.0/0
    Description: The CIDR Allowed SSH access to the bastion host
  pBastionAmi:
    Description: AMI to use for bastion host
    Type: String
    Default: ''
  pEC2KeyPair:
    Description: Name of existing EC2 key pair for production hosts
    Type: String
    Default: ''
  pEnvironment:
    Description: Environment (development, test, or production)
    Type: String
    Default: development
  pSupportsNatGateway:
    Description: Specifies whether this region supports NAT Gateway (this value is
      determined by the main stack if it is invoked from there)
    Type: String
    Default: true
  pNatInstanceType:
    Description: Instance type to use for the NAT intstance if the region does not
      support NAT Gateway (this value is determined by the main stack if it is invoked
      from there)
    Type: String
    Default: ''
  pNatAmi:
    Description: AMI to use for the NAT intstance if the region does not support NAT
      Gateway (this value is determined by the main stack if it is invoked from there)
    Type: String
    Default: ''
  pFlowLogGroup:
    Description: Log Group for capturing VPC Flow Logs
    Type: String
    Default: ''
  QSS3BucketName:
    AllowedPattern: ^[0-9a-zA-Z]+([0-9a-zA-Z\-\.]*[0-9a-zA-Z])*$
    ConstraintDescription: Quick Start bucket name can include numbers, lowercase
      letters, uppercase letters, periods (.), and hyphens (-). It cannot start or
      end with a hyphen (-).
    Default: aws-quickstart
    Description: S3 bucket name for the Quick Start assets. Quick Start bucket name
      can include numbers, lowercase letters, uppercase letters, periods (.), and
      hyphens (-). It cannot start or end with a hyphen (-).
    Type: String
  QSS3KeyPrefix:
    AllowedPattern: ^[0-9a-zA-Z-/]*$
    ConstraintDescription: Quick Start key prefix can include numbers, lowercase letters,
      uppercase letters, hyphens (-), and forward slash (/).
    Default: quickstart-compliance-nist/
    Description: S3 key prefix for the Quick Start assets. Quick Start key prefix
      can include numbers, lowercase letters, uppercase letters, hyphens (-), and
      orward slash (/).
    Type: String
Conditions:
  cGovCloudCondition:
    !Equals
    - !Ref AWS::Region
    - us-gov-west-1
  cCreateBastionHost:
    !Equals
    - true
    - !Ref pCreateBastionHost
  cCreatePeeringProduction:
    !Not
    - !Equals
      - ''
      - !Ref pProductionVPC
  cNeedNatInstance:
    !Equals
    - false
    - !Ref pSupportsNatGateway
  cSupportsNatGateway:
    !Equals
    - true
    - !Ref pSupportsNatGateway
  cEnableFlowLogs:
    !Not
    - !Equals
      - !Ref pFlowLogGroup
      - ''
  cManagementSubnetDefaultRoute:
    !Equals
    - true
    - !Ref pManagementDMZSubnetPublicIP
Resources:
  rVPCManagement:
    Type: AWS::EC2::VPC
    Properties:
      CidrBlock: !Ref pManagementCIDR
      InstanceTenancy: !Ref pVPCTenancy
      EnableDnsSupport: true
      EnableDnsHostnames: true
      Tags:
      - Key: Name
        Value: !Ref pManagementVPCName
  rNatInstanceTemplate:
    Type: AWS::CloudFormation::Stack
    Condition: cNeedNatInstance
    Properties:
      TemplateURL:
        !Sub
        - https://${QSS3BucketName}.${QSS3Region}.amazonaws.com/${QSS3KeyPrefix}submodules/quickstart-compliance-common/templates/nat-instance.template
        - QSS3Region:
            !If
            - cGovCloudCondition
            - s3-us-gov-west-1
            - s3
      TimeoutInMinutes: 20
      Parameters:
        pDMZSubnetA: !Ref rManagementDMZSubnetA
        pSecurityGroupSSHFromVpc: !Ref rSecurityGroupSSHFromMgmt
        pSecurityGroupVpcNat: !Ref rSecurityGroupVpcNat
        pNatInstanceType: !Ref pNatInstanceType
        pNatAmi: !Ref pNatAmi
        pEC2KeyPair: !Ref pEC2KeyPair
        pVpcId: !Ref rVPCManagement
        pVpcName: !Ref pManagementVPCName
        pRouteTablePrivateA: !Ref rRouteTableMgmtPrivate
        pRouteTablePrivateB: ''
        pEipNatAllocationId: !GetAtt rEIPProdNAT.AllocationId
  rSecurityGroupVpcNat:
    Type: AWS::EC2::SecurityGroup
    Properties:
      GroupDescription: Allow NAT from Management VPC
      VpcId: !Ref rVPCManagement
      SecurityGroupIngress:
      - IpProtocol: tcp
        FromPort: 80
        ToPort: 80
        CidrIp: !Ref pManagementCIDR
      - IpProtocol: tcp
        FromPort: 443
        ToPort: 443
        CidrIp: !Ref pManagementCIDR
      Tags:
      - Key: Name
        Value: sg-web-access-ports-from-production
      - Key: Environment
        Value: !Ref pEnvironment
  rManagementDMZSubnetA:
    Type: AWS::EC2::Subnet
    Properties:
      CidrBlock: !Ref pManagementDMZSubnetACIDR
      AvailabilityZone: !Select [0, !GetAZs '']
      MapPublicIpOnLaunch: !Ref pManagementDMZSubnetPublicIP
      VpcId: !Ref rVPCManagement
      Tags:
      - Key: Name
        Value: Management DMZ Subnet A
  rManagementDMZSubnetB:
    Type: AWS::EC2::Subnet
    Properties:
      CidrBlock: !Ref pManagementDMZSubnetBCIDR
      AvailabilityZone: !Select [1, !GetAZs '']
      MapPublicIpOnLaunch: !Ref pManagementDMZSubnetPublicIP
      VpcId: !Ref rVPCManagement
      Tags:
      - Key: Name
        Value: Management DMZ Subnet B
  rManagementPrivateSubnetA:
    Type: AWS::EC2::Subnet
    Properties:
      CidrBlock: !Ref pManagementPrivateSubnetACIDR
      AvailabilityZone: !Select [0, !GetAZs '']
      VpcId: !Ref rVPCManagement
      Tags:
      - Key: Name
        Value: Management Private Subnet A
  rManagementPrivateSubnetB:
    Type: AWS::EC2::Subnet
    Properties:
      CidrBlock: !Ref pManagementPrivateSubnetBCIDR
      AvailabilityZone: !Select [1, !GetAZs '']
      VpcId: !Ref rVPCManagement
      Tags:
      - Key: Name
        Value: Management Private Subnet B
  rIGWManagement:
    Type: AWS::EC2::InternetGateway
    Properties:
      Tags:
      - Key: Name
        Value: igw-management
  rRouteTableMgmtPrivate:
    Type: AWS::EC2::RouteTable
    Properties:
      VpcId: !Ref rVPCManagement
      Tags:
      - Key: Name
        Value: Management Private Route
  rRouteTableMgmtDMZ:
    Type: AWS::EC2::RouteTable
    Properties:
      VpcId: !Ref rVPCManagement
      Tags:
      - Key: Name
        Value: Management DMZ Route
  rRouteMgmtIGW:
    DependsOn:
    - rGWAttachmentMgmtIGW
    Type: AWS::EC2::Route
    Properties:
      RouteTableId: !Ref rRouteTableMgmtDMZ
      GatewayId: !Ref rIGWManagement
      DestinationCidrBlock: 0.0.0.0/0
  rRouteAssocMgmtDMZA:
    Type: AWS::EC2::SubnetRouteTableAssociation
    Properties:
      RouteTableId: !Ref rRouteTableMgmtDMZ
      SubnetId: !Ref rManagementDMZSubnetA
  rRouteAssocMgmtDMZB:
    Type: AWS::EC2::SubnetRouteTableAssociation
    Properties:
      RouteTableId: !Ref rRouteTableMgmtDMZ
      SubnetId: !Ref rManagementDMZSubnetB
  rRouteAssocMgmtPrivA:
    Type: AWS::EC2::SubnetRouteTableAssociation
    Properties:
      RouteTableId: !Ref rRouteTableMgmtPrivate
      SubnetId: !Ref rManagementPrivateSubnetA
  rRouteAssocMgmtPrivB:
    Type: AWS::EC2::SubnetRouteTableAssociation
    Properties:
      RouteTableId: !Ref rRouteTableMgmtPrivate
      SubnetId: !Ref rManagementPrivateSubnetB
  rENIProductionBastion:
    Condition: cCreateBastionHost
    Type: AWS::EC2::NetworkInterface
    Properties:
      SubnetId: !Ref rManagementDMZSubnetA
      GroupSet:
      - !Ref rSecurityGroupBastion
      Description: Interface for Bastion device
      Tags:
      - Key: Network
        Value: MgmtBastionDevice
  rMgmtBastionInstance:
    Type: AWS::EC2::Instance
    Condition: cCreateBastionHost
    Properties:
      InstanceType: !Ref pBastionInstanceType
      KeyName: !Ref pEC2KeyPairBastion
      Tags:
      - Key: Name
        Value: Bastion Server
      ImageId: !Ref pBastionAmi
      NetworkInterfaces:
      - NetworkInterfaceId: !Ref rENIProductionBastion
        DeviceIndex: 0
      UserData: !Base64 |
        #!/bin/bash
        yum update -y
  rEIPProdBastion:
    Type: AWS::EC2::EIP
    Condition: cCreateBastionHost
    Properties:
      Domain: vpc
  AssociaterEIPProdBastion:
    Type: AWS::EC2::EIPAssociation
    Condition: cCreateBastionHost
    DependsOn:
      - rMgmtBastionInstance
    Properties:
      AllocationId: !GetAtt rEIPProdBastion.AllocationId
      NetworkInterfaceId: !Ref rENIProductionBastion
  rEIPManagementNAT:
    Type: AWS::EC2::EIP
    Properties:
      Domain: vpc
  rSecurityGroupSSHFromMgmt:
    Type: AWS::EC2::SecurityGroup
    Properties:
      GroupDescription: Enable SSH access via port 22
      VpcId: !Ref rVPCManagement
      SecurityGroupIngress:
      - IpProtocol: tcp
        FromPort: 22
        ToPort: 22
        CidrIp: !Ref pManagementCIDR
      Tags:
      - Key: Name
        Value: sg-ssh-access-from-management
      - Key: Environment
        Value: !Ref pEnvironment
  rManagementNATInstanceInterface:
    Type: AWS::EC2::NetworkInterface
    Properties:
      SubnetId: !Ref rManagementDMZSubnetA
      GroupSet:
      - !Ref rSecurityGroupSSHFromMgmt
      - !Ref rSecurityGroupVpcNat
      Description: Interface for Nat device
      Tags:
      - Key: Network
        Value: rManagementNATInstanceInterface
  AssociaterEIPManagementNAT:
    Type: AWS::EC2::EIPAssociation
    Properties:
      AllocationId: !GetAtt rEIPManagementNAT.AllocationId
      NetworkInterfaceId: !Ref rManagementNATInstanceInterface
  rEIPProdNAT:
    Type: AWS::EC2::EIP
    Properties:
      Domain: vpc
  rNATGateway:
    Type: AWS::EC2::NatGateway
    Condition: cSupportsNatGateway
    DependsOn: rIGWManagement
    Properties:
      AllocationId: !GetAtt rEIPProdNAT.AllocationId
      SubnetId: !Ref rManagementDMZSubnetA
  rGWAttachmentMgmtIGW:
    Type: AWS::EC2::VPCGatewayAttachment
    Properties:
      VpcId: !Ref rVPCManagement
      InternetGatewayId: !Ref rIGWManagement
  rSecurityGroupBastion:
    Type: AWS::EC2::SecurityGroup
    Condition: cCreateBastionHost
    Properties:
      GroupDescription: SG for Bastion Instances
      VpcId: !Ref rVPCManagement
      SecurityGroupIngress:
      - IpProtocol: tcp
        FromPort: 22
        ToPort: 22
        CidrIp: !Ref pBastionSSHCIDR
      SecurityGroupEgress:
      - IpProtocol: tcp
        FromPort: 1
        ToPort: 65535
        CidrIp: 0.0.0.0/0
      Tags:
      - Key: Name
        Value: sg-ssh-access-from-bastion
      - Key: Environment
        Value: !Ref pEnvironment
  rPeeringConnectionProduction:
    Type: AWS::EC2::VPCPeeringConnection
    Condition: cCreatePeeringProduction
    Properties:
      PeerVpcId: !Ref pProductionVPC
      VpcId: !Ref rVPCManagement
      Tags:
      - Key: Name
        Value: vpc-peer-production-management
      - Key: Environment
        Value: !Ref pEnvironment
  rRouteMgmtProdPrivate:
    Condition: cCreatePeeringProduction
    Type: AWS::EC2::Route
    Properties:
      RouteTableId: !Ref rRouteTableMgmtPrivate
      VpcPeeringConnectionId: !Ref rPeeringConnectionProduction
      DestinationCidrBlock: !Ref pProductionCIDR
  rRouteMgmtNGW:
    Condition: cSupportsNatGateway
    Type: AWS::EC2::Route
    Properties:
      RouteTableId: !Ref rRouteTableMgmtPrivate
      DestinationCidrBlock: 0.0.0.0/0
      NatGatewayId: !Ref rNATGateway
  rRouteProdMgmt:
    Condition: cCreatePeeringProduction
    Type: AWS::EC2::Route
    Properties:
      RouteTableId: !Ref pRouteTableProdPrivate
      VpcPeeringConnectionId: !Ref rPeeringConnectionProduction
      DestinationCidrBlock: !Ref pManagementCIDR
  rRouteProdMgmtPublic:
    Condition: cCreatePeeringProduction
    Type: AWS::EC2::Route
    Properties:
      RouteTableId: !Ref pRouteTableProdPublic
      VpcPeeringConnectionId: !Ref rPeeringConnectionProduction
      DestinationCidrBlock: !Ref pManagementCIDR
  rRouteMgmtProdDMZ:
    Condition: cCreatePeeringProduction
    Type: AWS::EC2::Route
    Properties:
      RouteTableId: !Ref rRouteTableMgmtDMZ
      VpcPeeringConnectionId: !Ref rPeeringConnectionProduction
      DestinationCidrBlock: !Ref pProductionCIDR
  rManagementVpcFlowLogsServiceRole:
    Condition: cEnableFlowLogs
    Type: AWS::IAM::Role
    Properties:
      AssumeRolePolicyDocument:
        Version: 2012-10-17
        Statement:
        - Sid: AllowFlowLogs
          Effect: Allow
          Principal:
            Service: vpc-flow-logs.amazonaws.com
          Action: sts:AssumeRole
      Path: /
      Policies:
      - PolicyName: cloudwatchlogsrole
        PolicyDocument:
          Version: 2012-10-17
          Statement:
          - Action:
            - logs:CreateLogGroup
            - logs:CreateLogStream
            - logs:PutLogEvents
            - logs:DescribeLogGroups
            - logs:DescribeLogStreams
            Effect: Allow
            Resource: '*'
  rManagementVpcFlowLog:
    Condition: cEnableFlowLogs
    Type: AWS::EC2::FlowLog
    Properties:
      DeliverLogsPermissionArn: !GetAtt rManagementVpcFlowLogsServiceRole.Arn
      LogGroupName: !Ref pFlowLogGroup
      ResourceId: !Ref rVPCManagement
      ResourceType: VPC
      TrafficType: ALL
  rManagementVpcFlowLogStream:
    Condition: cEnableFlowLogs
    Type: AWS::Logs::LogStream
    Properties:
      LogGroupName: !Ref pFlowLogGroup
Outputs:
  rVPCManagement:
    Value: !Ref rVPCManagement
  rBastionInstanceIP:
    Condition: cCreateBastionHost
    Value:
      !If
      - cCreateBastionHost
      - !Ref rEIPProdBastion
      - ''
  rManagementDMZSubnetA:
    Value: !Ref rManagementDMZSubnetA
  rManagementDMZSubnetB:
    Value: !Ref rManagementDMZSubnetB
  rManagementPrivateSubnetA:
    Value: !Ref rManagementPrivateSubnetA
  rManagementPrivateSubnetB:
    Value: !Ref rManagementPrivateSubnetB
  rRouteTableMgmtPrivate:
    Value: !Ref rRouteTableMgmtPrivate
  rRouteTableMgmtDMZ:
    Value: !Ref rRouteTableMgmtDMZ
  rSecurityGroupVpcNat:
    Value: !Ref rSecurityGroupVpcNat
  rEIPManagementNAT:
    Value: !Ref rEIPProdNAT
  rSecurityGroupSSHFromMgmt:
    Value: !Ref rSecurityGroupSSHFromMgmt
...",True,True,0,0
cfn_templates_greenfield/aws-samples__sample-aws-sa-genai/2_Quick_Admin_Suite/CFT/Final_Version/With_DDL/quick_admin_suite_vended_logs.yaml,manual-fix,549750dd74b4c35a46fc2332c6d49547680022ec2bcec4e41ff3f540c7be3c49,430,16,0,AWS::Glue::Database | AWS::Glue::Table | AWS::Logs::Delivery | AWS::Logs::DeliveryDestination | AWS::Logs::DeliverySource | AWS::Logs::LogGroup,"Glue, Logs",5,.yaml,"AWSTemplateFormatVersion: '2010-09-09'
Description: 'CloudWatch Vended Logs for QuickSight Chat and Feedback Logs'

Resources:
  GlueDatabase:
    Type: AWS::Glue::Database
    Properties:
      CatalogId: !Ref AWS::AccountId
      DatabaseInput:
        Name: admin-console-2025

  # Glue Tables
  ChatLogTable:
    Type: AWS::Glue::Table
    DependsOn: GlueDatabase
    Properties:
      CatalogId: !Ref AWS::AccountId
      DatabaseName: admin-console-2025
      TableInput:
        Name: qs_chat_log
        TableType: EXTERNAL_TABLE
        StorageDescriptor:
          Columns:
            - Name: user_arn
              Type: string
              Comment: from deserializer
            - Name: user_type
              Type: string
              Comment: from deserializer
            - Name: status_code
              Type: string
              Comment: from deserializer
            - Name: conversation_id
              Type: string
              Comment: from deserializer
            - Name: system_message_id
              Type: string
              Comment: from deserializer
            - Name: message_scope
              Type: string
              Comment: from deserializer
            - Name: user_message_id
              Type: string
              Comment: from deserializer
            - Name: user_message
              Type: string
              Comment: from deserializer
            - Name: agent_id
              Type: string
              Comment: from deserializer
            - Name: flow_id
              Type: string
              Comment: from deserializer
            - Name: system_text_message
              Type: string
              Comment: from deserializer
            - Name: user_selected_resources
              Type: array<struct<resourceid:string,resourcetype:string>>
              Comment: from deserializer
            - Name: action_connectors
              Type: array<struct<actionconnectorid:string>>
              Comment: from deserializer
            - Name: cited_resource
              Type: array<struct<citedresourcetype:string,citedresourceid:string,citedresourcename:string>>
              Comment: from deserializer
            - Name: file_attachment
              Type: array<string>
              Comment: from deserializer
            - Name: resource_arn
              Type: string
              Comment: from deserializer
            - Name: event_timestamp
              Type: bigint
              Comment: from deserializer
            - Name: logtype
              Type: string
              Comment: from deserializer
            - Name: accountid
              Type: string
              Comment: from deserializer
          Location: !Sub s3://admin-suite-${AWS::AccountId}/monitoring/quicksight/cw-vended-log/chat-log/AWSLogs/${AWS::AccountId}/quicksuitelogs/
          InputFormat: org.apache.hadoop.mapred.TextInputFormat
          OutputFormat: org.apache.hadoop.hive.ql.io.HiveIgnoreKeyTextOutputFormat
          SerdeInfo:
            SerializationLibrary: org.openx.data.jsonserde.JsonSerDe
            Parameters:
              paths: accountId,action_connectors,agent_id,cited_resource,conversation_id,event_timestamp,file_attachment,flow_id,logType,message_scope,resource_arn,status_code,system_message_id,system_text_message,user_arn,user_message,user_message_id,user_selected_resources,user_type
        PartitionKeys:
          - Name: region
            Type: string
          - Name: account_id
            Type: string
          - Name: year
            Type: string
          - Name: month
            Type: string
          - Name: day
            Type: string
          - Name: hour
            Type: string
        Parameters:
          projection.enabled: 'true'
          projection.region.type: enum
          projection.region.values: us-east-1,us-east-2,us-west-2
          projection.account_id.type: enum
          projection.account_id.values: !Ref AWS::AccountId
          projection.year.type: integer
          projection.year.range: '2024,2030'
          projection.month.type: integer
          projection.month.range: '01,12'
          projection.month.digits: '2'
          projection.day.type: integer
          projection.day.range: '01,31'
          projection.day.digits: '2'
          projection.hour.type: integer
          projection.hour.range: '00,23'
          projection.hour.digits: '2'
          storage.location.template: !Join
            - ''
            - - 's3://admin-suite-'
              - !Ref AWS::AccountId
              - '/monitoring/quicksight/cw-vended-log/chat-log/AWSLogs/'
              - !Ref AWS::AccountId
              - '/quicksuitelogs/${region}/${account_id}/${year}/${month}/${day}/${hour}/'
          classification: json
          compressionType: gzip
          partition_filtering.enabled: 'true'
          typeOfData: file

  FeedbackLogTable:
    Type: AWS::Glue::Table
    DependsOn: GlueDatabase
    Properties:
      CatalogId: !Ref AWS::AccountId
      DatabaseName: admin-console-2025
      TableInput:
        Name: qs_feedback_log
        TableType: EXTERNAL_TABLE
        StorageDescriptor:
          Columns:
            - Name: user_arn
              Type: string
              Comment: Amazon QuickSight user ARN who provided feedback
            - Name: user_type
              Type: string
              Comment: QuickSight user type (ADMIN_PRO, AUTHOR_PRO, etc.)
            - Name: status_code
              Type: string
              Comment: Status of the feedback event delivery
            - Name: conversation_id
              Type: string
              Comment: Unique identifier of the conversation
            - Name: research_id
              Type: string
              Comment: Unique identifier of the research session
            - Name: system_message_id
              Type: string
              Comment: System generated message identifier
            - Name: user_message_id
              Type: string
              Comment: User message identifier being rated
            - Name: feedback_type
              Type: string
              Comment: Type of feedback provided (thumbs up/down, rating)
            - Name: feedback_reason
              Type: string
              Comment: Reason or category for the feedback
            - Name: rating
              Type: string
              Comment: Numerical or categorical rating provided
            - Name: resource_arn
              Type: string
              Comment: QuickSight resource ARN associated with feedback
            - Name: event_timestamp
              Type: bigint
              Comment: Timestamp when feedback was provided (epoch ms)
            - Name: logtype
              Type: string
              Comment: Type of log entry (Feedback)
            - Name: accountid
              Type: string
              Comment: AWS account ID where feedback occurred
          Location: !Sub s3://admin-suite-${AWS::AccountId}/monitoring/quicksight/cw-vended-log/feedback-log/AWSLogs/${AWS::AccountId}/quicksuitelogs/
          InputFormat: org.apache.hadoop.mapred.TextInputFormat
          OutputFormat: org.apache.hadoop.hive.ql.io.HiveIgnoreKeyTextOutputFormat
          SerdeInfo:
            SerializationLibrary: org.openx.data.jsonserde.JsonSerDe
            Parameters:
              paths: accountId,conversation_id,event_timestamp,feedback_reason,feedback_type,logType,rating,research_id,resource_arn,status_code,system_message_id,user_arn,user_message_id,user_type
        PartitionKeys:
          - Name: region
            Type: string
          - Name: account_id
            Type: string
          - Name: year
            Type: string
          - Name: month
            Type: string
          - Name: day
            Type: string
          - Name: hour
            Type: string
        Parameters:
          projection.enabled: 'true'
          projection.region.type: enum
          projection.region.values: us-east-1,us-east-2,us-west-2
          projection.account_id.type: enum
          projection.account_id.values: !Ref AWS::AccountId
          projection.year.type: integer
          projection.year.range: '2024,2030'
          projection.month.type: integer
          projection.month.range: '01,12'
          projection.month.digits: '2'
          projection.day.type: integer
          projection.day.range: '01,31'
          projection.day.digits: '2'
          projection.hour.type: integer
          projection.hour.range: '00,23'
          projection.hour.digits: '2'
          storage.location.template: !Join
            - ''
            - - 's3://admin-suite-'
              - !Ref AWS::AccountId
              - '/monitoring/quicksight/cw-vended-log/feedback-log/AWSLogs/'
              - !Ref AWS::AccountId
              - '/quicksuitelogs/${region}/${account_id}/${year}/${month}/${day}/${hour}/'
          classification: json
          compressionType: gzip
          partition_filtering.enabled: 'true'
          typeOfData: file

  AgentHoursLogTable:
    Type: AWS::Glue::Table
    DependsOn: GlueDatabase
    Properties:
      CatalogId: !Ref AWS::AccountId
      DatabaseName: admin-console-2025
      TableInput:
        Name: qs_agent_hours_log
        TableType: EXTERNAL_TABLE
        StorageDescriptor:
          Columns:
            - Name: subscription_type
              Type: string
              Comment: ENTERPRISE or PROFESSIONAL
            - Name: reporting_service
              Type: string
              Comment: Service corresponding to the agent - RESEARCH, FLOWS OR AUTOMATIONS
            - Name: usage_group
              Type: string
              Comment: Included or Extra based on subscription type and usage
            - Name: usage_hours
              Type: decimal(10,2)
              Comment: Decimal value indicating usage hours
            - Name: service_resource_arn
              Type: string
              Comment: ARN of the corresponding Agent's service
            - Name: event_timestamp
              Type: bigint
              Comment: from deserializer
            - Name: logtype
              Type: string
              Comment: from deserializer
            - Name: accountid
              Type: string
              Comment: from deserializer
          Location: !Sub s3://admin-suite-${AWS::AccountId}/monitoring/quicksight/cw-vended-log/agent-hours-log/AWSLogs/${AWS::AccountId}/quicksuitelogs/
          InputFormat: org.apache.hadoop.mapred.TextInputFormat
          OutputFormat: org.apache.hadoop.hive.ql.io.HiveIgnoreKeyTextOutputFormat
          SerdeInfo:
            SerializationLibrary: org.openx.data.jsonserde.JsonSerDe
            Parameters:
              paths: accountId,event_timestamp,logType,reporting_service,service_resource_arn,subscription_type,usage_group,usage_hours
        PartitionKeys:
          - Name: region
            Type: string
          - Name: account_id
            Type: string
          - Name: year
            Type: string
          - Name: month
            Type: string
          - Name: day
            Type: string
          - Name: hour
            Type: string
        Parameters:
          projection.enabled: 'true'
          projection.region.type: enum
          projection.region.values: us-east-1,us-east-2,us-west-2
          projection.account_id.type: enum
          projection.account_id.values: !Ref AWS::AccountId
          projection.year.type: integer
          projection.year.range: '2024,2030'
          projection.month.type: integer
          projection.month.range: '01,12'
          projection.month.digits: '2'
          projection.day.type: integer
          projection.day.range: '01,31'
          projection.day.digits: '2'
          projection.hour.type: integer
          projection.hour.range: '00,23'
          projection.hour.digits: '2'
          storage.location.template: !Join
            - ''
            - - 's3://admin-suite-'
              - !Ref AWS::AccountId
              - '/monitoring/quicksight/cw-vended-log/agent-hours-log/AWSLogs/'
              - !Ref AWS::AccountId
              - '/quicksuitelogs/${region}/${account_id}/${year}/${month}/${day}/${hour}/'
          classification: json
          compressionType: gzip
          partition_filtering.enabled: 'true'
          typeOfData: file

  # CloudWatch Log Groups
  ChatLogGroup:
    Type: AWS::Logs::LogGroup
    Properties:
      LogGroupName: qs-chat-log-group
      LogGroupClass: STANDARD
      RetentionInDays: 30

  FeedbackLogGroup:
    Type: AWS::Logs::LogGroup
    Properties:
      LogGroupName: qs-feedback-log-group
      LogGroupClass: STANDARD
      RetentionInDays: 30

  AgentHoursLogGroup:
    Type: AWS::Logs::LogGroup
    Properties:
      LogGroupName: qs-agent-hours-log-group
      LogGroupClass: STANDARD
      RetentionInDays: 30

  # Delivery Sources
  ChatLogDeliverySource:
    Type: AWS::Logs::DeliverySource
    Properties:
      Name: qs-chat-log
      ResourceArn: !Sub arn:aws:quicksight:${AWS::Region}:${AWS::AccountId}:account/${AWS::AccountId}
      LogType: CHAT_LOGS

  FeedbackLogDeliverySource:
    Type: AWS::Logs::DeliverySource
    Properties:
      Name: qs-feedback-log
      ResourceArn: !Sub arn:aws:quicksight:${AWS::Region}:${AWS::AccountId}:account/${AWS::AccountId}
      LogType: FEEDBACK_LOGS

  AgentHoursLogDeliverySource:
    Type: AWS::Logs::DeliverySource
    Properties:
      Name: my-quick-suite-delivery-source
      ResourceArn: !Sub arn:aws:quicksight:${AWS::Region}:${AWS::AccountId}:account/${AWS::AccountId}
      LogType: AGENT_HOURS_LOGS

  # Delivery Destinations
  ChatLogS3Destination:
    Type: AWS::Logs::DeliveryDestination
    Properties:
      Name: qs-chat-log-s3
      DestinationResourceArn: !Sub arn:aws:s3:::admin-suite-${AWS::AccountId}/monitoring/quicksight/cw-vended-log/chat-log/

  FeedbackLogS3Destination:
    Type: AWS::Logs::DeliveryDestination
    Properties:
      Name: qs-feedback-log-s3
      DestinationResourceArn: !Sub arn:aws:s3:::admin-suite-${AWS::AccountId}/monitoring/quicksight/cw-vended-log/feedback-log/

  AgentHoursLogS3Destination:
    Type: AWS::Logs::DeliveryDestination
    Properties:
      Name: qs-agent-hours-log-s3
      DestinationResourceArn: !Sub arn:aws:s3:::admin-suite-${AWS::AccountId}/monitoring/quicksight/cw-vended-log/agent-hours-log/

  # Deliveries
  ChatLogDelivery:
    Type: AWS::Logs::Delivery
    Properties:
      DeliverySourceName: !Ref ChatLogDeliverySource
      DeliveryDestinationArn: !GetAtt ChatLogS3Destination.Arn
    DependsOn:
      - ChatLogDeliverySource
      - ChatLogS3Destination

  FeedbackLogDelivery:
    Type: AWS::Logs::Delivery
    Properties:
      DeliverySourceName: !Ref FeedbackLogDeliverySource
      DeliveryDestinationArn: !GetAtt FeedbackLogS3Destination.Arn
    DependsOn:
      - FeedbackLogDeliverySource
      - FeedbackLogS3Destination

  AgentHoursLogDelivery:
    Type: AWS::Logs::Delivery
    Properties:
      DeliverySourceName: !Ref AgentHoursLogDeliverySource
      DeliveryDestinationArn: !GetAtt AgentHoursLogS3Destination.Arn
    DependsOn:
      - AgentHoursLogDeliverySource
      - AgentHoursLogS3Destination

Outputs:
  ChatLogS3Location:
    Description: S3 location for QuickSight chat logs
    Value: !Sub s3://admin-suite-${AWS::AccountId}/monitoring/quicksight/cw-vended-log/chat-log/

  FeedbackLogS3Location:
    Description: S3 location for QuickSight feedback logs
    Value: !Sub s3://admin-suite-${AWS::AccountId}/monitoring/quicksight/cw-vended-log/feedback-log/

  ChatLogGroupArn:
    Description: ARN of the chat log group
    Value: !GetAtt ChatLogGroup.Arn

  FeedbackLogGroupArn:
    Description: ARN of the feedback log group
    Value: !GetAtt FeedbackLogGroup.Arn

  AgentHoursLogS3Location:
    Description: S3 location for QuickSight agent hours logs
    Value: !Sub s3://admin-suite-${AWS::AccountId}/monitoring/quicksight/cw-vended-log/agent-hours-log/

  AgentHoursLogGroupArn:
    Description: ARN of the agent hours log group
    Value: !GetAtt AgentHoursLogGroup.Arn",True,True,0,0
cfn_templates_greenfield/eijikominami__aws-cloudformation-templates/notification/sam-app/template.yaml,manual-fix,17a9f9b62b14a1e898de73f36621dc1d1bff5d9f3699550c5e0f840ee9d85fc4,810,25,25,AWS::CloudFormation::Stack | AWS::CloudWatch::Dashboard | AWS::IAM::Role | AWS::KMS::Key | AWS::Lambda::Permission | AWS::Logs::LogGroup | AWS::SNS::Subscription | AWS::Serverless::Application | AWS::Serverless::Function,"CloudFormation, CloudWatch, IAM, KMS, Lambda, Logs, SNS, Serverless",5,.yaml,"AWSTemplateFormatVersion: 2010-09-09
Transform: AWS::Serverless-2016-10-31
Description: aws-cloudformation-templates/notification sends notifications to Slack.

Globals:
  Function:
    Architectures:
      - arm64
    Handler: lambda_function.lambda_handler
    Runtime: python3.13
    Tracing: Active

Metadata:
  AWS::CloudFormation::Interface:
    ParameterGroups:
      - Label:
          default: 'EventBridge Configuration'
        Parameters:
          - AutoScalingEventsRule
          - EBSEventsRule
          - EC2EventsRule
          - KMSEventsRule
          - ManagementConsoleEventsRule
          - ScheduledEventsRule
          - TagEventsRule
          - TrustedAdvisorEventsRule
      - Label:
          default: 'Slack Configuration'
        Parameters:
          - CloudTrailAdditionalFilters
          - CloudTrailLogGroup
          - Encrypt
          - HookUrlForDeployment
          - HookUrlForAlert
          - SlackWorkspaceId
          - SlackChannelIdForDeployment
          - SlackChannelIdForAlert
          - UnauthorizedApiCallsCloudWatchAlarmName
      - Label:
          default: 'Notification Configuration'
        Parameters:
          - AlarmLevel
          - SNSForAlertArn
          - SNSForCICDArn
          - SNSForDeploymentArn
      - Label:
          default: 'Tag Configuration'
        Parameters:
          - Environment
          - TagKey
          - TagValue

Mappings:
  RegionMap:
    us-east-1:
      LambdaInsights: arn:aws:lambda:us-east-1:580247275435:layer:LambdaInsightsExtension-Arm64:23
    us-west-2:
      LambdaInsights: arn:aws:lambda:us-west-2:580247275435:layer:LambdaInsightsExtension-Arm64:23
    ap-northeast-1:
      LambdaInsights: arn:aws:lambda:ap-northeast-1:580247275435:layer:LambdaInsightsExtension-Arm64:34
    ap-northeast-3:
      LambdaInsights: arn:aws:lambda:ap-northeast-3:194566237122:layer:LambdaInsightsExtension-Arm64:20

Parameters:
  AlarmLevel:
    Type: String
    Default: NOTICE
    AllowedValues:
      - NOTICE
      - WARNING
    Description: The alarm level of CloudWatch alarms
  AutoScalingEventsRule:
    Type: String
    Default: ENABLED
    AllowedValues:
      - ENABLED
      - ERROR_ONLY
      - DISABLED
    Description: Enable or disable the events rule about AutoScaling [required]
  CloudTrailAdditionalFilters:
    Type: String
    Default: ''
    Description: Additional expression of CloudWatch Logs metric filters
  CloudTrailLogGroup:
    Type: String
    Default: ''
    Description: The log group name for CloudTrail
  EBSEventsRule:
    Type: String
    Default: ENABLED
    AllowedValues:
      - ENABLED
      - ERROR_ONLY
      - DISABLED
    Description: Enable or disable the events rule about EBS [required]
  EC2EventsRule:
    Type: String
    Default: ENABLED
    AllowedValues:
      - ENABLED
      - DISABLED
    Description: Enable or disable the events rule about EC2 [required]
  Encrypt:
    Type: String
    Default: false
    AllowedValues:
      - true
      - false
    Description: Enable or disable encryption [required]
  HookUrlForDeployment:
    Type: String
    Default: ''
    NoEcho: true
    Description: Slack Hook Url for deployment information without schema string (e.g. hooks.slack.com/services/XXXXX)
  HookUrlForAlert:
    Type: String
    Default: ''
    NoEcho: true
    Description: Slack Hook Url for alert without schema string (e.g. hooks.slack.com/services/XXXXX)
  KMSEventsRule:
    Type: String
    Default: ENABLED
    AllowedValues:
      - ENABLED
      - DISABLED
    Description: Enable or disable the events rule about KMS [required]
  ManagementConsoleEventsRule:
    Type: String
    Default: ENABLED
    AllowedValues:
      - ENABLED
      - DISABLED
    Description: Enable or disable the events rule about Management Console [required]
  ScheduledEventsRule:
    Type: String
    Default: ENABLED
    AllowedValues:
      - ENABLED
      - DISABLED
    Description: Enable or disable the events rule about Scheduled Events [required]
  SlackWorkspaceId:
    Type: String
    Default: ''
    Description: Slack Workspace Name
  SlackChannelIdForDeployment:
    Type: String
    Default: ''
    Description: Slack Channel Id for deployment information
  SlackChannelIdForAlert:
    Type: String
    Default: ''
    Description: Slack Channel Id for alert
  SNSForAlertArn:
    Type: String
    Default: ''
    Description: The Amazon SNS topic ARN for alert
  SNSForCICDArn:
    Type: String
    Default: ''
    Description: The Amazon SNS topic ARN for CI/CD information
  SNSForDeploymentArn:
    Type: String
    Default: ''
    Description: The Amazon SNS topic ARN for deployment information
  TagEventsRule:
    Type: String
    Default: ENABLED
    AllowedValues:
      - ENABLED
      - DISABLED
    Description: Enable or disable the events rule about Tag [required]
  TrustedAdvisorEventsRule:
    Type: String
    Default: ENABLED
    AllowedValues:
      - ENABLED
      - DISABLED
    Description: Enable or disable the events rule about Trusted Advisor [required]
  UnauthorizedApiCallsCloudWatchAlarmName:
    Type: String
    Default: Notice-DefaultSecuritySettings-CloudTrail-Unauthorized-API-Calls
    AllowedPattern: .+
    Description: The CloudWatch Alarm name to notify unauthorized API calls [required]
  Environment:
    Type: String
    Default: production
    AllowedValues:
      - production
      - test
      - development
  CrossAccountSubscriberAccountId:
    Type: String
    Default: ''
    Description: Account ID allowed to subscribe to the Alert SNS topic (for cross-account webhook forwarding)
  TagKey:
    Type: String
    Default: createdby
    AllowedPattern: .+
  TagValue:
    Type: String
    Default: aws-cloudformation-templates
    AllowedPattern: .+

Conditions:
  CreateAdditionalFilters: !Not [ !Equals [ !Ref CloudTrailAdditionalFilters, '' ] ]
  CreateAnalyzeUnauthorizedApiCallsFunction: !Not [ !Equals [ !Ref CloudTrailLogGroup, ''] ]
  CreateKMSKey: !Equals [ !Ref Encrypt, 'true']
  CreateSNSForAlert: !Equals [ !Ref SNSForAlertArn, '']
  CreateSNSForCICD: !Equals [ !Ref SNSForCICDArn, '']
  CreateSNSForDeployment: !Equals [ !Ref SNSForDeploymentArn, '']
  CreateChatbotForAlert: !And [ !Not [ !Equals [ !Ref SlackWorkspaceId, ''] ], !Not [ !Equals [ !Ref SNSForAlertArn, ''] ], !Not [ !Equals [ !Ref SlackChannelIdForAlert, ''] ] ]
  CreateChatbotForCICD: !And [ !Not [ !Equals [ !Ref SlackWorkspaceId, ''] ], !Not [ !Equals [ !Ref SNSForCICDArn, ''] ], !Not [ !Equals [ !Ref SlackChannelIdForDeployment, ''] ] ]
  Development: !Equals [ !Ref Environment, development]

Resources:
  # Nested Stack
  SNSForAlert:
    Condition: CreateSNSForAlert
    Type: AWS::Serverless::Application
    Properties:
      Location:
        ApplicationId: arn:aws:serverlessrepo:us-east-1:172664222583:applications/sns-topic
        SemanticVersion: 2.2.25
      NotificationARNs:
        - !If
          - CreateSNSForDeployment
          - !GetAtt SNSForDeployment.Outputs.SNSTopicArn
          - !Ref SNSForDeploymentArn
      Parameters:
        CrossAccountSubscriberAccountId: !Ref CrossAccountSubscriberAccountId
        TopicName: !Sub Alert-createdby-${AWS::StackName}
      Tags:
        environment: !Ref Environment
        createdby: !Ref TagValue
  SNSForFormattedAlert:
    Type: AWS::Serverless::Application
    Properties:
      Location:
        ApplicationId: arn:aws:serverlessrepo:us-east-1:172664222583:applications/sns-topic
        SemanticVersion: 2.2.25
      NotificationARNs:
        - !If
          - CreateSNSForDeployment
          - !GetAtt SNSForDeployment.Outputs.SNSTopicArn
          - !Ref SNSForDeploymentArn
      Parameters:
        TopicName: !Sub FormattedAlert-createdby-${AWS::StackName}
      Tags:
        environment: !Ref Environment
        createdby: !Ref TagValue
  SNSForCICD:
    Condition: CreateSNSForCICD
    Type: AWS::Serverless::Application
    Properties:
      Location:
        ApplicationId: arn:aws:serverlessrepo:us-east-1:172664222583:applications/sns-topic
        SemanticVersion: 2.2.25
      NotificationARNs:
        - !If
          - CreateSNSForDeployment
          - !GetAtt SNSForDeployment.Outputs.SNSTopicArn
          - !Ref SNSForDeploymentArn
      Parameters:
        TopicName: !Sub CICD-createdby-${AWS::StackName}
      Tags:
        environment: !Ref Environment
        createdby: !Ref TagValue
  SNSForDeployment:
    Condition: CreateSNSForDeployment
    Type: AWS::Serverless::Application
    Properties:
      Location:
        ApplicationId: arn:aws:serverlessrepo:us-east-1:172664222583:applications/sns-topic
        SemanticVersion: 2.2.25
      Parameters:
        TopicName: !Sub Deployment-createdby-${AWS::StackName}
      Tags:
        environment: !Ref Environment
        createdby: !Ref TagValue
  EventsRule:
    Type: AWS::Serverless::Application
    Properties:
      Location:
        ApplicationId: arn:aws:serverlessrepo:us-east-1:172664222583:applications/eventbridge-rules
        SemanticVersion: 2.2.25
      NotificationARNs:
        - !If
          - CreateSNSForDeployment
          - !GetAtt SNSForDeployment.Outputs.SNSTopicArn
          - !Ref SNSForDeploymentArn
      Parameters:
        LogicalName: !Ref AWS::StackName
        AutoScalingEventsRule: !Ref AutoScalingEventsRule
        EBSEventsRule: !Ref EBSEventsRule
        EC2EventsRule: !Ref EC2EventsRule
        KMSEventsRule: !Ref KMSEventsRule
        ManagementConsoleEventsRule: !Ref ManagementConsoleEventsRule
        ScheduledEventsRule: !Ref ScheduledEventsRule
        SNSForAlertArn: !If
          - CreateSNSForAlert
          - !GetAtt SNSForAlert.Outputs.SNSTopicArn
          - !Ref SNSForAlertArn
        SNSForDeploymentArn: !If
          - CreateSNSForDeployment
          - !GetAtt SNSForDeployment.Outputs.SNSTopicArn
          - !Ref SNSForDeploymentArn
        TagEventsRule: !Ref TagEventsRule
        TrustedAdvisorEventsRule: !Ref TrustedAdvisorEventsRule
      Tags:
        environment: !Ref Environment
        createdby: !Ref TagValue
  # IAM
  IAMRoleForLambda:
    Type: AWS::IAM::Role
    Properties:
      AssumeRolePolicyDocument:
        Version: 2012-10-17
        Statement:
          - Effect: Allow
            Principal:
              Service: lambda.amazonaws.com
            Action: sts:AssumeRole
      Description: A role required for Lambda to access X-Ray, KMS and CloudWatch Logs.
      ManagedPolicyArns:
          - arn:aws:iam::aws:policy/AWSXrayWriteOnlyAccess
          - arn:aws:iam::aws:policy/CloudWatchLambdaInsightsExecutionRolePolicy
      Policies:
        - PolicyName: AnalyzeUnauthorizedApiCalls
          PolicyDocument:
            Version: 2012-10-17
            Statement:
              - Effect: Allow
                Action:
                  - ssm:GetParameters
                  - cloudwatch:DescribeAlarms
                Resource: '*'
        - PolicyName: SNS
          PolicyDocument:
            Version: 2012-10-17
            Statement:
              - Effect: Allow
                Action:
                  - sns:Publish
                Resource: '*'
        - PolicyName: CloudWatchLogs
          PolicyDocument:
            Version: 2012-10-17
            Statement:
              - Effect: Allow
                Action:
                  - logs:CreateLogStream
                Resource: '*'
              - Effect: Allow
                Action:
                  - logs:PutLogEvents
                Resource: '*'
        - !If
          - CreateKMSKey
          - PolicyName: KMS
            PolicyDocument:
              Version: 2012-10-17
              Statement:
                - Effect: Allow
                  Action:
                    - kms:Decrypt
                  Resource: !GetAtt KMSKey.Arn
          - !Ref AWS::NoValue
      RoleName: !Sub ${AWS::StackName}-LambdaForNotification-${AWS::Region}
      Tags:
        - Key: environment
          Value: !Ref Environment
        - Key: !Ref TagKey
          Value: !Ref TagValue
  IAMRoleForChatbot:
    Type: AWS::IAM::Role
    Properties:
      AssumeRolePolicyDocument:
        Version: 2012-10-17
        Statement:
          - Effect: Allow
            Principal:
              Service: chatbot.amazonaws.com
            Action: sts:AssumeRole
      Description: A role required for Chatbot to access CloudWatch.
      Policies:
        - PolicyName: CloudWatch
          PolicyDocument:
            Version: 2012-10-17
            Statement:
              - Effect: Allow
                Action:
                  - 'cloudwatch:Describe*'
                  - 'cloudwatch:Get*'
                  - 'cloudwatch:List*'
                Resource: '*'
        - PolicyName: CloudWatchLogs
          PolicyDocument:
            Version: 2012-10-17
            Statement:
              - Effect: Allow
                Action:
                  - 'logs:Describe*'
                  - 'logs:Get*'
                  - 'logs:List*'
                  - 'logs:StartQuery'
                  - 'logs:StopQuery'
                  - 'logs:TestMetricFilter'
                  - 'logs:FilterLogEvents'
                Resource: '*'
      RoleName: !Sub '${AWS::StackName}-Chatbot-${AWS::Region}'
      Tags:
        - Key: environment
          Value: !Ref Environment
        - Key: !Ref TagKey
          Value: !Ref TagValue
  # KMS
  KMSKey:
    Condition: CreateKMSKey
    Type: AWS::KMS::Key
    Properties:
      Description: Encrypt Slack Webhook URL
      Enabled: true
      EnableKeyRotation: true
      KeyPolicy:
        Version: 2012-10-17
        Id: DefaultKeyPolicy
        Statement:
          - Sid: Enable IAM User Permissions
            Effect: Allow
            Principal:
              AWS: !Sub arn:aws:iam::${AWS::AccountId}:root
            Action: 'kms:*'
            Resource: '*'
      KeyUsage: ENCRYPT_DECRYPT
      PendingWindowInDays: 30
      Tags:
        - Key: environment
          Value: !Ref Environment
        - Key: !Ref TagKey
          Value: !Ref TagValue
  # Lambda
  LambdaSendNotificationToSlack:
    DependsOn:
      - LogGroupForLambdaSendNotificationToSlack
    Type: AWS::Serverless::Function
    Properties:
      InlineCode: |
        def lambda_handler(event, context):
            return {""statusCode"": 200}
      Handler: index.lambda_handler
      Description: SNSの内容をSlackに送信します。
      Environment:
        Variables:
          ENCRYPT: !Ref Encrypt
          ALERT_HOOK_URL: !Ref HookUrlForAlert
          DEPLOYMENT_HOOK_URL: !Ref HookUrlForDeployment
          AWS_LAMBDA_EXEC_WRAPPER: !Ref AWS::NoValue
      Events:
        SNSForAlert:
          Properties:
            Topic: !If
              - CreateSNSForAlert
              - !GetAtt SNSForAlert.Outputs.SNSTopicArn
              - !Ref SNSForAlertArn
          Type: SNS
        SNSForCICD:
          Properties:
            Topic: !If
              - CreateSNSForCICD
              - !GetAtt SNSForCICD.Outputs.SNSTopicArn
              - !Ref SNSForCICDArn
          Type: SNS
        SNSForDeployment:
          Properties:
            Topic: !If
              - CreateSNSForDeployment
              - !GetAtt SNSForDeployment.Outputs.SNSTopicArn
              - !Ref SNSForDeploymentArn
          Type: SNS
      FunctionName: !Sub sendNotificationToSlack-createdby-${AWS::StackName}
      KmsKeyArn: !If
        - CreateKMSKey
        - !GetAtt KMSKey.Arn
        - !Ref AWS::NoValue
      Layers: !If
        - Development
        - - !FindInMap [RegionMap, !Ref ""AWS::Region"", LambdaInsights]
        - !Ref AWS::NoValue
      MemorySize: 512
      Role: !GetAtt IAMRoleForLambda.Arn
      Timeout: 30
      Tags:
        environment: !Ref Environment
        createdby: !Ref TagValue
  LogGroupForLambdaSendNotificationToSlack:
    Type: AWS::Logs::LogGroup
    Properties:
      LogGroupName: !Sub /aws/lambda/sendNotificationToSlack-createdby-${AWS::StackName}
      RetentionInDays: 60
      Tags:
        - Key: environment
          Value: !Ref Environment
        - Key: !Ref TagKey
          Value: !Ref TagValue
  SNSSubscriptionForAlertToSlack:
    Type: AWS::SNS::Subscription
    Properties:
      Endpoint: !GetAtt LambdaSendNotificationToSlack.Arn
      Protocol: lambda
      TopicArn: !If
        - CreateSNSForAlert
        - !GetAtt SNSForAlert.Outputs.SNSTopicArn
        - !Ref SNSForAlertArn
  SNSSubscriptionForCICDToSlack:
    Type: AWS::SNS::Subscription
    Properties:
      Endpoint: !GetAtt LambdaSendNotificationToSlack.Arn
      Protocol: lambda
      TopicArn: !If
        - CreateSNSForCICD
        - !GetAtt SNSForCICD.Outputs.SNSTopicArn
        - !Ref SNSForCICDArn
  SNSSubscriptionForDeploymentToSlack:
    Type: AWS::SNS::Subscription
    Properties:
      Endpoint: !GetAtt LambdaSendNotificationToSlack.Arn
      Protocol: lambda
      TopicArn: !If
        - CreateSNSForDeployment
        - !GetAtt SNSForDeployment.Outputs.SNSTopicArn
        - !Ref SNSForDeploymentArn
  # CloudWatch Alarm for Lambda
  AlarmLambdaSendNotificationToSlack:
    Type: AWS::Serverless::Application
    Properties:
      Location:
        ApplicationId: arn:aws:serverlessrepo:us-east-1:172664222583:applications/cloudwatch-alarm-about-lambda
        SemanticVersion: 2.2.25
      NotificationARNs:
        - !If
          - CreateSNSForDeployment
          - !GetAtt SNSForDeployment.Outputs.SNSTopicArn
          - !Ref SNSForDeploymentArn
      Parameters:
        AlarmLevel: !Ref AlarmLevel
        CustomAlarmName: !Ref AWS::StackName
        SNSTopicArn: !If
          - CreateSNSForAlert
          - !GetAtt SNSForAlert.Outputs.SNSTopicArn
          - !Ref SNSForAlertArn
        MetricFilterPattern: ''
        FunctionResouceName: !Ref LambdaSendNotificationToSlack
        Environment: !Ref Environment
        TagKey: !Ref TagKey
        TagValue: !Ref TagValue
      Tags:
        environment: !Ref Environment
        createdby: !Ref TagValue
  # Lambda
  LambdaTransferNotificationToSNS:
    DependsOn:
      - LogGroupForLambdaTransferNotificationToSNS
    Type: AWS::Serverless::Function
    Properties:
      InlineCode: |
        def lambda_handler(event, context):
            return {""statusCode"": 200}
      Handler: index.lambda_handler
      Description: SNSの内容を別のSNSに転送します。
      Environment:
        Variables:
          SNS_TOPIC_ARN: !GetAtt SNSForFormattedAlert.Outputs.SNSTopicArn
          AWS_LAMBDA_EXEC_WRAPPER: !Ref AWS::NoValue
      Events:
        SNSForAlert:
          Properties:
            Topic: !If
              - CreateSNSForAlert
              - !GetAtt SNSForAlert.Outputs.SNSTopicArn
              - !Ref SNSForAlertArn
          Type: SNS
      FunctionName: !Sub transferNotificationToSNS-createdby-${AWS::StackName}
      Layers: !If
        - Development
        - - !FindInMap [RegionMap, !Ref ""AWS::Region"", LambdaInsights]
        - !Ref AWS::NoValue
      MemorySize: 512
      Role: !GetAtt IAMRoleForLambda.Arn
      Timeout: 30
      Tags:
        environment: !Ref Environment
        createdby: !Ref TagValue
  LogGroupForLambdaTransferNotificationToSNS:
    Type: AWS::Logs::LogGroup
    Properties:
      LogGroupName: !Sub /aws/lambda/transferNotificationToSNS-createdby-${AWS::StackName}
      RetentionInDays: 60
      Tags:
        - Key: environment
          Value: !Ref Environment
        - Key: !Ref TagKey
          Value: !Ref TagValue
  SNSSubscriptionForAlertToSNS:
    Type: AWS::SNS::Subscription
    Properties:
      Endpoint: !GetAtt LambdaTransferNotificationToSNS.Arn
      Protocol: lambda
      TopicArn: !If
        - CreateSNSForAlert
        - !GetAtt SNSForAlert.Outputs.SNSTopicArn
        - !Ref SNSForAlertArn
  # CloudWatch Alarm for Lambda
  AlarmLambdaTransferNotificationToSNS:
    Type: AWS::Serverless::Application
    Properties:
      Location:
        ApplicationId: arn:aws:serverlessrepo:us-east-1:172664222583:applications/cloudwatch-alarm-about-lambda
        SemanticVersion: 2.2.25
      NotificationARNs:
        - !If
          - CreateSNSForDeployment
          - !GetAtt SNSForDeployment.Outputs.SNSTopicArn
          - !Ref SNSForDeploymentArn
      Parameters:
        AlarmLevel: !Ref AlarmLevel
        CustomAlarmName: !Ref AWS::StackName
        SNSTopicArn: !If
          - CreateSNSForAlert
          - !GetAtt SNSForAlert.Outputs.SNSTopicArn
          - !Ref SNSForAlertArn
        MetricFilterPattern: ''
        FunctionResouceName: !Ref LambdaTransferNotificationToSNS
        Environment: !Ref Environment
        TagKey: !Ref TagKey
        TagValue: !Ref TagValue
      Tags:
        environment: !Ref Environment
        createdby: !Ref TagValue
  # Lambda
  LambdaAnalyzeUnauthorizedApiCalls:
    Condition: CreateAnalyzeUnauthorizedApiCallsFunction
    DependsOn:
      - LogGroupForLambdaAnalyzeUnauthorizedApiCalls
    Type: AWS::Serverless::Function
    Properties:
      InlineCode: |
        def lambda_handler(event, context):
            return {""statusCode"": 200}
      Handler: index.lambda_handler
      Description: Unauthorized API Calls イベントの詳細を Slack と SNS に送信します。
      Environment:
        Variables:
          ALARM_NAME: !Ref UnauthorizedApiCallsCloudWatchAlarmName
          ENCRYPT: !Ref Encrypt
          ALERT_HOOK_URL: !Ref HookUrlForAlert
          DEPLOYMENT_HOOK_URL: !Ref HookUrlForDeployment
          SNS_TOPIC_ARN: !GetAtt SNSForFormattedAlert.Outputs.SNSTopicArn
          AWS_LAMBDA_EXEC_WRAPPER: !Ref AWS::NoValue
      Events:
        CloudWatchLogs:
          Properties:
            FilterPattern:  !If
              - CreateAdditionalFilters
              - !Sub '{(($.errorCode=""*UnauthorizedOperation"") || ($.errorCode=""AccessDenied*"")) && ${CloudTrailAdditionalFilters}}'
              - '{($.errorCode=""*UnauthorizedOperation"") || ($.errorCode=""AccessDenied*"")}'
            LogGroupName: !Ref CloudTrailLogGroup
          Type: CloudWatchLogs
      FunctionName: !Sub analyzeUnauthorizedApiCalls-createdby-${AWS::StackName}
      KmsKeyArn: !If
        - CreateKMSKey
        - !GetAtt KMSKey.Arn
        - !Ref AWS::NoValue
      Layers: !If
        - Development
        - - !FindInMap [RegionMap, !Ref ""AWS::Region"", LambdaInsights]
        - !Ref AWS::NoValue
      MemorySize: 512
      Role: !GetAtt IAMRoleForLambda.Arn
      Timeout: 30
      Tags:
        environment: !Ref Environment
        createdby: !Ref TagValue
  LambdaAnalyzeUnauthorizedApiCallsPermission:
    Condition: CreateAnalyzeUnauthorizedApiCallsFunction
    Type: AWS::Lambda::Permission
    Properties:
      Action: lambda:InvokeFunction
      FunctionName: !Ref LambdaAnalyzeUnauthorizedApiCalls
      Principal: logs.amazonaws.com
      SourceArn: !Sub arn:aws:logs:${AWS::Region}:${AWS::AccountId}:log-group:${CloudTrailLogGroup}:*
  LogGroupForLambdaAnalyzeUnauthorizedApiCalls:
    Condition: CreateAnalyzeUnauthorizedApiCallsFunction
    Type: AWS::Logs::LogGroup
    Properties:
      LogGroupName: !Sub /aws/lambda/analyzeUnauthorizedApiCalls-createdby-${AWS::StackName}
      RetentionInDays: 60
      Tags:
        - Key: environment
          Value: !Ref Environment
        - Key: !Ref TagKey
          Value: !Ref TagValue
  # CloudWatch Alarm for Lambda
  AlarmLambdaAnalyzeUnauthorizedApiCalls:
    Condition: CreateAnalyzeUnauthorizedApiCallsFunction
    Type: AWS::Serverless::Application
    Properties:
      Location:
        ApplicationId: arn:aws:serverlessrepo:us-east-1:172664222583:applications/cloudwatch-alarm-about-lambda
        SemanticVersion: 2.2.25
      NotificationARNs:
        - !If
          - CreateSNSForDeployment
          - !GetAtt SNSForDeployment.Outputs.SNSTopicArn
          - !Ref SNSForDeploymentArn
      Parameters:
        AlarmLevel: !Ref AlarmLevel
        CustomAlarmName: !Ref AWS::StackName
        SNSTopicArn: !If
          - CreateSNSForAlert
          - !GetAtt SNSForAlert.Outputs.SNSTopicArn
          - !Ref SNSForAlertArn
        MetricFilterPattern: ''
        FunctionResouceName: !Ref LambdaAnalyzeUnauthorizedApiCalls
        Environment: !Ref Environment
        TagKey: !Ref TagKey
        TagValue: !Ref TagValue
      Tags:
        environment: !Ref Environment
        createdby: !Ref TagValue
  # Chatbot
  ChatbotForAlert:
    Condition: CreateChatbotForAlert
    Type: AWS::CloudFormation::Stack
    Properties:
      NotificationARNs:
        - !If
          - CreateSNSForDeployment
          - !GetAtt SNSForDeployment.Outputs.SNSTopicArn
          - !Ref SNSForDeploymentArn
      Parameters:
        IAMRoleForChatbotArn: !GetAtt IAMRoleForChatbot.Arn
        LogicalName: Alert
        SlackWorkspaceId: !Ref SlackWorkspaceId
        SlackChannelId: !Ref SlackChannelIdForAlert
        SNSArn: !GetAtt SNSForFormattedAlert.Outputs.SNSTopicArn
        Environment: !Ref Environment
        TagKey: !Ref TagKey
        TagValue: !Ref TagValue
      Tags:
        - Key: environment
          Value: !Ref Environment
        - Key: !Ref TagKey
          Value: !Ref TagValue
      TemplateURL: !If
        - Development
        - https://s3-ap-northeast-1.amazonaws.com/eijikominami-test/aws-cloudformation-templates/notification/chatbot.yaml
        - https://s3-ap-northeast-1.amazonaws.com/eijikominami/aws-cloudformation-templates/notification/chatbot.yaml
  ChatbotForCICD:
    Condition: CreateChatbotForCICD
    Type: AWS::CloudFormation::Stack
    Properties:
      NotificationARNs:
        - !If
          - CreateSNSForDeployment
          - !GetAtt SNSForDeployment.Outputs.SNSTopicArn
          - !Ref SNSForDeploymentArn
      Parameters:
        IAMRoleForChatbotArn: !GetAtt IAMRoleForChatbot.Arn
        LogicalName: CICD
        SlackWorkspaceId: !Ref SlackWorkspaceId
        SlackChannelId: !Ref SlackChannelIdForDeployment
        SNSArn: !Ref SNSForCICDArn
        Environment: !Ref Environment
        TagKey: !Ref TagKey
        TagValue: !Ref TagValue
      Tags:
        - Key: environment
          Value: !Ref Environment
        - Key: !Ref TagKey
          Value: !Ref TagValue
      TemplateURL: !If
        - Development
        - https://s3-ap-northeast-1.amazonaws.com/eijikominami-test/aws-cloudformation-templates/notification/chatbot.yaml
        - https://s3-ap-northeast-1.amazonaws.com/eijikominami/aws-cloudformation-templates/notification/chatbot.yaml
  # CloudWatch Dashboard
  Dashboard:
    Type: AWS::CloudWatch::Dashboard
    Properties:
      DashboardName: !Sub ${AWS::StackName}-${AWS::Region}
      DashboardBody: !Sub '{""widgets"": [{""type"": ""text"",""x"": 0,""y"": 0,""width"": 24,""height"": 2,""properties"": {""markdown"": ""\n# Lambda ${LambdaSendNotificationToSlack}()\n\nCloudWatch アラームの内容をSlackに送信します。\n""}},{""type"": ""metric"",""x"": 12,""y"": 2,""width"": 12,""height"": 9,""properties"": {""metrics"": [[ ""AWS/Lambda"", ""Errors"", ""FunctionName"", ""${LambdaSendNotificationToSlack}"", ""Resource"", ""${LambdaSendNotificationToSlack}"", { ""color"": ""#d62728"" } ],[ ""."", ""Throttles"", ""."", ""."", ""."", ""."" ],[ ""."", ""ConcurrentExecutions"", ""."", ""."", ""."", ""."" ],[ ""."", ""Invocations"", ""."", ""."", ""."", ""."", { ""color"": ""#1f77b4"" } ]],""view"": ""timeSeries"",""stacked"": false,""region"": ""${AWS::Region}"",""stat"": ""Sum"",""period"": 60,""title"": ""Count""}},{""type"": ""metric"",""x"": 0,""y"": 5,""width"": 6,""height"": 3,""properties"": {""title"": ""ClientError"",""annotations"": {""alarms"": [""arn:aws:cloudwatch:${AWS::Region}:${AWS::AccountId}:alarm:Warning-${AWS::StackName}-Lambda-${LambdaSendNotificationToSlack}-ClientError""]},""view"": ""timeSeries"",""stacked"": false}},{""type"": ""metric"",""x"": 0,""y"": 8,""width"": 6,""height"": 3,""properties"": {""title"": ""TypeError"",""annotations"": {""alarms"": [""arn:aws:cloudwatch:${AWS::Region}:${AWS::AccountId}:alarm:Warning-${AWS::StackName}-Lambda-${LambdaSendNotificationToSlack}-TypeError""]},""view"": ""timeSeries"",""stacked"": false}},{""type"": ""metric"",""x"": 6,""y"": 5,""width"": 6,""height"": 3,""properties"": {""title"": ""Throttles"",""annotations"": {""alarms"": [""arn:aws:cloudwatch:${AWS::Region}:${AWS::AccountId}:alarm:Warning-${AWS::StackName}-Lambda-${LambdaSendNotificationToSlack}-Throttles""]},""view"": ""timeSeries"",""stacked"": false}},{""type"": ""metric"",""x"": 0,""y"": 2,""width"": 12,""height"": 3,""properties"": {""title"": ""Duration"",""annotations"": {""alarms"": [""arn:aws:cloudwatch:${AWS::Region}:${AWS::AccountId}:alarm:Warning-${AWS::StackName}-Lambda-${LambdaSendNotificationToSlack}-Timeout-Will-Occur""]},""view"": ""timeSeries"",""stacked"": false}},{""type"": ""metric"",""x"": 6,""y"": 8,""width"": 6,""height"": 3,""properties"": {""title"": ""Errors"",""annotations"": {""alarms"": [""arn:aws:cloudwatch:${AWS::Region}:${AWS::AccountId}:alarm:Warning-${AWS::StackName}-Lambda-${LambdaSendNotificationToSlack}-Errors""]},""view"": ""timeSeries"",""stacked"": false}},{""type"": ""log"",""x"": 0,""y"": 11,""width"": 12,""height"": 3,""properties"": {""query"": ""SOURCE ''/aws/lambda/${LambdaSendNotificationToSlack}'' | fields @message, @timestamp | filter @message like /(?i)ERROR/ | sort @timestamp desc | limit 20"",""region"": ""${AWS::Region}"",""stacked"": false,""view"": ""table"",""title"": ""Error""}},{""type"": ""log"",""x"": 12,""y"": 11,""width"": 12,""height"": 3,""properties"": {""query"": ""SOURCE ''/aws/lambda/${LambdaSendNotificationToSlack}'' | fields records, @timestamp | filter records>0 | sort @timestamp desc | limit 60"",""region"": ""${AWS::Region}"",""stacked"": false,""title"": ""Records"",""view"": ""table""}}]}'

Outputs:
  LambdaSendNotificationToSlackARN:
    Description: Lambda ARN of sendNotificationToSlack()
    Value: !GetAtt LambdaSendNotificationToSlack.Arn
  ChatbotForChatbotForCICD:
    Description: Chatbot ARN for CICD
    Value: !If
      - CreateChatbotForCICD
      - !GetAtt ChatbotForCICD.Outputs.ChatbotArn
      - ''
  ChatbotForAlert:
    Description: Chatbot ARN for alart
    Value: !If
      - CreateChatbotForAlert
      - !GetAtt ChatbotForAlert.Outputs.ChatbotArn
      - ''
  SNSForFormattedAlert:
    Description: SNS for Formatted Alert Arn
    Value: !GetAtt SNSForFormattedAlert.Outputs.SNSTopicArn",True,True,0,0
cfn_templates_greenfield/Yoshiki0705__FSx-for-ONTAP-S3AccessPoints-Serverless-Patterns/shared/cfn/flexclone-serverless-pipeline.yaml,manual-fix,26c15a75cc69d493bb3a33fa5cdab35f1c6a2f9efb486d017187e3bf029ba4ff,601,12,14,AWS::IAM::Role | AWS::Scheduler::Schedule | AWS::Serverless::Function | AWS::StepFunctions::StateMachine,"IAM, Scheduler, Serverless, StepFunctions",5,.yaml,"# =============================================================================
# FlexClone Serverless Pipeline — Step Functions + Lambda + EventBridge
# =============================================================================
#
# FlexClone の作成からマルチプロトコルマウント、サーバーレスファイル処理までの
# 統合パイプライン。Snapshot → FlexClone → WaitForOnline → ProcessFiles →
# CreateCIFSShare → Notify の 6 ステップ。
#
# 使用方法:
#   aws cloudformation deploy \
#     --template-file shared/cfn/flexclone-serverless-pipeline.yaml \
#     --stack-name fsxn-flexclone-pipeline \
#     --parameter-overrides \
#       EnableFlexClonePipeline=true \
#       OntapMgmtIp=10.0.1.100 \
#       OntapCredentialsSecret=fsxn/ontap-credentials \
#       SvmUuid=xxxxxxxx-xxxx-xxxx-xxxx-xxxxxxxxxxxx \
#       ParentVolumeUuid=xxxxxxxx-xxxx-xxxx-xxxx-xxxxxxxxxxxx \
#       S3AccessPointAlias=fsxn-s3ap-xxx-ext-s3alias \
#       NotificationTopicArn=arn:aws:sns:ap-northeast-1:123456789012:topic \
#       VpcId=vpc-xxx \
#       SubnetIds=subnet-aaa,subnet-bbb \
#       SecurityGroupId=sg-xxx \
#     --capabilities CAPABILITY_NAMED_IAM
#
# オプトイン制御:
#   EnableFlexClonePipeline=false (デフォルト) でリソースは作成されない。
#
# =============================================================================

AWSTemplateFormatVersion: ""2010-09-09""
Transform: AWS::Serverless-2016-10-31
Description: >-
  FSx for ONTAP S3 AP Serverless Patterns — FlexClone Serverless Pipeline.
  Snapshot → FlexClone → WaitForOnline → ProcessFiles → CreateCIFSShare → Notify.

Parameters:
  ProjectPrefix:
    Type: String
    Default: ""fsxn-s3ap""
    Description: リソース命名プレフィックス

  EnableFlexClonePipeline:
    Type: String
    Default: ""false""
    AllowedValues: [""true"", ""false""]
    Description: FlexClone Pipeline 機能を有効化する

  OntapMgmtIp:
    Type: String
    Default: """"
    Description: >-
      ONTAP ファイルシステム管理 IP アドレス（SVM 管理 IP ではない）。
      aws fsx describe-file-systems --query 'FileSystems[0].OntapConfiguration.Endpoints.Management.IpAddresses[0]'
      で取得可能。fsxadmin は FS レベルの管理 IP でのみ認証される。

  OntapCredentialsSecret:
    Type: String
    Default: """"
    Description: Secrets Manager シークレット名（ONTAP 認証情報）

  SvmUuid:
    Type: String
    Default: """"
    Description: SVM UUID

  ParentVolumeUuid:
    Type: String
    Default: """"
    Description: クローン元ボリューム UUID

  S3AccessPointAlias:
    Type: String
    Default: """"
    Description: S3 Access Point エイリアス（xxx-ext-s3alias 形式）

  S3AccessPointName:
    Type: String
    Default: """"
    Description: S3 Access Point 名（IAM ポリシーの ARN に使用）

  NotificationTopicArn:
    Type: String
    Default: """"
    Description: 完了通知 SNS Topic ARN

  VpcId:
    Type: String
    Default: """"
    Description: ONTAP REST API アクセス用 VPC ID

  SubnetIds:
    Type: CommaDelimitedList
    Default: """"
    Description: Private Subnet IDs（ONTAP 管理 LIF 到達可能）

  SecurityGroupId:
    Type: String
    Default: """"
    Description: Lambda 用 Security Group ID

  ScheduleExpression:
    Type: String
    Default: ""rate(1 day)""
    Description: EventBridge スケジュール式

  EnableSchedule:
    Type: String
    Default: ""false""
    AllowedValues: [""true"", ""false""]
    Description: EventBridge スケジュールを有効化する（デフォルト無効）

Conditions:
  IsFlexClonePipelineEnabled:
    !Equals [!Ref EnableFlexClonePipeline, ""true""]

  IsScheduleEnabled:
    !And
      - !Condition IsFlexClonePipelineEnabled
      - !Equals [!Ref EnableSchedule, ""true""]

Resources:
  # ---------------------------------------------------------------------------
  # IAM Roles
  # ---------------------------------------------------------------------------

  CreateSnapshotRole:
    Type: AWS::IAM::Role
    Condition: IsFlexClonePipelineEnabled
    Properties:
      RoleName: !Sub ""${ProjectPrefix}-flexclone-snapshot-role""
      AssumeRolePolicyDocument:
        Version: ""2012-10-17""
        Statement:
          - Effect: Allow
            Principal:
              Service: lambda.amazonaws.com
            Action: sts:AssumeRole
      ManagedPolicyArns:
        - arn:aws:iam::aws:policy/service-role/AWSLambdaBasicExecutionRole
        - arn:aws:iam::aws:policy/service-role/AWSLambdaVPCAccessExecutionRole
      Policies:
        - PolicyName: OntapSnapshotPolicy
          PolicyDocument:
            Version: ""2012-10-17""
            Statement:
              - Sid: SecretsManagerRead
                Effect: Allow
                Action:
                  - secretsmanager:GetSecretValue
                Resource: !Sub ""arn:aws:secretsmanager:${AWS::Region}:${AWS::AccountId}:secret:${OntapCredentialsSecret}*""

  CreateFlexCloneRole:
    Type: AWS::IAM::Role
    Condition: IsFlexClonePipelineEnabled
    Properties:
      RoleName: !Sub ""${ProjectPrefix}-flexclone-create-role""
      AssumeRolePolicyDocument:
        Version: ""2012-10-17""
        Statement:
          - Effect: Allow
            Principal:
              Service: lambda.amazonaws.com
            Action: sts:AssumeRole
      ManagedPolicyArns:
        - arn:aws:iam::aws:policy/service-role/AWSLambdaBasicExecutionRole
        - arn:aws:iam::aws:policy/service-role/AWSLambdaVPCAccessExecutionRole
      Policies:
        - PolicyName: OntapClonePolicy
          PolicyDocument:
            Version: ""2012-10-17""
            Statement:
              - Sid: SecretsManagerRead
                Effect: Allow
                Action:
                  - secretsmanager:GetSecretValue
                Resource: !Sub ""arn:aws:secretsmanager:${AWS::Region}:${AWS::AccountId}:secret:${OntapCredentialsSecret}*""

  ProcessFilesRole:
    Type: AWS::IAM::Role
    Condition: IsFlexClonePipelineEnabled
    Properties:
      RoleName: !Sub ""${ProjectPrefix}-flexclone-process-role""
      AssumeRolePolicyDocument:
        Version: ""2012-10-17""
        Statement:
          - Effect: Allow
            Principal:
              Service: lambda.amazonaws.com
            Action: sts:AssumeRole
      ManagedPolicyArns:
        - arn:aws:iam::aws:policy/service-role/AWSLambdaBasicExecutionRole
      Policies:
        - PolicyName: S3APAccessPolicy
          PolicyDocument:
            Version: ""2012-10-17""
            Statement:
              - Sid: S3APListBucket
                Effect: Allow
                Action:
                  - s3:ListBucket
                Resource: !Sub ""arn:aws:s3:${AWS::Region}:${AWS::AccountId}:accesspoint/${S3AccessPointName}""
              - Sid: S3APReadWrite
                Effect: Allow
                Action:
                  - s3:GetObject
                  - s3:PutObject
                Resource: !Sub ""arn:aws:s3:${AWS::Region}:${AWS::AccountId}:accesspoint/${S3AccessPointName}/object/*""

  CreateCIFSShareRole:
    Type: AWS::IAM::Role
    Condition: IsFlexClonePipelineEnabled
    Properties:
      RoleName: !Sub ""${ProjectPrefix}-flexclone-cifs-role""
      AssumeRolePolicyDocument:
        Version: ""2012-10-17""
        Statement:
          - Effect: Allow
            Principal:
              Service: lambda.amazonaws.com
            Action: sts:AssumeRole
      ManagedPolicyArns:
        - arn:aws:iam::aws:policy/service-role/AWSLambdaBasicExecutionRole
        - arn:aws:iam::aws:policy/service-role/AWSLambdaVPCAccessExecutionRole
      Policies:
        - PolicyName: OntapCIFSPolicy
          PolicyDocument:
            Version: ""2012-10-17""
            Statement:
              - Sid: SecretsManagerRead
                Effect: Allow
                Action:
                  - secretsmanager:GetSecretValue
                Resource: !Sub ""arn:aws:secretsmanager:${AWS::Region}:${AWS::AccountId}:secret:${OntapCredentialsSecret}*""

  StepFunctionsRole:
    Type: AWS::IAM::Role
    Condition: IsFlexClonePipelineEnabled
    Properties:
      RoleName: !Sub ""${ProjectPrefix}-flexclone-sfn-role""
      AssumeRolePolicyDocument:
        Version: ""2012-10-17""
        Statement:
          - Effect: Allow
            Principal:
              Service: states.amazonaws.com
            Action: sts:AssumeRole
      Policies:
        - PolicyName: StepFunctionsExecutionPolicy
          PolicyDocument:
            Version: ""2012-10-17""
            Statement:
              - Sid: InvokeLambda
                Effect: Allow
                Action:
                  - lambda:InvokeFunction
                Resource:
                  - !GetAtt CreateSnapshotFunction.Arn
                  - !GetAtt CreateFlexCloneFunction.Arn
                  - !GetAtt ProcessFilesFunction.Arn
                  - !GetAtt CreateCIFSShareFunction.Arn
              - Sid: SNSPublish
                Effect: Allow
                Action:
                  - sns:Publish
                Resource: !Ref NotificationTopicArn

  SchedulerRole:
    Type: AWS::IAM::Role
    Condition: IsScheduleEnabled
    Properties:
      RoleName: !Sub ""${ProjectPrefix}-flexclone-scheduler-role""
      AssumeRolePolicyDocument:
        Version: ""2012-10-17""
        Statement:
          - Effect: Allow
            Principal:
              Service: scheduler.amazonaws.com
            Action: sts:AssumeRole
      Policies:
        - PolicyName: StartStateMachine
          PolicyDocument:
            Version: ""2012-10-17""
            Statement:
              - Effect: Allow
                Action:
                  - states:StartExecution
                Resource: !GetAtt FlexCloneStateMachine.Arn

  # ---------------------------------------------------------------------------
  # Lambda Functions
  # ---------------------------------------------------------------------------

  CreateSnapshotFunction:
    Type: AWS::Serverless::Function
    Condition: IsFlexClonePipelineEnabled
    Properties:
      FunctionName: !Sub ""${ProjectPrefix}-flexclone-snapshot""
      Runtime: python3.13
      Handler: index.handler
      InlineCode: |
        def handler(event, context):
            return {""statusCode"": 200}
      MemorySize: 256
      Timeout: 60
      Architectures:
        - arm64
      Role: !GetAtt CreateSnapshotRole.Arn
      VpcConfig:
        SubnetIds: !Ref SubnetIds
        SecurityGroupIds:
          - !Ref SecurityGroupId
      Environment:
        Variables:
          ONTAP_MGMT_IP: !Ref OntapMgmtIp
          ONTAP_CREDENTIALS_SECRET: !Ref OntapCredentialsSecret
      Tags:
        Component: flexclone-pipeline
        Phase: ""14""

  CreateFlexCloneFunction:
    Type: AWS::Serverless::Function
    Condition: IsFlexClonePipelineEnabled
    Properties:
      FunctionName: !Sub ""${ProjectPrefix}-flexclone-create""
      Runtime: python3.13
      Handler: index.handler
      InlineCode: |
        def handler(event, context):
            return {""statusCode"": 200}
      MemorySize: 256
      Timeout: 60
      Architectures:
        - arm64
      Role: !GetAtt CreateFlexCloneRole.Arn
      VpcConfig:
        SubnetIds: !Ref SubnetIds
        SecurityGroupIds:
          - !Ref SecurityGroupId
      Environment:
        Variables:
          ONTAP_MGMT_IP: !Ref OntapMgmtIp
          ONTAP_CREDENTIALS_SECRET: !Ref OntapCredentialsSecret
          SVM_UUID: !Ref SvmUuid
      Tags:
        Component: flexclone-pipeline
        Phase: ""14""

  ProcessFilesFunction:
    Type: AWS::Serverless::Function
    Condition: IsFlexClonePipelineEnabled
    Properties:
      FunctionName: !Sub ""${ProjectPrefix}-flexclone-process""
      Runtime: python3.13
      Handler: index.handler
      InlineCode: |
        def handler(event, context):
            return {""statusCode"": 200}
      MemorySize: 512
      Timeout: 300
      Architectures:
        - arm64
      Role: !GetAtt ProcessFilesRole.Arn
      # NOTE: VpcConfig なし — Internet Origin S3AP にアクセスするため VPC 外実行
      Environment:
        Variables:
          S3AP_ALIAS: !Ref S3AccessPointAlias
      Tags:
        Component: flexclone-pipeline
        Phase: ""14""

  CreateCIFSShareFunction:
    Type: AWS::Serverless::Function
    Condition: IsFlexClonePipelineEnabled
    Properties:
      FunctionName: !Sub ""${ProjectPrefix}-flexclone-cifs-share""
      Runtime: python3.13
      Handler: index.handler
      InlineCode: |
        def handler(event, context):
            return {""statusCode"": 200}
      MemorySize: 256
      Timeout: 60
      Architectures:
        - arm64
      Role: !GetAtt CreateCIFSShareRole.Arn
      VpcConfig:
        SubnetIds: !Ref SubnetIds
        SecurityGroupIds:
          - !Ref SecurityGroupId
      Environment:
        Variables:
          ONTAP_MGMT_IP: !Ref OntapMgmtIp
          ONTAP_CREDENTIALS_SECRET: !Ref OntapCredentialsSecret
      Tags:
        Component: flexclone-pipeline
        Phase: ""14""

  # ---------------------------------------------------------------------------
  # Step Functions State Machine
  # ---------------------------------------------------------------------------

  FlexCloneStateMachine:
    Type: AWS::StepFunctions::StateMachine
    Condition: IsFlexClonePipelineEnabled
    Properties:
      StateMachineName: !Sub ""${ProjectPrefix}-flexclone-pipeline""
      RoleArn: !GetAtt StepFunctionsRole.Arn
      DefinitionString: !Sub |
        {
          ""Comment"": ""FlexClone Serverless Pipeline — Snapshot → Clone → Wait → Process → CIFS Share → Notify"",
          ""StartAt"": ""CreateSnapshot"",
          ""States"": {
            ""CreateSnapshot"": {
              ""Type"": ""Task"",
              ""Resource"": ""${CreateSnapshotFunction.Arn}"",
              ""Parameters"": {
                ""volume_uuid.$"": ""$.volume_uuid"",
                ""snapshot_name.$"": ""$.snapshot_name""
              },
              ""ResultPath"": ""$.snapshot_result"",
              ""Next"": ""CreateFlexClone"",
              ""Retry"": [
                {
                  ""ErrorEquals"": [""States.TaskFailed""],
                  ""IntervalSeconds"": 5,
                  ""MaxAttempts"": 2,
                  ""BackoffRate"": 2.0
                }
              ]
            },
            ""CreateFlexClone"": {
              ""Type"": ""Task"",
              ""Resource"": ""${CreateFlexCloneFunction.Arn}"",
              ""Parameters"": {
                ""parent_volume_uuid.$"": ""$.volume_uuid"",
                ""snapshot_name.$"": ""$.snapshot_result.snapshot_name"",
                ""clone_name.$"": ""$.clone_name"",
                ""junction_path.$"": ""$.junction_path"",
                ""security_style.$"": ""$.security_style""
              },
              ""ResultPath"": ""$.clone_result"",
              ""Next"": ""WaitForOnline"",
              ""Retry"": [
                {
                  ""ErrorEquals"": [""States.TaskFailed""],
                  ""IntervalSeconds"": 5,
                  ""MaxAttempts"": 2,
                  ""BackoffRate"": 2.0
                }
              ]
            },
            ""WaitForOnline"": {
              ""Type"": ""Wait"",
              ""Seconds"": 5,
              ""Next"": ""ShouldProcessFiles""
            },
            ""ShouldProcessFiles"": {
              ""Type"": ""Choice"",
              ""Choices"": [
                {
                  ""Variable"": ""$.process_files"",
                  ""BooleanEquals"": true,
                  ""Next"": ""ProcessFiles""
                }
              ],
              ""Default"": ""ShouldCreateCIFSShare""
            },
            ""ProcessFiles"": {
              ""Type"": ""Task"",
              ""Resource"": ""${ProcessFilesFunction.Arn}"",
              ""Parameters"": {
                ""s3ap_alias.$"": ""$.s3ap_alias"",
                ""prefix.$"": ""$.file_prefix"",
                ""output_prefix.$"": ""$.output_prefix"",
                ""operation.$"": ""$.operation""
              },
              ""ResultPath"": ""$.process_result"",
              ""Next"": ""ShouldCreateCIFSShare"",
              ""Retry"": [
                {
                  ""ErrorEquals"": [""States.TaskFailed""],
                  ""IntervalSeconds"": 10,
                  ""MaxAttempts"": 2,
                  ""BackoffRate"": 2.0
                }
              ]
            },
            ""ShouldCreateCIFSShare"": {
              ""Type"": ""Choice"",
              ""Choices"": [
                {
                  ""Variable"": ""$.create_cifs_share"",
                  ""BooleanEquals"": true,
                  ""Next"": ""CreateCIFSShare""
                }
              ],
              ""Default"": ""NotifyCompletion""
            },
            ""CreateCIFSShare"": {
              ""Type"": ""Task"",
              ""Resource"": ""${CreateCIFSShareFunction.Arn}"",
              ""Parameters"": {
                ""svm_name.$"": ""$.svm_name"",
                ""share_name.$"": ""$.share_name"",
                ""junction_path.$"": ""$.clone_result.junction_path"",
                ""comment.$"": ""$.share_comment""
              },
              ""ResultPath"": ""$.cifs_result"",
              ""Next"": ""NotifyCompletion"",
              ""Retry"": [
                {
                  ""ErrorEquals"": [""States.TaskFailed""],
                  ""IntervalSeconds"": 5,
                  ""MaxAttempts"": 2,
                  ""BackoffRate"": 2.0
                }
              ]
            },
            ""NotifyCompletion"": {
              ""Type"": ""Task"",
              ""Resource"": ""arn:aws:states:::sns:publish"",
              ""Parameters"": {
                ""TopicArn"": ""${NotificationTopicArn}"",
                ""Subject"": ""FlexClone Pipeline Complete"",
                ""Message.$"": ""States.Format('FlexClone pipeline completed. Clone: {}, Junction: {}', $.clone_name, $.clone_result.junction_path)""
              },
              ""End"": true
            }
          }
        }
      Tags:
        - Key: Component
          Value: flexclone-pipeline
        - Key: Phase
          Value: ""14""

  # ---------------------------------------------------------------------------
  # EventBridge Schedule (default disabled)
  # ---------------------------------------------------------------------------

  FlexCloneSchedule:
    Type: AWS::Scheduler::Schedule
    Condition: IsScheduleEnabled
    Properties:
      Name: !Sub ""${ProjectPrefix}-flexclone-schedule""
      Description: FlexClone パイプライン定期実行スケジュール
      ScheduleExpression: !Ref ScheduleExpression
      FlexibleTimeWindow:
        Mode: ""OFF""
      State: ENABLED
      Target:
        Arn: !GetAtt FlexCloneStateMachine.Arn
        RoleArn: !GetAtt SchedulerRole.Arn
        Input: !Sub |
          {
            ""volume_uuid"": ""${ParentVolumeUuid}"",
            ""snapshot_name"": ""scheduled_clone"",
            ""clone_name"": ""scheduled_clone"",
            ""junction_path"": ""/scheduled_clone"",
            ""security_style"": ""unix"",
            ""s3ap_alias"": ""${S3AccessPointAlias}"",
            ""process_files"": false,
            ""create_cifs_share"": false
          }

Outputs:
  StateMachineArn:
    Condition: IsFlexClonePipelineEnabled
    Description: FlexClone Pipeline State Machine ARN
    Value: !GetAtt FlexCloneStateMachine.Arn
    Export:
      Name: !Sub ""${AWS::StackName}-StateMachineArn""

  CreateSnapshotFunctionArn:
    Condition: IsFlexClonePipelineEnabled
    Description: CreateSnapshot Lambda ARN
    Value: !GetAtt CreateSnapshotFunction.Arn
    Export:
      Name: !Sub ""${AWS::StackName}-CreateSnapshotFunctionArn""

  CreateFlexCloneFunctionArn:
    Condition: IsFlexClonePipelineEnabled
    Description: CreateFlexClone Lambda ARN
    Value: !GetAtt CreateFlexCloneFunction.Arn
    Export:
      Name: !Sub ""${AWS::StackName}-CreateFlexCloneFunctionArn""

  ProcessFilesFunctionArn:
    Condition: IsFlexClonePipelineEnabled
    Description: ProcessFiles Lambda ARN
    Value: !GetAtt ProcessFilesFunction.Arn
    Export:
      Name: !Sub ""${AWS::StackName}-ProcessFilesFunctionArn""

  CreateCIFSShareFunctionArn:
    Condition: IsFlexClonePipelineEnabled
    Description: CreateCIFSShare Lambda ARN
    Value: !GetAtt CreateCIFSShareFunction.Arn
    Export:
      Name: !Sub ""${AWS::StackName}-CreateCIFSShareFunctionArn""",True,True,0,0
cfn_templates_greenfield/aws-samples__amazon-guardduty-automated-response-sample/template.yml,manual-fix,fa70d50df070b494c24708b9e3ab199bf75765926964c528eb4bcb524aef7330,622,18,2,AWS::Events::Rule | AWS::IAM::InstanceProfile | AWS::IAM::Policy | AWS::IAM::Role | AWS::KMS::Alias | AWS::KMS::Key | AWS::Logs::LogGroup | AWS::S3::Bucket | AWS::S3::BucketPolicy | AWS::SNS::Topic | AWS::Serverless::Function | AWS::StepFunctions::StateMachine,"Events, IAM, KMS, Logs, S3, SNS, Serverless, StepFunctions",5,.yml,"# Copyright Amazon.com, Inc. or its affiliates. All Rights Reserved.
# SPDX-License-Identifier: MIT-0

---
AWSTemplateFormatVersion: ""2010-09-09""
Transform: ""AWS::Serverless-2016-10-31""
Description: Automated GuardDuty Security Response

Parameters:
  GitHubOrg:
    Type: String
    Description: Source Code GitHub Organization
    Default: ""aws-samples""
  GitHubRepo:
    Type: String
    Description: Source Code GitHub Repository
    Default: ""amazon-guardduty-automated-response-sample""

Globals:
  Function:
    CodeUri: src/
    Environment:
      Variables:
        POWERTOOLS_METRICS_NAMESPACE: SecurityOperations
        LOG_LEVEL: INFO
    Layers:
      - !Sub ""arn:${AWS::Partition}:lambda:${AWS::Region}:017000801446:layer:AWSLambdaPowertoolsPythonV2:57""
    MemorySize: 256 # megabytes
    Runtime: python3.12
    Tags:
      GITHUB_ORG: !Ref GitHubOrg
      GITHUB_REPO: !Ref GitHubRepo
    Timeout: 120 # seconds

Resources:
  EncryptionKey:
    Type: ""AWS::KMS::Key""
    UpdateReplacePolicy: Delete
    DeletionPolicy: Delete
    Properties:
      Description: Encryption key for security operations resources
      EnableKeyRotation: true
      KeyPolicy:
        Version: ""2012-10-17""
        Statement:
          - Sid: ""Enable IAM policies""
            Effect: Allow
            Principal:
              AWS: !Sub ""arn:${AWS::Partition}:iam::${AWS::AccountId}:root""
            Action: ""kms:*""
            Resource: ""*""
          - Sid: ""Allow use of the key""
            Effect: Allow
            Principal:
              AWS:
                - !GetAtt QuarantineFunctionRole.Arn
                - !GetAtt QuarantineInstanceRole.Arn
                - !GetAtt StateMachineRole.Arn
            Action:
              - ""kms:Encrypt""
              - ""kms:Decrypt""
              - ""kms:ReEncrypt*""
              - ""kms:GenerateDataKey*""
              - ""kms:DescribeKey""
            Resource: ""*""
          - Sid: ""Allow use of the key by CloudWatch Logs""
            Effect: Allow
            Principal:
              Service: !Sub ""logs.${AWS::Region}.${AWS::URLSuffix}""
            Action:
              - ""kms:Encrypt*""
              - ""kms:Decrypt*""
              - ""kms:ReEncrypt*""
              - ""kms:GenerateDataKey*""
              - ""kms:Describe*""
            Resource: ""*""
            Condition:
              ArnLike:
                ""kms:EncryptionContext:aws:logs:arn"": !Sub ""arn:${AWS::Partition}:logs:${AWS::Region}:${AWS::AccountId}:log-group:/aws/lambda/*""
      Tags:
        - Key: GITHUB_ORG
          Value: !Ref GitHubOrg
        - Key: GITHUB_REPO
          Value: !Ref GitHubRepo
        - Key: ""aws-cloudformation:stack-name""
          Value: !Ref ""AWS::StackName""
        - Key: ""aws-cloudformation:stack-id""
          Value: !Ref ""AWS::StackId""
        - Key: ""aws-cloudformation:logical-id""
          Value: EncryptionKey

  EncryptionAlias:
    Type: ""AWS::KMS::Alias""
    Properties:
      AliasName: ""alias/sec_ops""
      TargetKeyId: !Ref EncryptionKey

  NotificationTopic:
    Type: ""AWS::SNS::Topic""
    Properties:
      DisplayName: Security Operations Notifications
      KmsMasterKeyId: !Ref EncryptionKey
      Tags:
        - Key: GITHUB_ORG
          Value: !Ref GitHubOrg
        - Key: GITHUB_REPO
          Value: !Ref GitHubRepo

  ArtifactBucket:
    Type: ""AWS::S3::Bucket""
    Metadata:
      cfn_nag:
        rules_to_suppress:
          - id: W35
            reason: ""Ignoring access logs""
    UpdateReplacePolicy: Retain
    DeletionPolicy: Retain
    Properties:
      BucketEncryption:
        ServerSideEncryptionConfiguration:
          - BucketKeyEnabled: true
            ServerSideEncryptionByDefault:
              KMSMasterKeyID: !Ref EncryptionKey
              SSEAlgorithm: ""aws:kms""
      LifecycleConfiguration:
        Rules:
          - Id: TransitionRule
            NoncurrentVersionTransitions:
              - StorageClass: INTELLIGENT_TIERING
                TransitionInDays: 0
            Status: Enabled
            Transitions:
              - TransitionInDays: 0
                StorageClass: INTELLIGENT_TIERING
      OwnershipControls:
        Rules:
          - ObjectOwnership: BucketOwnerEnforced
      PublicAccessBlockConfiguration:
        BlockPublicAcls: true
        BlockPublicPolicy: true
        IgnorePublicAcls: true
        RestrictPublicBuckets: true
      Tags:
        - Key: GITHUB_ORG
          Value: !Ref GitHubOrg
        - Key: GITHUB_REPO
          Value: !Ref GitHubRepo
      VersioningConfiguration:
        Status: Enabled

  ArtifactBucketPolicy:
    Type: ""AWS::S3::BucketPolicy""
    Properties:
      Bucket: !Ref ArtifactBucket
      PolicyDocument:
        Statement:
          - Sid: DenyInsecureConnections
            Effect: Deny
            Principal: ""*""
            Action: ""s3:*""
            Resource:
              - !GetAtt ArtifactBucket.Arn
              - !Sub ""${ArtifactBucket.Arn}/*""
            Condition:
              Bool:
                ""aws:SecureTransport"": false

  QuarantineFunctionLogGroup:
    Type: ""AWS::Logs::LogGroup""
    UpdateReplacePolicy: Delete
    DeletionPolicy: Delete
    Properties:
      KmsKeyId: !GetAtt EncryptionKey.Arn
      LogGroupName: !Sub ""/aws/lambda/${QuarantineFunction}""
      RetentionInDays: 3
      Tags:
        - Key: GITHUB_ORG
          Value: !Ref GitHubOrg
        - Key: GITHUB_REPO
          Value: !Ref GitHubRepo
        - Key: ""aws-cloudformation:stack-name""
          Value: !Ref ""AWS::StackName""
        - Key: ""aws-cloudformation:stack-id""
          Value: !Ref ""AWS::StackId""
        - Key: ""aws-cloudformation:logical-id""
          Value: QuarantineFunctionLogGroup

  QuarantineInstanceRole:
    Type: ""AWS::IAM::Role""
    Properties:
      AssumeRolePolicyDocument:
        Version: ""2012-10-17""
        Statement:
          Effect: Allow
          Principal:
            Service: !Sub ""ec2.${AWS::URLSuffix}""
          Action: ""sts:AssumeRole""
          Condition:
            StringEquals:
              ""aws:SourceAccount"": !Ref ""AWS::AccountId""
      Description: !Sub ""DO NOT DELETE - Used by EC2. Created by CloudFormation ${AWS::StackId}""
      ManagedPolicyArns:
        - !Sub ""arn:${AWS::Partition}:iam::aws:policy/AmazonSSMManagedInstanceCore""
      Tags:
        - Key: ""aws-cloudformation:stack-name""
          Value: !Ref ""AWS::StackName""
        - Key: ""aws-cloudformation:stack-id""
          Value: !Ref ""AWS::StackId""
        - Key: ""aws-cloudformation:logical-id""
          Value: QuarantineInstanceRole
        - Key: GITHUB_ORG
          Value: !Ref GitHubOrg
        - Key: GITHUB_REPO
          Value: !Ref GitHubRepo

  QuarantineInstancePolicy:
    Type: ""AWS::IAM::Policy""
    Properties:
      PolicyName: QuarantineInstancePolicy
      PolicyDocument:
        Version: ""2012-10-17""
        Statement:
          - Effect: Allow
            Action: ""s3:PutObject""
            Resource: !Sub ""${ArtifactBucket.Arn}/*""
      Roles:
        - !Ref QuarantineInstanceRole

  QuarantineInstanceRoleProfile:
    Type: ""AWS::IAM::InstanceProfile""
    Properties:
      Roles:
        - Ref: QuarantineInstanceRole

  QuarantineFunctionRole:
    Type: ""AWS::IAM::Role""
    Properties:
      AssumeRolePolicyDocument:
        Version: ""2012-10-17""
        Statement:
          Effect: Allow
          Principal:
            Service: !Sub ""lambda.${AWS::URLSuffix}""
          Action: ""sts:AssumeRole""
      Description: !Sub ""DO NOT DELETE - Used by Lambda. Created by CloudFormation ${AWS::StackId}""
      Tags:
        - Key: ""aws-cloudformation:stack-name""
          Value: !Ref ""AWS::StackName""
        - Key: ""aws-cloudformation:stack-id""
          Value: !Ref ""AWS::StackId""
        - Key: ""aws-cloudformation:logical-id""
          Value: QuarantineFunctionRole
        - Key: GITHUB_ORG
          Value: !Ref GitHubOrg
        - Key: GITHUB_REPO
          Value: !Ref GitHubRepo

  QuarantineFunctionPolicy:
    Type: ""AWS::IAM::Policy""
    Metadata:
      cfn_nag:
        rules_to_suppress:
          - id: W12
            reason: ""Needs permission to modify any resource""
          - id: W76
            reason: ""Needs broad permissions for quarantining""
    Properties:
      PolicyName: QuarantineFunctionPolicy
      PolicyDocument:
        Version: ""2012-10-17""
        Statement:
          - Effect: Allow
            Action: ""iam:PassRole""
            Resource:
              - !GetAtt QuarantineInstanceRole.Arn
              - !GetAtt SSMPublishRole.Arn
          - Effect: Allow
            Action: ""s3:PutObject""
            Resource: !Sub ""${ArtifactBucket.Arn}/*""
            Condition:
              ArnEquals:
                ""lambda:SourceFunctionArn"": !GetAtt QuarantineFunction.Arn
          - Effect: Allow
            Action:
              - ""logs:CreateLogStream""
              - ""logs:PutLogEvents""
            Resource: !GetAtt QuarantineFunctionLogGroup.Arn
          - Effect: Allow
            Action: ""sns:Publish""
            Resource: !Ref NotificationTopic
          - Effect: Allow
            Action:
              - ""autoscaling:DescribeAutoScalingInstances""
              - ""ec2:DescribeInstances""
              - ""ec2:GetConsoleScreenshot""
              - ""ec2:DescribeIamInstanceProfileAssociations""
              - ""ec2:DescribeNetworkInterfaces""
              - ""ec2:DescribeSecurityGroups""
              - ""ec2:CreateSecurityGroup""
              - ""ec2:CreateSnapshot""
              - ""ec2:CreateTags""
              - ""ec2:ModifyInstanceAttribute""
              - ""ec2:ModifyNetworkInterfaceAttribute""
              - ""ec2:RevokeSecurityGroupEgress""
              - ""elasticloadbalancing:DescribeLoadBalancers""
              - ""elasticloadbalancing:DescribeInstanceHealth""
              - ""elasticloadbalancing:DescribeTargetGroups""
              - ""elasticloadbalancing:DescribeTargetHealth""
              - ""ssm:DescribeInstanceInformation""
              - ""ssm:ListCommands""
              - ""ssm:GetCommandInvocation""
              - ""ssm:SendCommand""
            Resource: ""*""
          - Effect: Allow
            Action: ""autoscaling:DetachInstances""
            Resource: !Sub ""arn:${AWS::Partition}:autoscaling:${AWS::Region}:${AWS::AccountId}:autoScalingGroup:*""
          - Effect: Allow
            Action: ""elasticloadbalancing:DeregisterInstancesFromLoadBalancer""
            Resource: !Sub ""arn:${AWS::Partition}:elasticloadbalancing:${AWS::Region}:${AWS::AccountId}:loadbalancer/*""
          - Effect: Allow
            Action: ""elasticloadbalancing:DeregisterTargets""
            Resource: !Sub ""arn:${AWS::Partition}:elasticloadbalancing:${AWS::Region}:${AWS::AccountId}:targetgroup/*""
          - Effect: Allow
            Action:
              - ""ec2:AssociateIamInstanceProfile""
              - ""ec2:DisassociateIamInstanceProfile""
            Resource: !Sub ""arn:${AWS::Partition}:ec2:${AWS::Region}:${AWS::AccountId}:instance/*""
      Roles:
        - !Ref QuarantineFunctionRole

  QuarantineFunction:
    Type: ""AWS::Serverless::Function""
    Metadata:
      cfn_nag:
        rules_to_suppress:
          - id: W58
            reason: ""Function has permission to write to CloudWatch Logs""
          - id: W89
            reason: ""Function does not need VPC resources""
    Properties:
      Description: DO NOT DELETE - Security Operations - Quarantine Function
      Environment:
        Variables:
          ARTIFACT_BUCKET: !Ref ArtifactBucket
          NOTIFICATION_TOPIC_ARN: !Ref NotificationTopic
          EC2_INSTANCE_PROFILE_ARN: !GetAtt QuarantineInstanceRoleProfile.Arn
          AWS_ACCOUNT_ID: !Ref ""AWS::AccountId""
          SSM_ROLE_ARN: !GetAtt SSMPublishRole.Arn
      Handler: index.handler
      InlineCode: |
        def handler(event, context):
            return {""statusCode"": 200}
      ReservedConcurrentExecutions: 10
      Role: !GetAtt QuarantineFunctionRole.Arn

  SSMPublishRole:
    Type: ""AWS::IAM::Role""
    Properties:
      AssumeRolePolicyDocument:
        Statement:
          - Effect: Allow
            Principal:
              Service: !Sub ""ssm.${AWS::URLSuffix}""
            Action: ""sts:AssumeRole""
      Description: !Sub ""DO NOT DELETE - Used by SSM. Created by CloudFormation ${AWS::StackId}""
      Policies:
        - PolicyName: SSMPublishPolicy
          PolicyDocument:
            Version: ""2012-10-17""
            Statement:
              - Effect: Allow
                Action: ""sns:Publish""
                Resource: !Ref NotificationTopic
      Tags:
        - Key: ""aws-cloudformation:stack-name""
          Value: !Ref ""AWS::StackName""
        - Key: ""aws-cloudformation:stack-id""
          Value: !Ref ""AWS::StackId""
        - Key: ""aws-cloudformation:logical-id""
          Value: SSMPublishRole
        - Key: GITHUB_ORG
          Value: !Ref GitHubOrg
        - Key: GITHUB_REPO
          Value: !Ref GitHubRepo

  EventBridgeRole:
    Type: ""AWS::IAM::Role""
    Properties:
      AssumeRolePolicyDocument:
        Statement:
          - Effect: Allow
            Principal:
              Service: !Sub ""events.${AWS::URLSuffix}""
            Action: ""sts:AssumeRole""
            Condition:
              StringEquals:
                ""aws:SourceAccount"": !Ref ""AWS::AccountId""
      Description: !Sub ""DO NOT DELETE - Used by EventBridge. Created by CloudFormation ${AWS::StackId}""
      Policies:
        - PolicyName: EventBridgePolicy
          PolicyDocument:
            Version: ""2012-10-17""
            Statement:
              - Effect: Allow
                Action: ""states:StartExecution""
                Resource: !Ref StateMachine
      Tags:
        - Key: ""aws-cloudformation:stack-name""
          Value: !Ref ""AWS::StackName""
        - Key: ""aws-cloudformation:stack-id""
          Value: !Ref ""AWS::StackId""
        - Key: ""aws-cloudformation:logical-id""
          Value: EventBridgeRole
        - Key: GITHUB_ORG
          Value: !Ref GitHubOrg
        - Key: GITHUB_REPO
          Value: !Ref GitHubRepo

  GuardDutyRemediationRule:
    Type: ""AWS::Events::Rule""
    Properties:
      Description: GuardDuty Remediation Rule
      EventPattern:
        source:
          - aws.guardduty
        detail-type:
          - GuardDuty Finding
      State: ENABLED
      Targets:
        - Arn: !Ref StateMachine
          Id: stepfunction-remediation
          InputPath: ""$.detail""
          RoleArn: !GetAtt EventBridgeRole.Arn

  StateMachineRole:
    Type: ""AWS::IAM::Role""
    Properties:
      AssumeRolePolicyDocument:
        Statement:
          - Effect: Allow
            Principal:
              Service: !Sub ""states.${AWS::URLSuffix}""
            Action: ""sts:AssumeRole""
            Condition:
              StringEquals:
                ""aws:SourceAccount"": !Ref ""AWS::AccountId""
      Description: !Sub ""DO NOT DELETE - Used by Step Functions. Created by CloudFormation ${AWS::StackId}""
      Tags:
        - Key: ""aws-cloudformation:stack-name""
          Value: !Ref ""AWS::StackName""
        - Key: ""aws-cloudformation:stack-id""
          Value: !Ref ""AWS::StackId""
        - Key: ""aws-cloudformation:logical-id""
          Value: StateMachineRole
        - Key: GITHUB_ORG
          Value: !Ref GitHubOrg
        - Key: GITHUB_REPO
          Value: !Ref GitHubRepo

  StateMachinePolicy:
    Type: ""AWS::IAM::Policy""
    Properties:
      PolicyName: StateMachinePolicy
      PolicyDocument:
        Version: ""2012-10-17""
        Statement:
          - Effect: Allow
            Action: ""iam:PutRolePolicy""
            Resource: !Sub ""arn:${AWS::Partition}:iam::${AWS::AccountId}:role/*""
          - Effect: Allow
            Action: ""iam:PutUserPolicy""
            Resource: !Sub ""arn:${AWS::Partition}:iam::${AWS::AccountId}:user/*""
          - Effect: Allow
            Action: ""s3:PutBucketPublicAccessBlock""
            Resource: !Sub ""arn:${AWS::Partition}:s3:::*""
            Condition:
              StringEquals:
                ""s3:ResourceAccount"": !Ref ""AWS::AccountId""
          - Effect: Allow
            Action: ""lambda:InvokeFunction""
            Resource: !GetAtt QuarantineFunction.Arn
          - Effect: Allow
            Action: ""sns:Publish""
            Resource: !Ref NotificationTopic
      Roles:
        - !Ref StateMachineRole

  StateMachine:
    Type: ""AWS::StepFunctions::StateMachine""
    Properties:
      Definition:
        StartAt: FindingType
        States:
          FindingType:
            Type: Choice
            Choices:
              - Variable: ""$.resource.resourceType""
                StringEquals: AccessKey
                Next: IAMFinding
              - Variable: ""$.resource.resourceType""
                StringEquals: Instance
                Next: EC2Finding
              - Variable: ""$.resource.resourceType""
                StringEquals: S3Bucket
                Next: S3Finding
            Default: UnsupportedFinding
          IAMFinding:
            Type: Pass
            Result:
              PolicyDocument: |-
                \{
                  ""Version"": ""2012-10-17"",
                  ""Statement"": [
                    \{
                      ""Effect"": ""Deny"",
                      ""Action"": ""*"",
                      ""Resource"": ""*"",
                      ""Condition"": \{
                        ""DateLessThan"": \{
                          ""aws:TokenIssueTime"": ""{}""
                        \}
                      \}
                    \}
                  ]
                \}
            ResultPath: ""$.Policy""
            Next: IAMFindingType
          IAMFindingType:
            Type: Choice
            Choices:
              # https://docs.aws.amazon.com/awscloudtrail/latest/userguide/cloudtrail-event-reference-user-identity.html#cloudtrail-event-reference-user-identity-fields
              - Variable: ""$.resource.accessKeyDetails.userType""
                StringEquals: AssumedRole
                Next: IAMPutRolePolicy
              - Variable: ""$.resource.accessKeyDetails.userType""
                StringEquals: IAMUser
                Next: IAMPutUserPolicy
            Default: UnsupportedIdentityType
          IAMPutRolePolicy:
            Type: Task
            Parameters:
              ""PolicyDocument.$"": States.Format($.Policy.PolicyDocument, $.service.eventLastSeen)
              PolicyName: AWSRevokeOlderSessions
              ""RoleName.$"": ""$.resource.accessKeyDetails.userName""
            Resource: ""arn:aws:states:::aws-sdk:iam:putRolePolicy""
            ResultPath: ""$.putRolePolicy""
            Next: IAMFindingPublish
          IAMPutUserPolicy:
            Type: Task
            Parameters:
              ""PolicyDocument.$"": States.Format($.Policy.PolicyDocument, $.service.eventLastSeen)
              PolicyName: AWSRevokeOlderSessions
              ""UserName.$"": ""$.resource.accessKeyDetails.userName""
            Resource: ""arn:aws:states:::aws-sdk:iam:putUserPolicy""
            ResultPath: ""$.putUserPolicy""
            Next: IAMFindingPublish
          IAMFindingPublish:
            Type: Task
            Parameters:
              ""Message.$"": States.Format('Successfully revoked older sessions on {}', $.resource.accessKeyDetails.userName)
              TopicArn: !Ref NotificationTopic
            Resource: ""arn:aws:states:::aws-sdk:sns:publish""
            End: true
          EC2Finding:
            Type: Task
            Resource: !GetAtt QuarantineFunction.Arn
            Retry:
              - ErrorEquals:
                  - Lambda.TooManyRequestsException
                  - Lambda.ServiceException
                  - Lambda.AWSLambdaException
                  - Lambda.SdkClientException
                IntervalSeconds: 2
                MaxAttempts: 6
                BackoffRate: 2
            TimeoutSeconds: 120
            End: true
          S3Finding:
            Type: Choice
            Choices:
              - Variable: ""$.resource.s3BucketDetails[0].publicAccess.effectivePermission""
                StringEquals: PUBLIC
                Next: S3BlockPublicAccess
            Default: BucketNotPublic
          S3BlockPublicAccess:
            Type: Task
            Parameters:
              ""Bucket.$"": ""$.resource.s3BucketDetails[0].name""
              PublicAccessBlockConfiguration:
                BlockPublicAcls: true
                IgnorePublicAcls: true
                BlockPublicPolicy: true
                RestrictPublicBuckets: true
              ExpectedBucketOwner: !Ref ""AWS::AccountId""
            Resource: ""arn:aws:states:::aws-sdk:s3:putPublicAccessBlock""
            ResultPath: ""$.putPublicAccessBlock""
            Next: S3FindingPublish
          S3FindingPublish:
            Type: Task
            Parameters:
              ""Message.$"": States.Format('Successfully blocked public access on S3 bucket {}', $.resource.s3BucketDetails[0].name)
              TopicArn: !Ref NotificationTopic
            Resource: ""arn:aws:states:::aws-sdk:sns:publish""
            End: true
          BucketNotPublic:
            Type: Succeed
          UnsupportedFinding:
            Type: Fail
          UnsupportedIdentityType:
            Type: Fail
      RoleArn: !GetAtt StateMachineRole.Arn

Outputs:
  ArtifactBucket:
    Description: Security artifact S3 bucket
    Value: !GetAtt ArtifactBucket.RegionalDomainName
  NotificationTopic:
    Description: Security notifications SNS topic
    Value: !Ref NotificationTopic
  EncryptionKeyAliasArn:
    Description: Encryption key alias ARN
    Value: !Sub ""arn:${AWS::Partition}:kms:${AWS::Region}:${AWS::AccountId}:${EncryptionAlias}""",True,True,0,0
cfn_templates_greenfield/aws-samples__sample-ai-campaign-orchestrator/template.yaml,manual-fix,40a25221dfa987e7a0ec230aa0ee239ce33b5402e507fea47a7d45011b4bb75e,814,29,9,AWS::CloudWatch::Alarm | AWS::Cognito::UserPool | AWS::Cognito::UserPoolClient | AWS::DynamoDB::Table | AWS::IAM::Policy | AWS::IAM::Role | AWS::KMS::Alias | AWS::KMS::Key | AWS::Logs::LogGroup | AWS::OpenSearchServerless::AccessPolicy | AWS::OpenSearchServerless::Collection | AWS::OpenSearchServerless::SecurityPolicy | AWS::S3::Bucket | AWS::SNS::Topic | AWS::Serverless::Function | AWS::Serverless::HttpApi | AWS::Serverless::StateMachine,"CloudWatch, Cognito, DynamoDB, IAM, KMS, Logs, OpenSearchServerless, S3, SNS, Serverless",5,.yaml,"AWSTemplateFormatVersion: '2010-09-09'
Transform: AWS::Serverless-2016-10-31
Description: |
  AI-CPaaS campaign orchestrator: parse a marketer's natural-language instruction,
  segment customers, predict the best channel per customer, suppress fatigued or
  unhappy contacts, adapt content per channel, and dispatch via AWS End User
  Messaging and SES. Coordinated end-to-end by AWS Step Functions. Companion to
  the AWS blog ""Build an AI-powered campaign orchestrator using Amazon Bedrock
  and AWS End User Messaging"".

Parameters:
  Environment:
    Type: String
    Default: dev
    AllowedValues: [dev, staging, prod]
    Description: Deployment environment

  ProjectName:
    Type: String
    Default: ai-cpaas-demo
    Description: Project name used in resource naming

  WhatsAppPhoneNumberId:
    Type: String
    Default: ''
    Description: |
      AWS End User Messaging Social phone number ID used as the originating WhatsApp sender
      (e.g. phone-number-id-9997bfa8...). Leave blank to skip WhatsApp. Find with:
      aws socialmessaging get-linked-whatsapp-business-account --id <waba-id>.

  PhonePoolId:
    Type: String
    Default: ''
    Description: SMS phone pool ID for AWS End User Messaging (sms-voice). Leave blank to skip SMS.

  SenderEmail:
    Type: String
    Default: 'noreply@example.com'
    Description: Verified SES sender email address
    AllowedPattern: '^[^@\s]+@[^@\s]+\.[^@\s]+$'

  BedrockModelId:
    Type: String
    Default: 'global.anthropic.claude-haiku-4-5-20251001-v1:0'
    Description: |
      Bedrock model or inference profile used for content adaptation and parsing.
      Claude 4.x models require an inference profile (global. / apac. / us. prefix).
    AllowedValues:
      - 'global.anthropic.claude-haiku-4-5-20251001-v1:0'
      - 'global.anthropic.claude-sonnet-4-5-20250929-v1:0'

  EnableSemanticSearch:
    Type: String
    Default: 'false'
    AllowedValues: ['true', 'false']
    Description: |
      Provision an OpenSearch Serverless Vector search NextGen collection and
      embed customer profiles for semantic segmentation. NextGen collections
      scale OCUs to zero after 10 minutes of inactivity, so idle cost is near
      $0; expect a 30-60s cold start on the first query of the day.

  EmbeddingModelId:
    Type: String
    Default: 'amazon.titan-embed-text-v2:0'
    Description: Bedrock embedding model used when EnableSemanticSearch is true.

  SeederPrincipalArn:
    Type: String
    Default: ''
    Description: |
      Optional IAM principal ARN (typically the user/role running
      scripts/seed_demo_data.py) that needs write access to the vector
      collection. Required when EnableSemanticSearch is true.

Conditions:
  SemanticSearchEnabled: !Equals [!Ref EnableSemanticSearch, 'true']

Globals:
  Function:
    Runtime: python3.13
    Timeout: 60
    MemorySize: 1024
    Tracing: Active
    Architectures: [arm64]
    Environment:
      Variables:
        ENVIRONMENT: !Ref Environment
        PROJECT_NAME: !Ref ProjectName
        BEDROCK_MODEL_ID: !Ref BedrockModelId
    Tags:
      Project: !Ref ProjectName
      Environment: !Ref Environment

Resources:

  # ===========================================================================
  # Encryption
  # ===========================================================================

  AppKmsKey:
    Type: AWS::KMS::Key
    Properties:
      Description: !Sub 'CMK for ${ProjectName} - ${Environment}'
      EnableKeyRotation: true
      KeyPolicy:
        Version: '2012-10-17'
        Statement:
          - Effect: Allow
            Principal:
              AWS: !Sub 'arn:aws:iam::${AWS::AccountId}:root'
            Action: 'kms:*'
            Resource: '*'
          - Effect: Allow
            Principal:
              Service:
                - lambda.amazonaws.com
                - sns.amazonaws.com
                - states.amazonaws.com
            Action:
              - 'kms:GenerateDataKey*'
              - 'kms:Decrypt'
            Resource: '*'
          - Effect: Allow
            Principal:
              Service: !Sub 'logs.${AWS::Region}.amazonaws.com'
            Action:
              - 'kms:Encrypt*'
              - 'kms:Decrypt*'
              - 'kms:ReEncrypt*'
              - 'kms:GenerateDataKey*'
              - 'kms:Describe*'
            Resource: '*'
            Condition:
              ArnLike:
                'kms:EncryptionContext:aws:logs:arn': !Sub 'arn:aws:logs:${AWS::Region}:${AWS::AccountId}:log-group:*'

  AppKmsKeyAlias:
    Type: AWS::KMS::Alias
    Properties:
      AliasName: !Sub 'alias/${ProjectName}-${Environment}'
      TargetKeyId: !Ref AppKmsKey

  # ===========================================================================
  # State stores
  # ===========================================================================

  RateLimitsTable:
    Type: AWS::DynamoDB::Table
    Properties:
      TableName: !Sub '${ProjectName}-rate-limits-${Environment}'
      BillingMode: PAY_PER_REQUEST
      AttributeDefinitions:
        - AttributeName: limiter_key
          AttributeType: S
      KeySchema:
        - AttributeName: limiter_key
          KeyType: HASH
      TimeToLiveSpecification:
        Enabled: true
        AttributeName: ttl
      PointInTimeRecoverySpecification:
        PointInTimeRecoveryEnabled: true
      SSESpecification:
        SSEEnabled: true
        SSEType: KMS
        KMSMasterKeyId: !Ref AppKmsKey

  DeliveryTrackingTable:
    Type: AWS::DynamoDB::Table
    Properties:
      TableName: !Sub '${ProjectName}-delivery-tracking-${Environment}'
      BillingMode: PAY_PER_REQUEST
      AttributeDefinitions:
        - AttributeName: message_id
          AttributeType: S
        - AttributeName: customer_id
          AttributeType: S
        - AttributeName: timestamp
          AttributeType: N
      KeySchema:
        - AttributeName: message_id
          KeyType: HASH
      GlobalSecondaryIndexes:
        - IndexName: customer-index
          KeySchema:
            - AttributeName: customer_id
              KeyType: HASH
            - AttributeName: timestamp
              KeyType: RANGE
          Projection:
            ProjectionType: ALL
      TimeToLiveSpecification:
        Enabled: true
        AttributeName: ttl
      PointInTimeRecoverySpecification:
        PointInTimeRecoveryEnabled: true
      SSESpecification:
        SSEEnabled: true
        SSEType: KMS
        KMSMasterKeyId: !Ref AppKmsKey

  CustomerProfilesTable:
    Type: AWS::DynamoDB::Table
    Properties:
      TableName: !Sub '${ProjectName}-customer-profiles-${Environment}'
      BillingMode: PAY_PER_REQUEST
      AttributeDefinitions:
        - AttributeName: customer_id
          AttributeType: S
      KeySchema:
        - AttributeName: customer_id
          KeyType: HASH
      PointInTimeRecoverySpecification:
        PointInTimeRecoveryEnabled: true
      SSESpecification:
        SSEEnabled: true
        SSEType: KMS
        KMSMasterKeyId: !Ref AppKmsKey

  CampaignAssetsBucket:
    Type: AWS::S3::Bucket
    Properties:
      BucketName: !Sub '${ProjectName}-assets-${Environment}-${AWS::AccountId}'
      BucketEncryption:
        ServerSideEncryptionConfiguration:
          - ServerSideEncryptionByDefault:
              SSEAlgorithm: aws:kms
              KMSMasterKeyID: !Ref AppKmsKey
      PublicAccessBlockConfiguration:
        BlockPublicAcls: true
        BlockPublicPolicy: true
        IgnorePublicAcls: true
        RestrictPublicBuckets: true
      VersioningConfiguration:
        Status: Enabled

  # ===========================================================================
  # OpenSearch Serverless (vector search) -- optional, enabled by EnableSemanticSearch
  # NextGen collection: scales indexing and search OCUs to zero after 10 min idle.
  # ===========================================================================

  VectorCollectionEncryptionPolicy:
    Type: AWS::OpenSearchServerless::SecurityPolicy
    Condition: SemanticSearchEnabled
    Properties:
      Name: !Sub '${ProjectName}-vec-enc-${Environment}'
      Type: encryption
      Policy: !Sub |
        {
          ""Rules"": [
            {""ResourceType"": ""collection"", ""Resource"": [""collection/${ProjectName}-vec-${Environment}""]}
          ],
          ""AWSOwnedKey"": true
        }

  VectorCollectionNetworkPolicy:
    Type: AWS::OpenSearchServerless::SecurityPolicy
    Condition: SemanticSearchEnabled
    Properties:
      Name: !Sub '${ProjectName}-vec-net-${Environment}'
      Type: network
      Policy: !Sub |
        [
          {
            ""Rules"": [
              {""ResourceType"": ""collection"", ""Resource"": [""collection/${ProjectName}-vec-${Environment}""]},
              {""ResourceType"": ""dashboard"", ""Resource"": [""collection/${ProjectName}-vec-${Environment}""]}
            ],
            ""AllowFromPublic"": true
          }
        ]

  VectorCollection:
    Type: AWS::OpenSearchServerless::Collection
    Condition: SemanticSearchEnabled
    DependsOn:
      - VectorCollectionEncryptionPolicy
      - VectorCollectionNetworkPolicy
    Properties:
      Name: !Sub '${ProjectName}-vec-${Environment}'
      Type: VECTORSEARCH
      StandbyReplicas: DISABLED
      Description: Customer profile embeddings for semantic segmentation

  # Data-access policy is attached to the stage Lambda roles + the seeder caller.
  # We grant aoss:APIAccessAll via IAM and grant index permissions here.
  VectorCollectionAccessPolicy:
    Type: AWS::OpenSearchServerless::AccessPolicy
    Condition: SemanticSearchEnabled
    Properties:
      Name: !Sub '${ProjectName}-vec-acc-${Environment}'
      Type: data
      Policy: !Sub |
        [
          {
            ""Rules"": [
              {
                ""ResourceType"": ""collection"",
                ""Resource"": [""collection/${ProjectName}-vec-${Environment}""],
                ""Permission"": [""aoss:CreateCollectionItems"", ""aoss:UpdateCollectionItems"", ""aoss:DescribeCollectionItems""]
              },
              {
                ""ResourceType"": ""index"",
                ""Resource"": [""index/${ProjectName}-vec-${Environment}/*""],
                ""Permission"": [""aoss:CreateIndex"", ""aoss:DescribeIndex"", ""aoss:ReadDocument"", ""aoss:WriteDocument"", ""aoss:UpdateIndex""]
              }
            ],
            ""Principal"": [
              ""${SegmentCustomersFunctionRole.Arn}"",
              ""${SeederPrincipalArn}""
            ]
          }
        ]

  # Standalone IAM role for SegmentCustomersFunction. Defined as a top-level
  # resource so the OpenSearch data-access policy above can reference its ARN
  # without creating a circular dependency on the SAM-managed auto-role.
  SegmentCustomersFunctionRole:
    Type: AWS::IAM::Role
    Properties:
      AssumeRolePolicyDocument:
        Version: '2012-10-17'
        Statement:
          - Effect: Allow
            Principal: { Service: lambda.amazonaws.com }
            Action: 'sts:AssumeRole'
      ManagedPolicyArns:
        - arn:aws:iam::aws:policy/service-role/AWSLambdaBasicExecutionRole
      Policies:
        - PolicyName: SegmentStagePermissions
          PolicyDocument:
            Version: '2012-10-17'
            Statement:
              - Effect: Allow
                Action: ['dynamodb:GetItem', 'dynamodb:Query', 'dynamodb:Scan', 'dynamodb:BatchGetItem']
                Resource: !GetAtt CustomerProfilesTable.Arn
              - Effect: Allow
                Action: ['kms:Decrypt', 'kms:GenerateDataKey']
                Resource: !GetAtt AppKmsKey.Arn

  # Optional add-on policy: only attached when EnableSemanticSearch=true.
  SegmentCustomersSemanticSearchPolicy:
    Type: AWS::IAM::Policy
    Condition: SemanticSearchEnabled
    Properties:
      PolicyName: SemanticSearchAccess
      Roles: [!Ref SegmentCustomersFunctionRole]
      PolicyDocument:
        Version: '2012-10-17'
        Statement:
          - Effect: Allow
            Action: ['bedrock:InvokeModel']
            Resource:
              - !Sub 'arn:aws:bedrock:${AWS::Region}::foundation-model/${EmbeddingModelId}'
          - Effect: Allow
            Action: ['aoss:APIAccessAll']
            Resource: !GetAtt VectorCollection.Arn

  # ===========================================================================
  # Stage Lambdas
  # ===========================================================================

  ParseInstructionFunction:
    Type: AWS::Serverless::Function
    Properties:
      FunctionName: !Sub '${ProjectName}-parse-instruction-${Environment}'
      InlineCode: |
        def lambda_handler(event, context):
            return {""statusCode"": 200}
      Handler: index.lambda_handler
      Description: Parse marketer instruction into structured campaign fields via Bedrock
      Policies:
        - AWSLambdaBasicExecutionRole
        - Statement:
            - Effect: Allow
              Action: ['bedrock:InvokeModel']
              Resource:
                # Inference profile in the calling region...
                - !Sub 'arn:aws:bedrock:${AWS::Region}:${AWS::AccountId}:inference-profile/${BedrockModelId}'
                # ...plus the underlying foundation model in every region the
                # profile may route to (global. profiles span multiple regions).
                - 'arn:aws:bedrock:*::foundation-model/anthropic.*'

  SegmentCustomersFunction:
    Type: AWS::Serverless::Function
    Properties:
      FunctionName: !Sub '${ProjectName}-segment-customers-${Environment}'
      InlineCode: |
        def lambda_handler(event, context):
            return {""statusCode"": 200}
      Handler: index.lambda_handler
      Description: Match parsed criteria to customer profiles in DynamoDB, optionally combined with OpenSearch vector search
      Role: !GetAtt SegmentCustomersFunctionRole.Arn
      Environment:
        Variables:
          CUSTOMER_PROFILES_TABLE: !Ref CustomerProfilesTable
          EMBEDDING_MODEL_ID: !Ref EmbeddingModelId
          VECTOR_COLLECTION_ENDPOINT: !If [SemanticSearchEnabled, !GetAtt VectorCollection.CollectionEndpoint, '']
          VECTOR_INDEX_NAME: !If [SemanticSearchEnabled, !Sub '${ProjectName}-customers-${Environment}', '']

  PredictChannelsFunction:
    Type: AWS::Serverless::Function
    Properties:
      FunctionName: !Sub '${ProjectName}-predict-channels-${Environment}'
      InlineCode: |
        def lambda_handler(event, context):
            return {""statusCode"": 200}
      Handler: index.lambda_handler
      Description: Predict the best channel per customer using SageMaker + heuristic fallback
      Environment:
        Variables:
          CUSTOMER_PROFILES_TABLE: !Ref CustomerProfilesTable
      Policies:
        - AWSLambdaBasicExecutionRole
        - DynamoDBReadPolicy:
            TableName: !Ref CustomerProfilesTable
        - Statement:
            - Effect: Allow
              Action: ['kms:Decrypt', 'kms:GenerateDataKey']
              Resource: !GetAtt AppKmsKey.Arn
            - Effect: Allow
              Action: ['sagemaker:InvokeEndpoint']
              Resource: !Sub 'arn:aws:sagemaker:${AWS::Region}:${AWS::AccountId}:endpoint/${ProjectName}-channel-prediction-${Environment}'

  CheckSafetyFunction:
    Type: AWS::Serverless::Function
    Properties:
      FunctionName: !Sub '${ProjectName}-check-safety-${Environment}'
      InlineCode: |
        def lambda_handler(event, context):
            return {""statusCode"": 200}
      Handler: index.lambda_handler
      Description: Suppress messages to fatigued or negative-sentiment customers
      Environment:
        Variables:
          CUSTOMER_PROFILES_TABLE: !Ref CustomerProfilesTable
          RATE_LIMITS_TABLE: !Ref RateLimitsTable
      Policies:
        - AWSLambdaBasicExecutionRole
        - DynamoDBReadPolicy:
            TableName: !Ref CustomerProfilesTable
        - DynamoDBReadPolicy:
            TableName: !Ref RateLimitsTable
        - Statement:
            - Effect: Allow
              Action: ['kms:Decrypt', 'kms:GenerateDataKey']
              Resource: !GetAtt AppKmsKey.Arn

  AdaptContentFunction:
    Type: AWS::Serverless::Function
    Properties:
      FunctionName: !Sub '${ProjectName}-adapt-content-${Environment}'
      InlineCode: |
        def lambda_handler(event, context):
            return {""statusCode"": 200}
      Handler: index.lambda_handler
      Description: Generate channel-specific message variants via Bedrock
      Timeout: 120
      Policies:
        - AWSLambdaBasicExecutionRole
        - Statement:
            - Effect: Allow
              Action: ['bedrock:InvokeModel']
              Resource:
                # Inference profile in the calling region...
                - !Sub 'arn:aws:bedrock:${AWS::Region}:${AWS::AccountId}:inference-profile/${BedrockModelId}'
                # ...plus the underlying foundation model in every region the
                # profile may route to (global. profiles span multiple regions).
                - 'arn:aws:bedrock:*::foundation-model/anthropic.*'

  DeliverMessagesFunction:
    Type: AWS::Serverless::Function
    Properties:
      FunctionName: !Sub '${ProjectName}-deliver-messages-${Environment}'
      InlineCode: |
        def lambda_handler(event, context):
            return {""statusCode"": 200}
      Handler: index.lambda_handler
      Description: Dispatch messages via AWS End User Messaging and SES
      Timeout: 300
      Environment:
        Variables:
          PHONE_POOL_ID: !Ref PhonePoolId
          WHATSAPP_PHONE_NUMBER_ID: !Ref WhatsAppPhoneNumberId
          SENDER_EMAIL: !Ref SenderEmail
          DELIVERY_TRACKING_TABLE: !Ref DeliveryTrackingTable
          RATE_LIMITS_TABLE: !Ref RateLimitsTable
      Policies:
        - AWSLambdaBasicExecutionRole
        - DynamoDBCrudPolicy:
            TableName: !Ref DeliveryTrackingTable
        - DynamoDBCrudPolicy:
            TableName: !Ref RateLimitsTable
        - Statement:
            - Effect: Allow
              Action: ['kms:Decrypt', 'kms:GenerateDataKey']
              Resource: !GetAtt AppKmsKey.Arn
            - Effect: Allow
              Action:
                - 'sms-voice:SendTextMessage'
                - 'social-messaging:SendWhatsAppMessage'
              Resource: '*'
            - Effect: Allow
              Action:
                - 'ses:SendEmail'
                - 'ses:SendRawEmail'
              Resource: '*'

  RecordResultsFunction:
    Type: AWS::Serverless::Function
    Properties:
      FunctionName: !Sub '${ProjectName}-record-results-${Environment}'
      InlineCode: |
        def lambda_handler(event, context):
            return {""statusCode"": 200}
      Handler: index.lambda_handler
      Description: Persist campaign summary to delivery tracking table
      MemorySize: 256
      Timeout: 30
      Environment:
        Variables:
          DELIVERY_TRACKING_TABLE: !Ref DeliveryTrackingTable
      Policies:
        - AWSLambdaBasicExecutionRole
        - DynamoDBCrudPolicy:
            TableName: !Ref DeliveryTrackingTable
        - Statement:
            - Effect: Allow
              Action: ['kms:Decrypt', 'kms:GenerateDataKey']
              Resource: !GetAtt AppKmsKey.Arn

  CampaignLauncherFunction:
    Type: AWS::Serverless::Function
    Properties:
      FunctionName: !Sub '${ProjectName}-campaign-launcher-${Environment}'
      InlineCode: |
        def lambda_handler(event, context):
            return {""statusCode"": 200}
      Handler: index.lambda_handler
      Description: API Gateway entry point that starts the campaign state machine
      MemorySize: 256
      Timeout: 10
      Environment:
        Variables:
          STATE_MACHINE_ARN: !Ref CampaignStateMachine
      Policies:
        - AWSLambdaBasicExecutionRole
        - StepFunctionsExecutionPolicy:
            StateMachineName: !GetAtt CampaignStateMachine.Name
      Events:
        LaunchCampaign:
          Type: HttpApi
          Properties:
            ApiId: !Ref CampaignApi
            Path: /campaigns
            Method: POST

  CampaignStatusFunction:
    Type: AWS::Serverless::Function
    Properties:
      FunctionName: !Sub '${ProjectName}-campaign-status-${Environment}'
      InlineCode: |
        def lambda_handler(event, context):
            return {""statusCode"": 200}
      Handler: index.lambda_handler
      Description: Return the campaign summary for a given campaign_id
      MemorySize: 256
      Timeout: 10
      Environment:
        Variables:
          DELIVERY_TRACKING_TABLE: !Ref DeliveryTrackingTable
      Policies:
        - AWSLambdaBasicExecutionRole
        - DynamoDBReadPolicy:
            TableName: !Ref DeliveryTrackingTable
        - Statement:
            - Effect: Allow
              Action: ['kms:Decrypt']
              Resource: !GetAtt AppKmsKey.Arn
      Events:
        GetCampaign:
          Type: HttpApi
          Properties:
            ApiId: !Ref CampaignApi
            Path: /campaigns/{campaign_id}
            Method: GET

  # ===========================================================================
  # Step Functions state machine
  # ===========================================================================

  StateMachineLogGroup:
    Type: AWS::Logs::LogGroup
    Properties:
      LogGroupName: !Sub '/aws/states/${ProjectName}-orchestrator-${Environment}'
      RetentionInDays: 30
      KmsKeyId: !GetAtt AppKmsKey.Arn

  CampaignStateMachine:
    Type: AWS::Serverless::StateMachine
    Properties:
      Name: !Sub '${ProjectName}-orchestrator-${Environment}'
      Type: STANDARD
      DefinitionUri: statemachine/campaign_orchestrator.asl.json
      DefinitionSubstitutions:
        ParseArn: !GetAtt ParseInstructionFunction.Arn
        SegmentArn: !GetAtt SegmentCustomersFunction.Arn
        PredictArn: !GetAtt PredictChannelsFunction.Arn
        SafetyArn: !GetAtt CheckSafetyFunction.Arn
        AdaptArn: !GetAtt AdaptContentFunction.Arn
        DeliverArn: !GetAtt DeliverMessagesFunction.Arn
        RecordArn: !GetAtt RecordResultsFunction.Arn
      Logging:
        Level: ALL
        IncludeExecutionData: false
        Destinations:
          - CloudWatchLogsLogGroup:
              LogGroupArn: !GetAtt StateMachineLogGroup.Arn
      Tracing:
        Enabled: true
      Policies:
        - LambdaInvokePolicy:
            FunctionName: !Ref ParseInstructionFunction
        - LambdaInvokePolicy:
            FunctionName: !Ref SegmentCustomersFunction
        - LambdaInvokePolicy:
            FunctionName: !Ref PredictChannelsFunction
        - LambdaInvokePolicy:
            FunctionName: !Ref CheckSafetyFunction
        - LambdaInvokePolicy:
            FunctionName: !Ref AdaptContentFunction
        - LambdaInvokePolicy:
            FunctionName: !Ref DeliverMessagesFunction
        - LambdaInvokePolicy:
            FunctionName: !Ref RecordResultsFunction
        - CloudWatchLogsFullAccess

  # ===========================================================================
  # Amazon Cognito user pool used to authenticate the campaign launcher API.
  # Callers must present a JWT access token from this pool in the
  # Authorization header when hitting the HTTP API.
  # ===========================================================================

  CampaignUserPool:
    Type: AWS::Cognito::UserPool
    Properties:
      UserPoolName: !Sub '${ProjectName}-users-${Environment}'
      AutoVerifiedAttributes: [email]
      UsernameAttributes: [email]
      AdminCreateUserConfig:
        AllowAdminCreateUserOnly: true
      Policies:
        PasswordPolicy:
          MinimumLength: 12
          RequireLowercase: true
          RequireUppercase: true
          RequireNumbers: true
          RequireSymbols: true

  CampaignUserPoolClient:
    Type: AWS::Cognito::UserPoolClient
    Properties:
      ClientName: !Sub '${ProjectName}-launcher-${Environment}'
      UserPoolId: !Ref CampaignUserPool
      GenerateSecret: false
      ExplicitAuthFlows:
        - ALLOW_USER_PASSWORD_AUTH
        - ALLOW_REFRESH_TOKEN_AUTH
      AccessTokenValidity: 60      # minutes
      IdTokenValidity: 60
      RefreshTokenValidity: 30     # days
      TokenValidityUnits:
        AccessToken: minutes
        IdToken: minutes
        RefreshToken: days

  # ===========================================================================
  # API Gateway entry point (protected by the Cognito user pool above)
  # ===========================================================================

  CampaignApi:
    Type: AWS::Serverless::HttpApi
    Properties:
      StageName: !Ref Environment
      Description: !Sub 'Campaign launcher API for ${ProjectName}-${Environment}'
      DefaultRouteSettings:
        ThrottlingBurstLimit: 100
        ThrottlingRateLimit: 50
      CorsConfiguration:
        AllowOrigins: ['*']
        AllowMethods: [POST, GET, OPTIONS]
        AllowHeaders: [content-type, authorization]
        MaxAge: 600
      Auth:
        DefaultAuthorizer: CampaignCognitoAuthorizer
        Authorizers:
          CampaignCognitoAuthorizer:
            IdentitySource: $request.header.Authorization
            JwtConfiguration:
              audience:
                - !Ref CampaignUserPoolClient
              issuer: !Sub 'https://cognito-idp.${AWS::Region}.amazonaws.com/${CampaignUserPool}'

  # ===========================================================================
  # Delivery status callback wiring (EventBridge -> DynamoDB)
  # ===========================================================================

  DeliveryStatusProcessorFunction:
    Type: AWS::Serverless::Function
    Properties:
      FunctionName: !Sub '${ProjectName}-delivery-processor-${Environment}'
      InlineCode: |
        def lambda_handler(event, context):
            return {""statusCode"": 200}
      Handler: index.lambda_handler
      Description: Update delivery tracking when AWS End User Messaging emits status events
      MemorySize: 256
      Timeout: 30
      Environment:
        Variables:
          DELIVERY_TRACKING_TABLE: !Ref DeliveryTrackingTable
      Policies:
        - AWSLambdaBasicExecutionRole
        - DynamoDBCrudPolicy:
            TableName: !Ref DeliveryTrackingTable
        - Statement:
            - Effect: Allow
              Action: ['kms:Decrypt', 'kms:GenerateDataKey']
              Resource: !GetAtt AppKmsKey.Arn
      Events:
        SmsDeliveryStatus:
          Type: EventBridgeRule
          Properties:
            Pattern:
              source: ['aws.end-user-messaging']
              detail-type: ['SMS Delivery Status']
        WhatsAppDeliveryStatus:
          Type: EventBridgeRule
          Properties:
            Pattern:
              source: ['aws.end-user-messaging']
              detail-type: ['WhatsApp Delivery Status']

  # ===========================================================================
  # Alarms
  # ===========================================================================

  AlarmTopic:
    Type: AWS::SNS::Topic
    Properties:
      TopicName: !Sub '${ProjectName}-alarms-${Environment}'
      DisplayName: !Sub '${ProjectName} alarms (${Environment})'
      KmsMasterKeyId: !Ref AppKmsKey

  StateMachineFailedExecutionsAlarm:
    Type: AWS::CloudWatch::Alarm
    Properties:
      AlarmName: !Sub '${ProjectName}-orchestrator-failures-${Environment}'
      AlarmDescription: Campaign orchestrator executions are failing
      AlarmActions: [!Ref AlarmTopic]
      MetricName: ExecutionsFailed
      Namespace: AWS/States
      Statistic: Sum
      Period: 300
      EvaluationPeriods: 1
      Threshold: 3
      ComparisonOperator: GreaterThanThreshold
      TreatMissingData: notBreaching
      Dimensions:
        - Name: StateMachineArn
          Value: !Ref CampaignStateMachine

Outputs:
  CampaignApiEndpoint:
    Description: HTTP API endpoint for launching campaigns (POST /campaigns)
    Value: !Sub 'https://${CampaignApi}.execute-api.${AWS::Region}.amazonaws.com/${Environment}/campaigns'

  UserPoolId:
    Description: Cognito user pool that authenticates campaign launcher requests
    Value: !Ref CampaignUserPool

  UserPoolClientId:
    Description: Cognito app client used to obtain access tokens for the API
    Value: !Ref CampaignUserPoolClient

  StateMachineArn:
    Description: Step Functions state machine ARN
    Value: !Ref CampaignStateMachine

  CustomerProfilesTableName:
    Description: DynamoDB table for customer profiles
    Value: !Ref CustomerProfilesTable

  DeliveryTrackingTableName:
    Description: DynamoDB table for delivery tracking
    Value: !Ref DeliveryTrackingTable

  CampaignAssetsBucketName:
    Description: S3 bucket for campaign assets
    Value: !Ref CampaignAssetsBucket

  AlarmTopicArn:
    Description: SNS topic for orchestrator alarms (subscribe your email)
    Value: !Ref AlarmTopic

  VectorCollectionEndpoint:
    Condition: SemanticSearchEnabled
    Description: OpenSearch Serverless Vector search collection endpoint (set on seeder)
    Value: !GetAtt VectorCollection.CollectionEndpoint

  VectorIndexName:
    Condition: SemanticSearchEnabled
    Description: Index name expected by the segment Lambda and seeder
    Value: !Sub '${ProjectName}-customers-${Environment}'",True,True,0,0
cfn_templates_greenfield/SWO-GS__auto-tag/cloud_formation/event_multi_region_template/autotag_event_main-template.json,manual-fix,45bcc8d5dc6ca75e38acc7b20a3a3c3108a08fcc7a316820f942e6b2f8a62099,596,25,9,AWS::IAM::Policy | AWS::IAM::Role | AWS::Lambda::Function | AWS::Lambda::Permission | AWS::Logs::LogGroup | AWS::Logs::MetricFilter,"IAM, Lambda, Logs",5,.json,"{
  ""AWSTemplateFormatVersion"": ""2010-09-09"",
  ""Description"": ""Auto Tag (Open Source by GorillaStack)"",
  ""Parameters"": {
    ""LambdaName"": {
      ""Description"": ""The name of the Lambda Function."",
      ""Type"": ""String"",
      ""Default"": ""AutoTag"",
      ""AllowedValues"":[
        ""AutoTag"",
        ""AutoTagDev""
      ]
    },
    ""CodeS3Bucket"": {
      ""Description"": ""The name of the code bucket in S3."",
      ""Type"": ""String"",
      ""Default"": ""gorillastack-autotag-releases-ap-northeast-1""
    },
    ""CodeS3Path"": {
      ""Description"": ""The path of the code zip file in the code bucket in S3."",
      ""Type"": ""String"",
      ""Default"": ""autotag-0.5.3.zip""
    },
    ""AutoTagDebugLogging"": {
      ""Description"": ""Enable/Disable Debug Logging for the Lambda Function for all processed CloudTrail events."",
      ""Type"": ""String"",
      ""AllowedValues"": [
        ""Enabled"",
        ""Disabled""
      ],
      ""Default"": ""Disabled""
    },
    ""AutoTagDebugLoggingOnFailure"": {
      ""Description"": ""Enable/Disable Debug Logging when the Lambda Function has a failure."",
      ""Type"": ""String"",
      ""AllowedValues"": [
        ""Enabled"",
        ""Disabled""
      ],
      ""Default"": ""Enabled""
    },
    ""AutoTagTagsCreateTime"": {
      ""Description"": ""Enable/Disable the \""CreateTime\"" tagging for all resources."",
      ""Type"": ""String"",
      ""AllowedValues"": [
        ""Enabled"",
        ""Disabled""
      ],
      ""Default"": ""Enabled""
    },
    ""AutoTagTagsInvokedBy"": {
      ""Description"": ""Enable/Disable the \""InvokedBy\"" tagging for all resources."",
      ""Type"": ""String"",
      ""AllowedValues"": [
        ""Enabled"",
        ""Disabled""
      ],
      ""Default"": ""Enabled""
    },
    ""LogRetentionInDays"": {
      ""Description"": ""Number of days to retain AutoTag logs."",
      ""Type"": ""Number"",
      ""Default"": 90
    },
    ""CustomTags"": {
      ""Description"": ""Define custom tags in a JSON document."",
      ""Type"": ""String"",
      ""Default"": """"
    }
  },
  ""Resources"": {
    ""AutoTagLambdaFunction"": {
      ""Type"": ""AWS::Lambda::Function"",
      ""Properties"": {
        ""Code"": {
          ""ZipFile"": ""exports.handler = async () => ({ statusCode: 200 });""
        },
        ""Description"": ""Auto Tag (Open Source by GorillaStack)"",
        ""FunctionName"": {
          ""Fn::Sub"": ""${LambdaName}""
        },
        ""Handler"": ""index.handler"",
        ""Role"": {
          ""Fn::GetAtt"": [
            ""AutoTagExecutionRole"",
            ""Arn""
          ]
        },
        ""Runtime"": ""nodejs24.x"",
        ""Timeout"": 120,
        ""Environment"": {
          ""Variables"": {
            ""DEBUG_LOGGING_ON_FAILURE"": {
              ""Ref"": ""AutoTagDebugLoggingOnFailure""
            },
            ""DEBUG_LOGGING"": {
              ""Ref"": ""AutoTagDebugLogging""
            },
            ""CREATE_TIME"": {
              ""Ref"": ""AutoTagTagsCreateTime""
            },
            ""INVOKED_BY"": {
              ""Ref"": ""AutoTagTagsInvokedBy""
            },
            ""ROLE_NAME"": {
              ""Ref"": ""AutoTagMasterRole""
            },
            ""CUSTOM_TAGS"": {
              ""Ref"": ""CustomTags""
            }
          }
        }
      }
    },
    ""AutoTagLogGroup"": {
      ""Type"": ""AWS::Logs::LogGroup"",
      ""Properties"": {
        ""LogGroupName"": {
          ""Fn::Sub"": ""/aws/lambda/${AutoTagLambdaFunction}""
        },
        ""RetentionInDays"": {
          ""Ref"": ""LogRetentionInDays""
        }
      }
    },
    ""AutoTagLogsMetricFilterMaxMemoryUsed"": {
      ""Type"": ""AWS::Logs::MetricFilter"",
      ""DependsOn"": [
        ""AutoTagLogGroup""
      ],
      ""Properties"": {
        ""FilterPattern"": ""[report_name=\""REPORT\"", request_id_name=\""RequestId:\"", request_id_value, duration_name=\""Duration:\"", duration_value, duration_unit=\""ms\"", billed_duration_name_1=\""Billed\"", bill_duration_name_2=\""Duration:\"", billed_duration_value, billed_duration_unit=\""ms\"", memory_size_name_1=\""Memory\"", memory_size_name_2=\""Size:\"", memory_size_value, memory_size_unit=\""MB\"", max_memory_used_name_1=\""Max\"", max_memory_used_name_2=\""Memory\"", max_memory_used_name_3=\""Used:\"", max_memory_used_value, max_memory_used_unit=\""MB\""]"",
        ""LogGroupName"": {
          ""Fn::Sub"": ""/aws/lambda/${AutoTagLambdaFunction}""
        },
        ""MetricTransformations"": [
          {
            ""MetricValue"": ""$max_memory_used_value"",
            ""MetricNamespace"": {
              ""Fn::Sub"": ""PGi/${AutoTagLambdaFunction}""
            },
            ""MetricName"": {
              ""Fn::Sub"": ""${AutoTagLambdaFunction}-MemoryUsed""
            }
          }
        ]
      }
    },
    ""AutoTagExecutionRole"": {
      ""Type"": ""AWS::IAM::Role"",
      ""Properties"": {
        ""RoleName"": {
          ""Fn::Sub"": ""${AWS::StackName}Lambda""
        },
        ""AssumeRolePolicyDocument"": {
          ""Statement"": [
            {
              ""Effect"": ""Allow"",
              ""Principal"": {
                ""Service"": [
                  ""lambda.amazonaws.com""
                ]
              },
              ""Action"": [
                ""sts:AssumeRole""
              ]
            }
          ]
        },
        ""Path"": ""/gorillastack/autotag/execution/""
      }
    },
    ""AutoTagExecutionPolicy"": {
      ""Type"": ""AWS::IAM::Policy"",
      ""Properties"": {
        ""PolicyName"": {
          ""Fn::Sub"": ""${AWS::StackName}ExecutionPolicy""
        },
        ""Roles"": [
          {
            ""Ref"": ""AutoTagExecutionRole""
          }
        ],
        ""PolicyDocument"": {
          ""Version"": ""2012-10-17"",
          ""Statement"": [
            {
              ""Effect"": ""Allow"",
              ""Action"": [
                ""logs:CreateLogGroup"",
                ""logs:CreateLogStream"",
                ""logs:PutLogEvents""
              ],
              ""Resource"": ""arn:aws:logs:*:*:*""
            },
            {
              ""Effect"": ""Allow"",
              ""Action"": [
                ""sts:*""
              ],
              ""Resource"": [
                {
                  ""Fn::Sub"": ""arn:aws:iam::*:role/gorillastack/autotag/master/${AWS::StackName}""
                }
              ]
            }
          ]
        }
      }
    },
    ""AutoTagMasterRole"": {
      ""Type"": ""AWS::IAM::Role"",
      ""Properties"": {
        ""RoleName"": {
          ""Fn::Sub"": ""${AWS::StackName}""
        },
        ""AssumeRolePolicyDocument"": {
          ""Statement"": [
            {
              ""Effect"": ""Allow"",
              ""Principal"": {
                ""AWS"": {
                  ""Fn::GetAtt"": [
                    ""AutoTagExecutionRole"",
                    ""Arn""
                  ]
                }
              },
              ""Action"": [
                ""sts:AssumeRole""
              ]
            }
          ]
        },
        ""Path"": ""/gorillastack/autotag/master/""
      }
    },
    ""AutoTagMasterPolicy"": {
      ""Type"": ""AWS::IAM::Policy"",
      ""Properties"": {
        ""PolicyName"": {
          ""Fn::Sub"": ""${AWS::StackName}MasterPolicy""
        },
        ""Roles"": [
          {
            ""Ref"": ""AutoTagMasterRole""
          }
        ],
        ""PolicyDocument"": {
          ""Version"": ""2012-10-17"",
          ""Statement"": [
            {
              ""Effect"": ""Allow"",
              ""Action"": [
                ""autoscaling:CreateOrUpdateTags"",
                ""autoscaling:DescribeAutoScalingGroups"",
                ""autoscaling:DescribeAutoScalingInstances"",
                ""autoscaling:DescribeTags"",
                ""cloudwatch:TagResource"",
                ""datapipeline:AddTags"",
                ""dynamodb:ListTagsOfResource"",
                ""dynamodb:TagResource"",
                ""ec2:CreateTags"",
                ""ec2:DescribeInstances"",
                ""ec2:DescribeSnapshots"",
                ""events:TagResource"",
                ""elasticloadbalancing:AddTags"",
                ""elasticmapreduce:AddTags"",
                ""iam:TagRole"",
                ""iam:TagUser"",
                ""lambda:TagResource"",
                ""logs:TagLogGroup"",
                ""opsworks:DescribeInstances"",
                ""opsworks:DescribeStacks"",
                ""opsworks:ListTags"",
                ""opsworks:TagResource"",
                ""rds:AddTagsToResource"",
                ""s3:GetBucketTagging"",
                ""s3:PutBucketTagging""
              ],
              ""Resource"": [
                ""*""
              ]
            }
          ]
        }
      }
    },
    ""TriggerLambdaPermRegionHongKong"": {
      ""Type"": ""AWS::Lambda::Permission"",
      ""DependsOn"": ""AutoTagLambdaFunction"",
      ""Properties"": {
        ""Action"": ""lambda:InvokeFunction"",
        ""FunctionName"": {
          ""Fn::GetAtt"": [
            ""AutoTagLambdaFunction"",
            ""Arn""
          ]
        },
        ""Principal"": ""sns.amazonaws.com"",
        ""SourceArn"": {
          ""Fn::Sub"": ""arn:aws:sns:ap-east-1:${AWS::AccountId}:AutoTag""
        }
      }
    },
    ""TriggerLambdaPermRegionTokyo"": {
      ""Type"": ""AWS::Lambda::Permission"",
      ""DependsOn"": ""AutoTagLambdaFunction"",
      ""Properties"": {
        ""Action"": ""lambda:InvokeFunction"",
        ""FunctionName"": {
          ""Fn::GetAtt"": [
            ""AutoTagLambdaFunction"",
            ""Arn""
          ]
        },
        ""Principal"": ""sns.amazonaws.com"",
        ""SourceArn"": {
          ""Fn::Sub"": ""arn:aws:sns:ap-northeast-1:${AWS::AccountId}:AutoTag""
        }
      }
    },
    ""TriggerLambdaPermRegionSeoul"": {
      ""Type"": ""AWS::Lambda::Permission"",
      ""DependsOn"": ""AutoTagLambdaFunction"",
      ""Properties"": {
        ""Action"": ""lambda:InvokeFunction"",
        ""FunctionName"": {
          ""Fn::GetAtt"": [
            ""AutoTagLambdaFunction"",
            ""Arn""
          ]
        },
        ""Principal"": ""sns.amazonaws.com"",
        ""SourceArn"": {
          ""Fn::Sub"": ""arn:aws:sns:ap-northeast-2:${AWS::AccountId}:AutoTag""
        }
      }
    },
    ""TriggerLambdaPermRegionMumbai"": {
      ""Type"": ""AWS::Lambda::Permission"",
      ""DependsOn"": ""AutoTagLambdaFunction"",
      ""Properties"": {
        ""Action"": ""lambda:InvokeFunction"",
        ""FunctionName"": {
          ""Fn::GetAtt"": [
            ""AutoTagLambdaFunction"",
            ""Arn""
          ]
        },
        ""Principal"": ""sns.amazonaws.com"",
        ""SourceArn"": {
          ""Fn::Sub"": ""arn:aws:sns:ap-south-1:${AWS::AccountId}:AutoTag""
        }
      }
    },
    ""TriggerLambdaPermRegionSingapore"": {
      ""Type"": ""AWS::Lambda::Permission"",
      ""DependsOn"": ""AutoTagLambdaFunction"",
      ""Properties"": {
        ""Action"": ""lambda:InvokeFunction"",
        ""FunctionName"": {
          ""Fn::GetAtt"": [
            ""AutoTagLambdaFunction"",
            ""Arn""
          ]
        },
        ""Principal"": ""sns.amazonaws.com"",
        ""SourceArn"": {
          ""Fn::Sub"": ""arn:aws:sns:ap-southeast-1:${AWS::AccountId}:AutoTag""
        }
      }
    },
    ""TriggerLambdaPermRegionSydney"": {
      ""Type"": ""AWS::Lambda::Permission"",
      ""DependsOn"": ""AutoTagLambdaFunction"",
      ""Properties"": {
        ""Action"": ""lambda:InvokeFunction"",
        ""FunctionName"": {
          ""Fn::GetAtt"": [
            ""AutoTagLambdaFunction"",
            ""Arn""
          ]
        },
        ""Principal"": ""sns.amazonaws.com"",
        ""SourceArn"": {
          ""Fn::Sub"": ""arn:aws:sns:ap-southeast-2:${AWS::AccountId}:AutoTag""
        }
      }
    },
    ""TriggerLambdaPermRegionCentral"": {
      ""Type"": ""AWS::Lambda::Permission"",
      ""DependsOn"": ""AutoTagLambdaFunction"",
      ""Properties"": {
        ""Action"": ""lambda:InvokeFunction"",
        ""FunctionName"": {
          ""Fn::GetAtt"": [
            ""AutoTagLambdaFunction"",
            ""Arn""
          ]
        },
        ""Principal"": ""sns.amazonaws.com"",
        ""SourceArn"": {
          ""Fn::Sub"": ""arn:aws:sns:ca-central-1:${AWS::AccountId}:AutoTag""
        }
      }
    },
    ""TriggerLambdaPermRegionFrankfurt"": {
      ""Type"": ""AWS::Lambda::Permission"",
      ""DependsOn"": ""AutoTagLambdaFunction"",
      ""Properties"": {
        ""Action"": ""lambda:InvokeFunction"",
        ""FunctionName"": {
          ""Fn::GetAtt"": [
            ""AutoTagLambdaFunction"",
            ""Arn""
          ]
        },
        ""Principal"": ""sns.amazonaws.com"",
        ""SourceArn"": {
          ""Fn::Sub"": ""arn:aws:sns:eu-central-1:${AWS::AccountId}:AutoTag""
        }
      }
    },
    ""TriggerLambdaPermRegionStockholm"": {
      ""Type"": ""AWS::Lambda::Permission"",
      ""DependsOn"": ""AutoTagLambdaFunction"",
      ""Properties"": {
        ""Action"": ""lambda:InvokeFunction"",
        ""FunctionName"": {
          ""Fn::GetAtt"": [
            ""AutoTagLambdaFunction"",
            ""Arn""
          ]
        },
        ""Principal"": ""sns.amazonaws.com"",
        ""SourceArn"": {
          ""Fn::Sub"": ""arn:aws:sns:eu-north-1:${AWS::AccountId}:AutoTag""
        }
      }
    },
    ""TriggerLambdaPermRegionIreland"": {
      ""Type"": ""AWS::Lambda::Permission"",
      ""DependsOn"": ""AutoTagLambdaFunction"",
      ""Properties"": {
        ""Action"": ""lambda:InvokeFunction"",
        ""FunctionName"": {
          ""Fn::GetAtt"": [
            ""AutoTagLambdaFunction"",
            ""Arn""
          ]
        },
        ""Principal"": ""sns.amazonaws.com"",
        ""SourceArn"": {
          ""Fn::Sub"": ""arn:aws:sns:eu-west-1:${AWS::AccountId}:AutoTag""
        }
      }
    },
    ""TriggerLambdaPermRegionLondon"": {
      ""Type"": ""AWS::Lambda::Permission"",
      ""DependsOn"": ""AutoTagLambdaFunction"",
      ""Properties"": {
        ""Action"": ""lambda:InvokeFunction"",
        ""FunctionName"": {
          ""Fn::GetAtt"": [
            ""AutoTagLambdaFunction"",
            ""Arn""
          ]
        },
        ""Principal"": ""sns.amazonaws.com"",
        ""SourceArn"": {
          ""Fn::Sub"": ""arn:aws:sns:eu-west-2:${AWS::AccountId}:AutoTag""
        }
      }
    },
    ""TriggerLambdaPermRegionParis"": {
      ""Type"": ""AWS::Lambda::Permission"",
      ""DependsOn"": ""AutoTagLambdaFunction"",
      ""Properties"": {
        ""Action"": ""lambda:InvokeFunction"",
        ""FunctionName"": {
          ""Fn::GetAtt"": [
            ""AutoTagLambdaFunction"",
            ""Arn""
          ]
        },
        ""Principal"": ""sns.amazonaws.com"",
        ""SourceArn"": {
          ""Fn::Sub"": ""arn:aws:sns:eu-west-3:${AWS::AccountId}:AutoTag""
        }
      }
    },
    ""TriggerLambdaPermRegionBahrain"": {
      ""Type"": ""AWS::Lambda::Permission"",
      ""DependsOn"": ""AutoTagLambdaFunction"",
      ""Properties"": {
        ""Action"": ""lambda:InvokeFunction"",
        ""FunctionName"": {
          ""Fn::GetAtt"": [
            ""AutoTagLambdaFunction"",
            ""Arn""
          ]
        },
        ""Principal"": ""sns.amazonaws.com"",
        ""SourceArn"": {
          ""Fn::Sub"": ""arn:aws:sns:me-south-1:${AWS::AccountId}:AutoTag""
        }
      }
    },
    ""TriggerLambdaPermRegionSaoPaulo"": {
      ""Type"": ""AWS::Lambda::Permission"",
      ""DependsOn"": ""AutoTagLambdaFunction"",
      ""Properties"": {
        ""Action"": ""lambda:InvokeFunction"",
        ""FunctionName"": {
          ""Fn::GetAtt"": [
            ""AutoTagLambdaFunction"",
            ""Arn""
          ]
        },
        ""Principal"": ""sns.amazonaws.com"",
        ""SourceArn"": {
          ""Fn::Sub"": ""arn:aws:sns:sa-east-1:${AWS::AccountId}:AutoTag""
        }
      }
    },
    ""TriggerLambdaPermRegionNVirginia"": {
      ""Type"": ""AWS::Lambda::Permission"",
      ""DependsOn"": ""AutoTagLambdaFunction"",
      ""Properties"": {
        ""Action"": ""lambda:InvokeFunction"",
        ""FunctionName"": {
          ""Fn::GetAtt"": [
            ""AutoTagLambdaFunction"",
            ""Arn""
          ]
        },
        ""Principal"": ""sns.amazonaws.com"",
        ""SourceArn"": {
          ""Fn::Sub"": ""arn:aws:sns:us-east-1:${AWS::AccountId}:AutoTag""
        }
      }
    },
    ""TriggerLambdaPermRegionOhio"": {
      ""Type"": ""AWS::Lambda::Permission"",
      ""DependsOn"": ""AutoTagLambdaFunction"",
      ""Properties"": {
        ""Action"": ""lambda:InvokeFunction"",
        ""FunctionName"": {
          ""Fn::GetAtt"": [
            ""AutoTagLambdaFunction"",
            ""Arn""
          ]
        },
        ""Principal"": ""sns.amazonaws.com"",
        ""SourceArn"": {
          ""Fn::Sub"": ""arn:aws:sns:us-east-2:${AWS::AccountId}:AutoTag""
        }
      }
    },
    ""TriggerLambdaPermRegionNCalifornia"": {
      ""Type"": ""AWS::Lambda::Permission"",
      ""DependsOn"": ""AutoTagLambdaFunction"",
      ""Properties"": {
        ""Action"": ""lambda:InvokeFunction"",
        ""FunctionName"": {
          ""Fn::GetAtt"": [
            ""AutoTagLambdaFunction"",
            ""Arn""
          ]
        },
        ""Principal"": ""sns.amazonaws.com"",
        ""SourceArn"": {
          ""Fn::Sub"": ""arn:aws:sns:us-west-1:${AWS::AccountId}:AutoTag""
        }
      }
    },
    ""TriggerLambdaPermRegionOregon"": {
      ""Type"": ""AWS::Lambda::Permission"",
      ""DependsOn"": ""AutoTagLambdaFunction"",
      ""Properties"": {
        ""Action"": ""lambda:InvokeFunction"",
        ""FunctionName"": {
          ""Fn::GetAtt"": [
            ""AutoTagLambdaFunction"",
            ""Arn""
          ]
        },
        ""Principal"": ""sns.amazonaws.com"",
        ""SourceArn"": {
          ""Fn::Sub"": ""arn:aws:sns:us-west-2:${AWS::AccountId}:AutoTag""
        }
      }
    }
  }
}",True,True,0,0
cfn_templates_greenfield/aws-samples__sample-nih-genai-assistant/bucketfiles/nih-grants-ws-api.yaml,manual-fix,71d024652fed5bfd347078ee63d05904a3fda638ccca07768732dc6a22cb7795,408,23,3,AWS::ApiGateway::Account | AWS::ApiGatewayV2::Api | AWS::ApiGatewayV2::Deployment | AWS::ApiGatewayV2::Integration | AWS::ApiGatewayV2::Route | AWS::ApiGatewayV2::Stage | AWS::IAM::Policy | AWS::IAM::Role | AWS::KMS::Alias | AWS::KMS::Key | AWS::Lambda::Function | AWS::Lambda::Permission,"ApiGateway, ApiGatewayV2, IAM, KMS, Lambda",5,.yaml,"AWSTemplateFormatVersion: ""2010-09-09""
Parameters:
  TableName:
    Type: String
    Default: ""XXXXXX""
    Description: (Required) The name of the new DynamoDB to store connection identifiers for each connected clients. Minimum 3 characters
    MinLength: 3
    MaxLength: 50
  NIHCFBUCKET:
    Type: String
    Default: ""scott-the-researcher-cloudformation-bucket-us-west-2""
  COGUPID:
    Type: String
    Default: ""XXXXXXX""
Resources:

  WSLambdaExecutionRole:
    Type: AWS::IAM::Role
    Metadata:
      cfn_nag:
        rules_to_suppress:
          - id: W28
            reason: ""used for consistent referencing in the stack.""
    Properties:
      RoleName:
        Fn::Sub: nih-grants-lambda-ws-execution-role
      AssumeRolePolicyDocument:
        Statement:
          - Action:
              - sts:AssumeRole
            Effect: Allow
            Principal:
              Service:
                - lambda.amazonaws.com
        Version: 2012-10-17
      ManagedPolicyArns:
        - arn:aws:iam::aws:policy/service-role/AWSLambdaBasicExecutionRole
      Path: /

  lambdanihgrantsdynamodbpolicy:
    DependsOn:
      - WSLambdaExecutionRole
    Type: ""AWS::IAM::Policy""
    Properties:
      PolicyName: lambda-nih-grants-dynamodb-policy
      Roles:
        - !Ref WSLambdaExecutionRole
      PolicyDocument:
        Version: 2012-10-17
        Statement:
          - Effect: Allow
            Action:
              - ""dynamodb:BatchGetItem""
              - ""dynamodb:BatchWriteItem""
              - ""dynamodb:PutItem""
              - ""dynamodb:GetItem""
              - ""dynamodb:Scan""
              - ""dynamodb:DeleteItem""
              - ""dynamodb:Query""
              - ""dynamodb:UpdateItem""
              - ""dynamodb:GetRecords""
            Resource: !Sub
              - >-
                arn:aws:dynamodb:${region}:${account}:table/nih-ws-table
              - region: !Ref ""AWS::Region""
                account: !Ref ""AWS::AccountId""
          - Effect: Allow
            Action: kms:Decrypt
            Resource: !Sub
              - >-
                arn:aws:kms:${region}:${account}:key/*
              - region: !Ref ""AWS::Region""
                account: !Ref ""AWS::AccountId""
  LambdaKMSKey:
    Type: ""AWS::KMS::Key""
    DependsOn: WSLambdaExecutionRole
    Properties:
      Description: ""KMS key for Lambda environment variables""
      EnableKeyRotation: true
      KeyPolicy:
        Version: ""2012-10-17""
        Statement:
          - Sid: ""Enable IAM User Permissions""
            Effect: Allow
            Principal:
              AWS: !Sub ""arn:aws:iam::${AWS::AccountId}:root""
            Action: ""kms:*""
            Resource: ""*""
          - Sid: ""Allow Lambda service to use the key""
            Effect: Allow
            Principal:
              Service:
                - lambda.amazonaws.com
            Action:
              - ""kms:Decrypt""
              - ""kms:GenerateDataKey""
              - ""kms:CreateGrant""
              - ""kms:DescribeKey""
            Resource: ""*""
            Condition:
              ArnLike:
                aws:SourceArn:
                  - !Sub ""arn:aws:lambda:${AWS::Region}:${AWS::AccountId}:function:NIHGrantListS3Artifacts""
                  - !Sub ""arn:aws:lambda:${AWS::Region}:${AWS::AccountId}:function:NIHGrantCheckTemplateStatus""
                  - !Sub ""arn:aws:lambda:${AWS::Region}:${AWS::AccountId}:function:ContextHTMLScraper""
                  - !Sub ""arn:aws:lambda:${AWS::Region}:${AWS::AccountId}:function:TextTractPDF2TextAsync""
                  - !Sub ""arn:aws:lambda:${AWS::Region}:${AWS::AccountId}:function:NIHGrantLoader""
                  - !Sub ""arn:aws:lambda:${AWS::Region}:${AWS::AccountId}:function:NIHWSFunction""
                  - !Sub ""arn:aws:lambda:${AWS::Region}:${AWS::AccountId}:function:NIHQueryGrants""
                  - !Sub ""arn:aws:lambda:${AWS::Region}:${AWS::AccountId}:function:NIHModelPrompts""

  LambdaKMSPolicy:
    Type: AWS::IAM::Policy
    DependsOn: LambdaKMSKey
    Properties:
      PolicyName: lambda-kms-policy
      Roles:
        - !Ref WSLambdaExecutionRole
      PolicyDocument:
        Version: ""2012-10-17""
        Statement:
          - Effect: Allow
            Action:
              - kms:Decrypt
              - kms:GenerateDataKey
            Resource: !GetAtt LambdaKMSKey.Arn

  NIHWSFunction:
    Type: ""AWS::Lambda::Function""
    Metadata:
      cfn_nag:
        rules_to_suppress:
          - id: W89
            reason: ""Only needs to interact with services that are accessible on the public internet""
          - id: W92
            reason: ""Lambdas utilizes the unreserved account concurrency""
    DependsOn: [WSLambdaExecutionRole, lambdanihgrantsdynamodbpolicy, LambdaKMSKey, LambdaKMSPolicy]
    Properties:
      FunctionName: NIHWSFunction
      Description: Lambda NIHWSFunction
      Handler: index.lambda_handler
      Runtime: python3.12
      Role: !GetAtt WSLambdaExecutionRole.Arn
      Timeout: 900
      MemorySize: 3008
      Code:
        ZipFile: |
          def lambda_handler(event, context):
              return {""statusCode"": 200}
      Environment:
        Variables:
          table_name: ""nih-ws-table""
      KmsKeyArn: !GetAtt LambdaKMSKey.Arn

  nihGrantsApiWS:
    Type: AWS::ApiGatewayV2::Api
    Properties:
      Name: nihGrantsApiWS
      ProtocolType: WEBSOCKET
      RouteSelectionExpression: ""$request.body.action""

  ConnectRoute:
    Type: AWS::ApiGatewayV2::Route
    Properties:
      ApiId: !Ref nihGrantsApiWS
      RouteKey: $connect
      AuthorizationType: AWS_IAM
      OperationName: ConnectRoute
      Target: !Join
        - ""/""
        - - ""integrations""
          - !Ref ConnectInteg
  DefaultRoute:
    Type: AWS::ApiGatewayV2::Route
    Properties:
      ApiId: !Ref nihGrantsApiWS
      RouteKey: $default
      AuthorizationType: NONE
      OperationName: ConnectRoute
      Target: !Join
        - ""/""
        - - ""integrations""
          - !Ref ConnectInteg
  ConnectInteg:
    Type: AWS::ApiGatewayV2::Integration
    DependsOn: NIHWSFunction
    Properties:
      ApiId: !Ref nihGrantsApiWS
      Description: Connect Integration
      IntegrationType: AWS_PROXY
      IntegrationUri:
        Fn::Sub: arn:aws:apigateway:${AWS::Region}:lambda:path/2015-03-31/functions/${NIHWSFunction.Arn}/invocations
  DisconnectRoute:
    Type: AWS::ApiGatewayV2::Route
    DependsOn: NIHWSFunction
    Properties:
      ApiId: !Ref nihGrantsApiWS
      RouteKey: $disconnect
      AuthorizationType: NONE
      OperationName: DisconnectRoute
      Target: !Join
        - ""/""
        - - ""integrations""
          - !Ref DisconnectInteg
  DisconnectInteg:
    Type: AWS::ApiGatewayV2::Integration
    DependsOn: NIHWSFunction
    Properties:
      ApiId: !Ref nihGrantsApiWS
      Description: Disconnect Integration
      IntegrationType: AWS_PROXY
      IntegrationUri:
        Fn::Sub: arn:aws:apigateway:${AWS::Region}:lambda:path/2015-03-31/functions/${NIHWSFunction.Arn}/invocations
  OnMessageRoute:
    Type: AWS::ApiGatewayV2::Route
    Properties:
      ApiId: !Ref nihGrantsApiWS
      RouteKey: onMessage
      AuthorizationType: NONE
      OperationName: SendRoute
      Target: !Join
        - ""/""
        - - ""integrations""
          - !Ref SendInteg
  SendInteg:
    Type: AWS::ApiGatewayV2::Integration
    Properties:
      ApiId: !Ref nihGrantsApiWS
      Description: Send Integration
      IntegrationType: AWS_PROXY
      IntegrationUri:
        Fn::Sub: arn:aws:apigateway:${AWS::Region}:lambda:path/2015-03-31/functions/${NIHWSFunction.Arn}/invocations

  WebSocketLambdaPermission:
    Type: AWS::Lambda::Permission
    DependsOn: NIHWSFunction
    Properties:
      Action: lambda:InvokeFunction
      FunctionName: !Ref NIHWSFunction
      Principal: apigateway.amazonaws.com
      SourceArn: !Sub ""arn:aws:execute-api:${AWS::Region}:${AWS::AccountId}:${nihGrantsApiWS}/*""

  ApiGatewayLogsKMSKey:
    Type: ""AWS::KMS::Key""
    Properties:
      Description: ""KMS key for encrypting API Gateway CloudWatch Logs""
      EnableKeyRotation: true
      KeyPolicy:
        Version: ""2012-10-17""
        Statement:
          - Sid: ""Enable IAM User Permissions""
            Effect: Allow
            Principal:
              AWS: !Sub ""arn:aws:iam::${AWS::AccountId}:root""
            Action:
              - ""kms:Create*""
              - ""kms:Describe*""
              - ""kms:Enable*""
              - ""kms:List*""
              - ""kms:Put*""
              - ""kms:Update*""
              - ""kms:Revoke*""
              - ""kms:Disable*""
              - ""kms:Get*""
              - ""kms:Delete*""
              - ""kms:Decrypt""
              - ""kms:ScheduleKeyDeletion""
              - ""kms:CancelKeyDeletion""
            Resource: !Sub ""arn:aws:kms:${AWS::Region}:${AWS::AccountId}:key/*""
          - Sid: ""Allow CloudWatch Logs""
            Effect: Allow
            Principal:
              Service: !Sub ""logs.${AWS::Region}.amazonaws.com""
            Action:
              - ""kms:Encrypt*""
              - ""kms:Decrypt*""
              - ""kms:ReEncrypt*""
              - ""kms:GenerateDataKey*""
              - ""kms:Describe*""
            Resource: !Sub ""arn:aws:kms:${AWS::Region}:${AWS::AccountId}:key/*""
            Condition:
              ArnLike:
                ""kms:EncryptionContext:aws:logs:arn"": !Sub ""arn:aws:logs:${AWS::Region}:${AWS::AccountId}:*""

  ApiGatewayLogsKMSKeyAlias:
    Type: ""AWS::KMS::Alias""
    Properties:
      AliasName: alias/nih-grants-apigateway-ws-logs-key
      TargetKeyId: !Ref ApiGatewayLogsKMSKey

  ApiGatewayCloudWatchLogsRole:
    Type: ""AWS::IAM::Role""
    Properties:
      AssumeRolePolicyDocument:
        Version: ""2012-10-17""
        Statement:
          - Effect: Allow
            Principal:
              Service: apigateway.amazonaws.com
            Action: ""sts:AssumeRole""
      ManagedPolicyArns:
        - ""arn:aws:iam::aws:policy/service-role/AmazonAPIGatewayPushToCloudWatchLogs""
      Path: ""/""

  ApiGatewayAccount:
    Type: 'AWS::ApiGateway::Account'
    Properties:
      CloudWatchRoleArn: !GetAtt ApiGatewayCloudWatchLogsRole.Arn

  Deployment:
    Type: AWS::ApiGatewayV2::Deployment
    DependsOn:
      - ConnectRoute
      - OnMessageRoute
      - DisconnectRoute
      - DefaultRoute
    Properties:
      ApiId: !Ref nihGrantsApiWS

  Stage:
    Type: AWS::ApiGatewayV2::Stage
    Properties:
      StageName: Dev
      Description: Dev Stage
      DeploymentId: !Ref Deployment
      ApiId: !Ref nihGrantsApiWS

  OnConnectPermission:
    Type: AWS::Lambda::Permission
    DependsOn:
      - nihGrantsApiWS
    Properties:
      Action: lambda:InvokeFunction
      FunctionName: !Ref NIHWSFunction
      Principal: apigateway.amazonaws.com
      SourceArn: !Sub ""arn:aws:execute-api:${AWS::Region}:${AWS::AccountId}:${nihGrantsApiWS}/*""

  OnDisconnectPermission:
    Type: AWS::Lambda::Permission
    DependsOn:
      - nihGrantsApiWS
    Properties:
      Action: lambda:InvokeFunction
      FunctionName: !Ref NIHWSFunction
      Principal: apigateway.amazonaws.com
      SourceArn: !Sub ""arn:aws:execute-api:${AWS::Region}:${AWS::AccountId}:${nihGrantsApiWS}/*""

  SendMessagePermission:
    Type: AWS::Lambda::Permission
    DependsOn:
      - nihGrantsApiWS
    Properties:
      Action: lambda:InvokeFunction
      FunctionName: !Ref NIHWSFunction
      Principal: apigateway.amazonaws.com
      SourceArn: !Sub ""arn:aws:execute-api:${AWS::Region}:${AWS::AccountId}:${nihGrantsApiWS}/*""

Outputs:
  ConnectionsTableArn:
    Description: ""Connections table ARN""
    Value: !GetAtt NIHWSFunction.Arn

  OnConnectFunctionArn:
    Description: ""OnConnect function ARN""
    Value: !GetAtt NIHWSFunction.Arn

  OnDisconnectFunctionArn:
    Description: ""OnDisconnect function ARN""
    Value: !GetAtt NIHWSFunction.Arn

  SendMessageFunctionArn:
    Description: ""SendMessage function ARN""
    Value: !GetAtt NIHWSFunction.Arn

  StageURL:
    Description: ""The URL to connect to the stage""
    Value:
      !Join [
        """",
        [
          ""https://"",
          !Ref nihGrantsApiWS,
          "".execute-api."",
          !Ref ""AWS::Region"",
          "".amazonaws.com/"",
          !Ref ""Stage"",
        ],
      ]

  WebSocketURI:
    Description: ""The WSS Protocol URI to connect to""
    Value:
      !Join [
        """",
        [
          ""wss://"",
          !Ref nihGrantsApiWS,
          "".execute-api."",
          !Ref ""AWS::Region"",
          "".amazonaws.com/"",
          !Ref ""Stage"",
          ""/"",
        ],
      ]

  WebSocketApiArn:
    Description: ""ARN of the WebSocket API""
    Value: !Sub ""arn:aws:execute-api:${AWS::Region}:${AWS::AccountId}:${nihGrantsApiWS}""",True,True,0,0
