row_index,ground_truth_path,matched,difficulty,template_empty,resource_req,resource_gen,resource_cor,resource_missing,resource_extra,resource_cov_pct,resource_acc_pct,resource_missing_list,resource_extra_list,data_req,data_gen,data_cor,data_missing,data_extra,data_cov_pct,data_acc_pct,data_missing_list,data_extra_list,variable_req,variable_gen,variable_cor,variable_missing,variable_extra,variable_cov_pct,variable_acc_pct,variable_missing_list,variable_extra_list,output_req,output_gen,output_cor,output_missing,output_extra,output_cov_pct,output_acc_pct,output_missing_list,output_extra_list
0,iac_benchmark/scenarios/terrads_2b3dc3e26799,True,3.0,False,5,4,4,1,0,80.0,100.0,aws_kms_ciphertext,,0,4,0,0,4,0.0,0.0,,aws_iam_policy_document;aws_iam_policy_document;aws_kms_ciphertext;aws_caller_identity,37,24,1,36,23,2.7,4.17,kms_alias_target_key_id;kms_key_policy;kms_external_key_deletion_window_in_days;kms_ciphertext_context;tags;kms_alias_name;kms_key_key_usage;enable_kms_grant;kms_ciphertext_key_id;enable_kms_external_key;enable_kms_key;kms_key_deletion_window_in_days;name;kms_grant_retiring_principal;kms_external_key_enabled;kms_external_key_description;kms_external_key_policy;kms_grant_retire_on_delete;kms_grant_name;kms_key_description;kms_external_key_name;kms_key_name;kms_grant_grant_creation_tokens;kms_external_key_key_material_base64;kms_external_key_valid_to;kms_grant_grantee_principal;kms_grant_key_id;kms_grant_constraints;kms_key_is_enabled;kms_grant_operations;kms_key_enable_key_rotation;kms_alias_name_prefix;kms_key_customer_master_key_spec;enable_kms_ciphertext;enable_kms_alias;kms_ciphertext_plaintext,encryption_context_equals;grantee_principal;key_policy;description;key_spec;create_grant;operations;deletion_window_in_days;create_alias;create_external_key;plaintext;enable_encryption;create_key;external_key_policy;context;key_material_base64;enable_key_rotation;encryption_context_subset;alias_name;retiring_principal;name_prefix;key_usage;valid_to,15,7,0,15,7,0.0,0.0,kms_external_key_expiration_model;kms_alias_id;kms_grant_grant_id;kms_key_arn;kms_ciphertext_ciphertext_blob;kms_grant_id;kms_external_key_id;kms_alias_target_key_arn;kms_external_key_arn;kms_alias_arn;kms_external_key_state;kms_grant_token;kms_key_id;kms_ciphertext_id;kms_external_key_usage,key_id;grant_id;external_key_arn;encrypted_data;key_arn;alias_arn;external_key_id
1,iac_benchmark/scenarios/terrads_037b2fe08aa0,True,3.0,False,5,11,5,0,6,100.0,45.45,,aws_acm_certificate_validation;aws_route53_zone;aws_iam_role;aws_iam_role_policy;aws_acm_certificate;aws_route53_record,0,1,0,0,1,0.0,0.0,,aws_iam_policy_document,43,17,8,35,9,18.6,47.06,invite_message_template;logout_urls;sms_authentication_message;case_sensitive;cert_arn;access_token_validity;challenge_required_on_new_device;allowed_oauth_scopes;explicit_auth_flows;user_group;id_token_validity;write_attributes;name;enable_token_revocation;prevent_user_existence_errors;recovery_mechanism;supported_identity_providers;allowed_oauth_flows_user_pool_client;role_arn;create_route53_record;domain;clients;generate_secret;token_validity_units;read_attributes;allowed_oauth_flows;sms_verification_message;email_verification_subject;allow_admin_create_user_only;refresh_token_validity;precedence;zone_id;callback_urls;email_verification_message;device_only_remembered_on_user_prompt,custom_domain_name;email_configuration;user_pool_clients;username_configuration;account_recovery_setting;device_configuration;admin_create_user_config;user_pool_name;user_group_config,2,0,0,2,0,0.0,0.0,arn;clients_id,
2,iac_benchmark/scenarios/terrads_c97056850842,True,4.0,False,15,15,15,0,0,100.0,100.0,,,0,1,0,0,1,0.0,0.0,,aws_availability_zones,10,2,2,8,0,20.0,100.0,tags;tgw_rt-propagation_id;region;tag-env;tgw_id;vpc_cidr;admin_port;tgw_rt-association_id,,6,15,1,5,14,16.67,6.67,nsg_ids;fgt_ni_ips;subnet_az1_ids;subnet_az1_cidrs;fgt_ni_ids,allow_all_sg_id;public_eni_ip;private_eni_id;private_subnet_cidr;public_eni_id;public_subnet_cidr;private_sg_id;bastion_subnet_cidr;public_sg_id;public_subnet_id;private_subnet_id;bastion_subnet_id;private_eni_ip;bastion_sg_id
3,iac_benchmark/scenarios/gh_b7d56bc5,True,4.0,False,18,4,2,16,2,11.11,50.0,aws_iam_access_key;aws_iam_access_key;aws_iam_user;aws_iam_user;aws_iam_user_policy;aws_iam_user_policy;aws_iam_user_policy;aws_iam_user_policy;aws_iam_user_policy;aws_iam_user_policy;aws_iam_user_policy;aws_iam_user_policy;aws_iam_user_policy;aws_iam_user_policy;aws_iam_user_policy;aws_iam_user_policy,aws_iam_policy;aws_iam_user_policy_attachment,0,0,0,0,0,100.0,100.0,,,0,0,0,0,0,100.0,100.0,,,0,0,0,0,0,100.0,100.0,,
4,iac_benchmark/scenarios/gh_75c55509,True,4.0,False,8,10,8,0,2,100.0,80.0,,aws_kms_key;aws_cloudwatch_log_group,0,0,0,0,0,100.0,100.0,,,62,19,2,60,17,3.23,10.53,route53_record_ttl;route53_key_signing_key_name;route53_health_check_cloudwatch_alarm_region;route53_record_alias;enable_route53_zone;route53_query_log_zone_id;route53_record_parent_zone_id;route53_health_check_disabled;route53_record_name;route53_vpc_association_authorization_zone_id;enable_route53_key_signing_key;route53_health_check_reference_name;route53_health_check_search_string;route53_zone_name;route53_health_check_child_healthchecks;route53_record_allow_overwrite;route53_zone_comment;route53_zone_association_vpc_id;route53_record_latency_routing_policy;route53_health_check_resource_path;route53_health_check_child_health_threshold;route53_zone_vpc;route53_health_check_name;route53_health_check_ip_address;route53_health_check_request_interval;route53_record_type;environment;route53_health_check_failure_threshold;enable_route53_query_log;route53_record_geolocation_routing_policy;enable_route53_delegation_set;enable_route53_record;route53_health_check_measure_latency;enable_route53_health_check;route53_key_signing_key_key_management_service_arn;route53_health_check_port;route53_record_records;route53_delegation_set_reference_name;route53_zone_association_vpc_region;enable_route53_zone_association;route53_health_check_type;route53_record_multivalue_answer_routing_policy;route53_health_check_insufficient_data_health_status;route53_health_check_cloudwatch_alarm_name;route53_health_check_invert_healthcheck;route53_record_health_check_id;route53_zone_association_zone_id;route53_health_check_fqdn;route53_key_signing_key_status;route53_zone_delegation_set_id;route53_health_check_regions;route53_query_log_cloudwatch_log_group_arn;route53_record_weighted_routing_policy;route53_record_set_identifier;route53_record_failover_routing_policy;route53_zone_force_destroy;route53_key_signing_key_hosted_zone_id;route53_health_check_enable_sni;route53_vpc_association_authorization_vpc_id;enable_route53_vpc_association_authorization,zone_associations;enable_vpc_association_authorization;records;comment;enable_zone_association;force_destroy;delegation_set_reference_name;private_zone;enable_dnssec;vpc_association_authorization;kms_key_arn;log_group_name;vpc_id;health_checks;enable_query_logging;vpc_region;enable_delegation_set,25,0,0,25,0,0.0,0.0,route53_key_signing_key_signing_algorithm_type;route53_key_signing_key_public_key;route53_record_fqdn;aws_route53_zone_zone_id;route53_key_signing_key_ds_record;route53_zone_association_vpc_id;route53_key_signing_key_digest_value;route53_record_name;route53_key_signing_key_key_tag;route53_zone_association_zone_id;aws_route53_zone_name_servers;route53_key_signing_key_digest_algorithm_mnemonic;route53_zone_association_vpc_region;route53_vpc_association_authorization_id;route53_query_log_id;route53_delegation_set_id;route53_key_signing_key_id;route53_key_signing_key_dnskey_record;route53_key_signing_key_flag;route53_key_signing_key_signing_algorithm_mnemonic;route53_zone_association_id;route53_key_signing_key_digest_algorithm_type;route53_health_check_id;aws_route53_zone_id;route53_delegation_set_name_servers,
5,iac_benchmark/scenarios/terrads_ba0c51a35dac,True,3.0,False,11,11,8,3,3,72.73,72.73,aws_security_group_rule;aws_security_group_rule;aws_route,aws_route_table_association;aws_subnet;aws_subnet,0,1,0,0,1,0.0,0.0,,aws_availability_zones,6,0,0,6,0,0.0,0.0,ntier_region;web_subnet_indexes;other_subnet_indexes;ntier_subnet_tags;ntier_cidr;ntier_subnet_azs,,1,1,0,1,1,0.0,0.0,vpcid,vpc_id
6,iac_benchmark/scenarios/terrads_b399f0e51686,True,5.0,False,13,13,11,2,2,84.62,84.62,aws_kms_key_policy;random_string,aws_s3_bucket_server_side_encryption_configuration;aws_s3_bucket_public_access_block,3,6,1,2,5,33.33,16.67,aws_region;aws_partition,aws_iam_policy_document;aws_iam_policy_document;aws_iam_policy_document;aws_iam_policy_document;aws_iam_policy_document,18,15,4,14,11,22.22,26.67,rw_type;include_management_events;include_global_service_events;insight_selector;cloudtrail_name;log_retention_days;existing_sns_topic_arn;enable_logging;is_multi_region_trail;create_sns_topic;enable_s3_bucket_versioning;decrypt_role_arn;data_resource_type;bucket_force_destroy,trail_name;force_destroy;kms_alias_name;insight_selectors;log_group_name;enable_versioning;retention_days;read_write_type;name_prefix;enable_sns;role_name,8,0,0,8,0,0.0,0.0,s3_bucket_arn;cloudtrail_arn;sns_topic_arn;kms_key_arn;cloudtrail_id;kms_key_id;cloudwatch_log_group_arn;s3_bucket_id,
7,iac_benchmark/scenarios/terrads_01d04d611b22,True,5.0,False,14,14,8,6,6,57.14,57.14,aws_vpc_security_group_egress_rule;aws_vpc_security_group_egress_rule;aws_vpc_security_group_ingress_rule;aws_vpc_security_group_ingress_rule;aws_vpc_security_group_ingress_rule;aws_vpc_security_group_ingress_rule,aws_security_group_rule;aws_security_group_rule;aws_security_group_rule;aws_security_group_rule;aws_security_group_rule;aws_security_group_rule,0,1,0,0,1,0.0,0.0,,aws_availability_zones,11,1,0,11,1,0.0,0.0,enable_dns_hostnames;is_ipv6_enabled;sn_details;aws_profile;enable_dns_support;ipv6_subnets_new_bits;aws_region;vpc_ip4_cidr_block;environment;ipv4_subnets_new_bits;instance_tenancy,tags,9,0,0,9,0,0.0,0.0,web_sg_id;subnets_ids;db_sg_id;vpc_ip4_cidr_block;vpc_ipv6_cidr_block;vpc_id;vpc_default_network_acl_id;app_sg_id;vpc_arn,
8,iac_benchmark/scenarios/terrads_01334dedc4eb,True,5.0,False,19,19,19,0,0,100.0,100.0,,,0,1,0,0,1,0.0,0.0,,aws_availability_zones,10,3,3,7,0,30.0,100.0,tags;tgw_rt-propagation_id;region;tag-env;vpc-sec_cidr;tgw_id;tgw_rt-association_id,,6,8,0,6,8,0.0,0.0,nsg_ids;vpc-sec_id;fgt_ni_ips;subnet_az1_cidrs;subnet_az1_ids;fgt_ni_ids,subnet_cidrs;private_interface_id;private_interface_ip;subnet_ids;vpc_id;public_interface_id;security_group_ids;public_interface_ip
9,iac_benchmark/scenarios/gh_8159ec72,True,5.0,False,14,31,13,1,18,92.86,41.94,aws_ses_active_receipt_rule_set,aws_iam_role;aws_iam_role;aws_s3_bucket_server_side_encryption_configuration;aws_kinesis_firehose_delivery_stream;aws_cloudwatch_log_group;aws_sns_topic;aws_sns_topic;aws_sns_topic;aws_iam_role_policy;aws_s3_bucket_public_access_block;aws_s3_bucket_public_access_block;aws_s3_bucket;aws_s3_bucket;aws_s3_bucket_versioning;aws_lambda_function;null_resource;aws_ses_event_destination;aws_ses_event_destination,0,0,0,0,0,100.0,100.0,,,62,26,2,60,24,3.23,7.69,enable_ses_receipt_filter;ses_receipt_rule_add_header_action;ses_configuration_set_sending_enabled;ses_identity_notification_topic_notification_type;ses_receipt_rule_bounce_action;enable_ses_domain_identity_verification;enable_ses_identity_policy;ses_receipt_rule_set_rule_set_name;ses_receipt_rule_workmail_action;ses_identity_notification_topic_include_original_headers;ses_identity_policy_identity;enable_ses_domain_dkim;ses_active_receipt_rule_set_rule_set_name;ses_identity_notification_topic_identity;ses_configuration_set_delivery_options;enable_ses_receipt_rule_set;enable_ses_identity_notification_topic;enable_ses_template;ses_receipt_rule_tls_policy;ses_receipt_rule_sns_action;ses_domain_mail_from_domain;ses_receipt_rule_enabled;enable_ses_configuration_set;enable_ses_email_identity;enable_ses_domain_mail_from;ses_receipt_rule_stop_action;enable_ses_event_destination;ses_receipt_rule_s3_action;ses_event_destination_sns_destination;ses_event_destination_cloudwatch_destination;ses_receipt_rule_recipients;ses_receipt_rule_after;ses_email_identity_emails;ses_domain_identity_domains;enable_ses_domain_identity;ses_template_subject;ses_domain_mail_from_behavior_on_mx_failure;ses_identity_policy_name;ses_template_html;ses_receipt_filter_stack;ses_identity_notification_topic_topic_arn;ses_receipt_rule_name;enable_ses_receipt_rule;ses_receipt_rule_rule_set_name;ses_event_destination_name;ses_event_destination_configuration_set_name;ses_configuration_set_reputation_metrics_enabled;ses_domain_identity_verification_domain;ses_configuration_set_name;ses_domain_mail_from_mail_from_domain;ses_template_text;ses_template_name;ses_receipt_rule_lambda_action;ses_event_destination_kinesis_destination;ses_domain_dkim_domain;ses_event_destination_enabled;ses_identity_policy_policy;enable_ses_active_receipt_rule_set;ses_event_destination_matching_types;ses_receipt_rule_scan_enabled,enable_lambda_action;enable_domain_identity;enable_receipt_filter;enable_notification_topic;enable_email_identity;enable_workmail_action;enable_event_destination_kinesis;enable_domain_verification;enable_bounce_action;enable_dkim;enable_event_destination_sns;enable_template;enable_receipt_rule;enable_s3_action;enable_mail_from;enable_sns_action;enable_configuration_set;enable_identity_policy;enable_receipt_rule_set;email;domain;enable_stop_action;enable_event_destination_cloudwatch;enable_add_header_action,27,40,0,27,40,0.0,0.0,ses_receipt_filter_id;ses_configuration_set_last_fresh_start;ses_receipt_rule_id;ses_receipt_rule_set_arn;ses_configuration_set_arn;ses_domain_dkim_dkim_tokens;ses_identity_policy_id;ses_active_receipt_rule_set_id;ses_email_identity_id;ses_event_destination_id;ses_domain_identity_id;ses_receipt_rule_arn;ses_domain_mail_from_id;ses_active_receipt_rule_set_arn;ses_email_identity_arn;ses_template_arn;ses_configuration_set_id;ses_event_destination_arn;ses_template_id;ses_domain_identity_verification_id;ses_domain_identity_arn;ses_domain_identity_verification_token;ses_domain_identity_verification_arn;ses_receipt_filter_arn;ses_receipt_rule_set_id;ses_domain_dkim_id;ses_identity_notification_topic_id,mail_from_domain;template_id;domain_dkim_tokens;domain_verification_verification_token;template_arn;mail_from_id;identity_policy_id;identity_policy_name;configuration_set_name;domain_identity_verification_token;event_destination_sns_arn;email_identity_id;event_destination_kinesis_arn;receipt_rule_id;event_destination_kinesis_name;notification_topic_bounce_arn;event_destination_cloudwatch_arn;event_destination_cloudwatch_id;notification_topic_delivery_arn;event_destination_sns_id;event_destination_cloudwatch_name;domain_dkim_id;configuration_set_id;template_name;domain_identity_arn;receipt_rule_set_name;configuration_set_arn;domain_verification_id;receipt_filter_arn;receipt_filter_id;receipt_rule_arn;event_destination_kinesis_id;receipt_filter_name;receipt_rule_name;notification_topic_complaint_arn;receipt_rule_set_arn;email_identity_arn;domain_identity_id;receipt_rule_set_id;event_destination_sns_name
10,iac_benchmark/scenarios/terrads_84f64c0c2376,True,5.0,False,14,21,13,1,8,92.86,61.9,aws_ses_event_destination,aws_s3_bucket_server_side_encryption_configuration;aws_cloudwatch_log_group;aws_sns_topic;aws_sesv2_configuration_set_event_destination;aws_s3_bucket_public_access_block;random_id;aws_s3_bucket;aws_s3_bucket_versioning,0,2,0,0,2,0.0,0.0,,aws_iam_policy_document;aws_caller_identity,62,21,14,48,7,22.58,66.67,ses_receipt_rule_add_header_action;ses_configuration_set_sending_enabled;ses_identity_notification_topic_notification_type;ses_receipt_rule_bounce_action;ses_receipt_rule_set_rule_set_name;ses_receipt_rule_workmail_action;ses_identity_notification_topic_include_original_headers;ses_identity_policy_identity;ses_active_receipt_rule_set_rule_set_name;ses_identity_notification_topic_identity;name;ses_configuration_set_delivery_options;ses_receipt_rule_tls_policy;ses_receipt_rule_sns_action;ses_domain_mail_from_domain;ses_receipt_rule_enabled;ses_receipt_rule_stop_action;enable_ses_event_destination;ses_receipt_rule_s3_action;ses_event_destination_sns_destination;ses_event_destination_cloudwatch_destination;ses_receipt_rule_recipients;ses_receipt_rule_after;ses_email_identity_emails;ses_domain_identity_domains;ses_template_subject;ses_domain_mail_from_behavior_on_mx_failure;ses_identity_policy_name;ses_template_html;ses_receipt_filter_stack;ses_identity_notification_topic_topic_arn;ses_receipt_rule_name;ses_receipt_rule_rule_set_name;ses_event_destination_name;ses_event_destination_configuration_set_name;ses_configuration_set_reputation_metrics_enabled;ses_domain_identity_verification_domain;ses_configuration_set_name;ses_domain_mail_from_mail_from_domain;ses_template_text;ses_template_name;ses_receipt_rule_lambda_action;ses_event_destination_kinesis_destination;ses_domain_dkim_domain;ses_event_destination_enabled;ses_identity_policy_policy;ses_event_destination_matching_types;ses_receipt_rule_scan_enabled,ses_templates;enable_ses_configuration_set_event_destination;ses_domains;ses_emails;ses_receipt_rules;ses_receipt_filters;name_prefix,27,20,1,26,19,3.7,5.0,ses_receipt_filter_id;ses_configuration_set_id;ses_receipt_rule_id;ses_configuration_set_last_fresh_start;ses_receipt_rule_set_arn;ses_event_destination_arn;ses_template_id;ses_domain_identity_verification_id;ses_domain_identity_arn;ses_domain_dkim_dkim_tokens;ses_domain_identity_verification_token;ses_identity_policy_id;ses_active_receipt_rule_set_id;ses_email_identity_id;ses_event_destination_id;ses_domain_identity_verification_arn;ses_receipt_filter_arn;ses_receipt_rule_set_id;ses_domain_identity_id;ses_domain_dkim_id;ses_receipt_rule_arn;ses_domain_mail_from_id;ses_active_receipt_rule_set_arn;ses_email_identity_arn;ses_identity_notification_topic_id;ses_template_arn,ses_sns_topic_arns;ses_receipt_filter_ids;ses_receipt_rule_set_name;s3_bucket_ids_for_receipt_rules;ses_identity_policy_ids;ses_configuration_set_event_destination_id;ses_domain_mail_from_mail_from_domains;ses_receipt_rule_ids;ses_domain_identity_ids;ses_identity_notification_topic_ids;ses_email_identity_ids;ses_configuration_set_name;ses_email_identity_arns;ses_template_ids;ses_domain_identity_arns;ses_domain_dkim_tokens;ses_domain_identity_verification_ids;ses_active_receipt_rule_set_name;ses_template_names
11,iac_benchmark/scenarios/terrads_c5fb6e784997,True,4.0,False,18,26,18,0,8,100.0,69.23,,aws_kms_key;aws_iam_instance_profile;aws_key_pair;aws_nat_gateway;tls_private_key;aws_eip;aws_kms_alias;aws_iam_role_policy,1,1,0,1,1,0.0,0.0,aws_ami,aws_availability_zones,3,3,2,1,1,66.67,66.67,business_divsion,business_division,0,0,0,0,0,100.0,100.0,,
12,iac_benchmark/scenarios/terrads_f5e9cc30bc08,True,4.0,False,8,20,8,0,12,100.0,40.0,,aws_kms_key;aws_s3_bucket;aws_s3_bucket_versioning;aws_s3_bucket_server_side_encryption_configuration;aws_iam_role;aws_sqs_queue;aws_s3_object;aws_dynamodb_table;aws_signer_signing_profile;aws_iam_role_policy_attachment;aws_lambda_function_event_invoke_config;aws_s3_bucket_public_access_block,0,6,0,0,6,0.0,0.0,,aws_s3_object;aws_availability_zones;aws_region;archive_file;aws_partition;aws_caller_identity,79,19,1,78,18,1.27,5.26,lambda_event_source_mapping_bisect_batch_on_function_error;lambda_function_environment;lambda_event_source_mapping_starting_position;lambda_function_name;lambda_alias_function_version;lambda_function_handler;enable_lambda_provisioned_concurrency_config;lambda_alias_name;lambda_layer_version_s3_key;lambda_function_source_code_hash;lambda_layer_version_description;name;enable_lambda_layer_version;lambda_event_source_mapping_batch_size;lambda_code_signing_config_allowed_publishers;enable_code_signing_config;lambda_function_kms_key_arn;lambda_function_role;lambda_function_dead_letter_config;lambda_function_vpc_config;lambda_function_filename;lambda_provisioned_concurrency_config_qualifier;lambda_permission_statement_id_prefix;lambda_function_timeout;enable_lambda_permission;lambda_function_s3_bucket;lambda_event_source_mapping_maximum_record_age_in_seconds;lambda_layer_version_layer_name;lambda_permission_function_name;lambda_function_layers;lambda_function_event_invoke_config_destination_config;lambda_permission_source_account;tags;lambda_event_source_mapping_enabled;lambda_function_description;lambda_function_runtime;lambda_layer_version_s3_object_version;lambda_permission_statement_id;lambda_provisioned_concurrency_config_function_name;lambda_function_event_invoke_config_maximum_retry_attempts;lambda_function_tracing_config;lambda_event_source_mapping_parallelization_factor;lambda_function_event_invoke_config_qualifier;lambda_event_source_mapping_function_name;lambda_function_publish;lambda_permission_source_arn;lambda_alias_function_name;lambda_permission_principal;enable_lambda_alias;lambda_layer_version_source_code_hash;enable_lambda_event_source_mapping;lambda_event_source_mapping_event_source_arn;lambda_function_event_invoke_config_function_name;lambda_permission_action;lambda_permission_qualifier;enable_lambda_function;lambda_function_s3_object_version;lambda_event_source_mapping_starting_position_timestamp;lambda_layer_version_s3_bucket;lambda_permission_event_source_token;lambda_layer_version_filename;lambda_function_event_invoke_config_maximum_event_age_in_seconds;lambda_layer_version_compatible_runtimes;lambda_function_s3_key;lambda_alias_description;lambda_alias_routing_config;lambda_function_reserved_concurrent_executions;lambda_event_source_mapping_maximum_retry_attempts;lambda_provisioned_concurrency_config_provisioned_concurrent_executions;lambda_function_timeouts;lambda_event_source_mapping_destination_config;lambda_code_signing_config_policies;lambda_code_signing_config_description;enable_lambda_function_event_invoke_config;lambda_event_source_mapping_maximum_batching_window_in_seconds;lambda_layer_version_license_info;lambda_provisioned_concurrency_config_timeouts;lambda_function_memory_size,maximum_event_age_in_seconds;app_name;enable_dynamodb_stream;enable_lambda_layer;layer_s3_key;routing_config;enable_provisioned_concurrency;handler;enable_cross_account_permission;layer_local_path;layer_source_type;enable_code_signing;enable_sqs_event;signing_profile_version_arns;principal;maximum_retry_attempts;provisioned_concurrent_executions;source_arn,27,0,0,27,0,0.0,0.0,lambda_layer_version_version;lambda_layer_version_created_date;lambda_code_signing_config_last_modified;lambda_event_source_mapping_uuid;lambda_function_event_invoke_config_id;lambda_function_last_modified;lambda_provisioned_concurrency_config_id;lambda_function_kms_key_arn;lambda_event_source_mapping_last_modifiedn;lambda_code_signing_config_id;lambda_code_signing_config_arn;lambda_function_invoke_arn;lambda_layer_version_source_code_size;lambda_alias_arn;lambda_event_source_mapping_function_arn;lambda_function_source_code_hash;lambda_code_signing_config_config_id;lambda_alias_invoke_arn;lambda_function_source_code_size;lambda_permission_id;lambda_layer_version_layer_arn;lambda_event_source_mapping_state;lambda_function_qualified_arn;lambda_function_arn;lambda_event_source_mapping_state_transition_reason;lambda_layer_version_arn;lambda_event_source_mapping_last_processing_result,
13,iac_benchmark/scenarios/gh_3a4dde50,True,5.0,False,12,4,0,12,4,0.0,0.0,aws_waf_byte_match_set;aws_waf_sql_injection_match_set;aws_waf_size_constraint_set;aws_waf_rule;aws_waf_regex_pattern_set;aws_waf_geo_match_set;aws_waf_regex_match_set;aws_waf_ipset;aws_waf_xss_match_set;aws_waf_rate_based_rule;aws_waf_rule_group;aws_waf_web_acl,aws_wafv2_rule_group;aws_wafv2_web_acl;aws_wafv2_ip_set;aws_wafv2_regex_pattern_set,0,0,0,0,0,100.0,100.0,,,47,13,12,35,1,25.53,92.31,waf_web_acl_rules;waf_regex_pattern_set_regex_pattern_strings;tags;waf_size_constraint_set_name;waf_rule_group_metric_name;waf_ipset_name;waf_rule_name;waf_web_acl_default_action;waf_size_constraint_set_size_constraints;waf_regex_match_set_regex_match_tuple;waf_rule_metric_name;waf_xss_match_set_xss_match_tuples;name;waf_rate_based_rule_predicates;waf_geo_match_set_geo_match_constraint;waf_sql_injection_match_set_name;waf_xss_match_set_name;waf_geo_match_set_name;sql_injection_match_tuples;waf_rule_group_name;waf_rate_based_rule_rate_limit;waf_web_acl_logging_configuration;waf_ipset_ip_set_descriptors;waf_web_acl_name;waf_rate_based_rule_metric_name;waf_byte_match_set_byte_match_tuples;waf_regex_match_set_name;waf_rate_based_rule_rate_key;waf_rule_predicates;waf_rule_group_activated_rule;waf_byte_match_set_name;waf_regex_pattern_set_name;enable_waf_rule;waf_rate_based_rule_name;waf_web_acl_metric_name,name_prefix,22,0,0,22,0,0.0,0.0,waf_ipset_arn;waf_size_constraint_set_arn;waf_xss_match_set_id;waf_rule_arn;waf_rate_based_rule_id;waf_sql_injection_match_set_id;waf_rule_group_id;waf_regex_pattern_set_id;waf_xss_match_set_arn;waf_regex_pattern_set_arn;waf_geo_match_set_arn;waf_byte_match_set_id;waf_web_acl_arn;waf_size_constraint_set_id;waf_geo_match_set_id;waf_regex_match_set_arn;waf_ipset_id;waf_rate_based_rule_arn;waf_web_acl_id;waf_regex_match_set_id;waf_rule_id;waf_rule_group_arn,
14,iac_benchmark/scenarios/terrads_8ecc16737478,True,3.0,False,8,14,2,6,12,25.0,14.29,aws_vpc_security_group_egress_rule;aws_vpc_security_group_egress_rule;aws_vpc_security_group_egress_rule;aws_vpc_security_group_egress_rule;aws_vpc_security_group_ingress_rule;aws_vpc_security_group_ingress_rule,aws_eip;aws_internet_gateway;aws_nat_gateway;aws_route_table_association;aws_route_table_association;aws_security_group_rule;aws_security_group_rule;aws_vpc;aws_route_table;aws_route_table;aws_subnet;aws_subnet,1,1,1,0,0,100.0,100.0,,,0,2,0,0,2,0.0,0.0,,subnet_cidrs;vpc_cidr,5,0,0,5,0,0.0,0.0,cluster2_additional_sg_id;subnet_ids;vpc_cidr;vpc_id;cluster1_additional_sg_id,
15,iac_benchmark/scenarios/terrads_31b9a6dde088,True,4.0,False,10,17,9,1,8,90.0,52.94,aws_iam_role_policy_attachment,aws_efs_file_system;aws_efs_access_point;aws_cloudwatch_log_group;aws_security_group;aws_iam_role_policy;aws_vpc;aws_efs_mount_target;aws_subnet,0,2,0,0,2,0.0,0.0,,aws_availability_zones;archive_file,9,3,0,9,3,0.0,0.0,logs;tags;policy_arns;lambda;vpc;layer;filesystem;name;tracing,lambda_functions;common_tags;prefix,4,0,0,4,0,0.0,0.0,function;logs;alias;layer,
16,iac_benchmark/scenarios/gh_7b224d4a,True,3.0,False,7,12,7,0,5,100.0,58.33,,aws_kms_key;aws_s3_bucket_server_side_encryption_configuration;aws_s3_bucket;aws_s3_bucket_public_access_block;aws_wafv2_web_acl,0,1,0,0,1,0.0,0.0,,aws_caller_identity,0,1,0,0,1,0.0,0.0,,tags,0,0,0,0,0,100.0,100.0,,
17,iac_benchmark/scenarios/terrads_82192fbc1740,True,5.0,False,17,22,14,3,8,82.35,63.64,aws_security_group_rule;aws_security_group_rule;aws_efs_access_point,aws_kms_key;aws_internet_gateway;aws_route_table;aws_cloudwatch_log_group;aws_route_table_association;aws_iam_role_policy_attachment;aws_vpc;aws_subnet,4,3,1,3,2,25.0,33.33,aws_iam_policy_document;aws_iam_policy_document;aws_iam_policy_document,aws_availability_zones;aws_region,32,1,1,31,0,3.12,100.0,efs_security_group_rules;tags;security_groups;sftp_security_group_ids;identity_provider_type;home_directory;eip_ids;sftp_name;additional_access_points;throughput_mode;region;create_efs_security_group;vpc_id;encrypted;endpoint_type;home_directory_type;kms_key_id;efs_name;performance_mode;subnets;enable_user_access_point;sftp_domain;efs_security_group_name;sftp_security_group_rules;is_public;provided_iam_role_arn;security_policy_name;sftp_security_group_name;logging_enabled;create_sftp_security_group;create_iam_role,,14,0,0,14,0,0.0,0.0,sftp_elastic_ips;efs_mount_target_ids;sftp_server_arn;efs_file_system_arn;efs_mount_target_dns_names;sftp_user_usernames;sftp_server_id;efs_security_group_id;sftp_server_endpoint;additional_access_points;efs_file_system_id;sftp_security_group_id;iam_role_arn;user_access_points,
18,iac_benchmark/scenarios/gh_0af37618,True,3.0,False,10,10,10,0,0,100.0,100.0,,,3,2,2,1,0,66.67,100.0,aws_region,,6,6,5,1,1,83.33,83.33,env,environment,8,8,3,5,5,37.5,37.5,private_subnet_cidrs;account_id;region;vpc_cidr;public_subnet_cidrs,private_subnet_cidr_blocks;region_description;aws_account_id;vpc_cidr_block;public_subnet_cidr_blocks
19,iac_benchmark/scenarios/terrads_b26db08be605,True,5.0,False,36,40,23,13,17,63.89,57.5,aws_alb_listener;aws_alb_listener;aws_route_table_association;aws_route_table_association;aws_route_table_association;aws_route_table_association;aws_subnet;aws_subnet;aws_subnet;aws_subnet;aws_iam_policy_attachment;aws_alb_target_group;aws_alb,aws_lb_target_group;aws_cloudfront_distribution;aws_vpc_endpoint;aws_vpc_endpoint;aws_vpc_endpoint;aws_vpc_endpoint;aws_lb;aws_secretsmanager_secret_version;aws_secretsmanager_secret;aws_wafv2_web_acl;aws_lb_listener;aws_acm_certificate_validation;aws_security_group;aws_iam_role_policy_attachment;aws_iam_role_policy_attachment;aws_iam_policy;aws_iam_policy,0,1,0,0,1,0.0,0.0,,aws_availability_zones,1,10,0,1,10,0.0,0.0,AWS_REGION,workspace_path;timezone;cpu;container_port;domain_name;pgid;hashed_password;memory;subdomain;puid,1,0,0,1,0,0.0,0.0,ns-servers,
20,iac_benchmark/scenarios/terrads_e0aca3ee1a17,True,3.0,False,9,8,8,1,0,88.89,100.0,aws_security_group_rule,,1,1,1,0,0,100.0,100.0,,,5,8,4,1,4,80.0,50.0,number_of_availability_zones,az_count;map_public_ip_on_launch;egress_cidr_blocks;environment,2,2,1,1,1,50.0,50.0,public_sg,security_group_id
21,iac_benchmark/scenarios/terrads_25476de431a3,True,4.0,False,8,12,6,2,6,75.0,50.0,aws_iam_policy_attachment;random_string,aws_kms_key;random_id;aws_s3_bucket_versioning;aws_s3_bucket_server_side_encryption_configuration;aws_s3_object;aws_iam_user_policy_attachment,1,1,0,1,1,0.0,0.0,aws_region,aws_iam_policy_document,15,7,1,14,6,6.67,14.29,aws_iam_username;random_suffix;force_destroy;image_filename;path;random_string_length;upload_image;zedcloud_datastore_name;zedcloud_image_name;create_iam_user;create_folder;s3_folder;aws_iam_policy;image_format,folder_name;iam_user_name;create_random_suffix;folder_enabled;image_file_path;iam_policy_name,12,4,0,12,4,0.0,0.0,s3_fqdn_path_url;zcli_image_command_fmt;s3_fqdn_virtual_url;aws_access_secret;zcli_image_command;aws_access_key_id;s3_bucket_path;s3_region_name;zcli_datastore_command;s3_bucket_name;s3_image_name;zcli_datastore_command_fmt,access_key_id;zcli_create_image;secret_access_key;zcli_register_datastore
22,iac_benchmark/scenarios/terrads_2a8715e9108a,True,4.0,False,10,13,7,3,6,70.0,53.85,aws_s3_bucket_policy;aws_s3_bucket_policy;aws_s3_bucket_object,aws_s3_bucket_versioning;aws_s3_bucket_versioning;aws_s3_bucket_server_side_encryption_configuration;aws_s3_bucket_server_side_encryption_configuration;aws_s3_object;aws_s3_bucket_logging,1,3,1,0,2,100.0,33.33,,aws_region;aws_iam_policy_document,5,0,0,5,0,0.0,0.0,tfstate_lock_table_name;tfstate_bucket_name_prefix;aws_region;environment;s3_logs_bucket_name_prefix,,3,0,0,3,0,0.0,0.0,caller_arn;account_id;caller_user,
23,iac_benchmark/scenarios/terrads_765efd6394eb,True,4.0,False,9,8,5,4,3,55.56,62.5,aws_app_cookie_stickiness_policy;aws_lb_ssl_negotiation_policy;aws_lb_cookie_stickiness_policy;aws_proxy_protocol_policy,aws_load_balancer_policy;aws_load_balancer_policy;aws_load_balancer_policy,0,0,0,0,0,100.0,100.0,,,44,31,1,43,30,2.27,3.23,tags;elb_connection_draining_timeout;app_cookie_stickiness_policy_stack;load_balancer_listener_policy_load_balancer_port;enable_load_balancer_policy;elb_subnets;load_balancer_listener_policy_policy_names;elb_attachment_instances;load_balancer_policy_policy_attribute;elb_connection_draining;enable_lb_ssl_negotiation_policy;elb_attachment_elb_id;load_balancer_backend_server_policy_policy_names;enable_app_cookie_stickiness_policy;enable_proxy_protocol_policy;lb_ssl_negotiation_policy_load_balancer;elb_access_logs;lb_ssl_negotiation_policy_name;lb_ssl_negotiation_policy_attribute;load_balancer_policy_policy_type_name;name;load_balancer_backend_server_policy_instance_port;load_balancer_policy_policy_name;load_balancer_policy_load_balancer_name;elb_security_groups;lb_cookie_stickiness_policy_stack;enable_load_balancer_listener_policy;elb_health_check;elb_listener;elb_availability_zones;proxy_protocol_policy_instance_ports;proxy_protocol_policy_load_balancer;lb_ssl_negotiation_policy_lb_port;elb_cross_zone_load_balancing;enable_elb;load_balancer_backend_server_policy_load_balancer_name;load_balancer_listener_policy_load_balancer_name;elb_name;enable_lb_cookie_stickiness_policy;enable_load_balancer_backend_server_policy;elb_idle_timeout;enable_elb_attachment;elb_internal,security_groups;enable_listener_policy;lb_cookie_policy_name;cross_zone_load_balancing;listener_policy_names_map;app_cookie_policy_name;connection_draining;internal;listeners;backend_policy_names_map;enable_app_cookie_stickiness;enable_ssl_negotiation;cookie_name;lb_cookie_expiration_period;enable_backend_server_policy;connection_draining_timeout;subnets;proxy_protocol_version;ssl_negotiation_policy_name;access_logs;create_elb;enable_proxy_protocol;proxy_protocol_policy_name;idle_timeout;enable_instance_attachment;name_prefix;health_check;instance_attachments;ssl_security_policy;enable_lb_cookie_stickiness,35,0,0,35,0,0.0,0.0,elb_attachment_id;elb_zone_id;app_cookie_stickiness_policy_cookie_name;load_balancer_listener_policy_id;elb_dns_name;load_balancer_listener_policy_load_balancer_port;load_balancer_policy_id;lb_cookie_stickiness_policy_id;lb_ssl_negotiation_policy_id;lb_cookie_stickiness_policy_lb_port;app_cookie_stickiness_policy_lb_port;lb_ssl_negotiation_policy_load_balancer;lb_ssl_negotiation_policy_attribute;lb_ssl_negotiation_policy_name;load_balancer_policy_policy_type_name;load_balancer_backend_server_policy_instance_port;app_cookie_stickiness_policy_load_balancer;load_balancer_policy_policy_name;load_balancer_policy_load_balancer_name;elb_arn;load_balancer_backend_server_policy_id;elb_id;proxy_protocol_policy_id;lb_ssl_negotiation_policy_lb_port;app_cookie_stickiness_policy_id;app_cookie_stickiness_policy_name;elb_source_security_group;elb_instances;elb_source_security_group_id;lb_cookie_stickiness_policy_cookie_expiration_period;load_balancer_backend_server_policy_load_balancer_name;load_balancer_listener_policy_load_balancer_name;elb_name;lb_cookie_stickiness_policy_load_balancer;lb_cookie_stickiness_policy_name,
24,iac_benchmark/scenarios/terrads_3e8cb545e8ce,True,3.0,False,5,5,4,1,1,80.0,80.0,aws_ecr_repository_policy,aws_ecrpublic_repository_policy,7,0,0,7,0,0.0,0.0,aws_iam_policy_document;aws_iam_policy_document;aws_iam_policy_document;aws_iam_policy_document;aws_iam_policy_document;aws_iam_policy_document;aws_iam_policy_document,,16,6,0,16,6,0.0,0.0,principals_full_access;repository_name;tags;enable_private_ecr;timeouts;scan_on_push;public_repository_catalog_data;max_image_count;encryption_type;kms_key;principals_readonly_access;repository_force_delete;max_untagged_image_count;enable_public_ecr;image_tag_mutability;enable,read_principals;write_principals;repo_name;untagged_image_count;max_tagged_images;visibility,4,4,2,2,2,50.0,50.0,registry_url;arn,repository_url;repository_arn
25,iac_benchmark/scenarios/gh_6f9b1167,True,3.0,False,18,17,13,5,4,72.22,76.47,aws_apigatewayv2_route_response;aws_apigatewayv2_route_response;aws_apigatewayv2_integration_response;aws_apigatewayv2_integration_response;aws_iam_role_policy,aws_apigatewayv2_deployment;aws_iam_policy;aws_iam_policy;aws_iam_role_policy_attachment,2,4,1,1,3,50.0,25.0,aws_caller_identity,aws_iam_policy_document;aws_iam_policy_document;aws_iam_policy_document,0,0,0,0,0,100.0,100.0,,,1,0,0,1,0,0.0,0.0,ws_endpoint,
26,iac_benchmark/scenarios/terrads_9d168e7478ae,True,4.0,False,16,15,14,2,1,87.5,93.33,aws_iam_role_policy_attachment;aws_iam_policy,aws_iam_role_policy,2,0,0,2,0,0.0,0.0,aws_region;aws_caller_identity,,0,0,0,0,0,100.0,100.0,,,2,2,0,2,2,0.0,0.0,apigw_key;apigw_endpoint,api_invoke_url;api_key_value
27,iac_benchmark/scenarios/terrads_f60d1837f9eb,True,5.0,False,26,22,19,7,3,73.08,86.36,aws_egress_only_internet_gateway;aws_network_acl;aws_network_acl;aws_network_acl_rule;aws_network_acl_rule;aws_network_acl_rule;aws_network_acl_rule,aws_iam_role;aws_cloudwatch_log_group;aws_iam_role_policy,0,2,0,0,2,0.0,0.0,,aws_availability_zones;aws_iam_policy_document,53,5,2,51,3,3.77,40.0,dhcp_options_id;ipv4_ipam_pool_id;default_route_table_routes;dhcp_options_netbios_node_type;private_inbound_acl_rules;aws_network_acls;nat_gateways;igw_tags;default_security_group_ingress;private_acl_tags;dhcp_options_tags;manage_default_route_table;default_route_table_propagating_vgws;enable_ipv6;default_network_acl_ingress;default_security_group_egress;dhcp_options_netbios_name_servers;ipv4_netmask_length;private_subnets;public_subnets;enable_dns_hostnames;use_ipam_pool;default_security_group_tags;dhcp_options_ntp_servers;enable_network_address_usage_metrics;enable_dns_support;ipv6_ipam_pool_id;create_igw;public_subnet_ipv6_prefixes;private_subnet_ipv6_prefixes;create_vpc;ipv6_cidr;enable_dhcp_options_association;public_route_tables;create_egress_only_igw;default_route_table_tags;default_network_acl_tags;instance_tenancy;dhcp_options_domain_name_servers;private_route_tables;default_network_acl_egress;dhcp_options_domain_name;create_dhcp_options;private_outbound_acl_rules;private_dedicated_network_acl;manage_default_security_group;ipv6_cidr_block_network_border_group;aws_flow_logs;manage_default_network_acl;cidr;ipv6_netmask_length,az_count;dhcp_domain_name_servers;dhcp_domain_name,3,3,3,0,0,100.0,100.0,,
28,iac_benchmark/scenarios/terrads_6516229c5944,True,3.0,False,8,11,7,1,4,87.5,63.64,aws_iam_user_group_membership,aws_iam_user;aws_iam_group_membership;aws_iam_role_policy_attachment;aws_iam_user_policy_attachment,4,2,2,2,0,50.0,100.0,aws_iam_policy;aws_iam_policy_document,,12,9,0,12,9,0.0,0.0,create_iam_read_only_and_s3_full_access_policy_attachment;users;ec2_get_console_screenshot;create_iam_ec2_get_console_screenshot_policy_attachment;create_iam_role_with_policy;create_iam_users;iam_read_only_and_s3_full_access;create_iam_read_only_and_s3_full_access_policy;group_info;create_iam_group;create_iam_ec2_get_console_screenshot_policy;create_iam_user_group_membership,create_jack_user;create_jones_user;create_ec2_role;create_screenshot_policy;create_developers_group;create_user_group_membership;create_group_policy_attachment;create_user_policy_attachment;create_readonly_s3_policy,0,0,0,0,0,100.0,100.0,,
29,iac_benchmark/scenarios/terrads_11585d5feec9,True,4.0,False,11,22,7,4,15,63.64,31.82,random_integer;aws_s3_bucket_acl;aws_iam_role_policy;aws_iam_role_policy,aws_kms_key;aws_kms_key;aws_iam_user;aws_s3_bucket;aws_s3_bucket_versioning;aws_s3_bucket_versioning;aws_s3_bucket_server_side_encryption_configuration;aws_s3_bucket_server_side_encryption_configuration;aws_dynamodb_table;aws_iam_policy;aws_iam_policy;aws_iam_role_policy_attachment;aws_iam_role_policy_attachment;aws_s3_bucket_public_access_block;aws_s3_bucket_public_access_block,3,2,1,2,1,33.33,50.0,aws_s3_bucket;aws_dynamodb_table,aws_region,6,8,0,6,8,0.0,0.0,state_bucket;code_commit_user;region;dynamodb_table_name;aws_bucket_prefix;codebuild_terraform_version,codecommit_username;state_table_name;default_branch;terraform_version;repo_name;state_key;state_bucket_name;logs_bucket_name,1,0,0,1,0,0.0,0.0,code_commit_url,
30,iac_benchmark/scenarios/gh_88540324,True,3.0,False,4,4,4,0,0,100.0,100.0,,,0,0,0,0,0,100.0,100.0,,,24,12,2,22,10,8.33,16.67,codeartifact_repository_permissions_policy_domain_owner;codeartifact_domain_permissions_policy_domain_owner;codeartifact_domain_permissions_policy_domain;codeartifact_repository_description;codeartifact_repository_permissions_policy_policy_revision;codeartifact_repository_upstream;codeartifact_repository_permissions_policy_domain;codeartifact_repository_external_connections;codeartifact_repository;codeartifact_repository_domain_owner;enable_codeartifact_domain;codeartifact_repository_permissions_policy_repository;codeartifact_repository_domain;codeartifact_repository_permissions_policy_document;enable_codeartifact_domain_permissions_policy;codeartifact_domain_permissions_policy_revision;name;codeartifact_domain_permissions_policy_document;enable_codeartifact_repository_permissions_policy;codeartifact_domain;codeartifact_domain_encryption_key;enable_codeartifact_repository,enable_domain_policy;enable_repository;upstream_repositories;enable_domain;base_name;external_connections;domain_kms_key_arn;repository_policy_document;enable_repository_policy;domain_policy_document,14,11,0,14,11,0.0,0.0,codeartifact_domain_domain;codeartifact_domain_arn;codeartifact_domain_repository_count;codeartifact_repository_permissions_resource_policy_arn;_resource_arn;codeartifact_domain_id;codeartifact_domain_asset_size_bytes;codeartifact_repository_arn;codeartifact_repository_administrator_account;codeartifact_repository_permissions_policy_id;codeartifact_domain_permissions_policy_id;codeartifact_domain_owner;codeartifact_repository_id;codeartifact_domain_created_time,domain_policy_arn;domain_asset_size_bytes;repository_domain_owner;repository_id;domain_arn;domain_created_time;domain_repository_count;repository_policy_arn;domain_owner;repository_arn;domain_id
31,iac_benchmark/scenarios/terrads_202ad9eccfce,True,5.0,False,26,54,26,0,28,100.0,48.15,,aws_network_acl;aws_network_acl_association;aws_network_acl_association;aws_network_acl_association;aws_network_acl_association;aws_network_acl_association;aws_network_acl_rule;aws_network_acl_rule;aws_network_acl_rule;aws_network_acl_rule;aws_network_acl_rule;aws_network_acl_rule;aws_network_acl_rule;aws_network_acl_rule;aws_network_acl_rule;aws_network_acl_rule;aws_network_acl_rule;aws_network_acl_rule;aws_network_acl_rule;aws_network_acl_rule;aws_network_acl_rule;aws_network_acl_rule;aws_network_acl_rule;aws_network_acl_rule;aws_network_acl_rule;aws_network_acl_rule;aws_network_acl_rule;aws_network_acl_rule,0,1,0,0,1,0.0,0.0,,aws_availability_zones,9,1,0,9,1,0.0,0.0,web_subnet_cidr;internal_domain;sandbox_subnet_cidr;database_subnet_cidr;reserved_subnet_cidr;ssh_ip_addrs;vpc_cidr;dns_resolvers;gameserver_subnet_cidr,ssh_allowed_cidrs,8,8,6,2,2,75.0,75.0,ssh_securitygroup_id;internal_dns_zone_id,internal_zone_id;ssh_security_group_id
32,iac_benchmark/scenarios/terrads_48ad8a91b6a4,True,5.0,False,16,26,15,1,11,93.75,57.69,aws_s3_bucket_request_payment_configuration,aws_kms_key;random_id;aws_s3_bucket;aws_s3_bucket;aws_s3_bucket_versioning;aws_s3_bucket_policy;aws_s3_bucket_server_side_encryption_configuration;aws_iam_role;aws_iam_role_policy_attachment;aws_iam_policy;aws_s3_bucket_public_access_block,7,2,2,5,0,28.57,100.0,aws_canonical_user_id;aws_elb_service_account;aws_iam_policy_document;aws_iam_policy_document;aws_iam_policy_document,,35,30,10,25,20,28.57,33.33,tags;intelligent_tiering;policy;replication_configuration;grant;attach_require_latest_tls_policy;website;server_side_encryption_configuration;attach_public_policy;expected_bucket_owner;lifecycle_rule;attach_deny_insecure_transport_policy;cors_rule;putin_khuylo;attach_lb_log_delivery_policy;owner;object_lock_configuration;object_lock_enabled;acceleration_status;control_object_ownership;logging;attach_elb_log_delivery_policy;versioning;attach_policy;bucket,sse_algorithm;cors_rules;enable_acceleration;enable_deny_insecure_transport;logging_target_bucket_prefix;object_lock_years;replication_destination_bucket_prefix;enable_replication;bucket_name;object_lock_days;enable_object_lock;intelligent_tiering_tiers;error_document;enable_versioning;log_delivery_services;enable_website;object_lock_mode;enable_features;index_document;lifecycle_rules,8,0,0,8,0,0.0,0.0,s3_bucket_bucket_domain_name;s3_bucket_website_domain;s3_bucket_arn;s3_bucket_bucket_regional_domain_name;s3_bucket_region;s3_bucket_hosted_zone_id;s3_bucket_website_endpoint;s3_bucket_id,
33,iac_benchmark/scenarios/gh_8963e028,True,3.0,False,7,7,7,0,0,100.0,100.0,,,0,0,0,0,0,100.0,100.0,,,26,14,5,21,9,19.23,35.71,backup_vault_name;enable_backup_vault_notifications;tags;backup_selection_name;enable_backup_vault_policy;backup_vault_notifications_backup_vault_events;backup_selection_iam_role_arn;backup_vault_notifications_backup_vault_name;backup_selection_selection_tag;backup_region_settings_resource_type_opt_in_preference;backup_selection_plan_id;backup_vault_kms_key_arn;backup_vault_policy;name;backup_vault_notifications_sns_topic_arn;backup_plan_name;backup_global_settings;backup_plan_rule;enable_backup_vault;backup_vault_policy_backup_vault_name;environment,backup_selection_tags;cross_account_backup_enabled;sns_topic_arn;vault_policy_json;iam_role_arn;environment_tag;backup_plan_rules;name_prefix;region_settings_opt_ins,13,0,0,13,0,0.0,0.0,backup_vault_id;backup_region_settings_id;backup_vault_notifications_backup_vault_arn;backup_vault_notifications_id;backup_plan_id;backup_plan_arn;backup_vault_recovery_points;backup_plan_version;backup_vault_policy_id;backup_vault_policy_backup_vault_arn;backup_vault_arn;backup_global_settings_id;backup_selection_id,
34,iac_benchmark/scenarios/terrads_24c03d00dfc1,True,3.0,False,9,3,3,6,0,33.33,100.0,aws_iam_access_key;aws_iam_access_key;aws_iam_user;aws_iam_user;aws_iam_user_policy;aws_iam_user_policy,,5,1,1,4,0,20.0,100.0,aws_availability_zones;aws_iam_policy_document;aws_iam_policy_document;aws_caller_identity,,0,0,0,0,0,100.0,100.0,,,7,0,0,7,0,0.0,0.0,test;test_user_unique_id;dev_user_name;dev_user_unique_id;prod_user_name;prod_user_unique_id;current_user,
35,iac_benchmark/scenarios/terrads_967b5442ed58,True,5.0,False,31,13,13,18,0,41.94,100.0,aws_eip;aws_eip;aws_route_table_association;aws_route_table_association;aws_route_table_association;aws_route_table_association;aws_route_table_association;aws_route_table_association;aws_nat_gateway;aws_nat_gateway;aws_route_table;aws_route_table;aws_subnet;aws_subnet;aws_subnet;aws_subnet;aws_subnet;aws_subnet,,1,1,1,0,0,100.0,100.0,,,16,0,0,16,0,0.0,0.0,public_subnet_az1_cidr;public_subnet_az3_cidr;private_route_table_az1_cidr;private_route_table_az3_cidr;public_subnet_az2_cidr;database_route_table_cidr;private_app_subnet_az2_cidr;private_database_subnet_az2_cidr;private_database_subnet_az1_cidr;env;private_app_subnet_az3_cidr;private_database_subnet_az3_cidr;vpc_cidr;public_route_table_cidr;private_route_table_az2_cidr;private_app_subnet_az1_cidr,,25,0,0,25,0,0.0,0.0,nat-gateway-az3;eip-for-nat-gateway-az3;public_subnet_az3_id;nat-gateway-az2;nat-gateway-az1;private_app_subnet_az1_id;private_database_subnet_az3_id;private_app_subnet_az3_id;internet_gateway;private_app_subnet_az2_id;public_subnet_az2_id;availability_zone_3;availability_zone_2;database_route_table;public_route_table;eip-for-nat-gateway-az2;public_subnet_az1_id;eip-for-nat-gateway-az1;private_route_table_az1;private_route_table_az2;private_database_subnet_az1_id;private_route_table_az3;availability_zone_1;vpc_id;private_database_subnet_az2_id,
36,iac_benchmark/scenarios/terrads_502f773ea348,True,4.0,False,8,6,6,2,0,75.0,100.0,aws_sqs_queue_redrive_policy;aws_sqs_queue_redrive_allow_policy,,4,0,0,4,0,0.0,0.0,aws_region;aws_iam_policy_document;aws_iam_policy_document;aws_caller_identity,,40,9,5,35,4,12.5,55.56,sqs_managed_sse_enabled;use_name_prefix;dlq_deduplication_scope;dlq_kms_data_key_reuse_period_seconds;tags;dlq_kms_master_key_id;dlq_delay_seconds;kms_master_key_id;fifo_throughput_limit;dlq_message_retention_seconds;redrive_policy;create_dlq_redrive_allow_policy;source_queue_policy_documents;dlq_queue_policy_statements;deduplication_scope;kms_data_key_reuse_period_seconds;name;create_dlq_queue_policy;source_dlq_queue_policy_documents;max_message_size;dlq_receive_wait_time_seconds;dlq_visibility_timeout_seconds;dlq_tags;queue_policy_statements;create_dlq;create;fifo_queue;dlq_content_based_deduplication;override_dlq_queue_policy_documents;redrive_allow_policy;create_queue_policy;override_queue_policy_documents;content_based_deduplication;dlq_sqs_managed_sse_enabled;dlq_redrive_allow_policy,dlq_queue_policy;main_queue_policy;max_receive_count;queue_name,10,4,0,10,4,0.0,0.0,queue_url;dead_letter_queue_name;queue_id;queue_arn;queue_arn_static;dead_letter_queue_arn_static;dead_letter_queue_arn;dead_letter_queue_url;queue_name;dead_letter_queue_id,dlq_queue_url;main_queue_url;dlq_queue_arn;main_queue_arn
37,iac_benchmark/scenarios/gh_ee089b0d,True,4.0,False,16,19,11,5,8,68.75,57.89,aws_iam_role_policy_attachment;aws_iam_role_policy_attachment;aws_iam_role_policy_attachment;aws_iam_role;aws_iam_role,aws_iam_instance_profile;aws_iam_instance_profile;aws_iam_instance_profile;aws_iam_role_policy;aws_iam_policy;aws_iam_policy;aws_iam_policy;aws_iam_policy,7,2,1,6,1,14.29,50.0,aws_iam_policy;aws_iam_policy;aws_iam_policy;aws_iam_policy;aws_iam_policy;aws_iam_policy,aws_partition,0,1,0,0,1,0.0,0.0,,prefix,0,0,0,0,0,100.0,100.0,,
38,iac_benchmark/scenarios/terrads_b4c86b74a08f,True,5.0,False,28,27,20,8,7,71.43,74.07,random_string;aws_ecs_cluster_capacity_providers;aws_iam_role_policy_attachment;aws_iam_role_policy_attachment;aws_iam_role_policy_attachment;aws_iam_role_policy_attachment;aws_iam_role_policy_attachment;aws_iam_role_policy_attachment,aws_iam_role;aws_lb;aws_kms_key;random_id;aws_security_group_rule;aws_lb_listener;aws_security_group,9,3,1,8,2,11.11,33.33,aws_kms_secrets;aws_security_groups;aws_subnets;aws_vpcs;aws_lb;aws_lb_listener;aws_iam_policy_document;aws_iam_policy_document,aws_availability_zones;aws_caller_identity,37,20,1,36,19,2.7,5.0,tags;target_value;wait_for_steady_state;image;stickiness;command;lb_enabled;enable_execute_command;listener_port;healthy_threshold;source_ips;sg_tags;unhealthy_threshold;subnet_tags;health_check_grace_period_seconds;name;interval;retention_in_days;cpu;min_capacity;domain;container_insights_enabled;scale_out_cooldown;host;matcher;port;deregistration_delay;timeout;max_capacity;health_check_path;lb_tags;assign_public_ip;scale_in_cooldown;vpc_tags;environment;memory,alb_port;create_autoscaling;container_environment;alb_allowed_cidrs;target_group_stickiness_cookie_duration;autoscaling_scale_in_cooldown;alb_host_header_suffix;service_name;autoscaling_min_capacity;task_cpu;autoscaling_scale_out_cooldown;log_retention_days;create_lb;autoscaling_max_capacity;container_port;autoscaling_target_cpu;container_image;vpc_cidr;task_memory,1,1,0,1,1,0.0,0.0,id,resource_id
39,iac_benchmark/scenarios/terrads_d85ca07b31c2,True,5.0,False,23,28,20,3,8,86.96,71.43,aws_iam_role;aws_iam_role;aws_iam_role_policy_attachment,aws_route_table_association;tls_self_signed_cert;aws_subnet;aws_nat_gateway;aws_route_table;tls_private_key;aws_eip;aws_acm_certificate,6,2,2,4,0,33.33,100.0,aws_caller_identity;aws_iam_policy_document;aws_iam_policy_document;aws_iam_policy_document,,7,3,0,7,3,0.0,0.0,ecs_cluster;min_instances;instance_type;deployment_minimum_healthy_percent;max_instances;desired_task_count;deployment_maximum_percent,service_desired_count;cluster_name;instance_count,1,0,0,1,0,0.0,0.0,address,
40,iac_benchmark/scenarios/terrads_bf99d2d68ca6,True,4.0,False,11,11,8,3,3,72.73,72.73,aws_vpc_security_group_egress_rule;aws_default_security_group;aws_vpc_security_group_ingress_rule,aws_security_group_rule;aws_route;aws_security_group,1,1,0,1,1,0.0,0.0,aws_region,aws_availability_zones,9,8,4,5,4,44.44,50.0,tags;nat_gateway;vpc;region;internet_gateway,vpcs;security_group_rules;nat_gateways;internet_gateways,0,0,0,0,0,100.0,100.0,,
41,iac_benchmark/scenarios/terrads_726ca27fa34a,True,3.0,False,5,19,5,0,14,100.0,26.32,,aws_s3_bucket_versioning;aws_s3_bucket_lifecycle_configuration;aws_s3_bucket_cors_configuration;aws_s3_bucket_accelerate_configuration;aws_s3_bucket_policy;aws_s3_bucket_server_side_encryption_configuration;aws_s3_bucket_acl;aws_s3_bucket_acl;aws_s3_bucket_request_payment_configuration;aws_s3_bucket_website_configuration;aws_s3_bucket_object_lock_configuration;aws_s3_bucket_public_access_block;aws_s3_bucket_replication_configuration;aws_s3_bucket_logging,1,1,0,1,1,0.0,0.0,aws_iam_policy_document,aws_caller_identity,25,17,8,17,9,32.0,47.06,encryption;tags;website_error_document;policy;website_routing_rules;kms_key;region;logging_target_prefix;website_redirect_all;prefix;object_lock_configuration;replication_role;acceleration_status;logging_target_bucket;versioning;mfa_delete;website_index_document,kms_key_arn;website;bucket_prefix;replication_role_arn;versioning_enabled;bucket_policy;acceleration_enabled;object_lock;logging,6,6,2,4,4,33.33,33.33,regional_domain_name;region;id;arn,bucket_regional_domain_name;bucket_id;bucket_region;bucket_arn
42,iac_benchmark/scenarios/terrads_5a206a75e8f1,True,4.0,False,23,8,8,15,0,34.78,100.0,aws_security_group_rule;aws_security_group_rule;aws_security_group_rule;aws_security_group_rule;aws_security_group_rule;aws_security_group_rule;aws_security_group_rule;aws_security_group_rule;aws_security_group_rule;aws_security_group_rule;aws_security_group_rule;aws_security_group_rule;aws_security_group_rule;aws_security_group_rule;aws_security_group_rule,,0,1,0,0,1,0.0,0.0,,aws_availability_zones,0,1,0,0,1,0.0,0.0,,allowed_ssh_cidr,1,0,0,1,0,0.0,0.0,rds_security_group,
43,iac_benchmark/scenarios/terrads_6f97821a57ad,True,5.0,False,12,25,12,0,13,100.0,48.0,,aws_kms_key;aws_iam_role;aws_iam_openid_connect_provider;aws_iam_role_policy_attachment;aws_eks_cluster;aws_vpc;aws_cloudwatch_event_target;aws_cloudwatch_event_target;aws_cloudwatch_event_target;aws_cloudwatch_event_rule;aws_cloudwatch_event_rule;aws_cloudwatch_event_rule;aws_subnet,6,3,2,4,1,33.33,66.67,aws_caller_identity;aws_partition;aws_iam_policy_document;aws_iam_policy_document,aws_availability_zones,39,0,0,39,0,0.0,0.0,tags;irsa_description;irsa_oidc_provider_arn;irsa_policy_name;irsa_namespace_service_accounts;cluster_ip_family;irsa_path;enable_spot_termination;irsa_max_session_duration;create_irsa;iam_role_attach_cni_policy;iam_role_permissions_boundary;rule_name_prefix;policies;irsa_permissions_boundary_arn;irsa_ssm_parameter_arns;iam_role_name;irsa_use_name_prefix;iam_role_arn;iam_role_use_name_prefix;iam_role_description;irsa_tags;create;cluster_name;irsa_tag_key;iam_role_max_session_duration;queue_kms_data_key_reuse_period_seconds;irsa_tag_values;irsa_assume_role_condition_test;queue_name;irsa_subnet_account_id;iam_role_additional_policies;iam_role_tags;create_instance_profile;create_iam_role;queue_kms_master_key_id;irsa_name;queue_managed_sse_enabled;iam_role_path,,14,0,0,14,0,0.0,0.0,instance_profile_unique;queue_url;role_unique_id;role_arn;irsa_arn;instance_profile_arn;queue_arn;instance_profile_id;instance_profile_name;event_rules;role_name;irsa_name;queue_name;irsa_unique_id,
44,iac_benchmark/scenarios/gh_3ec69cfa,True,3.0,False,4,4,4,0,0,100.0,100.0,,,0,0,0,0,0,100.0,100.0,,,25,17,2,23,15,8.0,11.76,enable_efs_mount_target;enable_efs_file_system;tags;efs_file_system_performance_mode;efs_file_system_encrypted;efs_mount_target_security_groups;efs_access_point_name;efs_file_system_policy_policy;efs_mount_target_subnet_ids;efs_file_system_policy_file_system_id;efs_file_system_creation_token;efs_access_point_root_directory;efs_file_system_kms_key_id;efs_file_system_name;enable_efs_access_point;efs_access_point_posix_user;efs_file_system_provisioned_throughput_in_mibps;efs_mount_target_file_system_id;efs_file_system_throughput_mode;efs_access_point_file_system_id;efs_file_system_lifecycle_policy;efs_mount_target_ip_address;enable_efs_file_system_policy,lifecycle_policy;subnet_ids;enable_access_point;throughput_mode;encrypted;kms_key_id;file_system_policy_document;performance_mode;provisioned_throughput_in_mibps;prefix;access_point_config;mount_target_security_groups;enable_file_system_policy;mount_target_ip_addresses;enable_mount_targets,16,0,0,16,0,0.0,0.0,efs_mount_target_id;efs_mount_target_availability_zone_name;efs_mount_target_file_system_arn;efs_mount_target_dns_name;efs_file_system_arn;efs_file_system_dns_name;efs_mount_target_owner_id;efs_access_point_id;efs_file_system_policy_id;efs_access_point_arn;efs_mount_target_availability_zone_id;efs_mount_target_mount_target_dns_name;efs_file_system_id;efs_access_point_file_system_arn;efs_file_system_kms_key_id;efs_mount_target_network_interface_id,
45,iac_benchmark/scenarios/terrads_1def7c8627ad,True,4.0,False,20,19,19,1,0,95.0,100.0,aws_route_table,,0,1,0,0,1,0.0,0.0,,aws_availability_zones,10,0,0,10,0,0.0,0.0,subpub2;subpvt1;az_sub_pub2;cidr_vpc;azpub1;az_sub_pvt2;subpub1;az_sub_pvt1;aws_region;subpvt2,,0,0,0,0,0,100.0,100.0,,
46,iac_benchmark/scenarios/terrads_73cb6ac4fe1b,True,5.0,False,12,15,8,4,7,66.67,53.33,aws_iam_role_policy_attachment;aws_iam_role_policy_attachment;aws_iam_role_policy_attachment;aws_iam_policy,aws_kms_key;aws_backup_vault;aws_sns_topic;aws_kms_alias;aws_iam_role_policy;aws_iam_role_policy;aws_iam_role_policy,4,5,3,1,2,75.0,60.0,aws_partition,aws_iam_policy_document;aws_iam_policy_document,26,17,3,23,14,11.54,17.65,rule_copy_action_lifecycle;rule_enable_continuous_backup;notifications;rule_completion_window;rule_lifecycle_delete_after;selection_not_resources;plan_name;vault_name;iam_role_name;iam_role_arn;rule_lifecycle_cold_storage_after;rule_copy_action_destination_vault_arn;rules;selection_name;windows_vss_backup;enabled;rule_recovery_point_tags;selection_conditions;selections;rule_start_window;rule_schedule;vault_kms_key_arn;rule_name,backup_vault_name;backup_enabled;existing_iam_role_arn;kms_key_arn;backup_schedule;enable_windows_vss;selection_tags_not;enable_vault_notifications;sns_topic_name;start_window;backup_plan_name;completion_window;enable_continuous_backup;additional_rules,6,7,0,6,7,0.0,0.0,vault_arn;plan_id;plan_version;plan_role;plan_arn;vault_id,backup_vault_id;backup_iam_role_name;backup_plan_id;backup_plan_arn;backup_plan_version;backup_iam_role_arn;backup_vault_arn
47,iac_benchmark/scenarios/terrads_3857b74fe599,True,4.0,False,12,13,11,1,2,91.67,84.62,aws_s3_bucket_lifecycle_configuration,aws_kms_key;aws_iam_openid_connect_provider,3,1,0,3,1,0.0,0.0,aws_iam_policy_document;aws_iam_policy_document;aws_caller_identity,tls_certificate,10,7,2,8,5,20.0,28.57,buckets;cluster_oidc_issuer;tags;enable_cloudfront_oia;storage_prefix;force_destroy;enable_bucket_encryption;sa_path,bucket_list;enable_oai;prefix;enable_sse;cluster_oidc_issuer_url,3,0,0,3,0,0.0,0.0,access_key_id;buckets;access_key_secret,
48,iac_benchmark/scenarios/terrads_572e7016b959,True,3.0,False,7,10,5,2,5,71.43,50.0,aws_s3_bucket_cors_configuration;aws_s3_bucket_website_configuration,aws_kms_key;aws_s3_bucket_versioning;aws_wafv2_web_acl;aws_s3_bucket_server_side_encryption_configuration;aws_cloudfront_origin_access_control,0,1,0,0,1,0.0,0.0,,aws_iam_policy_document,2,0,0,2,0,0.0,0.0,region;frontend_bucket_name,,3,0,0,3,0,0.0,0.0,cloudfront_distribution_domain_name;cloudfront_distribution_id;frontend_bucket_name,
49,iac_benchmark/scenarios/terrads_6bc966772840,True,5.0,False,61,61,61,0,0,100.0,100.0,,,2,2,0,2,2,0.0,0.0,aws_iam_policy_document;aws_iam_policy_document,aws_availability_zones;aws_caller_identity,4,2,0,4,2,0.0,0.0,aws_assume_role_arn;aws_local_profile;aws_root_user;aws_local_creds_file,assume_role_arn;tags,0,19,0,0,19,0.0,0.0,,dl9_access_key_id;fp1_access_key_id;fn2_secret_access_key;fp4_secret_access_key;fp3_secret_access_key;fp4_access_key_id;fp3_access_key_id;dl9_secret_access_key;fp2_secret_access_key;fp1_secret_access_key;fp2_access_key_id;ex1_access_key_id;ex1_secret_access_key;fn3_secret_access_key;permissive_trust_role_arn;fn2_access_key_id;do7_secret_access_key;do7_access_key_id;fn3_access_key_id
50,iac_benchmark/scenarios/terrads_586a9474fd96,True,3.0,False,6,6,5,1,1,83.33,83.33,random_string,random_id,1,3,0,1,3,0.0,0.0,aws_caller_identity,aws_iam_policy_document;aws_iam_policy_document;aws_iam_policy_document,7,7,4,3,3,57.14,57.14,lifecycle_policy;tags;trusted_accounts,custom_lifecycle_policy;trusted_account_ids;environment,4,0,0,4,0,0.0,0.0,policy_arns;name;arn;url,
51,iac_benchmark/scenarios/gh_254d7b8f,True,4.0,False,9,8,8,1,0,88.89,100.0,aws_config_configuration_recorder_status,,0,0,0,0,0,100.0,100.0,,,70,38,1,69,37,1.43,2.63,config_configuration_aggregator_name;config_organization_custom_rule_resource_id_scope;config_organization_managed_rule_maximum_execution_frequency;config_remediation_configuration_target_type;config_aggregate_authorization_account_id;config_organization_managed_rule_tag_value_scope;config_organization_custom_rule_description;config_organization_custom_rule_excluded_accounts;config_organization_managed_rule_identifier;name;config_organization_custom_rule_resource_types_scope;config_organization_custom_rule_lambda_function_arn;config_remediation_configuration_target_id;organizations_organization_feature_set;enable_organizations_organization;config_organization_custom_rule_input_parameters;config_remediation_configuration_config_rule_name;config_config_rule_maximum_execution_frequency;config_organization_custom_rule_maximum_execution_frequency;config_remediation_configuration_target_version;config_aggregate_authorization_name;config_organization_managed_rule_input_parameters;enable_config_configuration_recorder;organizations_organization_aws_service_access_principals;enable_config_config_rule;config_remediation_configuration_retry_attempt_seconds;config_delivery_channel_sns_topic_arn;enable_config_aggregate_authorization;config_organization_custom_rule_timeouts;enable_config_remediation_configuration;config_organization_custom_rule_trigger_types;config_delivery_channel_s3_bucket_name;tags;config_organization_managed_rule_resource_id_scope;config_configuration_recorder_recording_group;config_remediation_configuration_resource_type;config_organization_managed_rule_tag_key_scope;enable_config_organization_custom_rule;config_organization_custom_rule_name;config_organization_managed_rule_timeouts;config_delivery_channel_s3_key_prefix;config_remediation_configuration_execution_controls;config_configuration_recorder_status_name;config_configuration_recorder_name;region;config_remediation_configuration_maximum_automatic_attempts;config_organization_managed_rule_excluded_accounts;config_delivery_channel_name;config_configuration_recorder_role_arn;config_configuration_aggregator_organization_aggregation_source;config_delivery_channel_snapshot_delivery_properties;config_organization_custom_rule_tag_value_scope;config_config_rule_name;config_configuration_recorder_status_is_enabled;config_organization_managed_rule_description;config_config_rule_description;config_organization_managed_rule_resource_types_scope;enable_config_configuration_aggregator;enable_config_organization_managed_rule;config_config_rule_scope;enable_config_configuration_recorder_status;config_config_rule_source;config_configuration_aggregator_account_aggregation_source;enable_config_delivery_channel;config_organization_custom_rule_tag_key_scope;config_organization_managed_rule_name;config_config_rule_input_parameters;config_remediation_configuration_automatic;config_remediation_configuration_parameter,enable_org_managed_rule;enable_remediation;account_rule_scope_tag_key;aws_region;account_rule_scope_compliance_resource_types;source_owner;enable_aggregate_authorization;remediation_target_id;remediation_automatic;enable_delivery_channel;managed_rule_input_parameters;source_identifier;base_name;managed_rule_scope_tag_value;enable_aggregator;managed_rule_identifier;organization_aggregator;enable_recorder;remediation_resource_type;aggregate_authorization_region;enable_account_rule;custom_rule_scope_compliance_resource_types;iam_role_arn;trigger_types;aggregate_authorization_account_id;managed_rule_scope_compliance_resource_types;s3_bucket_name;custom_rule_scope_tag_value;enable_org_custom_rule;managed_rule_scope_tag_key;custom_rule_scope_tag_key;account_rule_input_parameters;account_ids;account_rule_scope_tag_value;remediation_target_type;lambda_function_arn;remediation_max_automatic_attempts,9,0,0,9,0,0.0,0.0,config_configuration_recorder_id;config_config_rule_id;config_organization_custom_rule_arn;config_configuration_aggregator_arn;config_organization_managed_rule_arn;config_config_rule_arn;config_remediation_configuration_id;config_delivery_channel_id;config_aggregate_authorization_arn,
52,iac_benchmark/scenarios/terrads_2cf4c191fb3a,True,5.0,False,16,30,14,2,16,87.5,46.67,aws_s3_bucket_acl;aws_s3_bucket_acl,aws_s3_bucket_server_side_encryption_configuration;aws_iam_role;aws_s3_bucket_public_access_block;aws_s3_bucket_public_access_block;aws_s3_bucket_public_access_block;aws_kms_key;aws_kms_key;aws_s3_bucket;aws_s3_bucket;aws_s3_bucket;aws_s3_bucket_versioning;aws_s3_bucket_versioning;aws_kms_alias;aws_kms_alias;aws_iam_role_policy_attachment;aws_iam_policy,1,2,0,1,2,0.0,0.0,aws_canonical_user_id,aws_region;aws_caller_identity,18,20,1,17,19,5.56,5.0,tags;request_payment_configuration;acl;notifications;policy;replication_configuration;cors_configuration;server_side_encryption_configuration;ownership_controls;force_destroy;intelligent_tiering_configuration;logging;public_access_block;versioning;inventory;bucket;grants,notification_sns_topics;inventory_destination_bucket_name;cors_rules;notification_lambda_functions;enable_logging;replication_destination_bucket_name;inventory_configurations;bucket_policy;enable_replication;bucket_name;logging_target_bucket_name;enable_notifications;replication_rules;intelligent_tiering_configurations;replication_iam_role_name;logging_prefix;enable_request_payment;notification_sqs_queues;enable_inventory,3,3,3,0,0,100.0,100.0,,
53,iac_benchmark/scenarios/terrads_8945dba1c1be,True,4.0,False,17,17,13,4,4,76.47,76.47,aws_s3_bucket_acl;aws_s3_bucket_acl;aws_s3_bucket_ownership_controls;aws_s3_bucket_ownership_controls,aws_kms_key;aws_s3_bucket_policy;aws_s3_bucket_public_access_block;aws_s3_bucket_public_access_block,0,0,0,0,0,100.0,100.0,,,11,8,1,10,7,9.09,12.5,sse_algorithm;no_default_encryption;no_versioning;website_enabled;bucket_acl;s3_public;logging_bucket;no_logging;s3_getobject_only;name,disable_versioning;disable_encryption;enable_logging;create_publicly_readable_bucket;bucket_prefix;enable_website;create_fully_public_bucket,1,0,0,1,0,0.0,0.0,bucket_id,
54,iac_benchmark/scenarios/terrads_b925822efe24,True,3.0,False,12,11,10,2,1,83.33,90.91,aws_security_group_rule;aws_security_group_rule,aws_vpc_endpoint,2,3,2,0,1,100.0,66.67,,aws_prefix_list,0,0,0,0,0,100.0,100.0,,,2,1,0,2,1,0.0,0.0,seunghyun_public_ip;aws_vpc_id,public_ip
55,iac_benchmark/scenarios/terrads_bcebc593f734,True,3.0,False,13,25,6,7,19,46.15,24.0,aws_iam_role;aws_iam_policy_attachment;aws_iam_policy_attachment;aws_iam_role_policy;aws_iam_role_policy;aws_iam_role_policy;aws_iam_role_policy,aws_kms_key;aws_s3_bucket;aws_s3_bucket_versioning;aws_lambda_function;aws_s3_bucket_server_side_encryption_configuration;aws_s3_bucket_server_side_encryption_configuration;aws_sfn_state_machine;aws_cloudwatch_log_group;aws_kms_alias;aws_dynamodb_table;aws_glue_job;aws_iam_role_policy_attachment;aws_iam_role_policy_attachment;aws_iam_role_policy_attachment;aws_iam_policy;aws_iam_policy;aws_iam_policy;aws_s3_bucket_public_access_block;aws_s3_bucket_public_access_block,0,3,0,0,3,0.0,0.0,,aws_region;archive_file;aws_caller_identity,2,1,0,2,1,0.0,0.0,aws_account_id;aws_region,tags,0,0,0,0,0,100.0,100.0,,
56,iac_benchmark/scenarios/terrads_b17fbb76ac06,True,5.0,False,14,30,12,2,18,85.71,40.0,aws_s3_bucket_acl;aws_s3_bucket_ownership_controls,aws_s3_bucket;aws_s3_bucket;aws_s3_bucket;aws_s3_bucket_versioning;aws_s3_bucket_versioning;aws_s3_bucket_policy;aws_s3_bucket_policy;aws_s3_bucket_policy;aws_s3_bucket_policy;aws_s3_bucket_server_side_encryption_configuration;aws_s3_bucket_server_side_encryption_configuration;aws_s3_bucket_server_side_encryption_configuration;aws_iam_role;aws_iam_role_policy_attachment;aws_iam_policy;aws_s3_bucket_public_access_block;aws_s3_bucket_public_access_block;aws_s3_bucket_public_access_block,3,2,0,3,2,0.0,0.0,aws_iam_policy_document;aws_iam_policy_document;aws_iam_policy_document,aws_region;aws_caller_identity,23,11,1,22,10,4.35,9.09,lifecycle_rule;cors_rule;object_lock_days;inventory_configuration;eventbridge_enabled;block_public_acls;acl;policy;force_destroy;kms_key_arn;replication_configuration;restrict_public_buckets;logging_source_bucket_arns;ignore_public_acls;block_public_policy;logging;name;name_prefix;versioning;object_ownership_type;object_lock_mode;object_lock_years,bucket_name;cors_rules;object_lock_config;replication_config;event_bridge_notifications_enabled;custom_bucket_policy;inventory_config;logging_target_bucket;encryption_type;lifecycle_rules,3,0,0,3,0,0.0,0.0,name;arn;id,
57,iac_benchmark/scenarios/terrads_0b839c616027,True,3.0,False,6,2,2,4,0,33.33,100.0,aws_iam_role_policy_attachment;aws_iam_role_policy_attachment;aws_iam_role;aws_iam_role,,4,2,1,3,1,25.0,50.0,aws_partition;aws_iam_policy_document;aws_iam_policy_document,aws_iam_policy,27,9,0,27,9,0.0,0.0,allow_self_assume_role;poweruser_role_tags;readonly_role_name;max_session_duration;trusted_role_services;admin_role_tags;readonly_role_permissions_boundary_arn;admin_role_requires_mfa;force_detach_policies;admin_role_policy_arns;create_readonly_role;mfa_age;create_poweruser_role;poweruser_role_requires_mfa;poweruser_role_policy_arns;poweruser_role_permissions_boundary_arn;readonly_role_requires_mfa;admin_role_permissions_boundary_arn;admin_role_name;poweruser_role_name;admin_role_path;readonly_role_tags;readonly_role_policy_arns;poweruser_role_path;create_admin_role;readonly_role_path;trusted_role_arns,allowed_principal_arns;poweruser_enabled;poweruser_mfa_enabled;mfa_age_limit;allowed_service_principals;readonly_enabled;admin_enabled;admin_mfa_enabled;readonly_mfa_enabled,15,1,0,15,1,0.0,0.0,poweruser_iam_role_name;readonly_iam_role_requires_mfa;admin_iam_role_name;admin_iam_role_arn;poweruser_iam_role_path;poweruser_iam_role_unique_id;readonly_iam_role_arn;admin_iam_role_unique_id;admin_iam_role_requires_mfa;readonly_iam_role_unique_id;readonly_iam_role_path;admin_iam_role_path;poweruser_iam_role_requires_mfa;readonly_iam_role_name;poweruser_iam_role_arn,roles
58,iac_benchmark/scenarios/terrads_7ed20d06a531,True,5.0,False,15,59,13,2,46,86.67,22.03,aws_iam_policy_attachment;aws_iam_policy,aws_s3_bucket;aws_s3_bucket;aws_s3_bucket;aws_s3_bucket;aws_s3_bucket;aws_s3_bucket;aws_s3_bucket;aws_s3_bucket;aws_s3_bucket_versioning;aws_s3_bucket_versioning;aws_s3_bucket_versioning;aws_s3_bucket_versioning;aws_s3_bucket_versioning;aws_s3_bucket_versioning;aws_s3_bucket_versioning;aws_s3_bucket_versioning;aws_s3_bucket_versioning;aws_s3_bucket_versioning;aws_s3_bucket_versioning;aws_s3_bucket_versioning;aws_iam_role_policy;aws_s3_bucket_server_side_encryption_configuration;aws_s3_bucket_server_side_encryption_configuration;aws_s3_bucket_server_side_encryption_configuration;aws_s3_bucket_server_side_encryption_configuration;aws_s3_bucket_server_side_encryption_configuration;aws_s3_bucket_server_side_encryption_configuration;aws_s3_bucket_server_side_encryption_configuration;aws_s3_bucket_server_side_encryption_configuration;aws_s3_bucket_server_side_encryption_configuration;aws_s3_bucket_server_side_encryption_configuration;aws_s3_bucket_server_side_encryption_configuration;aws_s3_bucket_server_side_encryption_configuration;aws_s3_bucket_public_access_block;aws_s3_bucket_public_access_block;aws_s3_bucket_public_access_block;aws_s3_bucket_public_access_block;aws_s3_bucket_public_access_block;aws_s3_bucket_public_access_block;aws_s3_bucket_public_access_block;aws_s3_bucket_public_access_block;aws_s3_bucket_public_access_block;aws_s3_bucket_public_access_block;aws_s3_bucket_public_access_block;aws_s3_bucket_public_access_block;aws_s3_bucket_replication_configuration,0,0,0,0,0,100.0,100.0,,,4,2,0,4,2,0.0,0.0,env;s3_bucket_names;bucket_prefix;kms_key_alias,environment;bucket_name_prefix,1,0,0,1,0,0.0,0.0,varname,
59,iac_benchmark/scenarios/terrads_aacf53e04510,True,5.0,False,17,15,14,3,1,82.35,93.33,aws_s3_bucket_ownership_controls;aws_s3_bucket_ownership_controls;aws_kms_alias,aws_s3_bucket_versioning,2,1,1,1,0,50.0,100.0,aws_iam_policy_document,,13,3,1,12,2,7.69,33.33,noncurrent_version_transitions;kms_key_deletion_window;tagging;noncurrent_log_version_expiration;profile;noncurrent_version_expiration;bucket_name_suffix;dynamodb_billing_mode;region;dynamodb_table_name;noncurrent_log_version_transitions;kms_key_rotation_enabled,tags;aws_profile,1,1,0,1,1,0.0,0.0,bucket_name,state_bucket_name
60,iac_benchmark/scenarios/terrads_d16402204370,True,3.0,False,13,9,9,4,0,69.23,100.0,random_pet;aws_apigatewayv2_route_response;aws_apigatewayv2_deployment;aws_apigatewayv2_integration_response,,3,0,0,3,0,0.0,0.0,aws_partition;aws_region;aws_caller_identity,,0,0,0,0,0,100.0,100.0,,,1,0,0,1,0,0.0,0.0,ws_endpoint,
61,iac_benchmark/scenarios/terrads_84e168b0fe71,True,3.0,False,7,7,7,0,0,100.0,100.0,,,0,1,0,0,1,0.0,0.0,,aws_availability_zones,4,0,0,4,0,0.0,0.0,subnet_public_cidrs;subnet_private_cidrs;vpc_cidr;availability_zone,,3,3,3,0,0,100.0,100.0,,
62,iac_benchmark/scenarios/terrads_9adbd7969ed1,True,4.0,False,29,26,15,14,11,51.72,57.69,aws_security_group_rule;aws_security_group_rule;aws_security_group_rule;aws_security_group_rule;aws_security_group_rule;aws_security_group_rule;aws_security_group_rule;aws_security_group_rule;aws_security_group_rule;aws_security_group_rule;aws_security_group_rule;aws_security_group_rule;aws_security_group_rule;aws_security_group_rule,aws_route_table_association;aws_route_table_association;aws_route_table_association;aws_route_table_association;aws_subnet;aws_subnet;aws_subnet;aws_subnet;aws_route_table;aws_route_table;aws_route,0,1,0,0,1,0.0,0.0,,aws_availability_zones,1,0,0,1,0,0.0,0.0,availability_zones,,0,0,0,0,0,100.0,100.0,,
63,iac_benchmark/scenarios/terrads_1db4706734d9,True,3.0,False,5,9,5,0,4,100.0,55.56,,aws_iam_role_policy_attachment;aws_iam_role;aws_iam_policy;aws_cloudwatch_log_group,3,4,1,2,3,33.33,25.0,aws_region;aws_partition,aws_iam_policy_document;aws_iam_policy_document;aws_iam_policy_document,29,8,1,28,7,3.45,12.5,fifo_topic;tags;http_success_feedback_sample_rate;lambda_failure_feedback_role_arn;create_kms_key;application_success_feedback_role_arn;sns_topic_subscriptions;enable_key_rotation;policy;lambda_success_feedback_sample_rate;display_name;key_deletion_window;application_success_feedback_sample_rate;sqs_success_feedback_sample_rate;delivery_policy;sqs_success_feedback_role_arn;lambda_success_feedback_role_arn;firehose_success_feedback_sample_rate;firehose_success_feedback_role_arn;sqs_failure_feedback_role_arn;create_sns_topic_policy;application_failure_feedback_role_arn;kms_master_key_arn;firehose_failure_feedback_role_arn;name_prefix;http_success_feedback_role_arn;http_failure_feedback_role_arn;name,is_fifo;feedback_roles;topic_name;subscriptions;enable_kms;topic_policy_json;delivery_policy_json,9,5,0,9,5,0.0,0.0,subscription_owner_id;subscription_arn;subscription_confirmation_was_authenticated;subscription_id;id;owner;tags_all;arn;subscription_pending_confirmation,subscription_arns;topic_arn;topic_tags;subscription_statuses;topic_owner
64,iac_benchmark/scenarios/terrads_c41e7c31c21b,True,4.0,False,10,17,9,1,8,90.0,52.94,null_resource,aws_kms_key;aws_s3_bucket;aws_s3_bucket_versioning;aws_s3_bucket_server_side_encryption_configuration;aws_iam_role;aws_sns_topic;aws_iam_role_policy;aws_s3_bucket_public_access_block,0,4,0,0,4,0.0,0.0,,aws_availability_zones;aws_iam_policy_document;aws_iam_policy_document;aws_caller_identity,54,28,2,52,26,3.7,7.14,syn_sch_duration_in_seconds;treat_missing_data;alarm_description;metric_name;create_dashboard;query_metrics;syn_start_canary;statistic;actions_enabled;query_expressions;threshold;syn_runtime_version;com_alarm_actions;syn_s3_canary_file_bucket_name;enabled_dynamic;syn_delete_lambda;alarm_list;syn_canary_name;create_syn_canary;syn_rc_timeout_in_seconds;syn_rc_memory_in_mb;insufficient_data_actions;syn_s3_canary_bucket_name;syn_s3_version;evaluation_periods;com_alarm_rule;syn_role_arn;syn_handler;syn_rc_active_tracing;syn_sch_expression;instance_id;com_actions_enabled;threshold_metric_id;syn_rc_environment_variables;com_alarm_description;create_log_group;namespace;create_metric_alarm_expression;create_composite_alarm;ok_actions;dashboard_body;syn_success_retention_period;com_alarm_name;period;alarm_actions;enabled_basic;dimensions;retention_days;dashboard_name;alarm_name;comparison_operator;syn_s3_key_file,basic_alarm_namespace;expression_alarm_deviation;canary_startup_delay_seconds;expression_alarm_metric_name;expression_alarm_statistic;canary_uri;enable_log_group;enable_basic_alarm;log_group_retention_in_days;enable_dynamic_alarms;basic_alarm_metric_name;expression_alarm_namespace;basic_alarm_threshold;enable_expression_alarm;dynamic_alarms;enable_dashboard;basic_alarm_evaluation_periods;enable_composite_alarm;canary_schedule_expression;basic_alarm_comparison_operator;basic_alarm_period;enable_canary;canary_retention_in_days;expression_alarm_period;canary_runtime_version;basic_alarm_statistic,4,0,0,4,0,0.0,0.0,cloudwatch_metric_alarm_id;log_group_name;cloudwatch_metric_alarm_arn;log_group_arn,
65,iac_benchmark/scenarios/terrads_e6f040aa6f83,True,3.0,False,6,12,6,0,6,100.0,50.0,,aws_s3_bucket;aws_iam_role;aws_kinesis_stream;aws_iam_role_policy_attachment;aws_iam_policy;aws_s3_bucket_public_access_block,0,0,0,0,0,100.0,100.0,,,25,15,0,25,15,0.0,0.0,cloudfront_public_key_name_prefix;enable_cloudfront_realtime_log_config;tags;enable_cloudfront_cache_policy;cloudfront_public_key_name;enable_cloudfront_origin_request_policy;cloudfront_origin_request_policy_headers_config;cloudfront_origin_request_policy_cookies_config;cloudfront_origin_request_policy_query_strings_config;enable_cloudfront_distribution;environment;enable_cloudfront_origin_access_identity;name;cloudfront_cache_policy_stack;cloudfront_public_key_comment;cloudfront_origin_access_identity_comment;cloudfront_realtime_log_config_endpoints;cloudfront_distribution_stack;cloudfront_realtime_log_config_sampling_rate;cloudfront_origin_request_policy_name;enable_cloudfront_public_key;cloudfront_origin_request_policy_comment;cloudfront_public_key_encoded_key;cloudfront_realtime_log_config_name;cloudfront_realtime_log_config_fields,distribution_config;realtime_log_config_config;origin_request_policy_config;cache_policy_config;enable_public_key;enable_origin_access_identity;enable_realtime_log_config;enable_cache_policy;enable_origin_request_policy;origin_access_identity_config;environment_suffix;public_key_encoded;name_prefix;enable_distribution;public_key_config,24,18,0,24,18,0.0,0.0,cloudfront_public_key_id;cloudfront_distribution_domain_name;cloudfront_realtime_log_config_id;cloudfront_distribution_id;cloudfront_origin_access_identity_etag;cloudfront_origin_access_identity_s3_canonical_user_id;cloudfront_distribution_arn;cloudfront_distribution_hosted_zone_id;cloudfront_cache_policy_etag;cloudfront_public_key_caller_reference;cloudfront_realtime_log_config_arn;cloudfront_origin_access_identity_id;cloudfront_origin_request_policy_etag;cloudfront_origin_access_identity_iam_arn;cloudfront_origin_access_identity_cloudfront_access_identity_path;cloudfront_distribution_in_progress_validation_batches;cloudfront_distribution_caller_reference;cloudfront_distribution_etag;cloudfront_origin_access_identity_caller_reference;cloudfront_distribution_status;cloudfront_origin_request_policy_id;cloudfront_distribution_last_modified_time;cloudfront_cache_policy_id;cloudfront_public_key_etag,realtime_log_config_arn;kinesis_stream_arn;public_key_id;cache_policy_arn;distribution_hosted_zone_id;distribution_arn;kinesis_stream_name;origin_access_identity_id;origin_request_policy_id;iam_role_name;iam_role_arn;cache_policy_id;distribution_domain_name;realtime_log_config_name;origin_request_policy_arn;origin_access_identity_iam_arn;origin_access_identity_cloudfront_access_identity_path;distribution_id
66,iac_benchmark/scenarios/terrads_c92b260bc738,True,5.0,False,12,16,12,0,4,100.0,75.0,,aws_kms_key;aws_s3_bucket;aws_s3_bucket_server_side_encryption_configuration;aws_s3_bucket_public_access_block,0,1,0,0,1,0.0,0.0,,aws_caller_identity,47,16,1,46,15,2.13,6.25,enable_waf_sql_injection_match_set;waf_web_acl_rules;waf_regex_pattern_set_regex_pattern_strings;tags;waf_size_constraint_set_name;waf_rule_group_metric_name;enable_waf_byte_match_set;enable_waf_xss_match_set;waf_ipset_name;waf_rule_name;waf_web_acl_default_action;waf_size_constraint_set_size_constraints;waf_regex_match_set_regex_match_tuple;waf_rule_metric_name;waf_xss_match_set_xss_match_tuples;name;waf_rate_based_rule_predicates;waf_geo_match_set_geo_match_constraint;enable_waf_regex_match_set;waf_sql_injection_match_set_name;waf_xss_match_set_name;waf_geo_match_set_name;sql_injection_match_tuples;waf_rule_group_name;enable_waf_ipset;waf_rate_based_rule_rate_limit;enable_waf_rate_based_rule;waf_web_acl_logging_configuration;waf_ipset_ip_set_descriptors;waf_web_acl_name;enable_waf_regex_pattern_set;enable_waf_web_acl;waf_rate_based_rule_metric_name;enable_waf_rule_group;waf_byte_match_set_byte_match_tuples;enable_waf_size_constraint_set;waf_regex_match_set_name;waf_rate_based_rule_rate_key;waf_rule_predicates;waf_rule_group_activated_rule;waf_byte_match_set_name;waf_regex_pattern_set_name;enable_waf_rule;waf_rate_based_rule_name;waf_web_acl_metric_name;enable_waf_geo_match_set,create_byte_match_set;create_size_constraint_set;web_acl_default_action;create_rate_based_rule;create_geo_match_set;create_rule;web_acl_rules;create_ipset;create_sql_injection_match_set;name_prefix;create_web_acl;create_rule_group;create_xss_match_set;create_regex_pattern_set;create_regex_match_set,22,28,0,22,28,0.0,0.0,waf_size_constraint_set_arn;waf_xss_match_set_id;waf_rule_arn;waf_xss_match_set_arn;waf_geo_match_set_arn;waf_web_acl_arn;waf_regex_match_set_arn;waf_rule_group_arn;waf_ipset_arn;waf_rate_based_rule_id;waf_sql_injection_match_set_id;waf_rule_group_id;waf_regex_pattern_set_id;waf_regex_pattern_set_arn;waf_byte_match_set_id;waf_size_constraint_set_id;waf_geo_match_set_id;waf_ipset_id;waf_rate_based_rule_arn;waf_web_acl_id;waf_regex_match_set_id;waf_rule_id,rate_based_rule_id;regex_pattern_set_id;kms_key_arn;s3_bucket_id;rule_group_id;rule_arn;byte_match_set_arn;xss_match_set_arn;size_constraint_set_arn;size_constraint_set_id;regex_match_set_arn;rule_group_arn;ipset_id;kms_key_id;xss_match_set_id;byte_match_set_id;s3_bucket_arn;geo_match_set_arn;web_acl_arn;rate_based_rule_arn;web_acl_id;regex_pattern_set_arn;ipset_arn;sql_injection_match_set_arn;rule_id;sql_injection_match_set_id;geo_match_set_id;regex_match_set_id
67,iac_benchmark/scenarios/terrads_b7c7bfa5a44c,True,4.0,False,11,18,11,0,7,100.0,61.11,,aws_wafv2_web_acl;aws_s3_bucket_server_side_encryption_configuration;aws_s3_bucket_ownership_controls;aws_kms_alias;aws_s3_bucket_public_access_block;aws_s3_bucket_public_access_block;aws_cloudfront_origin_access_identity,3,0,0,3,0,0.0,0.0,aws_region;aws_iam_policy_document;aws_caller_identity,,3,1,1,2,0,33.33,100.0,AWS_SECRET_ACCESS_KEY;AWS_ACCESS_KEY_ID,,0,0,0,0,0,100.0,100.0,,
68,iac_benchmark/scenarios/terrads_3460cbdc48ca,True,5.0,False,61,21,21,40,0,34.43,100.0,aws_iam_access_key;aws_iam_access_key;aws_iam_access_key;aws_iam_access_key;aws_iam_access_key;aws_iam_access_key;aws_iam_access_key;aws_iam_access_key;aws_iam_user;aws_iam_user;aws_iam_user;aws_iam_user;aws_iam_user;aws_iam_user;aws_iam_user;aws_iam_user;aws_iam_role_policy_attachment;aws_iam_role_policy_attachment;aws_iam_role_policy_attachment;aws_iam_role_policy_attachment;aws_iam_role_policy_attachment;aws_iam_role;aws_iam_role;aws_iam_role;aws_iam_role;aws_iam_role;aws_iam_role;aws_iam_role;aws_iam_role;aws_iam_role;aws_iam_policy;aws_iam_policy;aws_iam_policy;aws_iam_policy;aws_iam_policy;aws_iam_user_policy_attachment;aws_iam_user_policy_attachment;aws_iam_user_policy_attachment;aws_iam_user_policy_attachment;aws_iam_user_policy_attachment,,2,0,0,2,0,0.0,0.0,aws_iam_policy_document;aws_iam_policy_document,,4,2,0,4,2,0.0,0.0,aws_assume_role_arn;aws_local_profile;aws_root_user;aws_local_creds_file,principal_arn;root_user_arn,0,2,0,0,2,0.0,0.0,,access_key_id;secret_access_key
69,iac_benchmark/scenarios/terrads_7128db805974,True,3.0,False,16,17,16,0,1,100.0,94.12,,aws_kms_alias,0,3,0,0,3,0.0,0.0,,aws_iam_policy;aws_iam_policy;aws_caller_identity,0,1,0,0,1,0.0,0.0,,tags,0,0,0,0,0,100.0,100.0,,
70,iac_benchmark/scenarios/terrads_f47d8c533f10,True,3.0,False,12,10,10,2,0,83.33,100.0,aws_route;aws_route,,2,1,1,1,0,50.0,100.0,aws_region,,1,0,0,1,0,0.0,0.0,default_tags,,0,0,0,0,0,100.0,100.0,,
71,iac_benchmark/scenarios/terrads_e23b184d6cd1,True,3.0,False,4,4,4,0,0,100.0,100.0,,,0,0,0,0,0,100.0,100.0,,,16,6,3,13,3,18.75,50.0,email;tags;feature_set;close_on_deletion;administrator_service_principal;create_govcloud;parent_id;aws_service_access_principals;iam_user_access_to_billing;make_delegated_administrator;enabled_policy_types;name;role_name,delegated_admin_service_principal;member_account_email;member_account_name,39,16,0,39,16,0.0,0.0,ou_accounts;master_account_id;root_id;master_account_arn;administrator_name;org_arn;ou_accounts_name;org_id;roots;administrator_status;tags_all;root_arn;administrator_account_id;arn;root_policy_types_status;ou_accounts_arn;ou_accounts_id;administrator_joined_timestamp;govcloud_id;root_name;ou_tags_all;account_id;root_policy_types_type;administrator_joined_method;administrator_delegation_enabled_date;accounts;master_account_email;ou_id;non_master_accounts;account_name;administrator_arn;administrator_email;root_policy_types;account_arn;account_status;ou_arn;ou_accounts_email;id;account_email,organizational_unit_arn;member_account_status;delegated_admin_service_principal;organization_master_account_arn;delegated_admin_id;organization_arn;member_account_arn;organization_master_account_email;organization_feature_set;member_account_id;delegated_admin_arn;organizational_unit_name;organization_id;delegated_admin_account_id;organizational_unit_id;organization_master_account_id
72,iac_benchmark/scenarios/terrads_5f7ef1fec7f9,True,4.0,False,8,7,7,1,0,87.5,100.0,aws_egress_only_internet_gateway,,0,0,0,0,0,100.0,100.0,,,35,12,5,30,7,14.29,41.67,internet_gateway_enabled;tags;default_security_group_deny_all;additional_tag_map;default_network_acl_deny_all;dns_hostnames_enabled;default_route_table_no_routes;labels_as_tags;regex_replace_chars;id_length_limit;ipv4_additional_cidr_block_associations;ipv4_cidr_block_association_timeouts;dns_support_enabled;attributes;ipv6_additional_cidr_block_associations;label_value_case;context;ipv4_primary_cidr_block_association;ipv6_cidr_block_association_timeouts;enabled;ipv6_primary_cidr_block_association;descriptor_formats;instance_tenancy;ipv6_egress_only_internet_gateway_enabled;tenant;ipv6_cidr_block_network_border_group;label_key_case;label_order;ipv4_primary_cidr_block;delimiter,manage_default_route_table;enable_dns_hostnames;extra_ipv6_cidr_blocks;extra_ipv4_cidr_blocks;vpc_cidr_block;enable_dns_support;manage_default_network_acl,16,7,3,13,4,18.75,42.86,ipv6_egress_only_igw_id;vpc_default_security_group_id;igw_id;additional_cidr_blocks;vpc_main_route_table_id;vpc_ipv6_association_id;additional_cidr_blocks_to_association_ids;additional_ipv6_cidr_blocks_to_association_ids;vpc_default_route_table_id;ipv6_cidr_block_network_border_group;additional_ipv6_cidr_blocks;vpc_default_network_acl_id;vpc_arn,internet_gateway_id;default_network_acl_id;default_security_group_id;default_route_table_id
73,iac_benchmark/scenarios/terrads_e3a38ad9c4b0,True,5.0,False,18,5,2,16,3,11.11,40.0,aws_security_group_rule;aws_security_group_rule;aws_security_group_rule;aws_security_group_rule;aws_security_group_rule;aws_security_group_rule;aws_security_group_rule;aws_security_group_rule;aws_security_group_rule;aws_security_group_rule;aws_security_group_rule;aws_security_group_rule;aws_security_group_rule;aws_security_group_rule;aws_security_group_rule;aws_security_group_rule,aws_vpc_security_group_egress_rule;aws_vpc_security_group_ingress_rule;aws_vpc,1,0,0,1,0,0.0,0.0,aws_security_group,,31,9,2,29,7,6.45,22.22,max_entries;existing_sg_ingress_rules_with_cidr_blocks;existing_sg_ingress_rules_with_source_sg_id;entry;new_sg_ingress_rules_with_source_sg_id;managedby;new_sg_ingress_rules_with_prefix_list;existing_sg_egress_rules_with_self;sg_description;new_sg;existing_sg_egress_rules_with_prefix_list;existing_sg_ingress_rules_with_prefix_list;vpc_id;name;enable;new_sg_ingress_rules_with_cidr_blocks;new_sg_egress_rules_with_prefix_list;prefix_list_enabled;new_sg_egress_rules_with_source_sg_id;new_sg_ingress_rules_with_self;prefix_list_address_family;new_sg_egress_rules_with_cidr_blocks;existing_sg_egress_rules_with_source_sg_id;existing_sg_egress_rules_with_cidr_blocks;repository;existing_sg_ingress_rules_with_self;environment;new_sg_egress_rules_with_self;label_order,tags;ingress_rules;create_sg;enabled;egress_rules;name_prefix;prefix_list_entries,4,0,0,4,0,0.0,0.0,security_group_tags;security_group_arn;prefix_list_id;security_group_id,
74,iac_benchmark/scenarios/terrads_c07b7cea2171,True,4.0,False,10,8,8,2,0,80.0,100.0,aws_s3_bucket_acl;aws_s3_bucket_ownership_controls,,1,2,1,0,1,100.0,50.0,,aws_region,18,3,2,16,1,11.11,66.67,sse_algorithm;restrictPublicBuckets;s3BucketAcl;bucket_name;s3BucketPolicyName;force_destroy;s3BucketOwnership;blockPublicPolicy;ignorePublicACLs;deletion_window_in_days;blockPublicACLs;acceleration_status;env;versioning;index_document_key;error_document_key,environment,5,0,0,5,0,0.0,0.0,arn_s3_bucket;s3Bucket;website_bucket_id;account_id;bucketversioning,
75,iac_benchmark/scenarios/terrads_251b1cc05888,True,4.0,False,16,19,15,1,4,93.75,78.95,aws_security_group_rule,aws_kms_key;aws_iam_instance_profile;local_file;local_file,2,5,2,0,3,100.0,40.0,,aws_caller_identity;aws_iam_policy_document;aws_iam_policy_document,2,1,0,2,1,0.0,0.0,cluster-name;aws_region,cluster_name,2,5,1,1,4,50.0,20.0,config_map_aws_auth,cluster_name;node_group_status;cluster_endpoint;aws_auth_configmap
76,iac_benchmark/scenarios/terrads_48c79ba1984e,True,4.0,False,10,6,6,4,0,60.0,100.0,aws_security_group;aws_security_group;aws_route_table_association;aws_route_table,,0,1,0,0,1,0.0,0.0,,aws_availability_zones,8,1,1,7,0,12.5,100.0,azs;tags;region;prefix;public_subnet_names;cidr;private_subnet_names,,15,0,0,15,0,0.0,0.0,subnet_private_cidrs;subnet_list;subnet_arns;subnet_public_ids;subnet_public_cidrs;subnet_cidrs;subnets;rt_ids;rt_private_ids;sg_ids;subnet_private_ids;subnet_ids;vpc_id;rt_public_ids;vpc_arn,
77,iac_benchmark/scenarios/terrads_8590a5006532,True,3.0,False,5,7,4,1,3,80.0,57.14,aws_s3_bucket_acl,aws_kms_key;aws_s3_bucket_versioning;aws_s3_bucket_server_side_encryption_configuration,1,2,1,0,1,100.0,50.0,,aws_region,1,2,0,1,2,0.0,0.0,zenml-version,create_ecr;zenml_version,4,0,0,4,0,0.0,0.0,s3-bucket-path;ecr-registry-name;container-registry-URI;stack-yaml-path,
78,iac_benchmark/scenarios/terrads_2d7923019d0c,True,5.0,False,16,12,12,4,0,75.0,100.0,aws_s3_bucket_accelerate_configuration;aws_s3_bucket_acl;aws_s3_bucket_request_payment_configuration;aws_s3_bucket_intelligent_tiering_configuration,,7,0,0,7,0,0.0,0.0,aws_canonical_user_id;aws_elb_service_account;aws_iam_policy_document;aws_iam_policy_document;aws_iam_policy_document;aws_iam_policy_document;aws_iam_policy_document,,35,17,9,26,8,25.71,52.94,tags;intelligent_tiering;block_public_acls;acl;policy;grant;restrict_public_buckets;ignore_public_acls;attach_require_latest_tls_policy;block_public_policy;object_ownership;attach_public_policy;expected_bucket_owner;request_payer;lifecycle_rule;attach_deny_insecure_transport_policy;putin_khuylo;attach_lb_log_delivery_policy;force_destroy;owner;object_lock_enabled;acceleration_status;control_object_ownership;attach_elb_log_delivery_policy;attach_policy;bucket,enable_server_side_encryption;additional_bucket_policies;enable_deny_insecure_transport_policy;enable_public_access_block;bucket_name;geopolitical_agreement;enable_object_ownership;lifecycle_rules,8,0,0,8,0,0.0,0.0,s3_bucket_bucket_domain_name;s3_bucket_website_domain;s3_bucket_arn;s3_bucket_bucket_regional_domain_name;s3_bucket_region;s3_bucket_hosted_zone_id;s3_bucket_website_endpoint;s3_bucket_id,
79,iac_benchmark/scenarios/terrads_f06187331dff,True,4.0,False,9,14,6,3,8,66.67,42.86,aws_lb_cookie_stickiness_policy;aws_app_cookie_stickiness_policy;aws_lb_ssl_negotiation_policy,aws_load_balancer_policy;aws_load_balancer_policy;aws_load_balancer_policy;aws_s3_bucket;aws_s3_bucket_versioning;aws_s3_bucket_server_side_encryption_configuration;aws_security_group;aws_s3_bucket_public_access_block,0,1,0,0,1,0.0,0.0,,aws_availability_zones,44,30,2,42,28,4.55,6.67,tags;elb_connection_draining_timeout;app_cookie_stickiness_policy_stack;load_balancer_listener_policy_load_balancer_port;enable_load_balancer_policy;elb_subnets;load_balancer_listener_policy_policy_names;elb_attachment_instances;load_balancer_policy_policy_attribute;elb_connection_draining;enable_lb_ssl_negotiation_policy;elb_attachment_elb_id;load_balancer_backend_server_policy_policy_names;enable_app_cookie_stickiness_policy;enable_proxy_protocol_policy;lb_ssl_negotiation_policy_load_balancer;elb_access_logs;lb_ssl_negotiation_policy_name;lb_ssl_negotiation_policy_attribute;load_balancer_policy_policy_type_name;name;load_balancer_backend_server_policy_instance_port;load_balancer_policy_policy_name;load_balancer_policy_load_balancer_name;elb_security_groups;lb_cookie_stickiness_policy_stack;enable_load_balancer_listener_policy;elb_health_check;elb_listener;elb_availability_zones;proxy_protocol_policy_instance_ports;proxy_protocol_policy_load_balancer;lb_ssl_negotiation_policy_lb_port;elb_cross_zone_load_balancing;enable_elb;load_balancer_backend_server_policy_load_balancer_name;load_balancer_listener_policy_load_balancer_name;elb_name;enable_lb_cookie_stickiness_policy;enable_load_balancer_backend_server_policy;elb_idle_timeout;enable_elb_attachment,app_cookie_name;enable_custom_load_balancer_policy;lb_cookie_stickiness_listener_ports;enable_lb_cookie_stickiness;app_cookie_stickiness_listener_ports;elb_sg_egress_rules;custom_policy_ports;enable_app_cookie_stickiness;custom_policy_type_name;custom_policy_attributes;lb_cookie_expiration_period;enable_ssl_negotiation_policy;availability_zones;subnets;elb_sg_ingress_rules;ssl_negotiation_policy_listener_ports;access_logs_enable;enable_proxy_protocol;access_logs_bucket_prefix;ssl_negotiation_policy_attributes;enable_instance_attachment;access_logs_bucket;elb_listeners;instance_ids;name_prefix;proxy_protocol_instance_ports;health_check;custom_policy_application_type,35,0,0,35,0,0.0,0.0,elb_attachment_id;elb_zone_id;app_cookie_stickiness_policy_cookie_name;load_balancer_listener_policy_id;elb_dns_name;load_balancer_listener_policy_load_balancer_port;load_balancer_policy_id;lb_cookie_stickiness_policy_id;lb_ssl_negotiation_policy_id;lb_cookie_stickiness_policy_lb_port;app_cookie_stickiness_policy_lb_port;lb_ssl_negotiation_policy_load_balancer;lb_ssl_negotiation_policy_attribute;lb_ssl_negotiation_policy_name;load_balancer_policy_policy_type_name;load_balancer_backend_server_policy_instance_port;app_cookie_stickiness_policy_load_balancer;load_balancer_policy_policy_name;load_balancer_policy_load_balancer_name;elb_arn;load_balancer_backend_server_policy_id;elb_id;proxy_protocol_policy_id;lb_ssl_negotiation_policy_lb_port;app_cookie_stickiness_policy_id;app_cookie_stickiness_policy_name;elb_source_security_group;elb_instances;elb_source_security_group_id;lb_cookie_stickiness_policy_cookie_expiration_period;load_balancer_backend_server_policy_load_balancer_name;load_balancer_listener_policy_load_balancer_name;elb_name;lb_cookie_stickiness_policy_load_balancer;lb_cookie_stickiness_policy_name,
80,iac_benchmark/scenarios/terrads_305fc30c5f79,True,4.0,False,9,9,9,0,0,100.0,100.0,,,1,1,1,0,0,100.0,100.0,,,20,20,3,17,17,15.0,15.0,selection_resources;selection_tag_type;vault_notification_sns_topic_arn;rule_completion_window;rule_lifecycle_delete_after;vault_policy;min_retention_days;backup_vault_events;rule_copy_action_destination_vault;name;rule_lifecycle_cold_storage_after;max_retention_days;changeable_for_days;rule_start_window;enable_aws_backup_vault_notifications;rule_schedule;vault_kms_key_arn,kms_key_arn;vault_access_policy_json;vault_name;iam_role_name;start_window_minutes;vault_notification_events;delete_after_days;schedule;backup_plan_name;completion_window_minutes;vault_notification_topic_arn;vault_lock_max_retention_days;resource_arn_list;cold_storage_after_days;vault_lock_min_retention_days;copy_actions;rule_name,0,0,0,0,0,100.0,100.0,,
81,iac_benchmark/scenarios/terrads_862e56e7423d,True,3.0,False,4,22,4,0,18,100.0,18.18,,aws_s3_bucket;aws_s3_bucket;aws_s3_bucket;aws_s3_bucket_versioning;aws_s3_bucket_versioning;aws_s3_bucket_versioning;aws_s3_bucket_public_access_block;aws_s3_bucket_public_access_block;aws_s3_bucket_public_access_block;aws_s3_bucket_server_side_encryption_configuration;aws_s3_bucket_server_side_encryption_configuration;aws_s3_bucket_server_side_encryption_configuration;aws_iam_role;aws_cloudwatch_log_group;aws_security_group;aws_iam_role_policy;aws_vpc;aws_subnet,0,1,0,0,1,0.0,0.0,,aws_availability_zones,31,19,1,30,18,3.23,5.26,codebuild_webhook_filter_group;codebuild_project_name;tags;codebuild_project_service_role;codebuild_project_artifacts;codebuild_project_secondary_sources;codebuild_project_cache;codebuild_source_credential_token;codebuild_report_group_stack;codebuild_source_credential_auth_type;codebuild_project_badge_enabled;enable_codebuild_project;codebuild_source_credential_user_name;enable_codebuild_report_group;codebuild_project_source;codebuild_project_description;name;codebuild_project_secondary_artifacts;codebuild_project_environment;codebuild_webhook_branch_filter;enable_codebuild_source_credential;codebuild_project_encryption_key;enable_codebuild_webhook;codebuild_project_logs_config;codebuild_project_vpc_config;codebuild_webhook_project_name;codebuild_project_source_version;codebuild_source_credential_server_type;codebuild_project_queued_timeout;codebuild_project_build_timeout,webhook_filter_groups;secondary_artifacts;logs_config;create_source_credentials;report_group_config;create_codebuild_project;create_webhook;artifacts;source_credential_server_type;cache;build_source;prefix;create_vpc;create_report_group;secondary_sources;vpc_cidr;build_environment;github_token,12,0,0,12,0,0.0,0.0,codebuild_project_id;codebuild_webhook_url;codebuild_webhook_id;codebuild_project_badge_url;codebuild_report_group_id;codebuild_report_group_created;codebuild_source_credential_arn;codebuild_project_arn;codebuild_report_group_arn;codebuild_webhook_payload_url;codebuild_source_credential_id;codebuild_webhook_secret,
82,iac_benchmark/scenarios/terrads_7b48683a13ff,True,3.0,False,4,4,4,0,0,100.0,100.0,,,1,1,1,0,0,100.0,100.0,,,0,0,0,0,0,100.0,100.0,,,0,0,0,0,0,100.0,100.0,,
83,iac_benchmark/scenarios/terrads_8703dd211a7d,True,4.0,False,17,22,11,6,11,64.71,50.0,aws_default_subnet;aws_default_subnet;aws_default_subnet;aws_default_vpc;aws_security_group;aws_alb,aws_s3_bucket_server_side_encryption_configuration;aws_lb;tls_self_signed_cert;aws_vpc;aws_subnet;aws_s3_bucket_public_access_block;aws_kms_key;aws_s3_bucket_versioning;aws_lb_listener;tls_private_key;aws_acm_certificate,2,3,1,1,2,50.0,33.33,aws_iam_role,aws_availability_zones;aws_iam_policy_document,3,2,1,2,1,33.33,50.0,registo_ecr;proj-nome,project,2,0,0,2,0,0.0,0.0,account_id;account_idaa,
84,iac_benchmark/scenarios/terrads_1ab0fa194791,True,3.0,False,10,12,9,1,3,90.0,75.0,random_string,random_id;aws_s3_bucket_versioning;aws_s3_bucket_server_side_encryption_configuration,3,5,3,0,2,100.0,60.0,,aws_region;aws_partition,5,6,1,4,5,20.0,16.67,log_group_name;is_organizational;encrypt_trail;cloudtrail_key_alias,retention_in_days;bucket_name_prefix;tags;enable_kms_encryption;is_organization_trail,0,0,0,0,0,100.0,100.0,,
85,iac_benchmark/scenarios/terrads_58f499b02851,True,3.0,False,4,10,3,1,7,75.0,30.0,aws_athena_database,aws_kms_key;aws_s3_bucket;aws_glue_catalog_database;random_pet;aws_s3_bucket_policy;aws_s3_bucket_server_side_encryption_configuration;aws_s3_bucket_public_access_block,0,4,0,0,4,0.0,0.0,,aws_region;aws_iam_policy_document;aws_iam_policy_document;aws_caller_identity,6,5,0,6,5,0.0,0.0,tags;named_queries;create;workgroups;databases;data_catalogs,athena_workgroups;athena_databases;enable_athena;athena_named_queries;athena_data_catalogs,5,0,0,5,0,0.0,0.0,named_queries_ids;data_catalogs_ids;workgroups_arns;data_catalogs_arns;databases_ids,
86,iac_benchmark/scenarios/terrads_51c59e2a63d8,True,3.0,False,4,22,3,1,19,75.0,13.64,aws_s3_bucket_ownership_controls,random_id;aws_s3_bucket;aws_s3_bucket;aws_s3_bucket_versioning;aws_s3_bucket_versioning;aws_s3_bucket_lifecycle_configuration;aws_s3_bucket_cors_configuration;aws_s3_bucket_server_side_encryption_configuration;aws_s3_bucket_server_side_encryption_configuration;aws_s3_bucket_server_side_encryption_configuration;aws_iam_role;aws_s3_bucket_website_configuration;aws_s3_bucket_object_lock_configuration;aws_iam_role_policy_attachment;aws_iam_policy;aws_s3_bucket_public_access_block;aws_s3_bucket_public_access_block;aws_s3_bucket_replication_configuration;aws_s3_bucket_logging,5,3,3,2,0,60.0,100.0,aws_iam_policy_document;aws_iam_policy_document,,29,26,5,24,21,17.24,19.23,acl;policy;replication_configuration;grant;website;server_side_encryption_configuration;bucket_prefix;object_ownership;attach_public_policy;request_payer;lifecycle_rule;attach_deny_insecure_transport_policy;cors_rule;create_bucket;attach_lb_log_delivery_policy;force_destroy;object_lock_configuration;acceleration_status;control_object_ownership;logging;attach_elb_log_delivery_policy;versioning;attach_policy;bucket,cors_rules;log_prefix;website_error_document;kms_master_key_id;enable_logging;replication_destination_bucket_name;log_bucket_name;deny_insecure_transport;website_routing_rules;allow_elb_log_delivery;encryption_type;enable_replication;bucket_name;object_lock_days;enable_object_lock;replication_rules;enable_versioning;enable_website;object_lock_mode;website_index_document;lifecycle_rules,8,3,0,8,3,0.0,0.0,s3_bucket_bucket_domain_name;s3_bucket_website_domain;s3_bucket_arn;s3_bucket_bucket_regional_domain_name;s3_bucket_region;s3_bucket_hosted_zone_id;s3_bucket_website_endpoint;s3_bucket_id,bucket_id;website_endpoint;bucket_arn
87,iac_benchmark/scenarios/terrads_b86b0244fd6d,True,5.0,False,14,29,12,2,17,85.71,41.38,aws_iam_role_policy;aws_transfer_server,aws_efs_file_system;aws_s3_bucket_server_side_encryption_configuration;aws_api_gateway_rest_api;aws_efs_access_point;aws_route_table_association;aws_vpc;aws_s3_bucket_public_access_block;aws_subnet;aws_kms_key;aws_s3_bucket;aws_internet_gateway;aws_s3_bucket_versioning;aws_route_table;aws_iam_role_policy_attachment;aws_iam_role_policy_attachment;aws_iam_policy;aws_iam_policy,1,3,1,0,2,100.0,33.33,,aws_partition;aws_availability_zones,27,24,13,14,11,48.15,54.17,cloudwatch_log_group_arns;tags;api_gw_url;logging_role;function_arn;host_key;endpoint_details;sftp_users_ssh_key;name;sftp_sub_domain;invocation_role;hosted_zone;directory_id;sftp_type,server_name;security_group_ids;api_gateway_auth_enabled;custom_subdomain;hosted_zone_name;endpoint_type;logging_role_arn;efs_filesystem_id;subnet_cidrs;vpc_cidr;cloudwatch_log_group_arn,6,6,1,5,5,16.67,16.67,sftp_eip;domain_name;id;arn;sftp_sg_id,custom_domain_name;elastic_ips;server_id;server_arn;security_group_id
88,iac_benchmark/scenarios/terrads_9eab77581581,True,5.0,False,17,18,13,4,5,76.47,72.22,aws_route_table_association;aws_route_table_association;aws_subnet;aws_subnet,aws_security_group_rule;aws_security_group_rule;aws_security_group_rule;aws_security_group_rule;aws_security_group_rule,0,1,0,0,1,0.0,0.0,,aws_availability_zones,25,0,0,25,0,0.0,0.0,public_subnet2_name;public_rt_cidr;public_subnet2_cidr;nat_gateway_name;private_rt_name;private_subnet2_name;private_subnet2_cidr;alb_sg_name;asg_sg_name;db_sg_tag_name;public_subnet1_name;public_subnet1_cidr;availability_zone_2;asg_sg_tag_name;public_rt_name;igw_name;alb_sg_tag_name;vpc_name;vpc_instance_tenancy;availability_zone_1;private_subnet1_cidr;vpc_cidr;db_sg_name;private_rt_cidr;private_subnet1_name,,11,9,2,9,7,18.18,22.22,private_routetable_id;db_sg_id;public_routetable_id;public_subnet2_id;public_subnet1_id;private_subnet1_id;asg_sg_id;private_subnet2_id;alb_sg_id,public_subnet_ids;rds_security_group_id;private_subnet_ids;asg_security_group_id;private_route_table_id;public_route_table_id;alb_security_group_id
89,iac_benchmark/scenarios/terrads_46556c7a134d,True,4.0,False,11,34,10,1,24,90.91,29.41,aws_sqs_queue_policy,aws_kms_key;aws_kms_key;aws_internet_gateway;aws_nat_gateway;aws_iam_role;aws_route_table;aws_route_table;aws_security_group;aws_eip;aws_route_table_association;aws_route_table_association;aws_iam_openid_connect_provider;aws_iam_role_policy_attachment;aws_iam_role_policy_attachment;aws_eks_cluster;aws_vpc;aws_cloudwatch_event_target;aws_cloudwatch_event_target;aws_cloudwatch_event_target;aws_cloudwatch_event_rule;aws_cloudwatch_event_rule;aws_cloudwatch_event_rule;aws_subnet;aws_subnet,6,4,2,4,2,33.33,50.0,aws_iam_policy_document;aws_iam_policy_document;aws_iam_policy_document;aws_iam_policy_document,aws_availability_zones;aws_region,37,0,0,37,0,0.0,0.0,tags;irsa_description;irsa_oidc_provider_arn;irsa_policy_name;irsa_namespace_service_accounts;cluster_ip_family;irsa_path;enable_spot_termination;irsa_max_session_duration;create_irsa;iam_role_attach_cni_policy;iam_role_permissions_boundary;rule_name_prefix;irsa_permissions_boundary_arn;irsa_ssm_parameter_arns;iam_role_name;irsa_use_name_prefix;iam_role_arn;iam_role_use_name_prefix;iam_role_description;irsa_tags;create;cluster_name;irsa_tag_key;iam_role_max_session_duration;queue_kms_data_key_reuse_period_seconds;irsa_assume_role_condition_test;queue_name;irsa_subnet_account_id;iam_role_additional_policies;iam_role_tags;create_instance_profile;create_iam_role;queue_kms_master_key_id;irsa_name;queue_managed_sse_enabled;iam_role_path,,14,0,0,14,0,0.0,0.0,instance_profile_unique;queue_url;role_unique_id;role_arn;irsa_arn;instance_profile_arn;queue_arn;instance_profile_id;instance_profile_name;event_rules;role_name;irsa_name;queue_name;irsa_unique_id,
90,iac_benchmark/scenarios/gh_570735ea,True,4.0,False,9,12,9,0,3,100.0,75.0,,aws_ecs_task_definition;aws_ecs_task_definition;aws_ecs_task_definition,0,0,0,0,0,100.0,100.0,,,0,0,0,0,0,100.0,100.0,,,0,0,0,0,0,100.0,100.0,,
91,iac_benchmark/scenarios/terrads_1d6f0e58e59c,True,3.0,False,5,6,5,0,1,100.0,83.33,,aws_route_table_association,0,1,0,0,1,0.0,0.0,,aws_availability_zones,14,0,0,14,0,0.0,0.0,key_name;project;tags;aws_internet_gateway;public_subnet_cidr_blocks;name;region;bastion_ami;cidr_block;bastion_ebs_optimized;private_subnet_cidr_blocks;availability_zones;environment;bastion_instance_type,,3,3,1,2,2,33.33,33.33,cidr_block;id,vpc_id;vpc_cidr_block
92,iac_benchmark/scenarios/gh_e1731993,True,4.0,False,15,10,8,7,2,53.33,80.0,aws_kms_key_policy;aws_backup_selection;aws_backup_selection;aws_backup_selection;aws_backup_plan;aws_backup_plan;aws_backup_plan,aws_kms_alias;aws_kms_alias,2,0,0,2,0,0.0,0.0,aws_region;aws_caller_identity,,4,3,0,4,3,0.0,0.0,excluded_dbs;cross_region_destination;retention_period;daily_backups_enabled,destination_region;cross_account_vault_arn;excluded_db_arns,0,0,0,0,0,100.0,100.0,,
93,iac_benchmark/scenarios/terrads_f86afb58a0d5,True,5.0,False,12,19,12,0,7,100.0,63.16,,aws_cloudwatch_event_rule;aws_cloudwatch_event_rule;aws_cloudwatch_event_rule;aws_sqs_queue;aws_cloudwatch_event_target;aws_cloudwatch_event_target;aws_cloudwatch_event_target,6,2,2,4,0,33.33,100.0,aws_iam_policy_document;aws_iam_policy_document;aws_iam_policy_document;aws_iam_policy_document,,40,8,2,38,6,5.0,25.0,irsa_description;irsa_oidc_provider_arn;irsa_policy_name;irsa_namespace_service_accounts;cluster_ip_family;irsa_path;enable_karpenter_instance_profile_creation;enable_spot_termination;irsa_max_session_duration;create_irsa;iam_role_attach_cni_policy;iam_role_permissions_boundary;rule_name_prefix;policies;irsa_permissions_boundary_arn;irsa_ssm_parameter_arns;iam_role_name;irsa_use_name_prefix;iam_role_arn;iam_role_use_name_prefix;iam_role_description;irsa_tags;create;irsa_tag_key;iam_role_max_session_duration;queue_kms_data_key_reuse_period_seconds;irsa_tag_values;irsa_assume_role_condition_test;queue_name;irsa_subnet_account_id;iam_role_additional_policies;iam_role_tags;create_instance_profile;create_iam_role;queue_kms_master_key_id;irsa_name;queue_managed_sse_enabled;iam_role_path,enable_karpenter_service_role;namespace_service_accounts;enable_node_role;enable_sqs_queue;oidc_provider_arn;enable_event_rules,14,0,0,14,0,0.0,0.0,instance_profile_unique;queue_url;role_unique_id;role_arn;irsa_arn;instance_profile_arn;queue_arn;instance_profile_id;instance_profile_name;event_rules;role_name;irsa_name;queue_name;irsa_unique_id,
94,iac_benchmark/scenarios/terrads_4737a6037a87,True,4.0,False,16,12,12,4,0,75.0,100.0,aws_route_table_association;aws_route_table_association;aws_subnet;aws_subnet,,0,1,0,0,1,0.0,0.0,,aws_availability_zones,10,6,0,10,6,0.0,0.0,private_subnet_1a_cidr_block;private_subnet_1b_cidr_block;private_ip_for_nat_gateway;craete_private_subnet;existing_vpc_id;public_subnet_1b_cidr_block;vpc_cidr_block;public_subnet_1a_cidr_block;aws_region;environment,environment_name;private_subnet_cidrs;vpc_cidr;vpc_id;public_subnet_cidrs;create_private_subnets,8,5,1,7,4,12.5,20.0,public_subnet_1a_id;private_subnet_1b_id;private_subnet_1a_id;vpc_cidr_block;public_subnet_1b_id;private_subnets;public_subnets,public_subnet_ids;private_subnet_list;private_subnet_ids;public_subnet_list
95,iac_benchmark/scenarios/terrads_dcfd05f3ba14,True,5.0,False,61,67,61,0,6,100.0,91.04,,aws_iam_access_key;aws_iam_access_key;aws_iam_user;aws_iam_user;aws_iam_role;aws_iam_role,2,14,2,0,12,100.0,14.29,,aws_iam_policy_document;aws_iam_policy_document;aws_iam_policy_document;aws_iam_policy_document;aws_iam_policy_document;aws_iam_policy_document;aws_iam_policy_document;aws_iam_policy_document;aws_iam_policy_document;aws_iam_policy_document;aws_iam_policy_document;aws_caller_identity,4,4,0,4,4,0.0,0.0,aws_local_profile;aws_root_user;aws_assume_role_arn;aws_local_creds_file,aws_shared_credentials_file;root_user_arn;aws_profile;assume_role_principal_arn,0,0,0,0,0,100.0,100.0,,
96,iac_benchmark/scenarios/terrads_1fe0c7e96181,True,4.0,False,17,15,14,3,1,82.35,93.33,aws_vpc_endpoint_route_table_association;aws_route_table_association;aws_route_table_association,aws_security_group,3,1,1,2,0,33.33,100.0,aws_subnets;aws_subnets,,19,7,1,18,6,5.26,14.29,enable_dns_hostnames;vpc_endpoints;availability_zone;max_subnetcount;web_cidr_blocks;app_cidr_blocks;enable_dns_support;subnet_ids;vpc_endpoint_type;web_subnet_count;security_group_ids;db_cidr_blocks;reserved_cidr_blocks;service_name;vpc_name;db_subnet_count;reserved_subnet_count;app_subnet_count,db_subnet_cidrs;reserved_subnet_cidrs;app_subnet_cidrs;web_subnet_cidrs;interface_endpoint_services;gateway_endpoint_service,6,0,0,6,0,0.0,0.0,app-subnet-availability_zone_names;vpc_id;db_subnet_ids;gateway_endpoint_rt_association_id;web_subnet_ids;app-subnet,
97,iac_benchmark/scenarios/terrads_c5f20f79e141,True,4.0,False,17,38,16,1,22,94.12,42.11,aws_ecs_cluster_capacity_providers,aws_vpc_endpoint;aws_vpc_endpoint;aws_vpc_endpoint;aws_vpc_endpoint;aws_route_table_association;aws_route_table_association;tls_self_signed_cert;aws_vpc;aws_subnet;aws_subnet;aws_internet_gateway;aws_route_table;aws_route_table;aws_route;tls_private_key;aws_security_group;aws_iam_role_policy_attachment;aws_iam_role_policy_attachment;aws_iam_role_policy_attachment;aws_iam_policy;aws_iam_policy;aws_acm_certificate,3,3,1,2,2,33.33,33.33,aws_region;aws_caller_identity,aws_iam_policy_document;aws_iam_policy_document,6,4,3,3,1,50.0,75.0,fargate_type;desired_count;url,webhook_url,1,1,0,1,1,0.0,0.0,lb_dns_name,alb_dns_name
98,iac_benchmark/scenarios/terrads_79d499359f89,True,3.0,False,4,13,4,0,9,100.0,30.77,,aws_kms_key;aws_internet_gateway;aws_efs_backup_policy;aws_route_table;aws_security_group;aws_kms_alias;aws_route_table_association;aws_vpc;aws_subnet,0,3,0,0,3,0.0,0.0,,aws_availability_zones;aws_region;aws_caller_identity,25,16,2,23,14,8.0,12.5,enable_efs_mount_target;enable_efs_file_system;tags;efs_file_system_performance_mode;efs_file_system_encrypted;efs_mount_target_security_groups;efs_access_point_name;efs_file_system_policy_policy;efs_mount_target_subnet_ids;efs_file_system_policy_file_system_id;efs_file_system_creation_token;efs_access_point_root_directory;efs_file_system_kms_key_id;efs_file_system_name;enable_efs_access_point;efs_access_point_posix_user;efs_file_system_provisioned_throughput_in_mibps;efs_mount_target_file_system_id;efs_file_system_throughput_mode;efs_access_point_file_system_id;efs_file_system_lifecycle_policy;efs_mount_target_ip_address;enable_efs_file_system_policy,posix_user;subnet_ids;lifecycle_policies;security_group_ids;create_efs_policy;throughput_mode;performance_mode;provisioned_throughput_in_mibps;enable_backup;create_access_point;efs_policy_json;create_mount_targets;create_efs;root_directory,16,10,3,13,7,18.75,30.0,efs_mount_target_id;efs_mount_target_availability_zone_name;efs_mount_target_file_system_arn;efs_mount_target_dns_name;efs_mount_target_owner_id;efs_access_point_id;efs_file_system_policy_id;efs_access_point_arn;efs_mount_target_availability_zone_id;efs_mount_target_mount_target_dns_name;efs_access_point_file_system_arn;efs_file_system_kms_key_id;efs_mount_target_network_interface_id,file_system_policy_id;mount_target_ids;access_point_dns_name;access_point_id;mount_target_arns;access_point_arn;mount_target_dns_names
99,iac_benchmark/scenarios/terrads_e0431c1caace,True,4.0,False,10,30,10,0,20,100.0,33.33,,aws_kms_key;aws_cloudwatch_log_metric_filter;aws_cloudwatch_log_metric_filter;aws_cloudwatch_log_metric_filter;aws_cloudwatch_log_metric_filter;aws_cloudwatch_log_metric_filter;aws_cloudwatch_log_metric_filter;aws_cloudwatch_log_metric_filter;aws_s3_bucket_versioning;aws_s3_bucket_server_side_encryption_configuration;aws_kms_alias;aws_iam_role_policy;aws_cloudwatch_metric_alarm;aws_cloudwatch_metric_alarm;aws_cloudwatch_metric_alarm;aws_cloudwatch_metric_alarm;aws_cloudwatch_metric_alarm;aws_cloudwatch_metric_alarm;aws_cloudwatch_metric_alarm;aws_s3_bucket_public_access_block,1,2,1,0,1,100.0,50.0,,aws_region,9,1,0,9,1,0.0,0.0,awsRegion;trail_name;log_group_name;cloudtrail_role_name;metric_namespace;trail_bucket_name;email_list;sns_topic_name;cloudtrail_role_policy_name,alarm_email_endpoints,0,0,0,0,0,100.0,100.0,,
100,iac_benchmark/scenarios/terrads_5b4e0301422a,True,3.0,False,5,5,3,2,2,60.0,60.0,aws_iam_role_policy;aws_iam_role_policy,aws_iam_role_policy_attachment;aws_iam_policy,1,3,1,0,2,100.0,33.33,,aws_iam_policy_document;aws_iam_policy_document,3,1,0,3,1,0.0,0.0,region;role_name;read_write,enable_remediation,4,4,4,0,0,100.0,100.0,,
101,iac_benchmark/scenarios/terrads_cef8614423be,True,3.0,False,4,9,3,1,6,75.0,33.33,aws_lambda_permission,aws_kms_key;random_id;aws_s3_bucket;aws_s3_bucket_versioning;aws_s3_bucket_server_side_encryption_configuration;aws_s3_bucket_public_access_block,3,0,0,3,0,0.0,0.0,aws_arn;aws_iam_policy_document;aws_iam_policy_document,,8,4,2,6,2,25.0,50.0,lambda_notifications;sqs_notifications;create;sns_notifications;bucket_arn;bucket,buckets;tags,1,0,0,1,0,0.0,0.0,s3_bucket_notification_id,
102,iac_benchmark/scenarios/terrads_77969f786de6,True,5.0,False,36,35,27,9,8,75.0,77.14,aws_route_table_association;aws_route_table_association;aws_route_table_association;aws_route_table_association;aws_subnet;aws_subnet;aws_subnet;aws_subnet;aws_default_vpc,aws_s3_bucket_server_side_encryption_configuration;aws_s3_bucket_acl;tls_self_signed_cert;aws_s3_bucket_public_access_block;aws_s3_bucket_versioning;aws_lb_listener;tls_private_key;aws_acm_certificate,4,3,2,2,1,50.0,66.67,aws_caller_identity;aws_iam_policy_document,aws_availability_zones,0,0,0,0,0,100.0,100.0,,,4,4,2,2,2,50.0,50.0,db_private_ip;web_private_ip,database_private_ip;web_server_private_ips
103,iac_benchmark/scenarios/terrads_5c95653f2b2b,True,4.0,False,8,12,8,0,4,100.0,66.67,,aws_iam_access_key;aws_iam_user;aws_kms_alias;aws_iam_user_policy,6,6,5,1,1,83.33,83.33,aws_iam_policy_document,aws_partition,6,6,4,2,2,66.67,66.67,private_repositories;public_repositories,public_repos;private_repos,3,3,3,0,0,100.0,100.0,,
104,iac_benchmark/scenarios/terrads_05edc40999d7,True,5.0,False,15,27,14,1,13,93.33,51.85,aws_codestarconnections_connection,aws_kms_key;aws_s3_bucket_versioning;aws_s3_bucket_versioning;aws_codebuild_project;aws_lambda_function;aws_iam_role;aws_s3_bucket_server_side_encryption_configuration;aws_s3_bucket_server_side_encryption_configuration;aws_codecommit_repository;aws_iam_role_policy;aws_iam_role_policy_attachment;aws_s3_bucket_public_access_block;aws_s3_bucket_public_access_block,4,3,2,2,1,50.0,66.67,aws_codecommit_repository;aws_iam_policy_document,aws_caller_identity,2,2,0,2,2,0.0,0.0,config;shared_tags,common_tags;config_file_path,14,15,1,13,14,7.14,6.67,build_cache_bucket_name;pipeline_arn;pipeline_artifact_bucket_arn;pipeline_name;build_cache_store_arn;default_pipeline_role_name;cloudwatch_cron_trigger_arn;pipeline_artifact_bucket_name;cloudwatch_tag_trigger_arn;cloudwatch_branch_trigger_name;cloudwatch_tag_trigger_name;cloudwatch_branch_trigger_arn;cloudwatch_cron_trigger_name,cron_trigger_rule_arns;tag_trigger_rule_names;cache_bucket_names;eventbridge_trigger_rule_names;branch_trigger_rule_arns;tag_trigger_rule_arns;cache_bucket_arns;branch_trigger_rule_names;cron_trigger_rule_names;artifact_bucket_arns;artifact_bucket_names;pipeline_arns;pipeline_names;eventbridge_trigger_rule_arns
105,iac_benchmark/scenarios/terrads_ddc425a81cf2,True,4.0,False,10,15,10,0,5,100.0,66.67,,aws_lambda_alias;aws_lambda_function;aws_iam_role;aws_iam_role_policy_attachment;aws_cloudwatch_metric_alarm,6,5,1,5,4,16.67,20.0,aws_lambda_alias;aws_lambda_function;aws_iam_role;aws_iam_policy_document;aws_iam_policy_document,archive_file;aws_region;aws_caller_identity;aws_partition,35,16,6,29,10,17.14,37.5,current_version;use_existing_app;app_name;create_deployment_group;aws_cli_command;description;codedeploy_principals;before_allow_traffic_hook_arn;triggers;attach_triggers_policy;target_version;interpreter;run_deployment;attach_hooks_policy;get_deployment_sleep_timer;create_deployment;create_codedeploy_role;create_app;use_existing_deployment_group;create;alarms;alarm_ignore_poll_alarm_failure;save_deploy_script;wait_deployment_completion;after_allow_traffic_hook_arn;auto_rollback_enabled;codedeploy_role_name;function_name;alarm_enabled,lambda_function_name;application_name;wait_sleep_seconds;hook_after_arn;alarm_config;aws_cli_endpoint_url;hook_before_arn;sns_topic_arns;deployment_script_path;wait_for_completion,9,7,3,6,4,33.33,42.86,script;codedeploy_iam_role_name;deploy_script;appspec_sha256;codedeploy_deployment_group_id;appspec,current_version_arn;target_version_arn;lambda_alias_arn;lambda_function_arn
106,iac_benchmark/scenarios/terrads_916c37ccf307,True,5.0,False,19,36,18,1,18,94.74,50.0,aws_security_group,aws_route_table_association;aws_route_table_association;aws_route_table_association;aws_security_group_rule;aws_security_group_rule;aws_security_group_rule;aws_security_group_rule;aws_security_group_rule;aws_security_group_rule;aws_security_group_rule;aws_security_group_rule;aws_security_group_rule;aws_security_group_rule;aws_security_group_rule;aws_security_group_rule;aws_route_table;aws_route_table;aws_route_table,0,0,0,0,0,100.0,100.0,,,10,4,2,8,2,20.0,50.0,tags;tgw_rt-propagation_id;region;prefix;tag-env;vpc-sec_cidr;tgw_id;tgw_rt-association_id,availability_zone;vpc_cidr,6,8,0,6,8,0.0,0.0,nsg_ids;vpc-sec_id;fgt_ni_ips;subnet_az1_cidrs;subnet_az1_ids;fgt_ni_ids,fortigate_private_eni_id;subnet_cidrs;fortigate_public_ip;subnet_ids;fortigate_public_eni_id;fortigate_private_ip;vpc_id;security_group_ids
107,iac_benchmark/scenarios/gh_1d5f4d32,True,4.0,False,9,8,8,1,0,88.89,100.0,aws_ec2_transit_gateway_vpc_attachment_accepter,,0,1,0,0,1,0.0,0.0,,aws_caller_identity,50,13,2,48,11,4.0,15.38,transit_gateway_dns_support;transit_gateway_vpc_attachment_appliance_mode_support;tags;transit_gateway_route_transit_gateway_route_table_id;enable_transit_gateway_route_table;transit_gateway_peering_attachment_peer_account_id;transit_gateway_vpc_attachment_ipv6_support;transit_gateway_vpc_attachment_name;transit_gateway_vpc_attachment_accepter_transit_gateway_default_route_table_association;transit_gateway_vpc_attachment_transit_gateway_id;transit_gateway_peering_attachment_peer_region;transit_gateway_route_destination_cidr_blocks;transit_gateway_vpc_attachment_subnet_ids;transit_gateway_vpc_attachment_dns_support;transit_gateway_default_route_table_association;transit_gateway_peering_attachment_name;transit_gateway_name;name;transit_gateway_route_table_association_transit_gateway_route_table_id;transit_gateway_vpc_attachment_accepter_transit_gateway_default_route_table_propagation;transit_gateway_amazon_side_asn;enable_transit_gateway_route_table_association;transit_gateway_peering_attachment_accepter_transit_gateway_attachment_id;transit_gateway_route_table_propagation_transit_gateway_attachment_id;transit_gateway_vpc_attachment_transit_gateway_default_route_table_association;transit_gateway_route_table_propagation_transit_gateway_route_table_id;transit_gateway_route_table_name;transit_gateway_route_table_association_transit_gateway_attachment_id;transit_gateway_vpc_attachment_accepter_transit_gateway_attachment_id;transit_gateway_description;transit_gateway_route_table_transit_gateway_id;enable_transit_gateway_peering_attachment;transit_gateway_peering_attachment_accepter_name;enable_transit_gateway_vpc_attachment;transit_gateway_route_transit_gateway_attachment_id;enable_transit_gateway_route_table_propagation;enable_transit_gateway_peering_attachment_accepter;transit_gateway_default_route_table_propagation;transit_gateway_auto_accept_shared_attachments;enable_transit_gateway_route;transit_gateway_vpc_attachment_transit_gateway_default_route_table_propagation;transit_gateway_vpn_ecmp_support;transit_gateway_vpc_attachment_vpc_id;enable_transit_gateway_vpc_attachment_accepter;transit_gateway_route_blackhole;transit_gateway_vpc_attachment_accepter_name;transit_gateway_peering_attachment_transit_gateway_id;transit_gateway_peering_attachment_peer_transit_gateway_id,enable_route_table;subnet_ids;destination_cidr_block;vpc_id;enable_vpc_attachment;enable_route_table_propagation;enable_peering;peer_region;peer_transit_gateway_id;name_prefix;enable_route_table_association,31,0,0,31,0,0.0,0.0,transit_gateway_peering_attachment_accepter_id;transit_gateway_route_table_association_resource_type;transit_gateway_peering_attachment_accepter_peer_transit_gateway_id;transit_gateway_vpc_attachment_accepter_vpc_id;transit_gateway_vpc_attachment_accepter_vpc_owner_id;transit_gateway_peering_attachment_accepter_peer_account_id;transit_gateway_arn;transit_gateway_route_table_id;transit_gateway_association_default_route_table_id;transit_gateway_vpc_attachment_vpc_owner_id;transit_gateway_vpc_attachment_accepter_subnet_ids;transit_gateway_route_table_default_association_route_table;transit_gateway_route_table_default_propagation_route_table;transit_gateway_peering_attachment_id;transit_gateway_route_id;transit_gateway_propagation_default_route_table_id;transit_gateway_vpc_attachment_accepter_ipv6_support;transit_gateway_route_table_propagation_resource_id;transit_gateway_vpc_attachment_accepter_transit_gateway_id;transit_gateway_route_table_arn;transit_gateway_route_table_association_id;transit_gateway_owner_id;transit_gateway_vpc_attachment_accepter_id;transit_gateway_vpc_attachment_id;transit_gateway_peering_attachment_accepter_transit_gateway_id;transit_gateway_route_table_propagation_id;transit_gateway_id;transit_gateway_vpc_attachment_accepter_dns_support;transit_gateway_route_table_propagation_resource_type;transit_gateway_vpc_attachment_accepter_appliance_mode_support;transit_gateway_route_table_association_resource_id,
108,iac_benchmark/scenarios/terrads_0ee2a2760917,True,3.0,False,5,9,5,0,4,100.0,55.56,,aws_route53_vpc_association_authorization;aws_kms_alias;aws_route53_zone_association;aws_vpc,1,1,1,0,0,100.0,100.0,,,28,18,12,16,6,42.86,66.67,zone_name;additional_tag_map;terragrunt_tags;labels_as_tags;regex_replace_chars;id_length_limit;environment;label_value_case;context;enabled;vpc_ids;descriptor_formats;tenant;label_key_case;label_order;delimiter,zone_type;vpc_owner_id;comment;vpc_id;vpc_region;domain_name,4,0,0,4,0,0.0,0.0,zone;route53_record_name;route53_record_fqdn;vpc_id,
109,iac_benchmark/scenarios/terrads_e4f73489147c,True,5.0,False,28,36,24,4,12,85.71,66.67,aws_network_interface;aws_iam_policy_attachment;aws_iam_policy;aws_iam_policy,aws_internet_gateway;aws_nat_gateway;aws_route_table;aws_route_table;aws_eip;aws_route_table_association;aws_route_table_association;aws_iam_role_policy;aws_iam_role_policy;aws_vpc;aws_subnet;aws_subnet,4,4,2,2,2,50.0,50.0,aws_caller_identity;aws_iam_policy_document,aws_availability_zones;aws_partition,0,0,0,0,0,100.0,100.0,,,1,0,0,1,0,0.0,0.0,nginx_test,
110,iac_benchmark/scenarios/terrads_a78e858914da,True,5.0,False,15,13,13,2,0,86.67,100.0,aws_route;aws_route,,0,1,0,0,1,0.0,0.0,,aws_availability_zones,25,6,0,25,6,0.0,0.0,enable_dns_hostnames;nat_gateway_tags;tags;private_subnet_tags;intra_subnet_tags;enable_dns_support;create_igw;enable_nat_gateway;intra_subnets;igw_tags;create_vpc;private_subnet_names;public_subnet_tags;public_subnet_suffix;azs;vpc_tags;map_public_ip_on_launch;private_subnet_suffix;intra_subnet_names;public_subnet_names;cidr;name;private_subnets;intra_subnet_suffix;public_subnets,private_subnet_cidrs;intra_subnet_cidrs;public_subnet_cidrs;vpc_name;availability_zones;vpc_cidr,13,0,0,13,0,0.0,0.0,azs;public_subnet_ids;private_subnet_cidr_blocks;igw_id;natgw_ids;private_subnet_ids;public_subnet_cidr_blocks;vpc_cidr_block;nat_public_ips;intra_subnet_ids;intra_subnet_cidr_blocks;vpc_id;name,
111,iac_benchmark/scenarios/terrads_bb382f0f3fd1,True,5.0,False,14,20,13,1,7,92.86,65.0,aws_iam_policy_attachment,aws_s3_bucket_versioning;aws_s3_bucket_versioning;aws_s3_bucket_server_side_encryption_configuration;aws_s3_bucket_server_side_encryption_configuration;aws_dynamodb_table;aws_iam_role_policy_attachment;aws_s3_bucket_replication_configuration,4,5,2,2,3,50.0,40.0,aws_region;aws_region,aws_iam_policy_document;aws_iam_policy_document;aws_caller_identity,3,3,1,2,2,33.33,33.33,s3_bucket_force_destroy;stacks,force_destroy_buckets;region_map,0,0,0,0,0,100.0,100.0,,
112,iac_benchmark/scenarios/terrads_f4222681f712,True,3.0,False,13,16,12,1,4,92.31,75.0,aws_iam_role_policy,archive_file;aws_iam_role_policy_attachment;aws_api_gateway_stage;aws_iam_policy,3,3,2,1,1,66.67,66.67,archive_file,aws_region,10,3,3,7,0,30.0,100.0,handler;build_dir;zipfile;region;method;root_nesting;buildscript,,4,0,0,4,0,0.0,0.0,endpoint;lambda_iam_role;lambda_console_url;build_path,
113,iac_benchmark/scenarios/terrads_2b8b3dc2bc75,True,4.0,False,9,26,7,2,19,77.78,26.92,aws_iam_role_policy;aws_iam_role_policy_attachment,aws_kms_key;random_id;aws_s3_bucket;aws_s3_bucket_versioning;aws_s3_bucket_policy;aws_s3_bucket_server_side_encryption_configuration;aws_sns_topic_policy;aws_config_config_rule;aws_config_config_rule;aws_config_config_rule;aws_config_config_rule;aws_config_config_rule;aws_config_config_rule;aws_config_config_rule;aws_config_config_rule;aws_config_config_rule;aws_config_config_rule;aws_iam_policy;aws_s3_bucket_public_access_block,0,6,0,0,6,0.0,0.0,,aws_iam_policy_document;aws_iam_policy_document;aws_iam_policy_document;aws_iam_policy_document;aws_iam_policy_document;aws_caller_identity,3,3,0,3,3,0.0,0.0,tags;record_config;name,snapshot_delivery_frequency;custom_tags;base_name,1,0,0,1,0,0.0,0.0,rules,
114,iac_benchmark/scenarios/terrads_8c3d60955e7f,True,5.0,False,35,12,3,32,9,8.57,25.0,aws_sns_topic;aws_sns_topic;aws_sns_topic;aws_sns_topic;aws_sns_topic;aws_sns_topic;aws_sns_topic;aws_sns_topic;aws_sns_topic;aws_sns_topic;aws_sns_topic;aws_sns_topic;aws_sns_topic;aws_sns_topic;aws_sns_topic;aws_sns_topic;aws_sns_topic_subscription;aws_sns_topic_subscription;aws_sns_topic_subscription;aws_sns_topic_subscription;aws_sns_topic_subscription;aws_sns_topic_subscription;aws_sns_topic_subscription;aws_sns_topic_subscription;aws_sns_topic_subscription;aws_sns_topic_subscription;aws_sns_topic_subscription;aws_sns_topic_subscription;aws_sns_topic_subscription;aws_sns_topic_subscription;aws_sns_topic_subscription;aws_sns_topic_subscription,aws_sqs_queue_policy;aws_config_delivery_channel;aws_s3_bucket;aws_s3_bucket_versioning;aws_iam_role_policy_attachment;aws_s3_bucket_server_side_encryption_configuration;aws_iam_role;aws_config_configuration_recorder;aws_s3_bucket_public_access_block,0,1,0,0,1,0.0,0.0,,aws_caller_identity,9,9,6,3,3,66.67,66.67,bucket_suffix;tags;enabled_global_logging_regions,global_logging_regions;common_tags;s3_bucket_suffix,0,0,0,0,0,100.0,100.0,,
115,iac_benchmark/scenarios/terrads_6ec75c3ea43a,True,3.0,False,10,13,10,0,3,100.0,76.92,,aws_route_table_association;aws_route_table_association;aws_route_table,0,1,0,0,1,0.0,0.0,,aws_availability_zones,19,1,0,19,1,0.0,0.0,byoip_pool_name;internetgw_name;subnet_b_az;subnet_b_public;public_sb_name;subnet_a_name;vpc_cidr_block;subnet_c_name;subnet_a_az;route_tb_name;subnet_a_public;nat_gw_name;subnet_b_name;vpc_name;subnet_c_public;subnet_a_cidr_block;subnet_c_cidr_block;subnet_c_az;subnet_b_cidr_block,public_ipv4_pool,1,1,0,1,1,0.0,0.0,nat_public_ip,nat_gateway_public_ip
116,iac_benchmark/scenarios/terrads_83b303c27ebb,True,5.0,False,12,20,12,0,8,100.0,60.0,,aws_kms_key;aws_s3_bucket;aws_s3_bucket_lifecycle_configuration;aws_s3_bucket_server_side_encryption_configuration;aws_s3_bucket_acl;aws_kms_alias;aws_s3_bucket_public_access_block;aws_s3_bucket_public_access_block,0,2,0,0,2,0.0,0.0,,aws_canonical_user_id;aws_caller_identity,49,16,2,47,14,4.08,12.5,sse_algorithm;lifecycle_expiration_object_prefix;enable_server_side_encryption;enable_lifecycle_configuration_rules;lifecycle_days_to_expiration;kms_master_key_id;acl;lifecycle_deep_archive_object_prefix;lifecycle_infrequent_storage_transition_enabled;website_config_enable;managedby;mfa_delete;bucket_prefix;lifecycle_days_to_deep_archive_transition;lifecycle_days_to_glacier_transition;lifecycle_configuration_rules;target_bucket;owner_id;name;bucket_policy;target_prefix;lifecycle_deep_archive_transition_enabled;lifecycle_expiration_enabled;attributes;lifecycle_days_to_infrequent_storage_transition;request_payer;cors_rule;redirect;create_bucket;force_destroy;routing_rule;object_lock_configuration;enable_kms;lifecycle_infrequent_storage_object_prefix;error_document;lifecycle_glacier_transition_enabled;acceleration_status;lifecycle_glacier_object_prefix;logging;versioning;repository;environment;grants;delimiter;index_document;aws_iam_policy_document;label_order,cors_rules;enable_acceleration;enable_logging;log_lifecycle_expiration_days;bucket_name;lifecycle_rules;encryption_algorithm;block_public_access;enable_website_public_read;logging_bucket_name;enable_requester_pays;object_lock_config;enable_versioning;canned_acl,4,4,1,3,3,25.0,25.0,tags;id;arn,bucket_id;bucket_tags;bucket_arn
117,iac_benchmark/scenarios/terrads_39c90624ffed,True,5.0,False,12,10,0,12,10,0.0,0.0,aws_waf_sql_injection_match_set;aws_waf_size_constraint_set;aws_waf_rule;aws_waf_regex_pattern_set;aws_waf_ipset;aws_waf_xss_match_set;aws_waf_rate_based_rule;aws_waf_byte_match_set;aws_waf_geo_match_set;aws_waf_regex_match_set;aws_waf_rule_group;aws_waf_web_acl,aws_wafv2_rule_group;aws_wafv2_web_acl;aws_s3_bucket;aws_s3_bucket_versioning;aws_wafv2_ip_set;aws_s3_bucket_policy;aws_s3_bucket_server_side_encryption_configuration;aws_wafv2_regex_pattern_set;aws_wafv2_web_acl_logging_configuration;aws_s3_bucket_public_access_block,0,4,0,0,4,0.0,0.0,,aws_partition;aws_region;aws_iam_policy_document;aws_caller_identity,47,33,3,44,30,6.38,9.09,waf_web_acl_rules;waf_regex_pattern_set_regex_pattern_strings;waf_rule_name;waf_web_acl_default_action;waf_xss_match_set_xss_match_tuples;name;waf_geo_match_set_geo_match_constraint;waf_sql_injection_match_set_name;waf_geo_match_set_name;enable_waf_ipset;waf_rate_based_rule_rate_limit;enable_waf_rate_based_rule;waf_web_acl_logging_configuration;waf_ipset_ip_set_descriptors;waf_rate_based_rule_metric_name;waf_byte_match_set_byte_match_tuples;waf_regex_match_set_name;waf_rate_based_rule_rate_key;waf_rule_predicates;waf_rule_group_activated_rule;waf_regex_pattern_set_name;enable_waf_rule;waf_rate_based_rule_name;waf_web_acl_metric_name;enable_waf_sql_injection_match_set;waf_size_constraint_set_name;waf_rule_group_metric_name;enable_waf_byte_match_set;enable_waf_xss_match_set;waf_ipset_name;waf_size_constraint_set_size_constraints;waf_regex_match_set_regex_match_tuple;waf_rule_metric_name;waf_rate_based_rule_predicates;enable_waf_regex_match_set;waf_xss_match_set_name;waf_rule_group_name;waf_web_acl_name;enable_waf_regex_pattern_set;enable_waf_web_acl;enable_waf_rule_group;enable_waf_size_constraint_set;waf_byte_match_set_name;enable_waf_geo_match_set,enable_byte_match_set;enable_rate_based_rule;enable_regex_match_set;geo_match_countries;web_acl_default_action;enable_web_acl;logging_configuration;enable_ipset;web_acl_metric_name;byte_match_tuples;web_acl_rules;enable_rule_group;base_name;waf_log_bucket_name;size_constraints;enable_regex_pattern_set;activated_rules;enable_geo_match_set;xss_match_tuples;ip_set_addresses;enable_rule;enable_size_constraint_set;enable_sql_injection_match_set;rate_based_rule_metric_name;rate_based_rule_rate_limit;rule_group_metric_name;enable_xss_match_set;regex_match_pattern_set_arn;regex_pattern_strings;rate_based_rule_rate_key,22,9,0,22,9,0.0,0.0,waf_ipset_arn;waf_size_constraint_set_arn;waf_xss_match_set_id;waf_rule_arn;waf_rate_based_rule_id;waf_sql_injection_match_set_id;waf_rule_group_id;waf_regex_pattern_set_id;waf_xss_match_set_arn;waf_regex_pattern_set_arn;waf_geo_match_set_arn;waf_byte_match_set_id;waf_web_acl_arn;waf_size_constraint_set_id;waf_geo_match_set_id;waf_regex_match_set_arn;waf_ipset_id;waf_rate_based_rule_arn;waf_web_acl_id;waf_regex_match_set_id;waf_rule_id;waf_rule_group_arn,regex_pattern_set_id;web_acl_arn;waf_log_bucket_id;web_acl_id;regex_pattern_set_arn;rule_group_id;ipset_arn;rule_group_arn;ipset_id
118,iac_benchmark/scenarios/terrads_4ce463879462,True,3.0,False,4,13,4,0,9,100.0,30.77,,local_file;aws_iam_role_policy_attachment;aws_iam_role;aws_iam_role;aws_lambda_function;aws_iam_role_policy;aws_sfn_state_machine;aws_cloudwatch_event_target;aws_lambda_permission,0,1,0,0,1,0.0,0.0,,archive_file,5,6,0,5,6,0.0,0.0,bus;tags;targets;rules;name,event_bus_name;state_machine_name;lambda_function_name;common_tags;schedule_expression;event_pattern,2,0,0,2,0,0.0,0.0,rules;bus,
119,iac_benchmark/scenarios/terrads_15dc7dba11b2,True,5.0,False,12,16,10,2,6,83.33,62.5,aws_iam_role_policy_attachment;aws_iam_policy,aws_cloudwatch_event_rule;aws_cloudwatch_event_rule;aws_cloudwatch_event_rule;aws_cloudwatch_event_target;aws_cloudwatch_event_target;aws_cloudwatch_event_target,6,3,2,4,1,33.33,66.67,aws_partition;aws_iam_policy_document;aws_iam_policy_document;aws_iam_policy_document,aws_region,38,5,1,37,4,2.63,20.0,tags;irsa_description;irsa_oidc_provider_arn;irsa_policy_name;irsa_namespace_service_accounts;cluster_ip_family;irsa_path;enable_spot_termination;irsa_max_session_duration;create_irsa;iam_role_attach_cni_policy;iam_role_permissions_boundary;rule_name_prefix;policies;irsa_permissions_boundary_arn;irsa_ssm_parameter_arns;iam_role_name;irsa_use_name_prefix;iam_role_arn;iam_role_use_name_prefix;iam_role_description;irsa_tags;create;irsa_tag_key;iam_role_max_session_duration;queue_kms_data_key_reuse_period_seconds;irsa_assume_role_condition_test;queue_name;irsa_subnet_account_id;iam_role_additional_policies;iam_role_tags;create_instance_profile;create_iam_role;queue_kms_master_key_id;irsa_name;queue_managed_sse_enabled;iam_role_path,include_eks_cni_policy;karpenter_service_account;karpenter_namespace;oidc_provider_arn,14,0,0,14,0,0.0,0.0,instance_profile_unique;queue_url;role_unique_id;role_arn;irsa_arn;instance_profile_arn;queue_arn;instance_profile_id;instance_profile_name;event_rules;role_name;irsa_name;queue_name;irsa_unique_id,
120,iac_benchmark/scenarios/terrads_a6b6f6412452,True,4.0,False,14,16,10,4,6,71.43,62.5,aws_s3_bucket_acl;aws_s3_bucket_acl;aws_s3_bucket_ownership_controls;aws_s3_bucket_ownership_controls,aws_kms_key;time_sleep;aws_s3_bucket_server_side_encryption_configuration;aws_s3_bucket_server_side_encryption_configuration;aws_s3_bucket_public_access_block;aws_s3_bucket_public_access_block,4,1,1,3,0,25.0,100.0,aws_partition;aws_iam_policy_document;aws_iam_policy_document,,3,3,0,3,3,0.0,0.0,access_point_name;secondary_bucket_name;primary_bucket_name,secondary_region;bucket_secondary;bucket_primary,4,4,0,4,4,0.0,0.0,multi_access_point_status;multi_access_point_alias;multi_access_point_arn;multi_access_point_domain_name,mrap_alias;mrap_status;mrap_arn;mrap_domain_name
121,iac_benchmark/scenarios/terrads_265d051c70be,True,5.0,False,16,18,16,0,2,100.0,88.89,,aws_iam_openid_connect_provider;aws_iam_policy,9,4,1,8,3,11.11,25.0,aws_iam_policy_document;aws_iam_policy_document;aws_iam_policy_document;aws_iam_policy_document;aws_iam_policy_document;aws_iam_policy_document;aws_iam_policy_document;aws_iam_policy_document,tls_certificate;aws_region;aws_caller_identity,27,18,1,26,17,3.7,5.56,oidc_providers;tags;vpc_cni_enable_ipv4;attach_ebs_csi_policy;role_description;attach_node_termination_handler_policy;force_detach_policies;node_termination_handler_sqs_queue_arns;karpenter_controller_ssm_parameter_arns;role_policy_arns;role_name_prefix;attach_load_balancer_controller_policy;role_permissions_boundary_arn;karpenter_controller_node_iam_role_arns;attach_external_dns_policy;role_name;ebs_csi_kms_cmk_ids;attach_vpc_cni_policy;attach_karpenter_controller_policy;karpenter_controller_cluster_ids;attach_cluster_autoscaler_policy;vpc_cni_enable_ipv6;max_session_duration;role_path;create_role;cluster_autoscaler_cluster_ids,lb_controller_cluster_name;enable_vpc_cni;enable_cluster_autoscaler;oidc_provider_urls;enable_karpenter;cluster_ids;namespace_service_accounts;enable_lb_controller;karpenter_discovery_tag_value;nth_sqs_queue_arns;enable_external_dns;karpenter_node_role_arn;ebs_csi_kms_cmk_arn;enable_ebs_csi;ssm_parameter_path;enable_node_termination_handler;karpenter_discovery_tag_key,4,0,0,4,0,0.0,0.0,iam_role_arn;iam_role_unique_id;iam_role_name;iam_role_path,
122,iac_benchmark/scenarios/terrads_1b435e3d4172,True,4.0,False,9,13,8,1,5,88.89,61.54,aws_vpc_endpoint_route_table_association,aws_route_table_association;aws_network_acl_rule;aws_network_acl_rule;aws_subnet;aws_route_table,1,1,1,0,0,100.0,100.0,,,11,0,0,11,0,0.0,0.0,enable_dns_hostnames;public_outbound_acl_rules;custom_outbound_acl_rules;enable_dns_support;custom_inbound_acl_rules;region;cidr;name;public_inbound_acl_rules;private_subnets;instance_tenancy,,18,0,0,18,0,0.0,0.0,PrivateSubnet1ARouteTable;route_id;PrivateSubnet2ARouteTable;subnet_ids;PrivateSubnet3ACIDR;PrivateSubnet4ARouteTable;PrivateSubnet4AID;PrivateSubnet3ARouteTable;PrivateSubnet2ACIDR;PrivateSubnet4ACIDR;PrivateSubnet2AID;route_ids;PrivateSubnet3AID;PrivateSubnet1AID;S3VPCEndpoint;PrivateSubnet1ACIDR;vpc_cidr;vpc_id,
123,iac_benchmark/scenarios/terrads_c6dcc9b29983,True,5.0,False,14,37,14,0,23,100.0,37.84,,aws_s3_bucket_server_side_encryption_configuration;aws_iam_role;aws_cloudwatch_log_group;aws_sns_topic;aws_sns_topic;aws_sns_topic;aws_sns_topic;aws_s3_bucket_public_access_block;aws_ses_identity_notification_topic;aws_ses_identity_notification_topic;aws_s3_bucket;aws_s3_bucket_versioning;aws_sns_topic_policy;aws_sns_topic_policy;aws_sns_topic_policy;aws_sns_topic_policy;aws_kinesis_stream;aws_iam_role_policy_attachment;aws_iam_role_policy_attachment;aws_iam_role_policy_attachment;aws_iam_policy;aws_iam_policy;aws_iam_policy,0,0,0,0,0,100.0,100.0,,,62,20,2,60,18,3.23,10.0,enable_ses_receipt_filter;ses_receipt_rule_add_header_action;ses_configuration_set_sending_enabled;ses_identity_notification_topic_notification_type;ses_receipt_rule_bounce_action;enable_ses_domain_identity_verification;enable_ses_identity_policy;ses_receipt_rule_set_rule_set_name;ses_receipt_rule_workmail_action;ses_identity_notification_topic_include_original_headers;ses_identity_policy_identity;enable_ses_domain_dkim;ses_active_receipt_rule_set_rule_set_name;ses_identity_notification_topic_identity;name;ses_configuration_set_delivery_options;enable_ses_receipt_rule_set;enable_ses_identity_notification_topic;ses_receipt_rule_tls_policy;ses_receipt_rule_sns_action;ses_domain_mail_from_domain;ses_receipt_rule_enabled;enable_ses_configuration_set;enable_ses_email_identity;enable_ses_domain_mail_from;ses_receipt_rule_stop_action;enable_ses_event_destination;ses_receipt_rule_s3_action;ses_event_destination_sns_destination;ses_event_destination_cloudwatch_destination;ses_receipt_rule_recipients;ses_receipt_rule_after;ses_email_identity_emails;ses_domain_identity_domains;enable_ses_domain_identity;ses_template_subject;ses_domain_mail_from_behavior_on_mx_failure;ses_identity_policy_name;ses_template_html;ses_receipt_filter_stack;ses_identity_notification_topic_topic_arn;ses_receipt_rule_name;enable_ses_receipt_rule;ses_receipt_rule_rule_set_name;ses_event_destination_name;ses_event_destination_configuration_set_name;ses_configuration_set_reputation_metrics_enabled;ses_domain_identity_verification_domain;ses_configuration_set_name;ses_domain_mail_from_mail_from_domain;ses_template_text;ses_template_name;ses_receipt_rule_lambda_action;ses_event_destination_kinesis_destination;ses_domain_dkim_domain;ses_event_destination_enabled;ses_identity_policy_policy;enable_ses_active_receipt_rule_set;ses_event_destination_matching_types;ses_receipt_rule_scan_enabled,enable_domain_identity;enable_receipt_filter;enable_email_identity;enable_domain_identity_verification;enable_receipt_rule;event_destinations;enable_active_receipt_rule_set;enable_domain_dkim;enable_configuration_set;enable_identity_policy;enable_identity_notification_topic;domains;enable_receipt_rule_set;receipt_filters;enable_domain_mail_from;enable_event_destination;emails;name_prefix,27,0,0,27,0,0.0,0.0,ses_receipt_filter_id;ses_email_identity_id;ses_event_destination_id;ses_domain_identity_verification_arn;ses_receipt_filter_arn;ses_configuration_set_id;ses_receipt_rule_id;ses_configuration_set_last_fresh_start;ses_receipt_rule_set_id;ses_domain_identity_id;ses_receipt_rule_set_arn;ses_domain_dkim_id;ses_receipt_rule_arn;ses_configuration_set_arn;ses_domain_mail_from_id;ses_active_receipt_rule_set_arn;ses_event_destination_arn;ses_template_id;ses_domain_identity_verification_id;ses_domain_identity_arn;ses_domain_dkim_dkim_tokens;ses_email_identity_arn;ses_identity_notification_topic_id;ses_domain_identity_verification_token;ses_identity_policy_id;ses_active_receipt_rule_set_id;ses_template_arn,
124,iac_benchmark/scenarios/terrads_bf3ef706d7fd,True,5.0,False,20,29,10,10,19,50.0,34.48,aws_vpc_security_group_egress_rule;aws_vpc_security_group_egress_rule;aws_vpc_security_group_egress_rule;local_sensitive_file;aws_cloudformation_stack;aws_vpc_security_group_ingress_rule;aws_vpc_security_group_ingress_rule;aws_vpc_security_group_ingress_rule;aws_vpc_security_group_ingress_rule;time_sleep,aws_kms_key;aws_internet_gateway;aws_security_group_rule;aws_security_group_rule;aws_security_group_rule;aws_autoscaling_group;aws_route_table;aws_vpc_endpoint;aws_vpc_endpoint;aws_vpc_endpoint;aws_vpc_endpoint;aws_security_group;aws_route_table_association;local_file;aws_iam_role_policy_attachment;aws_iam_role_policy_attachment;aws_iam_role_policy_attachment;aws_vpc;aws_subnet,7,2,0,7,2,0.0,0.0,aws_vpc;aws_eks_cluster;aws_ssm_parameter;aws_subnets;http;aws_iam_policy_document;aws_iam_policy_document,aws_ami;aws_availability_zones,7,2,0,7,2,0.0,0.0,node_role_name;node_group_max_size;node_group_desired_capacity;cluster_name;aws_region;cluster_role_name;node_group_min_size,eks_version;ssh_cidr_blocks,3,0,0,3,0,0.0,0.0,NodeSecurityGroup;NodeAutoScalingGroup;NodeInstanceRole,
125,iac_benchmark/scenarios/terrads_c8bf6bcc3019,True,5.0,False,15,18,15,0,3,100.0,83.33,,aws_iam_role_policy;aws_iam_role_policy_attachment;aws_iam_policy,3,7,1,2,6,33.33,14.29,aws_iam_policy_document;aws_iam_policy_document,aws_iam_policy;aws_iam_policy;aws_iam_policy;aws_iam_policy;aws_region;aws_partition,1,1,0,1,1,0.0,0.0,project,project_name,5,5,3,2,2,60.0,60.0,cw_agent_instance_profile;codedeploy_instance_profile,cloudwatch_agent_instance_profile_name;ec2_codedeploy_instance_profile_name
126,iac_benchmark/scenarios/terrads_8a18be3138e9,True,4.0,False,21,10,9,12,1,42.86,90.0,aws_main_route_table_association;aws_route_table_association;aws_route_table_association;aws_route_table_association;aws_route_table_association;aws_route_table;aws_subnet;aws_subnet;aws_subnet;aws_subnet;aws_subnet;aws_subnet,aws_default_route_table,0,1,0,0,1,0.0,0.0,,aws_availability_zones,0,0,0,0,0,100.0,100.0,,,12,6,0,12,6,0.0,0.0,prod_ext_sub_0_id;prod_int_sub_2_id;prod_int_sub_0_id;prod_ext_vpc_id;prod_ext_sub_2_id;prod_int_vpc_id;prod_ext_sub_3_id;prod_int_sub_1_id;prod_int_default_sg_id;prod_ext_sub_1_id;prod_int_sub_3_id;prod_ext_default_sg_id,public_subnet_ids;private_subnet_ids;external_default_security_group_id;internal_default_security_group_id;internal_vpc_id;external_vpc_id
127,iac_benchmark/scenarios/terrads_8ac6bda76d9a,True,5.0,False,18,4,4,14,0,22.22,100.0,aws_security_group_rule;aws_security_group_rule;aws_security_group_rule;aws_security_group_rule;aws_security_group_rule;aws_security_group_rule;aws_security_group_rule;aws_security_group_rule;aws_security_group_rule;aws_security_group_rule;aws_security_group_rule;aws_security_group_rule;aws_security_group_rule;aws_security_group_rule,,1,1,0,1,1,0.0,0.0,aws_security_group,aws_vpc,31,8,3,28,5,9.68,37.5,existing_sg_id;max_entries;existing_sg_ingress_rules_with_cidr_blocks;existing_sg_ingress_rules_with_source_sg_id;entry;new_sg_ingress_rules_with_source_sg_id;managedby;new_sg_ingress_rules_with_prefix_list;existing_sg_egress_rules_with_self;sg_description;new_sg;existing_sg_egress_rules_with_prefix_list;existing_sg_ingress_rules_with_prefix_list;enable;new_sg_ingress_rules_with_cidr_blocks;new_sg_egress_rules_with_prefix_list;prefix_list_enabled;new_sg_egress_rules_with_source_sg_id;new_sg_ingress_rules_with_self;prefix_list_address_family;new_sg_egress_rules_with_cidr_blocks;existing_sg_egress_rules_with_source_sg_id;prefix_list_ids;existing_sg_egress_rules_with_cidr_blocks;repository;existing_sg_ingress_rules_with_self;new_sg_egress_rules_with_self;label_order,ingress_rules;create_prefix_list;egress_rules;prefix_list_entries;existing_security_group_id,4,3,3,1,0,75.0,100.0,security_group_tags,
128,iac_benchmark/scenarios/terrads_8b175cdbe2cf,True,4.0,False,23,28,17,6,11,73.91,60.71,aws_instance;aws_route_table_association;aws_route_table_association;aws_subnet;aws_subnet;aws_lb_target_group_attachment,aws_s3_bucket_server_side_encryption_configuration;aws_dynamodb_table;tls_self_signed_cert;aws_s3_bucket_public_access_block;aws_kms_key;aws_s3_bucket;aws_s3_bucket_versioning;tls_private_key;aws_kms_alias;local_file;aws_acm_certificate,0,3,0,0,3,0.0,0.0,,aws_ami;aws_availability_zones;aws_caller_identity,0,0,0,0,0,100.0,100.0,,,1,3,0,1,3,0.0,0.0,dns-link,alb_dns_name;state_s3_bucket_arn;dynamodb_table_name
129,iac_benchmark/scenarios/terrads_33766381a4b4,True,5.0,False,18,11,10,8,1,55.56,90.91,aws_security_group_rule;aws_security_group_rule;aws_security_group_rule;aws_security_group_rule;aws_security_group_rule;aws_security_group_rule;aws_security_group_rule;aws_security_group_rule,aws_vpc,1,0,0,1,0,0.0,0.0,aws_security_group,,31,20,3,28,17,9.68,15.0,existing_sg_id;existing_sg_ingress_rules_with_cidr_blocks;existing_sg_ingress_rules_with_source_sg_id;entry;new_sg_ingress_rules_with_source_sg_id;managedby;new_sg_ingress_rules_with_prefix_list;existing_sg_egress_rules_with_self;sg_description;new_sg;existing_sg_egress_rules_with_prefix_list;existing_sg_ingress_rules_with_prefix_list;vpc_id;enable;new_sg_ingress_rules_with_cidr_blocks;new_sg_egress_rules_with_prefix_list;prefix_list_enabled;new_sg_egress_rules_with_source_sg_id;new_sg_ingress_rules_with_self;prefix_list_address_family;new_sg_egress_rules_with_cidr_blocks;existing_sg_egress_rules_with_source_sg_id;prefix_list_ids;existing_sg_egress_rules_with_cidr_blocks;repository;existing_sg_ingress_rules_with_self;new_sg_egress_rules_with_self;label_order,ingress_security_groups;tags;egress_prefix_lists;description;create_security_group;ingress_cidr_blocks;create_prefix_list;egress_self;namespace;ingress_prefix_lists;egress_security_groups;ingress_self;enabled;address_family;prefix_list_entries;egress_cidr_blocks;existing_security_group_id,4,3,3,1,0,75.0,100.0,security_group_tags,
130,iac_benchmark/scenarios/terrads_0bc9721da849,True,4.0,False,15,19,15,0,4,100.0,78.95,,aws_security_group_rule;aws_security_group_rule;aws_security_group_rule;aws_security_group_rule,1,1,1,0,0,100.0,100.0,,,0,0,0,0,0,100.0,100.0,,,9,0,0,9,0,0.0,0.0,db_availability_zone;db_subnet_id_1;lambda_functions_subnet_id;lambda_functions_security_group_id;bastion_host_security_group_id;vpc;db_subnet_id_2;bastion_host_subnet_id;db_security_group_id,
131,iac_benchmark/scenarios/terrads_52b67e410bd8,True,4.0,False,10,14,9,1,5,90.0,64.29,aws_s3_bucket_acl,aws_s3_bucket_versioning;aws_s3_bucket_server_side_encryption_configuration;aws_iam_role;aws_iam_role_policy_attachment;aws_iam_policy,4,1,1,3,0,25.0,100.0,aws_iam_policy_document;aws_iam_policy_document;aws_iam_policy_document,,7,5,0,7,5,0.0,0.0,is_multi_region_trail;tags;s3_bucket_expiration_days;is_organizational;name;organizational_config;cloudtrail_kms_enable,enable_kms;member_account_id;name_prefix;log_expiration_days;member_role_name,2,2,2,0,0,100.0,100.0,,
132,iac_benchmark/scenarios/terrads_9da16fbef056,True,3.0,False,5,5,5,0,0,100.0,100.0,,,2,0,0,2,0,0.0,0.0,aws_ec2_transit_gateway;aws_ec2_transit_gateway_route_table,,12,7,5,7,2,41.67,71.43,auto_accept_shared_attachments;create;shared_principals;asn;id;name;ram_resource_share_name,ram_share_accounts;amazon_side_asn,3,3,0,3,3,0.0,0.0,transit_gateway;name;route_tables,route_table_ids;transit_gateway_id;route_table_arns
133,iac_benchmark/scenarios/terrads_b1409427bd33,True,4.0,False,14,15,10,4,5,71.43,66.67,aws_iam_role_policy_attachment;aws_iam_role_policy;aws_iam_role_policy;aws_iam_role_policy,aws_kms_key;aws_s3_bucket;aws_kms_alias;aws_s3_bucket_server_side_encryption_configuration;aws_s3_bucket_public_access_block,12,3,0,12,3,0.0,0.0,aws_iam_policy_document;aws_iam_policy_document;aws_iam_policy_document;aws_iam_policy_document;aws_iam_policy_document;aws_iam_policy_document;aws_iam_policy_document;aws_iam_policy_document;aws_iam_policy_document;aws_iam_policy_document;aws_iam_policy_document;aws_iam_policy_document,aws_partition;aws_region;aws_caller_identity,0,1,0,0,1,0.0,0.0,,tags,5,0,0,5,0,0.0,0.0,ecs_autoscale_role;ecs_task;ecs_service;ecs_exec;ecs_codedeploy,
134,iac_benchmark/scenarios/terrads_71c036ff15e5,True,5.0,False,18,11,10,8,1,55.56,90.91,aws_security_group_rule;aws_security_group_rule;aws_security_group_rule;aws_security_group_rule;aws_security_group_rule;aws_security_group_rule;aws_security_group_rule;aws_security_group_rule,aws_vpc,1,0,0,1,0,0.0,0.0,aws_security_group,,31,21,5,26,16,16.13,23.81,existing_sg_id;existing_sg_ingress_rules_with_cidr_blocks;existing_sg_ingress_rules_with_source_sg_id;entry;new_sg_ingress_rules_with_source_sg_id;managedby;new_sg_ingress_rules_with_prefix_list;existing_sg_egress_rules_with_self;sg_description;existing_sg_egress_rules_with_prefix_list;existing_sg_ingress_rules_with_prefix_list;enable;new_sg_ingress_rules_with_cidr_blocks;new_sg_egress_rules_with_prefix_list;prefix_list_enabled;new_sg_egress_rules_with_source_sg_id;new_sg_ingress_rules_with_self;prefix_list_address_family;new_sg_egress_rules_with_cidr_blocks;existing_sg_egress_rules_with_source_sg_id;prefix_list_ids;existing_sg_egress_rules_with_cidr_blocks;repository;existing_sg_ingress_rules_with_self;new_sg_egress_rules_with_self;label_order,egress_security_group_id;description;ingress_cidr_blocks;create_prefix_list;egress_self;ingress_security_group_id;egress_prefix_list_id;managed_by;attributes;ingress_self;enabled;address_family;ingress_prefix_list_id;prefix_list_entries;egress_cidr_blocks;existing_security_group_id,4,4,4,0,0,100.0,100.0,,
135,iac_benchmark/scenarios/terrads_2e8035ffc09c,True,3.0,False,5,6,5,0,1,100.0,83.33,,random_id,1,2,0,1,2,0.0,0.0,aws_caller_identity,aws_partition;aws_iam_policy_document,7,6,4,3,2,57.14,66.67,lifecycle_policy;tags;trusted_accounts,use_random_name;trusted_account_ids,4,4,0,4,4,0.0,0.0,policy_arns;name;arn;url,repository_name;read_policy_arn;write_policy_arn;repository_arn
136,iac_benchmark/scenarios/gh_288218eb,True,3.0,False,5,8,4,1,4,80.0,50.0,aws_acm_certificate_validation,aws_s3_bucket;aws_s3_bucket_server_side_encryption_configuration;aws_s3_bucket_public_access_block;aws_route53_record,0,0,0,0,0,100.0,100.0,,,25,18,1,24,17,4.0,5.56,acm_certificate_certificate_chain;enable_acm_certificate;tags;acm_certificate_certificate_body;enable_acm_certificate_private_ca;acmpca_certificate_authority_permanent_deletion_time_in_days;acm_certificate_domain_name;enable_import_existing_certificate;name;acm_certificate_validation_method;acm_certificate_validation_certificate_arn;acmpca_certificate_authority_revocation_configuration;acm_certificate_validation_timeouts;acmpca_certificate_authority_enabled;acmpca_certificate_authority_timeouts;acmpca_certificate_authority_name;acm_certificate_private_key;acmpca_certificate_authority_certificate_authority_configuration;acm_certificate_options;enable_acm_certificate_validation;acm_certificate_subject_alternative_names;acm_certificate_certificate_authority_arn;enable_acmpca_certificate_authority;acm_certificate_validation_record_fqdns,validation_method;ca_key_algorithm;subject_alternative_names;create_ca;route53_zone_id;private_key;permanent_deletion_time_in_days;certificate_body;ca_subject;ca_revocation_enabled;prefix;domain_name;acmpca_certificate_authority_arn;ca_crl_bucket_name;ca_signing_algorithm;certificate_chain;certificate_acquisition_mode,14,5,0,14,5,0.0,0.0,acmpca_certificate_authority_certificate_chain;acmpca_certificate_authority_not_before;aws_acm_certificate_domain_validation_options;acmpca_certificate_authority_arn;acmpca_certificate_authority_serial;aws_acm_certificate_domain_name;acmpca_certificate_authority_certificate_signing_request;acmpca_certificate_authority_id;aws_acm_certificate_arn;acmpca_certificate_authority_certificate;aws_acm_certificate_id;acmpca_certificate_authority_not_after;acm_certificate_validation_id;acmpca_certificate_authority_status,ca_serial;ca_arn;domain_validation_options;certificate_id;certificate_arn
137,iac_benchmark/scenarios/terrads_9a807e8b7301,True,4.0,False,8,13,8,0,5,100.0,61.54,,aws_kms_key;aws_security_group_rule;aws_security_group_rule;aws_vpc;aws_subnet,0,1,0,0,1,0.0,0.0,,aws_availability_zones,24,12,5,19,7,20.83,41.67,business_divsion;create_elasticache_subnet_group;apply_immediately;elasticache_subnet_group_name;at_rest_encryption_enabled;family;global_datastore;cluster_mode;aws_region;multi_az_enabled;transit_encryption_enabled;parameter_group_name;num_nodes;automatic_failover_enabled;environment;vpc_id;parameters;private_subnets;create_parameter_group,num_cache_clusters;alarm_period;parameter_group_family;subnet_cidrs;enable_global_datastore;vpc_cidr;alarm_evaluation_periods,1,0,0,1,0,0.0,0.0,global_replication_group_id,
138,iac_benchmark/scenarios/terrads_de2463de7604,True,3.0,False,6,17,6,0,11,100.0,35.29,,aws_internet_gateway;aws_nat_gateway;aws_route_table;aws_route_table;aws_security_group;aws_eip;aws_route_table_association;aws_route_table_association;aws_vpc;aws_subnet;aws_subnet,2,1,0,2,1,0.0,0.0,aws_iam_policy_document;aws_iam_policy_document,aws_availability_zones,3,3,1,2,2,33.33,33.33,config;raw_config,config_file_path;raw_yaml_config,3,3,0,3,3,0.0,0.0,lambda_id;lambda_arn;lambda_invoke_arn,lambda_invoke_arns;lambda_function_names;lambda_function_arns
139,iac_benchmark/scenarios/terrads_c6fa801d3646,True,3.0,False,6,3,3,3,0,50.0,100.0,aws_iam_role_policy_attachment;aws_iam_role;aws_iam_role,,2,4,1,1,3,50.0,25.0,aws_iam_policy_document,aws_iam_policy;aws_iam_policy;aws_iam_policy,26,1,0,26,1,0.0,0.0,poweruser_role_tags;readonly_role_name;max_session_duration;trusted_role_services;admin_role_tags;readonly_role_permissions_boundary_arn;admin_role_requires_mfa;force_detach_policies;admin_role_policy_arns;create_readonly_role;mfa_age;create_poweruser_role;poweruser_role_requires_mfa;poweruser_role_policy_arns;poweruser_role_permissions_boundary_arn;readonly_role_requires_mfa;admin_role_permissions_boundary_arn;admin_role_name;poweruser_role_name;admin_role_path;readonly_role_tags;readonly_role_policy_arns;poweruser_role_path;create_admin_role;readonly_role_path;trusted_role_arns,roles_config,15,0,0,15,0,0.0,0.0,poweruser_iam_role_name;readonly_iam_role_requires_mfa;admin_iam_role_name;admin_iam_role_arn;poweruser_iam_role_path;poweruser_iam_role_unique_id;readonly_iam_role_arn;admin_iam_role_unique_id;admin_iam_role_requires_mfa;readonly_iam_role_unique_id;readonly_iam_role_path;admin_iam_role_path;poweruser_iam_role_requires_mfa;readonly_iam_role_name;poweruser_iam_role_arn,
140,iac_benchmark/scenarios/terrads_ec610e61db0b,True,5.0,False,39,26,25,14,1,64.1,96.15,aws_key_pair;aws_security_group_rule;null_resource;tls_private_key;aws_security_group;aws_security_group;aws_security_group;local_file;aws_iam_role_policy_attachment;aws_iam_role_policy_attachment;aws_iam_role_policy_attachment;aws_iam_role_policy_attachment;aws_iam_role_policy_attachment;aws_iam_policy,aws_kms_key,4,2,1,3,1,25.0,50.0,aws_security_groups;external;aws_eks_cluster_auth,aws_ami,6,3,0,6,3,0.0,0.0,DEPLOY_FARGATE_NODES;ACCESS_KEY_ID;MD_CLUSTER_NAME;MD_CLUSTER_REGION;SECRET_ACCESS_KEY;PERSISTENT_DEPLOYMENT,region;cluster_name;persistent_deployment,6,3,0,6,3,0.0,0.0,subnet_group_id;vpc_cidr;vpc_id;private_subnets;eks_cluster_oicd_url;public_subnets,db_subnet_group_id;private_subnet_ids;oidc_issuer_url
141,iac_benchmark/scenarios/terrads_9018d22f359d,True,5.0,False,16,15,15,1,0,93.75,100.0,aws_s3_bucket_acl,,3,2,2,1,0,66.67,100.0,aws_cloudtrail_service_account,,8,3,1,7,2,12.5,33.33,is_multi_region_trail;retention_in_days;expiry;enable_logging;is_organization_trail;trail;enable_log_file_validation,trail_name;key_prefix,5,6,0,5,6,0.0,0.0,kms;service_account;log_group;trail;bucket,cloudtrail_trail_name;cloudwatch_log_group_name;glue_database_name;s3_bucket_name;kms_key_id;glue_table_name
142,iac_benchmark/scenarios/terrads_253bca1f8ff4,True,5.0,False,16,17,11,5,6,68.75,64.71,aws_s3_bucket_accelerate_configuration;aws_s3_bucket_request_payment_configuration;aws_s3_bucket_intelligent_tiering_configuration;aws_s3_bucket_object_lock_configuration;aws_s3_bucket_replication_configuration,aws_kms_key;random_id;aws_s3_bucket;aws_s3_bucket_versioning;aws_s3_bucket_server_side_encryption_configuration;aws_s3_bucket_public_access_block,7,1,1,6,0,14.29,100.0,aws_canonical_user_id;aws_elb_service_account;aws_iam_policy_document;aws_iam_policy_document;aws_iam_policy_document;aws_iam_policy_document,,35,0,0,35,0,0.0,0.0,tags;intelligent_tiering;block_public_acls;acl;policy;replication_configuration;grant;restrict_public_buckets;ignore_public_acls;attach_require_latest_tls_policy;website;server_side_encryption_configuration;bucket_prefix;block_public_policy;object_ownership;attach_public_policy;expected_bucket_owner;request_payer;lifecycle_rule;attach_deny_insecure_transport_policy;cors_rule;putin_khuylo;create_bucket;attach_lb_log_delivery_policy;force_destroy;owner;object_lock_configuration;object_lock_enabled;acceleration_status;control_object_ownership;logging;attach_elb_log_delivery_policy;versioning;attach_policy;bucket,,8,0,0,8,0,0.0,0.0,s3_bucket_bucket_domain_name;s3_bucket_website_domain;s3_bucket_arn;s3_bucket_bucket_regional_domain_name;s3_bucket_region;s3_bucket_hosted_zone_id;s3_bucket_website_endpoint;s3_bucket_id,
143,iac_benchmark/scenarios/terrads_54aa27d47fd9,True,3.0,False,4,11,4,0,7,100.0,36.36,,aws_kms_key;random_id;aws_kms_alias;aws_iam_role_policy_attachment;aws_iam_role;aws_iam_policy;aws_cloudwatch_log_group,2,2,2,0,0,100.0,100.0,,,25,11,3,22,8,12.0,27.27,use_name_prefix;override_topic_policy_documents;fifo_topic;tags;create_topic_policy;enable_default_topic_policy;kms_master_key_id;sqs_feedback;create;http_feedback;application_feedback;topic_policy_statements;display_name;source_topic_policy_documents;signature_version;firehose_feedback;create_subscription;tracing_config;topic_policy;lambda_feedback;content_based_deduplication;name,is_fifo;topic_name;log_retention_days;custom_kms_key_arn;custom_policy_statements;feedback_role_arn;name_prefix;encryption_enabled,5,0,0,5,0,0.0,0.0,subscriptions;topic_name;topic_owner;topic_id;topic_arn,
144,iac_benchmark/scenarios/terrads_375e81039f24,True,5.0,False,22,18,18,4,0,81.82,100.0,aws_iam_group_policy_attachment;aws_iam_group;aws_iam_policy;aws_iam_policy,,7,1,0,7,1,0.0,0.0,aws_iam_group;aws_iam_group;aws_iam_policy_document;aws_iam_policy_document;aws_iam_policy_document;aws_iam_policy_document;aws_iam_policy_document,aws_caller_identity,7,3,1,6,2,14.29,33.33,groups;labels;config_terraform_user;config_role;config_password_policy;use_prefix,password_policy;name_prefix,4,0,0,4,0,0.0,0.0,groups;admin_users;admin_role;users,
145,iac_benchmark/scenarios/terrads_c2af7a854318,True,4.0,False,21,16,11,10,5,52.38,68.75,aws_nat_gateway;aws_route;aws_eip;aws_iam_policy_attachment;aws_iam_policy_attachment;aws_iam_policy_attachment;aws_iam_policy_attachment;aws_iam_policy_attachment;aws_route_table_association;aws_subnet,aws_iam_role_policy_attachment;aws_iam_role_policy_attachment;aws_iam_role_policy_attachment;aws_iam_role_policy_attachment;aws_iam_role_policy_attachment,1,1,0,1,1,0.0,0.0,aws_partition,aws_availability_zones,5,3,2,3,1,40.0,66.67,subnet2_cidr;availability_zones;subnet1_cidr,az_names,7,0,0,7,0,0.0,0.0,stack_vpc;stack_public_subnets;stack_public_subnet_1;stack_name;node_group_arn;cluster_role_arn;stack_public_subnet_2,
146,iac_benchmark/scenarios/gh_48c5e87c,True,3.0,False,5,6,5,0,1,100.0,83.33,,aws_kms_key,0,0,0,0,0,100.0,100.0,,,56,19,3,53,16,5.36,15.79,sns_platform_application_platform;sns_topic_sqs_success_feedback_sample_rate;sns_topic_lambda_failure_feedback_role_arn;sns_topic_subscription_filter_policy;sns_topic_display_name;sns_platform_application_success_feedback_sample_rate;sns_topic_subscription_topic_arn;sns_application_success_feedback_sample_rate;sns_topic_kms_master_key_id;sns_sms_preferences_default_sender_id;sns_topic_subscription_confirmation_timeout_in_minutes;sns_topic_subscription_endpoint_auto_confirms;sns_application_failure_feedback_role_arn;enable_sns_topic;enable_sns_topic_subscription;sns_topic_name;sns_topic_application_success_feedback_sample_rate;sns_topic_delivery_policy;sns_sms_preferences_delivery_status_iam_role_arn;sns_platform_application_platform_credential;sns_topic_http_failure_feedback_role_arn;sns_topic_lambda_success_feedback_sample_rate;sns_topic_sqs_failure_feedback_role_arn;sns_topic_subscription_sns_endpoints;sns_platform_application_event_endpoint_deleted_topic_arn;sns_topic_lambda_success_feedback_role_arn;sns_platform_application_platform_principal;sns_platform_application_name;sns_topic_policy;sns_platform_application_event_endpoint_updated_topic_arn;sns_topic_sqs_success_feedback_role_arn;sns_sms_preferences_delivery_status_success_sampling_rate;enable_sns_topic_policy;sns_sms_preferences_usage_report_s3_bucket;sns_topic_http_success_feedback_sample_rate;sns_topic_subscription_sns_protocol;sns_topic_application_failure_feedback_role_arn;sns_platform_application_event_endpoint_created_topic_arn;sns_platform_application_failure_feedback_role_arn;sns_platform_application_event_delivery_failure_topic_arn;sns_application_success_feedback_role_arn;enable_sns_platform_application;sns_topic_policy_topic_arn;sns_topic_http_success_feedback_role_arn;sns_topic_name_prefix;sns_topic_subscription_delivery_policy;sns_sms_preferences_monthly_spend_limit;sns_topic_application_success_feedback_role_arn;sns_platform_application_success_feedback_role_arn;enable_sns_sms_preferences;sns_topic_policy_policy;sns_topic_subscription_raw_message_delivery;sns_sms_preferences_default_sms_type,sms_default_sender_id;create_topic_policy;create_subscriptions;create_sms_preferences;platform;kms_master_key_id;platform_principal;topic_policy_json;sms_default_sms_type;subscription_protocol;topic_arn;create_platform_application;create_topic;subscription_endpoints;platform_credential;platform_application_name,8,1,1,7,0,12.5,100.0,sns_topic_subscription_topic_arn;sns_topic_subscription_protocol;sns_topic_id;sns_topic_subscription_endpoint;sns_topic_subscription_arn;sns_topic_subscription_id;sns_topic_policy_id,
147,iac_benchmark/scenarios/gh_131320ab,True,4.0,False,8,5,5,3,0,62.5,100.0,aws_sqs_queue_redrive_allow_policy;aws_sqs_queue_redrive_policy;aws_sqs_queue_redrive_policy,,5,2,2,3,0,40.0,100.0,aws_region;aws_caller_identity;aws_partition,,42,31,21,21,10,50.0,67.74,use_name_prefix;dlq_name;dlq_deduplication_scope;tags;dlq_kms_master_key_id;kms_master_key_id;redrive_policy;create_dlq_redrive_allow_policy;source_queue_policy_documents;dlq_queue_policy_statements;deduplication_scope;region;name;create_dlq_queue_policy;source_dlq_queue_policy_documents;dlq_tags;queue_policy_statements;override_dlq_queue_policy_documents;redrive_allow_policy;create_queue_policy;override_queue_policy_documents,main_policy_statements;dlq_max_message_size;dlq_queue_name;main_policy_json_strings;max_receive_count;main_create_policy;queue_name;dlq_policy_json_strings;dlq_create_policy;dlq_policy_statements,10,4,0,10,4,0.0,0.0,queue_url;dead_letter_queue_name;queue_id;queue_arn;queue_arn_static;dead_letter_queue_arn_static;dead_letter_queue_arn;dead_letter_queue_url;queue_name;dead_letter_queue_id,dlq_arn;main_queue_url;main_queue_arn;dlq_url
148,iac_benchmark/scenarios/terrads_b0a44418031a,True,3.0,False,10,10,10,0,0,100.0,100.0,,,1,1,1,0,0,100.0,100.0,,,14,3,0,14,3,0.0,0.0,awsRegion;vpcMainSubMgmtACidr;vpcMainSubMgmtBCidr;awsAz2;vpcMainSubPubACidr;projectPrefix;vpcMainSubPrivACidr;map_public_ip_on_launch;vpcMainCidr;resourceOwner;vpcMainSubPubBCidr;awsAz1;buildSuffix;vpcMainSubPrivBCidr,build_suffix;project_prefix;owner,5,4,0,5,4,0.0,0.0,vpcs;vpcMainIgw;subnetsAz2;vpcMainRtb;subnetsAz1,route_table_id;internet_gateway_id;vpc_id;subnet_ids_by_az_and_type
149,iac_benchmark/scenarios/terrads_4fd109e76acd,True,4,False,18,15,7,11,8,38.89,46.67,aws_iam_group_policy_attachment;aws_iam_group_policy_attachment;aws_iam_group_policy_attachment;aws_iam_group_policy_attachment;aws_iam_group_policy_attachment;aws_iam_group_membership;aws_iam_policy;aws_iam_policy;aws_iam_policy;aws_iam_policy;aws_iam_policy,aws_kms_key;random_id;aws_s3_bucket;aws_s3_bucket_versioning;aws_s3_bucket_server_side_encryption_configuration;aws_dynamodb_table;aws_iam_user_group_membership;aws_s3_bucket_public_access_block,0,2,0,0,2,0.0,0.0,,aws_iam_policy_document;aws_iam_policy_document,6,4,3,3,1,50.0,75.0,username;membership_name;region,user_name,2,2,0,2,2,0.0,0.0,AWS_SECRET_ACCESS_KEY;AWS_ACCESS_KEY_ID,secret_access_key;access_key_id
