final_difficulty_level,difficulty_band,n_templates,median_loc,median_resources,median_params,median_ppr_pct,min_score,max_score
1,Very Easy,53,11.0,1.0,0.0,100.0,0.015283842794759825,0.21615720524017468
2,Easy,39,17.0,1.0,0.0,100.0,0.2423580786026201,0.39082969432314413
3,Moderate,46,31.0,1.0,1.0,100.0,0.40829694323144106,0.6004366812227074
4,Hard,47,73.0,2.0,12.0,100.0,0.6069868995633187,0.8034934497816594
5,Very Hard,44,196.0,4.5,28.5,100.0,0.8165938864628821,1.0
