scenario_id,source,folder_path,loc,tokens,n_resources,n_params,difficulty,tflint_passed,trivy_scan_success,trivy_critical,trivy_high,trivy_medium,trivy_low,trivy_unknown,deploy_passed,deploy_log,tflint_log
gh_f397acca,Tianyi2/IRIS,iac_benchmark/scenarios/gh_f397acca,137,925,6,4,2,True,True,0,0,2,0,0,True,"--- INIT LOG ---
Initializing provider plugins...
- Finding latest version of hashicorp/aws...
- Installing hashicorp/aws v6.51.0...
- Installed hashicorp/aws v6.51.0 (signed by HashiCorp)
Terraform has created a lock file .terraform.lock.hcl to record the provider
selections it made above. Include this file in your version control repository
so that Terraform can guarantee to make the same selections by default when
you run ""terraform init"" in the future.

Terraform has been successfully initialized!

You may now begin working with Terraform. Try running ""terraform plan"" to see
any changes that are required for your infrastructure. All Terraform commands
should now work.

If you ever set or change modules or backend configuration for Terraform,
rerun this command to reinitialize your working directory. If you forget, other
commands will detect it and remind you to do so if necessary.

--- APPLY LOG ---

Terraform used the selected providers to generate the following execution
plan. Resource actions are indicated with the following symbols:
  + create

Terraform will perform the following actions:

  # aws_route_table.peer[0] will be created
  + resource ""aws_route_table"" ""peer"" {
      + arn              = (known after apply)
      + id               = (known after apply)
      + owner_id         = (known after apply)
      + propagating_vgws = (known after apply)
      + region           = ""ap-southeast-2""
      + route            = (known after apply)
      + tags         

...[LOG TRUNCATED]...

e.peer[0]: Creating...
aws_route_table.this[2]: Creating...
aws_route_table.peer[2]: Creating...
aws_subnet.peer[1]: Creating...
aws_route_table.this[1]: Creating...
aws_route_table.peer[1]: Creating...
aws_subnet.peer[0]: Creating...
aws_subnet.this[2]: Creating...
aws_subnet.peer[2]: Creating...
aws_subnet.this[0]: Creating...
aws_subnet.peer[1]: Creation complete after 0s [id=subnet-c473c4618d268fc06]
aws_subnet.peer[0]: Creation complete after 0s [id=subnet-77840f9b0f8039efc]
aws_subnet.this[2]: Creation complete after 0s [id=subnet-20fe9c113ddafcbf3]
aws_subnet.this[1]: Creating...
aws_subnet.this[0]: Creation complete after 0s [id=subnet-99c90b606629758da]
aws_route_table.this[0]: Creating...
aws_subnet.peer[2]: Creation complete after 0s [id=subnet-29311f31942829ff9]
aws_subnet.this[1]: Creation complete after 0s [id=subnet-63c86d7d4219df166]
aws_route_table.this[2]: Creation complete after 0s [id=rtb-678888a3dc4e229ae]
aws_route_table.peer[0]: Creation complete after 0s [id=rtb-e4473925d48e580d7]
aws_route_table.this[1]: Creation complete after 0s [id=rtb-f03d96b20dd5bb60d]
aws_route_table.peer[2]: Creation complete after 0s [id=rtb-d5a6b46b27ea23227]
aws_route_table.peer[1]: Creation complete after 0s [id=rtb-05c5753000d3e2db1]
aws_route_table.this[0]: Creation complete after 0s [id=rtb-52397741bfe2e1f0a]

Apply complete! Resources: 14 added, 0 changed, 0 destroyed.

Outputs:

peer_vpc_id = ""vpc-28498899de04c4099""
this_vpc_id = ""vpc-459cac399ddc96598""

--- ERRORS ---",
gh_8963e028,Tianyi2/IRIS,iac_benchmark/scenarios/gh_8963e028,482,3239,7,26,3,True,True,0,0,0,0,0,True,"--- INIT LOG ---
Initializing provider plugins...
- Finding latest version of hashicorp/aws...
- Installing hashicorp/aws v6.53.0...
- Installed hashicorp/aws v6.53.0 (signed by HashiCorp)
Terraform has created a lock file .terraform.lock.hcl to record the provider
selections it made above. Include this file in your version control repository
so that Terraform can guarantee to make the same selections by default when
you run ""terraform init"" in the future.

Terraform has been successfully initialized!

You may now begin working with Terraform. Try running ""terraform plan"" to see
any changes th

...[LOG TRUNCATED]...

 = """"

You can apply this plan to save these new output values to the Terraform
state, without changing any real infrastructure.

Apply complete! Resources: 0 added, 0 changed, 0 destroyed.

Outputs:

backup_global_settings_id = """"
backup_plan_arn = """"
backup_plan_id = """"
backup_plan_version = """"
backup_region_settings_id = """"
backup_selection_id = """"
backup_vault_arn = """"
backup_vault_id = """"
backup_vault_notifications_backup_vault_arn = """"
backup_vault_notifications_id = """"
backup_vault_policy_backup_vault_arn = """"
backup_vault_policy_id = """"
backup_vault_recovery_points = """"

--- ERRORS ---",
terrads_5f00b8eeb522,Zenodo/TerraDS,iac_benchmark/scenarios/terrads_5f00b8eeb522,39,230,4,0,1,True,True,0,0,0,0,0,True,"--- INIT LOG ---
Initializing provider plugins...
- Finding hashicorp/aws versions matching ""~> 5.36""...
- Installing hashicorp/aws v5.100.0...
- Installed hashicorp/aws v5.100.0 (signed by HashiCorp)
Terraform has created a lock file .terraform.lock.hcl to record the provider
selections it made above. Include this file in your version control repository
so that Terraform can guarantee to make the same selections by default when
you run ""terraform init"" in the future.

Terraform has been successfully initialized!

You may now begin working with Terraform. Try running ""terraform plan"" to see
an

...[LOG TRUNCATED]...

_main_bucket: Creating...
aws_s3_bucket.hsa28_log_bucket: Creation complete after 1s [id=hsa28-log-bucket-333]
aws_s3_bucket.hsa28_main_bucket: Creation complete after 1s [id=hsa28-main-bucket-333]
aws_s3_bucket_logging.hsa28_main_bucket_log: Creating...
aws_s3_bucket_versioning.hsa28_main_bucket_version: Creating...
aws_s3_bucket_logging.hsa28_main_bucket_log: Creation complete after 0s [id=hsa28-main-bucket-333]
aws_s3_bucket_versioning.hsa28_main_bucket_version: Creation complete after 1s [id=hsa28-main-bucket-333]

Apply complete! Resources: 4 added, 0 changed, 0 destroyed.

--- ERRORS ---","NON-JSON OUTPUT:
"
terrads_06680f50bbe9,Zenodo/TerraDS,iac_benchmark/scenarios/terrads_06680f50bbe9,202,1429,3,13,2,True,True,0,0,0,0,0,True,"--- INIT LOG ---
Initializing provider plugins...
- Finding hashicorp/aws versions matching "">= 5.0.0""...
- Installing hashicorp/aws v6.53.0...
- Installed hashicorp/aws v6.53.0 (signed by HashiCorp)
Terraform has created a lock file .terraform.lock.hcl to record the provider
selections it made above. Include this file in your version control repository
so that Terraform can guarantee to make the same selections by default when
you run ""terraform init"" in the future.

Terraform has been successfully initialized!

You may now begin working with Terraform. Try running ""terraform plan"" to see
any

...[LOG TRUNCATED]...

hanges that are required for your infrastructure. All Terraform commands
should now work.

If you ever set or change modules or backend configuration for Terraform,
rerun this command to reinitialize your working directory. If you forget, other
commands will detect it and remind you to do so if necessary.

--- APPLY LOG ---

Changes to Outputs:
  + endpoints          = {}

You can apply this plan to save these new output values to the Terraform
state, without changing any real infrastructure.

Apply complete! Resources: 0 added, 0 changed, 0 destroyed.

Outputs:

endpoints = {}

--- ERRORS ---","NON-JSON OUTPUT:
"
gh_5739d878,hashicorp/terraform-guides,iac_benchmark/scenarios/gh_5739d878,48,287,2,2,1,True,True,0,0,0,0,0,True,"--- INIT LOG ---
Initializing provider plugins...
- Finding latest version of hashicorp/aws...
- Installing hashicorp/aws v6.53.0...
- Installed hashicorp/aws v6.53.0 (signed by HashiCorp)
Terraform has created a lock file .terraform.lock.hcl to record the provider
selections it made above. Include this file in your version control repository
so that Terraform can guarantee to make the same selections by default when
you run ""terraform init"" in the future.

Terraform has been successfully initialized!

You may now begin working with Terraform. Try running ""terraform plan"" to see
any changes th

...[LOG TRUNCATED]...

k-example""
        }
      + tags_all                             = {
          + ""Name"" = ""tf-0.12-dynamic-block-example""
        }
    }

Plan: 2 to add, 0 to change, 0 to destroy.

Changes to Outputs:
  + from_ports = [
      + 8200,
      + 8201,
    ]
aws_vpc.my_vpc: Creating...
aws_vpc.my_vpc: Creation complete after 0s [id=vpc-1e0be106814424daa]
aws_security_group.vault: Creating...
aws_security_group.vault: Creation complete after 0s [id=sg-e27d73c4a76ae4189]

Apply complete! Resources: 2 added, 0 changed, 0 destroyed.

Outputs:

from_ports = tolist([
  8200,
  8201,
])

--- ERRORS ---",
terrads_aacf53e04510,Zenodo/TerraDS,iac_benchmark/scenarios/terrads_aacf53e04510,411,2585,17,13,5,True,True,0,0,0,0,0,True,"NON-JSON OUTPUT:
","--- INIT LOG ---
Initializing provider plugins...
- Finding latest version of hashicorp/aws...
- Finding latest version of hashicorp/random...
- Installing hashicorp/aws v6.52.0...
- Installed hashicorp/aws v6.52.0 (signed by HashiCorp)
- Installing hashicorp/random v3.9.0...
- Installed hashicorp/random v3.9.0 (signed by HashiCorp)
Terraform has created a lock file .terraform.lock.hcl to record the provider
selections it made above. Include this file in your version control repository
so that Terraform can guarantee to make the same selections by default when
you run ""terraform init"" in the f

...[LOG TRUNCATED]...

ed]
aws_s3_bucket_lifecycle_configuration.state_bucket_lifecycle: Still creating... [00m50s elapsed]
aws_s3_bucket_lifecycle_configuration.state_logging_bucket_lifecycle: Still creating... [00m50s elapsed]
aws_s3_bucket_lifecycle_configuration.state_bucket_lifecycle: Creation complete after 56s [id=suitable-bulldog-tf-backend]
aws_s3_bucket_lifecycle_configuration.state_logging_bucket_lifecycle: Creation complete after 55s [id=suitable-bulldog-tf-backend-logging]

Apply complete! Resources: 17 added, 0 changed, 0 destroyed.

Outputs:

bucket_name = ""suitable-bulldog-tf-backend""

--- ERRORS ---"
terrads_daf8bd1e9f5c,Zenodo/TerraDS,iac_benchmark/scenarios/terrads_daf8bd1e9f5c,169,1215,2,0,2,True,True,0,0,0,0,0,True,"--- INIT LOG ---
Initializing modules...
Downloading git::https://github.com/star3am/terraform-modules-library.git?ref=main for logs_bucket...
- logs_bucket in .terraform/modules/logs_bucket/terraform/aws/modules/terraform-aws-s3-bucket
Downloading git::https://github.com/star3am/terraform-modules-library.git?ref=main for transition_bucket...
- transition_bucket in .terraform/modules/transition_bucket/terraform/aws/modules/terraform-aws-s3-bucket
Initializing provider plugins...
- Finding hashicorp/aws versions matching "">= 5.27.0""...
- Finding hashicorp/random versions matching "">= 3.6.0""...


...[LOG TRUNCATED]...

provider documentation for
details.

(and one more similar warning elsewhere)

Warning: Attribute Deprecated

  with module.transition_bucket.aws_s3_bucket_lifecycle_configuration.this[0],
  on .terraform/modules/transition_bucket/terraform/aws/modules/terraform-aws-s3-bucket/main.tf line 258, in resource ""aws_s3_bucket_lifecycle_configuration"" ""this"":
 258:   expected_bucket_owner = var.expected_bucket_owner

This attribute will be removed in a future verion of the provider.

(and one more similar warning elsewhere)

Apply complete! Resources: 15 added, 0 changed, 0 destroyed.

--- ERRORS ---","NON-JSON OUTPUT:
"
terrads_d89487dba473,Zenodo/TerraDS,iac_benchmark/scenarios/terrads_d89487dba473,69,424,2,1,1,True,True,0,0,0,0,0,True,"NON-JSON OUTPUT:
","--- INIT LOG ---
Initializing provider plugins...
- Finding latest version of hashicorp/aws...
- Installing hashicorp/aws v6.52.0...
- Installed hashicorp/aws v6.52.0 (signed by HashiCorp)
Terraform has created a lock file .terraform.lock.hcl to record the provider
selections it made above. Include this file in your version control repository
so that Terraform can guarantee to make the same selections by default when
you run ""terraform init"" in the future.

Terraform has been successfully initialized!

You may now begin working with Terraform. Try running ""terraform plan"" to see
any changes th

...[LOG TRUNCATED]...

 = (known after apply)
    }

Plan: 2 to add, 0 to change, 0 to destroy.

Changes to Outputs:
  + cmk_alias = ""alias/kms-cmk-example""
  + cmk_arn   = (known after apply)
aws_kms_key.cmk: Creating...
aws_kms_key.cmk: Creation complete after 4s [id=76fbc86c-43f6-473a-b9f8-5d3dd798bef3]
aws_kms_alias.cmk: Creating...
aws_kms_alias.cmk: Creation complete after 1s [id=alias/kms-cmk-example]

Apply complete! Resources: 2 added, 0 changed, 0 destroyed.

Outputs:

cmk_alias = ""alias/kms-cmk-example""
cmk_arn = ""arn:aws:kms:us-east-2:000000000000:key/76fbc86c-43f6-473a-b9f8-5d3dd798bef3""

--- ERRORS ---"
terrads_6ec75c3ea43a,Zenodo/TerraDS,iac_benchmark/scenarios/terrads_6ec75c3ea43a,223,1320,10,19,3,True,True,0,0,0,0,0,True,"--- INIT LOG ---
Initializing provider plugins...
- Finding latest version of hashicorp/aws...
- Installing hashicorp/aws v6.54.0...
- Installed hashicorp/aws v6.54.0 (signed by HashiCorp)
Terraform has created a lock file .terraform.lock.hcl to record the provider
selections it made above. Include this file in your version control repository
so that Terraform can guarantee to make the same selections by default when
you run ""terraform init"" in the future.

Terraform has been successfully initialized!

You may now begin working with Terraform. Try running ""terraform plan"" to see
any changes th

...[LOG TRUNCATED]...

teway: Creation complete after 0s [id=nat-6c507250e57dfc0e7]
aws_route_table.main: Creation complete after 0s [id=rtb-6d5de333c9971a908]
aws_security_group.default_security_group: Creation complete after 0s [id=sg-9703f20ba5f740c01]
aws_subnet.subnet_a: Still creating... [00m10s elapsed]
aws_subnet.subnet_a: Creation complete after 10s [id=subnet-b6bfd88c6e5b0e45d]
aws_route_table_association.subnet_assoc: Creating...
aws_route_table_association.subnet_assoc: Creation complete after 0s [id=rtbassoc-c7ed33a962b3e9d6e]

Apply complete! Resources: 10 added, 0 changed, 0 destroyed.

--- ERRORS ---",
gh_3ec69cfa,Tianyi2/IRIS,iac_benchmark/scenarios/gh_3ec69cfa,386,2922,4,25,3,True,True,0,0,0,0,0,True,"--- INIT LOG ---
Initializing provider plugins...
- Finding latest version of hashicorp/aws...
- Installing hashicorp/aws v6.51.0...
- Installed hashicorp/aws v6.51.0 (signed by HashiCorp)
Terraform has created a lock file .terraform.lock.hcl to record the provider
selections it made above. Include this file in your version control repository
so that Terraform can guarantee to make the same selections by default when
you run ""terraform init"" in the future.

Terraform has been successfully initialized!

You may now begin working with Terraform. Try running ""terraform plan"" to see
any changes that are required for your infrastructure. All Terraform commands
should now work.

If you ever set or change modules or backend configuration for Terraform,
rerun this command to reinitialize your working directory. If you forget, other
commands will detect it and remind you to do so if necessary.

--- APPLY LOG ---

Changes to Outputs:
  + efs_access_point_arn                    = """"
  + efs_access_point_file_system_arn        = """"
  + efs_access_point_id                     = """"
  + efs_file_system_arn                     = """"
  + efs_file_system_dns_name                = """"
  + efs_file_system_id                      = """"
  + efs_file_system_kms_key_id              = """"
  + efs_file_system_policy_id               = """"
  + efs_mount_target_availability_zone_id   = """"
  + efs_mount_target_availability_zone_name = """"
  + efs_mount_target_dns_name               = """"
  + efs_mount_target_file_system_arn        = """"
  + efs_mount_target_id                     = """"
  + efs_mount_target_mount_target_dns_name  = """"
  + efs_mount_target_network_interface_id   = """"
  + efs_mount_target_owner_id               = """"

You can apply this plan to save these new output values to the Terraform
state, without changing any real infrastructure.

Apply complete! Resources: 0 added, 0 changed, 0 destroyed.

Outputs:

efs_access_point_arn = """"
efs_access_point_file_system_arn = """"
efs_access_point_id = """"
efs_file_system_arn = """"
efs_file_system_dns_name = """"
efs_file_system_id = """"
efs_file_system_kms_key_id = """"
efs_file_system_policy_id = """"
efs_mount_target_availability_zone_id = """"
efs_mount_target_availability_zone_name = """"
efs_mount_target_dns_name = """"
efs_mount_target_file_system_arn = """"
efs_mount_target_id = """"
efs_mount_target_mount_target_dns_name = """"
efs_mount_target_network_interface_id = """"
efs_mount_target_owner_id = """"

--- ERRORS ---",
terrads_c23a4bffa94b,Zenodo/TerraDS,iac_benchmark/scenarios/terrads_c23a4bffa94b,52,251,2,0,1,True,True,0,0,0,0,0,True,"--- INIT LOG ---
Initializing provider plugins...
- Finding hashicorp/aws versions matching "">= 2.0.0""...
- Finding hashicorp/random versions matching ""3.1.0""...
- Installing hashicorp/random v3.1.0...
- Installed hashicorp/random v3.1.0 (signed by HashiCorp)
- Installing hashicorp/aws v6.53.0...
- Installed hashicorp/aws v6.53.0 (signed by HashiCorp)
Terraform has created a lock file .terraform.lock.hcl to record the provider
selections it made above. Include this file in your version control repository
so that Terraform can guarantee to make the same selections by default when
you run ""terra

...[LOG TRUNCATED]...


random_pet.petname: Creating...
random_pet.petname: Creation complete after 0s [id=precisely-perfectly-morally-adequate-flounder]
aws_s3_bucket.sample: Creating...
aws_s3_bucket.sample: Creation complete after 0s [id=precisely-perfectly-morally-adequate-flounder]

Warning: Argument is deprecated

  with aws_s3_bucket.sample,
  on main.tf line 16, in resource ""aws_s3_bucket"" ""sample"":
  16:   acl    = ""public-read""

acl is deprecated. Use the aws_s3_bucket_acl resource instead.

(and 2 more similar warnings elsewhere)

Apply complete! Resources: 2 added, 0 changed, 0 destroyed.

--- ERRORS ---","NON-JSON OUTPUT:
"
gh_e1731993,Tianyi2/IRIS,iac_benchmark/scenarios/gh_e1731993,318,2176,15,6,4,True,True,0,0,0,0,0,True,"--- INIT LOG ---
Initializing provider plugins...
- Finding latest version of hashicorp/aws...
- Installing hashicorp/aws v6.52.0...
- Installed hashicorp/aws v6.52.0 (signed by HashiCorp)
Terraform has created a lock file .terraform.lock.hcl to record the provider
selections it made above. Include this file in your version control repository
so that Terraform can guarantee to make the same selections by default when
you run ""terraform init"" in the future.

Terraform has been successfully initialized!

You may now begin working with Terraform. Try running ""terraform plan"" to see
any changes that are required for your infrastructure. All Terraform commands
should now work.

If you ever set or change modules or backend configuration for Terraform,
rerun this command to reinitialize your working directory. If you forget, other
commands will detect it and remind you to do so if necessary.

--- APPLY LOG ---
data.aws_region.current: Reading...
data.aws_caller_identity.current: Reading...
data.aws_region.current: Read complete after 0s [id=us-east-1]
data.aws_caller_identity.current: Read complete after 0s [id=000000000000]

Terraform used the selected providers to generate the following execution
plan. Resource actions are indicated with the following symbols:
  + create

Terraform will perform the following actions:

  # aws_backup_plan.daily[0] will be created
  + resource ""aws_backup_plan"" ""daily"" {
      + arn      = (known after apply)
      + id       = (known after apply)
 

...[LOG TRUNCATED]...

t: Creating...
aws_backup_vault.rds_backup_vault: Creation complete after 0s [id=rds-backup-vault]
aws_backup_vault.cross_region_rds_backup_vault: Creation complete after 0s [id=rds-cross-region-backup-vault-us-west-1]
aws_backup_plan.weekly: Creating...
aws_backup_plan.yearly: Creating...
aws_backup_plan.monthly: Creating...
aws_backup_plan.daily[0]: Creating...
aws_backup_plan.weekly: Creation complete after 0s [id=1658aa2a-9423-472b-943e-cefde378bd0b]
aws_backup_plan.daily[0]: Creation complete after 0s [id=eae3c783-53a6-4adf-afd9-e524cea84b43]
aws_backup_plan.yearly: Creation complete after 0s [id=f80849e5-1a5a-4f62-b90a-879267ccddb1]
aws_backup_plan.monthly: Creation complete after 0s [id=f96aeb73-441a-4f86-bf46-e98cac4dc794]
aws_backup_selection.weekly: Creating...
aws_backup_selection.monthly: Creating...
aws_backup_selection.yearly: Creating...
aws_backup_selection.daily[0]: Creating...
aws_backup_selection.weekly: Creation complete after 0s [id=27a31046-4fa6-49d0-b2c7-554a8aadae5f]
aws_backup_selection.daily[0]: Creation complete after 0s [id=65dcfb03-5208-4535-9cf7-dbb4fc379681]
aws_backup_selection.monthly: Creation complete after 0s [id=596f009a-d60a-4b11-ac23-868afa27f8c9]
aws_backup_selection.yearly: Creation complete after 0s [id=abbe4694-1600-404a-8ab7-01d261177a28]
aws_kms_key_policy.backup_key_external_account[0]: Creation complete after 4s [id=506790f1-3731-47d9-8569-cf22a463851b]

Apply complete! Resources: 15 added, 0 changed, 0 destroyed.

--- ERRORS ---",
gh_c61ca225,Tianyi2/IRIS,iac_benchmark/scenarios/gh_c61ca225,53,245,2,0,1,True,True,0,0,0,0,0,True,"--- INIT LOG ---
Initializing provider plugins...
- Finding latest version of hashicorp/aws...
- Installing hashicorp/aws v6.52.0...
- Installed hashicorp/aws v6.52.0 (signed by HashiCorp)
Terraform has created a lock file .terraform.lock.hcl to record the provider
selections it made above. Include this file in your version control repository
so that Terraform can guarantee to make the same selections by default when
you run ""terraform init"" in the future.

Terraform has been successfully initialized!

You may now begin working with Terraform. Try running ""terraform plan"" to see
any changes that are required for your infrastructure. All Terraform commands
should now work.

If you ever set or change modules or backend configuration for Terraform,
rerun this command to reinitialize your working directory. If you forget, other
commands will detect it and remind you to do so if necessary.

--- APPLY LOG ---

Terraform used the selected providers to generate the following execution
plan. Resource actions are indicated with the following symbols:
  + create

Terraform will perform the following actions:

  # aws_ecs_task_definition.service01 will be created
  + resource ""aws_ecs_task_definition"" ""service01"" {
      + arn                    = (known after apply)
      + arn_without_revision   = (known after apply)
      + container_definitions  = jsonencode(
            [
              + {
                  + cpu          = 10
                  + essential    = true
                

...[LOG TRUNCATED]...

itions  = jsonencode(
            [
              + {
                  + cpu          = 10
                  + essential    = true
                  + image        = ""service""
                  + memory       = 512
                  + name         = ""first""
                  + portMappings = [
                      + {
                          + containerPort = 80
                          + hostPort      = 80
                        },
                    ]
                },
            ]
        )
      + enable_fault_injection = (known after apply)
      + family                 = ""service""
      + id                     = (known after apply)
      + network_mode           = (known after apply)
      + region                 = ""us-east-1""
      + revision               = (known after apply)
      + skip_destroy           = false
      + tags_all               = (known after apply)
      + track_latest           = false

      + volume {
          + configure_at_launch = (known after apply)
          + host_path           = ""/ecs/service-storage""
          + name                = ""service-storage""
        }
    }

Plan: 2 to add, 0 to change, 0 to destroy.
aws_ecs_task_definition.service02: Creating...
aws_ecs_task_definition.service01: Creating...
aws_ecs_task_definition.service01: Creation complete after 0s [id=service]
aws_ecs_task_definition.service02: Creation complete after 0s [id=service]

Apply complete! Resources: 2 added, 0 changed, 0 destroyed.

--- ERRORS ---",
gh_8fc3d76a,Tianyi2/IRIS,iac_benchmark/scenarios/gh_8fc3d76a,180,1288,4,1,3,True,True,0,0,0,0,0,True,"--- INIT LOG ---
Initializing modules...
Downloading https://registry.coder.com/modules/dotfiles for dotfiles...
- dotfiles in .terraform/modules/dotfiles
Downloading https://registry.coder.com/modules/vscode-web for vscode-web...
- vscode-web in .terraform/modules/vscode-web
Initializing provider plugins...
- Finding coder/coder versions matching "">= 0.12.0""...
- Finding latest version of kreuzwerker/docker...
- Finding latest version of hashicorp/aws...
- Installing hashicorp/aws v6.52.0...
- Installed hashicorp/aws v6.52.0 (signed by HashiCorp)
- Installing coder/coder v2.18.0...
- Installed coder/coder v2.18.0 (signed by a HashiCorp partner, key ID 93C75807601AA0EC)
- Installing kreuzwerker/docker v4.5.0...
- Installed kreuzwerker/docker v4.5.0 (self-signed, key ID 0DCE698927DAF8EC)
Partner and community providers are signed by their developers.
If you'd like to know more about provider signing, you can read about it here:
https://developer.hashicorp.com/terraform/cli/plugins/signing
Terraform has created a lock file .terraform.lock.hcl to record the provider
selections it made above. Include this file in your version control repository
so that Terraform can guarantee to make the same selections by default when
you run ""terraform init"" in the future.

Terraform has been successfully initialized!

You may now begin working with Terraform. Try running ""terraform plan"" to see
any changes that are required for your infrastructure. All Terraform commands
should now work.

If y

...[LOG TRUNCATED]...

space[0]: Creating...
docker_container.workspace[0]: Still creating... [00m10s elapsed]
docker_container.workspace[0]: Still creating... [00m20s elapsed]
docker_container.workspace[0]: Still creating... [00m30s elapsed]
docker_container.workspace[0]: Still creating... [00m40s elapsed]
docker_container.workspace[0]: Still creating... [00m50s elapsed]
docker_container.workspace[0]: Still creating... [01m00s elapsed]
docker_container.workspace[0]: Still creating... [01m10s elapsed]
docker_container.workspace[0]: Still creating... [01m20s elapsed]
docker_container.workspace[0]: Still creating... [01m30s elapsed]
docker_container.workspace[0]: Still creating... [01m40s elapsed]
docker_container.workspace[0]: Still creating... [01m50s elapsed]
docker_container.workspace[0]: Still creating... [02m00s elapsed]
docker_container.workspace[0]: Still creating... [02m10s elapsed]
docker_container.workspace[0]: Still creating... [02m20s elapsed]
docker_container.workspace[0]: Still creating... [02m30s elapsed]
docker_container.workspace[0]: Still creating... [02m40s elapsed]
docker_container.workspace[0]: Still creating... [02m50s elapsed]
docker_container.workspace[0]: Creation complete after 2m55s [id=79a270344e3f9a651fdcde67dd9021d3a7dfcc293c3cb44bb7d1a8f5274b9cb3]
coder_metadata.workspace_info[0]: Creating...
coder_metadata.workspace_info[0]: Creation complete after 0s [id=d21dfeb9-af6f-4515-a391-0aacbd21c520]

Apply complete! Resources: 7 added, 0 changed, 0 destroyed.

--- ERRORS ---",
terrads_2c9e06cfca9a,Zenodo/TerraDS,iac_benchmark/scenarios/terrads_2c9e06cfca9a,89,480,5,0,2,True,True,0,0,0,0,0,True,"--- INIT LOG ---
Initializing provider plugins...
- Finding latest version of hashicorp/aws...
- Installing hashicorp/aws v6.53.0...
- Installed hashicorp/aws v6.53.0 (signed by HashiCorp)
Terraform has created a lock file .terraform.lock.hcl to record the provider
selections it made above. Include this file in your version control repository
so that Terraform can guarantee to make the same selections by default when
you run ""terraform init"" in the future.

Terraform has been successfully initialized!

You may now begin working with Terraform. Try running ""terraform plan"" to see
any changes th

...[LOG TRUNCATED]...

r 1s [id=test_destination]
aws_cloudwatch_log_destination_policy.test_destination_policy: Creating...
aws_cloudwatch_log_destination_policy.test_destination_policy: Creation complete after 0s [id=test_destination]

Warning: Deprecated attribute

  on main.tf line 39, in resource ""aws_iam_role"" ""iam_for_cloudwatch"":
  39:           ""Service"": ""logs.${data.aws_region.current.name}.amazonaws.com""

The attribute ""name"" is deprecated. Refer to the provider documentation for
details.

(and 3 more similar warnings elsewhere)

Apply complete! Resources: 5 added, 0 changed, 0 destroyed.

--- ERRORS ---",
terrads_d69bbf90da6e,Zenodo/TerraDS,iac_benchmark/scenarios/terrads_d69bbf90da6e,50,278,2,3,1,True,True,0,0,0,0,0,True,"--- INIT LOG ---
Initializing provider plugins...
- Finding kreuzwerker/docker versions matching ""~> 2.22.0""...
- Finding latest version of hashicorp/aws...
- Installing kreuzwerker/docker v2.22.0...
- Installed kreuzwerker/docker v2.22.0 (self-signed, key ID BD080C4571C6104C)
- Installing hashicorp/aws v6.54.0...
- Installed hashicorp/aws v6.54.0 (signed by HashiCorp)
Partner and community providers are signed by their developers.
If you'd like to know more about provider signing, you can read about it here:
https://developer.hashicorp.com/terraform/cli/plugins/signing
Terraform has created a

...[LOG TRUNCATED]...

 elapsed]
docker_image.nginx: Still creating... [00m20s elapsed]
docker_image.nginx: Still creating... [00m30s elapsed]
docker_image.nginx: Still creating... [00m40s elapsed]
docker_image.nginx: Still creating... [00m50s elapsed]
docker_image.nginx: Creation complete after 54s [id=sha256:f5747a42e3adcb3168049d63278d7251d91185bb5111d2563d58729a5c9179b0nginx:1.23.4]
docker_container.nginx: Creating...
docker_container.nginx: Creation complete after 0s [id=37c53ba4c819aa76408c43f9626a90a4ec49450d0bf3f16e2b59d755be136462]

Apply complete! Resources: 2 added, 0 changed, 0 destroyed.

--- ERRORS ---",
terrads_2bd05651769e,Zenodo/TerraDS,iac_benchmark/scenarios/terrads_2bd05651769e,234,1391,8,11,3,True,True,0,0,0,0,0,True,"--- INIT LOG ---
Initializing provider plugins...
- Finding latest version of hashicorp/aws...
- Installing hashicorp/aws v6.54.0...
- Installed hashicorp/aws v6.54.0 (signed by HashiCorp)
Terraform has created a lock file .terraform.lock.hcl to record the provider
selections it made above. Include this file in your version control repository
so that Terraform can guarantee to make the same selections by default when
you run ""terraform init"" in the future.

Terraform has been successfully initialized!

You may now begin working with Terraform. Try running ""terraform plan"" to see
any changes th

...[LOG TRUNCATED]...

0]
aws_route_table.rt_rtb: Creation complete after 1s [id=rtb-c320315c9f6eeb158]
aws_route_table_association.rt_assoc_public: Creating...
aws_route_table_association.rt_assoc_public: Creation complete after 0s [id=rtbassoc-1eddc9b862c174c36]
aws_security_group.sg_webserver: Creation complete after 1s [id=sg-4f000eb5718d3b547]

Apply complete! Resources: 8 added, 0 changed, 0 destroyed.

Outputs:

private_subnet_output = ""subnet-5f3271214eca26b1c""
public_subnet_output = ""subnet-97f67fa6b6788b0f2""
sg_rds_output = ""sg-6b89ce857dd4b96c0""
sg_webserver_output = ""sg-4f000eb5718d3b547""

--- ERRORS ---",
terrads_a76480be55f4,Zenodo/TerraDS,iac_benchmark/scenarios/terrads_a76480be55f4,76,462,2,1,1,True,True,0,0,0,0,0,True,"--- INIT LOG ---
Initializing provider plugins...
- Finding latest version of hashicorp/aws...
- Installing hashicorp/aws v6.53.0...
- Installed hashicorp/aws v6.53.0 (signed by HashiCorp)
Terraform has created a lock file .terraform.lock.hcl to record the provider
selections it made above. Include this file in your version control repository
so that Terraform can guarantee to make the same selections by default when
you run ""terraform init"" in the future.

Terraform has been successfully initialized!

You may now begin working with Terraform. Try running ""terraform plan"" to see
any changes th

...[LOG TRUNCATED]...

after 0s [id=sg-af70a30b33134f4c7]
aws_security_group_rule.allowssh[1]: Creating...
aws_security_group_rule.allowssh[0]: Creating...
aws_security_group_rule.allowssh[2]: Creating...
aws_security_group_rule.allowssh[1]: Creation complete after 0s [id=sgrule-2733202272]
aws_security_group_rule.allowssh[0]: Creation complete after 0s [id=sgrule-342034133]
aws_security_group_rule.allowssh[2]: Creation complete after 0s [id=sgrule-1063723968]

Apply complete! Resources: 4 added, 0 changed, 0 destroyed.

Outputs:

security_group_id = ""sg-af70a30b33134f4c7""
security_group_name = ""web""

--- ERRORS ---",
gh_ee089b0d,Tianyi2/IRIS,iac_benchmark/scenarios/gh_ee089b0d,292,2251,16,0,4,True,True,0,0,1,0,0,True,"--- INIT LOG ---
Initializing provider plugins...
- Finding latest version of hashicorp/aws...
- Installing hashicorp/aws v6.51.0...
- Installed hashicorp/aws v6.51.0 (signed by HashiCorp)
Terraform has created a lock file .terraform.lock.hcl to record the provider
selections it made above. Include this file in your version control repository
so that Terraform can guarantee to make the same selections by default when
you run ""terraform init"" in the future.

Terraform has been successfully initialized!

You may now begin working with Terraform. Try running ""terraform plan"" to see
any changes that are required for your infrastructure. All Terraform commands
should now work.

If you ever set or change modules or backend configuration for Terraform,
rerun this command to reinitialize your working directory. If you forget, other
commands will detect it and remind you to do so if necessary.

--- APPLY LOG ---
data.aws_iam_policy.AWSElasticDisasterRecoveryFailbackPolicy: Reading...
data.aws_iam_policy.AWSElasticDisasterRecoveryRecoveryInstancePolicy: Reading...
data.aws_iam_policy.AWSElasticDisasterRecoveryReplicationServerPolicy: Reading...
data.aws_iam_policy.AmazonSSMManagedInstanceCore: Reading...
data.aws_iam_policy.AWSElasticDisasterRecoveryAgentPolicy: Reading...
data.aws_iam_policy.AWSElasticDisasterRecoveryConversionServerPolicy: Reading...
data.aws_caller_identity.current: Reading...
data.aws_caller_identity.current: Read complete after 0s [id=000000000000]
data.aws_iam_po

...[LOG TRUNCATED]...

arn:aws:iam::aws:policy/AmazonSSMManagedInstanceCore]
aws_iam_role_policy_attachment.AWSElasticDisasterRecoveryAgentRole: Creation complete after 0s [id=AWSElasticDisasterRecoveryAgentRole/arn:aws:iam::aws:policy/service-role/AWSElasticDisasterRecoveryAgentPolicy]
aws_iam_role_policy_attachment.AWSElasticDisasterRecoveryRecoveryInstanceWithLaunchActionsRole1: Creation complete after 0s [id=AWSElasticDisasterRecoveryRecoveryInstanceWithLaunchActionsRole/arn:aws:iam::aws:policy/service-role/AWSElasticDisasterRecoveryRecoveryInstancePolicy]
aws_iam_role_policy_attachment.Initializer: Creation complete after 0s [id=AWSElasticDisasterRecoveryInitializerRole/arn:aws:iam::000000000000:policy/InitializePolicy]
aws_iam_role_policy_attachment.AWSElasticDisasterRecoveryConversionServerRole: Creation complete after 0s [id=AWSElasticDisasterRecoveryConversionServerRole/arn:aws:iam::aws:policy/service-role/AWSElasticDisasterRecoveryConversionServerPolicy]
aws_iam_role_policy_attachment.AWSElasticDisasterRecoveryFailbackRole: Creation complete after 0s [id=AWSElasticDisasterRecoveryFailbackRole/arn:aws:iam::aws:policy/service-role/AWSElasticDisasterRecoveryFailbackPolicy]
aws_iam_role_policy_attachment.AWSElasticDisasterRecoveryReplicationServerRole: Creation complete after 0s [id=AWSElasticDisasterRecoveryReplicationServerRole/arn:aws:iam::aws:policy/service-role/AWSElasticDisasterRecoveryReplicationServerPolicy]

Apply complete! Resources: 16 added, 0 changed, 0 destroyed.

--- ERRORS ---",
terrads_46556c7a134d,Zenodo/TerraDS,iac_benchmark/scenarios/terrads_46556c7a134d,716,5139,11,37,4,True,True,0,0,0,0,0,True,"--- INIT LOG ---
Initializing provider plugins...
- Finding hashicorp/aws versions matching "">= 4.47.0""...
- Installing hashicorp/aws v6.53.0...
- Installed hashicorp/aws v6.53.0 (signed by HashiCorp)
Terraform has created a lock file .terraform.lock.hcl to record the provider
selections it made above. Include this file in your version control repository
so that Terraform can guarantee to make the same selections by default when
you run ""terraform init"" in the future.

Terraform has been successfully initialized!

You may now begin working with Terraform. Try running ""terraform plan"" to see
an

...[LOG TRUNCATED]...

instance_profile_unique = ""AIPAQAAAAAAAN7Q3SD7T3""
irsa_arn = ""arn:aws:iam::000000000000:role/KarpenterIRSA--8502883af1d96c362c1e5fbac4""
irsa_name = ""KarpenterIRSA--8502883af1d96c362c1e5fbac4""
irsa_unique_id = ""AROAQAAAAAAAM4MEV54N4""
queue_arn = ""arn:aws:sqs:us-east-1:000000000000:Karpenter-""
queue_name = ""Karpenter-""
queue_url = ""http://sqs.us-east-1.localhost.localstack.cloud:4566/000000000000/Karpenter-""
role_arn = ""arn:aws:iam::000000000000:role/Karpenter--1d9730170e83baa4db7c4c46bb""
role_name = ""Karpenter--1d9730170e83baa4db7c4c46bb""
role_unique_id = ""AROAQAAAAAAABL7ENUP2U""

--- ERRORS ---","NON-JSON OUTPUT:
"
gh_5adca94f,Tianyi2/IRIS,iac_benchmark/scenarios/gh_5adca94f,108,664,8,0,2,True,True,0,0,0,0,0,True,"--- INIT LOG ---
Initializing provider plugins...
- Finding latest version of hashicorp/aws...
- Installing hashicorp/aws v6.53.0...
- Installed hashicorp/aws v6.53.0 (signed by HashiCorp)
Terraform has created a lock file .terraform.lock.hcl to record the provider
selections it made above. Include this file in your version control repository
so that Terraform can guarantee to make the same selections by default when
you run ""terraform init"" in the future.

Terraform has been successfully initialized!

You may now begin working with Terraform. Try running ""terraform plan"" to see
any changes th

...[LOG TRUNCATED]...

3cc7d57ac1]
aws_route_table.private-rtb: Creation complete after 0s [id=rtb-1e02bc1dd724f950e]
aws_security_group.allow-public-outbound-sg: Creation complete after 0s [id=sg-0b8405c1cce9a56dd]
aws_instance.test: Creating...
aws_vpc_endpoint.dynamodb-vpce-gw: Creation complete after 5s [id=vpce-84a8cb21dbcf923ae]
aws_dynamodb_table.basic-dynamodb-table: Creation complete after 6s [id=GameScores]
aws_instance.test: Still creating... [00m10s elapsed]
aws_instance.test: Creation complete after 10s [id=i-49ac5528b54cb1cc5]

Apply complete! Resources: 8 added, 0 changed, 0 destroyed.

--- ERRORS ---",
terrads_ab29a89ae386,Zenodo/TerraDS,iac_benchmark/scenarios/terrads_ab29a89ae386,89,534,4,1,2,True,True,0,0,0,0,0,True,"--- INIT LOG ---
Initializing provider plugins...
- Finding latest version of hashicorp/aws...
- Installing hashicorp/aws v6.54.0...
- Installed hashicorp/aws v6.54.0 (signed by HashiCorp)
Terraform has created a lock file .terraform.lock.hcl to record the provider
selections it made above. Include this file in your version control repository
so that Terraform can guarantee to make the same selections by default when
you run ""terraform init"" in the future.

Terraform has been successfully initialized!

You may now begin working with Terraform. Try running ""terraform plan"" to see
any changes th

...[LOG TRUNCATED]...

_cloudfront_distribution.main: Still creating... [00m10s elapsed]
aws_cloudfront_distribution.main: Still creating... [00m20s elapsed]
aws_cloudfront_distribution.main: Still creating... [00m30s elapsed]
aws_cloudfront_distribution.main: Creation complete after 30s [id=7e5fca0f]
aws_s3_bucket_policy.main: Creating...
aws_s3_bucket_policy.main: Creation complete after 0s [id=my-bucket-0fiesvn0oj]

Apply complete! Resources: 4 added, 0 changed, 0 destroyed.

Outputs:

cloudfront_domain_name = ""7e5fca0f.cloudfront.localhost.localstack.cloud""
s3_bucket_name = ""my-bucket-0fiesvn0oj""

--- ERRORS ---",
terrads_08f3037a110d,Zenodo/TerraDS,iac_benchmark/scenarios/terrads_08f3037a110d,340,2489,6,23,3,True,True,0,0,0,0,0,True,"--- INIT LOG ---
Initializing provider plugins...
- Finding latest version of hashicorp/aws...
- Finding latest version of hashicorp/null...
- Finding latest version of hashicorp/kubernetes...
- Installing hashicorp/aws v6.54.0...
- Installed hashicorp/aws v6.54.0 (signed by HashiCorp)
- Installing hashicorp/null v3.3.0...
- Installed hashicorp/null v3.3.0 (signed by HashiCorp)
- Installing hashicorp/kubernetes v3.2.1...
- Installed hashicorp/kubernetes v3.2.1 (signed by HashiCorp)
Terraform has created a lock file .terraform.lock.hcl to record the provider
selections it made above. Include th

...[LOG TRUNCATED]...

 see
any changes that are required for your infrastructure. All Terraform commands
should now work.

If you ever set or change modules or backend configuration for Terraform,
rerun this command to reinitialize your working directory. If you forget, other
commands will detect it and remind you to do so if necessary.

--- APPLY LOG ---

No changes. Your infrastructure matches the configuration.

Terraform has compared your real infrastructure against your configuration
and found no differences, so no changes are needed.

Apply complete! Resources: 0 added, 0 changed, 0 destroyed.

--- ERRORS ---",
terrads_e43385f0db48,Zenodo/TerraDS,iac_benchmark/scenarios/terrads_e43385f0db48,92,722,3,0,2,True,True,0,0,0,0,0,True,"--- INIT LOG ---
Initializing provider plugins...
- Finding hashicorp/aws versions matching "">= 5.0.0""...
- Installing hashicorp/aws v6.53.0...
- Installed hashicorp/aws v6.53.0 (signed by HashiCorp)
Terraform has created a lock file .terraform.lock.hcl to record the provider
selections it made above. Include this file in your version control repository
so that Terraform can guarantee to make the same selections by default when
you run ""terraform init"" in the future.

Terraform has been successfully initialized!

You may now begin working with Terraform. Try running ""terraform plan"" to see
any

...[LOG TRUNCATED]...

rraform-2073206b8b3f0b9094220484f4]

Warning: Argument is deprecated

  with aws_iam_role.example_1_role,
  on example_1.tf line 32, in resource ""aws_iam_role"" ""example_1_role"":
  32:   managed_policy_arns = []

managed_policy_arns is deprecated. Use the aws_iam_role_policy_attachment
resource instead. If Terraform should exclusively manage all managed policy
attachments (the current behavior of this argument), use the
aws_iam_role_policy_attachments_exclusive resource as well.

(and 5 more similar warnings elsewhere)

Apply complete! Resources: 3 added, 0 changed, 0 destroyed.

--- ERRORS ---","NON-JSON OUTPUT:
"
terrads_0cbe861f6c91,Zenodo/TerraDS,iac_benchmark/scenarios/terrads_0cbe861f6c91,95,587,3,0,2,True,True,0,0,0,0,0,True,"--- INIT LOG ---
Initializing modules...
Downloading git::https://github.com/terraform-aws-modules/terraform-aws-vpc.git?ref=v5.1.2 for vpc...
- vpc in .terraform/modules/vpc
Initializing provider plugins...
- Finding hashicorp/aws versions matching "">= 5.0.0, >= 5.3.0""...
- Installing hashicorp/aws v6.53.0...
- Installed hashicorp/aws v6.53.0 (signed by HashiCorp)
Terraform has created a lock file .terraform.lock.hcl to record the provider
selections it made above. Include this file in your version control repository
so that Terraform can guarantee to make the same selections by default when


...[LOG TRUNCATED]...

 data.aws_region.current.name

The attribute ""name"" is deprecated. Refer to the provider documentation for
details.

(and 2 more similar warnings elsewhere)

Apply complete! Resources: 26 added, 0 changed, 0 destroyed.

Outputs:

private_subnet_ids = [
  ""subnet-3fd8cdbec925d572a"",
  ""subnet-bfa414e60fdf70cdf"",
  ""subnet-9ad5cb9d9aa4d8c81"",
]
private_subnets_cidr_blocks = tolist([
  ""10.0.4.0/24"",
  ""10.0.5.0/24"",
  ""10.0.6.0/24"",
])
public_subnet_ids = [
  ""subnet-f0d6a309673b832b3"",
  ""subnet-fc0cf04d642a5e457"",
  ""subnet-ad4986ed6eed7146d"",
]
vpc_id = ""vpc-b6849480139ab2824""

--- ERRORS ---","NON-JSON OUTPUT:
"
gh_4e510832,Tianyi2/IRIS,iac_benchmark/scenarios/gh_4e510832,40,274,4,0,1,True,True,0,0,0,6,0,True,"--- INIT LOG ---
Initializing provider plugins...
- Finding latest version of hashicorp/aws...
- Installing hashicorp/aws v6.52.0...
- Installed hashicorp/aws v6.52.0 (signed by HashiCorp)
Terraform has created a lock file .terraform.lock.hcl to record the provider
selections it made above. Include this file in your version control repository
so that Terraform can guarantee to make the same selections by default when
you run ""terraform init"" in the future.

Terraform has been successfully initialized!

You may now begin working with Terraform. Try running ""terraform plan"" to see
any changes that are required for your infrastructure. All Terraform commands
should now work.

If you ever set or change modules or backend configuration for Terraform,
rerun this command to reinitialize your working directory. If you forget, other
commands will detect it and remind you to do so if necessary.

--- APPLY LOG ---

Terraform used the selected providers to generate the following execution
plan. Resource actions are indicated with the following symbols:
  + create

Terraform will perform the following actions:

  # aws_security_group.allow_tls_ingress_inline will be created
  + resource ""aws_security_group"" ""allow_tls_ingress_inline"" {
      + arn                    = (known after apply)
      + description            = ""Managed by Terraform""
      + egress                 = (known after apply)
      + id                     = (known after apply)
      + ingress                = [
       

...[LOG TRUNCATED]...

   + self                     = false
      + source_security_group_id = (known after apply)
      + to_port                  = 53
      + type                     = ""ingress""
    }

  # aws_security_group_rule.port_80 will be created
  + resource ""aws_security_group_rule"" ""port_80"" {
      + cidr_blocks              = [
          + ""0.0.0.0/0"",
        ]
      + from_port                = 80
      + id                       = (known after apply)
      + protocol                 = ""tcp""
      + region                   = ""us-east-1""
      + security_group_id        = (known after apply)
      + security_group_rule_id   = (known after apply)
      + self                     = false
      + source_security_group_id = (known after apply)
      + to_port                  = 80
      + type                     = ""ingress""
    }

Plan: 4 to add, 0 to change, 0 to destroy.
aws_security_group.something_else: Creating...
aws_security_group.allow_tls_ingress_inline: Creating...
aws_security_group.something_else: Creation complete after 2s [id=sg-c958a0bcf7d6e7221]
aws_security_group_rule.port_53: Creating...
aws_security_group_rule.port_80: Creating...
aws_security_group_rule.port_80: Creation complete after 0s [id=sgrule-4077610938]
aws_security_group_rule.port_53: Creation complete after 0s [id=sgrule-1618037650]
aws_security_group.allow_tls_ingress_inline: Creation complete after 2s [id=sg-b24fa22276340cdbe]

Apply complete! Resources: 4 added, 0 changed, 0 destroyed.

--- ERRORS ---",
terrads_c0bb73444140,Zenodo/TerraDS,iac_benchmark/scenarios/terrads_c0bb73444140,76,549,2,4,1,True,True,0,0,0,0,0,True,"--- INIT LOG ---
Initializing provider plugins...
- Finding hashicorp/aws versions matching "">= 3.36.0, != 4.0.0, != 4.1.0, != 4.2.0, != 4.3.0, != 4.4.0, != 4.5.0, != 4.6.0, != 4.7.0, != 4.8.0""...
- Installing hashicorp/aws v6.52.0...
- Installed hashicorp/aws v6.52.0 (signed by HashiCorp)
Terraform has created a lock file .terraform.lock.hcl to record the provider
selections it made above. Include this file in your version control repository
so that Terraform can guarantee to make the same selections by default when
you run ""terraform init"" in the future.

Terraform has been successfully init

...[LOG TRUNCATED]...

to Outputs:
  + tamr_instance_profile_id = (known after apply)
  + tamr_instance_role_name  = (known after apply)
aws_iam_role.tamr_user_iam_role: Creating...
aws_iam_role.tamr_user_iam_role: Creation complete after 0s [id=tamr-instance-role]
aws_iam_instance_profile.tamr_user_instance_profile: Creating...
aws_iam_instance_profile.tamr_user_instance_profile: Creation complete after 6s [id=tamr-instance-profile]

Apply complete! Resources: 2 added, 0 changed, 0 destroyed.

Outputs:

tamr_instance_profile_id = ""tamr-instance-profile""
tamr_instance_role_name = ""tamr-instance-role""

--- ERRORS ---","NON-JSON OUTPUT:
"
gh_2c3e1807,Tianyi2/IRIS,iac_benchmark/scenarios/gh_2c3e1807,108,558,4,4,2,True,True,0,0,0,0,0,True,"NON-JSON OUTPUT:
",
gh_254d7b8f,Tianyi2/IRIS,iac_benchmark/scenarios/gh_254d7b8f,878,6687,9,70,4,True,True,0,0,0,0,0,True,"--- INIT LOG ---
Initializing provider plugins...
- Finding latest version of hashicorp/aws...
- Installing hashicorp/aws v6.52.0...
- Installed hashicorp/aws v6.52.0 (signed by HashiCorp)
Terraform has created a lock file .terraform.lock.hcl to record the provider
selections it made above. Include this file in your version control repository
so that Terraform can guarantee to make the same selections by default when
you run ""terraform init"" in the future.

Terraform has been successfully initialized!

You may now begin working with Terraform. Try running ""terraform plan"" to see
any changes that are required for your infrastructure. All Terraform commands
should now work.

If you ever set or change modules or backend configuration for Terraform,
rerun this command to reinitialize your working directory. If you forget, other
commands will detect it and remind you to do so if necessary.

--- APPLY LOG ---

Changes to Outputs:
  + config_aggregate_authorization_arn   = """"
  + config_config_rule_arn               = """"
  + config_config_rule_id                = """"
  + config_configuration_aggregator_arn  = """"
  + config_configuration_recorder_id     = """"
  + config_delivery_channel_id           = """"
  + config_organization_custom_rule_arn  = """"
  + config_organization_managed_rule_arn = """"
  + config_remediation_configuration_id  = """"

You can apply this plan to save these new output values to the Terraform
state, without changing any real infrastructure.

Apply complete! Resources: 0 added, 0 changed, 0 destroyed.

Outputs:

config_aggregate_authorization_arn = """"
config_config_rule_arn = """"
config_config_rule_id = """"
config_configuration_aggregator_arn = """"
config_configuration_recorder_id = """"
config_delivery_channel_id = """"
config_organization_custom_rule_arn = """"
config_organization_managed_rule_arn = """"
config_remediation_configuration_id = """"

--- ERRORS ---",
gh_dd2c5a57,Tianyi2/IRIS,iac_benchmark/scenarios/gh_dd2c5a57,44,253,4,0,1,True,True,0,0,0,4,0,True,"--- INIT LOG ---
Initializing provider plugins...
- Finding latest version of hashicorp/aws...
- Installing hashicorp/aws v6.51.0...
- Installed hashicorp/aws v6.51.0 (signed by HashiCorp)
Terraform has created a lock file .terraform.lock.hcl to record the provider
selections it made above. Include this file in your version control repository
so that Terraform can guarantee to make the same selections by default when
you run ""terraform init"" in the future.

Terraform has been successfully initialized!

You may now begin working with Terraform. Try running ""terraform plan"" to see
any changes that are required for your infrastructure. All Terraform commands
should now work.

If you ever set or change modules or backend configuration for Terraform,
rerun this command to reinitialize your working directory. If you forget, other
commands will detect it and remind you to do so if necessary.

--- APPLY LOG ---

Terraform used the selected providers to generate the following execution
plan. Resource actions are indicated with the following symbols:
  + create

Terraform will perform the following actions:

  # aws_security_group.egress_all_protocols will be created
  + resource ""aws_security_group"" ""egress_all_protocols"" {
      + arn                    = (known after apply)
      + description            = ""Allow ALL traffic""
      + egress                 = [
          + {
              + cidr_blocks      = []
              + from_port        = 0
              + ipv6_cidr_blocks = 

...[LOG TRUNCATED]...

     + from_port        = 10000
              + ipv6_cidr_blocks = []
              + prefix_list_ids  = []
              + protocol         = ""udp""
              + security_groups  = []
              + self             = false
              + to_port          = 10000
                # (1 unchanged attribute hidden)
            },
        ]
      + id                     = (known after apply)
      + ingress                = (known after apply)
      + name                   = ""allow_udp""
      + name_prefix            = (known after apply)
      + owner_id               = (known after apply)
      + region                 = ""us-east-1""
      + revoke_rules_on_delete = false
      + tags_all               = (known after apply)
      + vpc_id                 = (known after apply)
    }

Plan: 4 to add, 0 to change, 0 to destroy.
aws_security_group.egress_udp_protocol: Creating...
aws_security_group.egress_tcp_protocol: Creating...
aws_security_group.egress_icmp_protocol: Creating...
aws_security_group.egress_all_protocols: Creating...
aws_security_group.egress_udp_protocol: Creation complete after 0s [id=sg-c2fd2316927e2b78b]
aws_security_group.egress_tcp_protocol: Creation complete after 0s [id=sg-c55b69a0c496ee30e]
aws_security_group.egress_all_protocols: Creation complete after 0s [id=sg-ab0b7f37495af9a4e]
aws_security_group.egress_icmp_protocol: Creation complete after 0s [id=sg-8171f2c7bb571502d]

Apply complete! Resources: 4 added, 0 changed, 0 destroyed.

--- ERRORS ---",
terrads_82f0be7b1d92,Zenodo/TerraDS,iac_benchmark/scenarios/terrads_82f0be7b1d92,177,1186,2,12,2,True,True,0,0,0,0,0,True,"--- INIT LOG ---
Initializing provider plugins...
- Finding hashicorp/aws versions matching "">= 4.0.0""...
- Installing hashicorp/aws v6.53.0...
- Installed hashicorp/aws v6.53.0 (signed by HashiCorp)
Terraform has created a lock file .terraform.lock.hcl to record the provider
selections it made above. Include this file in your version control repository
so that Terraform can guarantee to make the same selections by default when
you run ""terraform init"" in the future.

Terraform has been successfully initialized!

You may now begin working with Terraform. Try running ""terraform plan"" to see
any

...[LOG TRUNCATED]...

hanges to Outputs:
  + iam_role_arn       = (known after apply)
  + iam_role_name      = (known after apply)
  + iam_role_path      = ""/""
  + iam_role_unique_id = (known after apply)
aws_iam_role.this[0]: Creating...
aws_iam_role.this[0]: Creation complete after 0s [id=terraform-2df43455997bde738fb0660397]

Apply complete! Resources: 1 added, 0 changed, 0 destroyed.

Outputs:

iam_role_arn = ""arn:aws:iam::000000000000:role/terraform-2df43455997bde738fb0660397""
iam_role_name = ""terraform-2df43455997bde738fb0660397""
iam_role_path = ""/""
iam_role_unique_id = ""AROAQAAAAAAAH653YISCV""

--- ERRORS ---","NON-JSON OUTPUT:
"
terrads_112ae1785e22,Zenodo/TerraDS,iac_benchmark/scenarios/terrads_112ae1785e22,30,152,2,0,1,True,True,0,0,0,0,0,True,"--- INIT LOG ---
Initializing provider plugins...
- Finding latest version of hashicorp/http...
- Finding latest version of hashicorp/aws...
- Finding latest version of hashicorp/random...
- Installing hashicorp/http v3.6.0...
- Installed hashicorp/http v3.6.0 (signed by HashiCorp)
- Installing hashicorp/aws v6.53.0...
- Installed hashicorp/aws v6.53.0 (signed by HashiCorp)
- Installing hashicorp/random v3.9.0...
- Installed hashicorp/random v3.9.0 (signed by HashiCorp)
Terraform has created a lock file .terraform.lock.hcl to record the provider
selections it made above. Include this file in y

...[LOG TRUNCATED]...

refix: Creating...
random_string.env_prefix: Creation complete after 0s [id=ri8kfu1c]
random_string.admin_password: Creation complete after 0s [id=PCoCGarB5Yt3RksJ]

Warning: Deprecated attribute

  on util.tf line 24, in output ""local_public_ip"":
  24:   value = chomp(data.http.myip.body)

The attribute ""body"" is deprecated. Refer to the provider documentation for
details.

(and one more similar warning elsewhere)

Apply complete! Resources: 2 added, 0 changed, 0 destroyed.

Outputs:

admin_password = ""PCoCGarB5Yt3RksJ""
env_prefix = ""ri8kfu1c""
local_public_ip = ""203.144.11.86""

--- ERRORS ---",
terrads_e77efcb93a5f,Zenodo/TerraDS,iac_benchmark/scenarios/terrads_e77efcb93a5f,48,286,3,0,1,True,True,0,0,0,0,0,True,"--- INIT LOG ---
Initializing provider plugins...
- Finding latest version of hashicorp/aws...
- Installing hashicorp/aws v6.54.0...
- Installed hashicorp/aws v6.54.0 (signed by HashiCorp)
Terraform has created a lock file .terraform.lock.hcl to record the provider
selections it made above. Include this file in your version control repository
so that Terraform can guarantee to make the same selections by default when
you run ""terraform init"" in the future.

Terraform has been successfully initialized!

You may now begin working with Terraform. Try running ""terraform plan"" to see
any changes th

...[LOG TRUNCATED]...

 ""aws_s3_bucket"" ""inkaku_ink"":
   9: resource ""aws_s3_bucket"" ""inkaku_ink"" {

website is deprecated. Use the aws_s3_bucket_website_configuration resource
instead.

(and 8 more similar warnings elsewhere)

Warning: Deprecated attribute

  on i.tf line 43, in resource ""aws_route53_record"" ""inkaku_ink_root"":
  43:     name                   = ""${aws_s3_bucket.inkaku_ink.website_domain}""

The attribute ""website_domain"" is deprecated. Refer to the provider
documentation for details.

(and 3 more similar warnings elsewhere)

Apply complete! Resources: 3 added, 0 changed, 0 destroyed.

--- ERRORS ---",
terrads_17e10ab4f8c4,Zenodo/TerraDS,iac_benchmark/scenarios/terrads_17e10ab4f8c4,93,535,6,0,2,True,True,0,0,0,0,0,True,"--- INIT LOG ---
Initializing provider plugins...
- Finding kreuzwerker/docker versions matching ""~> 2.22.0""...
- Finding hashicorp/random versions matching ""~> 3.1.0""...
- Finding hashicorp/time versions matching ""~> 0.7.2""...
- Finding latest version of hashicorp/aws...
- Installing hashicorp/aws v6.53.0...
- Installed hashicorp/aws v6.53.0 (signed by HashiCorp)
- Installing kreuzwerker/docker v2.22.0...
- Installed kreuzwerker/docker v2.22.0 (self-signed, key ID BD080C4571C6104C)
- Installing hashicorp/random v3.1.3...
- Installed hashicorp/random v3.1.3 (signed by HashiCorp)
- Installing h

...[LOG TRUNCATED]...

n complete after 2m0s [id=2026-07-08T04:44:19Z]
docker_container.data: Creating...
docker_container.data: Creation complete after 0s [id=968c4d98b1f4c6f3ea548a4d6c65fb9adcd62d8da92272aa2cd802c4cf6d55dc]

Apply complete! Resources: 9 added, 0 changed, 0 destroyed.

Outputs:

nginx_hosts = [
  {
    ""host"" = ""0.0.0.0:8000""
    ""name"" = ""nginx-notable-mule-0""
  },
  {
    ""host"" = ""0.0.0.0:8001""
    ""name"" = ""nginx-notable-mule-1""
  },
  {
    ""host"" = ""0.0.0.0:8002""
    ""name"" = ""nginx-notable-mule-2""
  },
  {
    ""host"" = ""0.0.0.0:8003""
    ""name"" = ""nginx-notable-mule-3""
  },
]

--- ERRORS ---",
gh_0624a1f2,Tianyi2/IRIS,iac_benchmark/scenarios/gh_0624a1f2,296,2251,6,8,3,True,True,0,0,0,0,0,True,"--- INIT LOG ---
Initializing provider plugins...
- Finding integrations/github versions matching ""~> 5.3""...
- Finding latest version of hashicorp/aws...
- Installing integrations/github v5.45.0...
- Installed integrations/github v5.45.0 (signed by a HashiCorp partner, key ID 38027F80D7FD5FB2)
- Installing hashicorp/aws v6.52.0...
- Installed hashicorp/aws v6.52.0 (signed by HashiCorp)
Partner and community providers are signed by their developers.
If you'd like to know more about provider signing, you can read about it here:
https://developer.hashicorp.com/terraform/cli/plugins/signing
Terraform has created a lock file .terraform.lock.hcl to record the provider
selections it made above. Include this file in your version control repository
so that Terraform can guarantee to make the same selections by default when
you run ""terraform init"" in the future.

Terraform has been successfully initialized!

You may now begin working with Terraform. Try running ""terraform plan"" to see
any changes that are required for your infrastructure. All Terraform commands
should now work.

If you ever set or change modules or backend configuration for Terraform,
rerun this command to reinitialize your working directory. If you forget, other
commands will detect it and remind you to do so if necessary.

--- APPLY LOG ---

Changes to Outputs:
  + all_members_team = {}
  + blocked_users    = {}
  + memberships      = {}
  + projects         = {}
  + settings         = {}

You can apply this plan to save these new output values to the Terraform
state, without changing any real infrastructure.

Apply complete! Resources: 0 added, 0 changed, 0 destroyed.

Outputs:

all_members_team = {}
blocked_users = {}
memberships = {}
projects = {}
settings = {}

--- ERRORS ---",
gh_3aa7c310,Tianyi2/IRIS,iac_benchmark/scenarios/gh_3aa7c310,62,459,3,0,1,True,True,0,0,0,0,0,True,"--- INIT LOG ---
Initializing provider plugins...
- Finding hashicorp/aws versions matching ""~> 5.0""...
- Installing hashicorp/aws v5.100.0...
- Installed hashicorp/aws v5.100.0 (signed by HashiCorp)
Terraform has created a lock file .terraform.lock.hcl to record the provider
selections it made above. Include this file in your version control repository
so that Terraform can guarantee to make the same selections by default when
you run ""terraform init"" in the future.

Terraform has been successfully initialized!

You may now begin working with Terraform. Try running ""terraform plan"" to see
any changes that are required for your infrastructure. All Terraform commands
should now work.

If you ever set or change modules or backend configuration for Terraform,
rerun this command to reinitialize your working directory. If you forget, other
commands will detect it and remind you to do so if necessary.

--- APPLY LOG ---
data.aws_iam_policy_document.assume_role: Reading...
data.aws_iam_policy_document.assume_role: Read complete after 0s [id=2851119427]

Terraform used the selected providers to generate the following execution
plan. Resource actions are indicated with the following symbols:
  + create

Terraform will perform the following actions:

  # aws_iam_instance_profile.rds_instance_profile will be created
  + resource ""aws_iam_instance_profile"" ""rds_instance_profile"" {
      + arn         = (known after apply)
      + create_date = (known after apply)
      + id          = (k

...[LOG TRUNCATED]...

= (known after apply)
      + force_detach_policies = false
      + id                    = (known after apply)
      + managed_policy_arns   = (known after apply)
      + max_session_duration  = 3600
      + name                  = ""AWSRDSCustomSQLServerInstanceRole""
      + name_prefix           = (known after apply)
      + path                  = ""/""
      + tags_all              = (known after apply)
      + unique_id             = (known after apply)

      + inline_policy (known after apply)
    }

  # aws_iam_role_policy_attachment.rds_role_policy_attachment will be created
  + resource ""aws_iam_role_policy_attachment"" ""rds_role_policy_attachment"" {
      + id         = (known after apply)
      + policy_arn = ""arn:aws:iam::aws:policy/AmazonRDSCustomInstanceProfileRolePolicy""
      + role       = ""AWSRDSCustomSQLServerInstanceRole""
    }

Plan: 3 to add, 0 to change, 0 to destroy.
aws_iam_role.rds_role: Creating...
aws_iam_role.rds_role: Creation complete after 0s [id=AWSRDSCustomSQLServerInstanceRole]
aws_iam_role_policy_attachment.rds_role_policy_attachment: Creating...
aws_iam_instance_profile.rds_instance_profile: Creating...
aws_iam_role_policy_attachment.rds_role_policy_attachment: Creation complete after 0s [id=AWSRDSCustomSQLServerInstanceRole-20260624163523822500000001]
aws_iam_instance_profile.rds_instance_profile: Creation complete after 5s [id=AWSRDSCustomSQLServerInstanceProfile]

Apply complete! Resources: 3 added, 0 changed, 0 destroyed.

--- ERRORS ---",
terrads_57b2b7344b75,Zenodo/TerraDS,iac_benchmark/scenarios/terrads_57b2b7344b75,126,853,5,7,2,True,True,0,0,0,0,0,True,"--- INIT LOG ---
Initializing provider plugins...
- Finding hashicorp/aws versions matching "">= 4.0.0""...
- Installing hashicorp/aws v6.53.0...
- Installed hashicorp/aws v6.53.0 (signed by HashiCorp)
Terraform has created a lock file .terraform.lock.hcl to record the provider
selections it made above. Include this file in your version control repository
so that Terraform can guarantee to make the same selections by default when
you run ""terraform init"" in the future.

Terraform has been successfully initialized!

You may now begin working with Terraform. Try running ""terraform plan"" to see
any

...[LOG TRUNCATED]...

ly)
  + kms_key_arn    = []
  + kms_key_id     = []
  + repository_url = (known after apply)
aws_ecr_repository.this: Creating...
aws_ecr_repository.this: Still creating... [00m10s elapsed]
aws_ecr_repository.this: Still creating... [00m20s elapsed]
aws_ecr_repository.this: Creation complete after 22s [id=my-ecr-repo]

Apply complete! Resources: 1 added, 0 changed, 0 destroyed.

Outputs:

arn = ""arn:aws:ecr:us-east-1:000000000000:repository/my-ecr-repo""
kms_key_arn = []
kms_key_id = []
repository_url = ""000000000000.dkr.ecr.us-east-1.localhost.localstack.cloud:4566/my-ecr-repo""

--- ERRORS ---","NON-JSON OUTPUT:
"
terrads_0ee2a2760917,Zenodo/TerraDS,iac_benchmark/scenarios/terrads_0ee2a2760917,615,5072,5,28,3,True,True,0,0,0,0,0,True,"--- INIT LOG ---
Initializing modules...
Downloading registry.terraform.io/cloudposse/label/null 0.25.0 for this...
- this in .terraform/modules/this
Initializing provider plugins...
- Finding hashicorp/aws versions matching ""~> 5.60""...
- Installing hashicorp/aws v5.100.0...
- Installed hashicorp/aws v5.100.0 (signed by HashiCorp)
Terraform has created a lock file .terraform.lock.hcl to record the provider
selections it made above. Include this file in your version control repository
so that Terraform can guarantee to make the same selections by default when
you run ""terraform init"" in the fu

...[LOG TRUNCATED]...

get, other
commands will detect it and remind you to do so if necessary.

--- APPLY LOG ---
data.aws_caller_identity.current: Reading...
data.aws_caller_identity.current: Read complete after 0s [id=000000000000]

Changes to Outputs:
  + route53_record_fqdn = {}
  + route53_record_name = {}
  + vpc_id              = []

You can apply this plan to save these new output values to the Terraform
state, without changing any real infrastructure.

Apply complete! Resources: 0 added, 0 changed, 0 destroyed.

Outputs:

route53_record_fqdn = {}
route53_record_name = {}
vpc_id = tolist([])

--- ERRORS ---","NON-JSON OUTPUT:
"
terrads_2b674c758d74,Zenodo/TerraDS,iac_benchmark/scenarios/terrads_2b674c758d74,72,365,2,3,1,True,True,0,0,0,0,0,True,"--- INIT LOG ---
Initializing provider plugins...
- Finding hashicorp/aws versions matching "">= 5.20.0""...
- Installing hashicorp/aws v6.53.0...
- Installed hashicorp/aws v6.53.0 (signed by HashiCorp)
Terraform has created a lock file .terraform.lock.hcl to record the provider
selections it made above. Include this file in your version control repository
so that Terraform can guarantee to make the same selections by default when
you run ""terraform init"" in the future.

Terraform has been successfully initialized!

You may now begin working with Terraform. Try running ""terraform plan"" to see
an

...[LOG TRUNCATED]...

  + private_dns_name_options (known after apply)

      + root_block_device (known after apply)

      + secondary_network_interface (known after apply)
    }

Plan: 2 to add, 0 to change, 0 to destroy.
aws_instance.terraform[0]: Creating...
aws_instance.terraform[0]: Still creating... [00m10s elapsed]
aws_instance.terraform[0]: Creation complete after 10s [id=i-7f23e5a7fba0e34a1]
aws_ami_from_instance.my_own_ami[0]: Creating...
aws_ami_from_instance.my_own_ami[0]: Creation complete after 5s [id=ami-7c7c38adadc3beed0]

Apply complete! Resources: 2 added, 0 changed, 0 destroyed.

--- ERRORS ---","NON-JSON OUTPUT:
"
gh_ae08fc1d,Tianyi2/IRIS,iac_benchmark/scenarios/gh_ae08fc1d,36,203,3,0,1,True,True,0,0,0,0,0,True,"--- INIT LOG ---
Initializing provider plugins...
- Finding latest version of hashicorp/aws...
- Installing hashicorp/aws v6.52.0...
- Installed hashicorp/aws v6.52.0 (signed by HashiCorp)
Terraform has created a lock file .terraform.lock.hcl to record the provider
selections it made above. Include this file in your version control repository
so that Terraform can guarantee to make the same selections by default when
you run ""terraform init"" in the future.

Terraform has been successfully initialized!

You may now begin working with Terraform. Try running ""terraform plan"" to see
any changes that are required for your infrastructure. All Terraform commands
should now work.

If you ever set or change modules or backend configuration for Terraform,
rerun this command to reinitialize your working directory. If you forget, other
commands will detect it and remind you to do so if necessary.

--- APPLY LOG ---

Terraform used the selected providers to generate the following execution
plan. Resource actions are indicated with the following symbols:
  + create

Terraform will perform the following actions:

  # aws_iam_instance_profile.examplea will be created
  + resource ""aws_iam_instance_profile"" ""examplea"" {
      + arn         = (known after apply)
      + create_date = (known after apply)
      + id          = (known after apply)
      + name        = (known after apply)
      + name_prefix = ""imagebuilder_""
      + path        = ""/""
      + role        = (known after apply)
   

...[LOG TRUNCATED]...

e, 0 to destroy.

Changes to Outputs:
  + instance_profile = {
      + arn         = (known after apply)
      + create_date = (known after apply)
      + id          = (known after apply)
      + name        = (known after apply)
      + name_prefix = ""imagebuilder_""
      + path        = ""/""
      + role        = (known after apply)
      + tags        = null
      + tags_all    = (known after apply)
      + unique_id   = (known after apply)
    }
aws_iam_role.pike: Creating...
aws_iam_role.pike: Creation complete after 0s [id=imagebuilder_80badd4d89052448b4999e699a]
aws_iam_role_policy_attachment.builder: Creating...
aws_iam_instance_profile.examplea: Creating...
aws_iam_role_policy_attachment.builder: Creation complete after 0s [id=imagebuilder_80badd4d89052448b4999e699a/arn:aws:iam::aws:policy/AWSImageBuilderFullAccess]
aws_iam_instance_profile.examplea: Creation complete after 6s [id=imagebuilder_2c06583828604f7248d19c69a3]

Apply complete! Resources: 3 added, 0 changed, 0 destroyed.

Outputs:

instance_profile = {
  ""arn"" = ""arn:aws:iam::000000000000:instance-profile/imagebuilder_2c06583828604f7248d19c69a3""
  ""create_date"" = ""2026-06-25T04:14:58Z""
  ""id"" = ""imagebuilder_2c06583828604f7248d19c69a3""
  ""name"" = ""imagebuilder_2c06583828604f7248d19c69a3""
  ""name_prefix"" = ""imagebuilder_""
  ""path"" = ""/""
  ""role"" = ""imagebuilder_80badd4d89052448b4999e699a""
  ""tags"" = tomap(null) /* of string */
  ""tags_all"" = tomap({})
  ""unique_id"" = ""AIPAQAAAAAAALRX3BY4AI""
}

--- ERRORS ---",
terrads_7efc89daa754,Zenodo/TerraDS,iac_benchmark/scenarios/terrads_7efc89daa754,729,5247,12,38,5,True,True,0,0,0,0,0,True,"--- INIT LOG ---
Initializing provider plugins...
- Finding hashicorp/aws versions matching "">= 4.47.0""...
- Installing hashicorp/aws v6.53.0...
- Installed hashicorp/aws v6.53.0 (signed by HashiCorp)
Terraform has created a lock file .terraform.lock.hcl to record the provider
selections it made above. Include this file in your version control repository
so that Terraform can guarantee to make the same selections by default when
you run ""terraform init"" in the future.

Terraform has been successfully initialized!

You may now begin working with Terraform. Try running ""terraform plan"" to see
an

...[LOG TRUNCATED]...

instance_profile_unique = ""AIPAQAAAAAAAPMPTABPJE""
irsa_arn = ""arn:aws:iam::000000000000:role/KarpenterIRSA--b38c3eca23b9f4cfafb534ba7e""
irsa_name = ""KarpenterIRSA--b38c3eca23b9f4cfafb534ba7e""
irsa_unique_id = ""AROAQAAAAAAAPVUZXRAWX""
queue_arn = ""arn:aws:sqs:us-east-1:000000000000:Karpenter-""
queue_name = ""Karpenter-""
queue_url = ""http://sqs.us-east-1.localhost.localstack.cloud:4566/000000000000/Karpenter-""
role_arn = ""arn:aws:iam::000000000000:role/Karpenter--198dfe1d3327a0a0ab42dae4ac""
role_name = ""Karpenter--198dfe1d3327a0a0ab42dae4ac""
role_unique_id = ""AROAQAAAAAAAC7NPDGIKB""

--- ERRORS ---","NON-JSON OUTPUT:
"
gh_209bf4fc,Tianyi2/IRIS,iac_benchmark/scenarios/gh_209bf4fc,84,469,5,0,2,True,True,0,0,0,0,0,True,"--- INIT LOG ---
Initializing provider plugins...
- Finding latest version of hashicorp/aws...
- Installing hashicorp/aws v6.54.0...
- Installed hashicorp/aws v6.54.0 (signed by HashiCorp)
Terraform has created a lock file .terraform.lock.hcl to record the provider
selections it made above. Include this file in your version control repository
so that Terraform can guarantee to make the same selections by default when
you run ""terraform init"" in the future.

Terraform has been successfully initialized!

You may now begin working with Terraform. Try running ""terraform plan"" to see
any changes th

...[LOG TRUNCATED]...

d=arn:aws:sns:us-east-1:000000000000:user-updates-topic]
data.aws_iam_policy_document.sns_topic_policy: Reading...
data.aws_iam_policy_document.sns_topic_policy: Read complete after 0s [id=1804280135]
aws_sns_topic_policy.default2: Creating...
aws_sns_topic_policy.default: Creating...
aws_sns_topic_policy.default: Creation complete after 0s [id=arn:aws:sns:us-east-1:000000000000:my-topic-with-policy]
aws_sns_topic_policy.default2: Creation complete after 0s [id=arn:aws:sns:us-east-1:000000000000:my-topic-with-policy2]

Apply complete! Resources: 5 added, 0 changed, 0 destroyed.

--- ERRORS ---",
terrads_9ffbd7231422,Zenodo/TerraDS,iac_benchmark/scenarios/terrads_9ffbd7231422,69,424,2,1,1,True,True,0,0,0,0,0,True,"NON-JSON OUTPUT:
","--- INIT LOG ---
Initializing provider plugins...
- Finding latest version of hashicorp/aws...
- Installing hashicorp/aws v6.52.0...
- Installed hashicorp/aws v6.52.0 (signed by HashiCorp)
Terraform has created a lock file .terraform.lock.hcl to record the provider
selections it made above. Include this file in your version control repository
so that Terraform can guarantee to make the same selections by default when
you run ""terraform init"" in the future.

Terraform has been successfully initialized!

You may now begin working with Terraform. Try running ""terraform plan"" to see
any changes th

...[LOG TRUNCATED]...

 = (known after apply)
    }

Plan: 2 to add, 0 to change, 0 to destroy.

Changes to Outputs:
  + cmk_alias = ""alias/kms-cmk-example""
  + cmk_arn   = (known after apply)
aws_kms_key.cmk: Creating...
aws_kms_key.cmk: Creation complete after 4s [id=ed5aee03-a603-4489-8e0d-7080268d86e0]
aws_kms_alias.cmk: Creating...
aws_kms_alias.cmk: Creation complete after 0s [id=alias/kms-cmk-example]

Apply complete! Resources: 2 added, 0 changed, 0 destroyed.

Outputs:

cmk_alias = ""alias/kms-cmk-example""
cmk_arn = ""arn:aws:kms:us-east-2:000000000000:key/ed5aee03-a603-4489-8e0d-7080268d86e0""

--- ERRORS ---"
terrads_20d0ee683bf5,Zenodo/TerraDS,iac_benchmark/scenarios/terrads_20d0ee683bf5,145,786,5,11,2,True,True,0,0,0,0,0,True,"--- INIT LOG ---
Initializing provider plugins...
- Finding kreuzwerker/docker versions matching ""2.16.0""...
- Finding latest version of hashicorp/aws...
- Installing kreuzwerker/docker v2.16.0...
- Installed kreuzwerker/docker v2.16.0 (self-signed, key ID BD080C4571C6104C)
- Installing hashicorp/aws v6.53.0...
- Installed hashicorp/aws v6.53.0 (signed by HashiCorp)
Partner and community providers are signed by their developers.
If you'd like to know more about provider signing, you can read about it here:
https://developer.hashicorp.com/terraform/cli/plugins/signing
Terraform has created a lo

...[LOG TRUNCATED]...

ia: Still creating... [00m50s elapsed]
docker_container.runner: Still creating... [00m50s elapsed]
docker_container.gaia: Still creating... [01m00s elapsed]
docker_container.runner: Still creating... [01m00s elapsed]
docker_container.gaia: Creation complete after 1m5s [id=0c8d5cc782c8b227c8d4c12621b758b9efce1f55092f688b4593c12123acdad4]
docker_container.runner: Still creating... [01m10s elapsed]
docker_container.runner: Creation complete after 1m11s [id=6d6bbf46fc1378369e55407e42c9fac2ed6a67ea86f82bdad648d34086e6092a]

Apply complete! Resources: 5 added, 0 changed, 0 destroyed.

--- ERRORS ---",
gh_b4590d62,Tianyi2/IRIS,iac_benchmark/scenarios/gh_b4590d62,255,1758,4,1,3,True,True,0,0,0,0,0,True,"--- INIT LOG ---
Initializing modules...
Downloading registry.coder.com/modules/coder-login/coder 1.1.1 for coder-login...
- coder-login in .terraform/modules/coder-login
Downloading registry.coder.com/modules/dotfiles/coder 1.4.2 for dotfiles...
- dotfiles in .terraform/modules/dotfiles
Downloading registry.coder.com/modules/git-clone/coder 1.0.18 for git-clone...
- git-clone in .terraform/modules/git-clone
Downloading registry.coder.com/modules/git-config/coder 1.0.34 for git-config...
- git-config in .terraform/modules/git-config
Downloading registry.coder.com/modules/vscode-web/coder 1.5.1 for vscode-web...
- vscode-web in .terraform/modules/vscode-web
Initializing provider plugins...
- Finding coder/coder versions matching "">= 0.12.0, >= 0.23.0, >= 2.5.0""...
- Finding latest version of kreuzwerker/docker...
- Finding latest version of hashicorp/aws...
- Installing coder/coder v2.18.0...
- Installed coder/coder v2.18.0 (signed by a HashiCorp partner, key ID 93C75807601AA0EC)
- Installing kreuzwerker/docker v4.5.0...
- Installed kreuzwerker/docker v4.5.0 (self-signed, key ID 0DCE698927DAF8EC)
- Installing hashicorp/aws v6.52.0...
- Installed hashicorp/aws v6.52.0 (signed by HashiCorp)
Partner and community providers are signed by their developers.
If you'd like to know more about provider signing, you can read about it here:
https://developer.hashicorp.com/terraform/cli/plugins/signing
Terraform has created a lock file .terraform.lock.hcl to record the provider
selections 

...[LOG TRUNCATED]...

... [00m30s elapsed]
docker_container.workspace[0]: Still creating... [00m40s elapsed]
docker_container.workspace[0]: Still creating... [00m50s elapsed]
docker_container.workspace[0]: Still creating... [01m00s elapsed]
docker_container.workspace[0]: Still creating... [01m10s elapsed]
docker_container.workspace[0]: Still creating... [01m20s elapsed]
docker_container.workspace[0]: Still creating... [01m30s elapsed]
docker_container.workspace[0]: Still creating... [01m40s elapsed]
docker_container.workspace[0]: Still creating... [01m50s elapsed]
docker_container.workspace[0]: Still creating... [02m00s elapsed]
docker_container.workspace[0]: Still creating... [02m10s elapsed]
docker_container.workspace[0]: Still creating... [02m20s elapsed]
docker_container.workspace[0]: Still creating... [02m30s elapsed]
docker_container.workspace[0]: Still creating... [02m40s elapsed]
docker_container.workspace[0]: Still creating... [02m50s elapsed]
docker_container.workspace[0]: Still creating... [03m00s elapsed]
docker_container.workspace[0]: Still creating... [03m10s elapsed]
docker_container.workspace[0]: Still creating... [03m20s elapsed]
docker_container.workspace[0]: Creation complete after 3m22s [id=a758df978e901fe1b1881b8d047bb73590da36eebd58ec10c888e046a186fc0f]
coder_metadata.workspace_info[0]: Creating...
coder_metadata.workspace_info[0]: Creation complete after 0s [id=42d7dcae-bab3-402b-9af2-8269970c644a]

Apply complete! Resources: 15 added, 0 changed, 0 destroyed.

--- ERRORS ---",
terrads_46dc560da007,Zenodo/TerraDS,iac_benchmark/scenarios/terrads_46dc560da007,52,273,2,3,1,True,True,0,0,0,0,0,True,"--- INIT LOG ---
Initializing provider plugins...
- Finding kreuzwerker/docker versions matching ""~> 2.22.0""...
- Finding latest version of hashicorp/aws...
- Installing kreuzwerker/docker v2.22.0...
- Installed kreuzwerker/docker v2.22.0 (self-signed, key ID BD080C4571C6104C)
- Installing hashicorp/aws v6.54.0...
- Installed hashicorp/aws v6.54.0 (signed by HashiCorp)
Partner and community providers are signed by their developers.
If you'd like to know more about provider signing, you can read about it here:
https://developer.hashicorp.com/terraform/cli/plugins/signing
Terraform has created a

...[LOG TRUNCATED]...

   = (known after apply)
      + name         = ""nginx:1.23.4""
      + output       = (known after apply)
      + repo_digest  = (known after apply)
    }

Plan: 2 to add, 0 to change, 0 to destroy.
docker_image.nginx: Creating...
docker_image.nginx: Creation complete after 0s [id=sha256:f5747a42e3adcb3168049d63278d7251d91185bb5111d2563d58729a5c9179b0nginx:1.23.4]
docker_container.nginx: Creating...
docker_container.nginx: Creation complete after 0s [id=4199c8bf30792160a10add67556c92980b26c554a9d51379c5db56746ca0d3a2]

Apply complete! Resources: 2 added, 0 changed, 0 destroyed.

--- ERRORS ---",
terrads_58f499b02851,Zenodo/TerraDS,iac_benchmark/scenarios/terrads_58f499b02851,273,2257,4,6,3,True,True,0,0,0,0,0,True,"--- INIT LOG ---
Initializing provider plugins...
- Finding hashicorp/aws versions matching "">= 5.1.0""...
- Installing hashicorp/aws v6.53.0...
- Installed hashicorp/aws v6.53.0 (signed by HashiCorp)
Terraform has created a lock file .terraform.lock.hcl to record the provider
selections it made above. Include this file in your version control repository
so that Terraform can guarantee to make the same selections by default when
you run ""terraform init"" in the future.

Terraform has been successfully initialized!

You may now begin working with Terraform. Try running ""terraform plan"" to see
any

...[LOG TRUNCATED]...

rking directory. If you forget, other
commands will detect it and remind you to do so if necessary.

--- APPLY LOG ---

Changes to Outputs:
  + data_catalogs_arns = {}
  + data_catalogs_ids  = {}
  + databases_ids      = {}
  + named_queries_ids  = {}
  + workgroups_arns    = {}

You can apply this plan to save these new output values to the Terraform
state, without changing any real infrastructure.

Apply complete! Resources: 0 added, 0 changed, 0 destroyed.

Outputs:

data_catalogs_arns = {}
data_catalogs_ids = {}
databases_ids = {}
named_queries_ids = {}
workgroups_arns = {}

--- ERRORS ---","NON-JSON OUTPUT:
"
gh_189e2168,Tianyi2/IRIS,iac_benchmark/scenarios/gh_189e2168,118,704,4,4,2,True,True,0,0,0,0,0,True,"--- INIT LOG ---
Initializing provider plugins...
- Finding hashicorp/aws versions matching ""~> 6.0""...
- Installing hashicorp/aws v6.53.0...
- Installed hashicorp/aws v6.53.0 (signed by HashiCorp)
Terraform has created a lock file .terraform.lock.hcl to record the provider
selections it made above. Include this file in your version control repository
so that Terraform can guarantee to make the same selections by default when
you run ""terraform init"" in the future.

Terraform has been successfully initialized!

You may now begin working with Terraform. Try running ""terraform plan"" to see
any c

...[LOG TRUNCATED]...

000000000000:policy/grafana]
aws_iam_role.this: Creation complete after 0s [id=grafana]
aws_iam_role_policy_attachment.grafana: Creating...
aws_iam_role_policy_attachment.cloudwatch: Creating...
aws_iam_role_policy_attachment.cloudwatch: Creation complete after 0s [id=grafana/arn:aws:iam::aws:policy/service-role/AmazonGrafanaCloudWatchAccess]
aws_iam_role_policy_attachment.grafana: Creation complete after 0s [id=grafana/arn:aws:iam::000000000000:policy/grafana]

Apply complete! Resources: 4 added, 0 changed, 0 destroyed.

Outputs:

arn = ""arn:aws:iam::000000000000:role/grafana""

--- ERRORS ---","NON-JSON OUTPUT:
"
terrads_5ba7cf5050e6,Zenodo/TerraDS,iac_benchmark/scenarios/terrads_5ba7cf5050e6,69,361,2,1,1,True,True,0,0,0,0,0,True,"--- INIT LOG ---
Initializing provider plugins...
- Finding hashicorp/aws versions matching ""~> 5.21""...
- Installing hashicorp/aws v5.100.0...
- Installed hashicorp/aws v5.100.0 (signed by HashiCorp)
Terraform has created a lock file .terraform.lock.hcl to record the provider
selections it made above. Include this file in your version control repository
so that Terraform can guarantee to make the same selections by default when
you run ""terraform init"" in the future.

Terraform has been successfully initialized!

You may now begin working with Terraform. Try running ""terraform plan"" to see
an

...[LOG TRUNCATED]...

= ""Allow""
                      + Resource = ""*""
                    },
                ]
              + Version   = ""2012-10-17""
            }
        )
      + role        = (known after apply)
    }

Plan: 2 to add, 0 to change, 0 to destroy.
aws_iam_role.home_lab_role: Creating...
aws_iam_role.home_lab_role: Creation complete after 0s [id=home_lab_role]
aws_iam_role_policy.home_lab_role_policy: Creating...
aws_iam_role_policy.home_lab_role_policy: Creation complete after 0s [id=home_lab_role:home_lab_role_policy]

Apply complete! Resources: 2 added, 0 changed, 0 destroyed.

--- ERRORS ---","NON-JSON OUTPUT:
"
gh_92c96bde,Tianyi2/IRIS,iac_benchmark/scenarios/gh_92c96bde,85,472,2,2,2,True,True,1,7,2,2,0,True,"--- INIT LOG ---
Initializing provider plugins...
- Finding latest version of hashicorp/aws...
- Installing hashicorp/aws v6.51.0...
- Installed hashicorp/aws v6.51.0 (signed by HashiCorp)
Terraform has created a lock file .terraform.lock.hcl to record the provider
selections it made above. Include this file in your version control repository
so that Terraform can guarantee to make the same selections by default when
you run ""terraform init"" in the future.

Terraform has been successfully initialized!

You may now begin working with Terraform. Try running ""terraform plan"" to see
any changes that are required for your infrastructure. All Terraform commands
should now work.

If you ever set or change modules or backend configuration for Terraform,
rerun this command to reinitialize your working directory. If you forget, other
commands will detect it and remind you to do so if necessary.

--- APPLY LOG ---

Terraform used the selected providers to generate the following execution
plan. Resource actions are indicated with the following symbols:
  + create

Terraform will perform the following actions:

  # aws_cloudfront_distribution.access will be created
  + resource ""aws_cloudfront_distribution"" ""access"" {
      + aliases                         = [
          + null,
        ]
      + arn                             = (known after apply)
      + caller_reference                = (known after apply)
      + continuous_deployment_policy_id = (known after apply)
      + default_r

...[LOG TRUNCATED]...

figuration (known after apply)

      + replication_configuration (known after apply)

      + server_side_encryption_configuration (known after apply)

      + versioning (known after apply)

      + website {
          + error_document = ""index.html""
          + index_document = ""index.html""
        }
    }

Plan: 2 to add, 0 to change, 0 to destroy.
aws_s3_bucket.access: Creating...
aws_s3_bucket.access: Creation complete after 1s [id=terraform-20260623155802232400000001]
aws_cloudfront_distribution.access: Creating...
aws_cloudfront_distribution.access: Still creating... [00m10s elapsed]
aws_cloudfront_distribution.access: Still creating... [00m20s elapsed]
aws_cloudfront_distribution.access: Still creating... [00m30s elapsed]
aws_cloudfront_distribution.access: Creation complete after 30s [id=4290885c]

Warning: Argument is deprecated

  with aws_s3_bucket.access,
  on cloud.tf line 1, in resource ""aws_s3_bucket"" ""access"":
   1: resource ""aws_s3_bucket"" ""access"" {

website is deprecated. Use the aws_s3_bucket_website_configuration resource
instead.

(and 8 more similar warnings elsewhere)

Warning: Deprecated attribute

  on cloud.tf line 23, in resource ""aws_cloudfront_distribution"" ""access"":
  23:     domain_name = ""${aws_s3_bucket.access.website_endpoint}""

The attribute ""website_endpoint"" is deprecated. Refer to the provider
documentation for details.

(and 3 more similar warnings elsewhere)

Apply complete! Resources: 2 added, 0 changed, 0 destroyed.

--- ERRORS ---",
terrads_717211bbcf98,Zenodo/TerraDS,iac_benchmark/scenarios/terrads_717211bbcf98,45,239,3,0,1,True,True,0,0,0,0,0,True,"--- INIT LOG ---
Initializing provider plugins...
- Finding hashicorp/aws versions matching "">= 4.10.0""...
- Installing hashicorp/aws v6.53.0...
- Installed hashicorp/aws v6.53.0 (signed by HashiCorp)
Terraform has created a lock file .terraform.lock.hcl to record the provider
selections it made above. Include this file in your version control repository
so that Terraform can guarantee to make the same selections by default when
you run ""terraform init"" in the future.

Terraform has been successfully initialized!

You may now begin working with Terraform. Try running ""terraform plan"" to see
an

...[LOG TRUNCATED]...

ply)
aws_s3_bucket.bucket: Creating...
aws_s3_bucket.bucket: Creation complete after 5s [id=meetup-sobral-bucket-xpto-22]
aws_s3_bucket_versioning.bucket-versioning: Creating...
aws_s3_bucket_acl.bucket-acl: Creating...
aws_s3_bucket_acl.bucket-acl: Creation complete after 0s [id=meetup-sobral-bucket-xpto-22,private]
aws_s3_bucket_versioning.bucket-versioning: Creation complete after 1s [id=meetup-sobral-bucket-xpto-22]

Apply complete! Resources: 3 added, 0 changed, 0 destroyed.

Outputs:

bucket_domain_name = ""Bucket domain name: meetup-sobral-bucket-xpto-22.s3.amazonaws.com""

--- ERRORS ---","NON-JSON OUTPUT:
"
terrads_351164ae9b9c,Zenodo/TerraDS,iac_benchmark/scenarios/terrads_351164ae9b9c,34,201,2,0,1,True,True,0,0,0,0,0,True,"--- INIT LOG ---
Initializing provider plugins...
- Finding hashicorp/random versions matching ""3.6.2""...
- Finding latest version of hashicorp/aws...
- Installing hashicorp/random v3.6.2...
- Installed hashicorp/random v3.6.2 (signed by HashiCorp)
- Installing hashicorp/aws v6.53.0...
- Installed hashicorp/aws v6.53.0 (signed by HashiCorp)
Terraform has created a lock file .terraform.lock.hcl to record the provider
selections it made above. Include this file in your version control repository
so that Terraform can guarantee to make the same selections by default when
you run ""terraform init"" 

...[LOG TRUNCATED]...

      + min_upper   = 0
      + number      = true
      + numeric     = true
      + result      = (known after apply)
      + special     = false
      + upper       = false
    }

Plan: 2 to add, 0 to change, 0 to destroy.

Changes to Outputs:
  + token = (sensitive value)
random_string.token_id: Creating...
random_string.token_secret: Creating...
random_string.token_secret: Creation complete after 0s [id=mqjdyn3o6hbf2pfs]
random_string.token_id: Creation complete after 0s [id=rn6rtq]

Apply complete! Resources: 2 added, 0 changed, 0 destroyed.

Outputs:

token = <sensitive>

--- ERRORS ---","NON-JSON OUTPUT:
"
gh_7eb1ca31,Tianyi2/IRIS,iac_benchmark/scenarios/gh_7eb1ca31,87,540,5,2,2,True,True,0,0,0,0,0,True,"NON-JSON OUTPUT:
","--- INIT LOG ---
Initializing provider plugins...
- Finding latest version of hashicorp/aws...
- Installing hashicorp/aws v6.52.0...
- Installed hashicorp/aws v6.52.0 (signed by HashiCorp)
Terraform has created a lock file .terraform.lock.hcl to record the provider
selections it made above. Include this file in your version control repository
so that Terraform can guarantee to make the same selections by default when
you run ""terraform init"" in the future.

Terraform has been successfully initialized!

You may now begin working with Terraform. Try running ""terraform plan"" to see
any changes th

...[LOG TRUNCATED]...

r_side_encryption_configuration.default: Creation complete after 0s [id=tungleo-terraform-state-s3]
aws_s3_bucket_public_access_block.public_access: Creation complete after 0s [id=tungleo-terraform-state-s3]
aws_s3_bucket_versioning.enabled: Creation complete after 2s [id=tungleo-terraform-state-s3]
aws_dynamodb_table.terraform_locks: Creation complete after 7s [id=terraform-up-and-running-locks]

Apply complete! Resources: 5 added, 0 changed, 0 destroyed.

Outputs:

dynamodb_table_name = ""terraform-up-and-running-locks""
s3_bucket_arn = ""arn:aws:s3:::tungleo-terraform-state-s3""

--- ERRORS ---"
terrads_9891f692b836,Zenodo/TerraDS,iac_benchmark/scenarios/terrads_9891f692b836,33,335,2,4,1,True,True,0,0,0,0,0,True,"--- INIT LOG ---
Initializing provider plugins...
- Finding latest version of hashicorp/aws...
- Installing hashicorp/aws v6.53.0...
- Installed hashicorp/aws v6.53.0 (signed by HashiCorp)
Terraform has created a lock file .terraform.lock.hcl to record the provider
selections it made above. Include this file in your version control repository
so that Terraform can guarantee to make the same selections by default when
you run ""terraform init"" in the future.

Terraform has been successfully initialized!

You may now begin working with Terraform. Try running ""terraform plan"" to see
any changes that are required for your infrastructure. All Terraform commands
should now work.

If you ever set or change modules or backend configuration for Terraform,
rerun this command to reinitialize your working directory. If you forget, other
commands will detect it and remind you to do so if necessary.

--- APPLY LOG ---

Changes to Outputs:
  + vpc-routes = []

You can apply this plan to save these new output values to the Terraform
state, without changing any real infrastructure.

Apply complete! Resources: 0 added, 0 changed, 0 destroyed.

Outputs:

vpc-routes = []

--- ERRORS ---",
gh_6d9ef6dc,Tianyi2/IRIS,iac_benchmark/scenarios/gh_6d9ef6dc,170,1125,4,1,3,True,True,0,0,0,0,0,True,"--- INIT LOG ---
Initializing modules...
Downloading registry.coder.com/modules/coder-login/coder 1.1.1 for coder-login...
- coder-login in .terraform/modules/coder-login
Downloading registry.coder.com/modules/dotfiles/coder 1.4.2 for dotfiles...
- dotfiles in .terraform/modules/dotfiles
Downloading registry.coder.com/modules/kasmvnc/coder 1.3.0 for kasmvnc...
- kasmvnc in .terraform/modules/kasmvnc
Downloading registry.coder.com/modules/vscode-web/coder 1.5.1 for vscode-web...
- vscode-web in .terraform/modules/vscode-web
Initializing provider plugins...
- Finding latest version of hashicorp/aws...
- Finding coder/coder versions matching "">= 0.23.0, >= 2.5.0""...
- Finding latest version of kreuzwerker/docker...
- Installing hashicorp/aws v6.52.0...
- Installed hashicorp/aws v6.52.0 (signed by HashiCorp)
- Installing coder/coder v2.18.0...
- Installed coder/coder v2.18.0 (signed by a HashiCorp partner, key ID 93C75807601AA0EC)
- Installing kreuzwerker/docker v4.5.0...
- Installed kreuzwerker/docker v4.5.0 (self-signed, key ID 0DCE698927DAF8EC)
Partner and community providers are signed by their developers.
If you'd like to know more about provider signing, you can read about it here:
https://developer.hashicorp.com/terraform/cli/plugins/signing
Terraform has created a lock file .terraform.lock.hcl to record the provider
selections it made above. Include this file in your version control repository
so that Terraform can guarantee to make the same selections by default when
you

...[LOG TRUNCATED]...

oder_script.vscode-web: Creating...
module.coder-login[0].coder_env.coder_url: Creation complete after 0s [id=f8b34f0e-17b3-4843-9c28-220fd50c5de1]
module.kasmvnc[0].coder_script.kasm_vnc: Creating...
module.dotfiles[0].coder_script.dotfiles: Creation complete after 0s [id=6b77341c-e45b-4e80-a467-a7e51ff1dd2c]
module.kasmvnc[0].coder_app.kasm_vnc: Creation complete after 0s [id=3af558be-502e-4d0a-ac3f-5a310fb42bc0]
module.vscode-web[0].coder_app.vscode-web: Creation complete after 0s [id=39bcb73d-1c8f-4dad-afb4-0d675a4e42ce]
module.vscode-web[0].coder_script.vscode-web: Creation complete after 0s [id=455572cf-6765-4786-ab64-418f86142170]
module.kasmvnc[0].coder_script.kasm_vnc: Creation complete after 0s [id=4d04fe16-f0e6-4925-a1fd-46d3aae67800]
docker_volume.coder_volume: Creation complete after 0s [id=coder-default-default]
docker_container.workspace[0]: Creating...
docker_container.workspace[0]: Still creating... [00m10s elapsed]
docker_container.workspace[0]: Still creating... [00m20s elapsed]
docker_container.workspace[0]: Still creating... [00m30s elapsed]
docker_container.workspace[0]: Still creating... [00m40s elapsed]
docker_container.workspace[0]: Creation complete after 44s [id=487b0e0e82f4f42449d45c14c8e9e2ada8f3cb6bc0882e0bc974a0f220654e8f]
coder_metadata.workspace_info[0]: Creating...
coder_metadata.workspace_info[0]: Creation complete after 0s [id=cba37ad6-9c91-492e-aa37-d40dca1a5406]

Apply complete! Resources: 11 added, 0 changed, 0 destroyed.

--- ERRORS ---",
terrads_78a356be27a8,Zenodo/TerraDS,iac_benchmark/scenarios/terrads_78a356be27a8,50,242,3,0,1,True,True,0,0,0,0,0,True,"--- INIT LOG ---
Initializing provider plugins...
- Finding hashicorp/random versions matching ""~> 3.1.1""...
- Finding hashicorp/aws versions matching "">= 4.12.1""...
- Installing hashicorp/random v3.1.3...
- Installed hashicorp/random v3.1.3 (signed by HashiCorp)
- Installing hashicorp/aws v6.53.0...
- Installed hashicorp/aws v6.53.0 (signed by HashiCorp)
Terraform has created a lock file .terraform.lock.hcl to record the provider
selections it made above. Include this file in your version control repository
so that Terraform can guarantee to make the same selections by default when
you run ""t

...[LOG TRUNCATED]...

    + id        = (known after apply)
      + length    = 5
      + separator = ""-""
    }

Plan: 3 to add, 0 to change, 0 to destroy.
random_pet.petname: Creating...
random_pet.petname: Creation complete after 0s [id=daily-merely-really-robust-airedale]
aws_s3_bucket.sample: Creating...
aws_s3_bucket.sample: Creation complete after 1s [id=daily-merely-really-robust-airedale]
aws_s3_bucket_acl.example: Creating...
aws_s3_bucket_acl.example: Creation complete after 0s [id=daily-merely-really-robust-airedale,public-read]

Apply complete! Resources: 3 added, 0 changed, 0 destroyed.

--- ERRORS ---","NON-JSON OUTPUT:
"
terrads_066ffaa0d493,Zenodo/TerraDS,iac_benchmark/scenarios/terrads_066ffaa0d493,136,1092,6,0,2,True,True,0,0,0,0,0,True,"--- INIT LOG ---
Initializing provider plugins...
- Finding hashicorp/aws versions matching ""~> 5.0""...
- Installing hashicorp/aws v5.100.0...
- Installed hashicorp/aws v5.100.0 (signed by HashiCorp)
Terraform has created a lock file .terraform.lock.hcl to record the provider
selections it made above. Include this file in your version control repository
so that Terraform can guarantee to make the same selections by default when
you run ""terraform init"" in the future.

Terraform has been successfully initialized!

You may now begin working with Terraform. Try running ""terraform plan"" to see
any

...[LOG TRUNCATED]...

nt.aws_cicd_member_attach: Creating...
aws_iam_group_membership.cicd-member: Creating...
aws_iam_group_policy_attachment.aws_ec2_readonly_attach: Creating...
aws_iam_group_membership.cicd-member: Creation complete after 0s [id=cicd-member-group-membership]
aws_iam_group_policy_attachment.aws_ec2_readonly_attach: Creation complete after 0s [id=cicd-member-group-20260707163713684700000001]
aws_iam_group_policy_attachment.aws_cicd_member_attach: Creation complete after 0s [id=cicd-member-group-20260707163713685400000002]

Apply complete! Resources: 6 added, 0 changed, 0 destroyed.

--- ERRORS ---","NON-JSON OUTPUT:
"
terrads_d7f1b5119d88,Zenodo/TerraDS,iac_benchmark/scenarios/terrads_d7f1b5119d88,291,1803,22,1,4,True,True,0,0,0,0,0,True,"NON-JSON OUTPUT:
",
gh_288218eb,Tianyi2/IRIS,iac_benchmark/scenarios/gh_288218eb,457,3577,5,25,3,True,True,0,0,0,0,0,True,"--- INIT LOG ---
Initializing provider plugins...
- Finding latest version of hashicorp/aws...
- Installing hashicorp/aws v6.52.0...
- Installed hashicorp/aws v6.52.0 (signed by HashiCorp)
Terraform has created a lock file .terraform.lock.hcl to record the provider
selections it made above. Include this file in your version control repository
so that Terraform can guarantee to make the same selections by default when
you run ""terraform init"" in the future.

Terraform has been successfully initialized!

You may now begin working with Terraform. Try running ""terraform plan"" to see
any changes that are required for your infrastructure. All Terraform commands
should now work.

If you ever set or change modules or backend configuration for Terraform,
rerun this command to reinitialize your working directory. If you forget, other
commands will detect it and remind you to do so if necessary.

--- APPLY LOG ---

Changes to Outputs:
  + acm_certificate_validation_id                            = """"
  + acmpca_certificate_authority_arn                         = """"
  + acmpca_certificate_authority_certificate                 = """"
  + acmpca_certificate_authority_certificate_chain           = """"
  + acmpca_certificate_authority_certificate_signing_request = """"
  + acmpca_certificate_authority_id                          = """"
  + acmpca_certificate_authority_not_after                   = """"
  + acmpca_certificate_authority_not_before                  = """"
  + acmpca_certificate_authority_serial                      = """"
  + acmpca_certificate_authority_status                      = """"
  + aws_acm_certificate_arn                                  = """"
  + aws_acm_certificate_domain_name                          = """"
  + aws_acm_certificate_domain_validation_options            = """"
  + aws_acm_certificate_id                                   = """"

You can apply this plan to save these new output values to the Terraform
state, without changing any real infrastructure.

Apply complete! Resources: 0 added, 0 changed, 0 destroyed.

Outputs:

acm_certificate_validation_id = """"
acmpca_certificate_authority_arn = """"
acmpca_certificate_authority_certificate = """"
acmpca_certificate_authority_certificate_chain = """"
acmpca_certificate_authority_certificate_signing_request = """"
acmpca_certificate_authority_id = """"
acmpca_certificate_authority_not_after = """"
acmpca_certificate_authority_not_before = """"
acmpca_certificate_authority_serial = """"
acmpca_certificate_authority_status = """"
aws_acm_certificate_arn = """"
aws_acm_certificate_domain_name = """"
aws_acm_certificate_domain_validation_options = """"
aws_acm_certificate_id = """"

--- ERRORS ---",
gh_72a05acf,Tianyi2/IRIS,iac_benchmark/scenarios/gh_72a05acf,75,410,4,0,1,True,True,0,0,0,0,0,True,"--- INIT LOG ---
Initializing provider plugins...
- Finding latest version of hashicorp/aws...
- Installing hashicorp/aws v6.52.0...
- Installed hashicorp/aws v6.52.0 (signed by HashiCorp)
Terraform has created a lock file .terraform.lock.hcl to record the provider
selections it made above. Include this file in your version control repository
so that Terraform can guarantee to make the same selections by default when
you run ""terraform init"" in the future.

Terraform has been successfully initialized!

You may now begin working with Terraform. Try running ""terraform plan"" to see
any changes that are required for your infrastructure. All Terraform commands
should now work.

If you ever set or change modules or backend configuration for Terraform,
rerun this command to reinitialize your working directory. If you forget, other
commands will detect it and remind you to do so if necessary.

--- APPLY LOG ---

Terraform used the selected providers to generate the following execution
plan. Resource actions are indicated with the following symbols:
  + create

Terraform will perform the following actions:

  # aws_iam_role.test_role will be created
  + resource ""aws_iam_role"" ""test_role"" {
      + arn                   = (known after apply)
      + assume_role_policy    = jsonencode(
            {
              + Statement = [
                  + {
                      + Action    = ""sts:AssumeRole""
                      + Effect    = ""Allow""
                      + Principal = {
  

...[LOG TRUNCATED]...

)
      + name        = (known after apply)
      + name_prefix = (known after apply)
      + policy      = jsonencode(
            {
              + Statement = [
                  + {
                      + Action   = ""rds:Add*""
                      + Effect   = ""Deny""
                      + Resource = ""arn:aws:rds:*:*:cluster:*""
                    },
                ]
              + Version   = ""2012-10-17""
            }
        )
      + role        = (known after apply)
    }

Plan: 4 to add, 0 to change, 0 to destroy.
aws_iam_role.test_role: Creating...
aws_iam_role.test_role: Creation complete after 0s [id=terraform-198496a6f48c27ccc7d82432d7]
aws_iam_role_policy.policy_statement_allow_resource_without_wildcard: Creating...
aws_iam_role_policy.policy_statement_allow_resource_with_wildcard: Creating...
aws_iam_role_policy.policy_statement_deny_resource_with_wildcard: Creating...
aws_iam_role_policy.policy_statement_allow_resource_with_wildcard: Creation complete after 0s [id=terraform-198496a6f48c27ccc7d82432d7:terraform-8f5268d8fd0489222237fb9be7]
aws_iam_role_policy.policy_statement_deny_resource_with_wildcard: Creation complete after 0s [id=terraform-198496a6f48c27ccc7d82432d7:terraform-2f59393687f7ba2c5723c1622b]
aws_iam_role_policy.policy_statement_allow_resource_without_wildcard: Creation complete after 0s [id=terraform-198496a6f48c27ccc7d82432d7:terraform-96fad1c01014c4b1d90a9f09e0]

Apply complete! Resources: 4 added, 0 changed, 0 destroyed.

--- ERRORS ---",
terrads_03d965f3bc67,Zenodo/TerraDS,iac_benchmark/scenarios/terrads_03d965f3bc67,69,424,2,1,1,True,True,0,0,0,0,0,True,"NON-JSON OUTPUT:
","--- INIT LOG ---
Initializing provider plugins...
- Finding latest version of hashicorp/aws...
- Installing hashicorp/aws v6.52.0...
- Installed hashicorp/aws v6.52.0 (signed by HashiCorp)
Terraform has created a lock file .terraform.lock.hcl to record the provider
selections it made above. Include this file in your version control repository
so that Terraform can guarantee to make the same selections by default when
you run ""terraform init"" in the future.

Terraform has been successfully initialized!

You may now begin working with Terraform. Try running ""terraform plan"" to see
any changes th

...[LOG TRUNCATED]...

 = (known after apply)
    }

Plan: 2 to add, 0 to change, 0 to destroy.

Changes to Outputs:
  + cmk_alias = ""alias/kms-cmk-example""
  + cmk_arn   = (known after apply)
aws_kms_key.cmk: Creating...
aws_kms_key.cmk: Creation complete after 4s [id=25d1fa18-ba16-4440-88fc-9963781bab0f]
aws_kms_alias.cmk: Creating...
aws_kms_alias.cmk: Creation complete after 0s [id=alias/kms-cmk-example]

Apply complete! Resources: 2 added, 0 changed, 0 destroyed.

Outputs:

cmk_alias = ""alias/kms-cmk-example""
cmk_arn = ""arn:aws:kms:us-east-2:000000000000:key/25d1fa18-ba16-4440-88fc-9963781bab0f""

--- ERRORS ---"
terrads_6516229c5944,Zenodo/TerraDS,iac_benchmark/scenarios/terrads_6516229c5944,232,1564,8,12,3,True,True,0,0,0,0,0,True,"--- INIT LOG ---
Initializing provider plugins...
- Finding hashicorp/aws versions matching "">= 5.20.0""...
- Installing hashicorp/aws v6.53.0...
- Installed hashicorp/aws v6.53.0 (signed by HashiCorp)
Terraform has created a lock file .terraform.lock.hcl to record the provider
selections it made above. Include this file in your version control repository
so that Terraform can guarantee to make the same selections by default when
you run ""terraform init"" in the future.

Terraform has been successfully initialized!

You may now begin working with Terraform. Try running ""terraform plan"" to see
an

...[LOG TRUNCATED]...

t]

Warning: Argument is deprecated

  with aws_iam_role.instance[0],
  on main.tf line 111, in resource ""aws_iam_role"" ""instance"":
 111:   managed_policy_arns = [data.aws_iam_policy.iam_read_only_access.arn]

managed_policy_arns is deprecated. Use the aws_iam_role_policy_attachment
resource instead. If Terraform should exclusively manage all managed policy
attachments (the current behavior of this argument), use the
aws_iam_role_policy_attachments_exclusive resource as well.

(and one more similar warning elsewhere)

Apply complete! Resources: 11 added, 0 changed, 0 destroyed.

--- ERRORS ---","NON-JSON OUTPUT:
"
terrads_7b39dda6d5f9,Zenodo/TerraDS,iac_benchmark/scenarios/terrads_7b39dda6d5f9,694,5003,11,35,4,True,True,0,0,0,0,0,True,"--- INIT LOG ---
Initializing provider plugins...
- Finding hashicorp/aws versions matching "">= 4.47.0""...
- Installing hashicorp/aws v6.53.0...
- Installed hashicorp/aws v6.53.0 (signed by HashiCorp)
Terraform has created a lock file .terraform.lock.hcl to record the provider
selections it made above. Include this file in your version control repository
so that Terraform can guarantee to make the same selections by default when
you run ""terraform init"" in the future.

Terraform has been successfully initialized!

You may now begin working with Terraform. Try running ""terraform plan"" to see
an

...[LOG TRUNCATED]...

instance_profile_unique = ""AIPAQAAAAAAAEADIBS6GF""
irsa_arn = ""arn:aws:iam::000000000000:role/KarpenterIRSA--a605fc8a66758a7a3a0186193b""
irsa_name = ""KarpenterIRSA--a605fc8a66758a7a3a0186193b""
irsa_unique_id = ""AROAQAAAAAAACLWLUAF4L""
queue_arn = ""arn:aws:sqs:us-east-1:000000000000:Karpenter-""
queue_name = ""Karpenter-""
queue_url = ""http://sqs.us-east-1.localhost.localstack.cloud:4566/000000000000/Karpenter-""
role_arn = ""arn:aws:iam::000000000000:role/Karpenter--331969638a3fc016a3fbb2303c""
role_name = ""Karpenter--331969638a3fc016a3fbb2303c""
role_unique_id = ""AROAQAAAAAAAF6TLRV3BE""

--- ERRORS ---","NON-JSON OUTPUT:
"
terrads_4e9c7397c63e,Zenodo/TerraDS,iac_benchmark/scenarios/terrads_4e9c7397c63e,34,244,2,0,1,True,True,0,0,0,0,0,True,"--- INIT LOG ---
Initializing provider plugins...
- Finding kreuzwerker/docker versions matching ""~> 3.0.1""...
- Finding latest version of hashicorp/aws...
- Installing hashicorp/aws v6.53.0...
- Installed hashicorp/aws v6.53.0 (signed by HashiCorp)
- Installing kreuzwerker/docker v3.0.2...
- Installed kreuzwerker/docker v3.0.2 (self-signed, key ID BD080C4571C6104C)
Partner and community providers are signed by their developers.
If you'd like to know more about provider signing, you can read about it here:
https://developer.hashicorp.com/terraform/cli/plugins/signing
Terraform has created a lo

...[LOG TRUNCATED]...

lly = false
      + name         = ""nginx:latest""
      + repo_digest  = (known after apply)
    }

Plan: 2 to add, 0 to change, 0 to destroy.
docker_image.nginx: Creating...
docker_image.nginx: Still creating... [00m10s elapsed]
docker_image.nginx: Creation complete after 15s [id=sha256:ec4ed8b5299e5e90694af7750eb6dffd2627317d30544d056b0371f8082f7bcenginx:latest]
docker_container.nginx: Creating...
docker_container.nginx: Creation complete after 2s [id=43b3ba4d601e6b445dd7f8e1a1761e1095b55142b540513a1764598c0cd37c6b]

Apply complete! Resources: 2 added, 0 changed, 0 destroyed.

--- ERRORS ---",
gh_96ef1179,Tianyi2/IRIS,iac_benchmark/scenarios/gh_96ef1179,34,145,3,0,1,True,True,0,0,0,0,0,True,"--- INIT LOG ---
Initializing provider plugins...
- Finding latest version of hashicorp/aws...
- Installing hashicorp/aws v6.52.0...
- Installed hashicorp/aws v6.52.0 (signed by HashiCorp)
Terraform has created a lock file .terraform.lock.hcl to record the provider
selections it made above. Include this file in your version control repository
so that Terraform can guarantee to make the same selections by default when
you run ""terraform init"" in the future.

Terraform has been successfully initialized!

You may now begin working with Terraform. Try running ""terraform plan"" to see
any changes that are required for your infrastructure. All Terraform commands
should now work.

If you ever set or change modules or backend configuration for Terraform,
rerun this command to reinitialize your working directory. If you forget, other
commands will detect it and remind you to do so if necessary.

--- APPLY LOG ---

Terraform used the selected providers to generate the following execution
plan. Resource actions are indicated with the following symbols:
  + create

Terraform will perform the following actions:

  # aws_acm_certificate.fail will be created
  + resource ""aws_acm_certificate"" ""fail"" {
      + arn                       = (known after apply)
      + domain_name               = ""example.com""
      + domain_validation_options = [
          + {
              + domain_name           = ""example.com""
              + resource_record_name  = (known after apply)
              + resourc

...[LOG TRUNCATED]...

after apply)
      + not_before                = (known after apply)
      + pending_renewal           = (known after apply)
      + private_key_wo            = (write-only attribute)
      + region                    = ""us-east-1""
      + renewal_eligibility       = (known after apply)
      + renewal_summary           = (known after apply)
      + status                    = (known after apply)
      + subject_alternative_names = [
          + ""example.com"",
        ]
      + tags                      = {
          + ""Environment"" = ""test""
        }
      + tags_all                  = {
          + ""Environment"" = ""test""
        }
      + type                      = (known after apply)
      + validation_emails         = (known after apply)
      + validation_method         = ""DNS""

      + options (known after apply)
    }

Plan: 3 to add, 0 to change, 0 to destroy.
aws_acm_certificate.pass: Creating...
aws_acm_certificate.fail2: Creating...
aws_acm_certificate.fail: Creating...
aws_acm_certificate.pass: Creation complete after 1s [id=arn:aws:acm:us-east-1:000000000000:certificate/03a88174-c70d-45d6-8856-9bdbe2df347f]
aws_acm_certificate.fail2: Creation complete after 1s [id=arn:aws:acm:us-east-1:000000000000:certificate/d8f5ff6a-e540-4e4f-81f1-80e9255bc19c]
aws_acm_certificate.fail: Creation complete after 1s [id=arn:aws:acm:us-east-1:000000000000:certificate/a7f0889e-bf3a-4fc1-9a3a-87ac9564cc80]

Apply complete! Resources: 3 added, 0 changed, 0 destroyed.

--- ERRORS ---",
terrads_d76907887b17,Zenodo/TerraDS,iac_benchmark/scenarios/terrads_d76907887b17,48,188,3,0,1,True,True,0,0,0,0,0,True,"--- INIT LOG ---
Initializing provider plugins...
- Finding hashicorp/random versions matching ""3.1.3""...
- Finding latest version of hashicorp/aws...
- Finding hashicorp/null versions matching ""3.1.1""...
- Installing hashicorp/random v3.1.3...
- Installed hashicorp/random v3.1.3 (signed by HashiCorp)
- Installing hashicorp/aws v6.54.0...
- Installed hashicorp/aws v6.54.0 (signed by HashiCorp)
- Installing hashicorp/null v3.1.1...
- Installed hashicorp/null v3.1.1 (signed by HashiCorp)
Terraform has created a lock file .terraform.lock.hcl to record the provider
selections it made above. Includ

...[LOG TRUNCATED]...

.
null_resource.igabr: Provisioning with 'local-exec'...
null_resource.igabr (local-exec): Executing: [""/bin/sh"" ""-c"" ""echo resource name joint-catfish""]
null_resource.igabr1 (local-exec): Executing: [""/bin/sh"" ""-c"" ""echo resource name joint-catfish""]
null_resource.igabr (local-exec): resource name joint-catfish
null_resource.igabr1 (local-exec): resource name joint-catfish
null_resource.igabr: Creation complete after 0s [id=2135396328153451007]
null_resource.igabr1: Creation complete after 0s [id=7986027666513198775]

Apply complete! Resources: 3 added, 0 changed, 0 destroyed.

--- ERRORS ---",
terrads_54aa27d47fd9,Zenodo/TerraDS,iac_benchmark/scenarios/terrads_54aa27d47fd9,432,3237,4,25,3,True,True,0,0,0,0,0,True,"--- INIT LOG ---
Initializing provider plugins...
- Finding hashicorp/aws versions matching "">= 4.62.0""...
- Installing hashicorp/aws v6.53.0...
- Installed hashicorp/aws v6.53.0 (signed by HashiCorp)
Terraform has created a lock file .terraform.lock.hcl to record the provider
selections it made above. Include this file in your version control repository
so that Terraform can guarantee to make the same selections by default when
you run ""terraform init"" in the future.

Terraform has been successfully initialized!

You may now begin working with Terraform. Try running ""terraform plan"" to see
an

...[LOG TRUNCATED]...

m_policy_document.this[0]: Read complete after 0s [id=1185348848]
aws_sns_topic_policy.this[0]: Creating...
aws_sns_topic_policy.this[0]: Creation complete after 0s [id=arn:aws:sns:us-east-1:000000000000:terraform-2b70081ab400780f0ba77617dd]

Apply complete! Resources: 2 added, 0 changed, 0 destroyed.

Outputs:

subscriptions = {}
topic_arn = ""arn:aws:sns:us-east-1:000000000000:terraform-2b70081ab400780f0ba77617dd""
topic_id = ""arn:aws:sns:us-east-1:000000000000:terraform-2b70081ab400780f0ba77617dd""
topic_name = ""terraform-2b70081ab400780f0ba77617dd""
topic_owner = ""000000000000""

--- ERRORS ---","NON-JSON OUTPUT:
"
terrads_2132539ea675,Zenodo/TerraDS,iac_benchmark/scenarios/terrads_2132539ea675,49,300,2,3,1,True,True,0,0,0,0,0,True,"--- INIT LOG ---
Initializing provider plugins...
- Finding latest version of hashicorp/aws...
- Finding kreuzwerker/docker versions matching ""~> 2.22.0""...
- Installing hashicorp/aws v6.54.0...
- Installed hashicorp/aws v6.54.0 (signed by HashiCorp)
- Installing kreuzwerker/docker v2.22.0...
- Installed kreuzwerker/docker v2.22.0 (self-signed, key ID BD080C4571C6104C)
Partner and community providers are signed by their developers.
If you'd like to know more about provider signing, you can read about it here:
https://developer.hashicorp.com/terraform/cli/plugins/signing
Terraform has created a

...[LOG TRUNCATED]...

   = (known after apply)
      + name         = ""nginx:1.23.4""
      + output       = (known after apply)
      + repo_digest  = (known after apply)
    }

Plan: 2 to add, 0 to change, 0 to destroy.
docker_image.nginx: Creating...
docker_image.nginx: Creation complete after 0s [id=sha256:f5747a42e3adcb3168049d63278d7251d91185bb5111d2563d58729a5c9179b0nginx:1.23.4]
docker_container.nginx: Creating...
docker_container.nginx: Creation complete after 1s [id=49c7eaa225b74a1ab8050a2b1eede118f193aaf72611f1590a79fe6334874025]

Apply complete! Resources: 2 added, 0 changed, 0 destroyed.

--- ERRORS ---",
terrads_fd660bbabded,Zenodo/TerraDS,iac_benchmark/scenarios/terrads_fd660bbabded,47,301,3,0,1,True,True,0,0,0,0,0,True,"--- INIT LOG ---
Initializing provider plugins...
- Finding latest version of hashicorp/aws...
- Installing hashicorp/aws v6.54.0...
- Installed hashicorp/aws v6.54.0 (signed by HashiCorp)
Terraform has created a lock file .terraform.lock.hcl to record the provider
selections it made above. Include this file in your version control repository
so that Terraform can guarantee to make the same selections by default when
you run ""terraform init"" in the future.

Terraform has been successfully initialized!

You may now begin working with Terraform. Try running ""terraform plan"" to see
any changes th

...[LOG TRUNCATED]...

er 0s [id=arn:aws:iam::000000000000:policy/express-like-lambda-example-logs]
aws_iam_role.express-like-lambda-example: Creation complete after 0s [id=express-like-lambda-example]
aws_iam_role_policy_attachment.attach-logs: Creating...
aws_iam_role_policy_attachment.attach-logs: Creation complete after 0s [id=express-like-lambda-example/arn:aws:iam::000000000000:policy/express-like-lambda-example-logs]

Apply complete! Resources: 3 added, 0 changed, 0 destroyed.

Outputs:

aws-iam-role-express-like-lambda-example-arn = ""arn:aws:iam::000000000000:role/express-like-lambda-example""

--- ERRORS ---",
terrads_d82f400a2404,Zenodo/TerraDS,iac_benchmark/scenarios/terrads_d82f400a2404,51,240,3,0,1,True,True,0,0,0,0,0,True,"--- INIT LOG ---
Initializing provider plugins...
- Finding hashicorp/aws versions matching "">= 2.0.0""...
- Finding hashicorp/random versions matching ""3.1.0""...
- Installing hashicorp/aws v6.53.0...
- Installed hashicorp/aws v6.53.0 (signed by HashiCorp)
- Installing hashicorp/random v3.1.0...
- Installed hashicorp/random v3.1.0 (signed by HashiCorp)
Terraform has created a lock file .terraform.lock.hcl to record the provider
selections it made above. Include this file in your version control repository
so that Terraform can guarantee to make the same selections by default when
you run ""terra

...[LOG TRUNCATED]...

ply)
      + length    = 5
      + separator = ""-""
    }

Plan: 3 to add, 0 to change, 0 to destroy.
random_pet.petname: Creating...
random_pet.petname: Creation complete after 0s [id=intensely-singularly-remarkably-amused-cheetah]
aws_s3_bucket.sample: Creating...
aws_s3_bucket.sample: Creation complete after 1s [id=intensely-singularly-remarkably-amused-cheetah]
aws_s3_bucket_acl.example: Creating...
aws_s3_bucket_acl.example: Creation complete after 0s [id=intensely-singularly-remarkably-amused-cheetah,public-read]

Apply complete! Resources: 3 added, 0 changed, 0 destroyed.

--- ERRORS ---","NON-JSON OUTPUT:
"
terrads_2b1831f886d1,Zenodo/TerraDS,iac_benchmark/scenarios/terrads_2b1831f886d1,351,2395,5,24,3,True,True,0,0,0,0,0,True,"--- INIT LOG ---
Initializing provider plugins...
- Finding latest version of hashicorp/aws...
- Finding latest version of heroku/heroku...
- Installing hashicorp/aws v6.54.0...
- Installed hashicorp/aws v6.54.0 (signed by HashiCorp)
- Installing heroku/heroku v5.4.0...
- Installed heroku/heroku v5.4.0 (signed by a HashiCorp partner, key ID 9651C25B46B70C7B)
Partner and community providers are signed by their developers.
If you'd like to know more about provider signing, you can read about it here:
https://developer.hashicorp.com/terraform/cli/plugins/signing
Terraform has created a lock file 

...[LOG TRUNCATED]...

his plan to save these new output values to the Terraform
state, without changing any real infrastructure.

Apply complete! Resources: 0 added, 0 changed, 0 destroyed.

Outputs:

space_app_access_id = []
space_cidr = []
space_data_cidr = []
space_id = []
space_inbound_ruleset_id = []
space_name = []
space_organization = []
space_peering_connection_accepter_id = []
space_peering_connection_accepter_status = []
space_peering_connection_accepter_type = []
space_region = []
space_vpn_connection_id = []
space_vpn_connection_ike_version = []
space_vpn_connection_space_cidr_block = []

--- ERRORS ---",
terrads_312c1441c0ad,Zenodo/TerraDS,iac_benchmark/scenarios/terrads_312c1441c0ad,60,440,2,2,1,True,True,0,0,0,0,0,True,"--- INIT LOG ---
Initializing provider plugins...
- Finding hashicorp/aws versions matching ""~> 5.0""...
- Finding hashicorp/random versions matching ""~> 3.5""...
- Installing hashicorp/aws v5.100.0...
- Installed hashicorp/aws v5.100.0 (signed by HashiCorp)
- Installing hashicorp/random v3.9.0...
- Installed hashicorp/random v3.9.0 (signed by HashiCorp)
Terraform has created a lock file .terraform.lock.hcl to record the provider
selections it made above. Include this file in your version control repository
so that Terraform can guarantee to make the same selections by default when
you run ""terr

...[LOG TRUNCATED]...

t_buckets[7]: Creation complete after 1s [id=c6f6ab79-test-ipaas-bucket]
aws_s3_bucket.test_buckets[1]: Creation complete after 1s [id=bd90c4b4-test-ipaas-bucket]
aws_s3_bucket.test_buckets[5]: Creation complete after 1s [id=cdeee55a-test-ipaas-bucket]
aws_s3_bucket.test_buckets[9]: Creation complete after 1s [id=223790d0-test-ipaas-bucket]
aws_s3_bucket.test_buckets[8]: Creation complete after 1s [id=68bb7d03-test-ipaas-bucket]
aws_s3_bucket.test_buckets[4]: Creation complete after 1s [id=09f98d03-test-ipaas-bucket]

Apply complete! Resources: 20 added, 0 changed, 0 destroyed.

--- ERRORS ---","NON-JSON OUTPUT:
"
terrads_a67a58967c46,Zenodo/TerraDS,iac_benchmark/scenarios/terrads_a67a58967c46,156,919,8,2,3,True,True,0,0,0,0,0,True,"--- INIT LOG ---
Initializing provider plugins...
- Finding hashicorp/aws versions matching "">= 3.27.0""...
- Installing hashicorp/aws v6.53.0...
- Installed hashicorp/aws v6.53.0 (signed by HashiCorp)
Terraform has created a lock file .terraform.lock.hcl to record the provider
selections it made above. Include this file in your version control repository
so that Terraform can guarantee to make the same selections by default when
you run ""terraform init"" in the future.

Terraform has been successfully initialized!

You may now begin working with Terraform. Try running ""terraform plan"" to see
an

...[LOG TRUNCATED]...

iam_user_policy_attachment.cloudwatch_user_policy_attachment: Creation complete after 0s [id=postman-user/arn:aws:iam::000000000000:policy/terraform-4db75af4c4ef297b2b190655e7]
aws_iam_user_policy_attachment.apigateway_user_policy_attachment: Creation complete after 0s [id=postman-user/arn:aws:iam::000000000000:policy/terraform-bf56ec94de4ef743ae4a5cd938]

Apply complete! Resources: 6 added, 0 changed, 0 destroyed.

Outputs:

access_key_id = ""LKIAQAAAAAAAA4GYCLKE""
access_key_secret = <sensitive>
user_arn = ""arn:aws:iam::000000000000:user/postman-user""
user_name = ""postman-user""

--- ERRORS ---","NON-JSON OUTPUT:
"
terrads_5c95653f2b2b,Zenodo/TerraDS,iac_benchmark/scenarios/terrads_5c95653f2b2b,368,2533,8,6,4,True,True,0,0,0,0,0,True,"--- INIT LOG ---
Initializing provider plugins...
- Finding hashicorp/aws versions matching ""~> 5.0""...
- Installing hashicorp/aws v5.100.0...
- Installed hashicorp/aws v5.100.0 (signed by HashiCorp)
Terraform has created a lock file .terraform.lock.hcl to record the provider
selections it made above. Include this file in your version control repository
so that Terraform can guarantee to make the same selections by default when
you run ""terraform init"" in the future.

Terraform has been successfully initialized!

You may now begin working with Terraform. Try running ""terraform plan"" to see
any

...[LOG TRUNCATED]...

l detect it and remind you to do so if necessary.

--- APPLY LOG ---
data.aws_caller_identity.current: Reading...
data.aws_caller_identity.current: Read complete after 0s [id=000000000000]

Changes to Outputs:
  + iam_users            = (sensitive value)
  + private_repositories = {}
  + public_repositories  = {}

You can apply this plan to save these new output values to the Terraform
state, without changing any real infrastructure.

Apply complete! Resources: 0 added, 0 changed, 0 destroyed.

Outputs:

iam_users = <sensitive>
private_repositories = {}
public_repositories = {}

--- ERRORS ---","NON-JSON OUTPUT:
"
terrads_e9a051ba3fb9,Zenodo/TerraDS,iac_benchmark/scenarios/terrads_e9a051ba3fb9,350,2782,6,30,3,True,True,0,0,0,0,0,True,"--- INIT LOG ---
Initializing provider plugins...
- Finding scaleway/scaleway versions matching "">= 2.17.0""...
- Finding latest version of hashicorp/aws...
- Installing scaleway/scaleway v2.77.1...
- Installed scaleway/scaleway v2.77.1 (signed by a HashiCorp partner, key ID F5BF26CADF6F9614)
- Installing hashicorp/aws v6.53.0...
- Installed hashicorp/aws v6.53.0 (signed by HashiCorp)
Partner and community providers are signed by their developers.
If you'd like to know more about provider signing, you can read about it here:
https://developer.hashicorp.com/terraform/cli/plugins/signing
Terrafor

...[LOG TRUNCATED]...

nal. DHCP
functionality was moved from Public Gateways to Private Networks, DHCP
resources are now no longer needed. Please remove this resource from your
configuration. For more information, please refer to the dedicated guide:
https://github.com/scaleway/terraform-provider-scaleway/blob/master/docs/guides/migration_guide_vpcgw_v2.md

(and one more similar warning elsewhere)

Apply complete! Resources: 0 added, 0 changed, 0 destroyed.

Outputs:

dhcp_reservations = [
  {},
]
private_network_id = []
public_gateway_id = []
public_gateway_ip_address = []
public_gateway_ip_id = []

--- ERRORS ---","NON-JSON OUTPUT:
"
terrads_36943730732f,Zenodo/TerraDS,iac_benchmark/scenarios/terrads_36943730732f,200,1851,3,3,2,True,True,0,0,0,0,0,True,"--- INIT LOG ---
Initializing provider plugins...
- Finding hashicorp/aws versions matching "">= 3.70.0""...
- Installing hashicorp/aws v6.53.0...
- Installed hashicorp/aws v6.53.0 (signed by HashiCorp)
Terraform has created a lock file .terraform.lock.hcl to record the provider
selections it made above. Include this file in your version control repository
so that Terraform can guarantee to make the same selections by default when
you run ""terraform init"" in the future.

Terraform has been successfully initialized!

You may now begin working with Terraform. Try running ""terraform plan"" to see
an

...[LOG TRUNCATED]...

ule.elb-cross-zone-load-balancing-enabled[0]: Creating...
aws_config_config_rule.alb-waf-enabled[0]: Creating...
aws_config_config_rule.elb-acm-certificate-required[0]: Creating...
aws_config_config_rule.alb-waf-enabled[0]: Creation complete after 1s [id=alb-waf-enabled]
aws_config_config_rule.elb-cross-zone-load-balancing-enabled[0]: Creation complete after 1s [id=elb-cross-zone-load-balancing-enabled]
aws_config_config_rule.elb-acm-certificate-required[0]: Creation complete after 1s [id=elb-acm-certificate-required]

Apply complete! Resources: 3 added, 0 changed, 0 destroyed.

--- ERRORS ---","NON-JSON OUTPUT:
"
gh_f0292125,Tianyi2/IRIS,iac_benchmark/scenarios/gh_f0292125,353,3245,3,27,2,True,True,0,0,0,0,0,True,"--- INIT LOG ---
Initializing provider plugins...
- Finding latest version of hashicorp/aws...
- Installing hashicorp/aws v6.51.0...
- Installed hashicorp/aws v6.51.0 (signed by HashiCorp)
Terraform has created a lock file .terraform.lock.hcl to record the provider
selections it made above. Include this file in your version control repository
so that Terraform can guarantee to make the same selections by default when
you run ""terraform init"" in the future.

Terraform has been successfully initialized!

You may now begin working with Terraform. Try running ""terraform plan"" to see
any changes that are required for your infrastructure. All Terraform commands
should now work.

If you ever set or change modules or backend configuration for Terraform,
rerun this command to reinitialize your working directory. If you forget, other
commands will detect it and remind you to do so if necessary.

--- APPLY LOG ---

Changes to Outputs:
  + appautoscaling_policy_arn           = """"
  + appautoscaling_policy_id            = """"
  + appautoscaling_policy_name          = """"
  + appautoscaling_policy_policy_type   = """"
  + appautoscaling_scheduled_action_arn = """"
  + appautoscaling_scheduled_action_id  = """"
  + appautoscaling_target_id            = """"

You can apply this plan to save these new output values to the Terraform
state, without changing any real infrastructure.

Apply complete! Resources: 0 added, 0 changed, 0 destroyed.

Outputs:

appautoscaling_policy_arn = """"
appautoscaling_policy_id = """"
appautoscaling_policy_name = """"
appautoscaling_policy_policy_type = """"
appautoscaling_scheduled_action_arn = """"
appautoscaling_scheduled_action_id = """"
appautoscaling_target_id = """"

--- ERRORS ---",
terrads_3857b74fe599,Zenodo/TerraDS,iac_benchmark/scenarios/terrads_3857b74fe599,391,2873,12,10,4,True,True,0,0,0,0,0,True,"--- INIT LOG ---
Initializing provider plugins...
- Finding hashicorp/aws versions matching ""~> 5.0""...
- Installing hashicorp/aws v5.100.0...
- Installed hashicorp/aws v5.100.0 (signed by HashiCorp)
Terraform has created a lock file .terraform.lock.hcl to record the provider
selections it made above. Include this file in your version control repository
so that Terraform can guarantee to make the same selections by default when
you run ""terraform init"" in the future.

Terraform has been successfully initialized!

You may now begin working with Terraform. Try running ""terraform plan"" to see
any

...[LOG TRUNCATED]...

to save these new output values to the Terraform
state, without changing any real infrastructure.

Warning: Invalid Attribute Combination

  with aws_s3_bucket_lifecycle_configuration.quortex,
  on main.tf line 163, in resource ""aws_s3_bucket_lifecycle_configuration"" ""quortex"":
 163: resource ""aws_s3_bucket_lifecycle_configuration"" ""quortex"" {

No attribute specified when one (and only one) of
[rule[0].filter,rule[0].prefix] is required

This will be an error in a future version of the provider

Apply complete! Resources: 0 added, 0 changed, 0 destroyed.

Outputs:

buckets = {}

--- ERRORS ---","NON-JSON OUTPUT:
"
terrads_ac339d92172b,Zenodo/TerraDS,iac_benchmark/scenarios/terrads_ac339d92172b,108,702,2,1,2,True,True,0,0,0,0,0,True,"--- INIT LOG ---
Initializing modules...
Downloading registry.terraform.io/terraform-aws-modules/vpc/aws 5.0.0 for vpc...
- vpc in .terraform/modules/vpc
Initializing provider plugins...
- Finding hashicorp/aws versions matching "">= 5.0.0""...
- Installing hashicorp/aws v6.54.0...
- Installed hashicorp/aws v6.54.0 (signed by HashiCorp)
Terraform has created a lock file .terraform.lock.hcl to record the provider
selections it made above. Include this file in your version control repository
so that Terraform can guarantee to make the same selections by default when
you run ""terraform init"" in the

...[LOG TRUNCATED]...

eway[0]: Creation complete after 0s [id=r-rtb-a3a41c59668b56e3d1080289494]
aws_security_group.sg: Creation complete after 0s [id=sg-1534baff227aeaef1]
aws_service_discovery_private_dns_namespace.namespace: Creation complete after 2s [id=5779b772]

Apply complete! Resources: 21 added, 0 changed, 0 destroyed.

Outputs:

namespace_id = ""5779b772""
private_subnets = [
  ""subnet-9752fc92cecc1fda2"",
  ""subnet-767137a4a993e940a"",
]
public_subnets = [
  ""subnet-9f6cbd6cb7f220d90"",
  ""subnet-a214cce722debd004"",
]
security_group_id = ""sg-1534baff227aeaef1""
vpc_id = ""vpc-3cc4d54547827eb92""

--- ERRORS ---",
gh_48c5e87c,Tianyi2/IRIS,iac_benchmark/scenarios/gh_48c5e87c,497,3881,5,56,3,True,True,0,0,0,0,0,True,"--- INIT LOG ---
Initializing provider plugins...
- Finding latest version of hashicorp/aws...
- Installing hashicorp/aws v6.52.0...
- Installed hashicorp/aws v6.52.0 (signed by HashiCorp)
Terraform has created a lock file .terraform.lock.hcl to record the provider
selections it made above. Include this file in your version control repository
so that Terraform can guarantee to make the same selections by default when
you run ""terraform init"" in the future.

Terraform has been successfully initialized!

You may now begin working with Terraform. Try running ""terraform plan"" to see
any changes that are required for your infrastructure. All Terraform commands
should now work.

If you ever set or change modules or backend configuration for Terraform,
rerun this command to reinitialize your working directory. If you forget, other
commands will detect it and remind you to do so if necessary.

--- APPLY LOG ---

Changes to Outputs:
  + sns_topic_arn                    = """"
  + sns_topic_id                     = """"
  + sns_topic_policy_id              = """"
  + sns_topic_subscription_arn       = """"
  + sns_topic_subscription_endpoint  = """"
  + sns_topic_subscription_id        = """"
  + sns_topic_subscription_protocol  = """"
  + sns_topic_subscription_topic_arn = """"

You can apply this plan to save these new output values to the Terraform
state, without changing any real infrastructure.

Apply complete! Resources: 0 added, 0 changed, 0 destroyed.

Outputs:

sns_topic_arn = """"
sns_topic_id = """"
sns_topic_policy_id = """"
sns_topic_subscription_arn = """"
sns_topic_subscription_endpoint = """"
sns_topic_subscription_id = """"
sns_topic_subscription_protocol = """"
sns_topic_subscription_topic_arn = """"

--- ERRORS ---",
terrads_988d6d5493b4,Zenodo/TerraDS,iac_benchmark/scenarios/terrads_988d6d5493b4,82,583,4,2,2,True,True,0,0,0,0,0,True,"--- INIT LOG ---
Initializing provider plugins...
- Finding latest version of hashicorp/aws...
- Installing hashicorp/aws v6.53.0...
- Installed hashicorp/aws v6.53.0 (signed by HashiCorp)
Terraform has created a lock file .terraform.lock.hcl to record the provider
selections it made above. Include this file in your version control repository
so that Terraform can guarantee to make the same selections by default when
you run ""terraform init"" in the future.

Terraform has been successfully initialized!

You may now begin working with Terraform. Try running ""terraform plan"" to see
any changes th

...[LOG TRUNCATED]...

ws_default_vpc.default: Creating...
aws_default_vpc.default: Creation complete after 0s [id=vpc-f5140eaafa4f69fbf]
aws_security_group.web: Creating...
aws_security_group.web: Creation complete after 0s [id=sg-6cb0ff4aa7ab32542]
aws_instance.web: Creating...
aws_instance.web: Still creating... [00m10s elapsed]
aws_instance.web: Creation complete after 10s [id=i-c27f6cad5ba99881c]
aws_eip.web: Creating...
aws_eip.web: Creation complete after 0s [id=eipalloc-2b48d215d568fd73d]

Apply complete! Resources: 4 added, 0 changed, 0 destroyed.

Outputs:

web_public_ip = ""127.110.186.228""

--- ERRORS ---",
terrads_15dc7dba11b2,Zenodo/TerraDS,iac_benchmark/scenarios/terrads_15dc7dba11b2,729,5256,12,38,5,True,True,0,0,0,0,0,True,"--- INIT LOG ---
Initializing provider plugins...
- Finding hashicorp/aws versions matching "">= 4.47.0""...
- Installing hashicorp/aws v6.53.0...
- Installed hashicorp/aws v6.53.0 (signed by HashiCorp)
Terraform has created a lock file .terraform.lock.hcl to record the provider
selections it made above. Include this file in your version control repository
so that Terraform can guarantee to make the same selections by default when
you run ""terraform init"" in the future.

Terraform has been successfully initialized!

You may now begin working with Terraform. Try running ""terraform plan"" to see
an

...[LOG TRUNCATED]...

instance_profile_unique = ""AIPAQAAAAAAAI5KQNKC2B""
irsa_arn = ""arn:aws:iam::000000000000:role/KarpenterIRSA--b40a97ee0c24b48703265f69db""
irsa_name = ""KarpenterIRSA--b40a97ee0c24b48703265f69db""
irsa_unique_id = ""AROAQAAAAAAAO6ZFWVSUR""
queue_arn = ""arn:aws:sqs:us-east-1:000000000000:Karpenter-""
queue_name = ""Karpenter-""
queue_url = ""http://sqs.us-east-1.localhost.localstack.cloud:4566/000000000000/Karpenter-""
role_arn = ""arn:aws:iam::000000000000:role/Karpenter--57bf14b5a543aaac4a3e675c88""
role_name = ""Karpenter--57bf14b5a543aaac4a3e675c88""
role_unique_id = ""AROAQAAAAAAAAC4QNCXQL""

--- ERRORS ---","NON-JSON OUTPUT:
"
terrads_8829f8c9569f,Zenodo/TerraDS,iac_benchmark/scenarios/terrads_8829f8c9569f,490,2913,7,45,3,True,True,0,0,0,0,0,True,"--- INIT LOG ---
Initializing provider plugins...
- Finding latest version of hashicorp/aws...
- Finding latest version of hashicorp/random...
- Installing hashicorp/aws v6.54.0...
- Installed hashicorp/aws v6.54.0 (signed by HashiCorp)
- Installing hashicorp/random v3.9.0...
- Installed hashicorp/random v3.9.0 (signed by HashiCorp)
Terraform has created a lock file .terraform.lock.hcl to record the provider
selections it made above. Include this file in your version control repository
so that Terraform can guarantee to make the same selections by default when
you run ""terraform init"" in the f

...[LOG TRUNCATED]...

          = """"
  + shuffle_id      = """"
  + shuffle_result  = """"
  + string_id       = """"
  + string_result   = """"
  + uuid_id         = """"
  + uuid_result     = """"

You can apply this plan to save these new output values to the Terraform
state, without changing any real infrastructure.

Apply complete! Resources: 0 added, 0 changed, 0 destroyed.

Outputs:

id_b64_std = """"
id_b64_url = """"
id_dec = """"
id_hex = """"
integer_id = """"
integer_result = """"
password_result = """"
pet_id = """"
shuffle_id = """"
shuffle_result = """"
string_id = """"
string_result = """"
uuid_id = """"
uuid_result = """"

--- ERRORS ---",
terrads_73811111c805,Zenodo/TerraDS,iac_benchmark/scenarios/terrads_73811111c805,740,5354,12,39,5,True,True,0,0,0,0,0,True,"--- INIT LOG ---
Initializing provider plugins...
- Finding hashicorp/aws versions matching "">= 4.47.0""...
- Installing hashicorp/aws v6.53.0...
- Installed hashicorp/aws v6.53.0 (signed by HashiCorp)
Terraform has created a lock file .terraform.lock.hcl to record the provider
selections it made above. Include this file in your version control repository
so that Terraform can guarantee to make the same selections by default when
you run ""terraform init"" in the future.

Terraform has been successfully initialized!

You may now begin working with Terraform. Try running ""terraform plan"" to see
an

...[LOG TRUNCATED]...

instance_profile_unique = ""AIPAQAAAAAAAMFDK2DBWU""
irsa_arn = ""arn:aws:iam::000000000000:role/KarpenterIRSA--01d9b28ee7c006308bb5bacff6""
irsa_name = ""KarpenterIRSA--01d9b28ee7c006308bb5bacff6""
irsa_unique_id = ""AROAQAAAAAAALXYLFXK3D""
queue_arn = ""arn:aws:sqs:us-east-1:000000000000:Karpenter-""
queue_name = ""Karpenter-""
queue_url = ""http://sqs.us-east-1.localhost.localstack.cloud:4566/000000000000/Karpenter-""
role_arn = ""arn:aws:iam::000000000000:role/Karpenter--63852465775ff6e720567416d9""
role_name = ""Karpenter--63852465775ff6e720567416d9""
role_unique_id = ""AROAQAAAAAAAMKSHLVTOE""

--- ERRORS ---","NON-JSON OUTPUT:
"
terrads_eb31b3f11263,Zenodo/TerraDS,iac_benchmark/scenarios/terrads_eb31b3f11263,377,2691,3,22,2,True,True,0,0,0,0,0,True,"--- INIT LOG ---
Initializing provider plugins...
- Finding hashicorp/aws versions matching "">= 4.40.0""...
- Installing hashicorp/aws v6.53.0...
- Installed hashicorp/aws v6.53.0 (signed by HashiCorp)
Terraform has created a lock file .terraform.lock.hcl to record the provider
selections it made above. Include this file in your version control repository
so that Terraform can guarantee to make the same selections by default when
you run ""terraform init"" in the future.

Terraform has been successfully initialized!

You may now begin working with Terraform. Try running ""terraform plan"" to see
an

...[LOG TRUNCATED]...

m_policy_document.this[0]: Read complete after 0s [id=3398318939]
aws_sns_topic_policy.this[0]: Creating...
aws_sns_topic_policy.this[0]: Creation complete after 0s [id=arn:aws:sns:us-east-1:000000000000:terraform-0042126146081d2ca3bc2b368d]

Apply complete! Resources: 2 added, 0 changed, 0 destroyed.

Outputs:

subscriptions = {}
topic_arn = ""arn:aws:sns:us-east-1:000000000000:terraform-0042126146081d2ca3bc2b368d""
topic_id = ""arn:aws:sns:us-east-1:000000000000:terraform-0042126146081d2ca3bc2b368d""
topic_name = ""terraform-0042126146081d2ca3bc2b368d""
topic_owner = ""000000000000""

--- ERRORS ---","NON-JSON OUTPUT:
"
terrads_19e9f954c91d,Zenodo/TerraDS,iac_benchmark/scenarios/terrads_19e9f954c91d,86,443,8,2,2,True,True,0,0,0,0,0,True,"--- INIT LOG ---
Initializing provider plugins...
- Finding latest version of hashicorp/aws...
- Installing hashicorp/aws v6.53.0...
- Installed hashicorp/aws v6.53.0 (signed by HashiCorp)
Terraform has created a lock file .terraform.lock.hcl to record the provider
selections it made above. Include this file in your version control repository
so that Terraform can guarantee to make the same selections by default when
you run ""terraform init"" in the future.

Terraform has been successfully initialized!

You may now begin working with Terraform. Try running ""terraform plan"" to see
any changes th

...[LOG TRUNCATED]...

tion: Creation complete after 0s [id=rtb-6727e5e87efca5ac1]
aws_route_table_association.presentation: Creating...
aws_route.internet: Creating...
aws_route_table_association.presentation: Creation complete after 0s [id=rtbassoc-e152defca19e568e3]
aws_route.internet: Creation complete after 0s [id=r-rtb-6727e5e87efca5ac11080289494]

Apply complete! Resources: 8 added, 0 changed, 0 destroyed.

Outputs:

application_subnet_id = ""subnet-01b3d5da3ad695c70""
data_subnet_id = ""subnet-eba54efc83e1fe526""
presentation_subnet_id = ""subnet-6db8de8692a5d93f4""
vpc_id = ""vpc-f1dca6bea2acfd3a1""

--- ERRORS ---",
terrads_ab77ea1a3958,Zenodo/TerraDS,iac_benchmark/scenarios/terrads_ab77ea1a3958,163,1185,2,6,2,True,True,0,0,0,0,0,True,"--- INIT LOG ---
Initializing provider plugins...
- Finding hashicorp/aws versions matching "">= 5.57.0""...
- Installing hashicorp/aws v6.53.0...
- Installed hashicorp/aws v6.53.0 (signed by HashiCorp)
Terraform has created a lock file .terraform.lock.hcl to record the provider
selections it made above. Include this file in your version control repository
so that Terraform can guarantee to make the same selections by default when
you run ""terraform init"" in the future.

Terraform has been successfully initialized!

You may now begin working with Terraform. Try running ""terraform plan"" to see
an

...[LOG TRUNCATED]...

config_rule.aws_managed_rules[""root-account-mfa-enabled""]: Creating...
aws_config_config_rule.aws_managed_rules[""iam-user-mfa-enabled""]: Creating...
aws_config_config_rule.aws_managed_rules[""iam-user-mfa-enabled""]: Creation complete after 0s [id=iam-user-mfa-enabled]
aws_config_config_rule.aws_managed_rules[""root-account-mfa-enabled""]: Creation complete after 0s [id=root-account-mfa-enabled]
aws_config_config_rule.aws_managed_rules[""iam-root-access-key-check""]: Creation complete after 0s [id=iam-root-access-key-check]

Apply complete! Resources: 3 added, 0 changed, 0 destroyed.

--- ERRORS ---","NON-JSON OUTPUT:
"
terrads_d5f4e13c4cbd,Zenodo/TerraDS,iac_benchmark/scenarios/terrads_d5f4e13c4cbd,324,2245,11,3,4,True,True,0,0,0,0,0,True,"--- INIT LOG ---
Initializing provider plugins...
- Finding hashicorp/aws versions matching "">= 2.0.0""...
- Installing hashicorp/aws v6.53.0...
- Installed hashicorp/aws v6.53.0 (signed by HashiCorp)
Terraform has created a lock file .terraform.lock.hcl to record the provider
selections it made above. Include this file in your version control repository
so that Terraform can guarantee to make the same selections by default when
you run ""terraform init"" in the future.

Terraform has been successfully initialized!

You may now begin working with Terraform. Try running ""terraform plan"" to see
any

...[LOG TRUNCATED]...

m_policy.assume-role-mfa-policy: Creation complete after 0s [id=arn:aws:iam::000000000000:policy/awscademo-assume-admin-role-wit655e81d0e7458cbdb6f8a85cd7]
aws_iam_group_policy_attachment.admin-assume-role-mfa-attach: Creating...
aws_iam_group_policy_attachment.admin-assume-role-mfa-attach: Creation complete after 0s [id=awscademo-mfa-superadmins-20260708053104367300000003]

Apply complete! Resources: 11 added, 0 changed, 0 destroyed.

Outputs:

default-group = ""awscademo-demo-users""
mfa-superadmin-group = ""awscademo-mfa-superadmins""
read-only-group = ""awscademo-readonly-users""

--- ERRORS ---",
gh_9d3ed3d2,Tianyi2/IRIS,iac_benchmark/scenarios/gh_9d3ed3d2,163,915,3,14,2,True,True,0,0,0,0,0,True,"--- INIT LOG ---
Initializing provider plugins...
- Finding latest version of hashicorp/vault...
- Finding latest version of hashicorp/aws...
- Installing hashicorp/vault v5.10.0...
- Installed hashicorp/vault v5.10.0 (signed by HashiCorp)
- Installing hashicorp/aws v6.51.0...
- Installed hashicorp/aws v6.51.0 (signed by HashiCorp)
Terraform has created a lock file .terraform.lock.hcl to record the provider
selections it made above. Include this file in your version control repository
so that Terraform can guarantee to make the same selections by default when
you run ""terraform init"" in the future.

Terraform has been successfully initialized!

You may now begin working with Terraform. Try running ""terraform plan"" to see
any changes that are required for your infrastructure. All Terraform commands
should now work.

If you ever set or change modules or backend configuration for Terraform,
rerun this command to reinitialize your working directory. If you forget, other
commands will detect it and remind you to do so if necessary.

--- APPLY LOG ---

Changes to Outputs:
  + vault_egp_policy_id = """"
  + vault_policy_id     = """"
  + vault_rgp_policy_id = """"

You can apply this plan to save these new output values to the Terraform
state, without changing any real infrastructure.

Apply complete! Resources: 0 added, 0 changed, 0 destroyed.

Outputs:

vault_egp_policy_id = """"
vault_policy_id = """"
vault_rgp_policy_id = """"

--- ERRORS ---",
terrads_fa8106c90954,Zenodo/TerraDS,iac_benchmark/scenarios/terrads_fa8106c90954,518,3553,6,28,3,True,True,0,0,0,0,0,True,"--- INIT LOG ---
Initializing provider plugins...
- Finding hashicorp/aws versions matching "">= 4.0.0""...
- Installing hashicorp/aws v6.53.0...
- Installed hashicorp/aws v6.53.0 (signed by HashiCorp)
Terraform has created a lock file .terraform.lock.hcl to record the provider
selections it made above. Include this file in your version control repository
so that Terraform can guarantee to make the same selections by default when
you run ""terraform init"" in the future.

Terraform has been successfully initialized!

You may now begin working with Terraform. Try running ""terraform plan"" to see
any

...[LOG TRUNCATED]...

e Terraform
state, without changing any real infrastructure.

Apply complete! Resources: 0 added, 0 changed, 0 destroyed.

Outputs:

admin_iam_role_arn = """"
admin_iam_role_name = """"
admin_iam_role_path = """"
admin_iam_role_requires_mfa = true
admin_iam_role_unique_id = """"
poweruser_iam_role_arn = """"
poweruser_iam_role_name = """"
poweruser_iam_role_path = """"
poweruser_iam_role_requires_mfa = true
poweruser_iam_role_unique_id = """"
readonly_iam_role_arn = """"
readonly_iam_role_name = """"
readonly_iam_role_path = """"
readonly_iam_role_requires_mfa = true
readonly_iam_role_unique_id = """"

--- ERRORS ---","NON-JSON OUTPUT:
"
terrads_20cdf9b2ead8,Zenodo/TerraDS,iac_benchmark/scenarios/terrads_20cdf9b2ead8,44,232,3,0,1,True,True,0,0,0,0,0,True,"--- INIT LOG ---
Initializing provider plugins...
- Finding hashicorp/aws versions matching ""~> 5.33""...
- Installing hashicorp/aws v5.100.0...
- Installed hashicorp/aws v5.100.0 (signed by HashiCorp)
Terraform has created a lock file .terraform.lock.hcl to record the provider
selections it made above. Include this file in your version control repository
so that Terraform can guarantee to make the same selections by default when
you run ""terraform init"" in the future.

Terraform has been successfully initialized!

You may now begin working with Terraform. Try running ""terraform plan"" to see
an

...[LOG TRUNCATED]...

 + mfa_delete = (known after apply)
          + status     = ""Enabled""
        }
    }

Plan: 3 to add, 0 to change, 0 to destroy.
aws_dynamodb_table.dynamodb_tf_state: Creating...
aws_s3_bucket.s3_tf_state: Creating...
aws_dynamodb_table.dynamodb_tf_state: Creation complete after 1s [id=tf_locks]
aws_s3_bucket.s3_tf_state: Creation complete after 1s [id=tonci-course-tf-state]
aws_s3_bucket_versioning.tf_versioned: Creating...
aws_s3_bucket_versioning.tf_versioned: Creation complete after 1s [id=tonci-course-tf-state]

Apply complete! Resources: 3 added, 0 changed, 0 destroyed.

--- ERRORS ---","NON-JSON OUTPUT:
"
terrads_3c85773c9eab,Zenodo/TerraDS,iac_benchmark/scenarios/terrads_3c85773c9eab,580,4148,10,35,4,True,True,0,0,0,0,0,True,"--- INIT LOG ---
Initializing provider plugins...
- Finding hashicorp/null versions matching "">= 2.0.0""...
- Finding hashicorp/aws versions matching "">= 3.35.0""...
- Finding hashicorp/local versions matching "">= 1.0.0""...
- Installing hashicorp/null v3.3.0...
- Installed hashicorp/null v3.3.0 (signed by HashiCorp)
- Installing hashicorp/aws v6.53.0...
- Installed hashicorp/aws v6.53.0 (signed by HashiCorp)
- Installing hashicorp/local v2.9.0...
- Installed hashicorp/local v2.9.0 (signed by HashiCorp)
Terraform has created a lock file .terraform.lock.hcl to record the provider
selections it mad

...[LOG TRUNCATED]...

e CodeDeployDefault.LambdaAllAtOnce \
    --description """" \
    --revision '{""revisionType"": ""AppSpecContent"", ""appSpecContent"": {""content"": ""{\""Resources\"":[{\""MyFunction\"":{\""Properties\"":{\""Alias\"":\""\"",\""CurrentVersion\"":\""\"",\""Name\"":\""\"",\""TargetVersion\"":\""\""},\""Type\"":\""AWS::Lambda::Function\""}}],\""version\"":\""0.0\""}"", ""sha256"": ""ed8464aca7a1c211ec12791482b43e46b9044efa61ce53586020eaeef7d99aa8""}}' \
    --output text \
    --query '[deploymentId]')

aws deploy get-deployment --deployment-id $ID
echo ""Deployment started, but wait deployment completion is disabled!""

EOT

--- ERRORS ---","NON-JSON OUTPUT:
"
gh_d76e97de,Tianyi2/IRIS,iac_benchmark/scenarios/gh_d76e97de,264,1941,3,20,2,True,True,0,0,0,0,0,True,"--- INIT LOG ---
Initializing provider plugins...
- Finding latest version of hashicorp/aws...
- Installing hashicorp/aws v6.51.0...
- Installed hashicorp/aws v6.51.0 (signed by HashiCorp)
Terraform has created a lock file .terraform.lock.hcl to record the provider
selections it made above. Include this file in your version control repository
so that Terraform can guarantee to make the same selections by default when
you run ""terraform init"" in the future.

Terraform has been successfully initialized!

You may now begin working with Terraform. Try running ""terraform plan"" to see
any changes that are required for your infrastructure. All Terraform commands
should now work.

If you ever set or change modules or backend configuration for Terraform,
rerun this command to reinitialize your working directory. If you forget, other
commands will detect it and remind you to do so if necessary.

--- APPLY LOG ---

Changes to Outputs:
  + athena_database_id    = """"
  + athena_named_query_id = """"
  + athena_workgroup_arn  = """"
  + athena_workgroup_id   = """"

You can apply this plan to save these new output values to the Terraform
state, without changing any real infrastructure.

Apply complete! Resources: 0 added, 0 changed, 0 destroyed.

Outputs:

athena_database_id = """"
athena_named_query_id = """"
athena_workgroup_arn = """"
athena_workgroup_id = """"

--- ERRORS ---",
terrads_dc2f8b198974,Zenodo/TerraDS,iac_benchmark/scenarios/terrads_dc2f8b198974,258,1906,3,20,2,True,True,0,0,0,0,0,True,"--- INIT LOG ---
Initializing provider plugins...
- Finding latest version of hashicorp/aws...
- Installing hashicorp/aws v6.54.0...
- Installed hashicorp/aws v6.54.0 (signed by HashiCorp)
Terraform has created a lock file .terraform.lock.hcl to record the provider
selections it made above. Include this file in your version control repository
so that Terraform can guarantee to make the same selections by default when
you run ""terraform init"" in the future.

Terraform has been successfully initialized!

You may now begin working with Terraform. Try running ""terraform plan"" to see
any changes th

...[LOG TRUNCATED]...

 to reinitialize your working directory. If you forget, other
commands will detect it and remind you to do so if necessary.

--- APPLY LOG ---

Changes to Outputs:
  + athena_database_id    = """"
  + athena_named_query_id = """"
  + athena_workgroup_arn  = """"
  + athena_workgroup_id   = """"

You can apply this plan to save these new output values to the Terraform
state, without changing any real infrastructure.

Apply complete! Resources: 0 added, 0 changed, 0 destroyed.

Outputs:

athena_database_id = """"
athena_named_query_id = """"
athena_workgroup_arn = """"
athena_workgroup_id = """"

--- ERRORS ---",
gh_1d5f4d32,Tianyi2/IRIS,iac_benchmark/scenarios/gh_1d5f4d32,740,6865,9,50,4,True,True,0,0,0,0,0,True,"--- INIT LOG ---
Initializing provider plugins...
- Finding latest version of hashicorp/aws...
- Installing hashicorp/aws v6.51.0...
- Installed hashicorp/aws v6.51.0 (signed by HashiCorp)
Terraform has created a lock file .terraform.lock.hcl to record the provider
selections it made above. Include this file in your version control repository
so that Terraform can guarantee to make the same selections by default when
you run ""terraform init"" in the future.

Terraform has been successfully initialized!

You may now begin working with Terraform. Try running ""terraform plan"" to see
any changes that are required for your infrastructure. All Terraform commands
should now work.

If you ever set or change modules or backend configuration for Terraform,
rerun this command to reinitialize your working directory. If you forget, other
commands will detect it and remind you to do so if necessary.

--- APPLY LOG ---

Changes to Outputs:
  + transit_gateway_arn                                                 = """"
  + transit_gateway_association_default_route_table_id                  = """"
  + transit_gateway_id                                                  = """"
  + transit_gateway_owner_id                                            = """"
  + transit_gateway_peering_attachment_accepter_id                      = """"
  + transit_gateway_peering_attachment_accepter_peer_account_id         = """"
  + transit_gateway_peering_attachment_accepter_peer_transit_gateway_id = """"
  + transit_gateway_pee

...[LOG TRUNCATED]...

way_owner_id = """"
transit_gateway_peering_attachment_accepter_id = """"
transit_gateway_peering_attachment_accepter_peer_account_id = """"
transit_gateway_peering_attachment_accepter_peer_transit_gateway_id = """"
transit_gateway_peering_attachment_accepter_transit_gateway_id = """"
transit_gateway_peering_attachment_id = """"
transit_gateway_propagation_default_route_table_id = """"
transit_gateway_route_id = """"
transit_gateway_route_table_arn = """"
transit_gateway_route_table_association_id = """"
transit_gateway_route_table_association_resource_id = """"
transit_gateway_route_table_association_resource_type = """"
transit_gateway_route_table_default_association_route_table = """"
transit_gateway_route_table_default_propagation_route_table = """"
transit_gateway_route_table_id = """"
transit_gateway_route_table_propagation_id = """"
transit_gateway_route_table_propagation_resource_id = """"
transit_gateway_route_table_propagation_resource_type = """"
transit_gateway_vpc_attachment_accepter_appliance_mode_support = """"
transit_gateway_vpc_attachment_accepter_dns_support = """"
transit_gateway_vpc_attachment_accepter_id = """"
transit_gateway_vpc_attachment_accepter_ipv6_support = """"
transit_gateway_vpc_attachment_accepter_subnet_ids = """"
transit_gateway_vpc_attachment_accepter_transit_gateway_id = """"
transit_gateway_vpc_attachment_accepter_vpc_id = """"
transit_gateway_vpc_attachment_accepter_vpc_owner_id = """"
transit_gateway_vpc_attachment_id = """"
transit_gateway_vpc_attachment_vpc_owner_id = """"

--- ERRORS ---",
terrads_a6a5210a700c,Zenodo/TerraDS,iac_benchmark/scenarios/terrads_a6a5210a700c,69,424,2,1,1,True,True,0,0,0,0,0,True,"NON-JSON OUTPUT:
","--- INIT LOG ---
Initializing provider plugins...
- Finding latest version of hashicorp/aws...
- Installing hashicorp/aws v6.52.0...
- Installed hashicorp/aws v6.52.0 (signed by HashiCorp)
Terraform has created a lock file .terraform.lock.hcl to record the provider
selections it made above. Include this file in your version control repository
so that Terraform can guarantee to make the same selections by default when
you run ""terraform init"" in the future.

Terraform has been successfully initialized!

You may now begin working with Terraform. Try running ""terraform plan"" to see
any changes th

...[LOG TRUNCATED]...

 = (known after apply)
    }

Plan: 2 to add, 0 to change, 0 to destroy.

Changes to Outputs:
  + cmk_alias = ""alias/kms-cmk-example""
  + cmk_arn   = (known after apply)
aws_kms_key.cmk: Creating...
aws_kms_key.cmk: Creation complete after 4s [id=4c49570f-60e0-46cf-a3ba-d73f60f04418]
aws_kms_alias.cmk: Creating...
aws_kms_alias.cmk: Creation complete after 0s [id=alias/kms-cmk-example]

Apply complete! Resources: 2 added, 0 changed, 0 destroyed.

Outputs:

cmk_alias = ""alias/kms-cmk-example""
cmk_arn = ""arn:aws:kms:us-east-2:000000000000:key/4c49570f-60e0-46cf-a3ba-d73f60f04418""

--- ERRORS ---"
terrads_a730577dfff4,Zenodo/TerraDS,iac_benchmark/scenarios/terrads_a730577dfff4,40,209,2,2,1,True,True,0,0,0,0,0,True,"--- INIT LOG ---
Initializing provider plugins...
- Finding hashicorp/aws versions matching ""~> 5.0""...
- Finding hashicorp/random versions matching ""3.6.0""...
- Installing hashicorp/aws v5.100.0...
- Installed hashicorp/aws v5.100.0 (signed by HashiCorp)
- Installing hashicorp/random v3.6.0...
- Installed hashicorp/random v3.6.0 (signed by HashiCorp)
Terraform has created a lock file .terraform.lock.hcl to record the provider
selections it made above. Include this file in your version control repository
so that Terraform can guarantee to make the same selections by default when
you run ""terra

...[LOG TRUNCATED]...

after apply)

      + website (known after apply)
    }

  # random_uuid.random will be created
  + resource ""random_uuid"" ""random"" {
      + id     = (known after apply)
      + result = (known after apply)
    }

Plan: 2 to add, 0 to change, 0 to destroy.
random_uuid.random: Creating...
random_uuid.random: Creation complete after 0s [id=2a14a320-fa39-ebd0-1773-5a4a4666a918]
aws_s3_bucket.s3_resource: Creating...
aws_s3_bucket.s3_resource: Creation complete after 1s [id=tp-s3-dev-2a14a320-fa39-ebd0-1773-5a4a4666a918]

Apply complete! Resources: 2 added, 0 changed, 0 destroyed.

--- ERRORS ---",
gh_75c55509,Tianyi2/IRIS,iac_benchmark/scenarios/gh_75c55509,766,6370,8,62,4,True,True,0,0,0,0,0,True,"--- INIT LOG ---
Initializing provider plugins...
- Finding latest version of hashicorp/aws...
- Installing hashicorp/aws v6.52.0...
- Installed hashicorp/aws v6.52.0 (signed by HashiCorp)
Terraform has created a lock file .terraform.lock.hcl to record the provider
selections it made above. Include this file in your version control repository
so that Terraform can guarantee to make the same selections by default when
you run ""terraform init"" in the future.

Terraform has been successfully initialized!

You may now begin working with Terraform. Try running ""terraform plan"" to see
any changes that are required for your infrastructure. All Terraform commands
should now work.

If you ever set or change modules or backend configuration for Terraform,
rerun this command to reinitialize your working directory. If you forget, other
commands will detect it and remind you to do so if necessary.

--- APPLY LOG ---

Changes to Outputs:
  + aws_route53_zone_id                                = """"
  + aws_route53_zone_name_servers                      = [
      + """",
    ]
  + aws_route53_zone_zone_id                           = """"
  + route53_delegation_set_id                          = """"
  + route53_delegation_set_name_servers                = [
      + """",
    ]
  + route53_health_check_id                            = """"
  + route53_key_signing_key_digest_algorithm_mnemonic  = """"
  + route53_key_signing_key_digest_algorithm_type      = """"
  + route53_key_signing_key_digest_value        

...[LOG TRUNCATED]...

                            = """"
  + route53_vpc_association_authorization_id           = """"
  + route53_zone_association_id                        = """"
  + route53_zone_association_vpc_id                    = """"
  + route53_zone_association_vpc_region                = """"
  + route53_zone_association_zone_id                   = """"

You can apply this plan to save these new output values to the Terraform
state, without changing any real infrastructure.

Apply complete! Resources: 0 added, 0 changed, 0 destroyed.

Outputs:

aws_route53_zone_id = """"
aws_route53_zone_name_servers = [
  """",
]
aws_route53_zone_zone_id = """"
route53_delegation_set_id = """"
route53_delegation_set_name_servers = [
  """",
]
route53_health_check_id = """"
route53_key_signing_key_digest_algorithm_mnemonic = """"
route53_key_signing_key_digest_algorithm_type = """"
route53_key_signing_key_digest_value = """"
route53_key_signing_key_dnskey_record = """"
route53_key_signing_key_ds_record = """"
route53_key_signing_key_flag = """"
route53_key_signing_key_id = """"
route53_key_signing_key_key_tag = """"
route53_key_signing_key_public_key = """"
route53_key_signing_key_signing_algorithm_mnemonic = """"
route53_key_signing_key_signing_algorithm_type = """"
route53_query_log_id = """"
route53_record_fqdn = """"
route53_record_name = """"
route53_vpc_association_authorization_id = """"
route53_zone_association_id = """"
route53_zone_association_vpc_id = """"
route53_zone_association_vpc_region = """"
route53_zone_association_zone_id = """"

--- ERRORS ---",
terrads_6733374577f8,Zenodo/TerraDS,iac_benchmark/scenarios/terrads_6733374577f8,50,251,2,0,1,True,True,0,0,0,0,0,True,"--- INIT LOG ---
Initializing provider plugins...
- Finding latest version of hashicorp/aws...
- Installing hashicorp/aws v6.54.0...
- Installed hashicorp/aws v6.54.0 (signed by HashiCorp)
Terraform has created a lock file .terraform.lock.hcl to record the provider
selections it made above. Include this file in your version control repository
so that Terraform can guarantee to make the same selections by default when
you run ""terraform init"" in the future.

Terraform has been successfully initialized!

You may now begin working with Terraform. Try running ""terraform plan"" to see
any changes th

...[LOG TRUNCATED]...

egion                  = ""us-east-1""
      + size_in_bytes           = (known after apply)
      + tags_all                = (known after apply)
      + throughput_mode         = ""bursting""

      + protection (known after apply)
    }

Plan: 2 to add, 0 to change, 0 to destroy.
aws_efs_file_system.test: Creating...
aws_efs_file_system.test: Creation complete after 4s [id=fs-a40698a9]
aws_ecs_task_definition.service: Creating...
aws_ecs_task_definition.service: Creation complete after 0s [id=cloudrail-test-encryption]

Apply complete! Resources: 2 added, 0 changed, 0 destroyed.

--- ERRORS ---",
gh_0897548a,Tianyi2/IRIS,iac_benchmark/scenarios/gh_0897548a,114,719,4,0,2,True,True,0,0,0,0,0,True,"--- INIT LOG ---
Initializing provider plugins...
- Finding latest version of hashicorp/aws...
- Installing hashicorp/aws v6.52.0...
- Installed hashicorp/aws v6.52.0 (signed by HashiCorp)
Terraform has created a lock file .terraform.lock.hcl to record the provider
selections it made above. Include this file in your version control repository
so that Terraform can guarantee to make the same selections by default when
you run ""terraform init"" in the future.

Terraform has been successfully initialized!

You may now begin working with Terraform. Try running ""terraform plan"" to see
any changes that are required for your infrastructure. All Terraform commands
should now work.

If you ever set or change modules or backend configuration for Terraform,
rerun this command to reinitialize your working directory. If you forget, other
commands will detect it and remind you to do so if necessary.

--- APPLY LOG ---

Terraform used the selected providers to generate the following execution
plan. Resource actions are indicated with the following symbols:
  + create

Terraform will perform the following actions:

  # aws_cloudwatch_metric_alarm.anomaly_detection will be created
  + resource ""aws_cloudwatch_metric_alarm"" ""anomaly_detection"" {
      + actions_enabled                       = true
      + alarm_description                     = ""This metric monitors ec2 cpu utilization""
      + alarm_name                            = ""terraform-test-foobar""
      + arn                          

...[LOG TRUNCATED]...

                                = (known after apply)
      + comparison_operator                   = ""GreaterThanOrEqualToThreshold""
      + evaluate_low_sample_count_percentiles = (known after apply)
      + evaluation_periods                    = 2
      + id                                    = (known after apply)
      + metric_name                           = ""CPUUtilization""
      + namespace                             = ""AWS/EC2""
      + period                                = 120
      + region                                = ""us-east-1""
      + statistic                             = ""Average""
      + tags_all                              = (known after apply)
      + threshold                             = 80
      + treat_missing_data                    = ""missing""
    }

Plan: 4 to add, 0 to change, 0 to destroy.
aws_cloudwatch_metric_alarm.standard: Creating...
aws_cloudwatch_metric_alarm.high: Creating...
aws_cloudwatch_metric_alarm.expression: Creating...
aws_cloudwatch_metric_alarm.anomaly_detection: Creating...
aws_cloudwatch_metric_alarm.standard: Creation complete after 0s [id=terraform-test-alarm]
aws_cloudwatch_metric_alarm.high: Creation complete after 0s [id=terraform-test-alarm]
aws_cloudwatch_metric_alarm.anomaly_detection: Creation complete after 0s [id=terraform-test-foobar]
aws_cloudwatch_metric_alarm.expression: Creation complete after 0s [id=terraform-test-expression]

Apply complete! Resources: 4 added, 0 changed, 0 destroyed.

--- ERRORS ---",
terrads_6d809b17b463,Zenodo/TerraDS,iac_benchmark/scenarios/terrads_6d809b17b463,52,278,2,3,1,True,True,0,0,0,0,0,True,"--- INIT LOG ---
Initializing provider plugins...
- Finding kreuzwerker/docker versions matching ""~> 2.22.0""...
- Finding latest version of hashicorp/aws...
- Installing kreuzwerker/docker v2.22.0...
- Installed kreuzwerker/docker v2.22.0 (self-signed, key ID BD080C4571C6104C)
- Installing hashicorp/aws v6.53.0...
- Installed hashicorp/aws v6.53.0 (signed by HashiCorp)
Partner and community providers are signed by their developers.
If you'd like to know more about provider signing, you can read about it here:
https://developer.hashicorp.com/terraform/cli/plugins/signing
Terraform has created a

...[LOG TRUNCATED]...

 + repo_digest  = (known after apply)
    }

Plan: 2 to add, 0 to change, 0 to destroy.
docker_image.nginx: Creating...
docker_image.nginx: Still creating... [00m10s elapsed]
docker_image.nginx: Still creating... [00m20s elapsed]
docker_image.nginx: Creation complete after 25s [id=sha256:f5747a42e3adcb3168049d63278d7251d91185bb5111d2563d58729a5c9179b0nginx:1.23.4]
docker_container.nginx: Creating...
docker_container.nginx: Creation complete after 1s [id=9be3cc49a92d8c7cdb1f9bb97dbe0cdd82e0d8267301c3a36461e45b2834cfba]

Apply complete! Resources: 2 added, 0 changed, 0 destroyed.

--- ERRORS ---",
terrads_9d98b1468492,Zenodo/TerraDS,iac_benchmark/scenarios/terrads_9d98b1468492,39,191,2,0,1,True,True,0,0,0,0,0,True,"--- INIT LOG ---
Initializing provider plugins...
- Finding hashicorp/aws versions matching ""~> 5.0""...
- Installing hashicorp/aws v5.100.0...
- Installed hashicorp/aws v5.100.0 (signed by HashiCorp)
Terraform has created a lock file .terraform.lock.hcl to record the provider
selections it made above. Include this file in your version control repository
so that Terraform can guarantee to make the same selections by default when
you run ""terraform init"" in the future.

Terraform has been successfully initialized!

You may now begin working with Terraform. Try running ""terraform plan"" to see
any

...[LOG TRUNCATED]...

 (known after apply)
      + tags_all         = (known after apply)
      + unique_id        = (known after apply)
    }

Plan: 2 to add, 0 to change, 0 to destroy.
aws_cloudwatch_log_resource_policy.main: Creating...
aws_iam_service_linked_role.main: Creating...
aws_iam_service_linked_role.main: Creation complete after 0s [id=arn:aws:iam::000000000000:role/aws-service-role/es.amazonaws.com/AWSServiceRoleForEs]
aws_cloudwatch_log_resource_policy.main: Creation complete after 0s [id=elasticsearch-log-publishing-policy]

Apply complete! Resources: 2 added, 0 changed, 0 destroyed.

--- ERRORS ---","NON-JSON OUTPUT:
"
terrads_0d32a4ad7186,Zenodo/TerraDS,iac_benchmark/scenarios/terrads_0d32a4ad7186,76,530,6,0,1,True,True,0,0,0,0,0,True,"--- INIT LOG ---
Initializing provider plugins...
- Finding latest version of hashicorp/aws...
- Installing hashicorp/aws v6.54.0...
- Installed hashicorp/aws v6.54.0 (signed by HashiCorp)
Terraform has created a lock file .terraform.lock.hcl to record the provider
selections it made above. Include this file in your version control repository
so that Terraform can guarantee to make the same selections by default when
you run ""terraform init"" in the future.

Terraform has been successfully initialized!

You may now begin working with Terraform. Try running ""terraform plan"" to see
any changes th

...[LOG TRUNCATED]...

ng...
aws_s3_bucket_public_access_block.terraform_state_access: Creation complete after 0s [id=tfstate-s3bucket]
aws_s3_bucket_acl.terraform_state_acl: Creation complete after 0s [id=tfstate-s3bucket,private]
aws_s3_bucket_server_side_encryption_configuration.terraform_state_encryption: Creation complete after 0s [id=tfstate-s3bucket]
aws_s3_bucket_versioning.terraform_state_versioning: Creation complete after 1s [id=tfstate-s3bucket]
aws_dynamodb_table.terraform_state_lock: Creation complete after 7s [id=tfstate-ddb]

Apply complete! Resources: 6 added, 0 changed, 0 destroyed.

--- ERRORS ---",
terrads_502f773ea348,Zenodo/TerraDS,iac_benchmark/scenarios/terrads_502f773ea348,564,4490,8,40,4,True,True,0,0,0,0,0,True,"--- INIT LOG ---
Initializing provider plugins...
- Finding hashicorp/aws versions matching "">= 4.36.0""...
- Installing hashicorp/aws v6.53.0...
- Installed hashicorp/aws v6.53.0 (signed by HashiCorp)
Terraform has created a lock file .terraform.lock.hcl to record the provider
selections it made above. Include this file in your version control repository
so that Terraform can guarantee to make the same selections by default when
you run ""terraform init"" in the future.

Terraform has been successfully initialized!

You may now begin working with Terraform. Try running ""terraform plan"" to see
an

...[LOG TRUNCATED]...


details.

(and 3 more similar warnings elsewhere)

Apply complete! Resources: 1 added, 0 changed, 0 destroyed.

Outputs:

dead_letter_queue_arn_static = """"
queue_arn = ""arn:aws:sqs:us-east-1:000000000000:terraform-edafeb49eaf3c456f754264700""
queue_arn_static = ""arn:aws:sqs:us-east-1:000000000000:""
queue_id = ""http://sqs.us-east-1.localhost.localstack.cloud:4566/000000000000/terraform-edafeb49eaf3c456f754264700""
queue_name = ""terraform-edafeb49eaf3c456f754264700""
queue_url = ""http://sqs.us-east-1.localhost.localstack.cloud:4566/000000000000/terraform-edafeb49eaf3c456f754264700""

--- ERRORS ---","NON-JSON OUTPUT:
"
gh_131320ab,Tianyi2/IRIS,iac_benchmark/scenarios/gh_131320ab,689,5344,8,42,4,True,True,0,0,0,0,0,True,"--- INIT LOG ---
Initializing provider plugins...
- Finding hashicorp/aws versions matching "">= 6.28.0""...
- Installing hashicorp/aws v6.52.0...
- Installed hashicorp/aws v6.52.0 (signed by HashiCorp)
Terraform has created a lock file .terraform.lock.hcl to record the provider
selections it made above. Include this file in your version control repository
so that Terraform can guarantee to make the same selections by default when
you run ""terraform init"" in the future.

Terraform has been successfully initialized!

You may now begin working with Terraform. Try running ""terraform plan"" to see
any changes that are required for your infrastructure. All Terraform commands
should now work.

If you ever set or change modules or backend configuration for Terraform,
rerun this command to reinitialize your working directory. If you forget, other
commands will detect it and remind you to do so if necessary.

--- APPLY LOG ---
data.aws_caller_identity.current[0]: Reading...
data.aws_region.current[0]: Reading...
data.aws_partition.current[0]: Reading...
data.aws_region.current[0]: Read complete after 0s [id=us-east-1]
data.aws_partition.current[0]: Read complete after 0s [id=aws]
data.aws_caller_identity.current[0]: Read complete after 0s [id=000000000000]

Terraform used the selected providers to generate the following execution
plan. Resource actions are indicated with the following symbols:
  + create

Terraform will perform the following actions:

  # aws_sqs_queue.this[0] will be cr

...[LOG TRUNCATED]...

 add, 0 to change, 0 to destroy.

Changes to Outputs:
  + dead_letter_queue_arn_static = """"
  + queue_arn                    = (known after apply)
  + queue_arn_static             = ""arn:aws:sqs:us-east-1:000000000000:""
  + queue_id                     = (known after apply)
  + queue_name                   = (known after apply)
  + queue_url                    = (known after apply)
aws_sqs_queue.this[0]: Creating...
aws_sqs_queue.this[0]: Still creating... [00m10s elapsed]
aws_sqs_queue.this[0]: Still creating... [00m20s elapsed]
aws_sqs_queue.this[0]: Creation complete after 26s [id=http://sqs.us-east-1.localhost.localstack.cloud:4566/000000000000/terraform-d2d7171078f4cc9699d746981e]

Warning: Deprecated attribute

  on main.tf line 18, in locals:
  18:   partition  = try(data.aws_partition.current[0].id, ""aws"")

The attribute ""id"" is deprecated. Refer to the provider documentation for
details.

(and 2 more similar warnings elsewhere)

Apply complete! Resources: 1 added, 0 changed, 0 destroyed.

Outputs:

dead_letter_queue_arn_static = """"
queue_arn = ""arn:aws:sqs:us-east-1:000000000000:terraform-d2d7171078f4cc9699d746981e""
queue_arn_static = ""arn:aws:sqs:us-east-1:000000000000:""
queue_id = ""http://sqs.us-east-1.localhost.localstack.cloud:4566/000000000000/terraform-d2d7171078f4cc9699d746981e""
queue_name = ""terraform-d2d7171078f4cc9699d746981e""
queue_url = ""http://sqs.us-east-1.localhost.localstack.cloud:4566/000000000000/terraform-d2d7171078f4cc9699d746981e""

--- ERRORS ---",
terrads_b0a44418031a,Zenodo/TerraDS,iac_benchmark/scenarios/terrads_b0a44418031a,210,1511,10,14,3,True,True,0,0,0,0,0,True,"--- INIT LOG ---
Initializing provider plugins...
- Finding latest version of hashicorp/aws...
- Installing hashicorp/aws v6.53.0...
- Installed hashicorp/aws v6.53.0 (signed by HashiCorp)
Terraform has created a lock file .terraform.lock.hcl to record the provider
selections it made above. Include this file in your version control repository
so that Terraform can guarantee to make the same selections by default when
you run ""terraform init"" in the future.

Terraform has been successfully initialized!

You may now begin working with Terraform. Try running ""terraform plan"" to see
any changes th

...[LOG TRUNCATED]...

ting...
aws_main_route_table_association.mainRtbAssoVpcMain: Creation complete after 1s [id=rtbassoc-34386e2a4f6dcf873]

Apply complete! Resources: 10 added, 0 changed, 0 destroyed.

Outputs:

subnetsAz1 = {
  ""mgmt"" = ""subnet-2cc9cae9e471c8492""
  ""private"" = ""subnet-ef96c7dfe5cb17d0d""
  ""public"" = ""subnet-776fe6c1a9f445bc3""
}
subnetsAz2 = {
  ""mgmt"" = ""subnet-1de76a97f528b78d1""
  ""private"" = ""subnet-3050b32b33a09d8c4""
  ""public"" = ""subnet-5a820e63c74512512""
}
vpcMainIgw = ""igw-7b5a62b83b69dac3d""
vpcMainRtb = ""rtb-d0ee4609f1636679c""
vpcs = {
  ""main"" = ""vpc-0567fd1e3252c49f1""
}

--- ERRORS ---",
terrads_bf99d2d68ca6,Zenodo/TerraDS,iac_benchmark/scenarios/terrads_bf99d2d68ca6,297,1932,11,9,4,True,True,0,0,0,0,0,True,"--- INIT LOG ---
Initializing provider plugins...
- Finding hashicorp/aws versions matching ""~> 5.0""...
- Installing hashicorp/aws v5.100.0...
- Installed hashicorp/aws v5.100.0 (signed by HashiCorp)
Terraform has created a lock file .terraform.lock.hcl to record the provider
selections it made above. Include this file in your version control repository
so that Terraform can guarantee to make the same selections by default when
you run ""terraform init"" in the future.

Terraform has been successfully initialized!

You may now begin working with Terraform. Try running ""terraform plan"" to see
any

...[LOG TRUNCATED]...



If you ever set or change modules or backend configuration for Terraform,
rerun this command to reinitialize your working directory. If you forget, other
commands will detect it and remind you to do so if necessary.

--- APPLY LOG ---
data.aws_region.current: Reading...
data.aws_region.current: Read complete after 0s [id=us-east-1]

No changes. Your infrastructure matches the configuration.

Terraform has compared your real infrastructure against your configuration
and found no differences, so no changes are needed.

Apply complete! Resources: 0 added, 0 changed, 0 destroyed.

--- ERRORS ---",
terrads_5b4e0301422a,Zenodo/TerraDS,iac_benchmark/scenarios/terrads_5b4e0301422a,214,1794,5,3,3,True,True,0,0,0,0,0,True,"--- INIT LOG ---
Initializing provider plugins...
- Finding latest version of hashicorp/aws...
- Finding latest version of hashicorp/random...
- Installing hashicorp/aws v6.54.0...
- Installed hashicorp/aws v6.54.0 (signed by HashiCorp)
- Installing hashicorp/random v3.9.0...
- Installed hashicorp/random v3.9.0 (signed by HashiCorp)
Terraform has created a lock file .terraform.lock.hcl to record the provider
selections it made above. Include this file in your version control repository
so that Terraform can guarantee to make the same selections by default when
you run ""terraform init"" in the f

...[LOG TRUNCATED]...

nly_policy: Creating...
aws_iam_role_policy_attachment.prismacloud_role_policy_attachment: Creation complete after 0s [id=PrismaCloudReadWriteRole/arn:aws:iam::aws:policy/SecurityAudit]
aws_iam_role_policy.prismacloud_iam_readonly_policy: Creation complete after 0s [id=PrismaCloudReadWriteRole:PrismaCloud-IAM-ReadOnly-Policy]

Apply complete! Resources: 4 added, 0 changed, 0 destroyed.

Outputs:

account_id = ""000000000000""
external_id = ""o6QCQx0VhuDQWj8myF7UgpfkR5vdhxZK""
role_arn = ""arn:aws:iam::000000000000:role/PrismaCloudReadWriteRole""
role_name = ""PrismaCloudReadWriteRole""

--- ERRORS ---",
terrads_726ca27fa34a,Zenodo/TerraDS,iac_benchmark/scenarios/terrads_726ca27fa34a,442,2921,5,25,3,True,True,0,0,0,0,0,True,"--- INIT LOG ---
Initializing provider plugins...
- Finding latest version of hashicorp/aws...
- Finding latest version of hashicorp/random...
- Installing hashicorp/random v3.9.0...
- Installed hashicorp/random v3.9.0 (signed by HashiCorp)
- Installing hashicorp/aws v6.54.0...
- Installed hashicorp/aws v6.54.0 (signed by HashiCorp)
Terraform has created a lock file .terraform.lock.hcl to record the provider
selections it made above. Include this file in your version control repository
so that Terraform can guarantee to make the same selections by default when
you run ""terraform init"" in the f

...[LOG TRUNCATED]...

n resource ""aws_s3_bucket"" ""bucket"":
  11: resource ""aws_s3_bucket"" ""bucket"" {

server_side_encryption_configuration is deprecated. Use the
aws_s3_bucket_server_side_encryption_configuration resource instead.

(and 3 more similar warnings elsewhere)

Apply complete! Resources: 2 added, 0 changed, 0 destroyed.

Outputs:

arn = ""arn:aws:s3:::corebucket-3903983197""
bucket_domain_name = ""corebucket-3903983197.s3.amazonaws.com""
hosted_zone_id = ""Z3AQBSTGFYJSTF""
id = ""corebucket-3903983197""
region = ""us-east-1""
regional_domain_name = ""corebucket-3903983197.s3.us-east-1.amazonaws.com""

--- ERRORS ---",
terrads_1db4706734d9,Zenodo/TerraDS,iac_benchmark/scenarios/terrads_1db4706734d9,381,2811,5,29,3,True,True,0,0,0,0,0,True,"--- INIT LOG ---
Initializing provider plugins...
- Finding hashicorp/aws versions matching "">= 4.0.0""...
- Installing hashicorp/aws v6.53.0...
- Installed hashicorp/aws v6.53.0 (signed by HashiCorp)
Terraform has created a lock file .terraform.lock.hcl to record the provider
selections it made above. Include this file in your version control repository
so that Terraform can guarantee to make the same selections by default when
you run ""terraform init"" in the future.

Terraform has been successfully initialized!

You may now begin working with Terraform. Try running ""terraform plan"" to see
any

...[LOG TRUNCATED]...

.aws_region.current.name

The attribute ""name"" is deprecated. Refer to the provider documentation for
details.

(and 2 more similar warnings elsewhere)

Apply complete! Resources: 1 added, 0 changed, 0 destroyed.

Outputs:

arn = ""arn:aws:sns:us-east-1:000000000000:terraform-b1abebca8cd2dcc991a53acb9a""
id = ""arn:aws:sns:us-east-1:000000000000:terraform-b1abebca8cd2dcc991a53acb9a""
owner = ""000000000000""
subscription_arn = []
subscription_confirmation_was_authenticated = []
subscription_id = []
subscription_owner_id = []
subscription_pending_confirmation = []
tags_all = tomap({})

--- ERRORS ---","NON-JSON OUTPUT:
"
terrads_651ca158389b,Zenodo/TerraDS,iac_benchmark/scenarios/terrads_651ca158389b,487,4746,18,31,5,True,True,0,0,0,0,0,True,"--- INIT LOG ---
Initializing modules...
Downloading registry.terraform.io/clouddrove/labels/aws 1.3.0 for labels...
- labels in .terraform/modules/labels
Initializing provider plugins...
- Finding hashicorp/aws versions matching "">= 5.1.0""...
- Installing hashicorp/aws v6.53.0...
- Installed hashicorp/aws v6.53.0 (signed by HashiCorp)
Terraform has created a lock file .terraform.lock.hcl to record the provider
selections it made above. Include this file in your version control repository
so that Terraform can guarantee to make the same selections by default when
you run ""terraform init"" in th

...[LOG TRUNCATED]...

drove.com""
      + Repository = ""https://github.com/clouddrove/terraform-aws-security-group""
    }
aws_security_group.default[0]: Creating...
aws_security_group.default[0]: Creation complete after 0s [id=sg-f70bf70f8deb46eb2]

Apply complete! Resources: 1 added, 0 changed, 0 destroyed.

Outputs:

security_group_arn = ""arn:aws:ec2:us-east-1:000000000000:security-group/sg-f70bf70f8deb46eb2""
security_group_id = ""sg-f70bf70f8deb46eb2""
security_group_tags = tomap({
  ""Managedby"" = ""hello@clouddrove.com""
  ""Repository"" = ""https://github.com/clouddrove/terraform-aws-security-group""
})

--- ERRORS ---","NON-JSON OUTPUT:
"
gh_98f2e277,Tianyi2/IRIS,iac_benchmark/scenarios/gh_98f2e277,43,194,2,0,1,True,True,0,0,0,0,0,True,"--- INIT LOG ---
Initializing provider plugins...
- Finding hashicorp/random versions matching "">= 2.0.0""...
- Finding hashicorp/aws versions matching "">= 5.81.0""...
- Installing hashicorp/random v3.9.0...
- Installed hashicorp/random v3.9.0 (signed by HashiCorp)
- Installing hashicorp/aws v6.53.0...
- Installed hashicorp/aws v6.53.0 (signed by HashiCorp)
Terraform has created a lock file .terraform.lock.hcl to record the provider
selections it made above. Include this file in your version control repository
so that Terraform can guarantee to make the same selections by default when
you run ""t

...[LOG TRUNCATED]...

cloudwatch_log_group_name = (known after apply)
  + random_id                 = (known after apply)
random_pet.this: Creating...
random_pet.this: Creation complete after 0s [id=musical-whippet]
aws_cloudwatch_log_group.this: Creating...
aws_cloudwatch_log_group.this: Creation complete after 0s [id=log-group-musical-whippet]

Apply complete! Resources: 2 added, 0 changed, 0 destroyed.

Outputs:

cloudwatch_log_group_arn = ""arn:aws:logs:us-east-1:000000000000:log-group:log-group-musical-whippet""
cloudwatch_log_group_name = ""log-group-musical-whippet""
random_id = ""musical-whippet""

--- ERRORS ---","NON-JSON OUTPUT:
"
terrads_ebde94342eb5,Zenodo/TerraDS,iac_benchmark/scenarios/terrads_ebde94342eb5,94,643,4,4,2,True,True,0,0,0,0,0,True,"--- INIT LOG ---
Initializing provider plugins...
- Finding latest version of hashicorp/aws...
- Installing hashicorp/aws v6.53.0...
- Installed hashicorp/aws v6.53.0 (signed by HashiCorp)
Terraform has created a lock file .terraform.lock.hcl to record the provider
selections it made above. Include this file in your version control repository
so that Terraform can guarantee to make the same selections by default when
you run ""terraform init"" in the future.

Terraform has been successfully initialized!

You may now begin working with Terraform. Try running ""terraform plan"" to see
any changes th

...[LOG TRUNCATED]...

olicy/-assume-role-packer-files-s3-read]
aws_iam_role.packer-build: Creation complete after 0s [id=-packer-build]
aws_iam_role_policy_attachment.packer-build: Creating...
aws_iam_instance_profile.packer-build: Creating...
aws_iam_role_policy_attachment.packer-build: Creation complete after 0s [id=-packer-build/arn:aws:iam::000000000000:policy/-assume-role-packer-files-s3-read]
aws_iam_instance_profile.packer-build: Creation complete after 5s [id=packer-builder]

Apply complete! Resources: 4 added, 0 changed, 0 destroyed.

Outputs:

packer-builder-profile-name = ""packer-builder""

--- ERRORS ---",
terrads_c6fa801d3646,Zenodo/TerraDS,iac_benchmark/scenarios/terrads_c6fa801d3646,368,2414,6,26,3,True,True,0,0,0,0,0,True,"--- INIT LOG ---
Initializing provider plugins...
- Finding hashicorp/aws versions matching "">= 4.0.0""...
- Installing hashicorp/aws v6.53.0...
- Installed hashicorp/aws v6.53.0 (signed by HashiCorp)
Terraform has created a lock file .terraform.lock.hcl to record the provider
selections it made above. Include this file in your version control repository
so that Terraform can guarantee to make the same selections by default when
you run ""terraform init"" in the future.

Terraform has been successfully initialized!

You may now begin working with Terraform. Try running ""terraform plan"" to see
any

...[LOG TRUNCATED]...

e Terraform
state, without changing any real infrastructure.

Apply complete! Resources: 0 added, 0 changed, 0 destroyed.

Outputs:

admin_iam_role_arn = """"
admin_iam_role_name = """"
admin_iam_role_path = """"
admin_iam_role_requires_mfa = true
admin_iam_role_unique_id = """"
poweruser_iam_role_arn = """"
poweruser_iam_role_name = """"
poweruser_iam_role_path = """"
poweruser_iam_role_requires_mfa = true
poweruser_iam_role_unique_id = """"
readonly_iam_role_arn = """"
readonly_iam_role_name = """"
readonly_iam_role_path = """"
readonly_iam_role_requires_mfa = true
readonly_iam_role_unique_id = """"

--- ERRORS ---","NON-JSON OUTPUT:
"
terrads_ddc425a81cf2,Zenodo/TerraDS,iac_benchmark/scenarios/terrads_ddc425a81cf2,580,4148,10,35,4,True,True,0,0,0,0,0,True,"--- INIT LOG ---
Initializing provider plugins...
- Finding hashicorp/aws versions matching "">= 3.35.0""...
- Finding hashicorp/local versions matching "">= 1.0.0""...
- Finding hashicorp/null versions matching "">= 2.0.0""...
- Installing hashicorp/aws v6.53.0...
- Installed hashicorp/aws v6.53.0 (signed by HashiCorp)
- Installing hashicorp/local v2.9.0...
- Installed hashicorp/local v2.9.0 (signed by HashiCorp)
- Installing hashicorp/null v3.3.0...
- Installed hashicorp/null v3.3.0 (signed by HashiCorp)
Terraform has created a lock file .terraform.lock.hcl to record the provider
selections it mad

...[LOG TRUNCATED]...

e CodeDeployDefault.LambdaAllAtOnce \
    --description """" \
    --revision '{""revisionType"": ""AppSpecContent"", ""appSpecContent"": {""content"": ""{\""Resources\"":[{\""MyFunction\"":{\""Properties\"":{\""Alias\"":\""\"",\""CurrentVersion\"":\""\"",\""Name\"":\""\"",\""TargetVersion\"":\""\""},\""Type\"":\""AWS::Lambda::Function\""}}],\""version\"":\""0.0\""}"", ""sha256"": ""ed8464aca7a1c211ec12791482b43e46b9044efa61ce53586020eaeef7d99aa8""}}' \
    --output text \
    --query '[deploymentId]')

aws deploy get-deployment --deployment-id $ID
echo ""Deployment started, but wait deployment completion is disabled!""

EOT

--- ERRORS ---","NON-JSON OUTPUT:
"
terrads_1ff806c8454b,Zenodo/TerraDS,iac_benchmark/scenarios/terrads_1ff806c8454b,52,273,2,3,1,True,True,0,0,0,0,0,True,"--- INIT LOG ---
Initializing provider plugins...
- Finding kreuzwerker/docker versions matching ""~> 2.22.0""...
- Finding latest version of hashicorp/aws...
- Installing kreuzwerker/docker v2.22.0...
- Installed kreuzwerker/docker v2.22.0 (self-signed, key ID BD080C4571C6104C)
- Installing hashicorp/aws v6.53.0...
- Installed hashicorp/aws v6.53.0 (signed by HashiCorp)
Partner and community providers are signed by their developers.
If you'd like to know more about provider signing, you can read about it here:
https://developer.hashicorp.com/terraform/cli/plugins/signing
Terraform has created a

...[LOG TRUNCATED]...

   = (known after apply)
      + name         = ""nginx:1.23.4""
      + output       = (known after apply)
      + repo_digest  = (known after apply)
    }

Plan: 2 to add, 0 to change, 0 to destroy.
docker_image.nginx: Creating...
docker_image.nginx: Creation complete after 0s [id=sha256:f5747a42e3adcb3168049d63278d7251d91185bb5111d2563d58729a5c9179b0nginx:1.23.4]
docker_container.nginx: Creating...
docker_container.nginx: Creation complete after 1s [id=68706915e7d021a80aa8b3b8290bf4cdde611b89c85adc3c120fe075f484be27]

Apply complete! Resources: 2 added, 0 changed, 0 destroyed.

--- ERRORS ---",
terrads_0b839c616027,Zenodo/TerraDS,iac_benchmark/scenarios/terrads_0b839c616027,512,3492,6,27,3,True,True,0,0,0,0,0,True,"--- INIT LOG ---
Initializing provider plugins...
- Finding hashicorp/aws versions matching "">= 4.0.0""...
- Installing hashicorp/aws v6.53.0...
- Installed hashicorp/aws v6.53.0 (signed by HashiCorp)
Terraform has created a lock file .terraform.lock.hcl to record the provider
selections it made above. Include this file in your version control repository
so that Terraform can guarantee to make the same selections by default when
you run ""terraform init"" in the future.

Terraform has been successfully initialized!

You may now begin working with Terraform. Try running ""terraform plan"" to see
any

...[LOG TRUNCATED]...

e Terraform
state, without changing any real infrastructure.

Apply complete! Resources: 0 added, 0 changed, 0 destroyed.

Outputs:

admin_iam_role_arn = """"
admin_iam_role_name = """"
admin_iam_role_path = """"
admin_iam_role_requires_mfa = true
admin_iam_role_unique_id = """"
poweruser_iam_role_arn = """"
poweruser_iam_role_name = """"
poweruser_iam_role_path = """"
poweruser_iam_role_requires_mfa = true
poweruser_iam_role_unique_id = """"
readonly_iam_role_arn = """"
readonly_iam_role_name = """"
readonly_iam_role_path = """"
readonly_iam_role_requires_mfa = true
readonly_iam_role_unique_id = """"

--- ERRORS ---","NON-JSON OUTPUT:
"
terrads_b9e95b2e6d91,Zenodo/TerraDS,iac_benchmark/scenarios/terrads_b9e95b2e6d91,211,1511,3,13,2,True,True,0,0,0,0,0,True,"--- INIT LOG ---
Initializing provider plugins...
- Finding hashicorp/aws versions matching "">= 5.30.0""...
- Installing hashicorp/aws v6.53.0...
- Installed hashicorp/aws v6.53.0 (signed by HashiCorp)
Terraform has created a lock file .terraform.lock.hcl to record the provider
selections it made above. Include this file in your version control repository
so that Terraform can guarantee to make the same selections by default when
you run ""terraform init"" in the future.

Terraform has been successfully initialized!

You may now begin working with Terraform. Try running ""terraform plan"" to see
an

...[LOG TRUNCATED]...

hanges that are required for your infrastructure. All Terraform commands
should now work.

If you ever set or change modules or backend configuration for Terraform,
rerun this command to reinitialize your working directory. If you forget, other
commands will detect it and remind you to do so if necessary.

--- APPLY LOG ---

Changes to Outputs:
  + endpoints          = {}

You can apply this plan to save these new output values to the Terraform
state, without changing any real infrastructure.

Apply complete! Resources: 0 added, 0 changed, 0 destroyed.

Outputs:

endpoints = {}

--- ERRORS ---","NON-JSON OUTPUT:
"
terrads_2b8b3dc2bc75,Zenodo/TerraDS,iac_benchmark/scenarios/terrads_2b8b3dc2bc75,283,1911,9,3,4,True,True,0,0,0,0,0,True,"--- INIT LOG ---
Initializing modules...
Downloading registry.terraform.io/Young-ook/spinnaker/aws 3.0.2 for aws...
- aws in .terraform/modules/aws/modules/aws-partitions
Downloading registry.terraform.io/Young-ook/spinnaker/aws 3.0.0 for frigga...
- frigga in .terraform/modules/frigga/modules/frigga
Downloading registry.terraform.io/Young-ook/sagemaker/aws 0.4.8 for snapshot...
- snapshot in .terraform/modules/snapshot/modules/s3
Downloading registry.terraform.io/Young-ook/spinnaker/aws 3.0.2 for snapshot.aws...
- snapshot.aws in .terraform/modules/snapshot.aws/modules/aws-partitions
Download

...[LOG TRUNCATED]...

esource_id"" = tostring(null)
        ""compliance_resource_types"" = toset(null) /* of string */
        ""tag_key"" = tostring(null)
        ""tag_value"" = tostring(null)
      },
    ])
    ""source"" = tolist([
      {
        ""custom_policy_details"" = tolist([])
        ""owner"" = ""AWS""
        ""source_detail"" = toset([])
        ""source_identifier"" = ""ROOT_ACCOUNT_MFA_ENABLED""
      },
    ])
    ""tags"" = tomap({
      ""Name"" = ""config-nwijr""
      ""terraform.io"" = ""managed""
    })
    ""tags_all"" = tomap({
      ""Name"" = ""config-nwijr""
      ""terraform.io"" = ""managed""
    })
  }
}

--- ERRORS ---",
