scenario_id,source,folder_path,loc,tokens,n_resources,n_params,difficulty,tflint_passed,trivy_scan_success,trivy_critical,trivy_high,trivy_medium,trivy_low,trivy_unknown,deploy_passed,deploy_log,tflint_log
terrads_e4f73489147c,Zenodo/TerraDS,iac_benchmark/scenarios/terrads_e4f73489147c,540,3429,28,0,5,True,True,0,0,0,0,0,True,"--- INIT LOG ---
Initializing modules...
Downloading registry.terraform.io/terraform-aws-modules/vpc/aws 6.6.1 for vpc...
- vpc in .terraform/modules/vpc
Initializing provider plugins...
- Finding hashicorp/aws versions matching "">= 6.28.0""...
- Installing hashicorp/aws v6.55.0...
- Installed hashicorp/aws v6.55.0 (signed by HashiCorp)
Terraform has created a lock file .terraform.lock.hcl to record the provider
selections it made above. Include this file in your version control repository
so that Terraform can guarantee to make the same selections by default when
you run ""terraform init"" in th

...[LOG TRUNCATED]...

gs elsewhere)

Warning: Argument is deprecated

  with aws_service_discovery_service.app_service,
  on fargate_service.tf line 224, in resource ""aws_service_discovery_service"" ""app_service"":
 224:     failure_threshold = 1

failure_threshold is deprecated. The argument is no longer supported by AWS
and the value is always set to 1. The attribute will be removed in a future
major version.

(and 3 more similar warnings elsewhere)

Apply complete! Resources: 59 added, 0 changed, 0 destroyed.

Outputs:

nginx_test = ""curl http://nginx.private-fargate-crowdnews.hands-on.cloud.local""

--- ERRORS ---",
terrads_cef8614423be,Zenodo/TerraDS,iac_benchmark/scenarios/terrads_cef8614423be,208,1381,4,8,3,True,True,0,0,0,0,0,True,"--- INIT LOG ---
Initializing provider plugins...
- Finding hashicorp/aws versions matching "">= 3.28.0""...
- Installing hashicorp/aws v6.54.0...
- Installed hashicorp/aws v6.54.0 (signed by HashiCorp)
Terraform has created a lock file .terraform.lock.hcl to record the provider
selections it made above. Include this file in your version control repository
so that Terraform can guarantee to make the same selections by default when
you run ""terraform init"" in the future.

Terraform has been successfully initialized!

You may now begin working with Terraform. Try running ""terraform plan"" to see
an

...[LOG TRUNCATED]...

d for your infrastructure. All Terraform commands
should now work.

If you ever set or change modules or backend configuration for Terraform,
rerun this command to reinitialize your working directory. If you forget, other
commands will detect it and remind you to do so if necessary.

--- APPLY LOG ---

Changes to Outputs:
  + s3_bucket_notification_id = """"

You can apply this plan to save these new output values to the Terraform
state, without changing any real infrastructure.

Apply complete! Resources: 0 added, 0 changed, 0 destroyed.

Outputs:

s3_bucket_notification_id = """"

--- ERRORS ---",
terrads_cd54ac016427,Zenodo/TerraDS,iac_benchmark/scenarios/terrads_cd54ac016427,51,270,2,3,1,True,True,0,0,0,0,0,True,"--- INIT LOG ---
Initializing provider plugins...
- Finding kreuzwerker/docker versions matching ""~> 2.22.0""...
- Finding latest version of hashicorp/aws...
- Installing kreuzwerker/docker v2.22.0...
- Installed kreuzwerker/docker v2.22.0 (self-signed, key ID BD080C4571C6104C)
- Installing hashicorp/aws v6.55.0...
- Installed hashicorp/aws v6.55.0 (signed by HashiCorp)
Partner and community providers are signed by their developers.
If you'd like to know more about provider signing, you can read about it here:
https://developer.hashicorp.com/terraform/cli/plugins/signing
Terraform has created a

...[LOG TRUNCATED]...

   = (known after apply)
      + name         = ""nginx:1.23.4""
      + output       = (known after apply)
      + repo_digest  = (known after apply)
    }

Plan: 2 to add, 0 to change, 0 to destroy.
docker_image.nginx: Creating...
docker_image.nginx: Creation complete after 0s [id=sha256:f5747a42e3adcb3168049d63278d7251d91185bb5111d2563d58729a5c9179b0nginx:1.23.4]
docker_container.nginx: Creating...
docker_container.nginx: Creation complete after 1s [id=220a93b0befa129fe5ea5168617873cebe74df64285899762e2a20a153eb821b]

Apply complete! Resources: 2 added, 0 changed, 0 destroyed.

--- ERRORS ---",
gh_3aa7c310,Tianyi2/IRIS,iac_benchmark/scenarios/gh_3aa7c310,62,459,3,0,1,True,True,0,0,0,0,0,True,"--- INIT LOG ---
Initializing provider plugins...
- Finding hashicorp/aws versions matching ""~> 5.0""...
- Installing hashicorp/aws v5.100.0...
- Installed hashicorp/aws v5.100.0 (signed by HashiCorp)
Terraform has created a lock file .terraform.lock.hcl to record the provider
selections it made above. Include this file in your version control repository
so that Terraform can guarantee to make the same selections by default when
you run ""terraform init"" in the future.

Terraform has been successfully initialized!

You may now begin working with Terraform. Try running ""terraform plan"" to see
any changes that are required for your infrastructure. All Terraform commands
should now work.

If you ever set or change modules or backend configuration for Terraform,
rerun this command to reinitialize your working directory. If you forget, other
commands will detect it and remind you to do so if necessary.

--- APPLY LOG ---
data.aws_iam_policy_document.assume_role: Reading...
data.aws_iam_policy_document.assume_role: Read complete after 0s [id=2851119427]

Terraform used the selected providers to generate the following execution
plan. Resource actions are indicated with the following symbols:
  + create

Terraform will perform the following actions:

  # aws_iam_instance_profile.rds_instance_profile will be created
  + resource ""aws_iam_instance_profile"" ""rds_instance_profile"" {
      + arn         = (known after apply)
      + create_date = (known after apply)
      + id          = (k

...[LOG TRUNCATED]...

= (known after apply)
      + force_detach_policies = false
      + id                    = (known after apply)
      + managed_policy_arns   = (known after apply)
      + max_session_duration  = 3600
      + name                  = ""AWSRDSCustomSQLServerInstanceRole""
      + name_prefix           = (known after apply)
      + path                  = ""/""
      + tags_all              = (known after apply)
      + unique_id             = (known after apply)

      + inline_policy (known after apply)
    }

  # aws_iam_role_policy_attachment.rds_role_policy_attachment will be created
  + resource ""aws_iam_role_policy_attachment"" ""rds_role_policy_attachment"" {
      + id         = (known after apply)
      + policy_arn = ""arn:aws:iam::aws:policy/AmazonRDSCustomInstanceProfileRolePolicy""
      + role       = ""AWSRDSCustomSQLServerInstanceRole""
    }

Plan: 3 to add, 0 to change, 0 to destroy.
aws_iam_role.rds_role: Creating...
aws_iam_role.rds_role: Creation complete after 0s [id=AWSRDSCustomSQLServerInstanceRole]
aws_iam_role_policy_attachment.rds_role_policy_attachment: Creating...
aws_iam_instance_profile.rds_instance_profile: Creating...
aws_iam_role_policy_attachment.rds_role_policy_attachment: Creation complete after 0s [id=AWSRDSCustomSQLServerInstanceRole-20260624163523822500000001]
aws_iam_instance_profile.rds_instance_profile: Creation complete after 5s [id=AWSRDSCustomSQLServerInstanceProfile]

Apply complete! Resources: 3 added, 0 changed, 0 destroyed.

--- ERRORS ---",
terrads_e77efcb93a5f,Zenodo/TerraDS,iac_benchmark/scenarios/terrads_e77efcb93a5f,48,286,3,0,1,True,True,0,0,0,0,0,True,"--- INIT LOG ---
Initializing provider plugins...
- Finding latest version of hashicorp/aws...
- Installing hashicorp/aws v6.54.0...
- Installed hashicorp/aws v6.54.0 (signed by HashiCorp)
Terraform has created a lock file .terraform.lock.hcl to record the provider
selections it made above. Include this file in your version control repository
so that Terraform can guarantee to make the same selections by default when
you run ""terraform init"" in the future.

Terraform has been successfully initialized!

You may now begin working with Terraform. Try running ""terraform plan"" to see
any changes th

...[LOG TRUNCATED]...

 ""aws_s3_bucket"" ""inkaku_ink"":
   9: resource ""aws_s3_bucket"" ""inkaku_ink"" {

website is deprecated. Use the aws_s3_bucket_website_configuration resource
instead.

(and 8 more similar warnings elsewhere)

Warning: Deprecated attribute

  on i.tf line 43, in resource ""aws_route53_record"" ""inkaku_ink_root"":
  43:     name                   = ""${aws_s3_bucket.inkaku_ink.website_domain}""

The attribute ""website_domain"" is deprecated. Refer to the provider
documentation for details.

(and 3 more similar warnings elsewhere)

Apply complete! Resources: 3 added, 0 changed, 0 destroyed.

--- ERRORS ---",
terrads_6ec75c3ea43a,Zenodo/TerraDS,iac_benchmark/scenarios/terrads_6ec75c3ea43a,223,1320,10,19,3,True,True,0,0,0,0,0,True,"--- INIT LOG ---
Initializing provider plugins...
- Finding latest version of hashicorp/aws...
- Installing hashicorp/aws v6.54.0...
- Installed hashicorp/aws v6.54.0 (signed by HashiCorp)
Terraform has created a lock file .terraform.lock.hcl to record the provider
selections it made above. Include this file in your version control repository
so that Terraform can guarantee to make the same selections by default when
you run ""terraform init"" in the future.

Terraform has been successfully initialized!

You may now begin working with Terraform. Try running ""terraform plan"" to see
any changes th

...[LOG TRUNCATED]...

teway: Creation complete after 0s [id=nat-6c507250e57dfc0e7]
aws_route_table.main: Creation complete after 0s [id=rtb-6d5de333c9971a908]
aws_security_group.default_security_group: Creation complete after 0s [id=sg-9703f20ba5f740c01]
aws_subnet.subnet_a: Still creating... [00m10s elapsed]
aws_subnet.subnet_a: Creation complete after 10s [id=subnet-b6bfd88c6e5b0e45d]
aws_route_table_association.subnet_assoc: Creating...
aws_route_table_association.subnet_assoc: Creation complete after 0s [id=rtbassoc-c7ed33a962b3e9d6e]

Apply complete! Resources: 10 added, 0 changed, 0 destroyed.

--- ERRORS ---",
terrads_769ce0507d70,Zenodo/TerraDS,iac_benchmark/scenarios/terrads_769ce0507d70,211,1505,3,13,2,True,True,0,0,0,0,0,True,"--- INIT LOG ---
Initializing provider plugins...
- Finding hashicorp/aws versions matching "">= 5.20.0""...
- Installing hashicorp/aws v6.56.0...
- Installed hashicorp/aws v6.56.0 (signed by HashiCorp)
Terraform has created a lock file .terraform.lock.hcl to record the provider
selections it made above. Include this file in your version control repository
so that Terraform can guarantee to make the same selections by default when
you run ""terraform init"" in the future.

Terraform has been successfully initialized!

You may now begin working with Terraform. Try running ""terraform plan"" to see
an

...[LOG TRUNCATED]...

hanges that are required for your infrastructure. All Terraform commands
should now work.

If you ever set or change modules or backend configuration for Terraform,
rerun this command to reinitialize your working directory. If you forget, other
commands will detect it and remind you to do so if necessary.

--- APPLY LOG ---

Changes to Outputs:
  + endpoints          = {}

You can apply this plan to save these new output values to the Terraform
state, without changing any real infrastructure.

Apply complete! Resources: 0 added, 0 changed, 0 destroyed.

Outputs:

endpoints = {}

--- ERRORS ---",
terrads_7128db805974,Zenodo/TerraDS,iac_benchmark/scenarios/terrads_7128db805974,248,1776,16,0,3,True,True,0,0,0,0,0,True,"--- INIT LOG ---
Initializing provider plugins...
- Finding latest version of hashicorp/aws...
- Installing hashicorp/aws v6.55.0...
- Installed hashicorp/aws v6.55.0 (signed by HashiCorp)
Terraform has created a lock file .terraform.lock.hcl to record the provider
selections it made above. Include this file in your version control repository
so that Terraform can guarantee to make the same selections by default when
you run ""terraform init"" in the future.

Terraform has been successfully initialized!

You may now begin working with Terraform. Try running ""terraform plan"" to see
any changes th

...[LOG TRUNCATED]...

ResourceSelection_premium: Creation complete after 0s [id=42e6bca5-ba56-445c-aac4-f30f8a19bbb9]
aws_backup_vault.BackupVault_Bronze: Creation complete after 0s [id=Bronze_Backup_Vault]
aws_backup_plan.BackupPlan_Bronze: Creating...
aws_backup_plan.BackupPlan_Bronze: Creation complete after 0s [id=e1c8b69d-ee8e-413b-9349-2ed777f41dde]
aws_backup_selection.BackupResourceSelection_Bronze: Creating...
aws_backup_selection.BackupResourceSelection_Bronze: Creation complete after 0s [id=411043ce-4cc9-4741-93a8-9e8a95b21db4]

Apply complete! Resources: 16 added, 0 changed, 0 destroyed.

--- ERRORS ---",
terrads_cc1428c2295a,Zenodo/TerraDS,iac_benchmark/scenarios/terrads_cc1428c2295a,30,152,2,0,1,True,True,0,0,0,0,0,True,"--- INIT LOG ---
Initializing provider plugins...
- Finding latest version of hashicorp/random...
- Finding latest version of hashicorp/http...
- Finding latest version of hashicorp/aws...
- Installing hashicorp/random v3.9.0...
- Installed hashicorp/random v3.9.0 (signed by HashiCorp)
- Installing hashicorp/http v3.6.0...
- Installed hashicorp/http v3.6.0 (signed by HashiCorp)
- Installing hashicorp/aws v6.55.0...
- Installed hashicorp/aws v6.55.0 (signed by HashiCorp)
Terraform has created a lock file .terraform.lock.hcl to record the provider
selections it made above. Include this file in y

...[LOG TRUNCATED]...

refix: Creating...
random_string.admin_password: Creation complete after 0s [id=Fp8Ee1Jbm4f2I7xX]
random_string.env_prefix: Creation complete after 0s [id=p1ao65xh]

Warning: Deprecated attribute

  on util.tf line 24, in output ""local_public_ip"":
  24:   value = chomp(data.http.myip.body)

The attribute ""body"" is deprecated. Refer to the provider documentation for
details.

(and one more similar warning elsewhere)

Apply complete! Resources: 2 added, 0 changed, 0 destroyed.

Outputs:

admin_password = ""Fp8Ee1Jbm4f2I7xX""
env_prefix = ""p1ao65xh""
local_public_ip = ""60.242.32.150""

--- ERRORS ---",
terrads_77969f786de6,Zenodo/TerraDS,iac_benchmark/scenarios/terrads_77969f786de6,505,3577,36,0,5,True,True,0,0,0,0,0,True,"--- INIT LOG ---
Initializing provider plugins...
- Finding latest version of hashicorp/tls...
- Finding latest version of hashicorp/aws...
- Finding latest version of hashicorp/random...
- Finding latest version of hashicorp/local...
- Installing hashicorp/aws v6.56.0...
- Installed hashicorp/aws v6.56.0 (signed by HashiCorp)
- Installing hashicorp/random v3.9.0...
- Installed hashicorp/random v3.9.0 (signed by HashiCorp)
- Installing hashicorp/local v2.9.0...
- Installed hashicorp/local v2.9.0 (signed by HashiCorp)
- Installing hashicorp/tls v4.3.0...
- Installed hashicorp/tls v4.3.0 (signed

...[LOG TRUNCATED]...

aws_lb.alb01: Creation complete after 1m0s [id=arn:aws:elasticloadbalancing:us-east-1:000000000000:loadbalancer/app/alb01/c618b34e8c6488a2]
aws_lb_listener.alb0_listener01: Creating...
aws_lb_listener.alb0_listener01: Creation complete after 0s [id=arn:aws:elasticloadbalancing:us-east-1:000000000000:listener/app/alb01/c618b34e8c6488a2/8aa6321fdceabc4d]

Apply complete! Resources: 40 added, 0 changed, 0 destroyed.

Outputs:

bastion_private_ip = ""10.0.1.4""
bastion_public_ip = ""54.214.50.31""
db_private_ip = ""10.0.4.6""
web_private_ip = [
  ""10.0.4.5"",
  ""10.0.4.7"",
  ""10.0.4.4"",
]

--- ERRORS ---",
terrads_da9435d7d62e,Zenodo/TerraDS,iac_benchmark/scenarios/terrads_da9435d7d62e,34,212,2,0,1,True,True,0,0,0,0,0,True,"--- INIT LOG ---
Initializing provider plugins...
- Finding kreuzwerker/docker versions matching ""~> 2.22.0""...
- Finding latest version of hashicorp/aws...
- Installing kreuzwerker/docker v2.22.0...
- Installed kreuzwerker/docker v2.22.0 (self-signed, key ID BD080C4571C6104C)
- Installing hashicorp/aws v6.55.0...
- Installed hashicorp/aws v6.55.0 (signed by HashiCorp)
Partner and community providers are signed by their developers.
If you'd like to know more about provider signing, you can read about it here:
https://developer.hashicorp.com/terraform/cli/plugins/signing
Terraform has created a

...[LOG TRUNCATED]...

   = (known after apply)
      + name         = ""nginx:1.19.6""
      + output       = (known after apply)
      + repo_digest  = (known after apply)
    }

Plan: 2 to add, 0 to change, 0 to destroy.
docker_image.nginx: Creating...
docker_image.nginx: Creation complete after 0s [id=sha256:8e10956422503824ebb599f37c26a90fe70541942687f70bbdb744530fc9eba4nginx:1.19.6]
docker_container.nginx: Creating...
docker_container.nginx: Creation complete after 0s [id=f6c0f1fc8aca6ea62727b2a59d1e2b9a0a3998f9ee28376579a41c039c6ccffd]

Apply complete! Resources: 2 added, 0 changed, 0 destroyed.

--- ERRORS ---",
terrads_112ae1785e22,Zenodo/TerraDS,iac_benchmark/scenarios/terrads_112ae1785e22,30,152,2,0,1,True,True,0,0,0,0,0,True,"--- INIT LOG ---
Initializing provider plugins...
- Finding latest version of hashicorp/http...
- Finding latest version of hashicorp/aws...
- Finding latest version of hashicorp/random...
- Installing hashicorp/http v3.6.0...
- Installed hashicorp/http v3.6.0 (signed by HashiCorp)
- Installing hashicorp/aws v6.53.0...
- Installed hashicorp/aws v6.53.0 (signed by HashiCorp)
- Installing hashicorp/random v3.9.0...
- Installed hashicorp/random v3.9.0 (signed by HashiCorp)
Terraform has created a lock file .terraform.lock.hcl to record the provider
selections it made above. Include this file in y

...[LOG TRUNCATED]...

refix: Creating...
random_string.env_prefix: Creation complete after 0s [id=ri8kfu1c]
random_string.admin_password: Creation complete after 0s [id=PCoCGarB5Yt3RksJ]

Warning: Deprecated attribute

  on util.tf line 24, in output ""local_public_ip"":
  24:   value = chomp(data.http.myip.body)

The attribute ""body"" is deprecated. Refer to the provider documentation for
details.

(and one more similar warning elsewhere)

Apply complete! Resources: 2 added, 0 changed, 0 destroyed.

Outputs:

admin_password = ""PCoCGarB5Yt3RksJ""
env_prefix = ""ri8kfu1c""
local_public_ip = ""203.144.11.86""

--- ERRORS ---",
terrads_e51c58382d2e,Zenodo/TerraDS,iac_benchmark/scenarios/terrads_e51c58382d2e,50,288,2,1,1,True,True,0,0,0,0,0,True,"--- INIT LOG ---
Initializing provider plugins...
- Finding kreuzwerker/docker versions matching ""~> 2.22.0""...
- Finding latest version of hashicorp/aws...
- Installing kreuzwerker/docker v2.22.0...
- Installed kreuzwerker/docker v2.22.0 (self-signed, key ID BD080C4571C6104C)
- Installing hashicorp/aws v6.56.0...
- Installed hashicorp/aws v6.56.0 (signed by HashiCorp)
Partner and community providers are signed by their developers.
If you'd like to know more about provider signing, you can read about it here:
https://developer.hashicorp.com/terraform/cli/plugins/signing
Terraform has created a

...[LOG TRUNCATED]...

Plan: 2 to add, 0 to change, 0 to destroy.

Changes to Outputs:
  + container_id = (sensitive value)
  + image_id     = (sensitive value)
docker_image.nginx: Creating...
docker_image.nginx: Creation complete after 1s [id=sha256:f5747a42e3adcb3168049d63278d7251d91185bb5111d2563d58729a5c9179b0nginx:1.23.4]
docker_container.nginx: Creating...
docker_container.nginx: Creation complete after 0s [id=0c8a9c68428b24678cc441ead753264ccfbfedff1af48af4b52529ac621e905f]

Apply complete! Resources: 2 added, 0 changed, 0 destroyed.

Outputs:

container_id = <sensitive>
image_id = <sensitive>

--- ERRORS ---",
terrads_2f1a4a49b2a9,Zenodo/TerraDS,iac_benchmark/scenarios/terrads_2f1a4a49b2a9,37,246,2,0,1,True,True,0,0,0,0,0,True,"--- INIT LOG ---
Initializing provider plugins...
- Finding latest version of hashicorp/aws...
- Installing hashicorp/aws v6.53.0...
- Installed hashicorp/aws v6.53.0 (signed by HashiCorp)
Terraform has created a lock file .terraform.lock.hcl to record the provider
selections it made above. Include this file in your version control repository
so that Terraform can guarantee to make the same selections by default when
you run ""terraform init"" in the future.

Terraform has been successfully initialized!

You may now begin working with Terraform. Try running ""terraform plan"" to see
any changes th

...[LOG TRUNCATED]...

owner_id                             = (known after apply)
      + region                               = ""us-east-1""
      + tags_all                             = (known after apply)
    }

Plan: 2 to add, 0 to change, 0 to destroy.
aws_vpc.TerraFailSecurityGroup_vpc: Creating...
aws_vpc.TerraFailSecurityGroup_vpc: Creation complete after 0s [id=vpc-0e00fd615c50ecf07]
aws_security_group.TerraFailSecurityGroup: Creating...
aws_security_group.TerraFailSecurityGroup: Creation complete after 0s [id=sg-14ad1c73e3fc4f797]

Apply complete! Resources: 2 added, 0 changed, 0 destroyed.

--- ERRORS ---",
terrads_cc2314d436a6,Zenodo/TerraDS,iac_benchmark/scenarios/terrads_cc2314d436a6,108,724,3,9,2,True,True,0,0,0,0,0,True,"--- INIT LOG ---
Initializing provider plugins...
- Finding latest version of hashicorp/aws...
- Installing hashicorp/aws v6.55.0...
- Installed hashicorp/aws v6.55.0 (signed by HashiCorp)
Terraform has created a lock file .terraform.lock.hcl to record the provider
selections it made above. Include this file in your version control repository
so that Terraform can guarantee to make the same selections by default when
you run ""terraform init"" in the future.

Terraform has been successfully initialized!

You may now begin working with Terraform. Try running ""terraform plan"" to see
any changes that are required for your infrastructure. All Terraform commands
should now work.

If you ever set or change modules or backend configuration for Terraform,
rerun this command to reinitialize your working directory. If you forget, other
commands will detect it and remind you to do so if necessary.

--- APPLY LOG ---

No changes. Your infrastructure matches the configuration.

Terraform has compared your real infrastructure against your configuration
and found no differences, so no changes are needed.

Apply complete! Resources: 0 added, 0 changed, 0 destroyed.

--- ERRORS ---",
terrads_6c6f1719b4c3,Zenodo/TerraDS,iac_benchmark/scenarios/terrads_6c6f1719b4c3,78,434,6,0,1,True,True,0,0,0,0,0,True,"--- INIT LOG ---
Initializing provider plugins...
- Finding latest version of hashicorp/aws...
- Installing hashicorp/aws v6.56.0...
- Installed hashicorp/aws v6.56.0 (signed by HashiCorp)
Terraform has created a lock file .terraform.lock.hcl to record the provider
selections it made above. Include this file in your version control repository
so that Terraform can guarantee to make the same selections by default when
you run ""terraform init"" in the future.

Terraform has been successfully initialized!

You may now begin working with Terraform. Try running ""terraform plan"" to see
any changes th

...[LOG TRUNCATED]...

plete after 0s [id=jenkins_server]
aws_iam_instance_profile.dev_jenkins_worker_linux: Creating...
aws_iam_instance_profile.jenkins_server: Creating...
aws_iam_instance_profile.dev_jenkins_worker_windows: Creating...
aws_iam_instance_profile.dev_jenkins_worker_windows: Creation complete after 6s [id=dev_jenkins_worker_windows]
aws_iam_instance_profile.dev_jenkins_worker_linux: Creation complete after 6s [id=dev_jenkins_worker_linux]
aws_iam_instance_profile.jenkins_server: Creation complete after 6s [id=jenkins_server]

Apply complete! Resources: 6 added, 0 changed, 0 destroyed.

--- ERRORS ---",
gh_4005bfbf,Tianyi2/IRIS,iac_benchmark/scenarios/gh_4005bfbf,118,882,2,9,2,True,True,0,0,0,0,0,True,"--- INIT LOG ---
Initializing provider plugins...
- Finding latest version of hashicorp/aws...
- Installing hashicorp/aws v6.54.0...
- Installed hashicorp/aws v6.54.0 (signed by HashiCorp)
Terraform has created a lock file .terraform.lock.hcl to record the provider
selections it made above. Include this file in your version control repository
so that Terraform can guarantee to make the same selections by default when
you run ""terraform init"" in the future.

Terraform has been successfully initialized!

You may now begin working with Terraform. Try running ""terraform plan"" to see
any changes th

...[LOG TRUNCATED]...

ll detect it and remind you to do so if necessary.

--- APPLY LOG ---

Changes to Outputs:
  + iam_openid_connect_provider_arn = """"
  + iam_openid_connect_provider_id  = """"
  + iam_saml_provider_arn           = """"
  + iam_saml_provider_valid_until   = """"

You can apply this plan to save these new output values to the Terraform
state, without changing any real infrastructure.

Apply complete! Resources: 0 added, 0 changed, 0 destroyed.

Outputs:

iam_openid_connect_provider_arn = """"
iam_openid_connect_provider_id = """"
iam_saml_provider_arn = """"
iam_saml_provider_valid_until = """"

--- ERRORS ---",
terrads_daf8bd1e9f5c,Zenodo/TerraDS,iac_benchmark/scenarios/terrads_daf8bd1e9f5c,169,1215,2,0,2,True,True,0,0,0,0,0,True,"--- INIT LOG ---
Initializing modules...
Downloading git::https://github.com/star3am/terraform-modules-library.git?ref=main for logs_bucket...
- logs_bucket in .terraform/modules/logs_bucket/terraform/aws/modules/terraform-aws-s3-bucket
Downloading git::https://github.com/star3am/terraform-modules-library.git?ref=main for transition_bucket...
- transition_bucket in .terraform/modules/transition_bucket/terraform/aws/modules/terraform-aws-s3-bucket
Initializing provider plugins...
- Finding hashicorp/aws versions matching "">= 5.27.0""...
- Finding hashicorp/random versions matching "">= 3.6.0""...


...[LOG TRUNCATED]...

provider documentation for
details.

(and one more similar warning elsewhere)

Warning: Attribute Deprecated

  with module.transition_bucket.aws_s3_bucket_lifecycle_configuration.this[0],
  on .terraform/modules/transition_bucket/terraform/aws/modules/terraform-aws-s3-bucket/main.tf line 258, in resource ""aws_s3_bucket_lifecycle_configuration"" ""this"":
 258:   expected_bucket_owner = var.expected_bucket_owner

This attribute will be removed in a future verion of the provider.

(and one more similar warning elsewhere)

Apply complete! Resources: 15 added, 0 changed, 0 destroyed.

--- ERRORS ---","NON-JSON OUTPUT:
"
gh_4e510832,Tianyi2/IRIS,iac_benchmark/scenarios/gh_4e510832,40,274,4,0,1,True,True,0,0,0,6,0,True,"--- INIT LOG ---
Initializing provider plugins...
- Finding latest version of hashicorp/aws...
- Installing hashicorp/aws v6.52.0...
- Installed hashicorp/aws v6.52.0 (signed by HashiCorp)
Terraform has created a lock file .terraform.lock.hcl to record the provider
selections it made above. Include this file in your version control repository
so that Terraform can guarantee to make the same selections by default when
you run ""terraform init"" in the future.

Terraform has been successfully initialized!

You may now begin working with Terraform. Try running ""terraform plan"" to see
any changes that are required for your infrastructure. All Terraform commands
should now work.

If you ever set or change modules or backend configuration for Terraform,
rerun this command to reinitialize your working directory. If you forget, other
commands will detect it and remind you to do so if necessary.

--- APPLY LOG ---

Terraform used the selected providers to generate the following execution
plan. Resource actions are indicated with the following symbols:
  + create

Terraform will perform the following actions:

  # aws_security_group.allow_tls_ingress_inline will be created
  + resource ""aws_security_group"" ""allow_tls_ingress_inline"" {
      + arn                    = (known after apply)
      + description            = ""Managed by Terraform""
      + egress                 = (known after apply)
      + id                     = (known after apply)
      + ingress                = [
       

...[LOG TRUNCATED]...

   + self                     = false
      + source_security_group_id = (known after apply)
      + to_port                  = 53
      + type                     = ""ingress""
    }

  # aws_security_group_rule.port_80 will be created
  + resource ""aws_security_group_rule"" ""port_80"" {
      + cidr_blocks              = [
          + ""0.0.0.0/0"",
        ]
      + from_port                = 80
      + id                       = (known after apply)
      + protocol                 = ""tcp""
      + region                   = ""us-east-1""
      + security_group_id        = (known after apply)
      + security_group_rule_id   = (known after apply)
      + self                     = false
      + source_security_group_id = (known after apply)
      + to_port                  = 80
      + type                     = ""ingress""
    }

Plan: 4 to add, 0 to change, 0 to destroy.
aws_security_group.something_else: Creating...
aws_security_group.allow_tls_ingress_inline: Creating...
aws_security_group.something_else: Creation complete after 2s [id=sg-c958a0bcf7d6e7221]
aws_security_group_rule.port_53: Creating...
aws_security_group_rule.port_80: Creating...
aws_security_group_rule.port_80: Creation complete after 0s [id=sgrule-4077610938]
aws_security_group_rule.port_53: Creation complete after 0s [id=sgrule-1618037650]
aws_security_group.allow_tls_ingress_inline: Creation complete after 2s [id=sg-b24fa22276340cdbe]

Apply complete! Resources: 4 added, 0 changed, 0 destroyed.

--- ERRORS ---",
gh_9d3ed3d2,Tianyi2/IRIS,iac_benchmark/scenarios/gh_9d3ed3d2,163,915,3,14,2,True,True,0,0,0,0,0,True,"--- INIT LOG ---
Initializing provider plugins...
- Finding latest version of hashicorp/vault...
- Finding latest version of hashicorp/aws...
- Installing hashicorp/vault v5.10.0...
- Installed hashicorp/vault v5.10.0 (signed by HashiCorp)
- Installing hashicorp/aws v6.51.0...
- Installed hashicorp/aws v6.51.0 (signed by HashiCorp)
Terraform has created a lock file .terraform.lock.hcl to record the provider
selections it made above. Include this file in your version control repository
so that Terraform can guarantee to make the same selections by default when
you run ""terraform init"" in the future.

Terraform has been successfully initialized!

You may now begin working with Terraform. Try running ""terraform plan"" to see
any changes that are required for your infrastructure. All Terraform commands
should now work.

If you ever set or change modules or backend configuration for Terraform,
rerun this command to reinitialize your working directory. If you forget, other
commands will detect it and remind you to do so if necessary.

--- APPLY LOG ---

Changes to Outputs:
  + vault_egp_policy_id = """"
  + vault_policy_id     = """"
  + vault_rgp_policy_id = """"

You can apply this plan to save these new output values to the Terraform
state, without changing any real infrastructure.

Apply complete! Resources: 0 added, 0 changed, 0 destroyed.

Outputs:

vault_egp_policy_id = """"
vault_policy_id = """"
vault_rgp_policy_id = """"

--- ERRORS ---",
terrads_ade88b3a6ffe,Zenodo/TerraDS,iac_benchmark/scenarios/terrads_ade88b3a6ffe,296,2044,3,13,2,True,True,0,0,0,0,0,True,"--- INIT LOG ---
Initializing provider plugins...
- Finding latest version of hashicorp/aws...
- Installing hashicorp/aws v6.55.0...
- Installed hashicorp/aws v6.55.0 (signed by HashiCorp)
Terraform has created a lock file .terraform.lock.hcl to record the provider
selections it made above. Include this file in your version control repository
so that Terraform can guarantee to make the same selections by default when
you run ""terraform init"" in the future.

Terraform has been successfully initialized!

You may now begin working with Terraform. Try running ""terraform plan"" to see
any changes th

...[LOG TRUNCATED]...

ole]
aws_iam_role.cht_iam_role: Creation complete after 0s [id=CloudHealth-IAM-Role]
aws_iam_role_policy_attachment.cht_aws_iam_role_policy_attachment: Creating...
aws_iam_role_policy_attachment.cht_aws_iam_role_policy_attachment: Creation complete after 0s [id=CloudHealth-IAM-Role/arn:aws:iam::000000000000:policy/CloudHealth-IAM-Role]

Apply complete! Resources: 3 added, 0 changed, 0 destroyed.

Outputs:

cloudhealth-policy-arn = ""arn:aws:iam::000000000000:policy/CloudHealth-IAM-Role""
cloudhealth-role-arn = ""arn:aws:iam::000000000000:role/CloudHealth-IAM-Role""
external-id = """"

--- ERRORS ---",
terrads_06680f50bbe9,Zenodo/TerraDS,iac_benchmark/scenarios/terrads_06680f50bbe9,202,1429,3,13,2,True,True,0,0,0,0,0,True,"--- INIT LOG ---
Initializing provider plugins...
- Finding hashicorp/aws versions matching "">= 5.0.0""...
- Installing hashicorp/aws v6.53.0...
- Installed hashicorp/aws v6.53.0 (signed by HashiCorp)
Terraform has created a lock file .terraform.lock.hcl to record the provider
selections it made above. Include this file in your version control repository
so that Terraform can guarantee to make the same selections by default when
you run ""terraform init"" in the future.

Terraform has been successfully initialized!

You may now begin working with Terraform. Try running ""terraform plan"" to see
any

...[LOG TRUNCATED]...

hanges that are required for your infrastructure. All Terraform commands
should now work.

If you ever set or change modules or backend configuration for Terraform,
rerun this command to reinitialize your working directory. If you forget, other
commands will detect it and remind you to do so if necessary.

--- APPLY LOG ---

Changes to Outputs:
  + endpoints          = {}

You can apply this plan to save these new output values to the Terraform
state, without changing any real infrastructure.

Apply complete! Resources: 0 added, 0 changed, 0 destroyed.

Outputs:

endpoints = {}

--- ERRORS ---","NON-JSON OUTPUT:
"
terrads_c23a4bffa94b,Zenodo/TerraDS,iac_benchmark/scenarios/terrads_c23a4bffa94b,52,251,2,0,1,True,True,0,0,0,0,0,True,"--- INIT LOG ---
Initializing provider plugins...
- Finding hashicorp/aws versions matching "">= 2.0.0""...
- Finding hashicorp/random versions matching ""3.1.0""...
- Installing hashicorp/random v3.1.0...
- Installed hashicorp/random v3.1.0 (signed by HashiCorp)
- Installing hashicorp/aws v6.53.0...
- Installed hashicorp/aws v6.53.0 (signed by HashiCorp)
Terraform has created a lock file .terraform.lock.hcl to record the provider
selections it made above. Include this file in your version control repository
so that Terraform can guarantee to make the same selections by default when
you run ""terra

...[LOG TRUNCATED]...


random_pet.petname: Creating...
random_pet.petname: Creation complete after 0s [id=precisely-perfectly-morally-adequate-flounder]
aws_s3_bucket.sample: Creating...
aws_s3_bucket.sample: Creation complete after 0s [id=precisely-perfectly-morally-adequate-flounder]

Warning: Argument is deprecated

  with aws_s3_bucket.sample,
  on main.tf line 16, in resource ""aws_s3_bucket"" ""sample"":
  16:   acl    = ""public-read""

acl is deprecated. Use the aws_s3_bucket_acl resource instead.

(and 2 more similar warnings elsewhere)

Apply complete! Resources: 2 added, 0 changed, 0 destroyed.

--- ERRORS ---","NON-JSON OUTPUT:
"
terrads_80a571eeec91,Zenodo/TerraDS,iac_benchmark/scenarios/terrads_80a571eeec91,46,285,2,2,1,True,True,0,0,0,0,0,True,"--- INIT LOG ---
Initializing provider plugins...
- Finding latest version of hashicorp/aws...
- Finding coder/coder versions matching ""0.4.2""...
- Finding kreuzwerker/docker versions matching ""~> 2.16.0""...
- Installing kreuzwerker/docker v2.16.0...
- Installed kreuzwerker/docker v2.16.0 (self-signed, key ID BD080C4571C6104C)
- Installing hashicorp/aws v6.56.0...
- Installed hashicorp/aws v6.56.0 (signed by HashiCorp)
- Installing coder/coder v0.4.2...
- Installed coder/coder v0.4.2 (signed by a HashiCorp partner, key ID 93C75807601AA0EC)
Partner and community providers are signed by their de

...[LOG TRUNCATED]...

olume"" {
      + driver     = (known after apply)
      + id         = (known after apply)
      + mountpoint = (known after apply)
      + name       = ""coder-redis-default-default""
    }

Plan: 2 to add, 0 to change, 0 to destroy.
docker_volume.redis_volume: Creating...
docker_volume.redis_volume: Creation complete after 0s [id=coder-redis-default-default]
docker_container.redis[0]: Creating...
docker_container.redis[0]: Creation complete after 0s [id=68e396e15603c64e4d50d8a388c4c65701f287d41af4d5bba3c2ad5f3685fd9f]

Apply complete! Resources: 2 added, 0 changed, 0 destroyed.

--- ERRORS ---",
terrads_1d6f0e58e59c,Zenodo/TerraDS,iac_benchmark/scenarios/terrads_1d6f0e58e59c,177,1004,5,14,3,True,True,0,0,0,0,0,True,"--- INIT LOG ---
Initializing provider plugins...
- Finding latest version of hashicorp/aws...
- Installing hashicorp/aws v6.56.0...
- Installed hashicorp/aws v6.56.0 (signed by HashiCorp)
Terraform has created a lock file .terraform.lock.hcl to record the provider
selections it made above. Include this file in your version control repository
so that Terraform can guarantee to make the same selections by default when
you run ""terraform init"" in the future.

Terraform has been successfully initialized!

You may now begin working with Terraform. Try running ""terraform plan"" to see
any changes th

...[LOG TRUNCATED]...

c: Creating...
aws_route.public: Creation complete after 1s [id=r-rtb-b5bc226d07d2ead401080289494]
aws_subnet.public[1]: Still creating... [00m10s elapsed]
aws_subnet.public[0]: Still creating... [00m10s elapsed]
aws_subnet.public[1]: Creation complete after 10s [id=subnet-3e89f5bf85114ef91]
aws_subnet.public[0]: Creation complete after 10s [id=subnet-6d9613ee5bf830b47]

Apply complete! Resources: 6 added, 0 changed, 0 destroyed.

Outputs:

cidr_block = ""10.0.0.0/16""
id = ""vpc-41d98b61113611d8c""
public_subnet_ids = [
  ""subnet-6d9613ee5bf830b47"",
  ""subnet-3e89f5bf85114ef91"",
]

--- ERRORS ---",
terrads_c215d3bff400,Zenodo/TerraDS,iac_benchmark/scenarios/terrads_c215d3bff400,42,257,2,0,1,True,True,0,0,0,0,0,True,"--- INIT LOG ---
Initializing provider plugins...
- Finding latest version of hashicorp/time...
- Finding latest version of hashicorp/aws...
- Finding hashicorp/null versions matching ""3.1.1""...
- Installing hashicorp/time v0.14.0...
- Installed hashicorp/time v0.14.0 (signed by HashiCorp)
- Installing hashicorp/aws v6.54.0...
- Installed hashicorp/aws v6.54.0 (signed by HashiCorp)
- Installing hashicorp/null v3.1.1...
- Installed hashicorp/null v3.1.1 (signed by HashiCorp)
Terraform has created a lock file .terraform.lock.hcl to record the provider
selections it made above. Include this file 

...[LOG TRUNCATED]...

e, 0 to destroy.
null_resource.previous: Creating...
null_resource.previous: Provisioning with 'local-exec'...
null_resource.previous (local-exec): Executing: [""/bin/sh"" ""-c"" ""echo 'foo' > file.txt""]
null_resource.previous: Creation complete after 0s [id=4694598151651336184]
time_sleep.wait_30_seconds: Creating...
time_sleep.wait_30_seconds: Still creating... [00m10s elapsed]
time_sleep.wait_30_seconds: Still creating... [00m20s elapsed]
time_sleep.wait_30_seconds: Creation complete after 20s [id=2026-07-10T16:58:11Z]

Apply complete! Resources: 2 added, 0 changed, 0 destroyed.

--- ERRORS ---",
terrads_58f499b02851,Zenodo/TerraDS,iac_benchmark/scenarios/terrads_58f499b02851,273,2257,4,6,3,True,True,0,0,0,0,0,True,"--- INIT LOG ---
Initializing provider plugins...
- Finding hashicorp/aws versions matching "">= 5.1.0""...
- Installing hashicorp/aws v6.53.0...
- Installed hashicorp/aws v6.53.0 (signed by HashiCorp)
Terraform has created a lock file .terraform.lock.hcl to record the provider
selections it made above. Include this file in your version control repository
so that Terraform can guarantee to make the same selections by default when
you run ""terraform init"" in the future.

Terraform has been successfully initialized!

You may now begin working with Terraform. Try running ""terraform plan"" to see
any

...[LOG TRUNCATED]...

rking directory. If you forget, other
commands will detect it and remind you to do so if necessary.

--- APPLY LOG ---

Changes to Outputs:
  + data_catalogs_arns = {}
  + data_catalogs_ids  = {}
  + databases_ids      = {}
  + named_queries_ids  = {}
  + workgroups_arns    = {}

You can apply this plan to save these new output values to the Terraform
state, without changing any real infrastructure.

Apply complete! Resources: 0 added, 0 changed, 0 destroyed.

Outputs:

data_catalogs_arns = {}
data_catalogs_ids = {}
databases_ids = {}
named_queries_ids = {}
workgroups_arns = {}

--- ERRORS ---","NON-JSON OUTPUT:
"
terrads_57b2b7344b75,Zenodo/TerraDS,iac_benchmark/scenarios/terrads_57b2b7344b75,126,853,5,7,2,True,True,0,0,0,0,0,True,"--- INIT LOG ---
Initializing provider plugins...
- Finding hashicorp/aws versions matching "">= 4.0.0""...
- Installing hashicorp/aws v6.53.0...
- Installed hashicorp/aws v6.53.0 (signed by HashiCorp)
Terraform has created a lock file .terraform.lock.hcl to record the provider
selections it made above. Include this file in your version control repository
so that Terraform can guarantee to make the same selections by default when
you run ""terraform init"" in the future.

Terraform has been successfully initialized!

You may now begin working with Terraform. Try running ""terraform plan"" to see
any

...[LOG TRUNCATED]...

ly)
  + kms_key_arn    = []
  + kms_key_id     = []
  + repository_url = (known after apply)
aws_ecr_repository.this: Creating...
aws_ecr_repository.this: Still creating... [00m10s elapsed]
aws_ecr_repository.this: Still creating... [00m20s elapsed]
aws_ecr_repository.this: Creation complete after 22s [id=my-ecr-repo]

Apply complete! Resources: 1 added, 0 changed, 0 destroyed.

Outputs:

arn = ""arn:aws:ecr:us-east-1:000000000000:repository/my-ecr-repo""
kms_key_arn = []
kms_key_id = []
repository_url = ""000000000000.dkr.ecr.us-east-1.localhost.localstack.cloud:4566/my-ecr-repo""

--- ERRORS ---","NON-JSON OUTPUT:
"
terrads_c8221a0b3ed8,Zenodo/TerraDS,iac_benchmark/scenarios/terrads_c8221a0b3ed8,61,342,3,0,1,True,True,0,0,0,0,0,True,"--- INIT LOG ---
Initializing provider plugins...
- Finding latest version of hashicorp/aws...
- Finding kreuzwerker/docker versions matching ""~> 2.22.0""...
- Finding hashicorp/random versions matching ""~> 3.1.0""...
- Finding hashicorp/time versions matching ""~> 0.7.2""...
- Installing hashicorp/random v3.1.3...
- Installed hashicorp/random v3.1.3 (signed by HashiCorp)
- Installing hashicorp/time v0.7.2...
- Installed hashicorp/time v0.7.2 (signed by HashiCorp)
- Installing hashicorp/aws v6.55.0...
- Installed hashicorp/aws v6.55.0 (signed by HashiCorp)
- Installing kreuzwerker/docker v2.22.0..

...[LOG TRUNCATED]...

=59cfd6ce5fdb85c01d940c7ceee88c6e7805c475211b58765e5dba8a9e38ad89]
docker_container.nginx[2]: Creation complete after 1s [id=5ee71222730f202dc8483ea17814c8c662be47e8d17653d3ad707ae858758fee]

Apply complete! Resources: 6 added, 0 changed, 0 destroyed.

Outputs:

nginx_hosts = [
  {
    ""host"" = ""0.0.0.0:8000""
    ""name"" = ""nginx-direct-stallion-0""
  },
  {
    ""host"" = ""0.0.0.0:8001""
    ""name"" = ""nginx-direct-stallion-1""
  },
  {
    ""host"" = ""0.0.0.0:8002""
    ""name"" = ""nginx-direct-stallion-2""
  },
  {
    ""host"" = ""0.0.0.0:8003""
    ""name"" = ""nginx-direct-stallion-3""
  },
]

--- ERRORS ---",
terrads_e644a6da2171,Zenodo/TerraDS,iac_benchmark/scenarios/terrads_e644a6da2171,111,625,2,0,2,True,True,0,0,0,0,0,True,"--- INIT LOG ---
Initializing provider plugins...
- Finding latest version of hashicorp/aws...
- Installing hashicorp/aws v6.56.0...
- Installed hashicorp/aws v6.56.0 (signed by HashiCorp)
Terraform has created a lock file .terraform.lock.hcl to record the provider
selections it made above. Include this file in your version control repository
so that Terraform can guarantee to make the same selections by default when
you run ""terraform init"" in the future.

Terraform has been successfully initialized!

You may now begin working with Terraform. Try running ""terraform plan"" to see
any changes th

...[LOG TRUNCATED]...

ill creating... [00m10s elapsed]
aws_cloudfront_distribution.s3_distribution: Still creating... [00m20s elapsed]
aws_cloudfront_distribution.s3_distribution: Still creating... [00m30s elapsed]
aws_cloudfront_distribution.s3_distribution: Creation complete after 31s [id=2b36a740]

Warning: Argument is deprecated

  with aws_s3_bucket.b,
  on main.tf line 3, in resource ""aws_s3_bucket"" ""b"":
   3:   acl    = ""private""

acl is deprecated. Use the aws_s3_bucket_acl resource instead.

(and 2 more similar warnings elsewhere)

Apply complete! Resources: 2 added, 0 changed, 0 destroyed.

--- ERRORS ---",
terrads_2b1831f886d1,Zenodo/TerraDS,iac_benchmark/scenarios/terrads_2b1831f886d1,351,2395,5,24,3,True,True,0,0,0,0,0,True,"--- INIT LOG ---
Initializing provider plugins...
- Finding latest version of hashicorp/aws...
- Finding latest version of heroku/heroku...
- Installing hashicorp/aws v6.54.0...
- Installed hashicorp/aws v6.54.0 (signed by HashiCorp)
- Installing heroku/heroku v5.4.0...
- Installed heroku/heroku v5.4.0 (signed by a HashiCorp partner, key ID 9651C25B46B70C7B)
Partner and community providers are signed by their developers.
If you'd like to know more about provider signing, you can read about it here:
https://developer.hashicorp.com/terraform/cli/plugins/signing
Terraform has created a lock file 

...[LOG TRUNCATED]...

his plan to save these new output values to the Terraform
state, without changing any real infrastructure.

Apply complete! Resources: 0 added, 0 changed, 0 destroyed.

Outputs:

space_app_access_id = []
space_cidr = []
space_data_cidr = []
space_id = []
space_inbound_ruleset_id = []
space_name = []
space_organization = []
space_peering_connection_accepter_id = []
space_peering_connection_accepter_status = []
space_peering_connection_accepter_type = []
space_region = []
space_vpn_connection_id = []
space_vpn_connection_ike_version = []
space_vpn_connection_space_cidr_block = []

--- ERRORS ---",
terrads_47623f99438b,Zenodo/TerraDS,iac_benchmark/scenarios/terrads_47623f99438b,113,257,2,0,2,True,True,0,0,0,0,0,True,"--- INIT LOG ---
Initializing provider plugins...
- Finding latest version of hashicorp/aws...
- Finding kreuzwerker/docker versions matching ""~> 2.22.0""...
- Installing hashicorp/aws v6.55.0...
- Installed hashicorp/aws v6.55.0 (signed by HashiCorp)
- Installing kreuzwerker/docker v2.22.0...
- Installed kreuzwerker/docker v2.22.0 (self-signed, key ID BD080C4571C6104C)
Partner and community providers are signed by their developers.
If you'd like to know more about provider signing, you can read about it here:
https://developer.hashicorp.com/terraform/cli/plugins/signing
Terraform has created a

...[LOG TRUNCATED]...

   = (known after apply)
      + name         = ""nginx:1.19.6""
      + output       = (known after apply)
      + repo_digest  = (known after apply)
    }

Plan: 2 to add, 0 to change, 0 to destroy.
docker_image.nginx: Creating...
docker_image.nginx: Creation complete after 0s [id=sha256:8e10956422503824ebb599f37c26a90fe70541942687f70bbdb744530fc9eba4nginx:1.19.6]
docker_container.nginx: Creating...
docker_container.nginx: Creation complete after 0s [id=29b45c2a98644a0b4f061ef4156e82a98f543f0a7221566e8191e524f8732c37]

Apply complete! Resources: 2 added, 0 changed, 0 destroyed.

--- ERRORS ---",
terrads_e43385f0db48,Zenodo/TerraDS,iac_benchmark/scenarios/terrads_e43385f0db48,92,722,3,0,2,True,True,0,0,0,0,0,True,"--- INIT LOG ---
Initializing provider plugins...
- Finding hashicorp/aws versions matching "">= 5.0.0""...
- Installing hashicorp/aws v6.53.0...
- Installed hashicorp/aws v6.53.0 (signed by HashiCorp)
Terraform has created a lock file .terraform.lock.hcl to record the provider
selections it made above. Include this file in your version control repository
so that Terraform can guarantee to make the same selections by default when
you run ""terraform init"" in the future.

Terraform has been successfully initialized!

You may now begin working with Terraform. Try running ""terraform plan"" to see
any

...[LOG TRUNCATED]...

rraform-2073206b8b3f0b9094220484f4]

Warning: Argument is deprecated

  with aws_iam_role.example_1_role,
  on example_1.tf line 32, in resource ""aws_iam_role"" ""example_1_role"":
  32:   managed_policy_arns = []

managed_policy_arns is deprecated. Use the aws_iam_role_policy_attachment
resource instead. If Terraform should exclusively manage all managed policy
attachments (the current behavior of this argument), use the
aws_iam_role_policy_attachments_exclusive resource as well.

(and 5 more similar warnings elsewhere)

Apply complete! Resources: 3 added, 0 changed, 0 destroyed.

--- ERRORS ---","NON-JSON OUTPUT:
"
terrads_8945dba1c1be,Zenodo/TerraDS,iac_benchmark/scenarios/terrads_8945dba1c1be,262,1575,17,11,4,True,True,0,0,0,0,0,True,"--- INIT LOG ---
Initializing provider plugins...
- Finding latest version of hashicorp/aws...
- Installing hashicorp/aws v6.55.0...
- Installed hashicorp/aws v6.55.0 (signed by HashiCorp)
Terraform has created a lock file .terraform.lock.hcl to record the provider
selections it made above. Include this file in your version control repository
so that Terraform can guarantee to make the same selections by default when
you run ""terraform init"" in the future.

Terraform has been successfully initialized!

You may now begin working with Terraform. Try running ""terraform plan"" to see
any changes th

...[LOG TRUNCATED]...

eation complete after 0s [id=sadcloudd67ea390ac7e636fde20173c59]
aws_s3_bucket_acl.logging[0]: Creating...
aws_s3_bucket_acl.main: Creating...
aws_s3_bucket_acl.main: Creation complete after 0s [id=sadcloudd67ea390ac7e636fde20173c59,private]
aws_s3_bucket_acl.logging[0]: Creation complete after 0s [id=sadcloud-loggingcf5e49018180dfff577e6dde1d,log-delivery-write]
aws_s3_bucket_versioning.main: Creation complete after 1s [id=sadcloudd67ea390ac7e636fde20173c59]

Apply complete! Resources: 9 added, 0 changed, 0 destroyed.

Outputs:

bucket_id = ""sadcloudd67ea390ac7e636fde20173c59""

--- ERRORS ---",
terrads_9adbd7969ed1,Zenodo/TerraDS,iac_benchmark/scenarios/terrads_9adbd7969ed1,337,2843,29,1,4,True,True,0,0,0,0,0,True,"--- INIT LOG ---
Initializing provider plugins...
- Finding hashicorp/aws versions matching ""~> 5.0""...
- Installing hashicorp/aws v5.100.0...
- Installed hashicorp/aws v5.100.0 (signed by HashiCorp)
Terraform has created a lock file .terraform.lock.hcl to record the provider
selections it made above. Include this file in your version control repository
so that Terraform can guarantee to make the same selections by default when
you run ""terraform init"" in the future.

Terraform has been successfully initialized!

You may now begin working with Terraform. Try running ""terraform plan"" to see
any

...[LOG TRUNCATED]...

ca]
aws_route_table_association.public_association[1]: Creating...
aws_route_table_association.public_association[0]: Creating...
aws_route_table_association.public_association[2]: Creating...
aws_route_table_association.public_association[2]: Creation complete after 0s [id=rtbassoc-04a2ccd53cbf476d1]
aws_route_table_association.public_association[0]: Creation complete after 0s [id=rtbassoc-3dc35b7de7c0421bf]
aws_route_table_association.public_association[1]: Creation complete after 0s [id=rtbassoc-0394e59489ff73670]

Apply complete! Resources: 39 added, 0 changed, 0 destroyed.

--- ERRORS ---",
terrads_16c051534cd7,Zenodo/TerraDS,iac_benchmark/scenarios/terrads_16c051534cd7,153,981,10,1,3,True,True,0,0,0,0,0,True,"--- INIT LOG ---
Initializing provider plugins...
- Finding latest version of hashicorp/aws...
- Installing hashicorp/aws v6.55.0...
- Installed hashicorp/aws v6.55.0 (signed by HashiCorp)
Terraform has created a lock file .terraform.lock.hcl to record the provider
selections it made above. Include this file in your version control repository
so that Terraform can guarantee to make the same selections by default when
you run ""terraform init"" in the future.

Terraform has been successfully initialized!

You may now begin working with Terraform. Try running ""terraform plan"" to see
any changes th

...[LOG TRUNCATED]...

-node/arn:aws:iam::aws:policy/AmazonEKSWorkerNodePolicy]
aws_iam_role_policy_attachment.AmazonEKS_CNI_Policy: Creation complete after 0s [id=tf-legion-node/arn:aws:iam::aws:policy/AmazonEKS_CNI_Policy]
aws_iam_instance_profile.node: Creation complete after 5s [id=tf-legion-node]

Apply complete! Resources: 10 added, 0 changed, 0 destroyed.

Outputs:

master_role_arn = ""arn:aws:iam::000000000000:role/tf-legion""
master_role_id = ""tf-legion""
node_instance_profile_name = ""tf-legion-node""
node_role_arn = ""arn:aws:iam::000000000000:role/tf-legion-node""
node_role_id = ""tf-legion-node""

--- ERRORS ---",
terrads_862539b68d31,Zenodo/TerraDS,iac_benchmark/scenarios/terrads_862539b68d31,697,4924,61,4,5,True,True,0,0,0,0,0,True,"--- INIT LOG ---
Initializing provider plugins...
- Finding latest version of hashicorp/aws...
- Installing hashicorp/aws v6.56.0...
- Installed hashicorp/aws v6.56.0 (signed by HashiCorp)
Terraform has created a lock file .terraform.lock.hcl to record the provider
selections it made above. Include this file in your version control repository
so that Terraform can guarantee to make the same selections by default when
you run ""terraform init"" in the future.

Terraform has been successfully initialized!

You may now begin working with Terraform. Try running ""terraform plan"" to see
any changes th

...[LOG TRUNCATED]...

tAction-role-attach-policy: Creation complete after 0s [id=fn4-exploitableNotAction-role/arn:aws:iam::000000000000:policy/fn4-exploitableNotAction]
aws_iam_role_policy_attachment.fp2-allow-and-deny-attach-deny-to-roler: Creation complete after 0s [id=fp2-allow-and-deny-multiple-policies-role/arn:aws:iam::000000000000:policy/deny-all]
aws_iam_user_policy_attachment.fp2-allow-and-deny-attach-deny-to-user: Creation complete after 0s [id=fp2-allow-and-deny-multiple-policies-user/arn:aws:iam::000000000000:policy/deny-all]

Apply complete! Resources: 61 added, 0 changed, 0 destroyed.

--- ERRORS ---",
terrads_a6a5210a700c,Zenodo/TerraDS,iac_benchmark/scenarios/terrads_a6a5210a700c,69,424,2,1,1,True,True,0,0,0,0,0,True,"NON-JSON OUTPUT:
","--- INIT LOG ---
Initializing provider plugins...
- Finding latest version of hashicorp/aws...
- Installing hashicorp/aws v6.52.0...
- Installed hashicorp/aws v6.52.0 (signed by HashiCorp)
Terraform has created a lock file .terraform.lock.hcl to record the provider
selections it made above. Include this file in your version control repository
so that Terraform can guarantee to make the same selections by default when
you run ""terraform init"" in the future.

Terraform has been successfully initialized!

You may now begin working with Terraform. Try running ""terraform plan"" to see
any changes th

...[LOG TRUNCATED]...

 = (known after apply)
    }

Plan: 2 to add, 0 to change, 0 to destroy.

Changes to Outputs:
  + cmk_alias = ""alias/kms-cmk-example""
  + cmk_arn   = (known after apply)
aws_kms_key.cmk: Creating...
aws_kms_key.cmk: Creation complete after 4s [id=4c49570f-60e0-46cf-a3ba-d73f60f04418]
aws_kms_alias.cmk: Creating...
aws_kms_alias.cmk: Creation complete after 0s [id=alias/kms-cmk-example]

Apply complete! Resources: 2 added, 0 changed, 0 destroyed.

Outputs:

cmk_alias = ""alias/kms-cmk-example""
cmk_arn = ""arn:aws:kms:us-east-2:000000000000:key/4c49570f-60e0-46cf-a3ba-d73f60f04418""

--- ERRORS ---"
terrads_51c59e2a63d8,Zenodo/TerraDS,iac_benchmark/scenarios/terrads_51c59e2a63d8,631,4803,4,29,3,True,True,0,0,0,0,0,True,"--- INIT LOG ---
Initializing provider plugins...
- Finding hashicorp/aws versions matching "">= 3.50.0""...
- Installing hashicorp/aws v6.54.0...
- Installed hashicorp/aws v6.54.0 (signed by HashiCorp)
Terraform has created a lock file .terraform.lock.hcl to record the provider
selections it made above. Include this file in your version control repository
so that Terraform can guarantee to make the same selections by default when
you run ""terraform init"" in the future.

Terraform has been successfully initialized!

You may now begin working with Terraform. Try running ""terraform plan"" to see
an

...[LOG TRUNCATED]...

? var.acl : null

acl is deprecated. Use the aws_s3_bucket_acl resource instead.

(and one more similar warning elsewhere)

Apply complete! Resources: 2 added, 0 changed, 0 destroyed.

Outputs:

s3_bucket_arn = ""arn:aws:s3:::terraform-45e130aed0c152187c9241a957""
s3_bucket_bucket_domain_name = ""terraform-45e130aed0c152187c9241a957.s3.amazonaws.com""
s3_bucket_bucket_regional_domain_name = ""terraform-45e130aed0c152187c9241a957.s3.us-east-1.amazonaws.com""
s3_bucket_hosted_zone_id = ""Z3AQBSTGFYJSTF""
s3_bucket_id = ""terraform-45e130aed0c152187c9241a957""
s3_bucket_region = ""us-east-1""

--- ERRORS ---",
terrads_9760fbdc7bc5,Zenodo/TerraDS,iac_benchmark/scenarios/terrads_9760fbdc7bc5,30,150,2,0,1,True,True,0,0,0,0,0,True,"--- INIT LOG ---
Initializing provider plugins...
- Finding kreuzwerker/docker versions matching ""~> 2.22.0""...
- Finding latest version of hashicorp/aws...
- Installing kreuzwerker/docker v2.22.0...
- Installed kreuzwerker/docker v2.22.0 (self-signed, key ID BD080C4571C6104C)
- Installing hashicorp/aws v6.55.0...
- Installed hashicorp/aws v6.55.0 (signed by HashiCorp)
Partner and community providers are signed by their developers.
If you'd like to know more about provider signing, you can read about it here:
https://developer.hashicorp.com/terraform/cli/plugins/signing
Terraform has created a

...[LOG TRUNCATED]...

.19.6""
      + output       = (known after apply)
      + repo_digest  = (known after apply)
    }

Plan: 2 to add, 0 to change, 0 to destroy.
docker_image.nginx: Creating...
docker_image.nginx: Still creating... [00m10s elapsed]
docker_image.nginx: Creation complete after 18s [id=sha256:8e10956422503824ebb599f37c26a90fe70541942687f70bbdb744530fc9eba4nginx:1.19.6]
docker_container.nginx: Creating...
docker_container.nginx: Creation complete after 1s [id=97f8cb292efef559fadd7f794113a4e4320a4d149d26163d9561ef7ab0179f8a]

Apply complete! Resources: 2 added, 0 changed, 0 destroyed.

--- ERRORS ---",
terrads_45050ec46f9b,Zenodo/TerraDS,iac_benchmark/scenarios/terrads_45050ec46f9b,30,156,2,0,1,True,True,0,0,0,0,0,True,"--- INIT LOG ---
Initializing provider plugins...
- Finding kreuzwerker/docker versions matching ""~> 2.22.0""...
- Finding latest version of hashicorp/aws...
- Installing kreuzwerker/docker v2.22.0...
- Installed kreuzwerker/docker v2.22.0 (self-signed, key ID BD080C4571C6104C)
- Installing hashicorp/aws v6.56.0...
- Installed hashicorp/aws v6.56.0 (signed by HashiCorp)
Partner and community providers are signed by their developers.
If you'd like to know more about provider signing, you can read about it here:
https://developer.hashicorp.com/terraform/cli/plugins/signing
Terraform has created a

...[LOG TRUNCATED]...

   = (known after apply)
      + name         = ""nginx:1.19.6""
      + output       = (known after apply)
      + repo_digest  = (known after apply)
    }

Plan: 2 to add, 0 to change, 0 to destroy.
docker_image.nginx: Creating...
docker_image.nginx: Creation complete after 0s [id=sha256:8e10956422503824ebb599f37c26a90fe70541942687f70bbdb744530fc9eba4nginx:1.19.6]
docker_container.nginx: Creating...
docker_container.nginx: Creation complete after 0s [id=34d30e37c32889915ac182d96303193366d62b226e923d471cb67d62aec821cb]

Apply complete! Resources: 2 added, 0 changed, 0 destroyed.

--- ERRORS ---",
terrads_502f773ea348,Zenodo/TerraDS,iac_benchmark/scenarios/terrads_502f773ea348,564,4490,8,40,4,True,True,0,0,0,0,0,True,"--- INIT LOG ---
Initializing provider plugins...
- Finding hashicorp/aws versions matching "">= 4.36.0""...
- Installing hashicorp/aws v6.53.0...
- Installed hashicorp/aws v6.53.0 (signed by HashiCorp)
Terraform has created a lock file .terraform.lock.hcl to record the provider
selections it made above. Include this file in your version control repository
so that Terraform can guarantee to make the same selections by default when
you run ""terraform init"" in the future.

Terraform has been successfully initialized!

You may now begin working with Terraform. Try running ""terraform plan"" to see
an

...[LOG TRUNCATED]...


details.

(and 3 more similar warnings elsewhere)

Apply complete! Resources: 1 added, 0 changed, 0 destroyed.

Outputs:

dead_letter_queue_arn_static = """"
queue_arn = ""arn:aws:sqs:us-east-1:000000000000:terraform-edafeb49eaf3c456f754264700""
queue_arn_static = ""arn:aws:sqs:us-east-1:000000000000:""
queue_id = ""http://sqs.us-east-1.localhost.localstack.cloud:4566/000000000000/terraform-edafeb49eaf3c456f754264700""
queue_name = ""terraform-edafeb49eaf3c456f754264700""
queue_url = ""http://sqs.us-east-1.localhost.localstack.cloud:4566/000000000000/terraform-edafeb49eaf3c456f754264700""

--- ERRORS ---","NON-JSON OUTPUT:
"
terrads_2885a27e7c23,Zenodo/TerraDS,iac_benchmark/scenarios/terrads_2885a27e7c23,51,280,2,3,1,True,True,0,0,0,0,0,True,"--- INIT LOG ---
Initializing provider plugins...
- Finding latest version of hashicorp/aws...
- Finding kreuzwerker/docker versions matching ""~> 2.13.0""...
- Installing hashicorp/aws v6.56.0...
- Installed hashicorp/aws v6.56.0 (signed by HashiCorp)
- Installing kreuzwerker/docker v2.13.0...
- Installed kreuzwerker/docker v2.13.0 (self-signed, key ID 24E54F214569A8A5)
Partner and community providers are signed by their developers.
If you'd like to know more about provider signing, you can read about it here:
https://developer.hashicorp.com/terraform/cli/plugins/signing
Terraform has created a

...[LOG TRUNCATED]...

ete after 0s [id=sha256:5a88c9c45479443d7be2eadc894b4ed0a9801bae03d97a5760ae13b5c2005942nginx:latest]
docker_container.nginx: Creating...
docker_container.nginx: Creation complete after 0s [id=1ef4e9239cabd552dfb140b8746c83fb486d0023612b2f2e9b758358ee48ad5c]

Warning: Deprecated attribute

  on main.tf line 19, in resource ""docker_container"" ""nginx"":
  19:   image = docker_image.nginx.latest

The attribute ""latest"" is deprecated. Refer to the provider documentation for
details.

(and 3 more similar warnings elsewhere)

Apply complete! Resources: 2 added, 0 changed, 0 destroyed.

--- ERRORS ---",
gh_44821d81,Tianyi2/IRIS,iac_benchmark/scenarios/gh_44821d81,65,417,8,0,1,True,True,0,0,0,0,0,True,"--- INIT LOG ---
Initializing provider plugins...
- Finding latest version of hashicorp/aws...
- Installing hashicorp/aws v6.56.0...
- Installed hashicorp/aws v6.56.0 (signed by HashiCorp)
Terraform has created a lock file .terraform.lock.hcl to record the provider
selections it made above. Include this file in your version control repository
so that Terraform can guarantee to make the same selections by default when
you run ""terraform init"" in the future.

Terraform has been successfully initialized!

You may now begin working with Terraform. Try running ""terraform plan"" to see
any changes th

...[LOG TRUNCATED]...

reation complete after 14s [id=vol-6cd24dc360fd1c8ff]
aws_ebs_volume.st1: Creation complete after 14s [id=vol-b53170b2143c5e5a5]
aws_ebs_volume.standard_withUsage: Creation complete after 14s [id=vol-3fbc813039547edf4]
aws_ebs_volume.gp3: Creation complete after 14s [id=vol-e05621c10c4445011]
aws_ebs_volume.standard: Creation complete after 14s [id=vol-71d18b84df4a1d1c4]
aws_ebs_volume.io2: Creation complete after 14s [id=vol-da7891b784d4dc5f2]
aws_ebs_volume.sc1: Creation complete after 14s [id=vol-efa0a9bcafaca8eb8]

Apply complete! Resources: 8 added, 0 changed, 0 destroyed.

--- ERRORS ---",
terrads_131ab26b2d9a,Zenodo/TerraDS,iac_benchmark/scenarios/terrads_131ab26b2d9a,49,234,2,0,1,True,True,0,0,0,0,0,True,"--- INIT LOG ---
Initializing provider plugins...
- Finding hashicorp/aws versions matching "">= 4.5.0""...
- Finding hashicorp/random versions matching ""3.1.0""...
- Installing hashicorp/random v3.1.0...
- Installed hashicorp/random v3.1.0 (signed by HashiCorp)
- Installing hashicorp/aws v6.53.0...
- Installed hashicorp/aws v6.53.0 (signed by HashiCorp)
Terraform has created a lock file .terraform.lock.hcl to record the provider
selections it made above. Include this file in your version control repository
so that Terraform can guarantee to make the same selections by default when
you run ""terra

...[LOG TRUNCATED]...

after apply)

      + website (known after apply)
    }

  # random_pet.petname will be created
  + resource ""random_pet"" ""petname"" {
      + id        = (known after apply)
      + length    = 5
      + separator = ""-""
    }

Plan: 2 to add, 0 to change, 0 to destroy.
random_pet.petname: Creating...
random_pet.petname: Creation complete after 0s [id=monthly-immensely-painfully-guided-quail]
aws_s3_bucket.sample: Creating...
aws_s3_bucket.sample: Creation complete after 0s [id=monthly-immensely-painfully-guided-quail]

Apply complete! Resources: 2 added, 0 changed, 0 destroyed.

--- ERRORS ---","NON-JSON OUTPUT:
"
terrads_ebaf7a67fef3,Zenodo/TerraDS,iac_benchmark/scenarios/terrads_ebaf7a67fef3,212,1526,3,13,2,True,True,0,0,0,0,0,True,"--- INIT LOG ---
Initializing provider plugins...
- Finding hashicorp/aws versions matching "">= 5.46.0""...
- Installing hashicorp/aws v6.56.0...
- Installed hashicorp/aws v6.56.0 (signed by HashiCorp)
Terraform has created a lock file .terraform.lock.hcl to record the provider
selections it made above. Include this file in your version control repository
so that Terraform can guarantee to make the same selections by default when
you run ""terraform init"" in the future.

Terraform has been successfully initialized!

You may now begin working with Terraform. Try running ""terraform plan"" to see
an

...[LOG TRUNCATED]...

hanges that are required for your infrastructure. All Terraform commands
should now work.

If you ever set or change modules or backend configuration for Terraform,
rerun this command to reinitialize your working directory. If you forget, other
commands will detect it and remind you to do so if necessary.

--- APPLY LOG ---

Changes to Outputs:
  + endpoints          = {}

You can apply this plan to save these new output values to the Terraform
state, without changing any real infrastructure.

Apply complete! Resources: 0 added, 0 changed, 0 destroyed.

Outputs:

endpoints = {}

--- ERRORS ---",
terrads_9d98b1468492,Zenodo/TerraDS,iac_benchmark/scenarios/terrads_9d98b1468492,39,191,2,0,1,True,True,0,0,0,0,0,True,"--- INIT LOG ---
Initializing provider plugins...
- Finding hashicorp/aws versions matching ""~> 5.0""...
- Installing hashicorp/aws v5.100.0...
- Installed hashicorp/aws v5.100.0 (signed by HashiCorp)
Terraform has created a lock file .terraform.lock.hcl to record the provider
selections it made above. Include this file in your version control repository
so that Terraform can guarantee to make the same selections by default when
you run ""terraform init"" in the future.

Terraform has been successfully initialized!

You may now begin working with Terraform. Try running ""terraform plan"" to see
any

...[LOG TRUNCATED]...

 (known after apply)
      + tags_all         = (known after apply)
      + unique_id        = (known after apply)
    }

Plan: 2 to add, 0 to change, 0 to destroy.
aws_cloudwatch_log_resource_policy.main: Creating...
aws_iam_service_linked_role.main: Creating...
aws_iam_service_linked_role.main: Creation complete after 0s [id=arn:aws:iam::000000000000:role/aws-service-role/es.amazonaws.com/AWSServiceRoleForEs]
aws_cloudwatch_log_resource_policy.main: Creation complete after 0s [id=elasticsearch-log-publishing-policy]

Apply complete! Resources: 2 added, 0 changed, 0 destroyed.

--- ERRORS ---","NON-JSON OUTPUT:
"
terrads_d5f4e13c4cbd,Zenodo/TerraDS,iac_benchmark/scenarios/terrads_d5f4e13c4cbd,324,2245,11,3,4,True,True,0,0,0,0,0,True,"--- INIT LOG ---
Initializing provider plugins...
- Finding hashicorp/aws versions matching "">= 2.0.0""...
- Installing hashicorp/aws v6.53.0...
- Installed hashicorp/aws v6.53.0 (signed by HashiCorp)
Terraform has created a lock file .terraform.lock.hcl to record the provider
selections it made above. Include this file in your version control repository
so that Terraform can guarantee to make the same selections by default when
you run ""terraform init"" in the future.

Terraform has been successfully initialized!

You may now begin working with Terraform. Try running ""terraform plan"" to see
any

...[LOG TRUNCATED]...

m_policy.assume-role-mfa-policy: Creation complete after 0s [id=arn:aws:iam::000000000000:policy/awscademo-assume-admin-role-wit655e81d0e7458cbdb6f8a85cd7]
aws_iam_group_policy_attachment.admin-assume-role-mfa-attach: Creating...
aws_iam_group_policy_attachment.admin-assume-role-mfa-attach: Creation complete after 0s [id=awscademo-mfa-superadmins-20260708053104367300000003]

Apply complete! Resources: 11 added, 0 changed, 0 destroyed.

Outputs:

default-group = ""awscademo-demo-users""
mfa-superadmin-group = ""awscademo-mfa-superadmins""
read-only-group = ""awscademo-readonly-users""

--- ERRORS ---",
gh_254d7b8f,Tianyi2/IRIS,iac_benchmark/scenarios/gh_254d7b8f,878,6687,9,70,4,True,True,0,0,0,0,0,True,"--- INIT LOG ---
Initializing provider plugins...
- Finding latest version of hashicorp/aws...
- Installing hashicorp/aws v6.52.0...
- Installed hashicorp/aws v6.52.0 (signed by HashiCorp)
Terraform has created a lock file .terraform.lock.hcl to record the provider
selections it made above. Include this file in your version control repository
so that Terraform can guarantee to make the same selections by default when
you run ""terraform init"" in the future.

Terraform has been successfully initialized!

You may now begin working with Terraform. Try running ""terraform plan"" to see
any changes that are required for your infrastructure. All Terraform commands
should now work.

If you ever set or change modules or backend configuration for Terraform,
rerun this command to reinitialize your working directory. If you forget, other
commands will detect it and remind you to do so if necessary.

--- APPLY LOG ---

Changes to Outputs:
  + config_aggregate_authorization_arn   = """"
  + config_config_rule_arn               = """"
  + config_config_rule_id                = """"
  + config_configuration_aggregator_arn  = """"
  + config_configuration_recorder_id     = """"
  + config_delivery_channel_id           = """"
  + config_organization_custom_rule_arn  = """"
  + config_organization_managed_rule_arn = """"
  + config_remediation_configuration_id  = """"

You can apply this plan to save these new output values to the Terraform
state, without changing any real infrastructure.

Apply complete! Resources: 0 added, 0 changed, 0 destroyed.

Outputs:

config_aggregate_authorization_arn = """"
config_config_rule_arn = """"
config_config_rule_id = """"
config_configuration_aggregator_arn = """"
config_configuration_recorder_id = """"
config_delivery_channel_id = """"
config_organization_custom_rule_arn = """"
config_organization_managed_rule_arn = """"
config_remediation_configuration_id = """"

--- ERRORS ---",
terrads_3c85773c9eab,Zenodo/TerraDS,iac_benchmark/scenarios/terrads_3c85773c9eab,580,4148,10,35,4,True,True,0,0,0,0,0,True,"--- INIT LOG ---
Initializing provider plugins...
- Finding hashicorp/null versions matching "">= 2.0.0""...
- Finding hashicorp/aws versions matching "">= 3.35.0""...
- Finding hashicorp/local versions matching "">= 1.0.0""...
- Installing hashicorp/null v3.3.0...
- Installed hashicorp/null v3.3.0 (signed by HashiCorp)
- Installing hashicorp/aws v6.53.0...
- Installed hashicorp/aws v6.53.0 (signed by HashiCorp)
- Installing hashicorp/local v2.9.0...
- Installed hashicorp/local v2.9.0 (signed by HashiCorp)
Terraform has created a lock file .terraform.lock.hcl to record the provider
selections it mad

...[LOG TRUNCATED]...

e CodeDeployDefault.LambdaAllAtOnce \
    --description """" \
    --revision '{""revisionType"": ""AppSpecContent"", ""appSpecContent"": {""content"": ""{\""Resources\"":[{\""MyFunction\"":{\""Properties\"":{\""Alias\"":\""\"",\""CurrentVersion\"":\""\"",\""Name\"":\""\"",\""TargetVersion\"":\""\""},\""Type\"":\""AWS::Lambda::Function\""}}],\""version\"":\""0.0\""}"", ""sha256"": ""ed8464aca7a1c211ec12791482b43e46b9044efa61ce53586020eaeef7d99aa8""}}' \
    --output text \
    --query '[deploymentId]')

aws deploy get-deployment --deployment-id $ID
echo ""Deployment started, but wait deployment completion is disabled!""

EOT

--- ERRORS ---","NON-JSON OUTPUT:
"
terrads_17e10ab4f8c4,Zenodo/TerraDS,iac_benchmark/scenarios/terrads_17e10ab4f8c4,93,535,6,0,2,True,True,0,0,0,0,0,True,"--- INIT LOG ---
Initializing provider plugins...
- Finding kreuzwerker/docker versions matching ""~> 2.22.0""...
- Finding hashicorp/random versions matching ""~> 3.1.0""...
- Finding hashicorp/time versions matching ""~> 0.7.2""...
- Finding latest version of hashicorp/aws...
- Installing hashicorp/aws v6.53.0...
- Installed hashicorp/aws v6.53.0 (signed by HashiCorp)
- Installing kreuzwerker/docker v2.22.0...
- Installed kreuzwerker/docker v2.22.0 (self-signed, key ID BD080C4571C6104C)
- Installing hashicorp/random v3.1.3...
- Installed hashicorp/random v3.1.3 (signed by HashiCorp)
- Installing h

...[LOG TRUNCATED]...

n complete after 2m0s [id=2026-07-08T04:44:19Z]
docker_container.data: Creating...
docker_container.data: Creation complete after 0s [id=968c4d98b1f4c6f3ea548a4d6c65fb9adcd62d8da92272aa2cd802c4cf6d55dc]

Apply complete! Resources: 9 added, 0 changed, 0 destroyed.

Outputs:

nginx_hosts = [
  {
    ""host"" = ""0.0.0.0:8000""
    ""name"" = ""nginx-notable-mule-0""
  },
  {
    ""host"" = ""0.0.0.0:8001""
    ""name"" = ""nginx-notable-mule-1""
  },
  {
    ""host"" = ""0.0.0.0:8002""
    ""name"" = ""nginx-notable-mule-2""
  },
  {
    ""host"" = ""0.0.0.0:8003""
    ""name"" = ""nginx-notable-mule-3""
  },
]

--- ERRORS ---",
gh_1d5f4d32,Tianyi2/IRIS,iac_benchmark/scenarios/gh_1d5f4d32,740,6865,9,50,4,True,True,0,0,0,0,0,True,"--- INIT LOG ---
Initializing provider plugins...
- Finding latest version of hashicorp/aws...
- Installing hashicorp/aws v6.51.0...
- Installed hashicorp/aws v6.51.0 (signed by HashiCorp)
Terraform has created a lock file .terraform.lock.hcl to record the provider
selections it made above. Include this file in your version control repository
so that Terraform can guarantee to make the same selections by default when
you run ""terraform init"" in the future.

Terraform has been successfully initialized!

You may now begin working with Terraform. Try running ""terraform plan"" to see
any changes that are required for your infrastructure. All Terraform commands
should now work.

If you ever set or change modules or backend configuration for Terraform,
rerun this command to reinitialize your working directory. If you forget, other
commands will detect it and remind you to do so if necessary.

--- APPLY LOG ---

Changes to Outputs:
  + transit_gateway_arn                                                 = """"
  + transit_gateway_association_default_route_table_id                  = """"
  + transit_gateway_id                                                  = """"
  + transit_gateway_owner_id                                            = """"
  + transit_gateway_peering_attachment_accepter_id                      = """"
  + transit_gateway_peering_attachment_accepter_peer_account_id         = """"
  + transit_gateway_peering_attachment_accepter_peer_transit_gateway_id = """"
  + transit_gateway_pee

...[LOG TRUNCATED]...

way_owner_id = """"
transit_gateway_peering_attachment_accepter_id = """"
transit_gateway_peering_attachment_accepter_peer_account_id = """"
transit_gateway_peering_attachment_accepter_peer_transit_gateway_id = """"
transit_gateway_peering_attachment_accepter_transit_gateway_id = """"
transit_gateway_peering_attachment_id = """"
transit_gateway_propagation_default_route_table_id = """"
transit_gateway_route_id = """"
transit_gateway_route_table_arn = """"
transit_gateway_route_table_association_id = """"
transit_gateway_route_table_association_resource_id = """"
transit_gateway_route_table_association_resource_type = """"
transit_gateway_route_table_default_association_route_table = """"
transit_gateway_route_table_default_propagation_route_table = """"
transit_gateway_route_table_id = """"
transit_gateway_route_table_propagation_id = """"
transit_gateway_route_table_propagation_resource_id = """"
transit_gateway_route_table_propagation_resource_type = """"
transit_gateway_vpc_attachment_accepter_appliance_mode_support = """"
transit_gateway_vpc_attachment_accepter_dns_support = """"
transit_gateway_vpc_attachment_accepter_id = """"
transit_gateway_vpc_attachment_accepter_ipv6_support = """"
transit_gateway_vpc_attachment_accepter_subnet_ids = """"
transit_gateway_vpc_attachment_accepter_transit_gateway_id = """"
transit_gateway_vpc_attachment_accepter_vpc_id = """"
transit_gateway_vpc_attachment_accepter_vpc_owner_id = """"
transit_gateway_vpc_attachment_id = """"
transit_gateway_vpc_attachment_vpc_owner_id = """"

--- ERRORS ---",
terrads_c69fe1795840,Zenodo/TerraDS,iac_benchmark/scenarios/terrads_c69fe1795840,88,528,8,0,2,True,True,0,0,0,0,0,True,"--- INIT LOG ---
Initializing provider plugins...
- Finding latest version of hashicorp/aws...
- Installing hashicorp/aws v6.55.0...
- Installed hashicorp/aws v6.55.0 (signed by HashiCorp)
Terraform has created a lock file .terraform.lock.hcl to record the provider
selections it made above. Include this file in your version control repository
so that Terraform can guarantee to make the same selections by default when
you run ""terraform init"" in the future.

Terraform has been successfully initialized!

You may now begin working with Terraform. Try running ""terraform plan"" to see
any changes th

...[LOG TRUNCATED]...

ment.launch: Creating...
aws_iam_group_policy_attachment.group1: Creation complete after 0s [id=Group1-20260719153435721200000001]
aws_iam_user_group_membership.user1: Creation complete after 0s [id=terraform-rg6vw70bk2ht3wvhIkinxu2Qux]
aws_iam_role_policy_attachment.launch: Creation complete after 0s [id=test_role/arn:aws:iam::000000000000:policy/ServiceCatalogTerraformLaunchPolicy]

Apply complete! Resources: 8 added, 0 changed, 0 destroyed.

Outputs:

iam_user1_arn = ""arn:aws:iam::000000000000:user/terraform/User1""
launch_role_arn = ""arn:aws:iam::000000000000:role/test_role""

--- ERRORS ---",
terrads_5f00b8eeb522,Zenodo/TerraDS,iac_benchmark/scenarios/terrads_5f00b8eeb522,39,230,4,0,1,True,True,0,0,0,0,0,True,"--- INIT LOG ---
Initializing provider plugins...
- Finding hashicorp/aws versions matching ""~> 5.36""...
- Installing hashicorp/aws v5.100.0...
- Installed hashicorp/aws v5.100.0 (signed by HashiCorp)
Terraform has created a lock file .terraform.lock.hcl to record the provider
selections it made above. Include this file in your version control repository
so that Terraform can guarantee to make the same selections by default when
you run ""terraform init"" in the future.

Terraform has been successfully initialized!

You may now begin working with Terraform. Try running ""terraform plan"" to see
an

...[LOG TRUNCATED]...

_main_bucket: Creating...
aws_s3_bucket.hsa28_log_bucket: Creation complete after 1s [id=hsa28-log-bucket-333]
aws_s3_bucket.hsa28_main_bucket: Creation complete after 1s [id=hsa28-main-bucket-333]
aws_s3_bucket_logging.hsa28_main_bucket_log: Creating...
aws_s3_bucket_versioning.hsa28_main_bucket_version: Creating...
aws_s3_bucket_logging.hsa28_main_bucket_log: Creation complete after 0s [id=hsa28-main-bucket-333]
aws_s3_bucket_versioning.hsa28_main_bucket_version: Creation complete after 1s [id=hsa28-main-bucket-333]

Apply complete! Resources: 4 added, 0 changed, 0 destroyed.

--- ERRORS ---","NON-JSON OUTPUT:
"
terrads_de68dff47283,Zenodo/TerraDS,iac_benchmark/scenarios/terrads_de68dff47283,33,205,3,1,1,True,True,0,0,0,0,0,True,"--- INIT LOG ---
Initializing provider plugins...
- Finding latest version of hashicorp/tls...
- Finding latest version of hashicorp/random...
- Finding latest version of hashicorp/aws...
- Installing hashicorp/tls v4.3.0...
- Installed hashicorp/tls v4.3.0 (signed by HashiCorp)
- Installing hashicorp/random v3.9.0...
- Installed hashicorp/random v3.9.0 (signed by HashiCorp)
- Installing hashicorp/aws v6.56.0...
- Installed hashicorp/aws v6.56.0 (signed by HashiCorp)
Terraform has created a lock file .terraform.lock.hcl to record the provider
selections it made above. Include this file in your

...[LOG TRUNCATED]...

key: Creating...
random_pet.key_prefix: Creating...
random_pet.key_prefix: Creation complete after 0s [id=fair-wren]
tls_private_key.key: Creation complete after 1s [id=c2d47fd633841607004ed9a67382be47a0b68825]
aws_key_pair.key_pair: Creating...
aws_key_pair.key_pair: Provisioning with 'local-exec'...
aws_key_pair.key_pair (local-exec): (output suppressed due to sensitive value in config)
aws_key_pair.key_pair: Creation complete after 1s [id=key-fair-wren]

Apply complete! Resources: 3 added, 0 changed, 0 destroyed.

Outputs:

key_id = ""key-fair-wren""
key_name = ""key-fair-wren""

--- ERRORS ---",
terrads_ff2491455676,Zenodo/TerraDS,iac_benchmark/scenarios/terrads_ff2491455676,255,2085,2,11,2,True,True,0,0,0,0,0,True,"--- INIT LOG ---
Initializing provider plugins...
- Finding latest version of hashicorp/aws...
- Installing hashicorp/aws v6.56.0...
- Installed hashicorp/aws v6.56.0 (signed by HashiCorp)
Terraform has created a lock file .terraform.lock.hcl to record the provider
selections it made above. Include this file in your version control repository
so that Terraform can guarantee to make the same selections by default when
you run ""terraform init"" in the future.

Terraform has been successfully initialized!

You may now begin working with Terraform. Try running ""terraform plan"" to see
any changes th

...[LOG TRUNCATED]...

pagation"" = ""enable""
  ""description"" = """"
  ""dns_support"" = ""enable""
  ""encryption_support"" = tostring(null)
  ""id"" = ""tgw-4e7e48a56b4bb8ff8""
  ""multicast_support"" = ""disable""
  ""owner_id"" = ""000000000000""
  ""propagation_default_route_table_id"" = ""tgw-rtb-bc066e073d944d998""
  ""region"" = ""us-east-1""
  ""security_group_referencing_support"" = ""disable""
  ""tags"" = tomap({
    ""Name"" = """"
  })
  ""tags_all"" = tomap({
    ""Name"" = """"
  })
  ""timeouts"" = null /* object */
  ""transit_gateway_cidr_blocks"" = toset(null) /* of string */
  ""vpn_ecmp_support"" = ""enable""
}
tgw_attachments = {}

--- ERRORS ---",
terrads_b399f0e51686,Zenodo/TerraDS,iac_benchmark/scenarios/terrads_b399f0e51686,415,3213,13,18,5,True,True,0,0,0,0,0,True,"--- INIT LOG ---
Initializing provider plugins...
- Finding hashicorp/aws versions matching "">= 3.0.0""...
- Finding latest version of hashicorp/random...
- Installing hashicorp/aws v6.56.0...
- Installed hashicorp/aws v6.56.0 (signed by HashiCorp)
- Installing hashicorp/random v3.9.0...
- Installed hashicorp/random v3.9.0 (signed by HashiCorp)
Terraform has created a lock file .terraform.lock.hcl to record the provider
selections it made above. Include this file in your version control repository
so that Terraform can guarantee to make the same selections by default when
you run ""terraform ini

...[LOG TRUNCATED]...

:us-east-1:000000000000:trail/main-trail-us-east-1-nqcwp7k1""
cloudtrail_id = ""arn:aws:cloudtrail:us-east-1:000000000000:trail/main-trail-us-east-1-nqcwp7k1""
cloudwatch_log_group_arn = ""arn:aws:logs:us-east-1:000000000000:log-group:/aws/cloudtrail/main-trail-us-east-1-nqcwp7k1""
kms_key_arn = ""arn:aws:kms:us-east-1:000000000000:key/85b65ee6-5ecf-424f-b998-d191ddd9d9c8""
kms_key_id = ""85b65ee6-5ecf-424f-b998-d191ddd9d9c8""
s3_bucket_arn = ""arn:aws:s3:::cloudtrail-logs-000000000000-us-east-1-nqcwp7k1""
s3_bucket_id = ""cloudtrail-logs-000000000000-us-east-1-nqcwp7k1""
sns_topic_arn = """"

--- ERRORS ---",
gh_f397acca,Tianyi2/IRIS,iac_benchmark/scenarios/gh_f397acca,137,925,6,4,2,True,True,0,0,2,0,0,True,"--- INIT LOG ---
Initializing provider plugins...
- Finding latest version of hashicorp/aws...
- Installing hashicorp/aws v6.51.0...
- Installed hashicorp/aws v6.51.0 (signed by HashiCorp)
Terraform has created a lock file .terraform.lock.hcl to record the provider
selections it made above. Include this file in your version control repository
so that Terraform can guarantee to make the same selections by default when
you run ""terraform init"" in the future.

Terraform has been successfully initialized!

You may now begin working with Terraform. Try running ""terraform plan"" to see
any changes that are required for your infrastructure. All Terraform commands
should now work.

If you ever set or change modules or backend configuration for Terraform,
rerun this command to reinitialize your working directory. If you forget, other
commands will detect it and remind you to do so if necessary.

--- APPLY LOG ---

Terraform used the selected providers to generate the following execution
plan. Resource actions are indicated with the following symbols:
  + create

Terraform will perform the following actions:

  # aws_route_table.peer[0] will be created
  + resource ""aws_route_table"" ""peer"" {
      + arn              = (known after apply)
      + id               = (known after apply)
      + owner_id         = (known after apply)
      + propagating_vgws = (known after apply)
      + region           = ""ap-southeast-2""
      + route            = (known after apply)
      + tags         

...[LOG TRUNCATED]...

e.peer[0]: Creating...
aws_route_table.this[2]: Creating...
aws_route_table.peer[2]: Creating...
aws_subnet.peer[1]: Creating...
aws_route_table.this[1]: Creating...
aws_route_table.peer[1]: Creating...
aws_subnet.peer[0]: Creating...
aws_subnet.this[2]: Creating...
aws_subnet.peer[2]: Creating...
aws_subnet.this[0]: Creating...
aws_subnet.peer[1]: Creation complete after 0s [id=subnet-c473c4618d268fc06]
aws_subnet.peer[0]: Creation complete after 0s [id=subnet-77840f9b0f8039efc]
aws_subnet.this[2]: Creation complete after 0s [id=subnet-20fe9c113ddafcbf3]
aws_subnet.this[1]: Creating...
aws_subnet.this[0]: Creation complete after 0s [id=subnet-99c90b606629758da]
aws_route_table.this[0]: Creating...
aws_subnet.peer[2]: Creation complete after 0s [id=subnet-29311f31942829ff9]
aws_subnet.this[1]: Creation complete after 0s [id=subnet-63c86d7d4219df166]
aws_route_table.this[2]: Creation complete after 0s [id=rtb-678888a3dc4e229ae]
aws_route_table.peer[0]: Creation complete after 0s [id=rtb-e4473925d48e580d7]
aws_route_table.this[1]: Creation complete after 0s [id=rtb-f03d96b20dd5bb60d]
aws_route_table.peer[2]: Creation complete after 0s [id=rtb-d5a6b46b27ea23227]
aws_route_table.peer[1]: Creation complete after 0s [id=rtb-05c5753000d3e2db1]
aws_route_table.this[0]: Creation complete after 0s [id=rtb-52397741bfe2e1f0a]

Apply complete! Resources: 14 added, 0 changed, 0 destroyed.

Outputs:

peer_vpc_id = ""vpc-28498899de04c4099""
this_vpc_id = ""vpc-459cac399ddc96598""

--- ERRORS ---",
terrads_9a807e8b7301,Zenodo/TerraDS,iac_benchmark/scenarios/terrads_9a807e8b7301,367,2772,8,24,4,True,True,0,0,0,0,0,True,"--- INIT LOG ---
Initializing provider plugins...
- Finding hashicorp/aws versions matching ""~> 5.0""...
- Installing hashicorp/aws v5.100.0...
- Installed hashicorp/aws v5.100.0 (signed by HashiCorp)
Terraform has created a lock file .terraform.lock.hcl to record the provider
selections it made above. Include this file in your version control repository
so that Terraform can guarantee to make the same selections by default when
you run ""terraform init"" in the future.

Terraform has been successfully initialized!

You may now begin working with Terraform. Try running ""terraform plan"" to see
any

...[LOG TRUNCATED]...

: Creation complete after 0s [id=alarmdevCacheCluster002FreeableMemory]
aws_cloudwatch_metric_alarm.cache_memory[0]: Creation complete after 0s [id=alarmdevCacheCluster001FreeableMemory]
aws_cloudwatch_metric_alarm.cache_cpu[0]: Creation complete after 0s [id=alarmdevCacheCluster001CPUUtilization]
aws_cloudwatch_metric_alarm.cache_cpu[1]: Creation complete after 0s [id=alarmdevCacheCluster002CPUUtilization]
aws_cloudwatch_metric_alarm.cache_cpu[2]: Creation complete after 1s [id=alarmdevCacheCluster003CPUUtilization]

Apply complete! Resources: 10 added, 0 changed, 0 destroyed.

--- ERRORS ---",
gh_209bf4fc,Tianyi2/IRIS,iac_benchmark/scenarios/gh_209bf4fc,84,469,5,0,2,True,True,0,0,0,0,0,True,"--- INIT LOG ---
Initializing provider plugins...
- Finding latest version of hashicorp/aws...
- Installing hashicorp/aws v6.54.0...
- Installed hashicorp/aws v6.54.0 (signed by HashiCorp)
Terraform has created a lock file .terraform.lock.hcl to record the provider
selections it made above. Include this file in your version control repository
so that Terraform can guarantee to make the same selections by default when
you run ""terraform init"" in the future.

Terraform has been successfully initialized!

You may now begin working with Terraform. Try running ""terraform plan"" to see
any changes th

...[LOG TRUNCATED]...

d=arn:aws:sns:us-east-1:000000000000:user-updates-topic]
data.aws_iam_policy_document.sns_topic_policy: Reading...
data.aws_iam_policy_document.sns_topic_policy: Read complete after 0s [id=1804280135]
aws_sns_topic_policy.default2: Creating...
aws_sns_topic_policy.default: Creating...
aws_sns_topic_policy.default: Creation complete after 0s [id=arn:aws:sns:us-east-1:000000000000:my-topic-with-policy]
aws_sns_topic_policy.default2: Creation complete after 0s [id=arn:aws:sns:us-east-1:000000000000:my-topic-with-policy2]

Apply complete! Resources: 5 added, 0 changed, 0 destroyed.

--- ERRORS ---",
terrads_23cdf435b679,Zenodo/TerraDS,iac_benchmark/scenarios/terrads_23cdf435b679,61,342,3,0,1,True,True,0,0,0,0,0,True,"--- INIT LOG ---
Initializing provider plugins...
- Finding hashicorp/time versions matching ""~> 0.7.2""...
- Finding kreuzwerker/docker versions matching ""~> 2.22.0""...
- Finding hashicorp/random versions matching ""~> 3.1.0""...
- Finding latest version of hashicorp/aws...
- Installing kreuzwerker/docker v2.22.0...
- Installed kreuzwerker/docker v2.22.0 (self-signed, key ID BD080C4571C6104C)
- Installing hashicorp/random v3.1.3...
- Installed hashicorp/random v3.1.3 (signed by HashiCorp)
- Installing hashicorp/aws v6.55.0...
- Installed hashicorp/aws v6.55.0 (signed by HashiCorp)
- Installing h

...[LOG TRUNCATED]...

=6fcebd20979451d23aae10677d60553eb02ee13891f59f5948fad26d2dbefcf1]
docker_container.nginx[2]: Creation complete after 1s [id=45519b76327ea0c5c5ba8beeb5d6e8ffdbc3bfb9742c32b2aa98653c08814cbf]

Apply complete! Resources: 6 added, 0 changed, 0 destroyed.

Outputs:

nginx_hosts = [
  {
    ""host"" = ""0.0.0.0:8000""
    ""name"" = ""nginx-engaging-mullet-0""
  },
  {
    ""host"" = ""0.0.0.0:8001""
    ""name"" = ""nginx-engaging-mullet-1""
  },
  {
    ""host"" = ""0.0.0.0:8002""
    ""name"" = ""nginx-engaging-mullet-2""
  },
  {
    ""host"" = ""0.0.0.0:8003""
    ""name"" = ""nginx-engaging-mullet-3""
  },
]

--- ERRORS ---",
terrads_ab77ea1a3958,Zenodo/TerraDS,iac_benchmark/scenarios/terrads_ab77ea1a3958,163,1185,2,6,2,True,True,0,0,0,0,0,True,"--- INIT LOG ---
Initializing provider plugins...
- Finding hashicorp/aws versions matching "">= 5.57.0""...
- Installing hashicorp/aws v6.53.0...
- Installed hashicorp/aws v6.53.0 (signed by HashiCorp)
Terraform has created a lock file .terraform.lock.hcl to record the provider
selections it made above. Include this file in your version control repository
so that Terraform can guarantee to make the same selections by default when
you run ""terraform init"" in the future.

Terraform has been successfully initialized!

You may now begin working with Terraform. Try running ""terraform plan"" to see
an

...[LOG TRUNCATED]...

config_rule.aws_managed_rules[""root-account-mfa-enabled""]: Creating...
aws_config_config_rule.aws_managed_rules[""iam-user-mfa-enabled""]: Creating...
aws_config_config_rule.aws_managed_rules[""iam-user-mfa-enabled""]: Creation complete after 0s [id=iam-user-mfa-enabled]
aws_config_config_rule.aws_managed_rules[""root-account-mfa-enabled""]: Creation complete after 0s [id=root-account-mfa-enabled]
aws_config_config_rule.aws_managed_rules[""iam-root-access-key-check""]: Creation complete after 0s [id=iam-root-access-key-check]

Apply complete! Resources: 3 added, 0 changed, 0 destroyed.

--- ERRORS ---","NON-JSON OUTPUT:
"
terrads_b86b0244fd6d,Zenodo/TerraDS,iac_benchmark/scenarios/terrads_b86b0244fd6d,518,4390,14,27,5,True,True,0,0,0,0,0,True,"--- INIT LOG ---
Initializing provider plugins...
- Finding hashicorp/random versions matching "">= 3.1.0""...
- Finding hashicorp/aws versions matching "">= 5.10.0""...
- Installing hashicorp/random v3.9.0...
- Installed hashicorp/random v3.9.0 (signed by HashiCorp)
- Installing hashicorp/aws v6.55.0...
- Installed hashicorp/aws v6.55.0 (signed by HashiCorp)
Terraform has created a lock file .terraform.lock.hcl to record the provider
selections it made above. Include this file in your version control repository
so that Terraform can guarantee to make the same selections by default when
you run ""t

...[LOG TRUNCATED]...

ole_policy_attachment.logging[0]: Creating...
aws_transfer_server.public[0]: Creating...
aws_iam_role_policy_attachment.logging[0]: Creation complete after 0s [id=central-eel-transfer-logging/arn:aws:iam::aws:policy/service-role/AWSTransferLoggingAccess]
aws_transfer_server.public[0]: Creation complete after 4s [id=s-edcbcdccbfcfb4510]

Apply complete! Resources: 4 added, 0 changed, 0 destroyed.

Outputs:

arn = ""arn:aws:transfer:us-east-1:000000000000:server/s-edcbcdccbfcfb4510""
endpoint = ""s-edcbcdccbfcfb4510.server.transfer.us-east-1.amazonaws.com""
id = ""s-edcbcdccbfcfb4510""

--- ERRORS ---",
terrads_5b902b07f506,Zenodo/TerraDS,iac_benchmark/scenarios/terrads_5b902b07f506,62,659,2,2,1,True,True,0,0,0,0,0,True,"--- INIT LOG ---
Initializing provider plugins...
- Finding latest version of kreuzwerker/docker...
- Finding latest version of hashicorp/aws...
- Installing kreuzwerker/docker v4.5.0...
- Installed kreuzwerker/docker v4.5.0 (self-signed, key ID 0DCE698927DAF8EC)
- Installing hashicorp/aws v6.56.0...
- Installed hashicorp/aws v6.56.0 (signed by HashiCorp)
Partner and community providers are signed by their developers.
If you'd like to know more about provider signing, you can read about it here:
https://developer.hashicorp.com/terraform/cli/plugins/signing
Terraform has created a lock file .te

...[LOG TRUNCATED]...

049d63278d7251d91185bb5111d2563d58729a5c9179b0nginx:1.23.4]
docker_container.nginx: Creating...
docker_container.nginx: Creation complete after 0s [id=4d524a65d76f0f11870bdbb6d26564caf3584e7a5e0a806883d0ccd21a57707d]

Apply complete! Resources: 2 added, 0 changed, 0 destroyed.

Outputs:

container_network_info = tolist([
  {
    ""gateway"" = ""172.17.0.1""
    ""global_ipv6_address"" = """"
    ""global_ipv6_prefix_length"" = 0
    ""ip_address"" = ""172.17.0.2""
    ""ip_prefix_length"" = 16
    ""ipv6_gateway"" = """"
    ""mac_address"" = ""fe:19:02:e0:91:da""
    ""network_name"" = ""bridge""
  },
])

--- ERRORS ---",
terrads_2132539ea675,Zenodo/TerraDS,iac_benchmark/scenarios/terrads_2132539ea675,49,300,2,3,1,True,True,0,0,0,0,0,True,"--- INIT LOG ---
Initializing provider plugins...
- Finding latest version of hashicorp/aws...
- Finding kreuzwerker/docker versions matching ""~> 2.22.0""...
- Installing hashicorp/aws v6.54.0...
- Installed hashicorp/aws v6.54.0 (signed by HashiCorp)
- Installing kreuzwerker/docker v2.22.0...
- Installed kreuzwerker/docker v2.22.0 (self-signed, key ID BD080C4571C6104C)
Partner and community providers are signed by their developers.
If you'd like to know more about provider signing, you can read about it here:
https://developer.hashicorp.com/terraform/cli/plugins/signing
Terraform has created a

...[LOG TRUNCATED]...

   = (known after apply)
      + name         = ""nginx:1.23.4""
      + output       = (known after apply)
      + repo_digest  = (known after apply)
    }

Plan: 2 to add, 0 to change, 0 to destroy.
docker_image.nginx: Creating...
docker_image.nginx: Creation complete after 0s [id=sha256:f5747a42e3adcb3168049d63278d7251d91185bb5111d2563d58729a5c9179b0nginx:1.23.4]
docker_container.nginx: Creating...
docker_container.nginx: Creation complete after 1s [id=49c7eaa225b74a1ab8050a2b1eede118f193aaf72611f1590a79fe6334874025]

Apply complete! Resources: 2 added, 0 changed, 0 destroyed.

--- ERRORS ---",
terrads_d86cbe8c6793,Zenodo/TerraDS,iac_benchmark/scenarios/terrads_d86cbe8c6793,96,656,7,0,2,True,True,0,0,0,0,0,True,"--- INIT LOG ---
Initializing provider plugins...
- Finding latest version of hashicorp/aws...
- Installing hashicorp/aws v6.55.0...
- Installed hashicorp/aws v6.55.0 (signed by HashiCorp)
Terraform has created a lock file .terraform.lock.hcl to record the provider
selections it made above. Include this file in your version control repository
so that Terraform can guarantee to make the same selections by default when
you run ""terraform init"" in the future.

Terraform has been successfully initialized!

You may now begin working with Terraform. Try running ""terraform plan"" to see
any changes th

...[LOG TRUNCATED]...

urity_group.nginx-sg: Creation complete after 0s [id=sg-8912ad30158be8a55]
aws_subnet.subnet1: Still creating... [00m10s elapsed]
aws_subnet.subnet1: Creation complete after 11s [id=subnet-741f4c159b6a7c419]
aws_route_table_association.rta-subnet1: Creating...
aws_instance.nginx1: Creating...
aws_route_table_association.rta-subnet1: Creation complete after 0s [id=rtbassoc-b826bebafa394d187]
aws_instance.nginx1: Still creating... [00m10s elapsed]
aws_instance.nginx1: Creation complete after 10s [id=i-e42a8a1830086b2c0]

Apply complete! Resources: 7 added, 0 changed, 0 destroyed.

--- ERRORS ---",
gh_0897548a,Tianyi2/IRIS,iac_benchmark/scenarios/gh_0897548a,114,719,4,0,2,True,True,0,0,0,0,0,True,"--- INIT LOG ---
Initializing provider plugins...
- Finding latest version of hashicorp/aws...
- Installing hashicorp/aws v6.52.0...
- Installed hashicorp/aws v6.52.0 (signed by HashiCorp)
Terraform has created a lock file .terraform.lock.hcl to record the provider
selections it made above. Include this file in your version control repository
so that Terraform can guarantee to make the same selections by default when
you run ""terraform init"" in the future.

Terraform has been successfully initialized!

You may now begin working with Terraform. Try running ""terraform plan"" to see
any changes that are required for your infrastructure. All Terraform commands
should now work.

If you ever set or change modules or backend configuration for Terraform,
rerun this command to reinitialize your working directory. If you forget, other
commands will detect it and remind you to do so if necessary.

--- APPLY LOG ---

Terraform used the selected providers to generate the following execution
plan. Resource actions are indicated with the following symbols:
  + create

Terraform will perform the following actions:

  # aws_cloudwatch_metric_alarm.anomaly_detection will be created
  + resource ""aws_cloudwatch_metric_alarm"" ""anomaly_detection"" {
      + actions_enabled                       = true
      + alarm_description                     = ""This metric monitors ec2 cpu utilization""
      + alarm_name                            = ""terraform-test-foobar""
      + arn                          

...[LOG TRUNCATED]...

                                = (known after apply)
      + comparison_operator                   = ""GreaterThanOrEqualToThreshold""
      + evaluate_low_sample_count_percentiles = (known after apply)
      + evaluation_periods                    = 2
      + id                                    = (known after apply)
      + metric_name                           = ""CPUUtilization""
      + namespace                             = ""AWS/EC2""
      + period                                = 120
      + region                                = ""us-east-1""
      + statistic                             = ""Average""
      + tags_all                              = (known after apply)
      + threshold                             = 80
      + treat_missing_data                    = ""missing""
    }

Plan: 4 to add, 0 to change, 0 to destroy.
aws_cloudwatch_metric_alarm.standard: Creating...
aws_cloudwatch_metric_alarm.high: Creating...
aws_cloudwatch_metric_alarm.expression: Creating...
aws_cloudwatch_metric_alarm.anomaly_detection: Creating...
aws_cloudwatch_metric_alarm.standard: Creation complete after 0s [id=terraform-test-alarm]
aws_cloudwatch_metric_alarm.high: Creation complete after 0s [id=terraform-test-alarm]
aws_cloudwatch_metric_alarm.anomaly_detection: Creation complete after 0s [id=terraform-test-foobar]
aws_cloudwatch_metric_alarm.expression: Creation complete after 0s [id=terraform-test-expression]

Apply complete! Resources: 4 added, 0 changed, 0 destroyed.

--- ERRORS ---",
gh_72a05acf,Tianyi2/IRIS,iac_benchmark/scenarios/gh_72a05acf,75,410,4,0,1,True,True,0,0,0,0,0,True,"--- INIT LOG ---
Initializing provider plugins...
- Finding latest version of hashicorp/aws...
- Installing hashicorp/aws v6.52.0...
- Installed hashicorp/aws v6.52.0 (signed by HashiCorp)
Terraform has created a lock file .terraform.lock.hcl to record the provider
selections it made above. Include this file in your version control repository
so that Terraform can guarantee to make the same selections by default when
you run ""terraform init"" in the future.

Terraform has been successfully initialized!

You may now begin working with Terraform. Try running ""terraform plan"" to see
any changes that are required for your infrastructure. All Terraform commands
should now work.

If you ever set or change modules or backend configuration for Terraform,
rerun this command to reinitialize your working directory. If you forget, other
commands will detect it and remind you to do so if necessary.

--- APPLY LOG ---

Terraform used the selected providers to generate the following execution
plan. Resource actions are indicated with the following symbols:
  + create

Terraform will perform the following actions:

  # aws_iam_role.test_role will be created
  + resource ""aws_iam_role"" ""test_role"" {
      + arn                   = (known after apply)
      + assume_role_policy    = jsonencode(
            {
              + Statement = [
                  + {
                      + Action    = ""sts:AssumeRole""
                      + Effect    = ""Allow""
                      + Principal = {
  

...[LOG TRUNCATED]...

)
      + name        = (known after apply)
      + name_prefix = (known after apply)
      + policy      = jsonencode(
            {
              + Statement = [
                  + {
                      + Action   = ""rds:Add*""
                      + Effect   = ""Deny""
                      + Resource = ""arn:aws:rds:*:*:cluster:*""
                    },
                ]
              + Version   = ""2012-10-17""
            }
        )
      + role        = (known after apply)
    }

Plan: 4 to add, 0 to change, 0 to destroy.
aws_iam_role.test_role: Creating...
aws_iam_role.test_role: Creation complete after 0s [id=terraform-198496a6f48c27ccc7d82432d7]
aws_iam_role_policy.policy_statement_allow_resource_without_wildcard: Creating...
aws_iam_role_policy.policy_statement_allow_resource_with_wildcard: Creating...
aws_iam_role_policy.policy_statement_deny_resource_with_wildcard: Creating...
aws_iam_role_policy.policy_statement_allow_resource_with_wildcard: Creation complete after 0s [id=terraform-198496a6f48c27ccc7d82432d7:terraform-8f5268d8fd0489222237fb9be7]
aws_iam_role_policy.policy_statement_deny_resource_with_wildcard: Creation complete after 0s [id=terraform-198496a6f48c27ccc7d82432d7:terraform-2f59393687f7ba2c5723c1622b]
aws_iam_role_policy.policy_statement_allow_resource_without_wildcard: Creation complete after 0s [id=terraform-198496a6f48c27ccc7d82432d7:terraform-96fad1c01014c4b1d90a9f09e0]

Apply complete! Resources: 4 added, 0 changed, 0 destroyed.

--- ERRORS ---",
terrads_7b48683a13ff,Zenodo/TerraDS,iac_benchmark/scenarios/terrads_7b48683a13ff,193,1639,4,0,3,True,True,0,0,0,0,0,True,"--- INIT LOG ---
Initializing provider plugins...
- Finding latest version of hashicorp/aws...
- Installing hashicorp/aws v6.55.0...
- Installed hashicorp/aws v6.55.0 (signed by HashiCorp)
Terraform has created a lock file .terraform.lock.hcl to record the provider
selections it made above. Include this file in your version control repository
so that Terraform can guarantee to make the same selections by default when
you run ""terraform init"" in the future.

Terraform has been successfully initialized!

You may now begin working with Terraform. Try running ""terraform plan"" to see
any changes th

...[LOG TRUNCATED]...

 complete after 0s [id=arn:aws:iam::000000000000:policy/terraform-policy]
aws_iam_user_policy_attachment.attach-terraform-permissions: Creating...
aws_iam_user_policy_attachment.attach-efs-policies: Creating...
aws_iam_user_policy_attachment.attach-efs-policies: Creation complete after 0s [id=terraform-bot/arn:aws:iam::aws:policy/AmazonElasticFileSystemFullAccess]
aws_iam_user_policy_attachment.attach-terraform-permissions: Creation complete after 0s [id=terraform-bot/arn:aws:iam::000000000000:policy/terraform-policy]

Apply complete! Resources: 4 added, 0 changed, 0 destroyed.

--- ERRORS ---",
terrads_d76907887b17,Zenodo/TerraDS,iac_benchmark/scenarios/terrads_d76907887b17,48,188,3,0,1,True,True,0,0,0,0,0,True,"--- INIT LOG ---
Initializing provider plugins...
- Finding hashicorp/random versions matching ""3.1.3""...
- Finding latest version of hashicorp/aws...
- Finding hashicorp/null versions matching ""3.1.1""...
- Installing hashicorp/random v3.1.3...
- Installed hashicorp/random v3.1.3 (signed by HashiCorp)
- Installing hashicorp/aws v6.54.0...
- Installed hashicorp/aws v6.54.0 (signed by HashiCorp)
- Installing hashicorp/null v3.1.1...
- Installed hashicorp/null v3.1.1 (signed by HashiCorp)
Terraform has created a lock file .terraform.lock.hcl to record the provider
selections it made above. Includ

...[LOG TRUNCATED]...

.
null_resource.igabr: Provisioning with 'local-exec'...
null_resource.igabr (local-exec): Executing: [""/bin/sh"" ""-c"" ""echo resource name joint-catfish""]
null_resource.igabr1 (local-exec): Executing: [""/bin/sh"" ""-c"" ""echo resource name joint-catfish""]
null_resource.igabr (local-exec): resource name joint-catfish
null_resource.igabr1 (local-exec): resource name joint-catfish
null_resource.igabr: Creation complete after 0s [id=2135396328153451007]
null_resource.igabr1: Creation complete after 0s [id=7986027666513198775]

Apply complete! Resources: 3 added, 0 changed, 0 destroyed.

--- ERRORS ---",
terrads_717211bbcf98,Zenodo/TerraDS,iac_benchmark/scenarios/terrads_717211bbcf98,45,239,3,0,1,True,True,0,0,0,0,0,True,"--- INIT LOG ---
Initializing provider plugins...
- Finding hashicorp/aws versions matching "">= 4.10.0""...
- Installing hashicorp/aws v6.53.0...
- Installed hashicorp/aws v6.53.0 (signed by HashiCorp)
Terraform has created a lock file .terraform.lock.hcl to record the provider
selections it made above. Include this file in your version control repository
so that Terraform can guarantee to make the same selections by default when
you run ""terraform init"" in the future.

Terraform has been successfully initialized!

You may now begin working with Terraform. Try running ""terraform plan"" to see
an

...[LOG TRUNCATED]...

ply)
aws_s3_bucket.bucket: Creating...
aws_s3_bucket.bucket: Creation complete after 5s [id=meetup-sobral-bucket-xpto-22]
aws_s3_bucket_versioning.bucket-versioning: Creating...
aws_s3_bucket_acl.bucket-acl: Creating...
aws_s3_bucket_acl.bucket-acl: Creation complete after 0s [id=meetup-sobral-bucket-xpto-22,private]
aws_s3_bucket_versioning.bucket-versioning: Creation complete after 1s [id=meetup-sobral-bucket-xpto-22]

Apply complete! Resources: 3 added, 0 changed, 0 destroyed.

Outputs:

bucket_domain_name = ""Bucket domain name: meetup-sobral-bucket-xpto-22.s3.amazonaws.com""

--- ERRORS ---","NON-JSON OUTPUT:
"
terrads_988d6d5493b4,Zenodo/TerraDS,iac_benchmark/scenarios/terrads_988d6d5493b4,82,583,4,2,2,True,True,0,0,0,0,0,True,"--- INIT LOG ---
Initializing provider plugins...
- Finding latest version of hashicorp/aws...
- Installing hashicorp/aws v6.53.0...
- Installed hashicorp/aws v6.53.0 (signed by HashiCorp)
Terraform has created a lock file .terraform.lock.hcl to record the provider
selections it made above. Include this file in your version control repository
so that Terraform can guarantee to make the same selections by default when
you run ""terraform init"" in the future.

Terraform has been successfully initialized!

You may now begin working with Terraform. Try running ""terraform plan"" to see
any changes th

...[LOG TRUNCATED]...

ws_default_vpc.default: Creating...
aws_default_vpc.default: Creation complete after 0s [id=vpc-f5140eaafa4f69fbf]
aws_security_group.web: Creating...
aws_security_group.web: Creation complete after 0s [id=sg-6cb0ff4aa7ab32542]
aws_instance.web: Creating...
aws_instance.web: Still creating... [00m10s elapsed]
aws_instance.web: Creation complete after 10s [id=i-c27f6cad5ba99881c]
aws_eip.web: Creating...
aws_eip.web: Creation complete after 0s [id=eipalloc-2b48d215d568fd73d]

Apply complete! Resources: 4 added, 0 changed, 0 destroyed.

Outputs:

web_public_ip = ""127.110.186.228""

--- ERRORS ---",
terrads_6a0278731895,Zenodo/TerraDS,iac_benchmark/scenarios/terrads_6a0278731895,46,249,2,1,1,True,True,0,0,0,0,0,True,"--- INIT LOG ---
Initializing provider plugins...
- Finding kreuzwerker/docker versions matching ""~> 2.22.0""...
- Finding latest version of hashicorp/aws...
- Installing kreuzwerker/docker v2.22.0...
- Installed kreuzwerker/docker v2.22.0 (self-signed, key ID BD080C4571C6104C)
- Installing hashicorp/aws v6.54.0...
- Installed hashicorp/aws v6.54.0 (signed by HashiCorp)
Partner and community providers are signed by their developers.
If you'd like to know more about provider signing, you can read about it here:
https://developer.hashicorp.com/terraform/cli/plugins/signing
Terraform has created a

...[LOG TRUNCATED]...

inx: Still creating... [00m10s elapsed]
docker_image.nginx: Creation complete after 18s [id=sha256:b5a9a3cfc86b81dd6f1458d53f2ad2b559cc255653d2efd6cacee5636bf2066fnginx:latest]
docker_container.nginx: Creating...
docker_container.nginx: Creation complete after 4s [id=e6f396baf47071e0d66aa004605037cad251fb558dbdf9c3224b1f103794509b]

Apply complete! Resources: 2 added, 0 changed, 0 destroyed.

Outputs:

container_id = ""e6f396baf47071e0d66aa004605037cad251fb558dbdf9c3224b1f103794509b""
image_id = ""sha256:b5a9a3cfc86b81dd6f1458d53f2ad2b559cc255653d2efd6cacee5636bf2066fnginx:latest""

--- ERRORS ---",
terrads_b925822efe24,Zenodo/TerraDS,iac_benchmark/scenarios/terrads_b925822efe24,158,1237,12,0,3,True,True,0,0,0,0,0,True,"--- INIT LOG ---
Initializing provider plugins...
- Finding latest version of hashicorp/aws...
- Installing hashicorp/aws v6.56.0...
- Installed hashicorp/aws v6.56.0 (signed by HashiCorp)
Terraform has created a lock file .terraform.lock.hcl to record the provider
selections it made above. Include this file in your version control repository
so that Terraform can guarantee to make the same selections by default when
you run ""terraform init"" in the future.

Terraform has been successfully initialized!

You may now begin working with Terraform. Try running ""terraform plan"" to see
any changes th

...[LOG TRUNCATED]...

ws_route.seunghyun-default-route: Creation complete after 0s [id=r-rtb-e128efa23996bf0031080289494]
aws_security_group_rule.seunghyun-sg-inbound: Creation complete after 1s [id=sgrule-4219185664]
aws_security_group_rule.seunghyun-sg-outbound: Creation complete after 1s [id=sgrule-2667273463]
aws_instance.seunghyun-ec2: Still creating... [00m10s elapsed]
aws_instance.seunghyun-ec2: Creation complete after 11s [id=i-3a705c48165220ea8]

Apply complete! Resources: 12 added, 0 changed, 0 destroyed.

Outputs:

aws_vpc_id = ""vpc-3d43e0b73dfbe4a66""
seunghyun_public_ip = ""54.214.80.122""

--- ERRORS ---",
terrads_eaf1e676c192,Zenodo/TerraDS,iac_benchmark/scenarios/terrads_eaf1e676c192,52,278,2,3,1,True,True,0,0,0,0,0,True,"--- INIT LOG ---
Initializing provider plugins...
- Finding kreuzwerker/docker versions matching ""~> 2.22.0""...
- Finding latest version of hashicorp/aws...
- Installing kreuzwerker/docker v2.22.0...
- Installed kreuzwerker/docker v2.22.0 (self-signed, key ID BD080C4571C6104C)
- Installing hashicorp/aws v6.56.0...
- Installed hashicorp/aws v6.56.0 (signed by HashiCorp)
Partner and community providers are signed by their developers.
If you'd like to know more about provider signing, you can read about it here:
https://developer.hashicorp.com/terraform/cli/plugins/signing
Terraform has created a

...[LOG TRUNCATED]...

   = (known after apply)
      + name         = ""nginx:1.23.4""
      + output       = (known after apply)
      + repo_digest  = (known after apply)
    }

Plan: 2 to add, 0 to change, 0 to destroy.
docker_image.nginx: Creating...
docker_image.nginx: Creation complete after 1s [id=sha256:f5747a42e3adcb3168049d63278d7251d91185bb5111d2563d58729a5c9179b0nginx:1.23.4]
docker_container.nginx: Creating...
docker_container.nginx: Creation complete after 0s [id=60c8738894a8fa00f39d9103bcc17d6d112de26949d2340596f28d49da829594]

Apply complete! Resources: 2 added, 0 changed, 0 destroyed.

--- ERRORS ---",
terrads_8829f8c9569f,Zenodo/TerraDS,iac_benchmark/scenarios/terrads_8829f8c9569f,490,2913,7,45,3,True,True,0,0,0,0,0,True,"--- INIT LOG ---
Initializing provider plugins...
- Finding latest version of hashicorp/aws...
- Finding latest version of hashicorp/random...
- Installing hashicorp/aws v6.54.0...
- Installed hashicorp/aws v6.54.0 (signed by HashiCorp)
- Installing hashicorp/random v3.9.0...
- Installed hashicorp/random v3.9.0 (signed by HashiCorp)
Terraform has created a lock file .terraform.lock.hcl to record the provider
selections it made above. Include this file in your version control repository
so that Terraform can guarantee to make the same selections by default when
you run ""terraform init"" in the f

...[LOG TRUNCATED]...

          = """"
  + shuffle_id      = """"
  + shuffle_result  = """"
  + string_id       = """"
  + string_result   = """"
  + uuid_id         = """"
  + uuid_result     = """"

You can apply this plan to save these new output values to the Terraform
state, without changing any real infrastructure.

Apply complete! Resources: 0 added, 0 changed, 0 destroyed.

Outputs:

id_b64_std = """"
id_b64_url = """"
id_dec = """"
id_hex = """"
integer_id = """"
integer_result = """"
password_result = """"
pet_id = """"
shuffle_id = """"
shuffle_result = """"
string_id = """"
string_result = """"
uuid_id = """"
uuid_result = """"

--- ERRORS ---",
gh_b9a9599b,Tianyi2/IRIS,iac_benchmark/scenarios/gh_b9a9599b,74,349,2,0,1,True,True,0,0,0,0,0,True,"--- INIT LOG ---
Initializing provider plugins...
- Finding latest version of hashicorp/aws...
- Installing hashicorp/aws v6.55.0...
- Installed hashicorp/aws v6.55.0 (signed by HashiCorp)
Terraform has created a lock file .terraform.lock.hcl to record the provider
selections it made above. Include this file in your version control repository
so that Terraform can guarantee to make the same selections by default when
you run ""terraform init"" in the future.

Terraform has been successfully initialized!

You may now begin working with Terraform. Try running ""terraform plan"" to see
any changes th

...[LOG TRUNCATED]...

er apply)
aws_sns_topic.this: Creating...
aws_sns_topic.this: Creation complete after 0s [id=arn:aws:sns:us-east-1:000000000000:incident-response]
data.aws_iam_policy_document.sns_topic_policy: Reading...
data.aws_iam_policy_document.sns_topic_policy: Read complete after 0s [id=4141148824]
aws_sns_topic_policy.this: Creating...
aws_sns_topic_policy.this: Creation complete after 0s [id=arn:aws:sns:us-east-1:000000000000:incident-response]

Apply complete! Resources: 2 added, 0 changed, 0 destroyed.

Outputs:

sns_topic_arn = ""arn:aws:sns:us-east-1:000000000000:incident-response""

--- ERRORS ---",
terrads_5a206a75e8f1,Zenodo/TerraDS,iac_benchmark/scenarios/terrads_5a206a75e8f1,272,2234,23,0,4,True,True,0,0,0,0,0,True,"--- INIT LOG ---
Initializing provider plugins...
- Finding latest version of hashicorp/aws...
- Installing hashicorp/aws v6.56.0...
- Installed hashicorp/aws v6.56.0 (signed by HashiCorp)
Terraform has created a lock file .terraform.lock.hcl to record the provider
selections it made above. Include this file in your version control repository
so that Terraform can guarantee to make the same selections by default when
you run ""terraform init"" in the future.

Terraform has been successfully initialized!

You may now begin working with Terraform. Try running ""terraform plan"" to see
any changes th

...[LOG TRUNCATED]...

""egress"" = toset([])
  ""id"" = ""sg-83b32df08effc8173""
  ""ingress"" = toset([])
  ""name"" = ""Quasar-PostgreSQL""
  ""name_prefix"" = """"
  ""owner_id"" = ""000000000000""
  ""region"" = ""us-east-1""
  ""revoke_rules_on_delete"" = false
  ""tags"" = tomap({
    ""Application"" = ""dosomething-quasar""
    ""Environment"" = ""production""
    ""Name"" = ""Quasar-RDS""
    ""Stack"" = ""data""
  })
  ""tags_all"" = tomap({
    ""Application"" = ""dosomething-quasar""
    ""Environment"" = ""production""
    ""Name"" = ""Quasar-RDS""
    ""Stack"" = ""data""
  })
  ""timeouts"" = null /* object */
  ""vpc_id"" = ""vpc-c1e6ce2258a610bef""
}

--- ERRORS ---",
terrads_ec610e61db0b,Zenodo/TerraDS,iac_benchmark/scenarios/terrads_ec610e61db0b,768,6101,39,6,5,True,True,0,0,0,0,0,True,"--- INIT LOG ---
Initializing provider plugins...
- Finding latest version of hashicorp/external...
- Finding latest version of hashicorp/aws...
- Finding latest version of hashicorp/tls...
- Finding latest version of hashicorp/local...
- Finding latest version of hashicorp/null...
- Installing hashicorp/external v2.4.0...
- Installed hashicorp/external v2.4.0 (signed by HashiCorp)
- Installing hashicorp/aws v6.55.0...
- Installed hashicorp/aws v6.55.0 (signed by HashiCorp)
- Installing hashicorp/tls v4.3.0...
- Installed hashicorp/tls v4.3.0 (signed by HashiCorp)
- Installing hashicorp/local 

...[LOG TRUNCATED]...

eating...
aws_security_group_rule.IngressNodeToDefaultClusterSG: Creation complete after 0s [id=sgrule-1974784486]

Apply complete! Resources: 36 added, 0 changed, 0 destroyed.

Outputs:

eks_cluster_oicd_url = ""https://localhost.localstack.cloud:4510""
private_subnets = [
  ""subnet-82cdcbefc42b3134a"",
  ""subnet-e57a991e2ce153f4f"",
  ""subnet-540f5b18ae3e5631f"",
]
public_subnets = [
  ""subnet-214251e17a8db0176"",
  ""subnet-9ecd7413641501768"",
  ""subnet-00e510d9e2631976c"",
]
subnet_group_id = ""md-k8s-private-subnet-group""
vpc_cidr = ""192.168.0.0/16""
vpc_id = ""vpc-c305f4ee83d090a78""

--- ERRORS ---",
terrads_aacf53e04510,Zenodo/TerraDS,iac_benchmark/scenarios/terrads_aacf53e04510,411,2585,17,13,5,True,True,0,0,0,0,0,True,"NON-JSON OUTPUT:
","--- INIT LOG ---
Initializing provider plugins...
- Finding latest version of hashicorp/aws...
- Finding latest version of hashicorp/random...
- Installing hashicorp/aws v6.52.0...
- Installed hashicorp/aws v6.52.0 (signed by HashiCorp)
- Installing hashicorp/random v3.9.0...
- Installed hashicorp/random v3.9.0 (signed by HashiCorp)
Terraform has created a lock file .terraform.lock.hcl to record the provider
selections it made above. Include this file in your version control repository
so that Terraform can guarantee to make the same selections by default when
you run ""terraform init"" in the f

...[LOG TRUNCATED]...

ed]
aws_s3_bucket_lifecycle_configuration.state_bucket_lifecycle: Still creating... [00m50s elapsed]
aws_s3_bucket_lifecycle_configuration.state_logging_bucket_lifecycle: Still creating... [00m50s elapsed]
aws_s3_bucket_lifecycle_configuration.state_bucket_lifecycle: Creation complete after 56s [id=suitable-bulldog-tf-backend]
aws_s3_bucket_lifecycle_configuration.state_logging_bucket_lifecycle: Creation complete after 55s [id=suitable-bulldog-tf-backend-logging]

Apply complete! Resources: 17 added, 0 changed, 0 destroyed.

Outputs:

bucket_name = ""suitable-bulldog-tf-backend""

--- ERRORS ---"
terrads_2a8715e9108a,Zenodo/TerraDS,iac_benchmark/scenarios/terrads_2a8715e9108a,252,1389,10,5,4,True,True,0,0,0,0,0,True,"--- INIT LOG ---
Initializing provider plugins...
- Finding latest version of hashicorp/aws...
- Installing hashicorp/aws v6.56.0...
- Installed hashicorp/aws v6.56.0 (signed by HashiCorp)
Terraform has created a lock file .terraform.lock.hcl to record the provider
selections it made above. Include this file in your version control repository
so that Terraform can guarantee to make the same selections by default when
you run ""terraform init"" in the future.

Terraform has been successfully initialized!

You may now begin working with Terraform. Try running ""terraform plan"" to see
any changes th

...[LOG TRUNCATED]...

se the aws_s3_bucket_versioning resource instead.

(and 23 more similar warnings elsewhere)

Warning: Deprecated Resource

  with aws_s3_bucket_object.tfstate_bucket_folder,
  on remotestate.tf line 157, in resource ""aws_s3_bucket_object"" ""tfstate_bucket_folder"":
 157: resource ""aws_s3_bucket_object"" ""tfstate_bucket_folder"" {

use the aws_s3_object resource instead

(and 2 more similar warnings elsewhere)

Apply complete! Resources: 10 added, 0 changed, 0 destroyed.

Outputs:

account_id = ""000000000000""
caller_arn = ""arn:aws:iam::000000000000:root""
caller_user = ""000000000000""

--- ERRORS ---",
terrads_a1e397f30d1e,Zenodo/TerraDS,iac_benchmark/scenarios/terrads_a1e397f30d1e,54,365,4,3,1,True,True,0,0,0,0,0,True,"--- INIT LOG ---
Initializing provider plugins...
- Finding latest version of hashicorp/aws...
- Installing hashicorp/aws v6.55.0...
- Installed hashicorp/aws v6.55.0 (signed by HashiCorp)
Terraform has created a lock file .terraform.lock.hcl to record the provider
selections it made above. Include this file in your version control repository
so that Terraform can guarantee to make the same selections by default when
you run ""terraform init"" in the future.

Terraform has been successfully initialized!

You may now begin working with Terraform. Try running ""terraform plan"" to see
any changes th

...[LOG TRUNCATED]...

hment: Creating...
aws_iam_instance_profile.ec2normal-profile: Creating...
aws_iam_role_policy_attachment.ssm_managed_attachment: Creation complete after 0s [id=EC2-SSH1-role/arn:aws:iam::aws:policy/AmazonSSMManagedInstanceCore]
aws_iam_role_policy_attachment.ec2_ssm_attachment: Creation complete after 0s [id=EC2-SSH1-role/arn:aws:iam::aws:policy/service-role/AmazonEC2RoleforSSM]
aws_iam_instance_profile.ec2normal-profile: Creation complete after 5s [id=EC2SSHprofile]

Apply complete! Resources: 4 added, 0 changed, 0 destroyed.

Outputs:

instance_profile_name = ""EC2SSHprofile""

--- ERRORS ---",
terrads_052fd7c38c6b,Zenodo/TerraDS,iac_benchmark/scenarios/terrads_052fd7c38c6b,62,659,2,2,1,True,True,0,0,0,0,0,True,"--- INIT LOG ---
Initializing provider plugins...
- Finding latest version of kreuzwerker/docker...
- Finding latest version of hashicorp/aws...
- Installing kreuzwerker/docker v4.5.0...
- Installed kreuzwerker/docker v4.5.0 (self-signed, key ID 0DCE698927DAF8EC)
- Installing hashicorp/aws v6.54.0...
- Installed hashicorp/aws v6.54.0 (signed by HashiCorp)
Partner and community providers are signed by their developers.
If you'd like to know more about provider signing, you can read about it here:
https://developer.hashicorp.com/terraform/cli/plugins/signing
Terraform has created a lock file .te

...[LOG TRUNCATED]...

049d63278d7251d91185bb5111d2563d58729a5c9179b0nginx:1.23.4]
docker_container.nginx: Creating...
docker_container.nginx: Creation complete after 0s [id=7e866bb7ad6c0867411811dd6ee05404ea5c2bb3ee493d038d2eea495bd20dc0]

Apply complete! Resources: 2 added, 0 changed, 0 destroyed.

Outputs:

container_network_info = tolist([
  {
    ""gateway"" = ""172.17.0.1""
    ""global_ipv6_address"" = """"
    ""global_ipv6_prefix_length"" = 0
    ""ip_address"" = ""172.17.0.2""
    ""ip_prefix_length"" = 16
    ""ipv6_gateway"" = """"
    ""mac_address"" = ""aa:c4:ca:4c:18:76""
    ""network_name"" = ""bridge""
  },
])

--- ERRORS ---",
terrads_0299a0775215,Zenodo/TerraDS,iac_benchmark/scenarios/terrads_0299a0775215,52,273,2,3,1,True,True,0,0,0,0,0,True,"--- INIT LOG ---
Initializing provider plugins...
- Finding kreuzwerker/docker versions matching ""~> 2.22.0""...
- Finding latest version of hashicorp/aws...
- Installing kreuzwerker/docker v2.22.0...
- Installed kreuzwerker/docker v2.22.0 (self-signed, key ID BD080C4571C6104C)
- Installing hashicorp/aws v6.55.0...
- Installed hashicorp/aws v6.55.0 (signed by HashiCorp)
Partner and community providers are signed by their developers.
If you'd like to know more about provider signing, you can read about it here:
https://developer.hashicorp.com/terraform/cli/plugins/signing
Terraform has created a

...[LOG TRUNCATED]...

   = (known after apply)
      + name         = ""nginx:1.23.4""
      + output       = (known after apply)
      + repo_digest  = (known after apply)
    }

Plan: 2 to add, 0 to change, 0 to destroy.
docker_image.nginx: Creating...
docker_image.nginx: Creation complete after 0s [id=sha256:f5747a42e3adcb3168049d63278d7251d91185bb5111d2563d58729a5c9179b0nginx:1.23.4]
docker_container.nginx: Creating...
docker_container.nginx: Creation complete after 1s [id=e00d4a68e480a8c1d1386378308349ca5f2594ef99c8f0775a2588b23aecef67]

Apply complete! Resources: 2 added, 0 changed, 0 destroyed.

--- ERRORS ---",
terrads_2646bfd706e4,Zenodo/TerraDS,iac_benchmark/scenarios/terrads_2646bfd706e4,50,268,2,3,1,True,True,0,0,0,0,0,True,"--- INIT LOG ---
Initializing provider plugins...
- Finding kreuzwerker/docker versions matching ""~> 2.13.0""...
- Finding latest version of hashicorp/aws...
- Installing kreuzwerker/docker v2.13.0...
- Installed kreuzwerker/docker v2.13.0 (self-signed, key ID 24E54F214569A8A5)
- Installing hashicorp/aws v6.55.0...
- Installed hashicorp/aws v6.55.0 (signed by HashiCorp)
Partner and community providers are signed by their developers.
If you'd like to know more about provider signing, you can read about it here:
https://developer.hashicorp.com/terraform/cli/plugins/signing
Terraform has created a

...[LOG TRUNCATED]...

ete after 0s [id=sha256:b5a9a3cfc86b81dd6f1458d53f2ad2b559cc255653d2efd6cacee5636bf2066fnginx:latest]
docker_container.nginx: Creating...
docker_container.nginx: Creation complete after 1s [id=9e05d3f806022ed23532c546fbc28b8f3268f2c48d2c9a6fa8f145e12e1fbea3]

Warning: Deprecated attribute

  on main.tf line 19, in resource ""docker_container"" ""nginx"":
  19:   image = docker_image.nginx.latest

The attribute ""latest"" is deprecated. Refer to the provider documentation for
details.

(and 3 more similar warnings elsewhere)

Apply complete! Resources: 2 added, 0 changed, 0 destroyed.

--- ERRORS ---",
terrads_8b175cdbe2cf,Zenodo/TerraDS,iac_benchmark/scenarios/terrads_8b175cdbe2cf,273,1840,23,0,4,True,True,0,0,0,0,0,True,"--- INIT LOG ---
Initializing provider plugins...
- Finding hashicorp/aws versions matching ""4.61.0""...
- Installing hashicorp/aws v4.61.0...
- Installed hashicorp/aws v4.61.0 (signed by HashiCorp)
Terraform has created a lock file .terraform.lock.hcl to record the provider
selections it made above. Include this file in your version control repository
so that Terraform can guarantee to make the same selections by default when
you run ""terraform init"" in the future.

Terraform has been successfully initialized!

You may now begin working with Terraform. Try running ""terraform plan"" to see
any changes that are required for your infrastructure. All Terraform commands
should now work.

If you ever set or change modules or backend configuration for Terraform,
rerun this command to reinitialize your working directory. If you forget, other
commands will detect it and remind you to do so if necessary.

--- APPLY LOG ---

No changes. Your infrastructure matches the configuration.

Terraform has compared your real infrastructure against your configuration
and found no differences, so no changes are needed.

Apply complete! Resources: 0 added, 0 changed, 0 destroyed.

--- ERRORS ---",
terrads_651ca158389b,Zenodo/TerraDS,iac_benchmark/scenarios/terrads_651ca158389b,487,4746,18,31,5,True,True,0,0,0,0,0,True,"--- INIT LOG ---
Initializing modules...
Downloading registry.terraform.io/clouddrove/labels/aws 1.3.0 for labels...
- labels in .terraform/modules/labels
Initializing provider plugins...
- Finding hashicorp/aws versions matching "">= 5.1.0""...
- Installing hashicorp/aws v6.53.0...
- Installed hashicorp/aws v6.53.0 (signed by HashiCorp)
Terraform has created a lock file .terraform.lock.hcl to record the provider
selections it made above. Include this file in your version control repository
so that Terraform can guarantee to make the same selections by default when
you run ""terraform init"" in th

...[LOG TRUNCATED]...

drove.com""
      + Repository = ""https://github.com/clouddrove/terraform-aws-security-group""
    }
aws_security_group.default[0]: Creating...
aws_security_group.default[0]: Creation complete after 0s [id=sg-f70bf70f8deb46eb2]

Apply complete! Resources: 1 added, 0 changed, 0 destroyed.

Outputs:

security_group_arn = ""arn:aws:ec2:us-east-1:000000000000:security-group/sg-f70bf70f8deb46eb2""
security_group_id = ""sg-f70bf70f8deb46eb2""
security_group_tags = tomap({
  ""Managedby"" = ""hello@clouddrove.com""
  ""Repository"" = ""https://github.com/clouddrove/terraform-aws-security-group""
})

--- ERRORS ---","NON-JSON OUTPUT:
"
terrads_d313de14a5ce,Zenodo/TerraDS,iac_benchmark/scenarios/terrads_d313de14a5ce,69,394,3,0,1,True,True,0,0,0,0,0,True,"--- INIT LOG ---
Initializing provider plugins...
- Finding kreuzwerker/docker versions matching ""~> 2.22.0""...
- Finding hashicorp/random versions matching ""~> 3.1.0""...
- Finding hashicorp/time versions matching ""~> 0.7.2""...
- Finding latest version of hashicorp/aws...
- Installing kreuzwerker/docker v2.22.0...
- Installed kreuzwerker/docker v2.22.0 (self-signed, key ID BD080C4571C6104C)
- Installing hashicorp/random v3.1.3...
- Installed hashicorp/random v3.1.3 (signed by HashiCorp)
- Installing hashicorp/time v0.7.2...
- Installed hashicorp/time v0.7.2 (signed by HashiCorp)
- Installing h

...[LOG TRUNCATED]...

ginx:1.23.4]
docker_container.nginx[1]: Creating...
docker_container.nginx[0]: Creating...
docker_container.nginx[0]: Creation complete after 0s [id=b0bafb643c82ccebea52c55d13a47846a6cf5813e4a3f8da999122598762b8a5]
docker_container.nginx[1]: Creation complete after 1s [id=064f4814365d8c919bd8e23377515d89ae59fc1ccb39afa20f8f1b2becc3faa5]

Apply complete! Resources: 4 added, 0 changed, 0 destroyed.

Outputs:

nginx_hosts = [
  {
    ""host"" = ""0.0.0.0:8000""
    ""name"" = ""nginx-equipped-silkworm-0""
  },
  {
    ""host"" = ""0.0.0.0:8001""
    ""name"" = ""nginx-equipped-silkworm-1""
  },
]

--- ERRORS ---",
gh_d76e97de,Tianyi2/IRIS,iac_benchmark/scenarios/gh_d76e97de,264,1941,3,20,2,True,True,0,0,0,0,0,True,"--- INIT LOG ---
Initializing provider plugins...
- Finding latest version of hashicorp/aws...
- Installing hashicorp/aws v6.51.0...
- Installed hashicorp/aws v6.51.0 (signed by HashiCorp)
Terraform has created a lock file .terraform.lock.hcl to record the provider
selections it made above. Include this file in your version control repository
so that Terraform can guarantee to make the same selections by default when
you run ""terraform init"" in the future.

Terraform has been successfully initialized!

You may now begin working with Terraform. Try running ""terraform plan"" to see
any changes that are required for your infrastructure. All Terraform commands
should now work.

If you ever set or change modules or backend configuration for Terraform,
rerun this command to reinitialize your working directory. If you forget, other
commands will detect it and remind you to do so if necessary.

--- APPLY LOG ---

Changes to Outputs:
  + athena_database_id    = """"
  + athena_named_query_id = """"
  + athena_workgroup_arn  = """"
  + athena_workgroup_id   = """"

You can apply this plan to save these new output values to the Terraform
state, without changing any real infrastructure.

Apply complete! Resources: 0 added, 0 changed, 0 destroyed.

Outputs:

athena_database_id = """"
athena_named_query_id = """"
athena_workgroup_arn = """"
athena_workgroup_id = """"

--- ERRORS ---",
terrads_b9c4d791e93e,Zenodo/TerraDS,iac_benchmark/scenarios/terrads_b9c4d791e93e,115,661,6,5,2,True,True,0,0,0,0,0,True,"--- INIT LOG ---
Initializing provider plugins...
- Finding latest version of hashicorp/aws...
- Installing hashicorp/aws v6.55.0...
- Installed hashicorp/aws v6.55.0 (signed by HashiCorp)
Terraform has created a lock file .terraform.lock.hcl to record the provider
selections it made above. Include this file in your version control repository
so that Terraform can guarantee to make the same selections by default when
you run ""terraform init"" in the future.

Terraform has been successfully initialized!

You may now begin working with Terraform. Try running ""terraform plan"" to see
any changes th

...[LOG TRUNCATED]...

ito_identity_pool.identity-pool: Creation complete after 0s [id=us-east-1:f4226c41]
aws_iam_role.authenticated: Creating...
aws_iam_role.authenticated: Creation complete after 0s [id=cognito_authenticated]
aws_iam_role_policy.authenticated: Creating...
aws_cognito_identity_pool_roles_attachment.main: Creating...
aws_cognito_identity_pool_roles_attachment.main: Creation complete after 0s [id=us-east-1:f4226c41]
aws_iam_role_policy.authenticated: Creation complete after 0s [id=cognito_authenticated:authenticated_policy]

Apply complete! Resources: 6 added, 0 changed, 0 destroyed.

--- ERRORS ---",
gh_7eb1ca31,Tianyi2/IRIS,iac_benchmark/scenarios/gh_7eb1ca31,87,540,5,2,2,True,True,0,0,0,0,0,True,"NON-JSON OUTPUT:
","--- INIT LOG ---
Initializing provider plugins...
- Finding latest version of hashicorp/aws...
- Installing hashicorp/aws v6.52.0...
- Installed hashicorp/aws v6.52.0 (signed by HashiCorp)
Terraform has created a lock file .terraform.lock.hcl to record the provider
selections it made above. Include this file in your version control repository
so that Terraform can guarantee to make the same selections by default when
you run ""terraform init"" in the future.

Terraform has been successfully initialized!

You may now begin working with Terraform. Try running ""terraform plan"" to see
any changes th

...[LOG TRUNCATED]...

r_side_encryption_configuration.default: Creation complete after 0s [id=tungleo-terraform-state-s3]
aws_s3_bucket_public_access_block.public_access: Creation complete after 0s [id=tungleo-terraform-state-s3]
aws_s3_bucket_versioning.enabled: Creation complete after 2s [id=tungleo-terraform-state-s3]
aws_dynamodb_table.terraform_locks: Creation complete after 7s [id=terraform-up-and-running-locks]

Apply complete! Resources: 5 added, 0 changed, 0 destroyed.

Outputs:

dynamodb_table_name = ""terraform-up-and-running-locks""
s3_bucket_arn = ""arn:aws:s3:::tungleo-terraform-state-s3""

--- ERRORS ---"
gh_8fc3d76a,Tianyi2/IRIS,iac_benchmark/scenarios/gh_8fc3d76a,180,1288,4,1,3,True,True,0,0,0,0,0,True,"--- INIT LOG ---
Initializing modules...
Downloading https://registry.coder.com/modules/dotfiles for dotfiles...
- dotfiles in .terraform/modules/dotfiles
Downloading https://registry.coder.com/modules/vscode-web for vscode-web...
- vscode-web in .terraform/modules/vscode-web
Initializing provider plugins...
- Finding coder/coder versions matching "">= 0.12.0""...
- Finding latest version of kreuzwerker/docker...
- Finding latest version of hashicorp/aws...
- Installing hashicorp/aws v6.52.0...
- Installed hashicorp/aws v6.52.0 (signed by HashiCorp)
- Installing coder/coder v2.18.0...
- Installed coder/coder v2.18.0 (signed by a HashiCorp partner, key ID 93C75807601AA0EC)
- Installing kreuzwerker/docker v4.5.0...
- Installed kreuzwerker/docker v4.5.0 (self-signed, key ID 0DCE698927DAF8EC)
Partner and community providers are signed by their developers.
If you'd like to know more about provider signing, you can read about it here:
https://developer.hashicorp.com/terraform/cli/plugins/signing
Terraform has created a lock file .terraform.lock.hcl to record the provider
selections it made above. Include this file in your version control repository
so that Terraform can guarantee to make the same selections by default when
you run ""terraform init"" in the future.

Terraform has been successfully initialized!

You may now begin working with Terraform. Try running ""terraform plan"" to see
any changes that are required for your infrastructure. All Terraform commands
should now work.

If y

...[LOG TRUNCATED]...

space[0]: Creating...
docker_container.workspace[0]: Still creating... [00m10s elapsed]
docker_container.workspace[0]: Still creating... [00m20s elapsed]
docker_container.workspace[0]: Still creating... [00m30s elapsed]
docker_container.workspace[0]: Still creating... [00m40s elapsed]
docker_container.workspace[0]: Still creating... [00m50s elapsed]
docker_container.workspace[0]: Still creating... [01m00s elapsed]
docker_container.workspace[0]: Still creating... [01m10s elapsed]
docker_container.workspace[0]: Still creating... [01m20s elapsed]
docker_container.workspace[0]: Still creating... [01m30s elapsed]
docker_container.workspace[0]: Still creating... [01m40s elapsed]
docker_container.workspace[0]: Still creating... [01m50s elapsed]
docker_container.workspace[0]: Still creating... [02m00s elapsed]
docker_container.workspace[0]: Still creating... [02m10s elapsed]
docker_container.workspace[0]: Still creating... [02m20s elapsed]
docker_container.workspace[0]: Still creating... [02m30s elapsed]
docker_container.workspace[0]: Still creating... [02m40s elapsed]
docker_container.workspace[0]: Still creating... [02m50s elapsed]
docker_container.workspace[0]: Creation complete after 2m55s [id=79a270344e3f9a651fdcde67dd9021d3a7dfcc293c3cb44bb7d1a8f5274b9cb3]
coder_metadata.workspace_info[0]: Creating...
coder_metadata.workspace_info[0]: Creation complete after 0s [id=d21dfeb9-af6f-4515-a391-0aacbd21c520]

Apply complete! Resources: 7 added, 0 changed, 0 destroyed.

--- ERRORS ---",
terrads_9131cf3a64fd,Zenodo/TerraDS,iac_benchmark/scenarios/terrads_9131cf3a64fd,59,354,2,0,1,True,True,0,0,0,0,0,True,"--- INIT LOG ---
Initializing provider plugins...
- Finding hashicorp/aws versions matching ""~> 5.0""...
- Installing hashicorp/aws v5.100.0...
- Installed hashicorp/aws v5.100.0 (signed by HashiCorp)
Terraform has created a lock file .terraform.lock.hcl to record the provider
selections it made above. Include this file in your version control repository
so that Terraform can guarantee to make the same selections by default when
you run ""terraform init"" in the future.

Terraform has been successfully initialized!

You may now begin working with Terraform. Try running ""terraform plan"" to see
any

...[LOG TRUNCATED]...

    + tags                                 = {
          + ""Name"" = ""North-Virginia-VPC""
        }
      + tags_all                             = {
          + ""Name""      = ""North-Virginia-VPC""
          + ""Region""    = ""N.Virginia""
          + ""Terraform"" = ""yes""
        }
    }

Plan: 2 to add, 0 to change, 0 to destroy.
aws_vpc.nv-vpc: Creating...
aws_vpc.mum-vpc: Creating...
aws_vpc.mum-vpc: Creation complete after 1s [id=vpc-7ad63f7c423ae9f92]
aws_vpc.nv-vpc: Creation complete after 1s [id=vpc-b1dede32e54d1a266]

Apply complete! Resources: 2 added, 0 changed, 0 destroyed.

--- ERRORS ---",
terrads_c6dcc9b29983,Zenodo/TerraDS,iac_benchmark/scenarios/terrads_c6dcc9b29983,924,6666,14,62,5,True,True,0,0,0,0,0,True,"--- INIT LOG ---
Initializing provider plugins...
- Finding latest version of hashicorp/aws...
- Installing hashicorp/aws v6.55.0...
- Installed hashicorp/aws v6.55.0 (signed by HashiCorp)
Terraform has created a lock file .terraform.lock.hcl to record the provider
selections it made above. Include this file in your version control repository
so that Terraform can guarantee to make the same selections by default when
you run ""terraform init"" in the future.

Terraform has been successfully initialized!

You may now begin working with Terraform. Try running ""terraform plan"" to see
any changes th

...[LOG TRUNCATED]...

arn = """"
ses_domain_identity_id = """"
ses_domain_identity_verification_arn = """"
ses_domain_identity_verification_id = """"
ses_domain_identity_verification_token = """"
ses_domain_mail_from_id = """"
ses_email_identity_arn = """"
ses_email_identity_id = """"
ses_event_destination_arn = """"
ses_event_destination_id = """"
ses_identity_notification_topic_id = """"
ses_identity_policy_id = """"
ses_receipt_filter_arn = """"
ses_receipt_filter_id = """"
ses_receipt_rule_arn = """"
ses_receipt_rule_id = """"
ses_receipt_rule_set_arn = """"
ses_receipt_rule_set_id = """"
ses_template_arn = """"
ses_template_id = """"

--- ERRORS ---",
terrads_82f0be7b1d92,Zenodo/TerraDS,iac_benchmark/scenarios/terrads_82f0be7b1d92,177,1186,2,12,2,True,True,0,0,0,0,0,True,"--- INIT LOG ---
Initializing provider plugins...
- Finding hashicorp/aws versions matching "">= 4.0.0""...
- Installing hashicorp/aws v6.53.0...
- Installed hashicorp/aws v6.53.0 (signed by HashiCorp)
Terraform has created a lock file .terraform.lock.hcl to record the provider
selections it made above. Include this file in your version control repository
so that Terraform can guarantee to make the same selections by default when
you run ""terraform init"" in the future.

Terraform has been successfully initialized!

You may now begin working with Terraform. Try running ""terraform plan"" to see
any

...[LOG TRUNCATED]...

hanges to Outputs:
  + iam_role_arn       = (known after apply)
  + iam_role_name      = (known after apply)
  + iam_role_path      = ""/""
  + iam_role_unique_id = (known after apply)
aws_iam_role.this[0]: Creating...
aws_iam_role.this[0]: Creation complete after 0s [id=terraform-2df43455997bde738fb0660397]

Apply complete! Resources: 1 added, 0 changed, 0 destroyed.

Outputs:

iam_role_arn = ""arn:aws:iam::000000000000:role/terraform-2df43455997bde738fb0660397""
iam_role_name = ""terraform-2df43455997bde738fb0660397""
iam_role_path = ""/""
iam_role_unique_id = ""AROAQAAAAAAAH653YISCV""

--- ERRORS ---","NON-JSON OUTPUT:
"
terrads_05600729da5c,Zenodo/TerraDS,iac_benchmark/scenarios/terrads_05600729da5c,56,304,2,3,1,True,True,0,0,0,0,0,True,"--- INIT LOG ---
Initializing provider plugins...
- Finding kreuzwerker/docker versions matching ""~> 2.22.0""...
- Finding latest version of hashicorp/aws...
- Installing kreuzwerker/docker v2.22.0...
- Installed kreuzwerker/docker v2.22.0 (self-signed, key ID BD080C4571C6104C)
- Installing hashicorp/aws v6.55.0...
- Installed hashicorp/aws v6.55.0 (signed by HashiCorp)
Partner and community providers are signed by their developers.
If you'd like to know more about provider signing, you can read about it here:
https://developer.hashicorp.com/terraform/cli/plugins/signing
Terraform has created a

...[LOG TRUNCATED]...

   = (known after apply)
      + repo_digest  = (known after apply)
    }

Plan: 2 to add, 0 to change, 0 to destroy.
docker_image.simpleflaskservice: Creating...
docker_image.simpleflaskservice: Creation complete after 1s [id=sha256:fa60b7753279d601057cf0e4b4de031eebc383594d4c6f1eceab93876c396b58registry.gitlab.com/alta3/simplegoservice]
docker_container.simpleflaskservice: Creating...
docker_container.simpleflaskservice: Creation complete after 0s [id=36d1d487afca50e8a273ee26124718b5092c224cc19ea22e9d7e2ba7bf532d87]

Apply complete! Resources: 2 added, 0 changed, 0 destroyed.

--- ERRORS ---",
terrads_94b21ae38ddd,Zenodo/TerraDS,iac_benchmark/scenarios/terrads_94b21ae38ddd,58,409,8,0,1,True,True,0,0,0,0,0,True,"--- INIT LOG ---
Initializing provider plugins...
- Finding latest version of hashicorp/aws...
- Installing hashicorp/aws v6.54.0...
- Installed hashicorp/aws v6.54.0 (signed by HashiCorp)
Terraform has created a lock file .terraform.lock.hcl to record the provider
selections it made above. Include this file in your version control repository
so that Terraform can guarantee to make the same selections by default when
you run ""terraform init"" in the future.

Terraform has been successfully initialized!

You may now begin working with Terraform. Try running ""terraform plan"" to see
any changes th

...[LOG TRUNCATED]...

on complete after 0s [id=subnet-da2f922252c1cfdd2]
aws_subnet.subnet1: Creation complete after 0s [id=subnet-b411b3be8b87f9e64]
aws_subnet.subnet3: Creation complete after 0s [id=subnet-7197a7bbea9cf17bc]
aws_subnet.subnet102: Creation complete after 0s [id=subnet-f4092c49900babb8a]
aws_subnet.subnet101: Creation complete after 0s [id=subnet-cdaa6ed8ac57e5f80]
aws_subnet.subnet103: Creation complete after 0s [id=subnet-6fdee6caf65c766a4]
aws_security_group.vpc_task: Creation complete after 1s [id=sg-7fdc024f5203f7eca]

Apply complete! Resources: 8 added, 0 changed, 0 destroyed.

--- ERRORS ---",
terrads_312634346852,Zenodo/TerraDS,iac_benchmark/scenarios/terrads_312634346852,55,342,2,3,1,True,True,0,0,0,0,0,True,"--- INIT LOG ---
Initializing provider plugins...
- Finding latest version of hashicorp/aws...
- Finding kreuzwerker/docker versions matching ""~> 2.22.0""...
- Installing hashicorp/aws v6.55.0...
- Installed hashicorp/aws v6.55.0 (signed by HashiCorp)
- Installing kreuzwerker/docker v2.22.0...
- Installed kreuzwerker/docker v2.22.0 (self-signed, key ID BD080C4571C6104C)
Partner and community providers are signed by their developers.
If you'd like to know more about provider signing, you can read about it here:
https://developer.hashicorp.com/terraform/cli/plugins/signing
Terraform has created a

...[LOG TRUNCATED]...

+ output       = (known after apply)
      + repo_digest  = (known after apply)
    }

Plan: 2 to add, 0 to change, 0 to destroy.
docker_image.simplegoservice: Creating...
docker_image.simplegoservice: Creation complete after 0s [id=sha256:fa60b7753279d601057cf0e4b4de031eebc383594d4c6f1eceab93876c396b58registry.gitlab.com/alta3/simplegoservice]
docker_container.simplegoservice: Creating...
docker_container.simplegoservice: Creation complete after 0s [id=a52e84eb8d9f104323f18b05a18b61caee6c3c639e9ec54acb4b134d87f10e76]

Apply complete! Resources: 2 added, 0 changed, 0 destroyed.

--- ERRORS ---",
terrads_7b39dda6d5f9,Zenodo/TerraDS,iac_benchmark/scenarios/terrads_7b39dda6d5f9,694,5003,11,35,4,True,True,0,0,0,0,0,True,"--- INIT LOG ---
Initializing provider plugins...
- Finding hashicorp/aws versions matching "">= 4.47.0""...
- Installing hashicorp/aws v6.53.0...
- Installed hashicorp/aws v6.53.0 (signed by HashiCorp)
Terraform has created a lock file .terraform.lock.hcl to record the provider
selections it made above. Include this file in your version control repository
so that Terraform can guarantee to make the same selections by default when
you run ""terraform init"" in the future.

Terraform has been successfully initialized!

You may now begin working with Terraform. Try running ""terraform plan"" to see
an

...[LOG TRUNCATED]...

instance_profile_unique = ""AIPAQAAAAAAAEADIBS6GF""
irsa_arn = ""arn:aws:iam::000000000000:role/KarpenterIRSA--a605fc8a66758a7a3a0186193b""
irsa_name = ""KarpenterIRSA--a605fc8a66758a7a3a0186193b""
irsa_unique_id = ""AROAQAAAAAAACLWLUAF4L""
queue_arn = ""arn:aws:sqs:us-east-1:000000000000:Karpenter-""
queue_name = ""Karpenter-""
queue_url = ""http://sqs.us-east-1.localhost.localstack.cloud:4566/000000000000/Karpenter-""
role_arn = ""arn:aws:iam::000000000000:role/Karpenter--331969638a3fc016a3fbb2303c""
role_name = ""Karpenter--331969638a3fc016a3fbb2303c""
role_unique_id = ""AROAQAAAAAAAF6TLRV3BE""

--- ERRORS ---","NON-JSON OUTPUT:
"
terrads_481495886a47,Zenodo/TerraDS,iac_benchmark/scenarios/terrads_481495886a47,396,2873,15,10,4,True,True,0,0,0,0,0,True,"--- INIT LOG ---
Initializing provider plugins...
- Finding hashicorp/aws versions matching ""~> 5.0""...
- Installing hashicorp/aws v5.100.0...
- Installed hashicorp/aws v5.100.0 (signed by HashiCorp)
Terraform has created a lock file .terraform.lock.hcl to record the provider
selections it made above. Include this file in your version control repository
so that Terraform can guarantee to make the same selections by default when
you run ""terraform init"" in the future.

Terraform has been successfully initialized!

You may now begin working with Terraform. Try running ""terraform plan"" to see
any

...[LOG TRUNCATED]...

-f50626bea9f7e6f5c""
  ""public"" = ""eni-d19c026b2801b81a6""
}
fgt_ni_ips = {
  ""private"" = ""172.30.0.138""
  ""public"" = ""172.30.0.10""
}
nsg_ids = {
  ""allow_all"" = ""sg-18d6a9d27013fc402""
  ""bastion"" = ""sg-f14264aefd8c99057""
  ""private"" = ""sg-70df86876d885c4d8""
  ""public"" = ""sg-3e2b59deda5119637""
}
subnet_az1_cidrs = {
  ""bastion"" = ""172.30.1.0/25""
  ""private"" = ""172.30.0.128/25""
  ""public"" = ""172.30.0.0/25""
}
subnet_az1_ids = {
  ""bastion"" = ""subnet-365b90007c42b34ed""
  ""private"" = ""subnet-b6b74b062314cb12e""
  ""public"" = ""subnet-69bb759242b3679bf""
}
vpc_id = ""vpc-789db8f68ea63fafb""

--- ERRORS ---",
terrads_c6fa801d3646,Zenodo/TerraDS,iac_benchmark/scenarios/terrads_c6fa801d3646,368,2414,6,26,3,True,True,0,0,0,0,0,True,"--- INIT LOG ---
Initializing provider plugins...
- Finding hashicorp/aws versions matching "">= 4.0.0""...
- Installing hashicorp/aws v6.53.0...
- Installed hashicorp/aws v6.53.0 (signed by HashiCorp)
Terraform has created a lock file .terraform.lock.hcl to record the provider
selections it made above. Include this file in your version control repository
so that Terraform can guarantee to make the same selections by default when
you run ""terraform init"" in the future.

Terraform has been successfully initialized!

You may now begin working with Terraform. Try running ""terraform plan"" to see
any

...[LOG TRUNCATED]...

e Terraform
state, without changing any real infrastructure.

Apply complete! Resources: 0 added, 0 changed, 0 destroyed.

Outputs:

admin_iam_role_arn = """"
admin_iam_role_name = """"
admin_iam_role_path = """"
admin_iam_role_requires_mfa = true
admin_iam_role_unique_id = """"
poweruser_iam_role_arn = """"
poweruser_iam_role_name = """"
poweruser_iam_role_path = """"
poweruser_iam_role_requires_mfa = true
poweruser_iam_role_unique_id = """"
readonly_iam_role_arn = """"
readonly_iam_role_name = """"
readonly_iam_role_path = """"
readonly_iam_role_requires_mfa = true
readonly_iam_role_unique_id = """"

--- ERRORS ---","NON-JSON OUTPUT:
"
terrads_bd569c9de42b,Zenodo/TerraDS,iac_benchmark/scenarios/terrads_bd569c9de42b,376,2316,10,10,4,True,True,0,0,0,0,0,True,"--- INIT LOG ---
Initializing provider plugins...
- Finding latest version of hashicorp/aws...
- Installing hashicorp/aws v6.55.0...
- Installed hashicorp/aws v6.55.0 (signed by HashiCorp)
Terraform has created a lock file .terraform.lock.hcl to record the provider
selections it made above. Include this file in your version control repository
so that Terraform can guarantee to make the same selections by default when
you run ""terraform init"" in the future.

Terraform has been successfully initialized!

You may now begin working with Terraform. Try running ""terraform plan"" to see
any changes th

...[LOG TRUNCATED]...

_group_policy_attachment.developpers_access: Creating...
aws_iam_group_policy_attachment.prod_users_access: Creation complete after 0s [id=prod_users-20260720190407486300000001]
aws_iam_group_policy_attachment.administrators_admin_access: Creation complete after 0s [id=administrators-20260720190407488000000002]
aws_iam_group_policy_attachment.developpers_access: Creation complete after 1s [id=developpers-20260720190407489800000003]

Apply complete! Resources: 10 added, 0 changed, 0 destroyed.

Outputs:

all_groups_names = [
  ""administrators"",
  ""developpers"",
  ""prod_users"",
]

--- ERRORS ---",
gh_a720033b,Tianyi2/IRIS,iac_benchmark/scenarios/gh_a720033b,40,262,3,0,1,True,True,0,0,0,0,0,True,"--- INIT LOG ---
Initializing provider plugins...
- Finding latest version of hashicorp/aws...
- Installing hashicorp/aws v6.56.0...
- Installed hashicorp/aws v6.56.0 (signed by HashiCorp)
Terraform has created a lock file .terraform.lock.hcl to record the provider
selections it made above. Include this file in your version control repository
so that Terraform can guarantee to make the same selections by default when
you run ""terraform init"" in the future.

Terraform has been successfully initialized!

You may now begin working with Terraform. Try running ""terraform plan"" to see
any changes th

...[LOG TRUNCATED]...

= (known after apply)

      + inline_policy (known after apply)
    }

Plan: 3 to add, 0 to change, 0 to destroy.
aws_iam_role.group_role: Creating...
aws_cognito_user_pool.main: Creating...
aws_iam_role.group_role: Creation complete after 0s [id=user-group-role]
aws_cognito_user_pool.main: Creation complete after 0s [id=us-east-1_06ea701fc9294f03b814dfd34a8c5cf6]
aws_cognito_user_group.main: Creating...
aws_cognito_user_group.main: Creation complete after 0s [id=us-east-1_06ea701fc9294f03b814dfd34a8c5cf6/user-group]

Apply complete! Resources: 3 added, 0 changed, 0 destroyed.

--- ERRORS ---",
terrads_faf0609d5e19,Zenodo/TerraDS,iac_benchmark/scenarios/terrads_faf0609d5e19,55,314,2,3,1,True,True,0,0,0,0,0,True,"--- INIT LOG ---
Initializing provider plugins...
- Finding kreuzwerker/docker versions matching ""~> 2.22.0""...
- Finding latest version of hashicorp/aws...
- Installing kreuzwerker/docker v2.22.0...
- Installed kreuzwerker/docker v2.22.0 (self-signed, key ID BD080C4571C6104C)
- Installing hashicorp/aws v6.55.0...
- Installed hashicorp/aws v6.55.0 (signed by HashiCorp)
Partner and community providers are signed by their developers.
If you'd like to know more about provider signing, you can read about it here:
https://developer.hashicorp.com/terraform/cli/plugins/signing
Terraform has created a

...[LOG TRUNCATED]...

   = (known after apply)
      + name         = ""nginx:1.23.4""
      + output       = (known after apply)
      + repo_digest  = (known after apply)
    }

Plan: 2 to add, 0 to change, 0 to destroy.
docker_image.nginx: Creating...
docker_image.nginx: Creation complete after 1s [id=sha256:f5747a42e3adcb3168049d63278d7251d91185bb5111d2563d58729a5c9179b0nginx:1.23.4]
docker_container.nginx: Creating...
docker_container.nginx: Creation complete after 0s [id=ea26d3e108bd17ee8007e146ceb33acfa102dde93b188a2badf67c49e69b72bd]

Apply complete! Resources: 2 added, 0 changed, 0 destroyed.

--- ERRORS ---",
terrads_55c98d3445c8,Zenodo/TerraDS,iac_benchmark/scenarios/terrads_55c98d3445c8,32,228,4,0,1,True,True,0,0,0,0,0,True,"--- INIT LOG ---
Initializing provider plugins...
- Finding latest version of hashicorp/aws...
- Installing hashicorp/aws v6.55.0...
- Installed hashicorp/aws v6.55.0 (signed by HashiCorp)
Terraform has created a lock file .terraform.lock.hcl to record the provider
selections it made above. Include this file in your version control repository
so that Terraform can guarantee to make the same selections by default when
you run ""terraform init"" in the future.

Terraform has been successfully initialized!

You may now begin working with Terraform. Try running ""terraform plan"" to see
any changes th

...[LOG TRUNCATED]...

dd, 0 to change, 0 to destroy.
aws_vpc.my_vpc: Creating...
aws_vpc.my_vpc: Creation complete after 0s [id=vpc-127441807d531c2cb]
aws_security_group.my_security_group: Creating...
aws_security_group.my_security_group: Creation complete after 0s [id=sg-6e75386602a2493cb]
aws_security_group_rule.tls_in: Creating...
aws_security_group_rule.http_in: Creating...
aws_security_group_rule.http_in: Creation complete after 0s [id=sgrule-1751150706]
aws_security_group_rule.tls_in: Creation complete after 0s [id=sgrule-3945750746]

Apply complete! Resources: 4 added, 0 changed, 0 destroyed.

--- ERRORS ---",
terrads_3387313129cf,Zenodo/TerraDS,iac_benchmark/scenarios/terrads_3387313129cf,78,410,3,2,1,True,True,0,0,0,0,0,True,"--- INIT LOG ---
Initializing provider plugins...
- Finding latest version of hashicorp/aws...
- Installing hashicorp/aws v6.54.0...
- Installed hashicorp/aws v6.54.0 (signed by HashiCorp)
Terraform has created a lock file .terraform.lock.hcl to record the provider
selections it made above. Include this file in your version control repository
so that Terraform can guarantee to make the same selections by default when
you run ""terraform init"" in the future.

Terraform has been successfully initialized!

You may now begin working with Terraform. Try running ""terraform plan"" to see
any changes th

...[LOG TRUNCATED]...

ovider documentation for
details.

(and 2 more similar warnings elsewhere)

Warning: Argument is deprecated

  with aws_s3_bucket.this,
  on main.tf line 13, in resource ""aws_s3_bucket"" ""this"":
  13: resource ""aws_s3_bucket"" ""this"" {

server_side_encryption_configuration is deprecated. Use the
aws_s3_bucket_server_side_encryption_configuration resource instead.

(and 5 more similar warnings elsewhere)

Apply complete! Resources: 3 added, 0 changed, 0 destroyed.

Outputs:

dynamodb_state_lock_table_name = ""tf-serverless-jenkins-lock""
s3_state_bucket_name = ""jenkins-fargate-demo""

--- ERRORS ---",
terrads_726ca27fa34a,Zenodo/TerraDS,iac_benchmark/scenarios/terrads_726ca27fa34a,442,2921,5,25,3,True,True,0,0,0,0,0,True,"--- INIT LOG ---
Initializing provider plugins...
- Finding latest version of hashicorp/aws...
- Finding latest version of hashicorp/random...
- Installing hashicorp/random v3.9.0...
- Installed hashicorp/random v3.9.0 (signed by HashiCorp)
- Installing hashicorp/aws v6.54.0...
- Installed hashicorp/aws v6.54.0 (signed by HashiCorp)
Terraform has created a lock file .terraform.lock.hcl to record the provider
selections it made above. Include this file in your version control repository
so that Terraform can guarantee to make the same selections by default when
you run ""terraform init"" in the f

...[LOG TRUNCATED]...

n resource ""aws_s3_bucket"" ""bucket"":
  11: resource ""aws_s3_bucket"" ""bucket"" {

server_side_encryption_configuration is deprecated. Use the
aws_s3_bucket_server_side_encryption_configuration resource instead.

(and 3 more similar warnings elsewhere)

Apply complete! Resources: 2 added, 0 changed, 0 destroyed.

Outputs:

arn = ""arn:aws:s3:::corebucket-3903983197""
bucket_domain_name = ""corebucket-3903983197.s3.amazonaws.com""
hosted_zone_id = ""Z3AQBSTGFYJSTF""
id = ""corebucket-3903983197""
region = ""us-east-1""
regional_domain_name = ""corebucket-3903983197.s3.us-east-1.amazonaws.com""

--- ERRORS ---",
terrads_54aa27d47fd9,Zenodo/TerraDS,iac_benchmark/scenarios/terrads_54aa27d47fd9,432,3237,4,25,3,True,True,0,0,0,0,0,True,"--- INIT LOG ---
Initializing provider plugins...
- Finding hashicorp/aws versions matching "">= 4.62.0""...
- Installing hashicorp/aws v6.53.0...
- Installed hashicorp/aws v6.53.0 (signed by HashiCorp)
Terraform has created a lock file .terraform.lock.hcl to record the provider
selections it made above. Include this file in your version control repository
so that Terraform can guarantee to make the same selections by default when
you run ""terraform init"" in the future.

Terraform has been successfully initialized!

You may now begin working with Terraform. Try running ""terraform plan"" to see
an

...[LOG TRUNCATED]...

m_policy_document.this[0]: Read complete after 0s [id=1185348848]
aws_sns_topic_policy.this[0]: Creating...
aws_sns_topic_policy.this[0]: Creation complete after 0s [id=arn:aws:sns:us-east-1:000000000000:terraform-2b70081ab400780f0ba77617dd]

Apply complete! Resources: 2 added, 0 changed, 0 destroyed.

Outputs:

subscriptions = {}
topic_arn = ""arn:aws:sns:us-east-1:000000000000:terraform-2b70081ab400780f0ba77617dd""
topic_id = ""arn:aws:sns:us-east-1:000000000000:terraform-2b70081ab400780f0ba77617dd""
topic_name = ""terraform-2b70081ab400780f0ba77617dd""
topic_owner = ""000000000000""

--- ERRORS ---","NON-JSON OUTPUT:
"
terrads_88f699ba24eb,Zenodo/TerraDS,iac_benchmark/scenarios/terrads_88f699ba24eb,244,1590,10,5,3,True,True,0,0,0,0,0,True,"--- INIT LOG ---
Initializing provider plugins...
- Finding latest version of hashicorp/random...
- Finding latest version of hashicorp/aws...
- Installing hashicorp/random v3.9.0...
- Installed hashicorp/random v3.9.0 (signed by HashiCorp)
- Installing hashicorp/aws v6.55.0...
- Installed hashicorp/aws v6.55.0 (signed by HashiCorp)
Terraform has created a lock file .terraform.lock.hcl to record the provider
selections it made above. Include this file in your version control repository
so that Terraform can guarantee to make the same selections by default when
you run ""terraform init"" in the f

...[LOG TRUNCATED]...

in resource ""random_string"" ""random"":
   6:     number  = true

**NOTE**: This is deprecated, use `numeric` instead.

(and 2 more similar warnings elsewhere)

Warning: Argument is deprecated

  with aws_s3_bucket.cloudtrail_bucket,
  on s3.tf line 9, in resource ""aws_s3_bucket"" ""cloudtrail_bucket"":
   9: resource ""aws_s3_bucket"" ""cloudtrail_bucket"" {

server_side_encryption_configuration is deprecated. Use the
aws_s3_bucket_server_side_encryption_configuration resource instead.

(and 2 more similar warnings elsewhere)

Apply complete! Resources: 8 added, 0 changed, 0 destroyed.

--- ERRORS ---",
gh_c61ca225,Tianyi2/IRIS,iac_benchmark/scenarios/gh_c61ca225,53,245,2,0,1,True,True,0,0,0,0,0,True,"--- INIT LOG ---
Initializing provider plugins...
- Finding latest version of hashicorp/aws...
- Installing hashicorp/aws v6.52.0...
- Installed hashicorp/aws v6.52.0 (signed by HashiCorp)
Terraform has created a lock file .terraform.lock.hcl to record the provider
selections it made above. Include this file in your version control repository
so that Terraform can guarantee to make the same selections by default when
you run ""terraform init"" in the future.

Terraform has been successfully initialized!

You may now begin working with Terraform. Try running ""terraform plan"" to see
any changes that are required for your infrastructure. All Terraform commands
should now work.

If you ever set or change modules or backend configuration for Terraform,
rerun this command to reinitialize your working directory. If you forget, other
commands will detect it and remind you to do so if necessary.

--- APPLY LOG ---

Terraform used the selected providers to generate the following execution
plan. Resource actions are indicated with the following symbols:
  + create

Terraform will perform the following actions:

  # aws_ecs_task_definition.service01 will be created
  + resource ""aws_ecs_task_definition"" ""service01"" {
      + arn                    = (known after apply)
      + arn_without_revision   = (known after apply)
      + container_definitions  = jsonencode(
            [
              + {
                  + cpu          = 10
                  + essential    = true
                

...[LOG TRUNCATED]...

itions  = jsonencode(
            [
              + {
                  + cpu          = 10
                  + essential    = true
                  + image        = ""service""
                  + memory       = 512
                  + name         = ""first""
                  + portMappings = [
                      + {
                          + containerPort = 80
                          + hostPort      = 80
                        },
                    ]
                },
            ]
        )
      + enable_fault_injection = (known after apply)
      + family                 = ""service""
      + id                     = (known after apply)
      + network_mode           = (known after apply)
      + region                 = ""us-east-1""
      + revision               = (known after apply)
      + skip_destroy           = false
      + tags_all               = (known after apply)
      + track_latest           = false

      + volume {
          + configure_at_launch = (known after apply)
          + host_path           = ""/ecs/service-storage""
          + name                = ""service-storage""
        }
    }

Plan: 2 to add, 0 to change, 0 to destroy.
aws_ecs_task_definition.service02: Creating...
aws_ecs_task_definition.service01: Creating...
aws_ecs_task_definition.service01: Creation complete after 0s [id=service]
aws_ecs_task_definition.service02: Creation complete after 0s [id=service]

Apply complete! Resources: 2 added, 0 changed, 0 destroyed.

--- ERRORS ---",
terrads_9c1fd747cbb2,Zenodo/TerraDS,iac_benchmark/scenarios/terrads_9c1fd747cbb2,52,278,2,3,1,True,True,0,0,0,0,0,True,"--- INIT LOG ---
Initializing provider plugins...
- Finding kreuzwerker/docker versions matching ""~> 2.22.0""...
- Finding latest version of hashicorp/aws...
- Installing hashicorp/aws v6.55.0...
- Installed hashicorp/aws v6.55.0 (signed by HashiCorp)
- Installing kreuzwerker/docker v2.22.0...
- Installed kreuzwerker/docker v2.22.0 (self-signed, key ID BD080C4571C6104C)
Partner and community providers are signed by their developers.
If you'd like to know more about provider signing, you can read about it here:
https://developer.hashicorp.com/terraform/cli/plugins/signing
Terraform has created a

...[LOG TRUNCATED]...

   = (known after apply)
      + name         = ""nginx:1.23.4""
      + output       = (known after apply)
      + repo_digest  = (known after apply)
    }

Plan: 2 to add, 0 to change, 0 to destroy.
docker_image.nginx: Creating...
docker_image.nginx: Creation complete after 0s [id=sha256:f5747a42e3adcb3168049d63278d7251d91185bb5111d2563d58729a5c9179b0nginx:1.23.4]
docker_container.nginx: Creating...
docker_container.nginx: Creation complete after 1s [id=fb0a96d1c0369599fa3133712c9f55c2f612edd56a0f3022413d0de4b1e41a27]

Apply complete! Resources: 2 added, 0 changed, 0 destroyed.

--- ERRORS ---",
terrads_81068015d1d2,Zenodo/TerraDS,iac_benchmark/scenarios/terrads_81068015d1d2,34,163,2,3,1,True,True,0,0,0,0,0,True,"--- INIT LOG ---
Initializing provider plugins...
- Finding latest version of hashicorp/aws...
- Installing hashicorp/aws v6.55.0...
- Installed hashicorp/aws v6.55.0 (signed by HashiCorp)
Terraform has created a lock file .terraform.lock.hcl to record the provider
selections it made above. Include this file in your version control repository
so that Terraform can guarantee to make the same selections by default when
you run ""terraform init"" in the future.

Terraform has been successfully initialized!

You may now begin working with Terraform. Try running ""terraform plan"" to see
any changes th

...[LOG TRUNCATED]...

                      = (known after apply)
      + region                               = ""us-east-1""
      + tags_all                             = (known after apply)
    }

Plan: 2 to add, 0 to change, 0 to destroy.

Changes to Outputs:
  + subnet_id = (known after apply)
aws_vpc.this: Creating...
aws_vpc.this: Creation complete after 1s [id=vpc-7471e4a4d5923a604]
aws_subnet.this: Creating...
aws_subnet.this: Creation complete after 0s [id=subnet-0414e8f80709e01d1]

Apply complete! Resources: 2 added, 0 changed, 0 destroyed.

Outputs:

subnet_id = ""subnet-0414e8f80709e01d1""

--- ERRORS ---",
gh_6d9ef6dc,Tianyi2/IRIS,iac_benchmark/scenarios/gh_6d9ef6dc,170,1125,4,1,3,True,True,0,0,0,0,0,True,"--- INIT LOG ---
Initializing modules...
Downloading registry.coder.com/modules/coder-login/coder 1.1.1 for coder-login...
- coder-login in .terraform/modules/coder-login
Downloading registry.coder.com/modules/dotfiles/coder 1.4.2 for dotfiles...
- dotfiles in .terraform/modules/dotfiles
Downloading registry.coder.com/modules/kasmvnc/coder 1.3.0 for kasmvnc...
- kasmvnc in .terraform/modules/kasmvnc
Downloading registry.coder.com/modules/vscode-web/coder 1.5.1 for vscode-web...
- vscode-web in .terraform/modules/vscode-web
Initializing provider plugins...
- Finding latest version of hashicorp/aws...
- Finding coder/coder versions matching "">= 0.23.0, >= 2.5.0""...
- Finding latest version of kreuzwerker/docker...
- Installing hashicorp/aws v6.52.0...
- Installed hashicorp/aws v6.52.0 (signed by HashiCorp)
- Installing coder/coder v2.18.0...
- Installed coder/coder v2.18.0 (signed by a HashiCorp partner, key ID 93C75807601AA0EC)
- Installing kreuzwerker/docker v4.5.0...
- Installed kreuzwerker/docker v4.5.0 (self-signed, key ID 0DCE698927DAF8EC)
Partner and community providers are signed by their developers.
If you'd like to know more about provider signing, you can read about it here:
https://developer.hashicorp.com/terraform/cli/plugins/signing
Terraform has created a lock file .terraform.lock.hcl to record the provider
selections it made above. Include this file in your version control repository
so that Terraform can guarantee to make the same selections by default when
you

...[LOG TRUNCATED]...

oder_script.vscode-web: Creating...
module.coder-login[0].coder_env.coder_url: Creation complete after 0s [id=f8b34f0e-17b3-4843-9c28-220fd50c5de1]
module.kasmvnc[0].coder_script.kasm_vnc: Creating...
module.dotfiles[0].coder_script.dotfiles: Creation complete after 0s [id=6b77341c-e45b-4e80-a467-a7e51ff1dd2c]
module.kasmvnc[0].coder_app.kasm_vnc: Creation complete after 0s [id=3af558be-502e-4d0a-ac3f-5a310fb42bc0]
module.vscode-web[0].coder_app.vscode-web: Creation complete after 0s [id=39bcb73d-1c8f-4dad-afb4-0d675a4e42ce]
module.vscode-web[0].coder_script.vscode-web: Creation complete after 0s [id=455572cf-6765-4786-ab64-418f86142170]
module.kasmvnc[0].coder_script.kasm_vnc: Creation complete after 0s [id=4d04fe16-f0e6-4925-a1fd-46d3aae67800]
docker_volume.coder_volume: Creation complete after 0s [id=coder-default-default]
docker_container.workspace[0]: Creating...
docker_container.workspace[0]: Still creating... [00m10s elapsed]
docker_container.workspace[0]: Still creating... [00m20s elapsed]
docker_container.workspace[0]: Still creating... [00m30s elapsed]
docker_container.workspace[0]: Still creating... [00m40s elapsed]
docker_container.workspace[0]: Creation complete after 44s [id=487b0e0e82f4f42449d45c14c8e9e2ada8f3cb6bc0882e0bc974a0f220654e8f]
coder_metadata.workspace_info[0]: Creating...
coder_metadata.workspace_info[0]: Creation complete after 0s [id=cba37ad6-9c91-492e-aa37-d40dca1a5406]

Apply complete! Resources: 11 added, 0 changed, 0 destroyed.

--- ERRORS ---",
terrads_f455759ec10b,Zenodo/TerraDS,iac_benchmark/scenarios/terrads_f455759ec10b,42,231,2,0,1,True,True,0,0,0,0,0,True,"--- INIT LOG ---
Initializing provider plugins...
- Finding latest version of hashicorp/aws...
- Installing hashicorp/aws v6.55.0...
- Installed hashicorp/aws v6.55.0 (signed by HashiCorp)
Terraform has created a lock file .terraform.lock.hcl to record the provider
selections it made above. Include this file in your version control repository
so that Terraform can guarantee to make the same selections by default when
you run ""terraform init"" in the future.

Terraform has been successfully initialized!

You may now begin working with Terraform. Try running ""terraform plan"" to see
any changes th

...[LOG TRUNCATED]...

             + Version   = ""2012-10-17""
            }
        )
      + region                             = ""us-east-1""
      + rotation_period_in_days            = (known after apply)
      + tags_all                           = (known after apply)
    }

Plan: 2 to add, 0 to change, 0 to destroy.
aws_kms_key.foo_kms: Creating...
aws_kms_key.foo_kms: Creation complete after 5s [id=eaa91683-8fb3-433d-9639-8659eff65ba1]
aws_kms_alias.foo_kms: Creating...
aws_kms_alias.foo_kms: Creation complete after 0s [id=alias/bar]

Apply complete! Resources: 2 added, 0 changed, 0 destroyed.

--- ERRORS ---",
terrads_ebde94342eb5,Zenodo/TerraDS,iac_benchmark/scenarios/terrads_ebde94342eb5,94,643,4,4,2,True,True,0,0,0,0,0,True,"--- INIT LOG ---
Initializing provider plugins...
- Finding latest version of hashicorp/aws...
- Installing hashicorp/aws v6.53.0...
- Installed hashicorp/aws v6.53.0 (signed by HashiCorp)
Terraform has created a lock file .terraform.lock.hcl to record the provider
selections it made above. Include this file in your version control repository
so that Terraform can guarantee to make the same selections by default when
you run ""terraform init"" in the future.

Terraform has been successfully initialized!

You may now begin working with Terraform. Try running ""terraform plan"" to see
any changes th

...[LOG TRUNCATED]...

olicy/-assume-role-packer-files-s3-read]
aws_iam_role.packer-build: Creation complete after 0s [id=-packer-build]
aws_iam_role_policy_attachment.packer-build: Creating...
aws_iam_instance_profile.packer-build: Creating...
aws_iam_role_policy_attachment.packer-build: Creation complete after 0s [id=-packer-build/arn:aws:iam::000000000000:policy/-assume-role-packer-files-s3-read]
aws_iam_instance_profile.packer-build: Creation complete after 5s [id=packer-builder]

Apply complete! Resources: 4 added, 0 changed, 0 destroyed.

Outputs:

packer-builder-profile-name = ""packer-builder""

--- ERRORS ---",
terrads_0ee2a2760917,Zenodo/TerraDS,iac_benchmark/scenarios/terrads_0ee2a2760917,615,5072,5,28,3,True,True,0,0,0,0,0,True,"--- INIT LOG ---
Initializing modules...
Downloading registry.terraform.io/cloudposse/label/null 0.25.0 for this...
- this in .terraform/modules/this
Initializing provider plugins...
- Finding hashicorp/aws versions matching ""~> 5.60""...
- Installing hashicorp/aws v5.100.0...
- Installed hashicorp/aws v5.100.0 (signed by HashiCorp)
Terraform has created a lock file .terraform.lock.hcl to record the provider
selections it made above. Include this file in your version control repository
so that Terraform can guarantee to make the same selections by default when
you run ""terraform init"" in the fu

...[LOG TRUNCATED]...

get, other
commands will detect it and remind you to do so if necessary.

--- APPLY LOG ---
data.aws_caller_identity.current: Reading...
data.aws_caller_identity.current: Read complete after 0s [id=000000000000]

Changes to Outputs:
  + route53_record_fqdn = {}
  + route53_record_name = {}
  + vpc_id              = []

You can apply this plan to save these new output values to the Terraform
state, without changing any real infrastructure.

Apply complete! Resources: 0 added, 0 changed, 0 destroyed.

Outputs:

route53_record_fqdn = {}
route53_record_name = {}
vpc_id = tolist([])

--- ERRORS ---","NON-JSON OUTPUT:
"
terrads_dc2f8b198974,Zenodo/TerraDS,iac_benchmark/scenarios/terrads_dc2f8b198974,258,1906,3,20,2,True,True,0,0,0,0,0,True,"--- INIT LOG ---
Initializing provider plugins...
- Finding latest version of hashicorp/aws...
- Installing hashicorp/aws v6.54.0...
- Installed hashicorp/aws v6.54.0 (signed by HashiCorp)
Terraform has created a lock file .terraform.lock.hcl to record the provider
selections it made above. Include this file in your version control repository
so that Terraform can guarantee to make the same selections by default when
you run ""terraform init"" in the future.

Terraform has been successfully initialized!

You may now begin working with Terraform. Try running ""terraform plan"" to see
any changes th

...[LOG TRUNCATED]...

 to reinitialize your working directory. If you forget, other
commands will detect it and remind you to do so if necessary.

--- APPLY LOG ---

Changes to Outputs:
  + athena_database_id    = """"
  + athena_named_query_id = """"
  + athena_workgroup_arn  = """"
  + athena_workgroup_id   = """"

You can apply this plan to save these new output values to the Terraform
state, without changing any real infrastructure.

Apply complete! Resources: 0 added, 0 changed, 0 destroyed.

Outputs:

athena_database_id = """"
athena_named_query_id = """"
athena_workgroup_arn = """"
athena_workgroup_id = """"

--- ERRORS ---",
terrads_862e56e7423d,Zenodo/TerraDS,iac_benchmark/scenarios/terrads_862e56e7423d,586,4592,4,31,3,True,True,0,0,0,0,0,True,"--- INIT LOG ---
Initializing provider plugins...
- Finding latest version of hashicorp/aws...
- Installing hashicorp/aws v6.55.0...
- Installed hashicorp/aws v6.55.0 (signed by HashiCorp)
Terraform has created a lock file .terraform.lock.hcl to record the provider
selections it made above. Include this file in your version control repository
so that Terraform can guarantee to make the same selections by default when
you run ""terraform init"" in the future.

Terraform has been successfully initialized!

You may now begin working with Terraform. Try running ""terraform plan"" to see
any changes th

...[LOG TRUNCATED]...

         = """"

You can apply this plan to save these new output values to the Terraform
state, without changing any real infrastructure.

Apply complete! Resources: 0 added, 0 changed, 0 destroyed.

Outputs:

codebuild_project_arn = """"
codebuild_project_badge_url = """"
codebuild_project_id = """"
codebuild_report_group_arn = """"
codebuild_report_group_created = """"
codebuild_report_group_id = """"
codebuild_source_credential_arn = """"
codebuild_source_credential_id = """"
codebuild_webhook_id = """"
codebuild_webhook_payload_url = """"
codebuild_webhook_secret = """"
codebuild_webhook_url = """"

--- ERRORS ---",
terrads_d82f400a2404,Zenodo/TerraDS,iac_benchmark/scenarios/terrads_d82f400a2404,51,240,3,0,1,True,True,0,0,0,0,0,True,"--- INIT LOG ---
Initializing provider plugins...
- Finding hashicorp/aws versions matching "">= 2.0.0""...
- Finding hashicorp/random versions matching ""3.1.0""...
- Installing hashicorp/aws v6.53.0...
- Installed hashicorp/aws v6.53.0 (signed by HashiCorp)
- Installing hashicorp/random v3.1.0...
- Installed hashicorp/random v3.1.0 (signed by HashiCorp)
Terraform has created a lock file .terraform.lock.hcl to record the provider
selections it made above. Include this file in your version control repository
so that Terraform can guarantee to make the same selections by default when
you run ""terra

...[LOG TRUNCATED]...

ply)
      + length    = 5
      + separator = ""-""
    }

Plan: 3 to add, 0 to change, 0 to destroy.
random_pet.petname: Creating...
random_pet.petname: Creation complete after 0s [id=intensely-singularly-remarkably-amused-cheetah]
aws_s3_bucket.sample: Creating...
aws_s3_bucket.sample: Creation complete after 1s [id=intensely-singularly-remarkably-amused-cheetah]
aws_s3_bucket_acl.example: Creating...
aws_s3_bucket_acl.example: Creation complete after 0s [id=intensely-singularly-remarkably-amused-cheetah,public-read]

Apply complete! Resources: 3 added, 0 changed, 0 destroyed.

--- ERRORS ---","NON-JSON OUTPUT:
"
terrads_1ff806c8454b,Zenodo/TerraDS,iac_benchmark/scenarios/terrads_1ff806c8454b,52,273,2,3,1,True,True,0,0,0,0,0,True,"--- INIT LOG ---
Initializing provider plugins...
- Finding kreuzwerker/docker versions matching ""~> 2.22.0""...
- Finding latest version of hashicorp/aws...
- Installing kreuzwerker/docker v2.22.0...
- Installed kreuzwerker/docker v2.22.0 (self-signed, key ID BD080C4571C6104C)
- Installing hashicorp/aws v6.53.0...
- Installed hashicorp/aws v6.53.0 (signed by HashiCorp)
Partner and community providers are signed by their developers.
If you'd like to know more about provider signing, you can read about it here:
https://developer.hashicorp.com/terraform/cli/plugins/signing
Terraform has created a

...[LOG TRUNCATED]...

   = (known after apply)
      + name         = ""nginx:1.23.4""
      + output       = (known after apply)
      + repo_digest  = (known after apply)
    }

Plan: 2 to add, 0 to change, 0 to destroy.
docker_image.nginx: Creating...
docker_image.nginx: Creation complete after 0s [id=sha256:f5747a42e3adcb3168049d63278d7251d91185bb5111d2563d58729a5c9179b0nginx:1.23.4]
docker_container.nginx: Creating...
docker_container.nginx: Creation complete after 1s [id=68706915e7d021a80aa8b3b8290bf4cdde611b89c85adc3c120fe075f484be27]

Apply complete! Resources: 2 added, 0 changed, 0 destroyed.

--- ERRORS ---",
gh_e1731993,Tianyi2/IRIS,iac_benchmark/scenarios/gh_e1731993,318,2176,15,6,4,True,True,0,0,0,0,0,True,"--- INIT LOG ---
Initializing provider plugins...
- Finding latest version of hashicorp/aws...
- Installing hashicorp/aws v6.52.0...
- Installed hashicorp/aws v6.52.0 (signed by HashiCorp)
Terraform has created a lock file .terraform.lock.hcl to record the provider
selections it made above. Include this file in your version control repository
so that Terraform can guarantee to make the same selections by default when
you run ""terraform init"" in the future.

Terraform has been successfully initialized!

You may now begin working with Terraform. Try running ""terraform plan"" to see
any changes that are required for your infrastructure. All Terraform commands
should now work.

If you ever set or change modules or backend configuration for Terraform,
rerun this command to reinitialize your working directory. If you forget, other
commands will detect it and remind you to do so if necessary.

--- APPLY LOG ---
data.aws_region.current: Reading...
data.aws_caller_identity.current: Reading...
data.aws_region.current: Read complete after 0s [id=us-east-1]
data.aws_caller_identity.current: Read complete after 0s [id=000000000000]

Terraform used the selected providers to generate the following execution
plan. Resource actions are indicated with the following symbols:
  + create

Terraform will perform the following actions:

  # aws_backup_plan.daily[0] will be created
  + resource ""aws_backup_plan"" ""daily"" {
      + arn      = (known after apply)
      + id       = (known after apply)
 

...[LOG TRUNCATED]...

t: Creating...
aws_backup_vault.rds_backup_vault: Creation complete after 0s [id=rds-backup-vault]
aws_backup_vault.cross_region_rds_backup_vault: Creation complete after 0s [id=rds-cross-region-backup-vault-us-west-1]
aws_backup_plan.weekly: Creating...
aws_backup_plan.yearly: Creating...
aws_backup_plan.monthly: Creating...
aws_backup_plan.daily[0]: Creating...
aws_backup_plan.weekly: Creation complete after 0s [id=1658aa2a-9423-472b-943e-cefde378bd0b]
aws_backup_plan.daily[0]: Creation complete after 0s [id=eae3c783-53a6-4adf-afd9-e524cea84b43]
aws_backup_plan.yearly: Creation complete after 0s [id=f80849e5-1a5a-4f62-b90a-879267ccddb1]
aws_backup_plan.monthly: Creation complete after 0s [id=f96aeb73-441a-4f86-bf46-e98cac4dc794]
aws_backup_selection.weekly: Creating...
aws_backup_selection.monthly: Creating...
aws_backup_selection.yearly: Creating...
aws_backup_selection.daily[0]: Creating...
aws_backup_selection.weekly: Creation complete after 0s [id=27a31046-4fa6-49d0-b2c7-554a8aadae5f]
aws_backup_selection.daily[0]: Creation complete after 0s [id=65dcfb03-5208-4535-9cf7-dbb4fc379681]
aws_backup_selection.monthly: Creation complete after 0s [id=596f009a-d60a-4b11-ac23-868afa27f8c9]
aws_backup_selection.yearly: Creation complete after 0s [id=abbe4694-1600-404a-8ab7-01d261177a28]
aws_kms_key_policy.backup_key_external_account[0]: Creation complete after 4s [id=506790f1-3731-47d9-8569-cf22a463851b]

Apply complete! Resources: 15 added, 0 changed, 0 destroyed.

--- ERRORS ---",
terrads_d69bbf90da6e,Zenodo/TerraDS,iac_benchmark/scenarios/terrads_d69bbf90da6e,50,278,2,3,1,True,True,0,0,0,0,0,True,"--- INIT LOG ---
Initializing provider plugins...
- Finding kreuzwerker/docker versions matching ""~> 2.22.0""...
- Finding latest version of hashicorp/aws...
- Installing kreuzwerker/docker v2.22.0...
- Installed kreuzwerker/docker v2.22.0 (self-signed, key ID BD080C4571C6104C)
- Installing hashicorp/aws v6.54.0...
- Installed hashicorp/aws v6.54.0 (signed by HashiCorp)
Partner and community providers are signed by their developers.
If you'd like to know more about provider signing, you can read about it here:
https://developer.hashicorp.com/terraform/cli/plugins/signing
Terraform has created a

...[LOG TRUNCATED]...

 elapsed]
docker_image.nginx: Still creating... [00m20s elapsed]
docker_image.nginx: Still creating... [00m30s elapsed]
docker_image.nginx: Still creating... [00m40s elapsed]
docker_image.nginx: Still creating... [00m50s elapsed]
docker_image.nginx: Creation complete after 54s [id=sha256:f5747a42e3adcb3168049d63278d7251d91185bb5111d2563d58729a5c9179b0nginx:1.23.4]
docker_container.nginx: Creating...
docker_container.nginx: Creation complete after 0s [id=37c53ba4c819aa76408c43f9626a90a4ec49450d0bf3f16e2b59d755be136462]

Apply complete! Resources: 2 added, 0 changed, 0 destroyed.

--- ERRORS ---",
gh_75c55509,Tianyi2/IRIS,iac_benchmark/scenarios/gh_75c55509,766,6370,8,62,4,True,True,0,0,0,0,0,True,"--- INIT LOG ---
Initializing provider plugins...
- Finding latest version of hashicorp/aws...
- Installing hashicorp/aws v6.52.0...
- Installed hashicorp/aws v6.52.0 (signed by HashiCorp)
Terraform has created a lock file .terraform.lock.hcl to record the provider
selections it made above. Include this file in your version control repository
so that Terraform can guarantee to make the same selections by default when
you run ""terraform init"" in the future.

Terraform has been successfully initialized!

You may now begin working with Terraform. Try running ""terraform plan"" to see
any changes that are required for your infrastructure. All Terraform commands
should now work.

If you ever set or change modules or backend configuration for Terraform,
rerun this command to reinitialize your working directory. If you forget, other
commands will detect it and remind you to do so if necessary.

--- APPLY LOG ---

Changes to Outputs:
  + aws_route53_zone_id                                = """"
  + aws_route53_zone_name_servers                      = [
      + """",
    ]
  + aws_route53_zone_zone_id                           = """"
  + route53_delegation_set_id                          = """"
  + route53_delegation_set_name_servers                = [
      + """",
    ]
  + route53_health_check_id                            = """"
  + route53_key_signing_key_digest_algorithm_mnemonic  = """"
  + route53_key_signing_key_digest_algorithm_type      = """"
  + route53_key_signing_key_digest_value        

...[LOG TRUNCATED]...

                            = """"
  + route53_vpc_association_authorization_id           = """"
  + route53_zone_association_id                        = """"
  + route53_zone_association_vpc_id                    = """"
  + route53_zone_association_vpc_region                = """"
  + route53_zone_association_zone_id                   = """"

You can apply this plan to save these new output values to the Terraform
state, without changing any real infrastructure.

Apply complete! Resources: 0 added, 0 changed, 0 destroyed.

Outputs:

aws_route53_zone_id = """"
aws_route53_zone_name_servers = [
  """",
]
aws_route53_zone_zone_id = """"
route53_delegation_set_id = """"
route53_delegation_set_name_servers = [
  """",
]
route53_health_check_id = """"
route53_key_signing_key_digest_algorithm_mnemonic = """"
route53_key_signing_key_digest_algorithm_type = """"
route53_key_signing_key_digest_value = """"
route53_key_signing_key_dnskey_record = """"
route53_key_signing_key_ds_record = """"
route53_key_signing_key_flag = """"
route53_key_signing_key_id = """"
route53_key_signing_key_key_tag = """"
route53_key_signing_key_public_key = """"
route53_key_signing_key_signing_algorithm_mnemonic = """"
route53_key_signing_key_signing_algorithm_type = """"
route53_query_log_id = """"
route53_record_fqdn = """"
route53_record_name = """"
route53_vpc_association_authorization_id = """"
route53_zone_association_id = """"
route53_zone_association_vpc_id = """"
route53_zone_association_vpc_region = """"
route53_zone_association_zone_id = """"

--- ERRORS ---",
terrads_18aaa99f1837,Zenodo/TerraDS,iac_benchmark/scenarios/terrads_18aaa99f1837,48,240,2,3,1,True,True,0,0,0,0,0,True,"--- INIT LOG ---
Initializing provider plugins...
- Finding latest version of hashicorp/aws...
- Finding kreuzwerker/docker versions matching ""~> 2.22.0""...
- Installing hashicorp/aws v6.55.0...
- Installed hashicorp/aws v6.55.0 (signed by HashiCorp)
- Installing kreuzwerker/docker v2.22.0...
- Installed kreuzwerker/docker v2.22.0 (self-signed, key ID BD080C4571C6104C)
Partner and community providers are signed by their developers.
If you'd like to know more about provider signing, you can read about it here:
https://developer.hashicorp.com/terraform/cli/plugins/signing
Terraform has created a

...[LOG TRUNCATED]...

+ output       = (known after apply)
      + repo_digest  = (known after apply)
    }

Plan: 2 to add, 0 to change, 0 to destroy.
docker_image.simplegoservice: Creating...
docker_image.simplegoservice: Creation complete after 0s [id=sha256:fa60b7753279d601057cf0e4b4de031eebc383594d4c6f1eceab93876c396b58registry.gitlab.com/alta3/simplegoservice]
docker_container.simplegoservice: Creating...
docker_container.simplegoservice: Creation complete after 0s [id=963b42e5f39645dfbc7f48019cbcaedfd617f977599d96aa3f5521f06047f338]

Apply complete! Resources: 2 added, 0 changed, 0 destroyed.

--- ERRORS ---",
terrads_b9e95b2e6d91,Zenodo/TerraDS,iac_benchmark/scenarios/terrads_b9e95b2e6d91,211,1511,3,13,2,True,True,0,0,0,0,0,True,"--- INIT LOG ---
Initializing provider plugins...
- Finding hashicorp/aws versions matching "">= 5.30.0""...
- Installing hashicorp/aws v6.53.0...
- Installed hashicorp/aws v6.53.0 (signed by HashiCorp)
Terraform has created a lock file .terraform.lock.hcl to record the provider
selections it made above. Include this file in your version control repository
so that Terraform can guarantee to make the same selections by default when
you run ""terraform init"" in the future.

Terraform has been successfully initialized!

You may now begin working with Terraform. Try running ""terraform plan"" to see
an

...[LOG TRUNCATED]...

hanges that are required for your infrastructure. All Terraform commands
should now work.

If you ever set or change modules or backend configuration for Terraform,
rerun this command to reinitialize your working directory. If you forget, other
commands will detect it and remind you to do so if necessary.

--- APPLY LOG ---

Changes to Outputs:
  + endpoints          = {}

You can apply this plan to save these new output values to the Terraform
state, without changing any real infrastructure.

Apply complete! Resources: 0 added, 0 changed, 0 destroyed.

Outputs:

endpoints = {}

--- ERRORS ---","NON-JSON OUTPUT:
"
terrads_20d0ee683bf5,Zenodo/TerraDS,iac_benchmark/scenarios/terrads_20d0ee683bf5,145,786,5,11,2,True,True,0,0,0,0,0,True,"--- INIT LOG ---
Initializing provider plugins...
- Finding kreuzwerker/docker versions matching ""2.16.0""...
- Finding latest version of hashicorp/aws...
- Installing kreuzwerker/docker v2.16.0...
- Installed kreuzwerker/docker v2.16.0 (self-signed, key ID BD080C4571C6104C)
- Installing hashicorp/aws v6.53.0...
- Installed hashicorp/aws v6.53.0 (signed by HashiCorp)
Partner and community providers are signed by their developers.
If you'd like to know more about provider signing, you can read about it here:
https://developer.hashicorp.com/terraform/cli/plugins/signing
Terraform has created a lo

...[LOG TRUNCATED]...

ia: Still creating... [00m50s elapsed]
docker_container.runner: Still creating... [00m50s elapsed]
docker_container.gaia: Still creating... [01m00s elapsed]
docker_container.runner: Still creating... [01m00s elapsed]
docker_container.gaia: Creation complete after 1m5s [id=0c8d5cc782c8b227c8d4c12621b758b9efce1f55092f688b4593c12123acdad4]
docker_container.runner: Still creating... [01m10s elapsed]
docker_container.runner: Creation complete after 1m11s [id=6d6bbf46fc1378369e55407e42c9fac2ed6a67ea86f82bdad648d34086e6092a]

Apply complete! Resources: 5 added, 0 changed, 0 destroyed.

--- ERRORS ---",
terrads_1a0f3aac575d,Zenodo/TerraDS,iac_benchmark/scenarios/terrads_1a0f3aac575d,48,288,2,3,1,True,True,0,0,0,0,0,True,"--- INIT LOG ---
Initializing provider plugins...
- Finding kreuzwerker/docker versions matching ""~> 2.22.0""...
- Finding latest version of hashicorp/aws...
- Installing kreuzwerker/docker v2.22.0...
- Installed kreuzwerker/docker v2.22.0 (self-signed, key ID BD080C4571C6104C)
- Installing hashicorp/aws v6.55.0...
- Installed hashicorp/aws v6.55.0 (signed by HashiCorp)
Partner and community providers are signed by their developers.
If you'd like to know more about provider signing, you can read about it here:
https://developer.hashicorp.com/terraform/cli/plugins/signing
Terraform has created a

...[LOG TRUNCATED]...

atest""
      + output       = (known after apply)
      + repo_digest  = (known after apply)
    }

Plan: 2 to add, 0 to change, 0 to destroy.
docker_image.nginx: Creating...
docker_image.nginx: Still creating... [00m10s elapsed]
docker_image.nginx: Creation complete after 10s [id=sha256:5a88c9c45479443d7be2eadc894b4ed0a9801bae03d97a5760ae13b5c2005942nginx:latest]
docker_container.nginx: Creating...
docker_container.nginx: Creation complete after 4s [id=5e247e556cc2de671e79ca7056a54cc8605b2945cd38fc9c1fe6839bd93d16b8]

Apply complete! Resources: 2 added, 0 changed, 0 destroyed.

--- ERRORS ---",
terrads_eb31b3f11263,Zenodo/TerraDS,iac_benchmark/scenarios/terrads_eb31b3f11263,377,2691,3,22,2,True,True,0,0,0,0,0,True,"--- INIT LOG ---
Initializing provider plugins...
- Finding hashicorp/aws versions matching "">= 4.40.0""...
- Installing hashicorp/aws v6.53.0...
- Installed hashicorp/aws v6.53.0 (signed by HashiCorp)
Terraform has created a lock file .terraform.lock.hcl to record the provider
selections it made above. Include this file in your version control repository
so that Terraform can guarantee to make the same selections by default when
you run ""terraform init"" in the future.

Terraform has been successfully initialized!

You may now begin working with Terraform. Try running ""terraform plan"" to see
an

...[LOG TRUNCATED]...

m_policy_document.this[0]: Read complete after 0s [id=3398318939]
aws_sns_topic_policy.this[0]: Creating...
aws_sns_topic_policy.this[0]: Creation complete after 0s [id=arn:aws:sns:us-east-1:000000000000:terraform-0042126146081d2ca3bc2b368d]

Apply complete! Resources: 2 added, 0 changed, 0 destroyed.

Outputs:

subscriptions = {}
topic_arn = ""arn:aws:sns:us-east-1:000000000000:terraform-0042126146081d2ca3bc2b368d""
topic_id = ""arn:aws:sns:us-east-1:000000000000:terraform-0042126146081d2ca3bc2b368d""
topic_name = ""terraform-0042126146081d2ca3bc2b368d""
topic_owner = ""000000000000""

--- ERRORS ---","NON-JSON OUTPUT:
"
gh_131320ab,Tianyi2/IRIS,iac_benchmark/scenarios/gh_131320ab,689,5344,8,42,4,True,True,0,0,0,0,0,True,"--- INIT LOG ---
Initializing provider plugins...
- Finding hashicorp/aws versions matching "">= 6.28.0""...
- Installing hashicorp/aws v6.52.0...
- Installed hashicorp/aws v6.52.0 (signed by HashiCorp)
Terraform has created a lock file .terraform.lock.hcl to record the provider
selections it made above. Include this file in your version control repository
so that Terraform can guarantee to make the same selections by default when
you run ""terraform init"" in the future.

Terraform has been successfully initialized!

You may now begin working with Terraform. Try running ""terraform plan"" to see
any changes that are required for your infrastructure. All Terraform commands
should now work.

If you ever set or change modules or backend configuration for Terraform,
rerun this command to reinitialize your working directory. If you forget, other
commands will detect it and remind you to do so if necessary.

--- APPLY LOG ---
data.aws_caller_identity.current[0]: Reading...
data.aws_region.current[0]: Reading...
data.aws_partition.current[0]: Reading...
data.aws_region.current[0]: Read complete after 0s [id=us-east-1]
data.aws_partition.current[0]: Read complete after 0s [id=aws]
data.aws_caller_identity.current[0]: Read complete after 0s [id=000000000000]

Terraform used the selected providers to generate the following execution
plan. Resource actions are indicated with the following symbols:
  + create

Terraform will perform the following actions:

  # aws_sqs_queue.this[0] will be cr

...[LOG TRUNCATED]...

 add, 0 to change, 0 to destroy.

Changes to Outputs:
  + dead_letter_queue_arn_static = """"
  + queue_arn                    = (known after apply)
  + queue_arn_static             = ""arn:aws:sqs:us-east-1:000000000000:""
  + queue_id                     = (known after apply)
  + queue_name                   = (known after apply)
  + queue_url                    = (known after apply)
aws_sqs_queue.this[0]: Creating...
aws_sqs_queue.this[0]: Still creating... [00m10s elapsed]
aws_sqs_queue.this[0]: Still creating... [00m20s elapsed]
aws_sqs_queue.this[0]: Creation complete after 26s [id=http://sqs.us-east-1.localhost.localstack.cloud:4566/000000000000/terraform-d2d7171078f4cc9699d746981e]

Warning: Deprecated attribute

  on main.tf line 18, in locals:
  18:   partition  = try(data.aws_partition.current[0].id, ""aws"")

The attribute ""id"" is deprecated. Refer to the provider documentation for
details.

(and 2 more similar warnings elsewhere)

Apply complete! Resources: 1 added, 0 changed, 0 destroyed.

Outputs:

dead_letter_queue_arn_static = """"
queue_arn = ""arn:aws:sqs:us-east-1:000000000000:terraform-d2d7171078f4cc9699d746981e""
queue_arn_static = ""arn:aws:sqs:us-east-1:000000000000:""
queue_id = ""http://sqs.us-east-1.localhost.localstack.cloud:4566/000000000000/terraform-d2d7171078f4cc9699d746981e""
queue_name = ""terraform-d2d7171078f4cc9699d746981e""
queue_url = ""http://sqs.us-east-1.localhost.localstack.cloud:4566/000000000000/terraform-d2d7171078f4cc9699d746981e""

--- ERRORS ---",
terrads_c0bb73444140,Zenodo/TerraDS,iac_benchmark/scenarios/terrads_c0bb73444140,76,549,2,4,1,True,True,0,0,0,0,0,True,"--- INIT LOG ---
Initializing provider plugins...
- Finding hashicorp/aws versions matching "">= 3.36.0, != 4.0.0, != 4.1.0, != 4.2.0, != 4.3.0, != 4.4.0, != 4.5.0, != 4.6.0, != 4.7.0, != 4.8.0""...
- Installing hashicorp/aws v6.52.0...
- Installed hashicorp/aws v6.52.0 (signed by HashiCorp)
Terraform has created a lock file .terraform.lock.hcl to record the provider
selections it made above. Include this file in your version control repository
so that Terraform can guarantee to make the same selections by default when
you run ""terraform init"" in the future.

Terraform has been successfully init

...[LOG TRUNCATED]...

to Outputs:
  + tamr_instance_profile_id = (known after apply)
  + tamr_instance_role_name  = (known after apply)
aws_iam_role.tamr_user_iam_role: Creating...
aws_iam_role.tamr_user_iam_role: Creation complete after 0s [id=tamr-instance-role]
aws_iam_instance_profile.tamr_user_instance_profile: Creating...
aws_iam_instance_profile.tamr_user_instance_profile: Creation complete after 6s [id=tamr-instance-profile]

Apply complete! Resources: 2 added, 0 changed, 0 destroyed.

Outputs:

tamr_instance_profile_id = ""tamr-instance-profile""
tamr_instance_role_name = ""tamr-instance-role""

--- ERRORS ---","NON-JSON OUTPUT:
"
terrads_c1f9ed853b88,Zenodo/TerraDS,iac_benchmark/scenarios/terrads_c1f9ed853b88,48,208,2,1,1,True,True,0,0,0,0,0,True,"--- INIT LOG ---
Initializing provider plugins...
- Finding kreuzwerker/docker versions matching ""~> 2.13.0""...
- Finding latest version of hashicorp/aws...
- Installing kreuzwerker/docker v2.13.0...
- Installed kreuzwerker/docker v2.13.0 (self-signed, key ID 24E54F214569A8A5)
- Installing hashicorp/aws v6.55.0...
- Installed hashicorp/aws v6.55.0 (signed by HashiCorp)
Partner and community providers are signed by their developers.
If you'd like to know more about provider signing, you can read about it here:
https://developer.hashicorp.com/terraform/cli/plugins/signing
Terraform has created a

...[LOG TRUNCATED]...

id=ac1187ee9f7d7206b153b365ea20d8ac6881aecb19acafb894fcc2f060e9f9f1]

Warning: Deprecated attribute

  on main.tf line 18, in resource ""docker_container"" ""nginx"":
  18:   image = docker_image.nginx.latest

The attribute ""latest"" is deprecated. Refer to the provider documentation for
details.

(and 3 more similar warnings elsewhere)

Apply complete! Resources: 2 added, 0 changed, 0 destroyed.

Outputs:

container_id = ""ac1187ee9f7d7206b153b365ea20d8ac6881aecb19acafb894fcc2f060e9f9f1""
image_id = ""sha256:b5a9a3cfc86b81dd6f1458d53f2ad2b559cc255653d2efd6cacee5636bf2066fnginx:latest""

--- ERRORS ---",
terrads_20cdf9b2ead8,Zenodo/TerraDS,iac_benchmark/scenarios/terrads_20cdf9b2ead8,44,232,3,0,1,True,True,0,0,0,0,0,True,"--- INIT LOG ---
Initializing provider plugins...
- Finding hashicorp/aws versions matching ""~> 5.33""...
- Installing hashicorp/aws v5.100.0...
- Installed hashicorp/aws v5.100.0 (signed by HashiCorp)
Terraform has created a lock file .terraform.lock.hcl to record the provider
selections it made above. Include this file in your version control repository
so that Terraform can guarantee to make the same selections by default when
you run ""terraform init"" in the future.

Terraform has been successfully initialized!

You may now begin working with Terraform. Try running ""terraform plan"" to see
an

...[LOG TRUNCATED]...

 + mfa_delete = (known after apply)
          + status     = ""Enabled""
        }
    }

Plan: 3 to add, 0 to change, 0 to destroy.
aws_dynamodb_table.dynamodb_tf_state: Creating...
aws_s3_bucket.s3_tf_state: Creating...
aws_dynamodb_table.dynamodb_tf_state: Creation complete after 1s [id=tf_locks]
aws_s3_bucket.s3_tf_state: Creation complete after 1s [id=tonci-course-tf-state]
aws_s3_bucket_versioning.tf_versioned: Creating...
aws_s3_bucket_versioning.tf_versioned: Creation complete after 1s [id=tonci-course-tf-state]

Apply complete! Resources: 3 added, 0 changed, 0 destroyed.

--- ERRORS ---","NON-JSON OUTPUT:
"
gh_45acd642,Tianyi2/IRIS,iac_benchmark/scenarios/gh_45acd642,341,2713,3,33,2,True,True,0,0,0,0,0,True,"--- INIT LOG ---
Initializing provider plugins...
- Finding latest version of hashicorp/aws...
- Installing hashicorp/aws v6.56.0...
- Installed hashicorp/aws v6.56.0 (signed by HashiCorp)
Terraform has created a lock file .terraform.lock.hcl to record the provider
selections it made above. Include this file in your version control repository
so that Terraform can guarantee to make the same selections by default when
you run ""terraform init"" in the future.

Terraform has been successfully initialized!

You may now begin working with Terraform. Try running ""terraform plan"" to see
any changes th

...[LOG TRUNCATED]...

e_id       = """"
  + cloudformation_stack_set_instance_stack_id = """"
  + cloudformation_stack_set_stack_set_id      = """"

You can apply this plan to save these new output values to the Terraform
state, without changing any real infrastructure.

Apply complete! Resources: 0 added, 0 changed, 0 destroyed.

Outputs:

cloudformation_stack_id = """"
cloudformation_stack_outputs = [
  """",
]
cloudformation_stack_set_arn = """"
cloudformation_stack_set_id = """"
cloudformation_stack_set_instance_id = """"
cloudformation_stack_set_instance_stack_id = """"
cloudformation_stack_set_stack_set_id = """"

--- ERRORS ---",
terrads_8aaa0b7e15eb,Zenodo/TerraDS,iac_benchmark/scenarios/terrads_8aaa0b7e15eb,108,742,9,0,2,True,True,0,0,0,0,0,True,"--- INIT LOG ---
Initializing provider plugins...
- Finding latest version of hashicorp/aws...
- Installing hashicorp/aws v6.55.0...
- Installed hashicorp/aws v6.55.0 (signed by HashiCorp)
Terraform has created a lock file .terraform.lock.hcl to record the provider
selections it made above. Include this file in your version control repository
so that Terraform can guarantee to make the same selections by default when
you run ""terraform init"" in the future.

Terraform has been successfully initialized!

You may now begin working with Terraform. Try running ""terraform plan"" to see
any changes th

...[LOG TRUNCATED]...

Statement\"":[{\""Action\"":\""sts:AssumeRole\"",\""Effect\"":\""Allow\"",\""Principal\"":{\""Service\"":\""lambda.amazonaws.com\""}}],\""Version\"":\""2012-10-17\""}""
  ""create_date"" = ""2026-07-22T03:52:48Z""
  ""description"" = """"
  ""force_detach_policies"" = false
  ""id"" = ""remove_ddb_backup_role""
  ""inline_policy"" = toset([])
  ""managed_policy_arns"" = toset([])
  ""max_session_duration"" = 3600
  ""name"" = ""remove_ddb_backup_role""
  ""name_prefix"" = """"
  ""path"" = ""/""
  ""permissions_boundary"" = """"
  ""tags"" = tomap(null) /* of string */
  ""tags_all"" = tomap({})
  ""unique_id"" = ""AROAQAAAAAAAKYAU2BCKG""
}

--- ERRORS ---",
terrads_c11bfa93b191,Zenodo/TerraDS,iac_benchmark/scenarios/terrads_c11bfa93b191,69,460,6,0,1,True,True,0,0,0,0,0,True,"--- INIT LOG ---
Initializing provider plugins...
- Finding latest version of hashicorp/aws...
- Installing hashicorp/aws v6.54.0...
- Installed hashicorp/aws v6.54.0 (signed by HashiCorp)
Terraform has created a lock file .terraform.lock.hcl to record the provider
selections it made above. Include this file in your version control repository
so that Terraform can guarantee to make the same selections by default when
you run ""terraform init"" in the future.

Terraform has been successfully initialized!

You may now begin working with Terraform. Try running ""terraform plan"" to see
any changes th

...[LOG TRUNCATED]...

fter 0s [id=eks-pod-s3-role/arn:aws:iam::000000000000:policy/s3_full_access_policy]
aws_s3_bucket.artifactory_s3_bucket: Creation complete after 1s [id=ashrafk-artifactory-bucket]
aws_s3_bucket_ownership_controls.artifactory_s3_ownership: Creating...
aws_s3_bucket_ownership_controls.artifactory_s3_ownership: Creation complete after 0s [id=ashrafk-artifactory-bucket]
aws_s3_bucket_acl.artifactory_s3_acl: Creating...
aws_s3_bucket_acl.artifactory_s3_acl: Creation complete after 0s [id=ashrafk-artifactory-bucket,private]

Apply complete! Resources: 6 added, 0 changed, 0 destroyed.

--- ERRORS ---",
terrads_c4bb0f4dd78f,Zenodo/TerraDS,iac_benchmark/scenarios/terrads_c4bb0f4dd78f,91,479,6,0,2,True,True,0,0,0,0,0,True,"--- INIT LOG ---
Initializing provider plugins...
- Finding hashicorp/time versions matching ""~> 0.7.2""...
- Finding latest version of hashicorp/aws...
- Finding kreuzwerker/docker versions matching ""~> 2.22.0""...
- Finding hashicorp/random versions matching ""~> 3.1.0""...
- Installing hashicorp/random v3.1.3...
- Installed hashicorp/random v3.1.3 (signed by HashiCorp)
- Installing hashicorp/time v0.7.2...
- Installed hashicorp/time v0.7.2 (signed by HashiCorp)
- Installing hashicorp/aws v6.56.0...
- Installed hashicorp/aws v6.56.0 (signed by HashiCorp)
- Installing kreuzwerker/docker v2.22.0..

...[LOG TRUNCATED]...

n complete after 2m0s [id=2026-07-27T18:52:08Z]
docker_container.data: Creating...
docker_container.data: Creation complete after 0s [id=76d1254eb63584051be9e23b1321024a2a7a839fb7bd651e517ee5c79ed9b93d]

Apply complete! Resources: 9 added, 0 changed, 0 destroyed.

Outputs:

nginx_hosts = [
  {
    ""host"" = ""0.0.0.0:8000""
    ""name"" = ""nginx-epic-walleye-0""
  },
  {
    ""host"" = ""0.0.0.0:8001""
    ""name"" = ""nginx-epic-walleye-1""
  },
  {
    ""host"" = ""0.0.0.0:8002""
    ""name"" = ""nginx-epic-walleye-2""
  },
  {
    ""host"" = ""0.0.0.0:8003""
    ""name"" = ""nginx-epic-walleye-3""
  },
]

--- ERRORS ---",
terrads_6d809b17b463,Zenodo/TerraDS,iac_benchmark/scenarios/terrads_6d809b17b463,52,278,2,3,1,True,True,0,0,0,0,0,True,"--- INIT LOG ---
Initializing provider plugins...
- Finding kreuzwerker/docker versions matching ""~> 2.22.0""...
- Finding latest version of hashicorp/aws...
- Installing kreuzwerker/docker v2.22.0...
- Installed kreuzwerker/docker v2.22.0 (self-signed, key ID BD080C4571C6104C)
- Installing hashicorp/aws v6.53.0...
- Installed hashicorp/aws v6.53.0 (signed by HashiCorp)
Partner and community providers are signed by their developers.
If you'd like to know more about provider signing, you can read about it here:
https://developer.hashicorp.com/terraform/cli/plugins/signing
Terraform has created a

...[LOG TRUNCATED]...

 + repo_digest  = (known after apply)
    }

Plan: 2 to add, 0 to change, 0 to destroy.
docker_image.nginx: Creating...
docker_image.nginx: Still creating... [00m10s elapsed]
docker_image.nginx: Still creating... [00m20s elapsed]
docker_image.nginx: Creation complete after 25s [id=sha256:f5747a42e3adcb3168049d63278d7251d91185bb5111d2563d58729a5c9179b0nginx:1.23.4]
docker_container.nginx: Creating...
docker_container.nginx: Creation complete after 1s [id=9be3cc49a92d8c7cdb1f9bb97dbe0cdd82e0d8267301c3a36461e45b2834cfba]

Apply complete! Resources: 2 added, 0 changed, 0 destroyed.

--- ERRORS ---",
terrads_8e9c3137687b,Zenodo/TerraDS,iac_benchmark/scenarios/terrads_8e9c3137687b,40,206,2,1,1,True,True,0,0,0,0,0,True,"--- INIT LOG ---
Initializing provider plugins...
- Finding latest version of hashicorp/aws...
- Finding kreuzwerker/docker versions matching ""~> 2.13.0""...
- Installing hashicorp/aws v6.56.0...
- Installed hashicorp/aws v6.56.0 (signed by HashiCorp)
- Installing kreuzwerker/docker v2.13.0...
- Installed kreuzwerker/docker v2.13.0 (self-signed, key ID 24E54F214569A8A5)
Partner and community providers are signed by their developers.
If you'd like to know more about provider signing, you can read about it here:
https://developer.hashicorp.com/terraform/cli/plugins/signing
Terraform has created a

...[LOG TRUNCATED]...

id=be5271fab225723ae04c54cb3bbeaf9484b572946f554b6318fa1af0cb46b922]

Warning: Deprecated attribute

  on main.tf line 18, in resource ""docker_container"" ""nginx"":
  18:   image = docker_image.nginx.latest

The attribute ""latest"" is deprecated. Refer to the provider documentation for
details.

(and 3 more similar warnings elsewhere)

Apply complete! Resources: 2 added, 0 changed, 0 destroyed.

Outputs:

container_id = ""be5271fab225723ae04c54cb3bbeaf9484b572946f554b6318fa1af0cb46b922""
image_id = ""sha256:5a88c9c45479443d7be2eadc894b4ed0a9801bae03d97a5760ae13b5c2005942nginx:latest""

--- ERRORS ---",
terrads_202ad9eccfce,Zenodo/TerraDS,iac_benchmark/scenarios/terrads_202ad9eccfce,482,2930,26,9,5,True,True,0,0,0,0,0,True,"--- INIT LOG ---
Initializing provider plugins...
- Finding latest version of hashicorp/aws...
- Installing hashicorp/aws v6.54.0...
- Installed hashicorp/aws v6.54.0 (signed by HashiCorp)
Terraform has created a lock file .terraform.lock.hcl to record the provider
selections it made above. Include this file in your version control repository
so that Terraform can guarantee to make the same selections by default when
you run ""terraform init"" in the future.

Terraform has been successfully initialized!

You may now begin working with Terraform. Try running ""terraform plan"" to see
any changes th

...[LOG TRUNCATED]...

.gameserver: Creation complete after 0s [id=acl-c3b578d59fbd15381]
aws_route53_zone.private: Creation complete after 17s [id=3N0RCDW2PCHKD2QS8L6OX6]

Apply complete! Resources: 26 added, 0 changed, 0 destroyed.

Outputs:

database_subnet_id = ""subnet-9e76d6685fdc0aba1""
gameserver_subnet_id = ""subnet-a8dfa083932e1e558""
internal_dns_zone_id = ""3N0RCDW2PCHKD2QS8L6OX6""
reserved_subnet_id = ""subnet-5e65c99301046e199""
sandbox_subnet_id = ""subnet-1d24739a003d9677a""
ssh_securitygroup_id = ""sg-6804d7627b0c19ffc""
vpc_id = ""vpc-61e4302b3c2c897f6""
web_subnet_id = ""subnet-8ab7e47db6f0c3323""

--- ERRORS ---",
terrads_d0b15c1beff0,Zenodo/TerraDS,iac_benchmark/scenarios/terrads_d0b15c1beff0,89,580,6,2,2,True,True,0,0,0,0,0,True,"--- INIT LOG ---
Initializing provider plugins...
- Finding latest version of hashicorp/aws...
- Installing hashicorp/aws v6.56.0...
- Installed hashicorp/aws v6.56.0 (signed by HashiCorp)
Terraform has created a lock file .terraform.lock.hcl to record the provider
selections it made above. Include this file in your version control repository
so that Terraform can guarantee to make the same selections by default when
you run ""terraform init"" in the future.

Terraform has been successfully initialized!

You may now begin working with Terraform. Try running ""terraform plan"" to see
any changes th

...[LOG TRUNCATED]...

"" = ""Devel""
      ""email"" = ""dev2@dev.com""
    })
    ""tags_all"" = tomap({
      ""Owner"" = ""Devel""
      ""email"" = ""dev2@dev.com""
    })
    ""unique_id"" = ""AIDAQAAAAAAAGDUKYW5KK""
  }
  ""guest"" = {
    ""arn"" = ""arn:aws:iam::000000000000:user/guest""
    ""force_destroy"" = false
    ""id"" = ""guest""
    ""name"" = ""guest""
    ""path"" = ""/""
    ""permissions_boundary"" = """"
    ""tags"" = tomap({
      ""Owner"" = ""Guest""
      ""email"" = ""geust@dev.com""
    })
    ""tags_all"" = tomap({
      ""Owner"" = ""Guest""
      ""email"" = ""geust@dev.com""
    })
    ""unique_id"" = ""AIDAQAAAAAAABZAZVGARF""
  }
}

--- ERRORS ---",
terrads_9db5ee8842eb,Zenodo/TerraDS,iac_benchmark/scenarios/terrads_9db5ee8842eb,44,314,4,0,1,True,True,0,0,0,0,0,True,"--- INIT LOG ---
Initializing provider plugins...
- Finding latest version of hashicorp/aws...
- Installing hashicorp/aws v6.56.0...
- Installed hashicorp/aws v6.56.0 (signed by HashiCorp)
Terraform has created a lock file .terraform.lock.hcl to record the provider
selections it made above. Include this file in your version control repository
so that Terraform can guarantee to make the same selections by default when
you run ""terraform init"" in the future.

Terraform has been successfully initialized!

You may now begin working with Terraform. Try running ""terraform plan"" to see
any changes th

...[LOG TRUNCATED]...

d, 0 to change, 0 to destroy.
aws_vpc.my-vpc: Creating...
aws_vpc.my-vpc: Creation complete after 1s [id=vpc-14bd937af98f1471c]
aws_subnet.my-subnet: Creating...
aws_security_group.my-sg: Creating...
aws_subnet.my-subnet: Creation complete after 0s [id=subnet-56030fa6cda92f9f0]
aws_security_group.my-sg: Creation complete after 0s [id=sg-b846c3171fe068c8e]
aws_instance.example: Creating...
aws_instance.example: Still creating... [00m10s elapsed]
aws_instance.example: Creation complete after 10s [id=i-cff0d43835a7b3ac2]

Apply complete! Resources: 4 added, 0 changed, 0 destroyed.

--- ERRORS ---",
terrads_1f8a189b4bfe,Zenodo/TerraDS,iac_benchmark/scenarios/terrads_1f8a189b4bfe,51,503,2,0,1,True,True,0,0,0,0,0,True,"--- INIT LOG ---
Initializing provider plugins...
- Finding kreuzwerker/docker versions matching ""3.0.1""...
- Finding latest version of hashicorp/aws...
- Installing hashicorp/aws v6.55.0...
- Installed hashicorp/aws v6.55.0 (signed by HashiCorp)
- Installing kreuzwerker/docker v3.0.1...
- Installed kreuzwerker/docker v3.0.1 (self-signed, key ID BD080C4571C6104C)
Partner and community providers are signed by their developers.
If you'd like to know more about provider signing, you can read about it here:
https://developer.hashicorp.com/terraform/cli/plugins/signing
Terraform has created a lock 

...[LOG TRUNCATED]...

         = ""rabiielbeji/nginx:latest""
      + repo_digest  = (known after apply)
    }

Plan: 2 to add, 0 to change, 0 to destroy.
docker_image.nginx: Creating...
docker_image.nginx: Still creating... [00m10s elapsed]
docker_image.nginx: Creation complete after 12s [id=sha256:7f797701ded5055676d656f11071f84e2888548a2e7ed12a4977c28ef6114b17rabiielbeji/nginx:latest]
docker_container.nginx: Creating...
docker_container.nginx: Creation complete after 0s [id=63fbb006fc710456e61460a782bf988227905d867d15c5037695047d458815a5]

Apply complete! Resources: 2 added, 0 changed, 0 destroyed.

--- ERRORS ---",
terrads_8ecc16737478,Zenodo/TerraDS,iac_benchmark/scenarios/terrads_8ecc16737478,170,1139,8,0,3,True,True,0,0,0,0,0,True,"--- INIT LOG ---
Initializing modules...
Downloading registry.terraform.io/terraform-aws-modules/vpc/aws 5.21.0 for vpc...
- vpc in .terraform/modules/vpc
Initializing provider plugins...
- Finding hashicorp/aws versions matching "">= 4.47.0, >= 5.79.0""...
- Installing hashicorp/aws v6.54.0...
- Installed hashicorp/aws v6.54.0 (signed by HashiCorp)
Terraform has created a lock file .terraform.lock.hcl to record the provider
selections it made above. Include this file in your version control repository
so that Terraform can guarantee to make the same selections by default when
you run ""terraform

...[LOG TRUNCATED]...

s:${data.aws_region.current[0].name}:${data.aws_caller_identity.current[0].account_id}:log-group:${log_group.name}:*""

The attribute ""name"" is deprecated. Refer to the provider documentation for
details.

(and 2 more similar warnings elsewhere)

Apply complete! Resources: 31 added, 0 changed, 0 destroyed.

Outputs:

cluster1_additional_sg_id = ""sg-49d23967cb1419303""
cluster2_additional_sg_id = ""sg-b17e480a6fb4ef195""
subnet_ids = [
  ""subnet-b94625da230aabd66"",
  ""subnet-9a3998fe42980aa73"",
  ""subnet-205d89c928cb837dc"",
]
vpc_cidr = ""10.0.0.0/16""
vpc_id = ""vpc-122ab07f3d6f2c190""

--- ERRORS ---",
terrads_253bca1f8ff4,Zenodo/TerraDS,iac_benchmark/scenarios/terrads_253bca1f8ff4,986,7492,16,35,5,True,True,0,0,0,0,0,True,"--- INIT LOG ---
Initializing provider plugins...
- Finding hashicorp/aws versions matching "">= 4.9.0""...
- Installing hashicorp/aws v6.55.0...
- Installed hashicorp/aws v6.55.0 (signed by HashiCorp)
Terraform has created a lock file .terraform.lock.hcl to record the provider
selections it made above. Include this file in your version control repository
so that Terraform can guarantee to make the same selections by default when
you run ""terraform init"" in the future.

Terraform has been successfully initialized!

You may now begin working with Terraform. Try running ""terraform plan"" to see
any

...[LOG TRUNCATED]...

 complete after 0s [id=terraform-bc7c906fdfa3b22e9a019d8bd9]

Apply complete! Resources: 2 added, 0 changed, 0 destroyed.

Outputs:

s3_bucket_arn = ""arn:aws:s3:::terraform-bc7c906fdfa3b22e9a019d8bd9""
s3_bucket_bucket_domain_name = ""terraform-bc7c906fdfa3b22e9a019d8bd9.s3.amazonaws.com""
s3_bucket_bucket_regional_domain_name = ""terraform-bc7c906fdfa3b22e9a019d8bd9.s3.us-east-1.amazonaws.com""
s3_bucket_hosted_zone_id = ""Z3AQBSTGFYJSTF""
s3_bucket_id = ""terraform-bc7c906fdfa3b22e9a019d8bd9""
s3_bucket_region = ""us-east-1""
s3_bucket_website_domain = """"
s3_bucket_website_endpoint = """"

--- ERRORS ---",
terrads_20ffd931948c,Zenodo/TerraDS,iac_benchmark/scenarios/terrads_20ffd931948c,73,497,7,0,1,True,True,0,0,0,0,0,True,"--- INIT LOG ---
Initializing provider plugins...
- Finding latest version of hashicorp/aws...
- Installing hashicorp/aws v6.55.0...
- Installed hashicorp/aws v6.55.0 (signed by HashiCorp)
Terraform has created a lock file .terraform.lock.hcl to record the provider
selections it made above. Include this file in your version control repository
so that Terraform can guarantee to make the same selections by default when
you run ""terraform init"" in the future.

Terraform has been successfully initialized!

You may now begin working with Terraform. Try running ""terraform plan"" to see
any changes th

...[LOG TRUNCATED]...

23d2afec697]
aws_s3_bucket_public_access_block.TerraFailS3_bucket_access: Creation complete after 0s [id=terraform-a03c1099576072923d2afec697]
aws_s3_bucket_cors_configuration.TerraFailS3_bucket_cors: Creation complete after 0s [id=terraform-a03c1099576072923d2afec697]
aws_s3_bucket_acl.TerraFailS3_bucket_acl: Creation complete after 0s [id=terraform-a03c1099576072923d2afec697,public-read-write]
aws_s3_bucket_versioning.TerraFailS3_bucket_versioning: Creation complete after 1s [id=terraform-a03c1099576072923d2afec697]

Apply complete! Resources: 7 added, 0 changed, 0 destroyed.

--- ERRORS ---",
gh_bb110d41,Tianyi2/IRIS,iac_benchmark/scenarios/gh_bb110d41,62,333,2,1,1,True,True,0,0,0,0,0,True,"--- INIT LOG ---
Initializing provider plugins...
- Finding latest version of hashicorp/aws...
- Installing hashicorp/aws v6.56.0...
- Installed hashicorp/aws v6.56.0 (signed by HashiCorp)
Terraform has created a lock file .terraform.lock.hcl to record the provider
selections it made above. Include this file in your version control repository
so that Terraform can guarantee to make the same selections by default when
you run ""terraform init"" in the future.

Terraform has been successfully initialized!

You may now begin working with Terraform. Try running ""terraform plan"" to see
any changes th

...[LOG TRUNCATED]...

         + Resource = ""*""
                      + Sid      = ""AllowReadingTagsFromEC2""
                    },
                ]
              + Version   = ""2012-10-17""
            }
        )
      + role        = ""Grafana""
    }

Plan: 2 to add, 0 to change, 0 to destroy.
aws_iam_role.grafana: Creating...
aws_iam_role.grafana: Creation complete after 0s [id=Grafana]
aws_iam_role_policy.grafana_role: Creating...
aws_iam_role_policy.grafana_role: Creation complete after 0s [id=Grafana:ReadOnlyAccessToCloudWatchAndEC2]

Apply complete! Resources: 2 added, 0 changed, 0 destroyed.

--- ERRORS ---",
terrads_66045a8e9c37,Zenodo/TerraDS,iac_benchmark/scenarios/terrads_66045a8e9c37,108,668,6,4,2,True,True,0,0,0,0,0,True,"--- INIT LOG ---
Initializing modules...
Downloading git::https://github.com/cloudposse/terraform-null-label.git?ref=tags/0.24.1 for odc_backend_label...
- odc_backend_label in .terraform/modules/odc_backend_label
Initializing provider plugins...
- Finding latest version of hashicorp/aws...
- Installing hashicorp/aws v6.54.0...
- Installed hashicorp/aws v6.54.0 (signed by HashiCorp)
Terraform has created a lock file .terraform.lock.hcl to record the provider
selections it made above. Include this file in your version control repository
so that Terraform can guarantee to make the same selection

...[LOG TRUNCATED]...

kend-tfstate,private]
aws_s3_bucket_server_side_encryption_configuration.terraform-state-storage-s3: Creation complete after 0s [id=odc-test-stage-backend-tfstate]
aws_s3_bucket_versioning.terraform-state-storage-s3: Creation complete after 2s [id=odc-test-stage-backend-tfstate]
aws_dynamodb_table.terraform_state_lock: Creation complete after 7s [id=odc-test-stage-backend-terraform-lock]

Apply complete! Resources: 6 added, 0 changed, 0 destroyed.

Outputs:

dynamodb_table = [
  ""odc-test-stage-backend-terraform-lock"",
]
tf-state-bucket = [
  ""odc-test-stage-backend-tfstate"",
]

--- ERRORS ---",
terrads_0b839c616027,Zenodo/TerraDS,iac_benchmark/scenarios/terrads_0b839c616027,512,3492,6,27,3,True,True,0,0,0,0,0,True,"--- INIT LOG ---
Initializing provider plugins...
- Finding hashicorp/aws versions matching "">= 4.0.0""...
- Installing hashicorp/aws v6.53.0...
- Installed hashicorp/aws v6.53.0 (signed by HashiCorp)
Terraform has created a lock file .terraform.lock.hcl to record the provider
selections it made above. Include this file in your version control repository
so that Terraform can guarantee to make the same selections by default when
you run ""terraform init"" in the future.

Terraform has been successfully initialized!

You may now begin working with Terraform. Try running ""terraform plan"" to see
any

...[LOG TRUNCATED]...

e Terraform
state, without changing any real infrastructure.

Apply complete! Resources: 0 added, 0 changed, 0 destroyed.

Outputs:

admin_iam_role_arn = """"
admin_iam_role_name = """"
admin_iam_role_path = """"
admin_iam_role_requires_mfa = true
admin_iam_role_unique_id = """"
poweruser_iam_role_arn = """"
poweruser_iam_role_name = """"
poweruser_iam_role_path = """"
poweruser_iam_role_requires_mfa = true
poweruser_iam_role_unique_id = """"
readonly_iam_role_arn = """"
readonly_iam_role_name = """"
readonly_iam_role_path = """"
readonly_iam_role_requires_mfa = true
readonly_iam_role_unique_id = """"

--- ERRORS ---","NON-JSON OUTPUT:
"
terrads_bf7e6364d218,Zenodo/TerraDS,iac_benchmark/scenarios/terrads_bf7e6364d218,1025,7691,16,36,5,True,True,0,0,0,0,0,True,"--- INIT LOG ---
Initializing provider plugins...
- Finding hashicorp/aws versions matching "">= 4.9.0""...
- Installing hashicorp/aws v6.55.0...
- Installed hashicorp/aws v6.55.0 (signed by HashiCorp)
Terraform has created a lock file .terraform.lock.hcl to record the provider
selections it made above. Include this file in your version control repository
so that Terraform can guarantee to make the same selections by default when
you run ""terraform init"" in the future.

Terraform has been successfully initialized!

You may now begin working with Terraform. Try running ""terraform plan"" to see
any

...[LOG TRUNCATED]...

 complete after 0s [id=terraform-ce49e34eb4c9148c67a5f41ad8]

Apply complete! Resources: 2 added, 0 changed, 0 destroyed.

Outputs:

s3_bucket_arn = ""arn:aws:s3:::terraform-ce49e34eb4c9148c67a5f41ad8""
s3_bucket_bucket_domain_name = ""terraform-ce49e34eb4c9148c67a5f41ad8.s3.amazonaws.com""
s3_bucket_bucket_regional_domain_name = ""terraform-ce49e34eb4c9148c67a5f41ad8.s3.us-east-1.amazonaws.com""
s3_bucket_hosted_zone_id = ""Z3AQBSTGFYJSTF""
s3_bucket_id = ""terraform-ce49e34eb4c9148c67a5f41ad8""
s3_bucket_region = ""us-east-1""
s3_bucket_website_domain = """"
s3_bucket_website_endpoint = """"

--- ERRORS ---",
terrads_154345cd03ca,Zenodo/TerraDS,iac_benchmark/scenarios/terrads_154345cd03ca,56,310,3,2,1,True,True,0,0,0,0,0,True,"--- INIT LOG ---
Initializing provider plugins...
- Finding hashicorp/random versions matching ""~> 3.0""...
- Finding hashicorp/aws versions matching ""~> 5.20""...
- Installing hashicorp/random v3.9.0...
- Installed hashicorp/random v3.9.0 (signed by HashiCorp)
- Installing hashicorp/aws v5.100.0...
- Installed hashicorp/aws v5.100.0 (signed by HashiCorp)
Terraform has created a lock file .terraform.lock.hcl to record the provider
selections it made above. Include this file in your version control repository
so that Terraform can guarantee to make the same selections by default when
you run ""ter

...[LOG TRUNCATED]...

fter apply)
    }

Plan: 4 to add, 0 to change, 0 to destroy.
random_integer.randomy: Creating...
random_integer.randomy: Creation complete after 0s [id=150638]
aws_s3_bucket.bucket: Creating...
aws_s3_bucket.bucket: Creation complete after 1s [id=terraform-example-5-150638]
aws_s3_object.object[""two""]: Creating...
aws_s3_object.object[""one""]: Creating...
aws_s3_object.object[""one""]: Creation complete after 0s [id=tf-example-5-object-1]
aws_s3_object.object[""two""]: Creation complete after 0s [id=tf-example-5-object-2]

Apply complete! Resources: 4 added, 0 changed, 0 destroyed.

--- ERRORS ---",
terrads_8da07236c90a,Zenodo/TerraDS,iac_benchmark/scenarios/terrads_8da07236c90a,119,756,5,2,2,True,True,0,0,0,0,0,True,"--- INIT LOG ---
Initializing provider plugins...
- Finding latest version of hashicorp/aws...
- Installing hashicorp/aws v6.55.0...
- Installed hashicorp/aws v6.55.0 (signed by HashiCorp)
Terraform has created a lock file .terraform.lock.hcl to record the provider
selections it made above. Include this file in your version control repository
so that Terraform can guarantee to make the same selections by default when
you run ""terraform init"" in the future.

Terraform has been successfully initialized!

You may now begin working with Terraform. Try running ""terraform plan"" to see
any changes th

...[LOG TRUNCATED]...

recated attribute

  on main.tf line 33, in locals:
  33:   region     = data.aws_region.current.name

The attribute ""name"" is deprecated. Refer to the provider documentation for
details.

(and 2 more similar warnings elsewhere)

Apply complete! Resources: 5 added, 0 changed, 0 destroyed.

Outputs:

dynamodb_table_arn = ""arn:aws:dynamodb:us-east-1:000000000000:table/terraform-lock""
dynamodb_table_name = ""terraform-lock""
s3_bucket_arn = ""arn:aws:s3:::terraform-states-000000000000-us-east-1""
s3_bucket_name = ""terraform-states-000000000000-us-east-1""
s3_bucket_region = ""us-east-1""

--- ERRORS ---",
terrads_2bd05651769e,Zenodo/TerraDS,iac_benchmark/scenarios/terrads_2bd05651769e,234,1391,8,11,3,True,True,0,0,0,0,0,True,"--- INIT LOG ---
Initializing provider plugins...
- Finding latest version of hashicorp/aws...
- Installing hashicorp/aws v6.54.0...
- Installed hashicorp/aws v6.54.0 (signed by HashiCorp)
Terraform has created a lock file .terraform.lock.hcl to record the provider
selections it made above. Include this file in your version control repository
so that Terraform can guarantee to make the same selections by default when
you run ""terraform init"" in the future.

Terraform has been successfully initialized!

You may now begin working with Terraform. Try running ""terraform plan"" to see
any changes th

...[LOG TRUNCATED]...

0]
aws_route_table.rt_rtb: Creation complete after 1s [id=rtb-c320315c9f6eeb158]
aws_route_table_association.rt_assoc_public: Creating...
aws_route_table_association.rt_assoc_public: Creation complete after 0s [id=rtbassoc-1eddc9b862c174c36]
aws_security_group.sg_webserver: Creation complete after 1s [id=sg-4f000eb5718d3b547]

Apply complete! Resources: 8 added, 0 changed, 0 destroyed.

Outputs:

private_subnet_output = ""subnet-5f3271214eca26b1c""
public_subnet_output = ""subnet-97f67fa6b6788b0f2""
sg_rds_output = ""sg-6b89ce857dd4b96c0""
sg_webserver_output = ""sg-4f000eb5718d3b547""

--- ERRORS ---",
terrads_e7daf7dc2b92,Zenodo/TerraDS,iac_benchmark/scenarios/terrads_e7daf7dc2b92,62,659,2,2,1,True,True,0,0,0,0,0,True,"--- INIT LOG ---
Initializing provider plugins...
- Finding latest version of kreuzwerker/docker...
- Finding latest version of hashicorp/aws...
- Installing kreuzwerker/docker v4.5.0...
- Installed kreuzwerker/docker v4.5.0 (self-signed, key ID 0DCE698927DAF8EC)
- Installing hashicorp/aws v6.55.0...
- Installed hashicorp/aws v6.55.0 (signed by HashiCorp)
Partner and community providers are signed by their developers.
If you'd like to know more about provider signing, you can read about it here:
https://developer.hashicorp.com/terraform/cli/plugins/signing
Terraform has created a lock file .te

...[LOG TRUNCATED]...

049d63278d7251d91185bb5111d2563d58729a5c9179b0nginx:1.23.4]
docker_container.nginx: Creating...
docker_container.nginx: Creation complete after 0s [id=757905c00bbc116f73d14cfff0d8582715be82b0a87660a5a5e253bbc772623d]

Apply complete! Resources: 2 added, 0 changed, 0 destroyed.

Outputs:

container_network_info = tolist([
  {
    ""gateway"" = ""172.17.0.1""
    ""global_ipv6_address"" = """"
    ""global_ipv6_prefix_length"" = 0
    ""ip_address"" = ""172.17.0.2""
    ""ip_prefix_length"" = 16
    ""ipv6_gateway"" = """"
    ""mac_address"" = ""a2:54:f7:b2:8e:13""
    ""network_name"" = ""bridge""
  },
])

--- ERRORS ---",
terrads_5b4e0301422a,Zenodo/TerraDS,iac_benchmark/scenarios/terrads_5b4e0301422a,214,1794,5,3,3,True,True,0,0,0,0,0,True,"--- INIT LOG ---
Initializing provider plugins...
- Finding latest version of hashicorp/aws...
- Finding latest version of hashicorp/random...
- Installing hashicorp/aws v6.54.0...
- Installed hashicorp/aws v6.54.0 (signed by HashiCorp)
- Installing hashicorp/random v3.9.0...
- Installed hashicorp/random v3.9.0 (signed by HashiCorp)
Terraform has created a lock file .terraform.lock.hcl to record the provider
selections it made above. Include this file in your version control repository
so that Terraform can guarantee to make the same selections by default when
you run ""terraform init"" in the f

...[LOG TRUNCATED]...

nly_policy: Creating...
aws_iam_role_policy_attachment.prismacloud_role_policy_attachment: Creation complete after 0s [id=PrismaCloudReadWriteRole/arn:aws:iam::aws:policy/SecurityAudit]
aws_iam_role_policy.prismacloud_iam_readonly_policy: Creation complete after 0s [id=PrismaCloudReadWriteRole:PrismaCloud-IAM-ReadOnly-Policy]

Apply complete! Resources: 4 added, 0 changed, 0 destroyed.

Outputs:

account_id = ""000000000000""
external_id = ""o6QCQx0VhuDQWj8myF7UgpfkR5vdhxZK""
role_arn = ""arn:aws:iam::000000000000:role/PrismaCloudReadWriteRole""
role_name = ""PrismaCloudReadWriteRole""

--- ERRORS ---",
terrads_300ccc10f9e0,Zenodo/TerraDS,iac_benchmark/scenarios/terrads_300ccc10f9e0,67,449,7,0,1,True,True,0,0,0,0,0,True,"--- INIT LOG ---
Initializing provider plugins...
- Finding latest version of hashicorp/aws...
- Installing hashicorp/aws v6.56.0...
- Installed hashicorp/aws v6.56.0 (signed by HashiCorp)
Terraform has created a lock file .terraform.lock.hcl to record the provider
selections it made above. Include this file in your version control repository
so that Terraform can guarantee to make the same selections by default when
you run ""terraform init"" in the future.

Terraform has been successfully initialized!

You may now begin working with Terraform. Try running ""terraform plan"" to see
any changes th

...[LOG TRUNCATED]...

complete after 0s [id=kamia-consulting-finance-data-bucket]
aws_s3_bucket_cors_configuration.prod_media: Creation complete after 0s [id=kamia-consulting-finance-data-bucket]
aws_s3_bucket_ownership_controls.s3_bucket_acl_ownership: Creating...
aws_s3_bucket_ownership_controls.s3_bucket_acl_ownership: Creation complete after 0s [id=kamia-consulting-finance-data-bucket]
aws_s3_bucket_acl.prod_media: Creating...
aws_s3_bucket_acl.prod_media: Creation complete after 0s [id=kamia-consulting-finance-data-bucket,public-read]

Apply complete! Resources: 7 added, 0 changed, 0 destroyed.

--- ERRORS ---",
terrads_89f6b1346977,Zenodo/TerraDS,iac_benchmark/scenarios/terrads_89f6b1346977,43,222,2,1,1,True,True,0,0,0,0,0,True,"--- INIT LOG ---
Initializing provider plugins...
- Finding kreuzwerker/docker versions matching ""~> 2.22.0""...
- Finding latest version of hashicorp/aws...
- Installing kreuzwerker/docker v2.22.0...
- Installed kreuzwerker/docker v2.22.0 (self-signed, key ID BD080C4571C6104C)
- Installing hashicorp/aws v6.56.0...
- Installed hashicorp/aws v6.56.0 (signed by HashiCorp)
Partner and community providers are signed by their developers.
If you'd like to know more about provider signing, you can read about it here:
https://developer.hashicorp.com/terraform/cli/plugins/signing
Terraform has created a

...[LOG TRUNCATED]...

 (known after apply)
docker_image.nginx: Creating...
docker_image.nginx: Creation complete after 0s [id=sha256:8e10956422503824ebb599f37c26a90fe70541942687f70bbdb744530fc9eba4nginx:1.19.6]
docker_container.nginx: Creating...
docker_container.nginx: Creation complete after 0s [id=80e3858ddfa85c472cf5fe97f0b9f607d9dcdec78b22a1bb8f7443d79ecb344b]

Apply complete! Resources: 2 added, 0 changed, 0 destroyed.

Outputs:

container_id = ""80e3858ddfa85c472cf5fe97f0b9f607d9dcdec78b22a1bb8f7443d79ecb344b""
image_id = ""sha256:8e10956422503824ebb599f37c26a90fe70541942687f70bbdb744530fc9eba4""

--- ERRORS ---",
terrads_194b03d565b8,Zenodo/TerraDS,iac_benchmark/scenarios/terrads_194b03d565b8,46,249,2,1,1,True,True,0,0,0,0,0,True,"--- INIT LOG ---
Initializing provider plugins...
- Finding kreuzwerker/docker versions matching ""~> 2.22.0""...
- Finding latest version of hashicorp/aws...
- Installing kreuzwerker/docker v2.22.0...
- Installed kreuzwerker/docker v2.22.0 (self-signed, key ID BD080C4571C6104C)
- Installing hashicorp/aws v6.56.0...
- Installed hashicorp/aws v6.56.0 (signed by HashiCorp)
Partner and community providers are signed by their developers.
If you'd like to know more about provider signing, you can read about it here:
https://developer.hashicorp.com/terraform/cli/plugins/signing
Terraform has created a

...[LOG TRUNCATED]...

r apply)
docker_image.nginx: Creating...
docker_image.nginx: Creation complete after 1s [id=sha256:5a88c9c45479443d7be2eadc894b4ed0a9801bae03d97a5760ae13b5c2005942nginx:latest]
docker_container.nginx: Creating...
docker_container.nginx: Creation complete after 0s [id=e43d442ded7e12474dc88a3518e55696bb3ab27ad8dc5b7ea244cbe7aad6d40d]

Apply complete! Resources: 2 added, 0 changed, 0 destroyed.

Outputs:

container_id = ""e43d442ded7e12474dc88a3518e55696bb3ab27ad8dc5b7ea244cbe7aad6d40d""
image_id = ""sha256:5a88c9c45479443d7be2eadc894b4ed0a9801bae03d97a5760ae13b5c2005942nginx:latest""

--- ERRORS ---",
terrads_c95b1c58c976,Zenodo/TerraDS,iac_benchmark/scenarios/terrads_c95b1c58c976,61,342,3,0,1,True,True,0,0,0,0,0,True,"--- INIT LOG ---
Initializing provider plugins...
- Finding latest version of hashicorp/aws...
- Finding hashicorp/time versions matching ""~> 0.7.2""...
- Finding kreuzwerker/docker versions matching ""~> 2.22.0""...
- Finding hashicorp/random versions matching ""~> 3.1.0""...
- Installing hashicorp/aws v6.55.0...
- Installed hashicorp/aws v6.55.0 (signed by HashiCorp)
- Installing hashicorp/time v0.7.2...
- Installed hashicorp/time v0.7.2 (signed by HashiCorp)
- Installing kreuzwerker/docker v2.22.0...
- Installed kreuzwerker/docker v2.22.0 (self-signed, key ID BD080C4571C6104C)
- Installing hashi

...[LOG TRUNCATED]...

after 1s [id=f4c326cbfb47b65674023caff0e148dbe91db864e75c22c06a0fa02768e83638]
docker_container.nginx[0]: Creation complete after 1s [id=b87141d8fc2304563b9dfc33db8c9dddf1e0a988d42e39507df3f80da97cd154]

Apply complete! Resources: 6 added, 0 changed, 0 destroyed.

Outputs:

nginx_hosts = [
  {
    ""host"" = ""0.0.0.0:8000""
    ""name"" = ""nginx-pleasant-boa-0""
  },
  {
    ""host"" = ""0.0.0.0:8001""
    ""name"" = ""nginx-pleasant-boa-1""
  },
  {
    ""host"" = ""0.0.0.0:8002""
    ""name"" = ""nginx-pleasant-boa-2""
  },
  {
    ""host"" = ""0.0.0.0:8003""
    ""name"" = ""nginx-pleasant-boa-3""
  },
]

--- ERRORS ---",
terrads_91609b0f19d3,Zenodo/TerraDS,iac_benchmark/scenarios/terrads_91609b0f19d3,55,334,6,1,1,True,True,0,0,0,0,0,True,"--- INIT LOG ---
Initializing provider plugins...
- Finding latest version of hashicorp/aws...
- Installing hashicorp/aws v6.56.0...
- Installed hashicorp/aws v6.56.0 (signed by HashiCorp)
Terraform has created a lock file .terraform.lock.hcl to record the provider
selections it made above. Include this file in your version control repository
so that Terraform can guarantee to make the same selections by default when
you run ""terraform init"" in the future.

Terraform has been successfully initialized!

You may now begin working with Terraform. Try running ""terraform plan"" to see
any changes th

...[LOG TRUNCATED]...

a339d73f46133]
aws_internet_gateway.igw: Creation complete after 0s [id=igw-f7502224e8834b446]
aws_route_table.public_rt: Creating...
aws_route_table.public_rt: Creation complete after 0s [id=rtb-e65c96bdede9ad6d1]
aws_route_table_association.public_rt_assoc: Creating...
aws_route_table_association.public_rt_assoc: Creation complete after 0s [id=rtbassoc-7df9c2adb85820388]

Apply complete! Resources: 6 added, 0 changed, 0 destroyed.

Outputs:

eip = ""127.126.148.43""
eip_id = ""eipalloc-47c7aeafe775d325f""
vpc_id = ""vpc-00bc1bc90ca1637d2""
vpc_subnet_id = ""subnet-52a5a339d73f46133""

--- ERRORS ---",
terrads_40243d18d58c,Zenodo/TerraDS,iac_benchmark/scenarios/terrads_40243d18d58c,52,273,2,3,1,True,True,0,0,0,0,0,True,"--- INIT LOG ---
Initializing provider plugins...
- Finding kreuzwerker/docker versions matching ""~> 2.22.0""...
- Finding latest version of hashicorp/aws...
- Installing kreuzwerker/docker v2.22.0...
- Installed kreuzwerker/docker v2.22.0 (self-signed, key ID BD080C4571C6104C)
- Installing hashicorp/aws v6.55.0...
- Installed hashicorp/aws v6.55.0 (signed by HashiCorp)
Partner and community providers are signed by their developers.
If you'd like to know more about provider signing, you can read about it here:
https://developer.hashicorp.com/terraform/cli/plugins/signing
Terraform has created a

...[LOG TRUNCATED]...

   = (known after apply)
      + name         = ""nginx:1.23.4""
      + output       = (known after apply)
      + repo_digest  = (known after apply)
    }

Plan: 2 to add, 0 to change, 0 to destroy.
docker_image.nginx: Creating...
docker_image.nginx: Creation complete after 1s [id=sha256:f5747a42e3adcb3168049d63278d7251d91185bb5111d2563d58729a5c9179b0nginx:1.23.4]
docker_container.nginx: Creating...
docker_container.nginx: Creation complete after 0s [id=0f0430d73e6fc5910a3a94508ad0bb7d8c2e873ddbd32483b8c877dd3c019051]

Apply complete! Resources: 2 added, 0 changed, 0 destroyed.

--- ERRORS ---",
terrads_d4615458826f,Zenodo/TerraDS,iac_benchmark/scenarios/terrads_d4615458826f,52,269,2,3,1,True,True,0,0,0,0,0,True,"--- INIT LOG ---
Initializing provider plugins...
- Finding latest version of hashicorp/aws...
- Finding kreuzwerker/docker versions matching ""~> 2.22.0""...
- Installing hashicorp/aws v6.55.0...
- Installed hashicorp/aws v6.55.0 (signed by HashiCorp)
- Installing kreuzwerker/docker v2.22.0...
- Installed kreuzwerker/docker v2.22.0 (self-signed, key ID BD080C4571C6104C)
Partner and community providers are signed by their developers.
If you'd like to know more about provider signing, you can read about it here:
https://developer.hashicorp.com/terraform/cli/plugins/signing
Terraform has created a

...[LOG TRUNCATED]...

   = (known after apply)
      + name         = ""nginx:latest""
      + output       = (known after apply)
      + repo_digest  = (known after apply)
    }

Plan: 2 to add, 0 to change, 0 to destroy.
docker_image.nginx: Creating...
docker_image.nginx: Creation complete after 0s [id=sha256:b5a9a3cfc86b81dd6f1458d53f2ad2b559cc255653d2efd6cacee5636bf2066fnginx:latest]
docker_container.nginx: Creating...
docker_container.nginx: Creation complete after 0s [id=040ee89b8899a3d3155a0736f3964410cad0e3bcba4825f96adb923301216f7f]

Apply complete! Resources: 2 added, 0 changed, 0 destroyed.

--- ERRORS ---",
gh_ee089b0d,Tianyi2/IRIS,iac_benchmark/scenarios/gh_ee089b0d,292,2251,16,0,4,True,True,0,0,1,0,0,True,"--- INIT LOG ---
Initializing provider plugins...
- Finding latest version of hashicorp/aws...
- Installing hashicorp/aws v6.51.0...
- Installed hashicorp/aws v6.51.0 (signed by HashiCorp)
Terraform has created a lock file .terraform.lock.hcl to record the provider
selections it made above. Include this file in your version control repository
so that Terraform can guarantee to make the same selections by default when
you run ""terraform init"" in the future.

Terraform has been successfully initialized!

You may now begin working with Terraform. Try running ""terraform plan"" to see
any changes that are required for your infrastructure. All Terraform commands
should now work.

If you ever set or change modules or backend configuration for Terraform,
rerun this command to reinitialize your working directory. If you forget, other
commands will detect it and remind you to do so if necessary.

--- APPLY LOG ---
data.aws_iam_policy.AWSElasticDisasterRecoveryFailbackPolicy: Reading...
data.aws_iam_policy.AWSElasticDisasterRecoveryRecoveryInstancePolicy: Reading...
data.aws_iam_policy.AWSElasticDisasterRecoveryReplicationServerPolicy: Reading...
data.aws_iam_policy.AmazonSSMManagedInstanceCore: Reading...
data.aws_iam_policy.AWSElasticDisasterRecoveryAgentPolicy: Reading...
data.aws_iam_policy.AWSElasticDisasterRecoveryConversionServerPolicy: Reading...
data.aws_caller_identity.current: Reading...
data.aws_caller_identity.current: Read complete after 0s [id=000000000000]
data.aws_iam_po

...[LOG TRUNCATED]...

arn:aws:iam::aws:policy/AmazonSSMManagedInstanceCore]
aws_iam_role_policy_attachment.AWSElasticDisasterRecoveryAgentRole: Creation complete after 0s [id=AWSElasticDisasterRecoveryAgentRole/arn:aws:iam::aws:policy/service-role/AWSElasticDisasterRecoveryAgentPolicy]
aws_iam_role_policy_attachment.AWSElasticDisasterRecoveryRecoveryInstanceWithLaunchActionsRole1: Creation complete after 0s [id=AWSElasticDisasterRecoveryRecoveryInstanceWithLaunchActionsRole/arn:aws:iam::aws:policy/service-role/AWSElasticDisasterRecoveryRecoveryInstancePolicy]
aws_iam_role_policy_attachment.Initializer: Creation complete after 0s [id=AWSElasticDisasterRecoveryInitializerRole/arn:aws:iam::000000000000:policy/InitializePolicy]
aws_iam_role_policy_attachment.AWSElasticDisasterRecoveryConversionServerRole: Creation complete after 0s [id=AWSElasticDisasterRecoveryConversionServerRole/arn:aws:iam::aws:policy/service-role/AWSElasticDisasterRecoveryConversionServerPolicy]
aws_iam_role_policy_attachment.AWSElasticDisasterRecoveryFailbackRole: Creation complete after 0s [id=AWSElasticDisasterRecoveryFailbackRole/arn:aws:iam::aws:policy/service-role/AWSElasticDisasterRecoveryFailbackPolicy]
aws_iam_role_policy_attachment.AWSElasticDisasterRecoveryReplicationServerRole: Creation complete after 0s [id=AWSElasticDisasterRecoveryReplicationServerRole/arn:aws:iam::aws:policy/service-role/AWSElasticDisasterRecoveryReplicationServerPolicy]

Apply complete! Resources: 16 added, 0 changed, 0 destroyed.

--- ERRORS ---",
terrads_ab29a89ae386,Zenodo/TerraDS,iac_benchmark/scenarios/terrads_ab29a89ae386,89,534,4,1,2,True,True,0,0,0,0,0,True,"--- INIT LOG ---
Initializing provider plugins...
- Finding latest version of hashicorp/aws...
- Installing hashicorp/aws v6.54.0...
- Installed hashicorp/aws v6.54.0 (signed by HashiCorp)
Terraform has created a lock file .terraform.lock.hcl to record the provider
selections it made above. Include this file in your version control repository
so that Terraform can guarantee to make the same selections by default when
you run ""terraform init"" in the future.

Terraform has been successfully initialized!

You may now begin working with Terraform. Try running ""terraform plan"" to see
any changes th

...[LOG TRUNCATED]...

_cloudfront_distribution.main: Still creating... [00m10s elapsed]
aws_cloudfront_distribution.main: Still creating... [00m20s elapsed]
aws_cloudfront_distribution.main: Still creating... [00m30s elapsed]
aws_cloudfront_distribution.main: Creation complete after 30s [id=7e5fca0f]
aws_s3_bucket_policy.main: Creating...
aws_s3_bucket_policy.main: Creation complete after 0s [id=my-bucket-0fiesvn0oj]

Apply complete! Resources: 4 added, 0 changed, 0 destroyed.

Outputs:

cloudfront_domain_name = ""7e5fca0f.cloudfront.localhost.localstack.cloud""
s3_bucket_name = ""my-bucket-0fiesvn0oj""

--- ERRORS ---",
terrads_5a2b7392f26e,Zenodo/TerraDS,iac_benchmark/scenarios/terrads_5a2b7392f26e,32,146,2,1,1,True,True,0,0,0,0,0,True,"--- INIT LOG ---
Initializing provider plugins...
- Finding kreuzwerker/docker versions matching ""~> 2.16.0""...
- Finding latest version of hashicorp/aws...
- Installing kreuzwerker/docker v2.16.0...
- Installed kreuzwerker/docker v2.16.0 (self-signed, key ID BD080C4571C6104C)
- Installing hashicorp/aws v6.55.0...
- Installed hashicorp/aws v6.55.0 (signed by HashiCorp)
Partner and community providers are signed by their developers.
If you'd like to know more about provider signing, you can read about it here:
https://developer.hashicorp.com/terraform/cli/plugins/signing
Terraform has created a

...[LOG TRUNCATED]...

roy.

Changes to Outputs:
  + nginx_image = (known after apply)
docker_image.nginx: Creating...
docker_image.nginx: Creation complete after 10s [id=sha256:a74534e76ee1121d418fa7394ca930eb67440deda413848bc67c68138535b989nginx:1.21.6-alpine]
docker_container.nginx: Creating...
docker_container.nginx: Creation complete after 0s [id=d558e58c143ee61e5dc8218e68f294528d5c1cfce1b3bf6990ec95d3f7bc10b5]

Apply complete! Resources: 2 added, 0 changed, 0 destroyed.

Outputs:

nginx_image = ""nginx:1.21.6-alpine (nginx@sha256:a74534e76ee1121d418fa7394ca930eb67440deda413848bc67c68138535b989)""

--- ERRORS ---",
terrads_4e8fd48d9810,Zenodo/TerraDS,iac_benchmark/scenarios/terrads_4e8fd48d9810,138,894,6,8,2,True,True,0,0,0,0,0,True,"--- INIT LOG ---
Initializing provider plugins...
- Finding latest version of hashicorp/aws...
- Installing hashicorp/aws v6.55.0...
- Installed hashicorp/aws v6.55.0 (signed by HashiCorp)
Terraform has created a lock file .terraform.lock.hcl to record the provider
selections it made above. Include this file in your version control repository
so that Terraform can guarantee to make the same selections by default when
you run ""terraform init"" in the future.

Terraform has been successfully initialized!

You may now begin working with Terraform. Try running ""terraform plan"" to see
any changes th

...[LOG TRUNCATED]...

3b0329d00f8]
aws_route_table_association.public[1]: Creating...
aws_route_table_association.public[0]: Creating...
aws_route_table_association.public[1]: Creation complete after 0s [id=rtbassoc-4af35c59c85a1a496]
aws_route_table_association.public[0]: Creation complete after 0s [id=rtbassoc-0519201b54b296f80]

Apply complete! Resources: 9 added, 0 changed, 0 destroyed.

Outputs:

private_subnet_ids = [
  ""subnet-49572e75288b08606"",
  ""subnet-73f12652e78429451"",
]
public_subnet_ids = [
  ""subnet-7ee1a752b278e2e09"",
  ""subnet-4a9b5e3b0329d00f8"",
]
vpc_id = ""vpc-1d67094d7a2cb9c0a""

--- ERRORS ---",
terrads_fd660bbabded,Zenodo/TerraDS,iac_benchmark/scenarios/terrads_fd660bbabded,47,301,3,0,1,True,True,0,0,0,0,0,True,"--- INIT LOG ---
Initializing provider plugins...
- Finding latest version of hashicorp/aws...
- Installing hashicorp/aws v6.54.0...
- Installed hashicorp/aws v6.54.0 (signed by HashiCorp)
Terraform has created a lock file .terraform.lock.hcl to record the provider
selections it made above. Include this file in your version control repository
so that Terraform can guarantee to make the same selections by default when
you run ""terraform init"" in the future.

Terraform has been successfully initialized!

You may now begin working with Terraform. Try running ""terraform plan"" to see
any changes th

...[LOG TRUNCATED]...

er 0s [id=arn:aws:iam::000000000000:policy/express-like-lambda-example-logs]
aws_iam_role.express-like-lambda-example: Creation complete after 0s [id=express-like-lambda-example]
aws_iam_role_policy_attachment.attach-logs: Creating...
aws_iam_role_policy_attachment.attach-logs: Creation complete after 0s [id=express-like-lambda-example/arn:aws:iam::000000000000:policy/express-like-lambda-example-logs]

Apply complete! Resources: 3 added, 0 changed, 0 destroyed.

Outputs:

aws-iam-role-express-like-lambda-example-arn = ""arn:aws:iam::000000000000:role/express-like-lambda-example""

--- ERRORS ---",
terrads_bb382f0f3fd1,Zenodo/TerraDS,iac_benchmark/scenarios/terrads_bb382f0f3fd1,401,2360,14,3,5,True,True,0,0,0,0,0,True,"--- INIT LOG ---
Initializing provider plugins...
- Finding latest version of hashicorp/local...
- Finding latest version of hashicorp/aws...
- Installing hashicorp/local v2.9.0...
- Installed hashicorp/local v2.9.0 (signed by HashiCorp)
- Installing hashicorp/aws v6.56.0...
- Installed hashicorp/aws v6.56.0 (signed by HashiCorp)
Terraform has created a lock file .terraform.lock.hcl to record the provider
selections it made above. Include this file in your version control repository
so that Terraform can guarantee to make the same selections by default when
you run ""terraform init"" in the futu

...[LOG TRUNCATED]...

et"" ""tfstate_backends"":
   9: resource ""aws_s3_bucket"" ""tfstate_backends"" {

versioning is deprecated. Use the aws_s3_bucket_versioning resource instead.

(and 13 more similar warnings elsewhere)

Warning: Deprecated attribute

  on replication.tf line 82, in resource ""aws_iam_policy"" ""replication"":
  82:           ""kms:ViaService"": ""s3.${data.aws_region.tfstate_backends.name}.amazonaws.com"",

The attribute ""name"" is deprecated. Refer to the provider documentation for
details.

(and 7 more similar warnings elsewhere)

Apply complete! Resources: 11 added, 0 changed, 0 destroyed.

--- ERRORS ---",
terrads_ce6129ad593e,Zenodo/TerraDS,iac_benchmark/scenarios/terrads_ce6129ad593e,32,181,2,0,1,True,True,0,0,0,0,0,True,"--- INIT LOG ---
Initializing provider plugins...
- Finding latest version of hashicorp/aws...
- Installing hashicorp/aws v6.56.0...
- Installed hashicorp/aws v6.56.0 (signed by HashiCorp)
Terraform has created a lock file .terraform.lock.hcl to record the provider
selections it made above. Include this file in your version control repository
so that Terraform can guarantee to make the same selections by default when
you run ""terraform init"" in the future.

Terraform has been successfully initialized!

You may now begin working with Terraform. Try running ""terraform plan"" to see
any changes th

...[LOG TRUNCATED]...

nge, 0 to destroy.

Changes to Outputs:
  + dynamodb_table_name = ""terraform-locks-week3-files""
  + s3_bucket_arn       = (known after apply)
aws_dynamodb_table.mydynamodbtable: Creating...
aws_s3_bucket.mys3bucket: Creating...
aws_s3_bucket.mys3bucket: Creation complete after 0s [id=akbun-t101study-tfstate]
aws_dynamodb_table.mydynamodbtable: Creation complete after 7s [id=terraform-locks-week3-files]

Apply complete! Resources: 2 added, 0 changed, 0 destroyed.

Outputs:

dynamodb_table_name = ""terraform-locks-week3-files""
s3_bucket_arn = ""arn:aws:s3:::akbun-t101study-tfstate""

--- ERRORS ---",
terrads_389136640104,Zenodo/TerraDS,iac_benchmark/scenarios/terrads_389136640104,51,280,2,3,1,True,True,0,0,0,0,0,True,"--- INIT LOG ---
Initializing provider plugins...
- Finding kreuzwerker/docker versions matching ""~> 2.22.0""...
- Finding latest version of hashicorp/aws...
- Installing kreuzwerker/docker v2.22.0...
- Installed kreuzwerker/docker v2.22.0 (self-signed, key ID BD080C4571C6104C)
- Installing hashicorp/aws v6.54.0...
- Installed hashicorp/aws v6.54.0 (signed by HashiCorp)
Partner and community providers are signed by their developers.
If you'd like to know more about provider signing, you can read about it here:
https://developer.hashicorp.com/terraform/cli/plugins/signing
Terraform has created a

...[LOG TRUNCATED]...

   = (known after apply)
      + name         = ""nginx:1.23.4""
      + output       = (known after apply)
      + repo_digest  = (known after apply)
    }

Plan: 2 to add, 0 to change, 0 to destroy.
docker_image.nginx: Creating...
docker_image.nginx: Creation complete after 0s [id=sha256:f5747a42e3adcb3168049d63278d7251d91185bb5111d2563d58729a5c9179b0nginx:1.23.4]
docker_container.nginx: Creating...
docker_container.nginx: Creation complete after 0s [id=c6f6edd3a1eaf81d58b88fa8259ca58edc0cfd678cbe633704f8ee346330f48b]

Apply complete! Resources: 2 added, 0 changed, 0 destroyed.

--- ERRORS ---",
terrads_15dc7dba11b2,Zenodo/TerraDS,iac_benchmark/scenarios/terrads_15dc7dba11b2,729,5256,12,38,5,True,True,0,0,0,0,0,True,"--- INIT LOG ---
Initializing provider plugins...
- Finding hashicorp/aws versions matching "">= 4.47.0""...
- Installing hashicorp/aws v6.53.0...
- Installed hashicorp/aws v6.53.0 (signed by HashiCorp)
Terraform has created a lock file .terraform.lock.hcl to record the provider
selections it made above. Include this file in your version control repository
so that Terraform can guarantee to make the same selections by default when
you run ""terraform init"" in the future.

Terraform has been successfully initialized!

You may now begin working with Terraform. Try running ""terraform plan"" to see
an

...[LOG TRUNCATED]...

instance_profile_unique = ""AIPAQAAAAAAAI5KQNKC2B""
irsa_arn = ""arn:aws:iam::000000000000:role/KarpenterIRSA--b40a97ee0c24b48703265f69db""
irsa_name = ""KarpenterIRSA--b40a97ee0c24b48703265f69db""
irsa_unique_id = ""AROAQAAAAAAAO6ZFWVSUR""
queue_arn = ""arn:aws:sqs:us-east-1:000000000000:Karpenter-""
queue_name = ""Karpenter-""
queue_url = ""http://sqs.us-east-1.localhost.localstack.cloud:4566/000000000000/Karpenter-""
role_arn = ""arn:aws:iam::000000000000:role/Karpenter--57bf14b5a543aaac4a3e675c88""
role_name = ""Karpenter--57bf14b5a543aaac4a3e675c88""
role_unique_id = ""AROAQAAAAAAAAC4QNCXQL""

--- ERRORS ---","NON-JSON OUTPUT:
"
terrads_d89487dba473,Zenodo/TerraDS,iac_benchmark/scenarios/terrads_d89487dba473,69,424,2,1,1,True,True,0,0,0,0,0,True,"NON-JSON OUTPUT:
","--- INIT LOG ---
Initializing provider plugins...
- Finding latest version of hashicorp/aws...
- Installing hashicorp/aws v6.52.0...
- Installed hashicorp/aws v6.52.0 (signed by HashiCorp)
Terraform has created a lock file .terraform.lock.hcl to record the provider
selections it made above. Include this file in your version control repository
so that Terraform can guarantee to make the same selections by default when
you run ""terraform init"" in the future.

Terraform has been successfully initialized!

You may now begin working with Terraform. Try running ""terraform plan"" to see
any changes th

...[LOG TRUNCATED]...

 = (known after apply)
    }

Plan: 2 to add, 0 to change, 0 to destroy.

Changes to Outputs:
  + cmk_alias = ""alias/kms-cmk-example""
  + cmk_arn   = (known after apply)
aws_kms_key.cmk: Creating...
aws_kms_key.cmk: Creation complete after 4s [id=76fbc86c-43f6-473a-b9f8-5d3dd798bef3]
aws_kms_alias.cmk: Creating...
aws_kms_alias.cmk: Creation complete after 1s [id=alias/kms-cmk-example]

Apply complete! Resources: 2 added, 0 changed, 0 destroyed.

Outputs:

cmk_alias = ""alias/kms-cmk-example""
cmk_arn = ""arn:aws:kms:us-east-2:000000000000:key/76fbc86c-43f6-473a-b9f8-5d3dd798bef3""

--- ERRORS ---"
terrads_a76480be55f4,Zenodo/TerraDS,iac_benchmark/scenarios/terrads_a76480be55f4,76,462,2,1,1,True,True,0,0,0,0,0,True,"--- INIT LOG ---
Initializing provider plugins...
- Finding latest version of hashicorp/aws...
- Installing hashicorp/aws v6.53.0...
- Installed hashicorp/aws v6.53.0 (signed by HashiCorp)
Terraform has created a lock file .terraform.lock.hcl to record the provider
selections it made above. Include this file in your version control repository
so that Terraform can guarantee to make the same selections by default when
you run ""terraform init"" in the future.

Terraform has been successfully initialized!

You may now begin working with Terraform. Try running ""terraform plan"" to see
any changes th

...[LOG TRUNCATED]...

after 0s [id=sg-af70a30b33134f4c7]
aws_security_group_rule.allowssh[1]: Creating...
aws_security_group_rule.allowssh[0]: Creating...
aws_security_group_rule.allowssh[2]: Creating...
aws_security_group_rule.allowssh[1]: Creation complete after 0s [id=sgrule-2733202272]
aws_security_group_rule.allowssh[0]: Creation complete after 0s [id=sgrule-342034133]
aws_security_group_rule.allowssh[2]: Creation complete after 0s [id=sgrule-1063723968]

Apply complete! Resources: 4 added, 0 changed, 0 destroyed.

Outputs:

security_group_id = ""sg-af70a30b33134f4c7""
security_group_name = ""web""

--- ERRORS ---",
terrads_58f26dd6c6d9,Zenodo/TerraDS,iac_benchmark/scenarios/terrads_58f26dd6c6d9,120,680,8,0,2,True,True,0,0,0,0,0,True,"--- INIT LOG ---
Initializing provider plugins...
- Finding latest version of hashicorp/aws...
- Installing hashicorp/aws v6.56.0...
- Installed hashicorp/aws v6.56.0 (signed by HashiCorp)
Terraform has created a lock file .terraform.lock.hcl to record the provider
selections it made above. Include this file in your version control repository
so that Terraform can guarantee to make the same selections by default when
you run ""terraform init"" in the future.

Terraform has been successfully initialized!

You may now begin working with Terraform. Try running ""terraform plan"" to see
any changes th

...[LOG TRUNCATED]...

eating...
aws_route_table_association.private-route-association: Creation complete after 0s [id=rtbassoc-310302d4581635f3c]
aws_route_table.public-route-table: Creation complete after 0s [id=rtb-3ce491ccd26db8f3b]
aws_subnet.public: Still creating... [00m10s elapsed]
aws_subnet.public: Creation complete after 10s [id=subnet-1abf183576d8b23a2]
aws_route_table_association.public-route-association: Creating...
aws_route_table_association.public-route-association: Creation complete after 0s [id=rtbassoc-3357f3a4a16784fc5]

Apply complete! Resources: 8 added, 0 changed, 0 destroyed.

--- ERRORS ---",
terrads_08f3037a110d,Zenodo/TerraDS,iac_benchmark/scenarios/terrads_08f3037a110d,340,2489,6,23,3,True,True,0,0,0,0,0,True,"--- INIT LOG ---
Initializing provider plugins...
- Finding latest version of hashicorp/aws...
- Finding latest version of hashicorp/null...
- Finding latest version of hashicorp/kubernetes...
- Installing hashicorp/aws v6.54.0...
- Installed hashicorp/aws v6.54.0 (signed by HashiCorp)
- Installing hashicorp/null v3.3.0...
- Installed hashicorp/null v3.3.0 (signed by HashiCorp)
- Installing hashicorp/kubernetes v3.2.1...
- Installed hashicorp/kubernetes v3.2.1 (signed by HashiCorp)
Terraform has created a lock file .terraform.lock.hcl to record the provider
selections it made above. Include th

...[LOG TRUNCATED]...

 see
any changes that are required for your infrastructure. All Terraform commands
should now work.

If you ever set or change modules or backend configuration for Terraform,
rerun this command to reinitialize your working directory. If you forget, other
commands will detect it and remind you to do so if necessary.

--- APPLY LOG ---

No changes. Your infrastructure matches the configuration.

Terraform has compared your real infrastructure against your configuration
and found no differences, so no changes are needed.

Apply complete! Resources: 0 added, 0 changed, 0 destroyed.

--- ERRORS ---",
terrads_483cb4dcf1d4,Zenodo/TerraDS,iac_benchmark/scenarios/terrads_483cb4dcf1d4,38,173,2,1,1,True,True,0,0,0,0,0,True,"--- INIT LOG ---
Initializing provider plugins...
- Finding kreuzwerker/docker versions matching ""~> 2.0""...
- Finding latest version of hashicorp/aws...
- Installing kreuzwerker/docker v2.25.0...
- Installed kreuzwerker/docker v2.25.0 (self-signed, key ID BD080C4571C6104C)
- Installing hashicorp/aws v6.55.0...
- Installed hashicorp/aws v6.55.0 (signed by HashiCorp)
Partner and community providers are signed by their developers.
If you'd like to know more about provider signing, you can read about it here:
https://developer.hashicorp.com/terraform/cli/plugins/signing
Terraform has created a lo

...[LOG TRUNCATED]...

ating...
docker_container.nginx: Creation complete after 0s [id=d195a4bb28deb01b6a5575d1f440c6c6aca9d3c11313f7d95fc25bda7465f40d]

Warning: Deprecated attribute

  on main.tf line 18, in resource ""docker_container"" ""nginx"":
  18:   image = docker_image.nginx.latest

The attribute ""latest"" is deprecated. Refer to the provider documentation for
details.

(and 3 more similar warnings elsewhere)

Apply complete! Resources: 2 added, 0 changed, 0 destroyed.

Outputs:

nginxContainerId = ""d195a4bb28deb01b6a5575d1f440c6c6aca9d3c11313f7d95fc25bda7465f40d""
nginxContainerName = ""tutorial""

--- ERRORS ---",
terrads_cf546c1f554b,Zenodo/TerraDS,iac_benchmark/scenarios/terrads_cf546c1f554b,69,322,2,5,1,True,True,0,0,0,0,0,True,"--- INIT LOG ---
Initializing provider plugins...
- Finding hashicorp/aws versions matching ""> 3.7.0""...
- Installing hashicorp/aws v6.55.0...
- Installed hashicorp/aws v6.55.0 (signed by HashiCorp)
Terraform has created a lock file .terraform.lock.hcl to record the provider
selections it made above. Include this file in your version control repository
so that Terraform can guarantee to make the same selections by default when
you run ""terraform init"" in the future.

Warning: Version constraints inside provider configuration blocks are deprecated

  on main.tf line 5, in provider ""aws"":
   5: 

...[LOG TRUNCATED]...

reation complete after 0s [id=1]
aws_elb.bar: Creation complete after 0s [id=defaultelb]

Warning: Version constraints inside provider configuration blocks are deprecated

  on main.tf line 5, in provider ""aws"":
   5:   version    = "">3.7""

Terraform 0.13 and earlier allowed provider version constraints inside the
provider configuration block, but that is now deprecated and will be removed
in a future version of Terraform. To silence this warning, move the provider
version constraint into the required_providers block.

Apply complete! Resources: 2 added, 0 changed, 0 destroyed.

--- ERRORS ---",
gh_4e5f2e8f,Tianyi2/IRIS,iac_benchmark/scenarios/gh_4e5f2e8f,239,1605,3,22,2,True,True,0,0,0,0,0,True,"--- INIT LOG ---
Initializing provider plugins...
- Finding latest version of hashicorp/aws...
- Installing hashicorp/aws v6.54.0...
- Installed hashicorp/aws v6.54.0 (signed by HashiCorp)
Terraform has created a lock file .terraform.lock.hcl to record the provider
selections it made above. Include this file in your version control repository
so that Terraform can guarantee to make the same selections by default when
you run ""terraform init"" in the future.

Terraform has been successfully initialized!

You may now begin working with Terraform. Try running ""terraform plan"" to see
any changes th

...[LOG TRUNCATED]...

l detect it and remind you to do so if necessary.

--- APPLY LOG ---

Changes to Outputs:
  + xray_encryption_config_id = """"
  + xray_group_arn            = """"
  + xray_group_id             = """"
  + xray_sampling_rule_arn    = """"
  + xray_sampling_rule_id     = """"

You can apply this plan to save these new output values to the Terraform
state, without changing any real infrastructure.

Apply complete! Resources: 0 added, 0 changed, 0 destroyed.

Outputs:

xray_encryption_config_id = """"
xray_group_arn = """"
xray_group_id = """"
xray_sampling_rule_arn = """"
xray_sampling_rule_id = """"

--- ERRORS ---",
terrads_8a18be3138e9,Zenodo/TerraDS,iac_benchmark/scenarios/terrads_8a18be3138e9,355,2698,21,0,4,True,True,0,0,0,0,0,True,"--- INIT LOG ---
Initializing provider plugins...
- Finding latest version of hashicorp/aws...
- Installing hashicorp/aws v6.55.0...
- Installed hashicorp/aws v6.55.0 (signed by HashiCorp)
Terraform has created a lock file .terraform.lock.hcl to record the provider
selections it made above. Include this file in your version control repository
so that Terraform can guarantee to make the same selections by default when
you run ""terraform init"" in the future.

Terraform has been successfully initialized!

You may now begin working with Terraform. Try running ""terraform plan"" to see
any changes th

...[LOG TRUNCATED]...

ged, 0 destroyed.

Outputs:

prod_ext_default_sg_id = ""sg-e189f0215b3aa034b""
prod_ext_sub_0_id = ""subnet-da0f5e51dbb79045d""
prod_ext_sub_1_id = ""subnet-d87eaa576ad7d4867""
prod_ext_sub_2_id = ""subnet-e9b524626439dc9dd""
prod_ext_sub_3_id = ""subnet-1f02d8d505f41edad""
prod_ext_vpc_id = ""vpc-07ec874ef830ad3de""
prod_int_default_sg_id = ""sg-b61341b12aef51fad""
prod_int_sub_0_id = ""subnet-3d7fa1cc9b86afc6c""
prod_int_sub_1_id = ""subnet-94dc1465ec54a386e""
prod_int_sub_2_id = ""subnet-93a7369718302803b""
prod_int_sub_3_id = ""subnet-9b05841edf8329678""
prod_int_vpc_id = ""vpc-692a70a8f71c9a04d""

--- ERRORS ---",
gh_f1e0baa7,Tianyi2/IRIS,iac_benchmark/scenarios/gh_f1e0baa7,31,176,2,0,1,True,True,0,0,0,0,0,True,"--- INIT LOG ---
Initializing provider plugins...
- Finding latest version of hashicorp/null...
- Finding latest version of hashicorp/aws...
- Installing hashicorp/null v3.3.0...
- Installed hashicorp/null v3.3.0 (signed by HashiCorp)
- Installing hashicorp/aws v6.56.0...
- Installed hashicorp/aws v6.56.0 (signed by HashiCorp)
Terraform has created a lock file .terraform.lock.hcl to record the provider
selections it made above. Include this file in your version control repository
so that Terraform can guarantee to make the same selections by default when
you run ""terraform init"" in the future.

...[LOG TRUNCATED]...

ple will be created
  + resource ""null_resource"" ""sample"" {
      + id = (known after apply)
    }

  # null_resource.sample_bad_format will be created
  + resource ""null_resource"" ""sample_bad_format"" {
      + id = (known after apply)
    }

Plan: 2 to add, 0 to change, 0 to destroy.
null_resource.sample_bad_format: Creating...
null_resource.sample: Creating...
null_resource.sample_bad_format: Creation complete after 0s [id=8353610869265586490]
null_resource.sample: Creation complete after 0s [id=1166693334545718311]

Apply complete! Resources: 2 added, 0 changed, 0 destroyed.

--- ERRORS ---",
terrads_58aa1a27f593,Zenodo/TerraDS,iac_benchmark/scenarios/terrads_58aa1a27f593,89,608,11,0,2,True,True,0,0,0,0,0,True,"--- INIT LOG ---
Initializing provider plugins...
- Finding latest version of hashicorp/aws...
- Installing hashicorp/aws v6.56.0...
- Installed hashicorp/aws v6.56.0 (signed by HashiCorp)
Terraform has created a lock file .terraform.lock.hcl to record the provider
selections it made above. Include this file in your version control repository
so that Terraform can guarantee to make the same selections by default when
you run ""terraform init"" in the future.

Terraform has been successfully initialized!

You may now begin working with Terraform. Try running ""terraform plan"" to see
any changes th

...[LOG TRUNCATED]...

public_subnet_association: Creation complete after 0s [id=rtbassoc-201f983a45dbf0094]
aws_nat_gateway.elk_nat: Creation complete after 0s [id=nat-a10c71a67d006137f]
aws_route.private_access: Creating...
aws_route.private_access: Creation complete after 0s [id=r-rtb-7f1ab3b46b319bd4a1080289494]

Apply complete! Resources: 11 added, 0 changed, 0 destroyed.

Outputs:

elk_private_subnet_cidr = ""10.0.2.0/24""
elk_private_subnet_id = ""subnet-592c93c0733012536""
elk_public_subnet_cidr = ""10.0.1.0/24""
elk_public_subnet_id = ""subnet-70b43767d12662b65""
elk_vpc_id = ""vpc-597c6c4505e80c1f8""

--- ERRORS ---",
gh_189e2168,Tianyi2/IRIS,iac_benchmark/scenarios/gh_189e2168,118,704,4,4,2,True,True,0,0,0,0,0,True,"--- INIT LOG ---
Initializing provider plugins...
- Finding hashicorp/aws versions matching ""~> 6.0""...
- Installing hashicorp/aws v6.53.0...
- Installed hashicorp/aws v6.53.0 (signed by HashiCorp)
Terraform has created a lock file .terraform.lock.hcl to record the provider
selections it made above. Include this file in your version control repository
so that Terraform can guarantee to make the same selections by default when
you run ""terraform init"" in the future.

Terraform has been successfully initialized!

You may now begin working with Terraform. Try running ""terraform plan"" to see
any c

...[LOG TRUNCATED]...

000000000000:policy/grafana]
aws_iam_role.this: Creation complete after 0s [id=grafana]
aws_iam_role_policy_attachment.grafana: Creating...
aws_iam_role_policy_attachment.cloudwatch: Creating...
aws_iam_role_policy_attachment.cloudwatch: Creation complete after 0s [id=grafana/arn:aws:iam::aws:policy/service-role/AmazonGrafanaCloudWatchAccess]
aws_iam_role_policy_attachment.grafana: Creation complete after 0s [id=grafana/arn:aws:iam::000000000000:policy/grafana]

Apply complete! Resources: 4 added, 0 changed, 0 destroyed.

Outputs:

arn = ""arn:aws:iam::000000000000:role/grafana""

--- ERRORS ---","NON-JSON OUTPUT:
"
terrads_acd23f021f82,Zenodo/TerraDS,iac_benchmark/scenarios/terrads_acd23f021f82,92,630,7,1,2,True,True,0,0,0,0,0,True,"--- INIT LOG ---
Initializing provider plugins...
- Finding latest version of hashicorp/aws...
- Installing hashicorp/aws v6.55.0...
- Installed hashicorp/aws v6.55.0 (signed by HashiCorp)
Terraform has created a lock file .terraform.lock.hcl to record the provider
selections it made above. Include this file in your version control repository
so that Terraform can guarantee to make the same selections by default when
you run ""terraform init"" in the future.

Terraform has been successfully initialized!

You may now begin working with Terraform. Try running ""terraform plan"" to see
any changes th

...[LOG TRUNCATED]...

-13eb586f978a263e2]
aws_security_group_rule.egress: Creation complete after 0s [id=sgrule-759043120]
aws_subnet.public_subnet: Still creating... [00m10s elapsed]
aws_subnet.public_subnet: Creation complete after 10s [id=subnet-7fcabac48203483df]
aws_route_table_association.link_public_access_route_table: Creating...
aws_route_table_association.link_public_access_route_table: Creation complete after 0s [id=rtbassoc-a3456a48db6d26961]

Apply complete! Resources: 7 added, 0 changed, 0 destroyed.

Outputs:

security_group = ""sg-df84b2e6906395975""
subnet = ""subnet-7fcabac48203483df""

--- ERRORS ---",
terrads_2b8b3dc2bc75,Zenodo/TerraDS,iac_benchmark/scenarios/terrads_2b8b3dc2bc75,283,1911,9,3,4,True,True,0,0,0,0,0,True,"--- INIT LOG ---
Initializing modules...
Downloading registry.terraform.io/Young-ook/spinnaker/aws 3.0.2 for aws...
- aws in .terraform/modules/aws/modules/aws-partitions
Downloading registry.terraform.io/Young-ook/spinnaker/aws 3.0.0 for frigga...
- frigga in .terraform/modules/frigga/modules/frigga
Downloading registry.terraform.io/Young-ook/sagemaker/aws 0.4.8 for snapshot...
- snapshot in .terraform/modules/snapshot/modules/s3
Downloading registry.terraform.io/Young-ook/spinnaker/aws 3.0.2 for snapshot.aws...
- snapshot.aws in .terraform/modules/snapshot.aws/modules/aws-partitions
Download

...[LOG TRUNCATED]...

esource_id"" = tostring(null)
        ""compliance_resource_types"" = toset(null) /* of string */
        ""tag_key"" = tostring(null)
        ""tag_value"" = tostring(null)
      },
    ])
    ""source"" = tolist([
      {
        ""custom_policy_details"" = tolist([])
        ""owner"" = ""AWS""
        ""source_detail"" = toset([])
        ""source_identifier"" = ""ROOT_ACCOUNT_MFA_ENABLED""
      },
    ])
    ""tags"" = tomap({
      ""Name"" = ""config-nwijr""
      ""terraform.io"" = ""managed""
    })
    ""tags_all"" = tomap({
      ""Name"" = ""config-nwijr""
      ""terraform.io"" = ""managed""
    })
  }
}

--- ERRORS ---",
terrads_25476de431a3,Zenodo/TerraDS,iac_benchmark/scenarios/terrads_25476de431a3,265,1994,8,15,4,True,True,0,0,0,0,0,True,"--- INIT LOG ---
Initializing provider plugins...
- Finding hashicorp/aws versions matching "">= 4.33.0""...
- Finding latest version of hashicorp/random...
- Installing hashicorp/aws v6.55.0...
- Installed hashicorp/aws v6.55.0 (signed by HashiCorp)
- Installing hashicorp/random v3.9.0...
- Installed hashicorp/random v3.9.0 (signed by HashiCorp)
Terraform has created a lock file .terraform.lock.hcl to record the provider
selections it made above. Include this file in your version control repository
so that Terraform can guarantee to make the same selections by default when
you run ""terraform in

...[LOG TRUNCATED]...

 = ""zcli datastore create <name> [--title=<title>] --dstype=<dstype> [--fqdn=<fqdn>] [--region=<region>] [--apikey=<apikey>] [--apipass=<password>] [--dpath=<dpath>]""
zcli_image_command = ""zcli image create my-image --title=my-image --datastore-name=my-s3-data-store --arch=AMD64 --image-format=qcow2 --image-url=<rel_url> --type=Application""
zcli_image_command_fmt = ""zcli image create <name> --datastore-name=<datastore> --arch=[AMD64|ARM64] --image-format=[raw|qcow|qcow2|vhd|vmdk|ova|vhdx|container] [--image-url=<rel_url>] [--title=<title>] [--type=[Eve|Application|EvePrivate]]""

--- ERRORS ---",
terrads_5b7f8a1983b2,Zenodo/TerraDS,iac_benchmark/scenarios/terrads_5b7f8a1983b2,337,2782,2,22,2,True,True,0,0,0,0,0,True,"--- INIT LOG ---
Initializing provider plugins...
- Finding latest version of hashicorp/aws...
- Installing hashicorp/aws v6.55.0...
- Installed hashicorp/aws v6.55.0 (signed by HashiCorp)
Terraform has created a lock file .terraform.lock.hcl to record the provider
selections it made above. Include this file in your version control repository
so that Terraform can guarantee to make the same selections by default when
you run ""terraform init"" in the future.

Terraform has been successfully initialized!

You may now begin working with Terraform. Try running ""terraform plan"" to see
any changes th

...[LOG TRUNCATED]...

hout changing any real infrastructure.

Warning: Deprecated Resource

  with aws_elastictranscoder_pipeline.elastictranscoder_pipeline,
  on elastictranscoder_pipeline.tf line 4, in resource ""aws_elastictranscoder_pipeline"" ""elastictranscoder_pipeline"":
   4: resource ""aws_elastictranscoder_pipeline"" ""elastictranscoder_pipeline"" {

This resource is deprecated. Use AWS Elemental MediaConvert instead.

(and one more similar warning elsewhere)

Apply complete! Resources: 0 added, 0 changed, 0 destroyed.

Outputs:

elastictranscoder_pipeline_id = """"
elastictranscoder_preset_id = """"

--- ERRORS ---",
gh_ae08fc1d,Tianyi2/IRIS,iac_benchmark/scenarios/gh_ae08fc1d,36,203,3,0,1,True,True,0,0,0,0,0,True,"--- INIT LOG ---
Initializing provider plugins...
- Finding latest version of hashicorp/aws...
- Installing hashicorp/aws v6.52.0...
- Installed hashicorp/aws v6.52.0 (signed by HashiCorp)
Terraform has created a lock file .terraform.lock.hcl to record the provider
selections it made above. Include this file in your version control repository
so that Terraform can guarantee to make the same selections by default when
you run ""terraform init"" in the future.

Terraform has been successfully initialized!

You may now begin working with Terraform. Try running ""terraform plan"" to see
any changes that are required for your infrastructure. All Terraform commands
should now work.

If you ever set or change modules or backend configuration for Terraform,
rerun this command to reinitialize your working directory. If you forget, other
commands will detect it and remind you to do so if necessary.

--- APPLY LOG ---

Terraform used the selected providers to generate the following execution
plan. Resource actions are indicated with the following symbols:
  + create

Terraform will perform the following actions:

  # aws_iam_instance_profile.examplea will be created
  + resource ""aws_iam_instance_profile"" ""examplea"" {
      + arn         = (known after apply)
      + create_date = (known after apply)
      + id          = (known after apply)
      + name        = (known after apply)
      + name_prefix = ""imagebuilder_""
      + path        = ""/""
      + role        = (known after apply)
   

...[LOG TRUNCATED]...

e, 0 to destroy.

Changes to Outputs:
  + instance_profile = {
      + arn         = (known after apply)
      + create_date = (known after apply)
      + id          = (known after apply)
      + name        = (known after apply)
      + name_prefix = ""imagebuilder_""
      + path        = ""/""
      + role        = (known after apply)
      + tags        = null
      + tags_all    = (known after apply)
      + unique_id   = (known after apply)
    }
aws_iam_role.pike: Creating...
aws_iam_role.pike: Creation complete after 0s [id=imagebuilder_80badd4d89052448b4999e699a]
aws_iam_role_policy_attachment.builder: Creating...
aws_iam_instance_profile.examplea: Creating...
aws_iam_role_policy_attachment.builder: Creation complete after 0s [id=imagebuilder_80badd4d89052448b4999e699a/arn:aws:iam::aws:policy/AWSImageBuilderFullAccess]
aws_iam_instance_profile.examplea: Creation complete after 6s [id=imagebuilder_2c06583828604f7248d19c69a3]

Apply complete! Resources: 3 added, 0 changed, 0 destroyed.

Outputs:

instance_profile = {
  ""arn"" = ""arn:aws:iam::000000000000:instance-profile/imagebuilder_2c06583828604f7248d19c69a3""
  ""create_date"" = ""2026-06-25T04:14:58Z""
  ""id"" = ""imagebuilder_2c06583828604f7248d19c69a3""
  ""name"" = ""imagebuilder_2c06583828604f7248d19c69a3""
  ""name_prefix"" = ""imagebuilder_""
  ""path"" = ""/""
  ""role"" = ""imagebuilder_80badd4d89052448b4999e699a""
  ""tags"" = tomap(null) /* of string */
  ""tags_all"" = tomap({})
  ""unique_id"" = ""AIPAQAAAAAAALRX3BY4AI""
}

--- ERRORS ---",
terrads_312c1441c0ad,Zenodo/TerraDS,iac_benchmark/scenarios/terrads_312c1441c0ad,60,440,2,2,1,True,True,0,0,0,0,0,True,"--- INIT LOG ---
Initializing provider plugins...
- Finding hashicorp/aws versions matching ""~> 5.0""...
- Finding hashicorp/random versions matching ""~> 3.5""...
- Installing hashicorp/aws v5.100.0...
- Installed hashicorp/aws v5.100.0 (signed by HashiCorp)
- Installing hashicorp/random v3.9.0...
- Installed hashicorp/random v3.9.0 (signed by HashiCorp)
Terraform has created a lock file .terraform.lock.hcl to record the provider
selections it made above. Include this file in your version control repository
so that Terraform can guarantee to make the same selections by default when
you run ""terr

...[LOG TRUNCATED]...

t_buckets[7]: Creation complete after 1s [id=c6f6ab79-test-ipaas-bucket]
aws_s3_bucket.test_buckets[1]: Creation complete after 1s [id=bd90c4b4-test-ipaas-bucket]
aws_s3_bucket.test_buckets[5]: Creation complete after 1s [id=cdeee55a-test-ipaas-bucket]
aws_s3_bucket.test_buckets[9]: Creation complete after 1s [id=223790d0-test-ipaas-bucket]
aws_s3_bucket.test_buckets[8]: Creation complete after 1s [id=68bb7d03-test-ipaas-bucket]
aws_s3_bucket.test_buckets[4]: Creation complete after 1s [id=09f98d03-test-ipaas-bucket]

Apply complete! Resources: 20 added, 0 changed, 0 destroyed.

--- ERRORS ---","NON-JSON OUTPUT:
"
terrads_d7f1b5119d88,Zenodo/TerraDS,iac_benchmark/scenarios/terrads_d7f1b5119d88,291,1803,22,1,4,True,True,0,0,0,0,0,True,"NON-JSON OUTPUT:
",
terrads_a9611b09b0f2,Zenodo/TerraDS,iac_benchmark/scenarios/terrads_a9611b09b0f2,52,278,2,3,1,True,True,0,0,0,0,0,True,"--- INIT LOG ---
Initializing provider plugins...
- Finding kreuzwerker/docker versions matching ""~> 2.22.0""...
- Finding latest version of hashicorp/aws...
- Installing hashicorp/aws v6.55.0...
- Installed hashicorp/aws v6.55.0 (signed by HashiCorp)
- Installing kreuzwerker/docker v2.22.0...
- Installed kreuzwerker/docker v2.22.0 (self-signed, key ID BD080C4571C6104C)
Partner and community providers are signed by their developers.
If you'd like to know more about provider signing, you can read about it here:
https://developer.hashicorp.com/terraform/cli/plugins/signing
Terraform has created a

...[LOG TRUNCATED]...

   = (known after apply)
      + name         = ""nginx:1.23.4""
      + output       = (known after apply)
      + repo_digest  = (known after apply)
    }

Plan: 2 to add, 0 to change, 0 to destroy.
docker_image.nginx: Creating...
docker_image.nginx: Creation complete after 0s [id=sha256:f5747a42e3adcb3168049d63278d7251d91185bb5111d2563d58729a5c9179b0nginx:1.23.4]
docker_container.nginx: Creating...
docker_container.nginx: Creation complete after 0s [id=808781ad4359887f0b14c6ccbbe5d7673531821fe8db3ef0a9756fd656a0f95e]

Apply complete! Resources: 2 added, 0 changed, 0 destroyed.

--- ERRORS ---",
terrads_4fd109e76acd,Zenodo/TerraDS,iac_benchmark/scenarios/terrads_4fd109e76acd,356,2187,18,6,4,True,True,0,0,0,0,0,True,"--- INIT LOG ---
Initializing provider plugins...
- Finding hashicorp/aws versions matching ""~> 5.10""...
- Installing hashicorp/aws v5.100.0...
- Installed hashicorp/aws v5.100.0 (signed by HashiCorp)
Terraform has created a lock file .terraform.lock.hcl to record the provider
selections it made above. Include this file in your version control repository
so that Terraform can guarantee to make the same selections by default when
you run ""terraform init"" in the future.

Terraform has been successfully initialized!

You may now begin working with Terraform. Try running ""terraform plan"" to see
an

...[LOG TRUNCATED]...

]
aws_iam_group_policy_attachment.read_policy: Creation complete after 0s [id=my-vpn-infra-group-20260715134651895500000006]
aws_iam_group_policy_attachment.attach_terraform_backend_access: Creation complete after 0s [id=my-vpn-infra-group-20260715134651890500000001]
aws_iam_group_policy_attachment.attach_instance_policy: Creation complete after 0s [id=my-vpn-infra-group-20260715134651896400000007]

Apply complete! Resources: 18 added, 0 changed, 0 destroyed.

Outputs:

AWS_ACCESS_KEY_ID = ""LKIAQAAAAAAAPAQGO7ZU""
AWS_SECRET_ACCESS_KEY = ""j6uXdrgPlSZb3SiFfi6zuYiJfqLRslX1P3HbwKfA""

--- ERRORS ---",
terrads_586a9474fd96,Zenodo/TerraDS,iac_benchmark/scenarios/terrads_586a9474fd96,204,1293,6,7,3,True,True,0,0,0,0,0,True,"--- INIT LOG ---
Initializing provider plugins...
- Finding latest version of hashicorp/aws...
- Finding latest version of hashicorp/random...
- Installing hashicorp/aws v6.55.0...
- Installed hashicorp/aws v6.55.0 (signed by HashiCorp)
- Installing hashicorp/random v3.9.0...
- Installed hashicorp/random v3.9.0 (signed by HashiCorp)
Terraform has created a lock file .terraform.lock.hcl to record the provider
selections it made above. Include this file in your version control repository
so that Terraform can guarantee to make the same selections by default when
you run ""terraform init"" in the f

...[LOG TRUNCATED]...

precated

  with random_string.suffix,
  on labels.tf line 6, in resource ""random_string"" ""suffix"":
   6:   number  = false

**NOTE**: This is deprecated, use `numeric` instead.

(and 2 more similar warnings elsewhere)

Apply complete! Resources: 5 added, 0 changed, 0 destroyed.

Outputs:

arn = ""arn:aws:ecr:us-east-1:000000000000:repository/isbol""
name = ""isbol""
policy_arns = {
  ""read"" = ""arn:aws:iam::000000000000:policy/isbol-ecr-read""
  ""write"" = ""arn:aws:iam::000000000000:policy/isbol-ecr-write""
}
url = ""000000000000.dkr.ecr.us-east-1.localhost.localstack.cloud:4566/isbol""

--- ERRORS ---",
terrads_781c1a01d79a,Zenodo/TerraDS,iac_benchmark/scenarios/terrads_781c1a01d79a,62,659,2,2,1,True,True,0,0,0,0,0,True,"--- INIT LOG ---
Initializing provider plugins...
- Finding latest version of hashicorp/aws...
- Finding latest version of kreuzwerker/docker...
- Installing kreuzwerker/docker v4.5.0...
- Installed kreuzwerker/docker v4.5.0 (self-signed, key ID 0DCE698927DAF8EC)
- Installing hashicorp/aws v6.54.0...
- Installed hashicorp/aws v6.54.0 (signed by HashiCorp)
Partner and community providers are signed by their developers.
If you'd like to know more about provider signing, you can read about it here:
https://developer.hashicorp.com/terraform/cli/plugins/signing
Terraform has created a lock file .te

...[LOG TRUNCATED]...

049d63278d7251d91185bb5111d2563d58729a5c9179b0nginx:1.23.4]
docker_container.nginx: Creating...
docker_container.nginx: Creation complete after 0s [id=6494e0f99e1dd1f507e52ac970f962fdb6de48f68a08eae830bf79862b4a0373]

Apply complete! Resources: 2 added, 0 changed, 0 destroyed.

Outputs:

container_network_info = tolist([
  {
    ""gateway"" = ""172.17.0.1""
    ""global_ipv6_address"" = """"
    ""global_ipv6_prefix_length"" = 0
    ""ip_address"" = ""172.17.0.2""
    ""ip_prefix_length"" = 16
    ""ipv6_gateway"" = """"
    ""mac_address"" = ""0e:b8:26:8f:be:fc""
    ""network_name"" = ""bridge""
  },
])

--- ERRORS ---",
terrads_bcebc593f734,Zenodo/TerraDS,iac_benchmark/scenarios/terrads_bcebc593f734,204,1293,13,2,3,True,True,0,0,0,0,0,True,"--- INIT LOG ---
Initializing provider plugins...
- Finding latest version of hashicorp/aws...
- Installing hashicorp/aws v6.55.0...
- Installed hashicorp/aws v6.55.0 (signed by HashiCorp)
Terraform has created a lock file .terraform.lock.hcl to record the provider
selections it made above. Include this file in your version control repository
so that Terraform can guarantee to make the same selections by default when
you run ""terraform init"" in the future.

Terraform has been successfully initialized!

You may now begin working with Terraform. Try running ""terraform plan"" to see
any changes th

...[LOG TRUNCATED]...

after 0s [id=step-functions-service-role:StepFunctionsPolicy]
aws_iam_role_policy.glue_s3_access_policy: Creation complete after 0s [id=glue-service-role:GlueS3AccessPolicy]
aws_s3_bucket.terraform_state: Creation complete after 0s [id=my-terraform-state-bucket]
aws_s3_bucket_versioning.terraform_state_versioning: Creating...
aws_s3_bucket_versioning.terraform_state_versioning: Creation complete after 1s [id=my-terraform-state-bucket]
aws_dynamodb_table.terraform_locks: Creation complete after 7s [id=terraform-locks]

Apply complete! Resources: 13 added, 0 changed, 0 destroyed.

--- ERRORS ---",
terrads_351164ae9b9c,Zenodo/TerraDS,iac_benchmark/scenarios/terrads_351164ae9b9c,34,201,2,0,1,True,True,0,0,0,0,0,True,"--- INIT LOG ---
Initializing provider plugins...
- Finding hashicorp/random versions matching ""3.6.2""...
- Finding latest version of hashicorp/aws...
- Installing hashicorp/random v3.6.2...
- Installed hashicorp/random v3.6.2 (signed by HashiCorp)
- Installing hashicorp/aws v6.53.0...
- Installed hashicorp/aws v6.53.0 (signed by HashiCorp)
Terraform has created a lock file .terraform.lock.hcl to record the provider
selections it made above. Include this file in your version control repository
so that Terraform can guarantee to make the same selections by default when
you run ""terraform init"" 

...[LOG TRUNCATED]...

      + min_upper   = 0
      + number      = true
      + numeric     = true
      + result      = (known after apply)
      + special     = false
      + upper       = false
    }

Plan: 2 to add, 0 to change, 0 to destroy.

Changes to Outputs:
  + token = (sensitive value)
random_string.token_id: Creating...
random_string.token_secret: Creating...
random_string.token_secret: Creation complete after 0s [id=mqjdyn3o6hbf2pfs]
random_string.token_id: Creation complete after 0s [id=rn6rtq]

Apply complete! Resources: 2 added, 0 changed, 0 destroyed.

Outputs:

token = <sensitive>

--- ERRORS ---","NON-JSON OUTPUT:
"
terrads_2c9e06cfca9a,Zenodo/TerraDS,iac_benchmark/scenarios/terrads_2c9e06cfca9a,89,480,5,0,2,True,True,0,0,0,0,0,True,"--- INIT LOG ---
Initializing provider plugins...
- Finding latest version of hashicorp/aws...
- Installing hashicorp/aws v6.53.0...
- Installed hashicorp/aws v6.53.0 (signed by HashiCorp)
Terraform has created a lock file .terraform.lock.hcl to record the provider
selections it made above. Include this file in your version control repository
so that Terraform can guarantee to make the same selections by default when
you run ""terraform init"" in the future.

Terraform has been successfully initialized!

You may now begin working with Terraform. Try running ""terraform plan"" to see
any changes th

...[LOG TRUNCATED]...

r 1s [id=test_destination]
aws_cloudwatch_log_destination_policy.test_destination_policy: Creating...
aws_cloudwatch_log_destination_policy.test_destination_policy: Creation complete after 0s [id=test_destination]

Warning: Deprecated attribute

  on main.tf line 39, in resource ""aws_iam_role"" ""iam_for_cloudwatch"":
  39:           ""Service"": ""logs.${data.aws_region.current.name}.amazonaws.com""

The attribute ""name"" is deprecated. Refer to the provider documentation for
details.

(and 3 more similar warnings elsewhere)

Apply complete! Resources: 5 added, 0 changed, 0 destroyed.

--- ERRORS ---",
terrads_6776b28cdc6e,Zenodo/TerraDS,iac_benchmark/scenarios/terrads_6776b28cdc6e,96,576,5,5,2,True,True,0,0,0,0,0,True,"--- INIT LOG ---
Initializing provider plugins...
- Finding latest version of hashicorp/aws...
- Installing hashicorp/aws v6.55.0...
- Installed hashicorp/aws v6.55.0 (signed by HashiCorp)
Terraform has created a lock file .terraform.lock.hcl to record the provider
selections it made above. Include this file in your version control repository
so that Terraform can guarantee to make the same selections by default when
you run ""terraform init"" in the future.

Terraform has been successfully initialized!

You may now begin working with Terraform. Try running ""terraform plan"" to see
any changes th

...[LOG TRUNCATED]...

o change, 0 to destroy.
aws_vpc.myvpc: Creating...
aws_vpc.myvpc: Creation complete after 1s [id=vpc-dfe5ecf70831df7a3]
aws_subnet.app: Creating...
aws_subnet.mgmt: Creating...
aws_subnet.db: Creating...
aws_subnet.web: Creating...
aws_subnet.mgmt: Creation complete after 0s [id=subnet-ad95b6ccea04eb524]
aws_subnet.app: Creation complete after 0s [id=subnet-279c6cc59cf93591b]
aws_subnet.web: Creation complete after 0s [id=subnet-113bf03d2d15892d4]
aws_subnet.db: Creation complete after 0s [id=subnet-714075e05a4ae2c84]

Apply complete! Resources: 5 added, 0 changed, 0 destroyed.

--- ERRORS ---",
terrads_6b68418707f2,Zenodo/TerraDS,iac_benchmark/scenarios/terrads_6b68418707f2,52,269,2,3,1,True,True,0,0,0,0,0,True,"--- INIT LOG ---
Initializing provider plugins...
- Finding kreuzwerker/docker versions matching ""~> 2.22.0""...
- Finding latest version of hashicorp/aws...
- Installing kreuzwerker/docker v2.22.0...
- Installed kreuzwerker/docker v2.22.0 (self-signed, key ID BD080C4571C6104C)
- Installing hashicorp/aws v6.55.0...
- Installed hashicorp/aws v6.55.0 (signed by HashiCorp)
Partner and community providers are signed by their developers.
If you'd like to know more about provider signing, you can read about it here:
https://developer.hashicorp.com/terraform/cli/plugins/signing
Terraform has created a

...[LOG TRUNCATED]...

   = (known after apply)
      + name         = ""nginx:latest""
      + output       = (known after apply)
      + repo_digest  = (known after apply)
    }

Plan: 2 to add, 0 to change, 0 to destroy.
docker_image.nginx: Creating...
docker_image.nginx: Creation complete after 0s [id=sha256:b5a9a3cfc86b81dd6f1458d53f2ad2b559cc255653d2efd6cacee5636bf2066fnginx:latest]
docker_container.nginx: Creating...
docker_container.nginx: Creation complete after 1s [id=67da4041485be7949e5915d387c59a75a14e88f977c15e36dacd974534dc481c]

Apply complete! Resources: 2 added, 0 changed, 0 destroyed.

--- ERRORS ---",
terrads_a6b6f6412452,Zenodo/TerraDS,iac_benchmark/scenarios/terrads_a6b6f6412452,250,1490,14,3,4,True,True,0,0,0,0,0,True,"--- INIT LOG ---
Initializing provider plugins...
- Finding hashicorp/aws versions matching ""~> 5.0""...
- Installing hashicorp/aws v5.100.0...
- Installed hashicorp/aws v5.100.0 (signed by HashiCorp)
Terraform has created a lock file .terraform.lock.hcl to record the provider
selections it made above. Include this file in your version control repository
so that Terraform can guarantee to make the same selections by default when
you run ""terraform init"" in the future.

Terraform has been successfully initialized!

You may now begin working with Terraform. Try running ""terraform plan"" to see
any

...[LOG TRUNCATED]...

ample: Creating...
aws_s3control_multi_region_access_point_policy.example: Still creating... [00m10s elapsed]
aws_s3control_multi_region_access_point_policy.example: Creation complete after 15s [id=000000000000:example-mrap]

Apply complete! Resources: 14 added, 0 changed, 0 destroyed.

Outputs:

multi_access_point_alias = ""example-mrap-0bcbb8cdf4.mrap""
multi_access_point_arn = ""arn:aws:s3::000000000000:accesspoint/example-mrap-0bcbb8cdf4.mrap""
multi_access_point_domain_name = ""example-mrap-0bcbb8cdf4.mrap.accesspoint.s3-global.amazonaws.com""
multi_access_point_status = ""READY""

--- ERRORS ---",
terrads_e9a051ba3fb9,Zenodo/TerraDS,iac_benchmark/scenarios/terrads_e9a051ba3fb9,350,2782,6,30,3,True,True,0,0,0,0,0,True,"--- INIT LOG ---
Initializing provider plugins...
- Finding scaleway/scaleway versions matching "">= 2.17.0""...
- Finding latest version of hashicorp/aws...
- Installing scaleway/scaleway v2.77.1...
- Installed scaleway/scaleway v2.77.1 (signed by a HashiCorp partner, key ID F5BF26CADF6F9614)
- Installing hashicorp/aws v6.53.0...
- Installed hashicorp/aws v6.53.0 (signed by HashiCorp)
Partner and community providers are signed by their developers.
If you'd like to know more about provider signing, you can read about it here:
https://developer.hashicorp.com/terraform/cli/plugins/signing
Terrafor

...[LOG TRUNCATED]...

nal. DHCP
functionality was moved from Public Gateways to Private Networks, DHCP
resources are now no longer needed. Please remove this resource from your
configuration. For more information, please refer to the dedicated guide:
https://github.com/scaleway/terraform-provider-scaleway/blob/master/docs/guides/migration_guide_vpcgw_v2.md

(and one more similar warning elsewhere)

Apply complete! Resources: 0 added, 0 changed, 0 destroyed.

Outputs:

dhcp_reservations = [
  {},
]
private_network_id = []
public_gateway_id = []
public_gateway_ip_address = []
public_gateway_ip_id = []

--- ERRORS ---","NON-JSON OUTPUT:
"
terrads_b0a44418031a,Zenodo/TerraDS,iac_benchmark/scenarios/terrads_b0a44418031a,210,1511,10,14,3,True,True,0,0,0,0,0,True,"--- INIT LOG ---
Initializing provider plugins...
- Finding latest version of hashicorp/aws...
- Installing hashicorp/aws v6.53.0...
- Installed hashicorp/aws v6.53.0 (signed by HashiCorp)
Terraform has created a lock file .terraform.lock.hcl to record the provider
selections it made above. Include this file in your version control repository
so that Terraform can guarantee to make the same selections by default when
you run ""terraform init"" in the future.

Terraform has been successfully initialized!

You may now begin working with Terraform. Try running ""terraform plan"" to see
any changes th

...[LOG TRUNCATED]...

ting...
aws_main_route_table_association.mainRtbAssoVpcMain: Creation complete after 1s [id=rtbassoc-34386e2a4f6dcf873]

Apply complete! Resources: 10 added, 0 changed, 0 destroyed.

Outputs:

subnetsAz1 = {
  ""mgmt"" = ""subnet-2cc9cae9e471c8492""
  ""private"" = ""subnet-ef96c7dfe5cb17d0d""
  ""public"" = ""subnet-776fe6c1a9f445bc3""
}
subnetsAz2 = {
  ""mgmt"" = ""subnet-1de76a97f528b78d1""
  ""private"" = ""subnet-3050b32b33a09d8c4""
  ""public"" = ""subnet-5a820e63c74512512""
}
vpcMainIgw = ""igw-7b5a62b83b69dac3d""
vpcMainRtb = ""rtb-d0ee4609f1636679c""
vpcs = {
  ""main"" = ""vpc-0567fd1e3252c49f1""
}

--- ERRORS ---",
terrads_1376de37aca5,Zenodo/TerraDS,iac_benchmark/scenarios/terrads_1376de37aca5,311,2001,12,8,4,True,True,0,0,0,0,0,True,"--- INIT LOG ---
Initializing modules...
Downloading registry.terraform.io/cloudposse/label/null 0.24.1 for admin-label...
- admin-label in .terraform/modules/admin-label
Downloading registry.terraform.io/cloudposse/label/null 0.24.1 for other-label...
- other-label in .terraform/modules/other-label
Initializing provider plugins...
- Finding hashicorp/aws versions matching "">= 2.0.0""...
- Installing hashicorp/aws v6.56.0...
- Installed hashicorp/aws v6.56.0 (signed by HashiCorp)
Terraform has created a lock file .terraform.lock.hcl to record the provider
selections it made above. Include this 

...[LOG TRUNCATED]...

ttachment.assume-role-admin: Creation complete after 0s [id=admin-20260723115108578900000003]

Apply complete! Resources: 10 added, 0 changed, 0 destroyed.

Outputs:

group_admin_arn = ""arn:aws:iam::000000000000:group/admin""
group_admin_id = ""admin""
group_admin_name = ""admin""
group_admin_path = ""/""
group_admin_users = []
group_other_arn = ""arn:aws:iam::000000000000:group/other""
group_other_id = ""other""
group_other_name = ""other""
group_other_path = ""/""
group_other_users = []
role_admin_arn = ""arn:aws:iam::000000000000:role/admin""
role_admin_id = ""admin""
role_admin_name = ""admin""

--- ERRORS ---",
terrads_574155756550,Zenodo/TerraDS,iac_benchmark/scenarios/terrads_574155756550,31,199,4,2,1,True,True,0,0,0,0,0,True,"--- INIT LOG ---
Initializing provider plugins...
- Finding latest version of hashicorp/local...
- Finding latest version of hashicorp/aws...
- Installing hashicorp/local v2.9.0...
- Installed hashicorp/local v2.9.0 (signed by HashiCorp)
- Installing hashicorp/aws v6.54.0...
- Installed hashicorp/aws v6.54.0 (signed by HashiCorp)
Terraform has created a lock file .terraform.lock.hcl to record the provider
selections it made above. Include this file in your version control repository
so that Terraform can guarantee to make the same selections by default when
you run ""terraform init"" in the futu

...[LOG TRUNCATED]...

c687380bf41cc97dc4e1666f8d3]
local_file.first_file: Creation complete after 0s [id=2a29c5a983236a8f5c0fde5c48b7d15a5cb7d47b]
local_file.count_file_1[1]: Creation complete after 0s [id=987db57dad2a85d3a9efae59cc26801b76f30314]
local_file.count_file_1[0]: Creation complete after 0s [id=624d47fb75d361532c14dd45eefb946e95806067]
local_file.first_file_1: Creation complete after 0s [id=2d48e4955d474c760c39f3ed573aea8756c0f6e2]
local_file.variable_file: Creation complete after 0s [id=2a29c5a983236a8f5c0fde5c48b7d15a5cb7d47b]

Apply complete! Resources: 6 added, 0 changed, 0 destroyed.

--- ERRORS ---",
terrads_33216653b5c4,Zenodo/TerraDS,iac_benchmark/scenarios/terrads_33216653b5c4,69,424,2,1,1,True,True,0,0,0,0,0,True,"NON-JSON OUTPUT:
",
terrads_ac0c12b80ffa,Zenodo/TerraDS,iac_benchmark/scenarios/terrads_ac0c12b80ffa,93,535,6,0,2,True,True,0,0,0,0,0,True,"--- INIT LOG ---
Initializing provider plugins...
- Finding hashicorp/random versions matching ""~> 3.1.0""...
- Finding hashicorp/time versions matching ""~> 0.7.2""...
- Finding kreuzwerker/docker versions matching ""~> 2.22.0""...
- Finding latest version of hashicorp/aws...
- Installing hashicorp/random v3.1.3...
- Installed hashicorp/random v3.1.3 (signed by HashiCorp)
- Installing hashicorp/time v0.7.2...
- Installed hashicorp/time v0.7.2 (signed by HashiCorp)
- Installing kreuzwerker/docker v2.22.0...
- Installed kreuzwerker/docker v2.22.0 (self-signed, key ID BD080C4571C6104C)
- Installing h

...[LOG TRUNCATED]...

n complete after 2m0s [id=2026-07-29T03:53:20Z]
docker_container.data: Creating...
docker_container.data: Creation complete after 1s [id=f6dcd60f6af13e12ef6401d26ddbe4f578b5283090f2fa27a6b7d3430fd65810]

Apply complete! Resources: 9 added, 0 changed, 0 destroyed.

Outputs:

nginx_hosts = [
  {
    ""host"" = ""0.0.0.0:8000""
    ""name"" = ""nginx-cuddly-sheep-0""
  },
  {
    ""host"" = ""0.0.0.0:8001""
    ""name"" = ""nginx-cuddly-sheep-1""
  },
  {
    ""host"" = ""0.0.0.0:8002""
    ""name"" = ""nginx-cuddly-sheep-2""
  },
  {
    ""host"" = ""0.0.0.0:8003""
    ""name"" = ""nginx-cuddly-sheep-3""
  },
]

--- ERRORS ---",
terrads_2b3dddaeb18d,Zenodo/TerraDS,iac_benchmark/scenarios/terrads_2b3dddaeb18d,244,1622,2,18,2,True,True,0,0,0,0,0,True,"--- INIT LOG ---
Initializing provider plugins...
- Finding hashicorp/aws versions matching "">= 4.0.0""...
- Installing hashicorp/aws v6.54.0...
- Installed hashicorp/aws v6.54.0 (signed by HashiCorp)
Terraform has created a lock file .terraform.lock.hcl to record the provider
selections it made above. Include this file in your version control repository
so that Terraform can guarantee to make the same selections by default when
you run ""terraform init"" in the future.

Terraform has been successfully initialized!

You may now begin working with Terraform. Try running ""terraform plan"" to see
any

...[LOG TRUNCATED]...

..
data.aws_partition.current: Reading...
data.aws_partition.current: Read complete after 0s [id=aws]
data.aws_caller_identity.current: Read complete after 0s [id=000000000000]

Changes to Outputs:
  + iam_role_arn       = """"
  + iam_role_name      = """"
  + iam_role_path      = """"
  + iam_role_unique_id = """"

You can apply this plan to save these new output values to the Terraform
state, without changing any real infrastructure.

Apply complete! Resources: 0 added, 0 changed, 0 destroyed.

Outputs:

iam_role_arn = """"
iam_role_name = """"
iam_role_path = """"
iam_role_unique_id = """"

--- ERRORS ---",
terrads_9ba2d30e0ec5,Zenodo/TerraDS,iac_benchmark/scenarios/terrads_9ba2d30e0ec5,36,229,4,0,1,True,True,0,0,0,0,0,True,"--- INIT LOG ---
Initializing provider plugins...
- Finding latest version of hashicorp/aws...
- Installing hashicorp/aws v6.55.0...
- Installed hashicorp/aws v6.55.0 (signed by HashiCorp)
Terraform has created a lock file .terraform.lock.hcl to record the provider
selections it made above. Include this file in your version control repository
so that Terraform can guarantee to make the same selections by default when
you run ""terraform init"" in the future.

Terraform has been successfully initialized!

You may now begin working with Terraform. Try running ""terraform plan"" to see
any changes th

...[LOG TRUNCATED]...

s_s3_bucket_public_access_block.app-bucket-public-access-block: Creating...
aws_s3_bucket_public_access_block.app-bucket-public-access-block: Creation complete after 0s [id=app-bucket-202305122028]
aws_s3_bucket_ownership_controls.app-bucket-ownership: Creating...
aws_s3_bucket_ownership_controls.app-bucket-ownership: Creation complete after 0s [id=app-bucket-202305122028]
aws_s3_bucket_acl.app-bucket-acl: Creating...
aws_s3_bucket_acl.app-bucket-acl: Creation complete after 0s [id=app-bucket-202305122028,public-read]

Apply complete! Resources: 4 added, 0 changed, 0 destroyed.

--- ERRORS ---",
gh_92c96bde,Tianyi2/IRIS,iac_benchmark/scenarios/gh_92c96bde,85,472,2,2,2,True,True,1,7,2,2,0,True,"--- INIT LOG ---
Initializing provider plugins...
- Finding latest version of hashicorp/aws...
- Installing hashicorp/aws v6.51.0...
- Installed hashicorp/aws v6.51.0 (signed by HashiCorp)
Terraform has created a lock file .terraform.lock.hcl to record the provider
selections it made above. Include this file in your version control repository
so that Terraform can guarantee to make the same selections by default when
you run ""terraform init"" in the future.

Terraform has been successfully initialized!

You may now begin working with Terraform. Try running ""terraform plan"" to see
any changes that are required for your infrastructure. All Terraform commands
should now work.

If you ever set or change modules or backend configuration for Terraform,
rerun this command to reinitialize your working directory. If you forget, other
commands will detect it and remind you to do so if necessary.

--- APPLY LOG ---

Terraform used the selected providers to generate the following execution
plan. Resource actions are indicated with the following symbols:
  + create

Terraform will perform the following actions:

  # aws_cloudfront_distribution.access will be created
  + resource ""aws_cloudfront_distribution"" ""access"" {
      + aliases                         = [
          + null,
        ]
      + arn                             = (known after apply)
      + caller_reference                = (known after apply)
      + continuous_deployment_policy_id = (known after apply)
      + default_r

...[LOG TRUNCATED]...

figuration (known after apply)

      + replication_configuration (known after apply)

      + server_side_encryption_configuration (known after apply)

      + versioning (known after apply)

      + website {
          + error_document = ""index.html""
          + index_document = ""index.html""
        }
    }

Plan: 2 to add, 0 to change, 0 to destroy.
aws_s3_bucket.access: Creating...
aws_s3_bucket.access: Creation complete after 1s [id=terraform-20260623155802232400000001]
aws_cloudfront_distribution.access: Creating...
aws_cloudfront_distribution.access: Still creating... [00m10s elapsed]
aws_cloudfront_distribution.access: Still creating... [00m20s elapsed]
aws_cloudfront_distribution.access: Still creating... [00m30s elapsed]
aws_cloudfront_distribution.access: Creation complete after 30s [id=4290885c]

Warning: Argument is deprecated

  with aws_s3_bucket.access,
  on cloud.tf line 1, in resource ""aws_s3_bucket"" ""access"":
   1: resource ""aws_s3_bucket"" ""access"" {

website is deprecated. Use the aws_s3_bucket_website_configuration resource
instead.

(and 8 more similar warnings elsewhere)

Warning: Deprecated attribute

  on cloud.tf line 23, in resource ""aws_cloudfront_distribution"" ""access"":
  23:     domain_name = ""${aws_s3_bucket.access.website_endpoint}""

The attribute ""website_endpoint"" is deprecated. Refer to the provider
documentation for details.

(and 3 more similar warnings elsewhere)

Apply complete! Resources: 2 added, 0 changed, 0 destroyed.

--- ERRORS ---",
terrads_bf579a4e056c,Zenodo/TerraDS,iac_benchmark/scenarios/terrads_bf579a4e056c,93,509,2,0,2,True,True,0,0,0,0,0,True,"--- INIT LOG ---
Initializing provider plugins...
- Finding latest version of hashicorp/aws...
- Installing hashicorp/aws v6.56.0...
- Installed hashicorp/aws v6.56.0 (signed by HashiCorp)
Terraform has created a lock file .terraform.lock.hcl to record the provider
selections it made above. Include this file in your version control repository
so that Terraform can guarantee to make the same selections by default when
you run ""terraform init"" in the future.

Terraform has been successfully initialized!

You may now begin working with Terraform. Try running ""terraform plan"" to see
any changes th

...[LOG TRUNCATED]...

to Outputs:
  + cognito_user_pool_arn = (known after apply)
aws_cognito_user_pool.box_things_pool: Creating...
aws_cognito_user_pool.box_things_pool: Creation complete after 0s [id=us-east-1_dd4acf55cf3f428c807ba096d5620bd0]
aws_cognito_user_pool_client.box_things_client: Creating...
aws_cognito_user_pool_client.box_things_client: Creation complete after 0s [id=r4vxtzuuvybjilrx2tbu43gv6r]

Apply complete! Resources: 2 added, 0 changed, 0 destroyed.

Outputs:

cognito_user_pool_arn = ""arn:aws:cognito-idp:us-east-1:000000000000:userpool/us-east-1_dd4acf55cf3f428c807ba096d5620bd0""

--- ERRORS ---",
terrads_9da16fbef056,Zenodo/TerraDS,iac_benchmark/scenarios/terrads_9da16fbef056,193,1450,5,12,3,True,True,0,0,0,0,0,True,"--- INIT LOG ---
Initializing provider plugins...
- Finding hashicorp/aws versions matching ""~> 5.17""...
- Installing hashicorp/aws v5.100.0...
- Installed hashicorp/aws v5.100.0 (signed by HashiCorp)
Terraform has created a lock file .terraform.lock.hcl to record the provider
selections it made above. Include this file in your version control repository
so that Terraform can guarantee to make the same selections by default when
you run ""terraform init"" in the future.

Terraform has been successfully initialized!

You may now begin working with Terraform. Try running ""terraform plan"" to see
an

...[LOG TRUNCATED]...

hared_attachments"" = ""disable""
  ""default_route_table_association"" = ""disable""
  ""default_route_table_propagation"" = ""disable""
  ""description"" = """"
  ""dns_support"" = ""enable""
  ""id"" = ""tgw-8100a055f785eea49""
  ""multicast_support"" = ""disable""
  ""owner_id"" = ""000000000000""
  ""propagation_default_route_table_id"" = ""tgw-rtb-b36d65c7b72886449""
  ""security_group_referencing_support"" = ""disable""
  ""tags"" = tomap(null) /* of string */
  ""tags_all"" = tomap({})
  ""timeouts"" = null /* object */
  ""transit_gateway_cidr_blocks"" = toset(null) /* of string */
  ""vpn_ecmp_support"" = ""enable""
}

--- ERRORS ---",
terrads_22c9abca1058,Zenodo/TerraDS,iac_benchmark/scenarios/terrads_22c9abca1058,96,654,7,0,2,True,True,0,0,0,0,0,True,"--- INIT LOG ---
Initializing provider plugins...
- Finding latest version of hashicorp/aws...
- Installing hashicorp/aws v6.56.0...
- Installed hashicorp/aws v6.56.0 (signed by HashiCorp)
Terraform has created a lock file .terraform.lock.hcl to record the provider
selections it made above. Include this file in your version control repository
so that Terraform can guarantee to make the same selections by default when
you run ""terraform init"" in the future.

Terraform has been successfully initialized!

You may now begin working with Terraform. Try running ""terraform plan"" to see
any changes th

...[LOG TRUNCATED]...

urity_group.nginx-sg: Creation complete after 0s [id=sg-b9b92c888c997d7de]
aws_subnet.subnet1: Still creating... [00m10s elapsed]
aws_subnet.subnet1: Creation complete after 10s [id=subnet-ace2d3e5b1c901686]
aws_route_table_association.rta-subnet1: Creating...
aws_instance.nginx1: Creating...
aws_route_table_association.rta-subnet1: Creation complete after 0s [id=rtbassoc-ed22a85cb8e231d4c]
aws_instance.nginx1: Still creating... [00m10s elapsed]
aws_instance.nginx1: Creation complete after 10s [id=i-f29317130d8311d22]

Apply complete! Resources: 7 added, 0 changed, 0 destroyed.

--- ERRORS ---",
terrads_a730577dfff4,Zenodo/TerraDS,iac_benchmark/scenarios/terrads_a730577dfff4,40,209,2,2,1,True,True,0,0,0,0,0,True,"--- INIT LOG ---
Initializing provider plugins...
- Finding hashicorp/aws versions matching ""~> 5.0""...
- Finding hashicorp/random versions matching ""3.6.0""...
- Installing hashicorp/aws v5.100.0...
- Installed hashicorp/aws v5.100.0 (signed by HashiCorp)
- Installing hashicorp/random v3.6.0...
- Installed hashicorp/random v3.6.0 (signed by HashiCorp)
Terraform has created a lock file .terraform.lock.hcl to record the provider
selections it made above. Include this file in your version control repository
so that Terraform can guarantee to make the same selections by default when
you run ""terra

...[LOG TRUNCATED]...

after apply)

      + website (known after apply)
    }

  # random_uuid.random will be created
  + resource ""random_uuid"" ""random"" {
      + id     = (known after apply)
      + result = (known after apply)
    }

Plan: 2 to add, 0 to change, 0 to destroy.
random_uuid.random: Creating...
random_uuid.random: Creation complete after 0s [id=2a14a320-fa39-ebd0-1773-5a4a4666a918]
aws_s3_bucket.s3_resource: Creating...
aws_s3_bucket.s3_resource: Creation complete after 1s [id=tp-s3-dev-2a14a320-fa39-ebd0-1773-5a4a4666a918]

Apply complete! Resources: 2 added, 0 changed, 0 destroyed.

--- ERRORS ---",
terrads_c5fb6e784997,Zenodo/TerraDS,iac_benchmark/scenarios/terrads_c5fb6e784997,324,2127,18,3,4,True,True,0,0,0,0,0,True,"--- INIT LOG ---
Initializing provider plugins...
- Finding latest version of hashicorp/aws...
- Installing hashicorp/aws v6.55.0...
- Installed hashicorp/aws v6.55.0 (signed by HashiCorp)
Terraform has created a lock file .terraform.lock.hcl to record the provider
selections it made above. Include this file in your version control repository
so that Terraform can guarantee to make the same selections by default when
you run ""terraform init"" in the future.

Terraform has been successfully initialized!

You may now begin working with Terraform. Try running ""terraform plan"" to see
any changes th

...[LOG TRUNCATED]...

l creating... [00m20s elapsed]
aws_eks_cluster.eks_cluster: Still creating... [00m30s elapsed]
aws_eks_cluster.eks_cluster: Still creating... [00m40s elapsed]
aws_eks_cluster.eks_cluster: Still creating... [00m50s elapsed]
aws_eks_cluster.eks_cluster: Creation complete after 53s [id=hr-prod-eks-prod]
aws_eks_node_group.eks_ng_public: Creating...
aws_eks_node_group.eks_ng_public: Still creating... [00m10s elapsed]
aws_eks_node_group.eks_ng_public: Creation complete after 13s [id=hr-prod-eks-prod:hr-prod-eks-ng-public]

Apply complete! Resources: 18 added, 0 changed, 0 destroyed.

--- ERRORS ---",
terrads_948f96d2ce39,Zenodo/TerraDS,iac_benchmark/scenarios/terrads_948f96d2ce39,52,278,2,3,1,True,True,0,0,0,0,0,True,"--- INIT LOG ---
Initializing provider plugins...
- Finding kreuzwerker/docker versions matching ""~> 2.22.0""...
- Finding latest version of hashicorp/aws...
- Installing kreuzwerker/docker v2.22.0...
- Installed kreuzwerker/docker v2.22.0 (self-signed, key ID BD080C4571C6104C)
- Installing hashicorp/aws v6.56.0...
- Installed hashicorp/aws v6.56.0 (signed by HashiCorp)
Partner and community providers are signed by their developers.
If you'd like to know more about provider signing, you can read about it here:
https://developer.hashicorp.com/terraform/cli/plugins/signing
Terraform has created a

...[LOG TRUNCATED]...

   = (known after apply)
      + name         = ""nginx:1.23.4""
      + output       = (known after apply)
      + repo_digest  = (known after apply)
    }

Plan: 2 to add, 0 to change, 0 to destroy.
docker_image.nginx: Creating...
docker_image.nginx: Creation complete after 0s [id=sha256:f5747a42e3adcb3168049d63278d7251d91185bb5111d2563d58729a5c9179b0nginx:1.23.4]
docker_container.nginx: Creating...
docker_container.nginx: Creation complete after 1s [id=a448bedc854615214be627c2e513222ccf4cf96432150a76c55eab024fff46fa]

Apply complete! Resources: 2 added, 0 changed, 0 destroyed.

--- ERRORS ---",
terrads_edc16ae09987,Zenodo/TerraDS,iac_benchmark/scenarios/terrads_edc16ae09987,110,686,6,4,2,True,True,0,0,0,0,0,True,"--- INIT LOG ---
Initializing provider plugins...
- Finding latest version of hashicorp/aws...
- Installing hashicorp/aws v6.55.0...
- Installed hashicorp/aws v6.55.0 (signed by HashiCorp)
Terraform has created a lock file .terraform.lock.hcl to record the provider
selections it made above. Include this file in your version control repository
so that Terraform can guarantee to make the same selections by default when
you run ""terraform init"" in the future.

Terraform has been successfully initialized!

You may now begin working with Terraform. Try running ""terraform plan"" to see
any changes th

...[LOG TRUNCATED]...

assoc-f52114591be3a24fc]
aws_route_table_association.public-associations[1]: Creation complete after 0s [id=rtbassoc-330c958ecce191b0f]
aws_route_table_association.public-associations[0]: Creation complete after 0s [id=rtbassoc-e865fa4caa4adc5bb]

Apply complete! Resources: 18 added, 0 changed, 0 destroyed.

Outputs:

primary_vpc_id = ""vpc-ebf9acfe4ee03efcb""
subnets = [
  ""subnet-9147125653af0a64d"",
  ""subnet-ff98e8315b5bdd0f3"",
  ""subnet-3d3382351ab79de71"",
  ""subnet-f260fb5b281d09445"",
  ""subnet-3cb568cb31418539b"",
  ""subnet-09e7b088979522551"",
  ""subnet-bcf55de1e58e34096"",
]

--- ERRORS ---",
terrads_46dc560da007,Zenodo/TerraDS,iac_benchmark/scenarios/terrads_46dc560da007,52,273,2,3,1,True,True,0,0,0,0,0,True,"--- INIT LOG ---
Initializing provider plugins...
- Finding kreuzwerker/docker versions matching ""~> 2.22.0""...
- Finding latest version of hashicorp/aws...
- Installing kreuzwerker/docker v2.22.0...
- Installed kreuzwerker/docker v2.22.0 (self-signed, key ID BD080C4571C6104C)
- Installing hashicorp/aws v6.54.0...
- Installed hashicorp/aws v6.54.0 (signed by HashiCorp)
Partner and community providers are signed by their developers.
If you'd like to know more about provider signing, you can read about it here:
https://developer.hashicorp.com/terraform/cli/plugins/signing
Terraform has created a

...[LOG TRUNCATED]...

   = (known after apply)
      + name         = ""nginx:1.23.4""
      + output       = (known after apply)
      + repo_digest  = (known after apply)
    }

Plan: 2 to add, 0 to change, 0 to destroy.
docker_image.nginx: Creating...
docker_image.nginx: Creation complete after 0s [id=sha256:f5747a42e3adcb3168049d63278d7251d91185bb5111d2563d58729a5c9179b0nginx:1.23.4]
docker_container.nginx: Creating...
docker_container.nginx: Creation complete after 0s [id=4199c8bf30792160a10add67556c92980b26c554a9d51379c5db56746ca0d3a2]

Apply complete! Resources: 2 added, 0 changed, 0 destroyed.

--- ERRORS ---",
terrads_36a780a6e187,Zenodo/TerraDS,iac_benchmark/scenarios/terrads_36a780a6e187,57,356,2,4,1,True,True,0,0,0,0,0,True,"--- INIT LOG ---
Initializing provider plugins...
- Finding latest version of hashicorp/aws...
- Installing hashicorp/aws v6.55.0...
- Installed hashicorp/aws v6.55.0 (signed by HashiCorp)
Terraform has created a lock file .terraform.lock.hcl to record the provider
selections it made above. Include this file in your version control repository
so that Terraform can guarantee to make the same selections by default when
you run ""terraform init"" in the future.

Terraform has been successfully initialized!

You may now begin working with Terraform. Try running ""terraform plan"" to see
any changes th

...[LOG TRUNCATED]...

ter apply),
    ]
  + vpc_id     = (known after apply)
aws_vpc.main_vpc: Creating...
aws_vpc.main_vpc: Creation complete after 0s [id=vpc-9b28caf1d9cc4868d]
aws_subnet.main_subnet[0]: Creating...
aws_subnet.main_subnet[1]: Creating...
aws_subnet.main_subnet[0]: Creation complete after 0s [id=subnet-6362568e374babc59]
aws_subnet.main_subnet[1]: Creation complete after 0s [id=subnet-4253dbc82b9bb6a92]

Apply complete! Resources: 3 added, 0 changed, 0 destroyed.

Outputs:

subnet_ids = [
  ""subnet-6362568e374babc59"",
  ""subnet-4253dbc82b9bb6a92"",
]
vpc_id = ""vpc-9b28caf1d9cc4868d""

--- ERRORS ---",
gh_8963e028,Tianyi2/IRIS,iac_benchmark/scenarios/gh_8963e028,482,3239,7,26,3,True,True,0,0,0,0,0,True,"--- INIT LOG ---
Initializing provider plugins...
- Finding latest version of hashicorp/aws...
- Installing hashicorp/aws v6.53.0...
- Installed hashicorp/aws v6.53.0 (signed by HashiCorp)
Terraform has created a lock file .terraform.lock.hcl to record the provider
selections it made above. Include this file in your version control repository
so that Terraform can guarantee to make the same selections by default when
you run ""terraform init"" in the future.

Terraform has been successfully initialized!

You may now begin working with Terraform. Try running ""terraform plan"" to see
any changes th

...[LOG TRUNCATED]...

 = """"

You can apply this plan to save these new output values to the Terraform
state, without changing any real infrastructure.

Apply complete! Resources: 0 added, 0 changed, 0 destroyed.

Outputs:

backup_global_settings_id = """"
backup_plan_arn = """"
backup_plan_id = """"
backup_plan_version = """"
backup_region_settings_id = """"
backup_selection_id = """"
backup_vault_arn = """"
backup_vault_id = """"
backup_vault_notifications_backup_vault_arn = """"
backup_vault_notifications_id = """"
backup_vault_policy_backup_vault_arn = """"
backup_vault_policy_id = """"
backup_vault_recovery_points = """"

--- ERRORS ---",
terrads_3857b74fe599,Zenodo/TerraDS,iac_benchmark/scenarios/terrads_3857b74fe599,391,2873,12,10,4,True,True,0,0,0,0,0,True,"--- INIT LOG ---
Initializing provider plugins...
- Finding hashicorp/aws versions matching ""~> 5.0""...
- Installing hashicorp/aws v5.100.0...
- Installed hashicorp/aws v5.100.0 (signed by HashiCorp)
Terraform has created a lock file .terraform.lock.hcl to record the provider
selections it made above. Include this file in your version control repository
so that Terraform can guarantee to make the same selections by default when
you run ""terraform init"" in the future.

Terraform has been successfully initialized!

You may now begin working with Terraform. Try running ""terraform plan"" to see
any

...[LOG TRUNCATED]...

to save these new output values to the Terraform
state, without changing any real infrastructure.

Warning: Invalid Attribute Combination

  with aws_s3_bucket_lifecycle_configuration.quortex,
  on main.tf line 163, in resource ""aws_s3_bucket_lifecycle_configuration"" ""quortex"":
 163: resource ""aws_s3_bucket_lifecycle_configuration"" ""quortex"" {

No attribute specified when one (and only one) of
[rule[0].filter,rule[0].prefix] is required

This will be an error in a future version of the provider

Apply complete! Resources: 0 added, 0 changed, 0 destroyed.

Outputs:

buckets = {}

--- ERRORS ---","NON-JSON OUTPUT:
"
terrads_2ddb2619b42e,Zenodo/TerraDS,iac_benchmark/scenarios/terrads_2ddb2619b42e,47,180,2,0,1,True,True,0,0,0,0,0,True,"--- INIT LOG ---
Initializing provider plugins...
- Finding latest version of hashicorp/aws...
- Finding kreuzwerker/docker versions matching ""~> 3.0.1""...
- Installing hashicorp/aws v6.55.0...
- Installed hashicorp/aws v6.55.0 (signed by HashiCorp)
- Installing kreuzwerker/docker v3.0.2...
- Installed kreuzwerker/docker v3.0.2 (self-signed, key ID BD080C4571C6104C)
Partner and community providers are signed by their developers.
If you'd like to know more about provider signing, you can read about it here:
https://developer.hashicorp.com/terraform/cli/plugins/signing
Terraform has created a lo

...[LOG TRUNCATED]...

er apply)
      + image_id     = (known after apply)
      + keep_locally = false
      + name         = ""nginx""
      + repo_digest  = (known after apply)
    }

Plan: 2 to add, 0 to change, 0 to destroy.
docker_image.nginx: Creating...
docker_image.nginx: Creation complete after 0s [id=sha256:5a88c9c45479443d7be2eadc894b4ed0a9801bae03d97a5760ae13b5c2005942nginx]
docker_container.nginx: Creating...
docker_container.nginx: Creation complete after 0s [id=cf29d4bc80358d1cd0d0bec05f6ba7e7a358223b12ee0a0da47dfb118169ed44]

Apply complete! Resources: 2 added, 0 changed, 0 destroyed.

--- ERRORS ---",
terrads_78a356be27a8,Zenodo/TerraDS,iac_benchmark/scenarios/terrads_78a356be27a8,50,242,3,0,1,True,True,0,0,0,0,0,True,"--- INIT LOG ---
Initializing provider plugins...
- Finding hashicorp/random versions matching ""~> 3.1.1""...
- Finding hashicorp/aws versions matching "">= 4.12.1""...
- Installing hashicorp/random v3.1.3...
- Installed hashicorp/random v3.1.3 (signed by HashiCorp)
- Installing hashicorp/aws v6.53.0...
- Installed hashicorp/aws v6.53.0 (signed by HashiCorp)
Terraform has created a lock file .terraform.lock.hcl to record the provider
selections it made above. Include this file in your version control repository
so that Terraform can guarantee to make the same selections by default when
you run ""t

...[LOG TRUNCATED]...

    + id        = (known after apply)
      + length    = 5
      + separator = ""-""
    }

Plan: 3 to add, 0 to change, 0 to destroy.
random_pet.petname: Creating...
random_pet.petname: Creation complete after 0s [id=daily-merely-really-robust-airedale]
aws_s3_bucket.sample: Creating...
aws_s3_bucket.sample: Creation complete after 1s [id=daily-merely-really-robust-airedale]
aws_s3_bucket_acl.example: Creating...
aws_s3_bucket_acl.example: Creation complete after 0s [id=daily-merely-really-robust-airedale,public-read]

Apply complete! Resources: 3 added, 0 changed, 0 destroyed.

--- ERRORS ---","NON-JSON OUTPUT:
"
terrads_ddd7dab835e8,Zenodo/TerraDS,iac_benchmark/scenarios/terrads_ddd7dab835e8,84,386,2,0,2,True,True,0,0,0,0,0,True,"--- INIT LOG ---
Initializing provider plugins...
- Finding latest version of hashicorp/aws...
- Installing hashicorp/aws v6.55.0...
- Installed hashicorp/aws v6.55.0 (signed by HashiCorp)
Terraform has created a lock file .terraform.lock.hcl to record the provider
selections it made above. Include this file in your version control repository
so that Terraform can guarantee to make the same selections by default when
you run ""terraform init"" in the future.

Terraform has been successfully initialized!

You may now begin working with Terraform. Try running ""terraform plan"" to see
any changes th

...[LOG TRUNCATED]...

"":
   1: resource ""aws_dynamodb_table"" ""aggregate_metrics"" {

hash_key is deprecated. Use key_schema instead.

(and 2 more similar warnings elsewhere)

Apply complete! Resources: 2 added, 0 changed, 0 destroyed.

Outputs:

aggregate_metrics_arn = ""arn:aws:dynamodb:us-east-1:000000000000:table/aggregate_metrics""
aggregate_metrics_name = ""aggregate_metrics""
raw_metrics_arn = ""arn:aws:dynamodb:us-east-1:000000000000:table/raw_metrics""
raw_metrics_name = ""raw_metrics""
raw_metrics_stream_arn = ""arn:aws:dynamodb:us-east-1:000000000000:table/raw_metrics/stream/2026-07-15T18:51:46.731""

--- ERRORS ---",
terrads_7efc89daa754,Zenodo/TerraDS,iac_benchmark/scenarios/terrads_7efc89daa754,729,5247,12,38,5,True,True,0,0,0,0,0,True,"--- INIT LOG ---
Initializing provider plugins...
- Finding hashicorp/aws versions matching "">= 4.47.0""...
- Installing hashicorp/aws v6.53.0...
- Installed hashicorp/aws v6.53.0 (signed by HashiCorp)
Terraform has created a lock file .terraform.lock.hcl to record the provider
selections it made above. Include this file in your version control repository
so that Terraform can guarantee to make the same selections by default when
you run ""terraform init"" in the future.

Terraform has been successfully initialized!

You may now begin working with Terraform. Try running ""terraform plan"" to see
an

...[LOG TRUNCATED]...

instance_profile_unique = ""AIPAQAAAAAAAPMPTABPJE""
irsa_arn = ""arn:aws:iam::000000000000:role/KarpenterIRSA--b38c3eca23b9f4cfafb534ba7e""
irsa_name = ""KarpenterIRSA--b38c3eca23b9f4cfafb534ba7e""
irsa_unique_id = ""AROAQAAAAAAAPVUZXRAWX""
queue_arn = ""arn:aws:sqs:us-east-1:000000000000:Karpenter-""
queue_name = ""Karpenter-""
queue_url = ""http://sqs.us-east-1.localhost.localstack.cloud:4566/000000000000/Karpenter-""
role_arn = ""arn:aws:iam::000000000000:role/Karpenter--198dfe1d3327a0a0ab42dae4ac""
role_name = ""Karpenter--198dfe1d3327a0a0ab42dae4ac""
role_unique_id = ""AROAQAAAAAAAC7NPDGIKB""

--- ERRORS ---","NON-JSON OUTPUT:
"
terrads_1fe0c7e96181,Zenodo/TerraDS,iac_benchmark/scenarios/terrads_1fe0c7e96181,267,2139,17,19,4,True,True,0,0,0,0,0,True,"--- INIT LOG ---
Initializing provider plugins...
- Finding latest version of hashicorp/random...
- Finding latest version of hashicorp/aws...
- Installing hashicorp/random v3.9.0...
- Installed hashicorp/random v3.9.0 (signed by HashiCorp)
- Installing hashicorp/aws v6.55.0...
- Installed hashicorp/aws v6.55.0 (signed by HashiCorp)
Terraform has created a lock file .terraform.lock.hcl to record the provider
selections it made above. Include this file in your version control repository
so that Terraform can guarantee to make the same selections by default when
you run ""terraform init"" in the f

...[LOG TRUNCATED]...

9351a4]

Apply complete! Resources: 3 added, 0 changed, 0 destroyed.

Outputs:

app-subnet = []
app-subnet-availability_zone_names = tolist([
  ""us-east-1b"",
  ""us-east-1d"",
  ""us-east-1f"",
  ""us-east-1e"",
  ""us-east-1a"",
  ""us-east-1c"",
  ""us-east-1b"",
  ""us-east-1f"",
  ""us-east-1c"",
  ""us-east-1a"",
  ""us-east-1e"",
  ""us-east-1d"",
  ""us-east-1a"",
  ""us-east-1b"",
  ""us-east-1d"",
  ""us-east-1f"",
  ""us-east-1c"",
  ""us-east-1e"",
  ""us-east-1b"",
  ""us-east-1f"",
])
db_subnet_ids = []
gateway_endpoint_rt_association_id = """"
vpc_id = ""vpc-973698971e59351a4""
web_subnet_ids = tolist([])

--- ERRORS ---",
terrads_a35f6e7a7e6e,Zenodo/TerraDS,iac_benchmark/scenarios/terrads_a35f6e7a7e6e,473,4007,2,32,2,True,True,0,0,0,0,0,True,"--- INIT LOG ---
Initializing modules...
Downloading registry.terraform.io/cloudposse/label/null 0.25.0 for this...
- this in .terraform/modules/this
Initializing provider plugins...
- Finding hashicorp/aws versions matching "">= 3.0.0""...
- Installing hashicorp/aws v6.56.0...
- Installed hashicorp/aws v6.56.0 (signed by HashiCorp)
Terraform has created a lock file .terraform.lock.hcl to record the provider
selections it made above. Include this file in your version control repository
so that Terraform can guarantee to make the same selections by default when
you run ""terraform init"" in the fut

...[LOG TRUNCATED]...

ed]
aws_sqs_queue.default[0]: Creation complete after 26s [id=http://sqs.us-east-1.localhost.localstack.cloud:4566/000000000000/terraform-b89f5e58e7a167584edfe91fd0]

Apply complete! Resources: 1 added, 0 changed, 0 destroyed.

Outputs:

arn = ""arn:aws:sqs:us-east-1:000000000000:terraform-b89f5e58e7a167584edfe91fd0""
id = ""http://sqs.us-east-1.localhost.localstack.cloud:4566/000000000000/terraform-b89f5e58e7a167584edfe91fd0""
name = ""terraform-b89f5e58e7a167584edfe91fd0""
url = ""http://sqs.us-east-1.localhost.localstack.cloud:4566/000000000000/terraform-b89f5e58e7a167584edfe91fd0""

--- ERRORS ---",
gh_288218eb,Tianyi2/IRIS,iac_benchmark/scenarios/gh_288218eb,457,3577,5,25,3,True,True,0,0,0,0,0,True,"--- INIT LOG ---
Initializing provider plugins...
- Finding latest version of hashicorp/aws...
- Installing hashicorp/aws v6.52.0...
- Installed hashicorp/aws v6.52.0 (signed by HashiCorp)
Terraform has created a lock file .terraform.lock.hcl to record the provider
selections it made above. Include this file in your version control repository
so that Terraform can guarantee to make the same selections by default when
you run ""terraform init"" in the future.

Terraform has been successfully initialized!

You may now begin working with Terraform. Try running ""terraform plan"" to see
any changes that are required for your infrastructure. All Terraform commands
should now work.

If you ever set or change modules or backend configuration for Terraform,
rerun this command to reinitialize your working directory. If you forget, other
commands will detect it and remind you to do so if necessary.

--- APPLY LOG ---

Changes to Outputs:
  + acm_certificate_validation_id                            = """"
  + acmpca_certificate_authority_arn                         = """"
  + acmpca_certificate_authority_certificate                 = """"
  + acmpca_certificate_authority_certificate_chain           = """"
  + acmpca_certificate_authority_certificate_signing_request = """"
  + acmpca_certificate_authority_id                          = """"
  + acmpca_certificate_authority_not_after                   = """"
  + acmpca_certificate_authority_not_before                  = """"
  + acmpca_certificate_authority_serial                      = """"
  + acmpca_certificate_authority_status                      = """"
  + aws_acm_certificate_arn                                  = """"
  + aws_acm_certificate_domain_name                          = """"
  + aws_acm_certificate_domain_validation_options            = """"
  + aws_acm_certificate_id                                   = """"

You can apply this plan to save these new output values to the Terraform
state, without changing any real infrastructure.

Apply complete! Resources: 0 added, 0 changed, 0 destroyed.

Outputs:

acm_certificate_validation_id = """"
acmpca_certificate_authority_arn = """"
acmpca_certificate_authority_certificate = """"
acmpca_certificate_authority_certificate_chain = """"
acmpca_certificate_authority_certificate_signing_request = """"
acmpca_certificate_authority_id = """"
acmpca_certificate_authority_not_after = """"
acmpca_certificate_authority_not_before = """"
acmpca_certificate_authority_serial = """"
acmpca_certificate_authority_status = """"
aws_acm_certificate_arn = """"
aws_acm_certificate_domain_name = """"
aws_acm_certificate_domain_validation_options = """"
aws_acm_certificate_id = """"

--- ERRORS ---",
terrads_de2463de7604,Zenodo/TerraDS,iac_benchmark/scenarios/terrads_de2463de7604,260,1726,6,3,3,True,True,0,0,0,0,0,True,"--- INIT LOG ---
Initializing provider plugins...
- Finding latest version of hashicorp/aws...
- Installing hashicorp/aws v6.56.0...
- Installed hashicorp/aws v6.56.0 (signed by HashiCorp)
Terraform has created a lock file .terraform.lock.hcl to record the provider
selections it made above. Include this file in your version control repository
so that Terraform can guarantee to make the same selections by default when
you run ""terraform init"" in the future.

Terraform has been successfully initialized!

You may now begin working with Terraform. Try running ""terraform plan"" to see
any changes th

...[LOG TRUNCATED]...

g: Reading...
data.aws_iam_policy_document.lambda_assume: Reading...
data.aws_iam_policy_document.lambda_assume: Read complete after 0s [id=2690255455]
data.aws_iam_policy_document.lambda_logging: Read complete after 0s [id=16712114]

Changes to Outputs:
  + lambda_arn        = []
  + lambda_id         = []
  + lambda_invoke_arn = []

You can apply this plan to save these new output values to the Terraform
state, without changing any real infrastructure.

Apply complete! Resources: 0 added, 0 changed, 0 destroyed.

Outputs:

lambda_arn = []
lambda_id = []
lambda_invoke_arn = []

--- ERRORS ---",
terrads_510d4dfb85cf,Zenodo/TerraDS,iac_benchmark/scenarios/terrads_510d4dfb85cf,52,273,2,3,1,True,True,0,0,0,0,0,True,"--- INIT LOG ---
Initializing provider plugins...
- Finding latest version of hashicorp/aws...
- Finding kreuzwerker/docker versions matching ""~> 2.22.0""...
- Installing hashicorp/aws v6.55.0...
- Installed hashicorp/aws v6.55.0 (signed by HashiCorp)
- Installing kreuzwerker/docker v2.22.0...
- Installed kreuzwerker/docker v2.22.0 (self-signed, key ID BD080C4571C6104C)
Partner and community providers are signed by their developers.
If you'd like to know more about provider signing, you can read about it here:
https://developer.hashicorp.com/terraform/cli/plugins/signing
Terraform has created a

...[LOG TRUNCATED]...

   = (known after apply)
      + name         = ""nginx:1.23.4""
      + output       = (known after apply)
      + repo_digest  = (known after apply)
    }

Plan: 2 to add, 0 to change, 0 to destroy.
docker_image.nginx: Creating...
docker_image.nginx: Creation complete after 0s [id=sha256:f5747a42e3adcb3168049d63278d7251d91185bb5111d2563d58729a5c9179b0nginx:1.23.4]
docker_container.nginx: Creating...
docker_container.nginx: Creation complete after 1s [id=ee20516cde48b189cad437be86417239cdb6a4218f7e22a72b74b10dabc4fdd7]

Apply complete! Resources: 2 added, 0 changed, 0 destroyed.

--- ERRORS ---",
terrads_e66890a4c474,Zenodo/TerraDS,iac_benchmark/scenarios/terrads_e66890a4c474,51,237,2,0,1,True,True,0,0,0,0,0,True,"--- INIT LOG ---
Initializing provider plugins...
- Finding latest version of hashicorp/aws...
- Installing hashicorp/aws v6.56.0...
- Installed hashicorp/aws v6.56.0 (signed by HashiCorp)
Terraform has created a lock file .terraform.lock.hcl to record the provider
selections it made above. Include this file in your version control repository
so that Terraform can guarantee to make the same selections by default when
you run ""terraform init"" in the future.

Terraform has been successfully initialized!

You may now begin working with Terraform. Try running ""terraform plan"" to see
any changes th

...[LOG TRUNCATED]...

         + ""s3:*"",
                        ]
                      + Effect   = ""Allow""
                      + Resource = ""*""
                    },
                ]
              + Version   = ""2012-10-17""
            }
        )
      + role        = (known after apply)
    }

Plan: 2 to add, 0 to change, 0 to destroy.
aws_iam_role.role: Creating...
aws_iam_role.role: Creation complete after 0s [id=role]
aws_iam_role_policy.policy: Creating...
aws_iam_role_policy.policy: Creation complete after 0s [id=role:policy]

Apply complete! Resources: 2 added, 0 changed, 0 destroyed.

--- ERRORS ---",
gh_2c3e1807,Tianyi2/IRIS,iac_benchmark/scenarios/gh_2c3e1807,108,558,4,4,2,True,True,0,0,0,0,0,True,"NON-JSON OUTPUT:
",
terrads_c44e76dcfc9c,Zenodo/TerraDS,iac_benchmark/scenarios/terrads_c44e76dcfc9c,61,338,3,0,1,True,True,0,0,0,0,0,True,"--- INIT LOG ---
Initializing provider plugins...
- Finding hashicorp/random versions matching ""~> 3.1.0""...
- Finding hashicorp/time versions matching ""~> 0.7.2""...
- Finding kreuzwerker/docker versions matching ""~> 2.22.0""...
- Finding latest version of hashicorp/aws...
- Installing kreuzwerker/docker v2.22.0...
- Installed kreuzwerker/docker v2.22.0 (self-signed, key ID BD080C4571C6104C)
- Installing hashicorp/aws v6.56.0...
- Installed hashicorp/aws v6.56.0 (signed by HashiCorp)
- Installing hashicorp/random v3.1.3...
- Installed hashicorp/random v3.1.3 (signed by HashiCorp)
- Installing h

...[LOG TRUNCATED]...

=80d6b225c11899d2272d743bf3df8a7dd36ef3caee88482e4269c06c404c8544]
docker_container.nginx[3]: Creation complete after 0s [id=94ee14f690a575356d2cc1319a70ad30fca887f4c0949e390504d36d7c4bd4ca]

Apply complete! Resources: 6 added, 0 changed, 0 destroyed.

Outputs:

nginx_hosts = [
  {
    ""host"" = ""0.0.0.0:8000""
    ""name"" = ""nginx-magnetic-quagga-0""
  },
  {
    ""host"" = ""0.0.0.0:8001""
    ""name"" = ""nginx-magnetic-quagga-1""
  },
  {
    ""host"" = ""0.0.0.0:8002""
    ""name"" = ""nginx-magnetic-quagga-2""
  },
  {
    ""host"" = ""0.0.0.0:8003""
    ""name"" = ""nginx-magnetic-quagga-3""
  },
]

--- ERRORS ---",
terrads_78b2234acc8f,Zenodo/TerraDS,iac_benchmark/scenarios/terrads_78b2234acc8f,186,1315,9,2,3,True,True,0,0,0,0,0,True,"--- INIT LOG ---
Initializing provider plugins...
- Finding hashicorp/aws versions matching ""~> 5.0""...
- Installing hashicorp/aws v5.100.0...
- Installed hashicorp/aws v5.100.0 (signed by HashiCorp)
Terraform has created a lock file .terraform.lock.hcl to record the provider
selections it made above. Include this file in your version control repository
so that Terraform can guarantee to make the same selections by default when
you run ""terraform init"" in the future.

Terraform has been successfully initialized!

You may now begin working with Terraform. Try running ""terraform plan"" to see
any

...[LOG TRUNCATED]...

_unique_id = ""AROAQAAAAAAAK7WCD66MJ""
ec2_instance_profile_arn = ""arn:aws:iam::000000000000:instance-profile/imputation-example-ec2-role""
ec2_instance_profile_id = ""imputation-example-ec2-role""
ec2_instance_profile_name = ""imputation-example-ec2-role""
ec2_role_arn = ""arn:aws:iam::000000000000:role/imputation-example-ec2-role""
ec2_role_name = ""imputation-example-ec2-role""
ec2_role_unique_id = ""AROAQAAAAAAAMQ6C42YCG""
emr_role_arn = ""arn:aws:iam::000000000000:role/imputation-example-emr-role""
emr_role_name = ""imputation-example-emr-role""
emr_role_unique_id = ""AROAQAAAAAAAMQ6C42YCG""

--- ERRORS ---",
gh_dd2c5a57,Tianyi2/IRIS,iac_benchmark/scenarios/gh_dd2c5a57,44,253,4,0,1,True,True,0,0,0,4,0,True,"--- INIT LOG ---
Initializing provider plugins...
- Finding latest version of hashicorp/aws...
- Installing hashicorp/aws v6.51.0...
- Installed hashicorp/aws v6.51.0 (signed by HashiCorp)
Terraform has created a lock file .terraform.lock.hcl to record the provider
selections it made above. Include this file in your version control repository
so that Terraform can guarantee to make the same selections by default when
you run ""terraform init"" in the future.

Terraform has been successfully initialized!

You may now begin working with Terraform. Try running ""terraform plan"" to see
any changes that are required for your infrastructure. All Terraform commands
should now work.

If you ever set or change modules or backend configuration for Terraform,
rerun this command to reinitialize your working directory. If you forget, other
commands will detect it and remind you to do so if necessary.

--- APPLY LOG ---

Terraform used the selected providers to generate the following execution
plan. Resource actions are indicated with the following symbols:
  + create

Terraform will perform the following actions:

  # aws_security_group.egress_all_protocols will be created
  + resource ""aws_security_group"" ""egress_all_protocols"" {
      + arn                    = (known after apply)
      + description            = ""Allow ALL traffic""
      + egress                 = [
          + {
              + cidr_blocks      = []
              + from_port        = 0
              + ipv6_cidr_blocks = 

...[LOG TRUNCATED]...

     + from_port        = 10000
              + ipv6_cidr_blocks = []
              + prefix_list_ids  = []
              + protocol         = ""udp""
              + security_groups  = []
              + self             = false
              + to_port          = 10000
                # (1 unchanged attribute hidden)
            },
        ]
      + id                     = (known after apply)
      + ingress                = (known after apply)
      + name                   = ""allow_udp""
      + name_prefix            = (known after apply)
      + owner_id               = (known after apply)
      + region                 = ""us-east-1""
      + revoke_rules_on_delete = false
      + tags_all               = (known after apply)
      + vpc_id                 = (known after apply)
    }

Plan: 4 to add, 0 to change, 0 to destroy.
aws_security_group.egress_udp_protocol: Creating...
aws_security_group.egress_tcp_protocol: Creating...
aws_security_group.egress_icmp_protocol: Creating...
aws_security_group.egress_all_protocols: Creating...
aws_security_group.egress_udp_protocol: Creation complete after 0s [id=sg-c2fd2316927e2b78b]
aws_security_group.egress_tcp_protocol: Creation complete after 0s [id=sg-c55b69a0c496ee30e]
aws_security_group.egress_all_protocols: Creation complete after 0s [id=sg-ab0b7f37495af9a4e]
aws_security_group.egress_icmp_protocol: Creation complete after 0s [id=sg-8171f2c7bb571502d]

Apply complete! Resources: 4 added, 0 changed, 0 destroyed.

--- ERRORS ---",
terrads_bf99d2d68ca6,Zenodo/TerraDS,iac_benchmark/scenarios/terrads_bf99d2d68ca6,297,1932,11,9,4,True,True,0,0,0,0,0,True,"--- INIT LOG ---
Initializing provider plugins...
- Finding hashicorp/aws versions matching ""~> 5.0""...
- Installing hashicorp/aws v5.100.0...
- Installed hashicorp/aws v5.100.0 (signed by HashiCorp)
Terraform has created a lock file .terraform.lock.hcl to record the provider
selections it made above. Include this file in your version control repository
so that Terraform can guarantee to make the same selections by default when
you run ""terraform init"" in the future.

Terraform has been successfully initialized!

You may now begin working with Terraform. Try running ""terraform plan"" to see
any

...[LOG TRUNCATED]...



If you ever set or change modules or backend configuration for Terraform,
rerun this command to reinitialize your working directory. If you forget, other
commands will detect it and remind you to do so if necessary.

--- APPLY LOG ---
data.aws_region.current: Reading...
data.aws_region.current: Read complete after 0s [id=us-east-1]

No changes. Your infrastructure matches the configuration.

Terraform has compared your real infrastructure against your configuration
and found no differences, so no changes are needed.

Apply complete! Resources: 0 added, 0 changed, 0 destroyed.

--- ERRORS ---",
terrads_03d965f3bc67,Zenodo/TerraDS,iac_benchmark/scenarios/terrads_03d965f3bc67,69,424,2,1,1,True,True,0,0,0,0,0,True,"NON-JSON OUTPUT:
","--- INIT LOG ---
Initializing provider plugins...
- Finding latest version of hashicorp/aws...
- Installing hashicorp/aws v6.52.0...
- Installed hashicorp/aws v6.52.0 (signed by HashiCorp)
Terraform has created a lock file .terraform.lock.hcl to record the provider
selections it made above. Include this file in your version control repository
so that Terraform can guarantee to make the same selections by default when
you run ""terraform init"" in the future.

Terraform has been successfully initialized!

You may now begin working with Terraform. Try running ""terraform plan"" to see
any changes th

...[LOG TRUNCATED]...

 = (known after apply)
    }

Plan: 2 to add, 0 to change, 0 to destroy.

Changes to Outputs:
  + cmk_alias = ""alias/kms-cmk-example""
  + cmk_arn   = (known after apply)
aws_kms_key.cmk: Creating...
aws_kms_key.cmk: Creation complete after 4s [id=25d1fa18-ba16-4440-88fc-9963781bab0f]
aws_kms_alias.cmk: Creating...
aws_kms_alias.cmk: Creation complete after 0s [id=alias/kms-cmk-example]

Apply complete! Resources: 2 added, 0 changed, 0 destroyed.

Outputs:

cmk_alias = ""alias/kms-cmk-example""
cmk_arn = ""arn:aws:kms:us-east-2:000000000000:key/25d1fa18-ba16-4440-88fc-9963781bab0f""

--- ERRORS ---"
terrads_6e583fd3d41e,Zenodo/TerraDS,iac_benchmark/scenarios/terrads_6e583fd3d41e,41,206,2,0,1,True,True,0,0,0,0,0,True,"--- INIT LOG ---
Initializing provider plugins...
- Finding latest version of hashicorp/aws...
- Installing hashicorp/aws v6.55.0...
- Installed hashicorp/aws v6.55.0 (signed by HashiCorp)
Terraform has created a lock file .terraform.lock.hcl to record the provider
selections it made above. Include this file in your version control repository
so that Terraform can guarantee to make the same selections by default when
you run ""terraform init"" in the future.

Terraform has been successfully initialized!

You may now begin working with Terraform. Try running ""terraform plan"" to see
any changes th

...[LOG TRUNCATED]...

te-jesus]
aws_dynamodb_table.terraform_locks: Creation complete after 8s [id=devops-urjc-locks]

Warning: Argument is deprecated

  with aws_s3_bucket.terraform_state,
  on main.tf line 5, in resource ""aws_s3_bucket"" ""terraform_state"":
   5: resource ""aws_s3_bucket"" ""terraform_state"" {

server_side_encryption_configuration is deprecated. Use the
aws_s3_bucket_server_side_encryption_configuration resource instead.

(and 5 more similar warnings elsewhere)

Apply complete! Resources: 2 added, 0 changed, 0 destroyed.

Outputs:

s3_bucket_arn = ""arn:aws:s3:::devops-urjc-state-jesus""

--- ERRORS ---",
terrads_512081ca0b97,Zenodo/TerraDS,iac_benchmark/scenarios/terrads_512081ca0b97,687,5186,4,30,3,True,True,0,0,0,0,0,True,"--- INIT LOG ---
Initializing provider plugins...
- Finding hashicorp/aws versions matching "">= 3.69.0""...
- Installing hashicorp/aws v6.55.0...
- Installed hashicorp/aws v6.55.0 (signed by HashiCorp)
Terraform has created a lock file .terraform.lock.hcl to record the provider
selections it made above. Include this file in your version control repository
so that Terraform can guarantee to make the same selections by default when
you run ""terraform init"" in the future.

Terraform has been successfully initialized!

You may now begin working with Terraform. Try running ""terraform plan"" to see
an

...[LOG TRUNCATED]...

? var.acl : null

acl is deprecated. Use the aws_s3_bucket_acl resource instead.

(and one more similar warning elsewhere)

Apply complete! Resources: 2 added, 0 changed, 0 destroyed.

Outputs:

s3_bucket_arn = ""arn:aws:s3:::terraform-5cc2800e29d499d10e3492f324""
s3_bucket_bucket_domain_name = ""terraform-5cc2800e29d499d10e3492f324.s3.amazonaws.com""
s3_bucket_bucket_regional_domain_name = ""terraform-5cc2800e29d499d10e3492f324.s3.us-east-1.amazonaws.com""
s3_bucket_hosted_zone_id = ""Z3AQBSTGFYJSTF""
s3_bucket_id = ""terraform-5cc2800e29d499d10e3492f324""
s3_bucket_region = ""us-east-1""

--- ERRORS ---",
terrads_e5537eadc70b,Zenodo/TerraDS,iac_benchmark/scenarios/terrads_e5537eadc70b,62,659,2,2,1,True,True,0,0,0,0,0,True,"--- INIT LOG ---
Initializing provider plugins...
- Finding latest version of kreuzwerker/docker...
- Finding latest version of hashicorp/aws...
- Installing kreuzwerker/docker v4.5.0...
- Installed kreuzwerker/docker v4.5.0 (self-signed, key ID 0DCE698927DAF8EC)
- Installing hashicorp/aws v6.56.0...
- Installed hashicorp/aws v6.56.0 (signed by HashiCorp)
Partner and community providers are signed by their developers.
If you'd like to know more about provider signing, you can read about it here:
https://developer.hashicorp.com/terraform/cli/plugins/signing
Terraform has created a lock file .te

...[LOG TRUNCATED]...

049d63278d7251d91185bb5111d2563d58729a5c9179b0nginx:1.23.4]
docker_container.nginx: Creating...
docker_container.nginx: Creation complete after 0s [id=3bd9b61907417c0634546c2c250d69365fc5f8506cc8895000fa2b75c3692e6a]

Apply complete! Resources: 2 added, 0 changed, 0 destroyed.

Outputs:

container_network_info = tolist([
  {
    ""gateway"" = ""172.17.0.1""
    ""global_ipv6_address"" = """"
    ""global_ipv6_prefix_length"" = 0
    ""ip_address"" = ""172.17.0.2""
    ""ip_prefix_length"" = 16
    ""ipv6_gateway"" = """"
    ""mac_address"" = ""76:c3:66:7a:f0:ed""
    ""network_name"" = ""bridge""
  },
])

--- ERRORS ---",
terrads_9e572059444f,Zenodo/TerraDS,iac_benchmark/scenarios/terrads_9e572059444f,258,2328,13,3,4,True,True,0,0,0,0,0,True,"--- INIT LOG ---
Initializing provider plugins...
- Finding latest version of hashicorp/aws...
- Installing hashicorp/aws v6.56.0...
- Installed hashicorp/aws v6.56.0 (signed by HashiCorp)
Terraform has created a lock file .terraform.lock.hcl to record the provider
selections it made above. Include this file in your version control repository
so that Terraform can guarantee to make the same selections by default when
you run ""terraform init"" in the future.

Terraform has been successfully initialized!

You may now begin working with Terraform. Try running ""terraform plan"" to see
any changes th

...[LOG TRUNCATED]...

change modules or backend configuration for Terraform,
rerun this command to reinitialize your working directory. If you forget, other
commands will detect it and remind you to do so if necessary.

--- APPLY LOG ---
data.aws_caller_identity.current: Reading...
data.aws_caller_identity.current: Read complete after 0s [id=000000000000]

No changes. Your infrastructure matches the configuration.

Terraform has compared your real infrastructure against your configuration
and found no differences, so no changes are needed.

Apply complete! Resources: 0 added, 0 changed, 0 destroyed.

--- ERRORS ---",
terrads_7f63ab96b001,Zenodo/TerraDS,iac_benchmark/scenarios/terrads_7f63ab96b001,61,342,3,0,1,True,True,0,0,0,0,0,True,"--- INIT LOG ---
Initializing provider plugins...
- Finding kreuzwerker/docker versions matching ""~> 2.22.0""...
- Finding hashicorp/random versions matching ""~> 3.1.0""...
- Finding hashicorp/time versions matching ""~> 0.7.2""...
- Finding latest version of hashicorp/aws...
- Installing kreuzwerker/docker v2.22.0...
- Installed kreuzwerker/docker v2.22.0 (self-signed, key ID BD080C4571C6104C)
- Installing hashicorp/random v3.1.3...
- Installed hashicorp/random v3.1.3 (signed by HashiCorp)
- Installing hashicorp/time v0.7.2...
- Installed hashicorp/time v0.7.2 (signed by HashiCorp)
- Installing h

...[LOG TRUNCATED]...

 [id=b51b47f1c5b8b1f593e054ab40fe87afeace0b1b6a0fe2fd6e35b98391e658ac]
docker_container.nginx[1]: Creation complete after 1s [id=63712442a05c12d695def99d3e12c35145db8a6965896d452533788c54e943ae]

Apply complete! Resources: 6 added, 0 changed, 0 destroyed.

Outputs:

nginx_hosts = [
  {
    ""host"" = ""0.0.0.0:8000""
    ""name"" = ""nginx-secure-jaybird-0""
  },
  {
    ""host"" = ""0.0.0.0:8001""
    ""name"" = ""nginx-secure-jaybird-1""
  },
  {
    ""host"" = ""0.0.0.0:8002""
    ""name"" = ""nginx-secure-jaybird-2""
  },
  {
    ""host"" = ""0.0.0.0:8003""
    ""name"" = ""nginx-secure-jaybird-3""
  },
]

--- ERRORS ---",
terrads_6516229c5944,Zenodo/TerraDS,iac_benchmark/scenarios/terrads_6516229c5944,232,1564,8,12,3,True,True,0,0,0,0,0,True,"--- INIT LOG ---
Initializing provider plugins...
- Finding hashicorp/aws versions matching "">= 5.20.0""...
- Installing hashicorp/aws v6.53.0...
- Installed hashicorp/aws v6.53.0 (signed by HashiCorp)
Terraform has created a lock file .terraform.lock.hcl to record the provider
selections it made above. Include this file in your version control repository
so that Terraform can guarantee to make the same selections by default when
you run ""terraform init"" in the future.

Terraform has been successfully initialized!

You may now begin working with Terraform. Try running ""terraform plan"" to see
an

...[LOG TRUNCATED]...

t]

Warning: Argument is deprecated

  with aws_iam_role.instance[0],
  on main.tf line 111, in resource ""aws_iam_role"" ""instance"":
 111:   managed_policy_arns = [data.aws_iam_policy.iam_read_only_access.arn]

managed_policy_arns is deprecated. Use the aws_iam_role_policy_attachment
resource instead. If Terraform should exclusively manage all managed policy
attachments (the current behavior of this argument), use the
aws_iam_role_policy_attachments_exclusive resource as well.

(and one more similar warning elsewhere)

Apply complete! Resources: 11 added, 0 changed, 0 destroyed.

--- ERRORS ---","NON-JSON OUTPUT:
"
terrads_916c37ccf307,Zenodo/TerraDS,iac_benchmark/scenarios/terrads_916c37ccf307,473,3766,19,10,5,True,True,0,0,0,0,0,True,"--- INIT LOG ---
Initializing provider plugins...
- Finding latest version of hashicorp/aws...
- Installing hashicorp/aws v6.55.0...
- Installed hashicorp/aws v6.55.0 (signed by HashiCorp)
Terraform has created a lock file .terraform.lock.hcl to record the provider
selections it made above. Include this file in your version control repository
so that Terraform can guarantee to make the same selections by default when
you run ""terraform init"" in the future.

Terraform has been successfully initialized!

You may now begin working with Terraform. Try running ""terraform plan"" to see
any changes th

...[LOG TRUNCATED]...

ds = {
  ""allow_all"" = ""sg-7996d8de479f43084""
  ""bastion"" = ""sg-af0e399d84cf8d20a""
  ""ha"" = ""sg-729e2f0a759fcfef7""
  ""mgmt"" = ""sg-8f600e693760a1b7c""
  ""private"" = ""sg-c84ec7802bac1f1f8""
  ""public"" = ""sg-6140b8b4d4aef30ea""
}
subnet_az1_cidrs = {
  ""bastion"" = ""172.30.1.64/26""
  ""mgmt"" = ""172.30.0.0/26""
  ""private"" = ""172.30.0.128/26""
  ""public"" = ""172.30.0.64/26""
}
subnet_az1_ids = {
  ""bastion"" = ""subnet-46f20c77e821c2d91""
  ""mgmt"" = ""subnet-76c5dacebe49bf886""
  ""private"" = ""subnet-a746e1bd14004e4ed""
  ""public"" = ""subnet-5106a2b90f8c45e04""
}
vpc-sec_id = ""vpc-b1231047c49d9862a""

--- ERRORS ---",
terrads_9b086d2b420f,Zenodo/TerraDS,iac_benchmark/scenarios/terrads_9b086d2b420f,78,416,2,5,1,True,True,0,0,0,0,0,True,"--- INIT LOG ---
Initializing provider plugins...
- Finding latest version of hashicorp/aws...
- Installing hashicorp/aws v6.54.0...
- Installed hashicorp/aws v6.54.0 (signed by HashiCorp)
Terraform has created a lock file .terraform.lock.hcl to record the provider
selections it made above. Include this file in your version control repository
so that Terraform can guarantee to make the same selections by default when
you run ""terraform init"" in the future.

Terraform has been successfully initialized!

You may now begin working with Terraform. Try running ""terraform plan"" to see
any changes th

...[LOG TRUNCATED]...

roduction-app]
aws_cloudwatch_log_group.proxy: Creation complete after 0s [id=cwlg-trilium-log-production-proxy]

Warning: Deprecated attribute

  on outputs.tf line 3, in output ""log_group_region"":
   3:   value       = data.aws_region.current.name

The attribute ""name"" is deprecated. Refer to the provider documentation for
details.

(and one more similar warning elsewhere)

Apply complete! Resources: 2 added, 0 changed, 0 destroyed.

Outputs:

app_log_group = ""cwlg-trilium-log-production-app""
log_group_region = ""us-east-1""
proxy_log_group = ""cwlg-trilium-log-production-proxy""

--- ERRORS ---",
terrads_c821dd18141d,Zenodo/TerraDS,iac_benchmark/scenarios/terrads_c821dd18141d,59,659,2,2,1,True,True,0,0,0,0,0,True,"--- INIT LOG ---
Initializing provider plugins...
- Finding latest version of kreuzwerker/docker...
- Finding latest version of hashicorp/aws...
- Installing kreuzwerker/docker v4.5.0...
- Installed kreuzwerker/docker v4.5.0 (self-signed, key ID 0DCE698927DAF8EC)
- Installing hashicorp/aws v6.56.0...
- Installed hashicorp/aws v6.56.0 (signed by HashiCorp)
Partner and community providers are signed by their developers.
If you'd like to know more about provider signing, you can read about it here:
https://developer.hashicorp.com/terraform/cli/plugins/signing
Terraform has created a lock file .te

...[LOG TRUNCATED]...

049d63278d7251d91185bb5111d2563d58729a5c9179b0nginx:1.23.4]
docker_container.nginx: Creating...
docker_container.nginx: Creation complete after 0s [id=330ec04e0cad21b98e629b16a8ab6d1ac04760e142fb71ede7accdd90bf9041b]

Apply complete! Resources: 2 added, 0 changed, 0 destroyed.

Outputs:

container_network_info = tolist([
  {
    ""gateway"" = ""172.17.0.1""
    ""global_ipv6_address"" = """"
    ""global_ipv6_prefix_length"" = 0
    ""ip_address"" = ""172.17.0.2""
    ""ip_prefix_length"" = 16
    ""ipv6_gateway"" = """"
    ""mac_address"" = ""8a:d3:20:6b:b7:98""
    ""network_name"" = ""bridge""
  },
])

--- ERRORS ---",
gh_fe1680f5,Tianyi2/IRIS,iac_benchmark/scenarios/gh_fe1680f5,45,386,5,1,1,True,True,0,0,0,0,0,True,"--- INIT LOG ---
Initializing provider plugins...
- Finding latest version of hashicorp/aws...
- Installing hashicorp/aws v6.54.0...
- Installed hashicorp/aws v6.54.0 (signed by HashiCorp)
Terraform has created a lock file .terraform.lock.hcl to record the provider
selections it made above. Include this file in your version control repository
so that Terraform can guarantee to make the same selections by default when
you run ""terraform init"" in the future.

Terraform has been successfully initialized!

You may now begin working with Terraform. Try running ""terraform plan"" to see
any changes th

...[LOG TRUNCATED]...

377cf55c]
aws_security_group.alb_ecs: Creation complete after 1s [id=sg-f987445dc66768c91]
aws_security_group_rule.alb_ingress_self: Creating...
aws_security_group_rule.alb_ecs_ingress: Creating...
aws_security_group_rule.alb_egress_self: Creating...
aws_security_group_rule.alb_ingress_self: Creation complete after 0s [id=sgrule-316158810]
aws_security_group_rule.alb_ecs_ingress: Creation complete after 0s [id=sgrule-3573575854]
aws_security_group_rule.alb_egress_self: Creation complete after 0s [id=sgrule-1264684632]

Apply complete! Resources: 5 added, 0 changed, 0 destroyed.

--- ERRORS ---",
terrads_e6982bcbe7d4,Zenodo/TerraDS,iac_benchmark/scenarios/terrads_e6982bcbe7d4,54,314,2,3,1,True,True,0,0,0,0,0,True,"--- INIT LOG ---
Initializing provider plugins...
- Finding latest version of hashicorp/aws...
- Finding kreuzwerker/docker versions matching ""~> 2.22.0""...
- Installing hashicorp/aws v6.56.0...
- Installed hashicorp/aws v6.56.0 (signed by HashiCorp)
- Installing kreuzwerker/docker v2.22.0...
- Installed kreuzwerker/docker v2.22.0 (self-signed, key ID BD080C4571C6104C)
Partner and community providers are signed by their developers.
If you'd like to know more about provider signing, you can read about it here:
https://developer.hashicorp.com/terraform/cli/plugins/signing
Terraform has created a

...[LOG TRUNCATED]...

   = (known after apply)
      + name         = ""nginx:1.23.4""
      + output       = (known after apply)
      + repo_digest  = (known after apply)
    }

Plan: 2 to add, 0 to change, 0 to destroy.
docker_image.nginx: Creating...
docker_image.nginx: Creation complete after 0s [id=sha256:f5747a42e3adcb3168049d63278d7251d91185bb5111d2563d58729a5c9179b0nginx:1.23.4]
docker_container.nginx: Creating...
docker_container.nginx: Creation complete after 1s [id=f72e5371e5e68b9a73538a0d9b1e58639684e6ccb514c1f625c3538ba7c95042]

Apply complete! Resources: 2 added, 0 changed, 0 destroyed.

--- ERRORS ---",
gh_f0292125,Tianyi2/IRIS,iac_benchmark/scenarios/gh_f0292125,353,3245,3,27,2,True,True,0,0,0,0,0,True,"--- INIT LOG ---
Initializing provider plugins...
- Finding latest version of hashicorp/aws...
- Installing hashicorp/aws v6.51.0...
- Installed hashicorp/aws v6.51.0 (signed by HashiCorp)
Terraform has created a lock file .terraform.lock.hcl to record the provider
selections it made above. Include this file in your version control repository
so that Terraform can guarantee to make the same selections by default when
you run ""terraform init"" in the future.

Terraform has been successfully initialized!

You may now begin working with Terraform. Try running ""terraform plan"" to see
any changes that are required for your infrastructure. All Terraform commands
should now work.

If you ever set or change modules or backend configuration for Terraform,
rerun this command to reinitialize your working directory. If you forget, other
commands will detect it and remind you to do so if necessary.

--- APPLY LOG ---

Changes to Outputs:
  + appautoscaling_policy_arn           = """"
  + appautoscaling_policy_id            = """"
  + appautoscaling_policy_name          = """"
  + appautoscaling_policy_policy_type   = """"
  + appautoscaling_scheduled_action_arn = """"
  + appautoscaling_scheduled_action_id  = """"
  + appautoscaling_target_id            = """"

You can apply this plan to save these new output values to the Terraform
state, without changing any real infrastructure.

Apply complete! Resources: 0 added, 0 changed, 0 destroyed.

Outputs:

appautoscaling_policy_arn = """"
appautoscaling_policy_id = """"
appautoscaling_policy_name = """"
appautoscaling_policy_policy_type = """"
appautoscaling_scheduled_action_arn = """"
appautoscaling_scheduled_action_id = """"
appautoscaling_target_id = """"

--- ERRORS ---",
terrads_066ffaa0d493,Zenodo/TerraDS,iac_benchmark/scenarios/terrads_066ffaa0d493,136,1092,6,0,2,True,True,0,0,0,0,0,True,"--- INIT LOG ---
Initializing provider plugins...
- Finding hashicorp/aws versions matching ""~> 5.0""...
- Installing hashicorp/aws v5.100.0...
- Installed hashicorp/aws v5.100.0 (signed by HashiCorp)
Terraform has created a lock file .terraform.lock.hcl to record the provider
selections it made above. Include this file in your version control repository
so that Terraform can guarantee to make the same selections by default when
you run ""terraform init"" in the future.

Terraform has been successfully initialized!

You may now begin working with Terraform. Try running ""terraform plan"" to see
any

...[LOG TRUNCATED]...

nt.aws_cicd_member_attach: Creating...
aws_iam_group_membership.cicd-member: Creating...
aws_iam_group_policy_attachment.aws_ec2_readonly_attach: Creating...
aws_iam_group_membership.cicd-member: Creation complete after 0s [id=cicd-member-group-membership]
aws_iam_group_policy_attachment.aws_ec2_readonly_attach: Creation complete after 0s [id=cicd-member-group-20260707163713684700000001]
aws_iam_group_policy_attachment.aws_cicd_member_attach: Creation complete after 0s [id=cicd-member-group-20260707163713685400000002]

Apply complete! Resources: 6 added, 0 changed, 0 destroyed.

--- ERRORS ---","NON-JSON OUTPUT:
"
terrads_c4044d1c9fd4,Zenodo/TerraDS,iac_benchmark/scenarios/terrads_c4044d1c9fd4,64,311,3,0,1,True,True,0,0,0,0,0,True,"--- INIT LOG ---
Initializing provider plugins...
- Finding latest version of hashicorp/aws...
- Installing hashicorp/aws v6.56.0...
- Installed hashicorp/aws v6.56.0 (signed by HashiCorp)
Terraform has created a lock file .terraform.lock.hcl to record the provider
selections it made above. Include this file in your version control repository
so that Terraform can guarantee to make the same selections by default when
you run ""terraform init"" in the future.

Terraform has been successfully initialized!

You may now begin working with Terraform. Try running ""terraform plan"" to see
any changes th

...[LOG TRUNCATED]...

      ]
              + Version   = ""2012-10-17""
            }
        )
      + role        = (known after apply)
    }

Plan: 3 to add, 0 to change, 0 to destroy.
aws_iam_role.role: Creating...
aws_iam_role.role: Creation complete after 0s [id=role]
aws_iam_role_policy.allow-policy-2: Creating...
aws_iam_role_policy.allow-policy-1: Creating...
aws_iam_role_policy.allow-policy-1: Creation complete after 0s [id=role:allow-policy-1]
aws_iam_role_policy.allow-policy-2: Creation complete after 0s [id=role:allow-policy-2]

Apply complete! Resources: 3 added, 0 changed, 0 destroyed.

--- ERRORS ---",
terrads_3bf6ed05a129,Zenodo/TerraDS,iac_benchmark/scenarios/terrads_3bf6ed05a129,55,298,3,0,1,True,True,0,0,0,0,0,True,"--- INIT LOG ---
Initializing provider plugins...
- Finding hashicorp/aws versions matching ""~> 5.64""...
- Installing hashicorp/aws v5.100.0...
- Installed hashicorp/aws v5.100.0 (signed by HashiCorp)
Terraform has created a lock file .terraform.lock.hcl to record the provider
selections it made above. Include this file in your version control repository
so that Terraform can guarantee to make the same selections by default when
you run ""terraform init"" in the future.

Terraform has been successfully initialized!

You may now begin working with Terraform. Try running ""terraform plan"" to see
an

...[LOG TRUNCATED]...

fter 0s [id=ekmisq9l1r]
aws_api_gateway_resource.this: Creating...
aws_api_gateway_resource.this: Creation complete after 0s [id=vapbqwjef9]
aws_api_gateway_method.this: Creating...
aws_api_gateway_method.this: Creation complete after 0s [id=agm-ekmisq9l1r-vapbqwjef9-ANY]

Apply complete! Resources: 3 added, 0 changed, 0 destroyed.

Outputs:

api_gateway_http_method = ""ANY""
api_gateway_resource_id = ""vapbqwjef9""
api_gateway_resource_path = ""/hello""
api_gateway_rest_api_execution_arn = ""arn:aws:execute-api:us-east-1:000000000000:ekmisq9l1r""
api_gateway_rest_api_id = ""ekmisq9l1r""

--- ERRORS ---","NON-JSON OUTPUT:
"
terrads_ddc425a81cf2,Zenodo/TerraDS,iac_benchmark/scenarios/terrads_ddc425a81cf2,580,4148,10,35,4,True,True,0,0,0,0,0,True,"--- INIT LOG ---
Initializing provider plugins...
- Finding hashicorp/aws versions matching "">= 3.35.0""...
- Finding hashicorp/local versions matching "">= 1.0.0""...
- Finding hashicorp/null versions matching "">= 2.0.0""...
- Installing hashicorp/aws v6.53.0...
- Installed hashicorp/aws v6.53.0 (signed by HashiCorp)
- Installing hashicorp/local v2.9.0...
- Installed hashicorp/local v2.9.0 (signed by HashiCorp)
- Installing hashicorp/null v3.3.0...
- Installed hashicorp/null v3.3.0 (signed by HashiCorp)
Terraform has created a lock file .terraform.lock.hcl to record the provider
selections it mad

...[LOG TRUNCATED]...

e CodeDeployDefault.LambdaAllAtOnce \
    --description """" \
    --revision '{""revisionType"": ""AppSpecContent"", ""appSpecContent"": {""content"": ""{\""Resources\"":[{\""MyFunction\"":{\""Properties\"":{\""Alias\"":\""\"",\""CurrentVersion\"":\""\"",\""Name\"":\""\"",\""TargetVersion\"":\""\""},\""Type\"":\""AWS::Lambda::Function\""}}],\""version\"":\""0.0\""}"", ""sha256"": ""ed8464aca7a1c211ec12791482b43e46b9044efa61ce53586020eaeef7d99aa8""}}' \
    --output text \
    --query '[deploymentId]')

aws deploy get-deployment --deployment-id $ID
echo ""Deployment started, but wait deployment completion is disabled!""

EOT

--- ERRORS ---","NON-JSON OUTPUT:
"
gh_b4590d62,Tianyi2/IRIS,iac_benchmark/scenarios/gh_b4590d62,255,1758,4,1,3,True,True,0,0,0,0,0,True,"--- INIT LOG ---
Initializing modules...
Downloading registry.coder.com/modules/coder-login/coder 1.1.1 for coder-login...
- coder-login in .terraform/modules/coder-login
Downloading registry.coder.com/modules/dotfiles/coder 1.4.2 for dotfiles...
- dotfiles in .terraform/modules/dotfiles
Downloading registry.coder.com/modules/git-clone/coder 1.0.18 for git-clone...
- git-clone in .terraform/modules/git-clone
Downloading registry.coder.com/modules/git-config/coder 1.0.34 for git-config...
- git-config in .terraform/modules/git-config
Downloading registry.coder.com/modules/vscode-web/coder 1.5.1 for vscode-web...
- vscode-web in .terraform/modules/vscode-web
Initializing provider plugins...
- Finding coder/coder versions matching "">= 0.12.0, >= 0.23.0, >= 2.5.0""...
- Finding latest version of kreuzwerker/docker...
- Finding latest version of hashicorp/aws...
- Installing coder/coder v2.18.0...
- Installed coder/coder v2.18.0 (signed by a HashiCorp partner, key ID 93C75807601AA0EC)
- Installing kreuzwerker/docker v4.5.0...
- Installed kreuzwerker/docker v4.5.0 (self-signed, key ID 0DCE698927DAF8EC)
- Installing hashicorp/aws v6.52.0...
- Installed hashicorp/aws v6.52.0 (signed by HashiCorp)
Partner and community providers are signed by their developers.
If you'd like to know more about provider signing, you can read about it here:
https://developer.hashicorp.com/terraform/cli/plugins/signing
Terraform has created a lock file .terraform.lock.hcl to record the provider
selections 

...[LOG TRUNCATED]...

... [00m30s elapsed]
docker_container.workspace[0]: Still creating... [00m40s elapsed]
docker_container.workspace[0]: Still creating... [00m50s elapsed]
docker_container.workspace[0]: Still creating... [01m00s elapsed]
docker_container.workspace[0]: Still creating... [01m10s elapsed]
docker_container.workspace[0]: Still creating... [01m20s elapsed]
docker_container.workspace[0]: Still creating... [01m30s elapsed]
docker_container.workspace[0]: Still creating... [01m40s elapsed]
docker_container.workspace[0]: Still creating... [01m50s elapsed]
docker_container.workspace[0]: Still creating... [02m00s elapsed]
docker_container.workspace[0]: Still creating... [02m10s elapsed]
docker_container.workspace[0]: Still creating... [02m20s elapsed]
docker_container.workspace[0]: Still creating... [02m30s elapsed]
docker_container.workspace[0]: Still creating... [02m40s elapsed]
docker_container.workspace[0]: Still creating... [02m50s elapsed]
docker_container.workspace[0]: Still creating... [03m00s elapsed]
docker_container.workspace[0]: Still creating... [03m10s elapsed]
docker_container.workspace[0]: Still creating... [03m20s elapsed]
docker_container.workspace[0]: Creation complete after 3m22s [id=a758df978e901fe1b1881b8d047bb73590da36eebd58ec10c888e046a186fc0f]
coder_metadata.workspace_info[0]: Creating...
coder_metadata.workspace_info[0]: Creation complete after 0s [id=42d7dcae-bab3-402b-9af2-8269970c644a]

Apply complete! Resources: 15 added, 0 changed, 0 destroyed.

--- ERRORS ---",
terrads_11a32b8809d5,Zenodo/TerraDS,iac_benchmark/scenarios/terrads_11a32b8809d5,31,179,4,0,1,True,True,0,0,0,0,0,True,"--- INIT LOG ---
Initializing provider plugins...
- Finding latest version of hashicorp/aws...
- Finding latest version of hashicorp/random...
- Installing hashicorp/aws v6.55.0...
- Installed hashicorp/aws v6.55.0 (signed by HashiCorp)
- Installing hashicorp/random v3.9.0...
- Installed hashicorp/random v3.9.0 (signed by HashiCorp)
Terraform has created a lock file .terraform.lock.hcl to record the provider
selections it made above. Include this file in your version control repository
so that Terraform can guarantee to make the same selections by default when
you run ""terraform init"" in the f

...[LOG TRUNCATED]...

ird]
aws_s3_bucket.lambda_bucket: Creating...
aws_s3_bucket.lambda_bucket: Creation complete after 1s [id=hello-world-lambda-light-ladybird]
aws_s3_bucket_ownership_controls.bucket_controls: Creating...
aws_s3_bucket_ownership_controls.bucket_controls: Creation complete after 0s [id=hello-world-lambda-light-ladybird]
aws_s3_bucket_acl.bucket_acl: Creating...
aws_s3_bucket_acl.bucket_acl: Creation complete after 0s [id=hello-world-lambda-light-ladybird,private]

Apply complete! Resources: 4 added, 0 changed, 0 destroyed.

Outputs:

bucket_id = ""hello-world-lambda-light-ladybird""

--- ERRORS ---",
terrads_a67a58967c46,Zenodo/TerraDS,iac_benchmark/scenarios/terrads_a67a58967c46,156,919,8,2,3,True,True,0,0,0,0,0,True,"--- INIT LOG ---
Initializing provider plugins...
- Finding hashicorp/aws versions matching "">= 3.27.0""...
- Installing hashicorp/aws v6.53.0...
- Installed hashicorp/aws v6.53.0 (signed by HashiCorp)
Terraform has created a lock file .terraform.lock.hcl to record the provider
selections it made above. Include this file in your version control repository
so that Terraform can guarantee to make the same selections by default when
you run ""terraform init"" in the future.

Terraform has been successfully initialized!

You may now begin working with Terraform. Try running ""terraform plan"" to see
an

...[LOG TRUNCATED]...

iam_user_policy_attachment.cloudwatch_user_policy_attachment: Creation complete after 0s [id=postman-user/arn:aws:iam::000000000000:policy/terraform-4db75af4c4ef297b2b190655e7]
aws_iam_user_policy_attachment.apigateway_user_policy_attachment: Creation complete after 0s [id=postman-user/arn:aws:iam::000000000000:policy/terraform-bf56ec94de4ef743ae4a5cd938]

Apply complete! Resources: 6 added, 0 changed, 0 destroyed.

Outputs:

access_key_id = ""LKIAQAAAAAAAA4GYCLKE""
access_key_secret = <sensitive>
user_arn = ""arn:aws:iam::000000000000:user/postman-user""
user_name = ""postman-user""

--- ERRORS ---","NON-JSON OUTPUT:
"
terrads_f3caed995d2a,Zenodo/TerraDS,iac_benchmark/scenarios/terrads_f3caed995d2a,202,1429,3,13,2,True,True,0,0,0,0,0,True,"--- INIT LOG ---
Initializing provider plugins...
- Finding hashicorp/aws versions matching "">= 5.0.0""...
- Installing hashicorp/aws v6.56.0...
- Installed hashicorp/aws v6.56.0 (signed by HashiCorp)
Terraform has created a lock file .terraform.lock.hcl to record the provider
selections it made above. Include this file in your version control repository
so that Terraform can guarantee to make the same selections by default when
you run ""terraform init"" in the future.

Terraform has been successfully initialized!

You may now begin working with Terraform. Try running ""terraform plan"" to see
any

...[LOG TRUNCATED]...

hanges that are required for your infrastructure. All Terraform commands
should now work.

If you ever set or change modules or backend configuration for Terraform,
rerun this command to reinitialize your working directory. If you forget, other
commands will detect it and remind you to do so if necessary.

--- APPLY LOG ---

Changes to Outputs:
  + endpoints          = {}

You can apply this plan to save these new output values to the Terraform
state, without changing any real infrastructure.

Apply complete! Resources: 0 added, 0 changed, 0 destroyed.

Outputs:

endpoints = {}

--- ERRORS ---",
terrads_ac339d92172b,Zenodo/TerraDS,iac_benchmark/scenarios/terrads_ac339d92172b,108,702,2,1,2,True,True,0,0,0,0,0,True,"--- INIT LOG ---
Initializing modules...
Downloading registry.terraform.io/terraform-aws-modules/vpc/aws 5.0.0 for vpc...
- vpc in .terraform/modules/vpc
Initializing provider plugins...
- Finding hashicorp/aws versions matching "">= 5.0.0""...
- Installing hashicorp/aws v6.54.0...
- Installed hashicorp/aws v6.54.0 (signed by HashiCorp)
Terraform has created a lock file .terraform.lock.hcl to record the provider
selections it made above. Include this file in your version control repository
so that Terraform can guarantee to make the same selections by default when
you run ""terraform init"" in the

...[LOG TRUNCATED]...

eway[0]: Creation complete after 0s [id=r-rtb-a3a41c59668b56e3d1080289494]
aws_security_group.sg: Creation complete after 0s [id=sg-1534baff227aeaef1]
aws_service_discovery_private_dns_namespace.namespace: Creation complete after 2s [id=5779b772]

Apply complete! Resources: 21 added, 0 changed, 0 destroyed.

Outputs:

namespace_id = ""5779b772""
private_subnets = [
  ""subnet-9752fc92cecc1fda2"",
  ""subnet-767137a4a993e940a"",
]
public_subnets = [
  ""subnet-9f6cbd6cb7f220d90"",
  ""subnet-a214cce722debd004"",
]
security_group_id = ""sg-1534baff227aeaef1""
vpc_id = ""vpc-3cc4d54547827eb92""

--- ERRORS ---",
terrads_c65b90756666,Zenodo/TerraDS,iac_benchmark/scenarios/terrads_c65b90756666,184,1353,2,3,2,True,True,0,0,0,0,0,True,"--- INIT LOG ---
Initializing provider plugins...
- Finding latest version of hashicorp/aws...
- Installing hashicorp/aws v6.56.0...
- Installed hashicorp/aws v6.56.0 (signed by HashiCorp)
Terraform has created a lock file .terraform.lock.hcl to record the provider
selections it made above. Include this file in your version control repository
so that Terraform can guarantee to make the same selections by default when
you run ""terraform init"" in the future.

Terraform has been successfully initialized!

You may now begin working with Terraform. Try running ""terraform plan"" to see
any changes th

...[LOG TRUNCATED]...

u ever set or change modules or backend configuration for Terraform,
rerun this command to reinitialize your working directory. If you forget, other
commands will detect it and remind you to do so if necessary.

--- APPLY LOG ---

Changes to Outputs:
  + DefaultTags  = {}
  + RDSClusters  = []
  + RDSInstances = []

You can apply this plan to save these new output values to the Terraform
state, without changing any real infrastructure.

Apply complete! Resources: 0 added, 0 changed, 0 destroyed.

Outputs:

DefaultTags = tomap({})
RDSClusters = toset([])
RDSInstances = toset([])

--- ERRORS ---",
terrads_c33c3130a39a,Zenodo/TerraDS,iac_benchmark/scenarios/terrads_c33c3130a39a,35,211,2,0,1,True,True,0,0,0,0,0,True,"--- INIT LOG ---
Initializing provider plugins...
- Finding latest version of hashicorp/aws...
- Installing hashicorp/aws v6.56.0...
- Installed hashicorp/aws v6.56.0 (signed by HashiCorp)
Terraform has created a lock file .terraform.lock.hcl to record the provider
selections it made above. Include this file in your version control repository
so that Terraform can guarantee to make the same selections by default when
you run ""terraform init"" in the future.

Terraform has been successfully initialized!

You may now begin working with Terraform. Try running ""terraform plan"" to see
any changes th

...[LOG TRUNCATED]...

:4566/000000000000/notificationQueue]
data.aws_iam_policy_document.sqs_policy_document: Reading...
data.aws_iam_policy_document.sqs_policy_document: Read complete after 0s [id=1794430588]
aws_sqs_queue_policy.sqs_policy: Creating...
aws_sqs_queue_policy.sqs_policy: Still creating... [00m10s elapsed]
aws_sqs_queue_policy.sqs_policy: Still creating... [00m20s elapsed]
aws_sqs_queue_policy.sqs_policy: Creation complete after 25s [id=http://sqs.ap-northeast-2.localhost.localstack.cloud:4566/000000000000/notificationQueue]

Apply complete! Resources: 2 added, 0 changed, 0 destroyed.

--- ERRORS ---",
terrads_f4a7220aad2b,Zenodo/TerraDS,iac_benchmark/scenarios/terrads_f4a7220aad2b,70,387,4,0,1,True,True,0,0,0,0,0,True,"--- INIT LOG ---
Initializing provider plugins...
- Finding latest version of hashicorp/aws...
- Installing hashicorp/aws v6.55.0...
- Installed hashicorp/aws v6.55.0 (signed by HashiCorp)
Terraform has created a lock file .terraform.lock.hcl to record the provider
selections it made above. Include this file in your version control repository
so that Terraform can guarantee to make the same selections by default when
you run ""terraform init"" in the future.

Terraform has been successfully initialized!

You may now begin working with Terraform. Try running ""terraform plan"" to see
any changes th

...[LOG TRUNCATED]...

    }

Plan: 4 to add, 0 to change, 0 to destroy.
aws_vpc.vpc: Creating...
aws_vpc.vpc: Creation complete after 0s [id=vpc-6b18ae01ad92aff28]
aws_subnet.subnet: Creating...
aws_security_group.default: Creating...
aws_subnet.subnet: Creation complete after 0s [id=subnet-d5b91e7de2eba3206]
aws_security_group.default: Creation complete after 0s [id=sg-a7dd0958302ec519c]
aws_instance.ec2: Creating...
aws_instance.ec2: Still creating... [00m10s elapsed]
aws_instance.ec2: Creation complete after 10s [id=i-8f69775c627d433db]

Apply complete! Resources: 4 added, 0 changed, 0 destroyed.

--- ERRORS ---",
terrads_44273facf721,Zenodo/TerraDS,iac_benchmark/scenarios/terrads_44273facf721,202,1429,3,13,2,True,True,0,0,0,0,0,True,"--- INIT LOG ---
Initializing provider plugins...
- Finding hashicorp/aws versions matching "">= 5.0.0""...
- Installing hashicorp/aws v6.56.0...
- Installed hashicorp/aws v6.56.0 (signed by HashiCorp)
Terraform has created a lock file .terraform.lock.hcl to record the provider
selections it made above. Include this file in your version control repository
so that Terraform can guarantee to make the same selections by default when
you run ""terraform init"" in the future.

Terraform has been successfully initialized!

You may now begin working with Terraform. Try running ""terraform plan"" to see
any

...[LOG TRUNCATED]...

hanges that are required for your infrastructure. All Terraform commands
should now work.

If you ever set or change modules or backend configuration for Terraform,
rerun this command to reinitialize your working directory. If you forget, other
commands will detect it and remind you to do so if necessary.

--- APPLY LOG ---

Changes to Outputs:
  + endpoints          = {}

You can apply this plan to save these new output values to the Terraform
state, without changing any real infrastructure.

Apply complete! Resources: 0 added, 0 changed, 0 destroyed.

Outputs:

endpoints = {}

--- ERRORS ---",
terrads_2e8035ffc09c,Zenodo/TerraDS,iac_benchmark/scenarios/terrads_2e8035ffc09c,201,1292,5,7,3,True,True,0,0,0,0,0,True,"--- INIT LOG ---
Initializing modules...
Downloading registry.terraform.io/Young-ook/spinnaker/aws 2.3.5 for frigga...
- frigga in .terraform/modules/frigga/modules/frigga
Initializing provider plugins...
- Finding hashicorp/aws versions matching "">= 4.0.0""...
- Finding latest version of hashicorp/random...
- Installing hashicorp/aws v6.55.0...
- Installed hashicorp/aws v6.55.0 (signed by HashiCorp)
- Installing hashicorp/random v3.9.0...
- Installed hashicorp/random v3.9.0 (signed by HashiCorp)
Terraform has created a lock file .terraform.lock.hcl to record the provider
selections it made abo

...[LOG TRUNCATED]...

y.read: Creation complete after 0s [id=arn:aws:iam::000000000000:policy/ecr-pxrlq-ecr-read]
aws_iam_policy.write: Creation complete after 0s [id=arn:aws:iam::000000000000:policy/ecr-pxrlq-ecr-write]

Apply complete! Resources: 6 added, 0 changed, 0 destroyed.

Outputs:

arn = ""arn:aws:ecr:us-east-1:000000000000:repository/ecr-pxrlq""
name = ""ecr-pxrlq""
policy_arns = {
  ""read"" = ""arn:aws:iam::000000000000:policy/ecr-pxrlq-ecr-read""
  ""write"" = ""arn:aws:iam::000000000000:policy/ecr-pxrlq-ecr-write""
}
url = ""000000000000.dkr.ecr.us-east-1.localhost.localstack.cloud:4566/ecr-pxrlq""

--- ERRORS ---",
terrads_f478d10b237e,Zenodo/TerraDS,iac_benchmark/scenarios/terrads_f478d10b237e,43,233,3,0,1,True,True,0,0,0,0,0,True,"--- INIT LOG ---
Initializing provider plugins...
- Finding hashicorp/aws versions matching "">= 4.0.0""...
- Installing hashicorp/aws v6.55.0...
- Installed hashicorp/aws v6.55.0 (signed by HashiCorp)
Terraform has created a lock file .terraform.lock.hcl to record the provider
selections it made above. Include this file in your version control repository
so that Terraform can guarantee to make the same selections by default when
you run ""terraform init"" in the future.

Terraform has been successfully initialized!

You may now begin working with Terraform. Try running ""terraform plan"" to see
any

...[LOG TRUNCATED]...

rSSM""
      + role       = ""ssm-service-role""
    }

Plan: 3 to add, 0 to change, 0 to destroy.
aws_iam_role.this: Creating...
aws_iam_role.this: Creation complete after 0s [id=ssm-service-role]
aws_iam_role_policy_attachment.this_attach: Creating...
aws_iam_instance_profile.this: Creating...
aws_iam_role_policy_attachment.this_attach: Creation complete after 0s [id=ssm-service-role/arn:aws:iam::aws:policy/service-role/AmazonEC2RoleforSSM]
aws_iam_instance_profile.this: Creation complete after 6s [id=ssm-service-role]

Apply complete! Resources: 3 added, 0 changed, 0 destroyed.

--- ERRORS ---",
terrads_1d53f527d0a7,Zenodo/TerraDS,iac_benchmark/scenarios/terrads_1d53f527d0a7,53,278,2,3,1,True,True,0,0,0,0,0,True,"--- INIT LOG ---
Initializing provider plugins...
- Finding kreuzwerker/docker versions matching ""~> 2.22.0""...
- Finding latest version of hashicorp/aws...
- Installing kreuzwerker/docker v2.22.0...
- Installed kreuzwerker/docker v2.22.0 (self-signed, key ID BD080C4571C6104C)
- Installing hashicorp/aws v6.55.0...
- Installed hashicorp/aws v6.55.0 (signed by HashiCorp)
Partner and community providers are signed by their developers.
If you'd like to know more about provider signing, you can read about it here:
https://developer.hashicorp.com/terraform/cli/plugins/signing
Terraform has created a

...[LOG TRUNCATED]...

   = (known after apply)
      + name         = ""nginx:1.23.4""
      + output       = (known after apply)
      + repo_digest  = (known after apply)
    }

Plan: 2 to add, 0 to change, 0 to destroy.
docker_image.nginx: Creating...
docker_image.nginx: Creation complete after 1s [id=sha256:f5747a42e3adcb3168049d63278d7251d91185bb5111d2563d58729a5c9179b0nginx:1.23.4]
docker_container.nginx: Creating...
docker_container.nginx: Creation complete after 0s [id=10c24a2d76808ea009cd84544e2fcfafdd9512eacc51cba541a69ed7fe6e20ef]

Apply complete! Resources: 2 added, 0 changed, 0 destroyed.

--- ERRORS ---",
terrads_1182061db277,Zenodo/TerraDS,iac_benchmark/scenarios/terrads_1182061db277,41,219,2,1,1,True,True,0,0,0,0,0,True,"--- INIT LOG ---
Initializing provider plugins...
- Finding kreuzwerker/docker versions matching ""~> 2.22.0""...
- Finding latest version of hashicorp/aws...
- Installing kreuzwerker/docker v2.22.0...
- Installed kreuzwerker/docker v2.22.0 (self-signed, key ID BD080C4571C6104C)
- Installing hashicorp/aws v6.56.0...
- Installed hashicorp/aws v6.56.0 (signed by HashiCorp)
Partner and community providers are signed by their developers.
If you'd like to know more about provider signing, you can read about it here:
https://developer.hashicorp.com/terraform/cli/plugins/signing
Terraform has created a

...[LOG TRUNCATED]...

r apply)
docker_image.nginx: Creating...
docker_image.nginx: Creation complete after 0s [id=sha256:5a88c9c45479443d7be2eadc894b4ed0a9801bae03d97a5760ae13b5c2005942nginx:latest]
docker_container.nginx: Creating...
docker_container.nginx: Creation complete after 1s [id=2acea78a39a02d629563dbb9bba29118ba0575f01af0d66201097f867444f210]

Apply complete! Resources: 2 added, 0 changed, 0 destroyed.

Outputs:

container_id = ""2acea78a39a02d629563dbb9bba29118ba0575f01af0d66201097f867444f210""
image_id = ""sha256:5a88c9c45479443d7be2eadc894b4ed0a9801bae03d97a5760ae13b5c2005942nginx:latest""

--- ERRORS ---",
terrads_6bad39bb36c8,Zenodo/TerraDS,iac_benchmark/scenarios/terrads_6bad39bb36c8,53,307,2,0,1,True,True,0,0,0,0,0,True,"--- INIT LOG ---
Initializing provider plugins...
- Finding hashicorp/null versions matching ""3.1.1""...
- Finding latest version of hashicorp/aws...
- Installing hashicorp/null v3.1.1...
- Installed hashicorp/null v3.1.1 (signed by HashiCorp)
- Installing hashicorp/aws v6.56.0...
- Installed hashicorp/aws v6.56.0 (signed by HashiCorp)
Terraform has created a lock file .terraform.lock.hcl to record the provider
selections it made above. Include this file in your version control repository
so that Terraform can guarantee to make the same selections by default when
you run ""terraform init"" in the

...[LOG TRUNCATED]...

"" = ""southindia""
    })
  }
  ""charlie"" = {
    ""id"" = ""1925104116821296555""
    ""triggers"" = tomap({
      ""name"" = ""charlie""
      ""region"" = ""westus2""
    })
  }
}
challenge_p2 = {
  ""alpha"" = {
    ""id"" = ""6101629502863734446""
    ""triggers"" = tomap({
      ""name"" = ""omega""
      ""region"" = ""eastus""
    })
  }
  ""bravo"" = {
    ""id"" = ""1478539004758765116""
    ""triggers"" = tomap({
      ""name"" = ""psi""
      ""region"" = ""southindia""
    })
  }
  ""charlie"" = {
    ""id"" = ""3079348863082734266""
    ""triggers"" = tomap({
      ""name"" = ""chi""
      ""region"" = ""westus2""
    })
  }
}

--- ERRORS ---",
terrads_6f2cb595a46a,Zenodo/TerraDS,iac_benchmark/scenarios/terrads_6f2cb595a46a,132,700,2,5,2,True,True,0,0,0,0,0,True,"--- INIT LOG ---
Initializing provider plugins...
- Finding latest version of hashicorp/aws...
- Installing hashicorp/aws v6.56.0...
- Installed hashicorp/aws v6.56.0 (signed by HashiCorp)
Terraform has created a lock file .terraform.lock.hcl to record the provider
selections it made above. Include this file in your version control repository
so that Terraform can guarantee to make the same selections by default when
you run ""terraform init"" in the future.

Terraform has been successfully initialized!

You may now begin working with Terraform. Try running ""terraform plan"" to see
any changes th

...[LOG TRUNCATED]...

ver_side_encryption_configuration (known after apply)

      + versioning (known after apply)

      + website (known after apply)
    }

Plan: 1 to add, 0 to change, 0 to destroy.

Changes to Outputs:
  + bucket_arn = (known after apply)
  + bucket_id  = (known after apply)
aws_s3_bucket.this: Creating...
aws_s3_bucket.this: Creation complete after 1s [id=terraform-01702d2996032a543efb91839b]

Apply complete! Resources: 1 added, 0 changed, 0 destroyed.

Outputs:

bucket_arn = ""arn:aws:s3:::terraform-01702d2996032a543efb91839b""
bucket_id = ""terraform-01702d2996032a543efb91839b""

--- ERRORS ---",
terrads_986ccabe7ac2,Zenodo/TerraDS,iac_benchmark/scenarios/terrads_986ccabe7ac2,56,302,2,3,1,True,True,0,0,0,0,0,True,"--- INIT LOG ---
Initializing provider plugins...
- Finding kreuzwerker/docker versions matching ""~> 2.22.0""...
- Finding latest version of hashicorp/aws...
- Installing kreuzwerker/docker v2.22.0...
- Installed kreuzwerker/docker v2.22.0 (self-signed, key ID BD080C4571C6104C)
- Installing hashicorp/aws v6.55.0...
- Installed hashicorp/aws v6.55.0 (signed by HashiCorp)
Partner and community providers are signed by their developers.
If you'd like to know more about provider signing, you can read about it here:
https://developer.hashicorp.com/terraform/cli/plugins/signing
Terraform has created a

...[LOG TRUNCATED]...

+ output       = (known after apply)
      + repo_digest  = (known after apply)
    }

Plan: 2 to add, 0 to change, 0 to destroy.
docker_image.simplegoservice: Creating...
docker_image.simplegoservice: Creation complete after 0s [id=sha256:fa60b7753279d601057cf0e4b4de031eebc383594d4c6f1eceab93876c396b58registry.gitlab.com/alta3/simplegoservice]
docker_container.simplegoservice: Creating...
docker_container.simplegoservice: Creation complete after 1s [id=ac51fad4dae175af1203c14c9dbd58b0a4096cb8c4c32d36474fb94628e102e7]

Apply complete! Resources: 2 added, 0 changed, 0 destroyed.

--- ERRORS ---",
gh_64b06b2d,Tianyi2/IRIS,iac_benchmark/scenarios/gh_64b06b2d,374,2859,3,25,2,True,True,0,0,0,0,0,True,"--- INIT LOG ---
Initializing provider plugins...
- Finding latest version of hashicorp/aws...
- Installing hashicorp/aws v6.55.0...
- Installed hashicorp/aws v6.55.0 (signed by HashiCorp)
Terraform has created a lock file .terraform.lock.hcl to record the provider
selections it made above. Include this file in your version control repository
so that Terraform can guarantee to make the same selections by default when
you run ""terraform init"" in the future.

Terraform has been successfully initialized!

You may now begin working with Terraform. Try running ""terraform plan"" to see
any changes th

...[LOG TRUNCATED]...

uts:

workspaces_directory_alias = """"
workspaces_directory_customer_user_name = """"
workspaces_directory_directory_name = """"
workspaces_directory_directory_type = """"
workspaces_directory_dns_ip_addresses = [
  """",
]
workspaces_directory_iam_role_id = """"
workspaces_directory_id = """"
workspaces_directory_ip_group_ids = """"
workspaces_directory_registration_code = """"
workspaces_directory_workspace_security_group_id = """"
workspaces_ip_group_id = """"
workspaces_workspace_computer_name = """"
workspaces_workspace_id = """"
workspaces_workspace_ip_address = """"
workspaces_workspace_state = """"

--- ERRORS ---",
terrads_fa8106c90954,Zenodo/TerraDS,iac_benchmark/scenarios/terrads_fa8106c90954,518,3553,6,28,3,True,True,0,0,0,0,0,True,"--- INIT LOG ---
Initializing provider plugins...
- Finding hashicorp/aws versions matching "">= 4.0.0""...
- Installing hashicorp/aws v6.53.0...
- Installed hashicorp/aws v6.53.0 (signed by HashiCorp)
Terraform has created a lock file .terraform.lock.hcl to record the provider
selections it made above. Include this file in your version control repository
so that Terraform can guarantee to make the same selections by default when
you run ""terraform init"" in the future.

Terraform has been successfully initialized!

You may now begin working with Terraform. Try running ""terraform plan"" to see
any

...[LOG TRUNCATED]...

e Terraform
state, without changing any real infrastructure.

Apply complete! Resources: 0 added, 0 changed, 0 destroyed.

Outputs:

admin_iam_role_arn = """"
admin_iam_role_name = """"
admin_iam_role_path = """"
admin_iam_role_requires_mfa = true
admin_iam_role_unique_id = """"
poweruser_iam_role_arn = """"
poweruser_iam_role_name = """"
poweruser_iam_role_path = """"
poweruser_iam_role_requires_mfa = true
poweruser_iam_role_unique_id = """"
readonly_iam_role_arn = """"
readonly_iam_role_name = """"
readonly_iam_role_path = """"
readonly_iam_role_requires_mfa = true
readonly_iam_role_unique_id = """"

--- ERRORS ---","NON-JSON OUTPUT:
"
gh_e79950cd,Tianyi2/IRIS,iac_benchmark/scenarios/gh_e79950cd,250,1319,9,0,4,True,True,0,0,0,0,0,True,"--- INIT LOG ---
Initializing provider plugins...
- Finding latest version of hashicorp/aws...
- Installing hashicorp/aws v6.55.0...
- Installed hashicorp/aws v6.55.0 (signed by HashiCorp)
Terraform has created a lock file .terraform.lock.hcl to record the provider
selections it made above. Include this file in your version control repository
so that Terraform can guarantee to make the same selections by default when
you run ""terraform init"" in the future.

Terraform has been successfully initialized!

You may now begin working with Terraform. Try running ""terraform plan"" to see
any changes th

...[LOG TRUNCATED]...

ete after 1s [id=foo]
aws_ecs_task_definition.container_definitions_environment_aws_secret_access_key_set: Creation complete after 1s [id=foo]
aws_ecs_task_definition.container_definitions_environment_aws_secrets_not_set_40_character_string: Creation complete after 1s [id=foo]
aws_ecs_task_definition.container_definitions_environment_not_set: Creation complete after 1s [id=foo]
aws_ecs_task_definition.container_definitions_environment_aws_secrets_not_set_21_character_capital_string: Creation complete after 1s [id=foo]

Apply complete! Resources: 9 added, 0 changed, 0 destroyed.

--- ERRORS ---",
terrads_c92b260bc738,Zenodo/TerraDS,iac_benchmark/scenarios/terrads_c92b260bc738,849,6074,12,47,5,True,True,0,0,0,0,0,True,"--- INIT LOG ---
Initializing provider plugins...
- Finding latest version of hashicorp/aws...
- Installing hashicorp/aws v6.55.0...
- Installed hashicorp/aws v6.55.0 (signed by HashiCorp)
Terraform has created a lock file .terraform.lock.hcl to record the provider
selections it made above. Include this file in your version control repository
so that Terraform can guarantee to make the same selections by default when
you run ""terraform init"" in the future.

Terraform has been successfully initialized!

You may now begin working with Terraform. Try running ""terraform plan"" to see
any changes th

...[LOG TRUNCATED]...

yed.

Outputs:

waf_byte_match_set_id = """"
waf_geo_match_set_arn = """"
waf_geo_match_set_id = """"
waf_ipset_arn = """"
waf_ipset_id = """"
waf_rate_based_rule_arn = """"
waf_rate_based_rule_id = """"
waf_regex_match_set_arn = """"
waf_regex_match_set_id = """"
waf_regex_pattern_set_arn = """"
waf_regex_pattern_set_id = """"
waf_rule_arn = """"
waf_rule_group_arn = """"
waf_rule_group_id = """"
waf_rule_id = """"
waf_size_constraint_set_arn = """"
waf_size_constraint_set_id = """"
waf_sql_injection_match_set_id = """"
waf_web_acl_arn = """"
waf_web_acl_id = """"
waf_xss_match_set_arn = """"
waf_xss_match_set_id = """"

--- ERRORS ---",
terrads_e23b184d6cd1,Zenodo/TerraDS,iac_benchmark/scenarios/terrads_e23b184d6cd1,360,2803,4,16,3,True,True,0,0,0,0,0,True,"--- INIT LOG ---
Initializing provider plugins...
- Finding hashicorp/aws versions matching "">= 5.50.0""...
- Installing hashicorp/aws v6.56.0...
- Installed hashicorp/aws v6.56.0 (signed by HashiCorp)
Terraform has created a lock file .terraform.lock.hcl to record the provider
selections it made above. Include this file in your version control repository
so that Terraform can guarantee to make the same selections by default when
you run ""terraform init"" in the future.

Terraform has been successfully initialized!

You may now begin working with Terraform. Try running ""terraform plan"" to see
an

...[LOG TRUNCATED]...

trator_email = []
administrator_joined_method = []
administrator_joined_timestamp = []
administrator_name = []
administrator_status = []
arn = []
govcloud_id = []
id = []
master_account_arn = []
master_account_email = []
master_account_id = []
non_master_accounts = []
org_arn = []
org_id = []
ou_accounts = []
ou_accounts_arn = []
ou_accounts_email = []
ou_accounts_id = []
ou_accounts_name = []
ou_arn = []
ou_id = []
ou_tags_all = []
root_arn = []
root_id = []
root_name = []
root_policy_types = []
root_policy_types_status = []
root_policy_types_type = []
roots = []
tags_all = []

--- ERRORS ---",
terrads_08824183beb0,Zenodo/TerraDS,iac_benchmark/scenarios/terrads_08824183beb0,70,361,2,2,1,True,True,0,0,0,0,0,True,"--- INIT LOG ---
Initializing provider plugins...
- Finding latest version of hashicorp/aws...
- Installing hashicorp/aws v6.54.0...
- Installed hashicorp/aws v6.54.0 (signed by HashiCorp)
Terraform has created a lock file .terraform.lock.hcl to record the provider
selections it made above. Include this file in your version control repository
so that Terraform can guarantee to make the same selections by default when
you run ""terraform init"" in the future.

Terraform has been successfully initialized!

You may now begin working with Terraform. Try running ""terraform plan"" to see
any changes th

...[LOG TRUNCATED]...

false
        }
    }

Plan: 2 to add, 0 to change, 0 to destroy.

Changes to Outputs:
  + registry_id    = (known after apply)
  + repository_url = (known after apply)
aws_ecr_repository.main: Creating...
aws_ecr_repository.main: Creation complete after 1s [id=illumidesk]
aws_ecr_lifecycle_policy.main: Creating...
aws_ecr_lifecycle_policy.main: Creation complete after 0s [id=illumidesk]

Apply complete! Resources: 2 added, 0 changed, 0 destroyed.

Outputs:

registry_id = ""000000000000""
repository_url = ""000000000000.dkr.ecr.us-east-1.localhost.localstack.cloud:4566/illumidesk""

--- ERRORS ---",
terrads_46556c7a134d,Zenodo/TerraDS,iac_benchmark/scenarios/terrads_46556c7a134d,716,5139,11,37,4,True,True,0,0,0,0,0,True,"--- INIT LOG ---
Initializing provider plugins...
- Finding hashicorp/aws versions matching "">= 4.47.0""...
- Installing hashicorp/aws v6.53.0...
- Installed hashicorp/aws v6.53.0 (signed by HashiCorp)
Terraform has created a lock file .terraform.lock.hcl to record the provider
selections it made above. Include this file in your version control repository
so that Terraform can guarantee to make the same selections by default when
you run ""terraform init"" in the future.

Terraform has been successfully initialized!

You may now begin working with Terraform. Try running ""terraform plan"" to see
an

...[LOG TRUNCATED]...

instance_profile_unique = ""AIPAQAAAAAAAN7Q3SD7T3""
irsa_arn = ""arn:aws:iam::000000000000:role/KarpenterIRSA--8502883af1d96c362c1e5fbac4""
irsa_name = ""KarpenterIRSA--8502883af1d96c362c1e5fbac4""
irsa_unique_id = ""AROAQAAAAAAAM4MEV54N4""
queue_arn = ""arn:aws:sqs:us-east-1:000000000000:Karpenter-""
queue_name = ""Karpenter-""
queue_url = ""http://sqs.us-east-1.localhost.localstack.cloud:4566/000000000000/Karpenter-""
role_arn = ""arn:aws:iam::000000000000:role/Karpenter--1d9730170e83baa4db7c4c46bb""
role_name = ""Karpenter--1d9730170e83baa4db7c4c46bb""
role_unique_id = ""AROAQAAAAAAABL7ENUP2U""

--- ERRORS ---","NON-JSON OUTPUT:
"
gh_3ec69cfa,Tianyi2/IRIS,iac_benchmark/scenarios/gh_3ec69cfa,386,2922,4,25,3,True,True,0,0,0,0,0,True,"--- INIT LOG ---
Initializing provider plugins...
- Finding latest version of hashicorp/aws...
- Installing hashicorp/aws v6.51.0...
- Installed hashicorp/aws v6.51.0 (signed by HashiCorp)
Terraform has created a lock file .terraform.lock.hcl to record the provider
selections it made above. Include this file in your version control repository
so that Terraform can guarantee to make the same selections by default when
you run ""terraform init"" in the future.

Terraform has been successfully initialized!

You may now begin working with Terraform. Try running ""terraform plan"" to see
any changes that are required for your infrastructure. All Terraform commands
should now work.

If you ever set or change modules or backend configuration for Terraform,
rerun this command to reinitialize your working directory. If you forget, other
commands will detect it and remind you to do so if necessary.

--- APPLY LOG ---

Changes to Outputs:
  + efs_access_point_arn                    = """"
  + efs_access_point_file_system_arn        = """"
  + efs_access_point_id                     = """"
  + efs_file_system_arn                     = """"
  + efs_file_system_dns_name                = """"
  + efs_file_system_id                      = """"
  + efs_file_system_kms_key_id              = """"
  + efs_file_system_policy_id               = """"
  + efs_mount_target_availability_zone_id   = """"
  + efs_mount_target_availability_zone_name = """"
  + efs_mount_target_dns_name               = """"
  + efs_mount_target_file_system_arn        = """"
  + efs_mount_target_id                     = """"
  + efs_mount_target_mount_target_dns_name  = """"
  + efs_mount_target_network_interface_id   = """"
  + efs_mount_target_owner_id               = """"

You can apply this plan to save these new output values to the Terraform
state, without changing any real infrastructure.

Apply complete! Resources: 0 added, 0 changed, 0 destroyed.

Outputs:

efs_access_point_arn = """"
efs_access_point_file_system_arn = """"
efs_access_point_id = """"
efs_file_system_arn = """"
efs_file_system_dns_name = """"
efs_file_system_id = """"
efs_file_system_kms_key_id = """"
efs_file_system_policy_id = """"
efs_mount_target_availability_zone_id = """"
efs_mount_target_availability_zone_name = """"
efs_mount_target_dns_name = """"
efs_mount_target_file_system_arn = """"
efs_mount_target_id = """"
efs_mount_target_mount_target_dns_name = """"
efs_mount_target_network_interface_id = """"
efs_mount_target_owner_id = """"

--- ERRORS ---",
terrads_0cbe861f6c91,Zenodo/TerraDS,iac_benchmark/scenarios/terrads_0cbe861f6c91,95,587,3,0,2,True,True,0,0,0,0,0,True,"--- INIT LOG ---
Initializing modules...
Downloading git::https://github.com/terraform-aws-modules/terraform-aws-vpc.git?ref=v5.1.2 for vpc...
- vpc in .terraform/modules/vpc
Initializing provider plugins...
- Finding hashicorp/aws versions matching "">= 5.0.0, >= 5.3.0""...
- Installing hashicorp/aws v6.53.0...
- Installed hashicorp/aws v6.53.0 (signed by HashiCorp)
Terraform has created a lock file .terraform.lock.hcl to record the provider
selections it made above. Include this file in your version control repository
so that Terraform can guarantee to make the same selections by default when


...[LOG TRUNCATED]...

 data.aws_region.current.name

The attribute ""name"" is deprecated. Refer to the provider documentation for
details.

(and 2 more similar warnings elsewhere)

Apply complete! Resources: 26 added, 0 changed, 0 destroyed.

Outputs:

private_subnet_ids = [
  ""subnet-3fd8cdbec925d572a"",
  ""subnet-bfa414e60fdf70cdf"",
  ""subnet-9ad5cb9d9aa4d8c81"",
]
private_subnets_cidr_blocks = tolist([
  ""10.0.4.0/24"",
  ""10.0.5.0/24"",
  ""10.0.6.0/24"",
])
public_subnet_ids = [
  ""subnet-f0d6a309673b832b3"",
  ""subnet-fc0cf04d642a5e457"",
  ""subnet-ad4986ed6eed7146d"",
]
vpc_id = ""vpc-b6849480139ab2824""

--- ERRORS ---","NON-JSON OUTPUT:
"
terrads_2b674c758d74,Zenodo/TerraDS,iac_benchmark/scenarios/terrads_2b674c758d74,72,365,2,3,1,True,True,0,0,0,0,0,True,"--- INIT LOG ---
Initializing provider plugins...
- Finding hashicorp/aws versions matching "">= 5.20.0""...
- Installing hashicorp/aws v6.53.0...
- Installed hashicorp/aws v6.53.0 (signed by HashiCorp)
Terraform has created a lock file .terraform.lock.hcl to record the provider
selections it made above. Include this file in your version control repository
so that Terraform can guarantee to make the same selections by default when
you run ""terraform init"" in the future.

Terraform has been successfully initialized!

You may now begin working with Terraform. Try running ""terraform plan"" to see
an

...[LOG TRUNCATED]...

  + private_dns_name_options (known after apply)

      + root_block_device (known after apply)

      + secondary_network_interface (known after apply)
    }

Plan: 2 to add, 0 to change, 0 to destroy.
aws_instance.terraform[0]: Creating...
aws_instance.terraform[0]: Still creating... [00m10s elapsed]
aws_instance.terraform[0]: Creation complete after 10s [id=i-7f23e5a7fba0e34a1]
aws_ami_from_instance.my_own_ami[0]: Creating...
aws_ami_from_instance.my_own_ami[0]: Creation complete after 5s [id=ami-7c7c38adadc3beed0]

Apply complete! Resources: 2 added, 0 changed, 0 destroyed.

--- ERRORS ---","NON-JSON OUTPUT:
"
terrads_c97056850842,Zenodo/TerraDS,iac_benchmark/scenarios/terrads_c97056850842,379,2803,15,10,4,True,True,0,0,0,0,0,True,"--- INIT LOG ---
Initializing provider plugins...
- Finding latest version of hashicorp/aws...
- Installing hashicorp/aws v6.55.0...
- Installed hashicorp/aws v6.55.0 (signed by HashiCorp)
Terraform has created a lock file .terraform.lock.hcl to record the provider
selections it made above. Include this file in your version control repository
so that Terraform can guarantee to make the same selections by default when
you run ""terraform init"" in the future.

Terraform has been successfully initialized!

You may now begin working with Terraform. Try running ""terraform plan"" to see
any changes th

...[LOG TRUNCATED]...

-dd4a7d7de00ef6b1b""
  ""public"" = ""eni-410b76e66f3306a5a""
}
fgt_ni_ips = {
  ""private"" = ""172.30.0.138""
  ""public"" = ""172.30.0.10""
}
nsg_ids = {
  ""allow_all"" = ""sg-73838a274c18caa51""
  ""bastion"" = ""sg-9ffc5046aa50e0426""
  ""private"" = ""sg-eaebb87f32330d0e4""
  ""public"" = ""sg-ff98b638965c42eb1""
}
subnet_az1_cidrs = {
  ""bastion"" = ""172.30.1.0/25""
  ""private"" = ""172.30.0.128/25""
  ""public"" = ""172.30.0.0/25""
}
subnet_az1_ids = {
  ""bastion"" = ""subnet-d505ed57ecf11fd41""
  ""private"" = ""subnet-94c81745255b69f52""
  ""public"" = ""subnet-0c27dd442c152a04a""
}
vpc_id = ""vpc-6609fa2456b7c4787""

--- ERRORS ---",
terrads_9ffbd7231422,Zenodo/TerraDS,iac_benchmark/scenarios/terrads_9ffbd7231422,69,424,2,1,1,True,True,0,0,0,0,0,True,"NON-JSON OUTPUT:
","--- INIT LOG ---
Initializing provider plugins...
- Finding latest version of hashicorp/aws...
- Installing hashicorp/aws v6.52.0...
- Installed hashicorp/aws v6.52.0 (signed by HashiCorp)
Terraform has created a lock file .terraform.lock.hcl to record the provider
selections it made above. Include this file in your version control repository
so that Terraform can guarantee to make the same selections by default when
you run ""terraform init"" in the future.

Terraform has been successfully initialized!

You may now begin working with Terraform. Try running ""terraform plan"" to see
any changes th

...[LOG TRUNCATED]...

 = (known after apply)
    }

Plan: 2 to add, 0 to change, 0 to destroy.

Changes to Outputs:
  + cmk_alias = ""alias/kms-cmk-example""
  + cmk_arn   = (known after apply)
aws_kms_key.cmk: Creating...
aws_kms_key.cmk: Creation complete after 4s [id=ed5aee03-a603-4489-8e0d-7080268d86e0]
aws_kms_alias.cmk: Creating...
aws_kms_alias.cmk: Creation complete after 0s [id=alias/kms-cmk-example]

Apply complete! Resources: 2 added, 0 changed, 0 destroyed.

Outputs:

cmk_alias = ""alias/kms-cmk-example""
cmk_arn = ""arn:aws:kms:us-east-2:000000000000:key/ed5aee03-a603-4489-8e0d-7080268d86e0""

--- ERRORS ---"
terrads_3ea893f0239e,Zenodo/TerraDS,iac_benchmark/scenarios/terrads_3ea893f0239e,96,654,7,0,2,True,True,0,0,0,0,0,True,"--- INIT LOG ---
Initializing provider plugins...
- Finding latest version of hashicorp/aws...
- Installing hashicorp/aws v6.56.0...
- Installed hashicorp/aws v6.56.0 (signed by HashiCorp)
Terraform has created a lock file .terraform.lock.hcl to record the provider
selections it made above. Include this file in your version control repository
so that Terraform can guarantee to make the same selections by default when
you run ""terraform init"" in the future.

Terraform has been successfully initialized!

You may now begin working with Terraform. Try running ""terraform plan"" to see
any changes th

...[LOG TRUNCATED]...

urity_group.nginx-sg: Creation complete after 0s [id=sg-2578fb16fec2118ab]
aws_subnet.subnet1: Still creating... [00m10s elapsed]
aws_subnet.subnet1: Creation complete after 10s [id=subnet-ba5449a5e6b225998]
aws_route_table_association.rta-subnet1: Creating...
aws_instance.nginx1: Creating...
aws_route_table_association.rta-subnet1: Creation complete after 0s [id=rtbassoc-1e0c1e5d1c0da00f7]
aws_instance.nginx1: Still creating... [00m10s elapsed]
aws_instance.nginx1: Creation complete after 10s [id=i-b1b7013336048ebb2]

Apply complete! Resources: 7 added, 0 changed, 0 destroyed.

--- ERRORS ---",
gh_5adca94f,Tianyi2/IRIS,iac_benchmark/scenarios/gh_5adca94f,108,664,8,0,2,True,True,0,0,0,0,0,True,"--- INIT LOG ---
Initializing provider plugins...
- Finding latest version of hashicorp/aws...
- Installing hashicorp/aws v6.53.0...
- Installed hashicorp/aws v6.53.0 (signed by HashiCorp)
Terraform has created a lock file .terraform.lock.hcl to record the provider
selections it made above. Include this file in your version control repository
so that Terraform can guarantee to make the same selections by default when
you run ""terraform init"" in the future.

Terraform has been successfully initialized!

You may now begin working with Terraform. Try running ""terraform plan"" to see
any changes th

...[LOG TRUNCATED]...

3cc7d57ac1]
aws_route_table.private-rtb: Creation complete after 0s [id=rtb-1e02bc1dd724f950e]
aws_security_group.allow-public-outbound-sg: Creation complete after 0s [id=sg-0b8405c1cce9a56dd]
aws_instance.test: Creating...
aws_vpc_endpoint.dynamodb-vpce-gw: Creation complete after 5s [id=vpce-84a8cb21dbcf923ae]
aws_dynamodb_table.basic-dynamodb-table: Creation complete after 6s [id=GameScores]
aws_instance.test: Still creating... [00m10s elapsed]
aws_instance.test: Creation complete after 10s [id=i-49ac5528b54cb1cc5]

Apply complete! Resources: 8 added, 0 changed, 0 destroyed.

--- ERRORS ---",
terrads_73811111c805,Zenodo/TerraDS,iac_benchmark/scenarios/terrads_73811111c805,740,5354,12,39,5,True,True,0,0,0,0,0,True,"--- INIT LOG ---
Initializing provider plugins...
- Finding hashicorp/aws versions matching "">= 4.47.0""...
- Installing hashicorp/aws v6.53.0...
- Installed hashicorp/aws v6.53.0 (signed by HashiCorp)
Terraform has created a lock file .terraform.lock.hcl to record the provider
selections it made above. Include this file in your version control repository
so that Terraform can guarantee to make the same selections by default when
you run ""terraform init"" in the future.

Terraform has been successfully initialized!

You may now begin working with Terraform. Try running ""terraform plan"" to see
an

...[LOG TRUNCATED]...

instance_profile_unique = ""AIPAQAAAAAAAMFDK2DBWU""
irsa_arn = ""arn:aws:iam::000000000000:role/KarpenterIRSA--01d9b28ee7c006308bb5bacff6""
irsa_name = ""KarpenterIRSA--01d9b28ee7c006308bb5bacff6""
irsa_unique_id = ""AROAQAAAAAAALXYLFXK3D""
queue_arn = ""arn:aws:sqs:us-east-1:000000000000:Karpenter-""
queue_name = ""Karpenter-""
queue_url = ""http://sqs.us-east-1.localhost.localstack.cloud:4566/000000000000/Karpenter-""
role_arn = ""arn:aws:iam::000000000000:role/Karpenter--63852465775ff6e720567416d9""
role_name = ""Karpenter--63852465775ff6e720567416d9""
role_unique_id = ""AROAQAAAAAAAMKSHLVTOE""

--- ERRORS ---","NON-JSON OUTPUT:
"
terrads_e50c6bc1ea2d,Zenodo/TerraDS,iac_benchmark/scenarios/terrads_e50c6bc1ea2d,61,365,2,3,1,True,True,0,0,0,0,0,True,"--- INIT LOG ---
Initializing provider plugins...
- Finding latest version of hashicorp/aws...
- Finding kreuzwerker/docker versions matching ""~> 2.22.0""...
- Installing hashicorp/aws v6.56.0...
- Installed hashicorp/aws v6.56.0 (signed by HashiCorp)
- Installing kreuzwerker/docker v2.22.0...
- Installed kreuzwerker/docker v2.22.0 (self-signed, key ID BD080C4571C6104C)
Partner and community providers are signed by their developers.
If you'd like to know more about provider signing, you can read about it here:
https://developer.hashicorp.com/terraform/cli/plugins/signing
Terraform has created a

...[LOG TRUNCATED]...

nown after apply)
docker_image.simplegoservice: Creating...
docker_image.simplegoservice: Creation complete after 1s [id=sha256:fa60b7753279d601057cf0e4b4de031eebc383594d4c6f1eceab93876c396b58registry.gitlab.com/alta3/simplegoservice]
docker_container.Alta3ResearchWebService: Creating...
docker_container.Alta3ResearchWebService: Creation complete after 0s [id=58669ff854ad2902cc90de8799f26e1106e10b94f3557f3d47a92ed1282badde]

Apply complete! Resources: 2 added, 0 changed, 0 destroyed.

Outputs:

image_id = ""sha256:fa60b7753279d601057cf0e4b4de031eebc383594d4c6f1eceab93876c396b58""

--- ERRORS ---",
terrads_c896c54fec09,Zenodo/TerraDS,iac_benchmark/scenarios/terrads_c896c54fec09,66,299,3,0,1,True,True,0,0,0,0,0,True,"--- INIT LOG ---
Initializing provider plugins...
- Finding kreuzwerker/docker versions matching ""~> 2.22.0""...
- Finding hashicorp/random versions matching ""~> 3.1.0""...
- Finding hashicorp/time versions matching ""~> 0.7.2""...
- Finding latest version of hashicorp/aws...
- Installing kreuzwerker/docker v2.22.0...
- Installed kreuzwerker/docker v2.22.0 (self-signed, key ID BD080C4571C6104C)
- Installing hashicorp/random v3.1.3...
- Installed hashicorp/random v3.1.3 (signed by HashiCorp)
- Installing hashicorp/time v0.7.2...
- Installed hashicorp/time v0.7.2 (signed by HashiCorp)
- Installing h

...[LOG TRUNCATED]...

""docker_container"" ""nginx"":
  24:  image = docker_image.nginx.latest

The attribute ""latest"" is deprecated. Refer to the provider documentation for
details.

(and 12 more similar warnings elsewhere)

Apply complete! Resources: 6 added, 0 changed, 0 destroyed.

Outputs:

nginx_hosts = [
  {
    ""host"" = ""0.0.0.0:8000""
    ""name"" = ""nginx-viable-pigeon-0""
  },
  {
    ""host"" = ""0.0.0.0:8001""
    ""name"" = ""nginx-viable-pigeon-1""
  },
  {
    ""host"" = ""0.0.0.0:8002""
    ""name"" = ""nginx-viable-pigeon-2""
  },
  {
    ""host"" = ""0.0.0.0:8003""
    ""name"" = ""nginx-viable-pigeon-3""
  },
]

--- ERRORS ---",
gh_0624a1f2,Tianyi2/IRIS,iac_benchmark/scenarios/gh_0624a1f2,296,2251,6,8,3,True,True,0,0,0,0,0,True,"--- INIT LOG ---
Initializing provider plugins...
- Finding integrations/github versions matching ""~> 5.3""...
- Finding latest version of hashicorp/aws...
- Installing integrations/github v5.45.0...
- Installed integrations/github v5.45.0 (signed by a HashiCorp partner, key ID 38027F80D7FD5FB2)
- Installing hashicorp/aws v6.52.0...
- Installed hashicorp/aws v6.52.0 (signed by HashiCorp)
Partner and community providers are signed by their developers.
If you'd like to know more about provider signing, you can read about it here:
https://developer.hashicorp.com/terraform/cli/plugins/signing
Terraform has created a lock file .terraform.lock.hcl to record the provider
selections it made above. Include this file in your version control repository
so that Terraform can guarantee to make the same selections by default when
you run ""terraform init"" in the future.

Terraform has been successfully initialized!

You may now begin working with Terraform. Try running ""terraform plan"" to see
any changes that are required for your infrastructure. All Terraform commands
should now work.

If you ever set or change modules or backend configuration for Terraform,
rerun this command to reinitialize your working directory. If you forget, other
commands will detect it and remind you to do so if necessary.

--- APPLY LOG ---

Changes to Outputs:
  + all_members_team = {}
  + blocked_users    = {}
  + memberships      = {}
  + projects         = {}
  + settings         = {}

You can apply this plan to save these new output values to the Terraform
state, without changing any real infrastructure.

Apply complete! Resources: 0 added, 0 changed, 0 destroyed.

Outputs:

all_members_team = {}
blocked_users = {}
memberships = {}
projects = {}
settings = {}

--- ERRORS ---",
terrads_4e9c7397c63e,Zenodo/TerraDS,iac_benchmark/scenarios/terrads_4e9c7397c63e,34,244,2,0,1,True,True,0,0,0,0,0,True,"--- INIT LOG ---
Initializing provider plugins...
- Finding kreuzwerker/docker versions matching ""~> 3.0.1""...
- Finding latest version of hashicorp/aws...
- Installing hashicorp/aws v6.53.0...
- Installed hashicorp/aws v6.53.0 (signed by HashiCorp)
- Installing kreuzwerker/docker v3.0.2...
- Installed kreuzwerker/docker v3.0.2 (self-signed, key ID BD080C4571C6104C)
Partner and community providers are signed by their developers.
If you'd like to know more about provider signing, you can read about it here:
https://developer.hashicorp.com/terraform/cli/plugins/signing
Terraform has created a lo

...[LOG TRUNCATED]...

lly = false
      + name         = ""nginx:latest""
      + repo_digest  = (known after apply)
    }

Plan: 2 to add, 0 to change, 0 to destroy.
docker_image.nginx: Creating...
docker_image.nginx: Still creating... [00m10s elapsed]
docker_image.nginx: Creation complete after 15s [id=sha256:ec4ed8b5299e5e90694af7750eb6dffd2627317d30544d056b0371f8082f7bcenginx:latest]
docker_container.nginx: Creating...
docker_container.nginx: Creation complete after 2s [id=43b3ba4d601e6b445dd7f8e1a1761e1095b55142b540513a1764598c0cd37c6b]

Apply complete! Resources: 2 added, 0 changed, 0 destroyed.

--- ERRORS ---",
terrads_79d499359f89,Zenodo/TerraDS,iac_benchmark/scenarios/terrads_79d499359f89,374,2856,4,25,3,True,True,0,0,0,0,0,True,"--- INIT LOG ---
Initializing provider plugins...
- Finding latest version of hashicorp/aws...
- Installing hashicorp/aws v6.56.0...
- Installed hashicorp/aws v6.56.0 (signed by HashiCorp)
Terraform has created a lock file .terraform.lock.hcl to record the provider
selections it made above. Include this file in your version control repository
so that Terraform can guarantee to make the same selections by default when
you run ""terraform init"" in the future.

Terraform has been successfully initialized!

You may now begin working with Terraform. Try running ""terraform plan"" to see
any changes th

...[LOG TRUNCATED]...

esources: 0 added, 0 changed, 0 destroyed.

Outputs:

efs_access_point_arn = """"
efs_access_point_file_system_arn = """"
efs_access_point_id = """"
efs_file_system_arn = """"
efs_file_system_dns_name = """"
efs_file_system_id = """"
efs_file_system_kms_key_id = """"
efs_file_system_policy_id = """"
efs_mount_target_availability_zone_id = """"
efs_mount_target_availability_zone_name = """"
efs_mount_target_dns_name = """"
efs_mount_target_file_system_arn = """"
efs_mount_target_id = """"
efs_mount_target_mount_target_dns_name = """"
efs_mount_target_network_interface_id = """"
efs_mount_target_owner_id = """"

--- ERRORS ---",
terrads_22ba38fa2268,Zenodo/TerraDS,iac_benchmark/scenarios/terrads_22ba38fa2268,36,217,3,0,1,True,True,0,0,0,0,0,True,"--- INIT LOG ---
Initializing provider plugins...
- Finding hashicorp/null versions matching ""3.1.1""...
- Finding latest version of hashicorp/time...
- Finding latest version of hashicorp/aws...
- Installing hashicorp/null v3.1.1...
- Installed hashicorp/null v3.1.1 (signed by HashiCorp)
- Installing hashicorp/time v0.14.0...
- Installed hashicorp/time v0.14.0 (signed by HashiCorp)
- Installing hashicorp/aws v6.55.0...
- Installed hashicorp/aws v6.55.0 (signed by HashiCorp)
Terraform has created a lock file .terraform.lock.hcl to record the provider
selections it made above. Include this file 

...[LOG TRUNCATED]...

ec'...
null_resource.previous (local-exec): Executing: [""/bin/sh"" ""-c"" ""echo 'foo' > file.txt""]
null_resource.previous: Creation complete after 0s [id=1060767706535102306]
time_sleep.wait_30_seconds: Creating...
time_sleep.wait_30_seconds: Still creating... [00m10s elapsed]
time_sleep.wait_30_seconds: Still creating... [00m20s elapsed]
time_sleep.wait_30_seconds: Creation complete after 20s [id=2026-07-16T14:19:55Z]
null_resource.next: Creating...
null_resource.next: Creation complete after 0s [id=5462123743329504837]

Apply complete! Resources: 3 added, 0 changed, 0 destroyed.

--- ERRORS ---",
terrads_cf95c6e92a63,Zenodo/TerraDS,iac_benchmark/scenarios/terrads_cf95c6e92a63,67,346,3,0,1,True,True,0,0,0,0,0,True,"--- INIT LOG ---
Initializing provider plugins...
- Finding hashicorp/time versions matching ""~> 0.7.2""...
- Finding latest version of hashicorp/aws...
- Finding kreuzwerker/docker versions matching ""~> 2.22.0""...
- Finding hashicorp/random versions matching ""~> 3.1.0""...
- Installing hashicorp/random v3.1.3...
- Installed hashicorp/random v3.1.3 (signed by HashiCorp)
- Installing hashicorp/time v0.7.2...
- Installed hashicorp/time v0.7.2 (signed by HashiCorp)
- Installing hashicorp/aws v6.56.0...
- Installed hashicorp/aws v6.56.0 (signed by HashiCorp)
- Installing kreuzwerker/docker v2.22.0..

...[LOG TRUNCATED]...

after 1s [id=2e08b6bcff101d4465b20736fed11d0fa63224dc9f254961244b9dd45d0477a2]
docker_container.nginx[1]: Creation complete after 1s [id=ab3516cc9f2f08d9ac8187490ea4300196317b592bbfa9ffe48f247f1b0ec777]

Apply complete! Resources: 6 added, 0 changed, 0 destroyed.

Outputs:

nginx_hosts = [
  {
    ""host"" = ""0.0.0.0:8000""
    ""name"" = ""nginx-pleasant-cow-0""
  },
  {
    ""host"" = ""0.0.0.0:8001""
    ""name"" = ""nginx-pleasant-cow-1""
  },
  {
    ""host"" = ""0.0.0.0:8002""
    ""name"" = ""nginx-pleasant-cow-2""
  },
  {
    ""host"" = ""0.0.0.0:8003""
    ""name"" = ""nginx-pleasant-cow-3""
  },
]

--- ERRORS ---",
terrads_8ba60cf4e251,Zenodo/TerraDS,iac_benchmark/scenarios/terrads_8ba60cf4e251,55,344,5,0,1,True,True,0,0,0,0,0,True,"--- INIT LOG ---
Initializing provider plugins...
- Finding latest version of hashicorp/aws...
- Installing hashicorp/aws v6.54.0...
- Installed hashicorp/aws v6.54.0 (signed by HashiCorp)
Terraform has created a lock file .terraform.lock.hcl to record the provider
selections it made above. Include this file in your version control repository
so that Terraform can guarantee to make the same selections by default when
you run ""terraform init"" in the future.

Terraform has been successfully initialized!

You may now begin working with Terraform. Try running ""terraform plan"" to see
any changes th

...[LOG TRUNCATED]...

r 0s [id=app-ec2-role/arn:aws:iam::aws:policy/AmazonS3FullAccess]
aws_s3_bucket.prodioslabsbucket: Creation complete after 1s [id=my-tf-example-bucket]
aws_s3_bucket_ownership_controls.example: Creating...
aws_s3_bucket_ownership_controls.example: Creation complete after 0s [id=my-tf-example-bucket]
aws_s3_bucket_acl.pl-acl: Creating...
aws_s3_bucket_acl.pl-acl: Creation complete after 0s [id=my-tf-example-bucket,private]

Apply complete! Resources: 5 added, 0 changed, 0 destroyed.

Outputs:

bucket_domain_name = ""my-tf-example-bucket.s3.amazonaws.com""
ec2_role = ""app-ec2-role""

--- ERRORS ---",
terrads_edc75c22b890,Zenodo/TerraDS,iac_benchmark/scenarios/terrads_edc75c22b890,44,294,3,2,1,True,True,0,0,0,0,0,True,"--- INIT LOG ---
Initializing provider plugins...
- Finding latest version of hashicorp/aws...
- Finding latest version of hashicorp/tls...
- Finding latest version of hashicorp/local...
- Installing hashicorp/aws v6.56.0...
- Installed hashicorp/aws v6.56.0 (signed by HashiCorp)
- Installing hashicorp/tls v4.3.0...
- Installed hashicorp/tls v4.3.0 (signed by HashiCorp)
- Installing hashicorp/local v2.9.0...
- Installed hashicorp/local v2.9.0 (signed by HashiCorp)
Terraform has created a lock file .terraform.lock.hcl to record the provider
selections it made above. Include this file in your ve

...[LOG TRUNCATED]...

yMD3QrKOrSE258BjUUxIYa+z1D/yoeJgUeDRR3ocMJoInSsny8fXJZ5aox+mfXQzw4UBmBuib2yrkH8/V8t85motGslm1BNhEo3GoggMfj6/rjdmc8vGs04AdTj1Jbn1e5wG/d2R2HEM38qriUjdxC8zeaA2P70cUJeNurSed4Xw4KkfoJx8JQ44xJ5ws5R87g0tnTesbcRBnSWBXe4BszgEWgLvZFnY/GHw/1Q5kvreZrB1zYzrkcLqiYXtDNBDWi5SeRgNoFT1f3keEHXP4Ltl6tPT64a4ad/AUMaf1+7IX5E5iGWQPE1awv8c4sx27WdIFtyZ1AdzrpCWcuo5CtTjuTTF+adKAxDWTkT/hr3oDt6hA7HQDFCkWKZL8DhA0DWSQAnb7R1OVN3/LmJ1y3dWh+BwARPvWBr/D+Nm8deecGBMZqWzJzlFXyAtj5jPpnZjmBzFC37PhFNFKtNlgiHgkUi308oBD964fLSLk8wt5895p6k7gh5ITx/fYMfbWsmqoYg83ioBcVYK5Av483+jmWnE7b/XlGvN6kOm/uQoODaBp34bGhU3tzBnQhIlw==

EOT

--- ERRORS ---",
terrads_84f64c0c2376,Zenodo/TerraDS,iac_benchmark/scenarios/terrads_84f64c0c2376,924,6666,14,62,5,True,True,0,0,0,0,0,True,"--- INIT LOG ---
Initializing provider plugins...
- Finding latest version of hashicorp/aws...
- Installing hashicorp/aws v6.55.0...
- Installed hashicorp/aws v6.55.0 (signed by HashiCorp)
Terraform has created a lock file .terraform.lock.hcl to record the provider
selections it made above. Include this file in your version control repository
so that Terraform can guarantee to make the same selections by default when
you run ""terraform init"" in the future.

Terraform has been successfully initialized!

You may now begin working with Terraform. Try running ""terraform plan"" to see
any changes th

...[LOG TRUNCATED]...

arn = """"
ses_domain_identity_id = """"
ses_domain_identity_verification_arn = """"
ses_domain_identity_verification_id = """"
ses_domain_identity_verification_token = """"
ses_domain_mail_from_id = """"
ses_email_identity_arn = """"
ses_email_identity_id = """"
ses_event_destination_arn = """"
ses_event_destination_id = """"
ses_identity_notification_topic_id = """"
ses_identity_policy_id = """"
ses_receipt_filter_arn = """"
ses_receipt_filter_id = """"
ses_receipt_rule_arn = """"
ses_receipt_rule_id = """"
ses_receipt_rule_set_arn = """"
ses_receipt_rule_set_id = """"
ses_template_arn = """"
ses_template_id = """"

--- ERRORS ---",
terrads_5ba7cf5050e6,Zenodo/TerraDS,iac_benchmark/scenarios/terrads_5ba7cf5050e6,69,361,2,1,1,True,True,0,0,0,0,0,True,"--- INIT LOG ---
Initializing provider plugins...
- Finding hashicorp/aws versions matching ""~> 5.21""...
- Installing hashicorp/aws v5.100.0...
- Installed hashicorp/aws v5.100.0 (signed by HashiCorp)
Terraform has created a lock file .terraform.lock.hcl to record the provider
selections it made above. Include this file in your version control repository
so that Terraform can guarantee to make the same selections by default when
you run ""terraform init"" in the future.

Terraform has been successfully initialized!

You may now begin working with Terraform. Try running ""terraform plan"" to see
an

...[LOG TRUNCATED]...

= ""Allow""
                      + Resource = ""*""
                    },
                ]
              + Version   = ""2012-10-17""
            }
        )
      + role        = (known after apply)
    }

Plan: 2 to add, 0 to change, 0 to destroy.
aws_iam_role.home_lab_role: Creating...
aws_iam_role.home_lab_role: Creation complete after 0s [id=home_lab_role]
aws_iam_role_policy.home_lab_role_policy: Creating...
aws_iam_role_policy.home_lab_role_policy: Creation complete after 0s [id=home_lab_role:home_lab_role_policy]

Apply complete! Resources: 2 added, 0 changed, 0 destroyed.

--- ERRORS ---","NON-JSON OUTPUT:
"
gh_98f2e277,Tianyi2/IRIS,iac_benchmark/scenarios/gh_98f2e277,43,194,2,0,1,True,True,0,0,0,0,0,True,"--- INIT LOG ---
Initializing provider plugins...
- Finding hashicorp/random versions matching "">= 2.0.0""...
- Finding hashicorp/aws versions matching "">= 5.81.0""...
- Installing hashicorp/random v3.9.0...
- Installed hashicorp/random v3.9.0 (signed by HashiCorp)
- Installing hashicorp/aws v6.53.0...
- Installed hashicorp/aws v6.53.0 (signed by HashiCorp)
Terraform has created a lock file .terraform.lock.hcl to record the provider
selections it made above. Include this file in your version control repository
so that Terraform can guarantee to make the same selections by default when
you run ""t

...[LOG TRUNCATED]...

cloudwatch_log_group_name = (known after apply)
  + random_id                 = (known after apply)
random_pet.this: Creating...
random_pet.this: Creation complete after 0s [id=musical-whippet]
aws_cloudwatch_log_group.this: Creating...
aws_cloudwatch_log_group.this: Creation complete after 0s [id=log-group-musical-whippet]

Apply complete! Resources: 2 added, 0 changed, 0 destroyed.

Outputs:

cloudwatch_log_group_arn = ""arn:aws:logs:us-east-1:000000000000:log-group:log-group-musical-whippet""
cloudwatch_log_group_name = ""log-group-musical-whippet""
random_id = ""musical-whippet""

--- ERRORS ---","NON-JSON OUTPUT:
"
terrads_b1d3c35f2547,Zenodo/TerraDS,iac_benchmark/scenarios/terrads_b1d3c35f2547,66,351,4,1,1,True,True,0,0,0,0,0,True,"--- INIT LOG ---
Initializing provider plugins...
- Finding latest version of hashicorp/random...
- Finding latest version of hashicorp/aws...
- Installing hashicorp/aws v6.55.0...
- Installed hashicorp/aws v6.55.0 (signed by HashiCorp)
- Installing hashicorp/random v3.9.0...
- Installed hashicorp/random v3.9.0 (signed by HashiCorp)
Terraform has created a lock file .terraform.lock.hcl to record the provider
selections it made above. Include this file in your version control repository
so that Terraform can guarantee to make the same selections by default when
you run ""terraform init"" in the f

...[LOG TRUNCATED]...

precated. Use the aws_s3_bucket_website_configuration resource
instead.

(and 5 more similar warnings elsewhere)

Warning: Deprecated attribute

  on outputs.tf line 5, in output ""aws_s3_website_endpoint"":
   5:   value = aws_s3_bucket.static_website_bucket.website_endpoint

The attribute ""website_endpoint"" is deprecated. Refer to the provider
documentation for details.

(and 2 more similar warnings elsewhere)

Apply complete! Resources: 4 added, 0 changed, 0 destroyed.

Outputs:

aws_s3_website_endpoint = ""workshop-terraform-41529504c1a1e445.s3-website-us-east-1.amazonaws.com""

--- ERRORS ---",
terrads_2c52536ae23c,Zenodo/TerraDS,iac_benchmark/scenarios/terrads_2c52536ae23c,204,1648,4,2,3,True,True,0,0,0,0,0,True,"--- INIT LOG ---
Initializing provider plugins...
- Finding hashicorp/aws versions matching "">= 2.28.1""...
- Installing hashicorp/aws v6.55.0...
- Installed hashicorp/aws v6.55.0 (signed by HashiCorp)
Terraform has created a lock file .terraform.lock.hcl to record the provider
selections it made above. Include this file in your version control repository
so that Terraform can guarantee to make the same selections by default when
you run ""terraform init"" in the future.

Warning: Version constraints inside provider configuration blocks are deprecated

  on iam.tf line 10, in provider ""aws"":
  10

...[LOG TRUNCATED]...

 after 0s [id=terraform-bot/arn:aws:iam::aws:policy/AmazonElasticFileSystemFullAccess]

Warning: Version constraints inside provider configuration blocks are deprecated

  on iam.tf line 10, in provider ""aws"":
  10:   version = "">= 2.28.1""

Terraform 0.13 and earlier allowed provider version constraints inside the
provider configuration block, but that is now deprecated and will be removed
in a future version of Terraform. To silence this warning, move the provider
version constraint into the required_providers block.

Apply complete! Resources: 4 added, 0 changed, 0 destroyed.

--- ERRORS ---",
terrads_32b5a53be89e,Zenodo/TerraDS,iac_benchmark/scenarios/terrads_32b5a53be89e,48,196,2,3,1,True,True,0,0,0,0,0,True,"--- INIT LOG ---
Initializing provider plugins...
- Finding latest version of hashicorp/aws...
- Installing hashicorp/aws v6.57.0...
- Installed hashicorp/aws v6.57.0 (signed by HashiCorp)
Terraform has created a lock file .terraform.lock.hcl to record the provider
selections it made above. Include this file in your version control repository
so that Terraform can guarantee to make the same selections by default when
you run ""terraform init"" in the future.

Warning: Quoted references are deprecated

  on main.tf line 23, in resource ""aws_s3_bucket"" ""user_bucket2"":
  23:   provider = ""aws.west""

...[LOG TRUNCATED]...

ecated. Use the aws_s3_bucket_versioning resource instead.

(and 5 more similar warnings elsewhere)

Warning: Quoted references are deprecated

  on main.tf line 23, in resource ""aws_s3_bucket"" ""user_bucket2"":
  23:   provider = ""aws.west""

In this context, references are expected literally rather than in quotes.
Terraform 0.11 and earlier required quotes, but quoted references are now
deprecated and will be removed in a future version of Terraform. Remove the
quotes surrounding this reference to silence this warning.

Apply complete! Resources: 2 added, 0 changed, 0 destroyed.

--- ERRORS ---",
terrads_319adcef4c22,Zenodo/TerraDS,iac_benchmark/scenarios/terrads_319adcef4c22,277,1957,18,17,4,True,True,0,0,0,0,0,True,"--- INIT LOG ---
Initializing provider plugins...
- Finding latest version of hashicorp/aws...
- Installing hashicorp/aws v6.55.0...
- Installed hashicorp/aws v6.55.0 (signed by HashiCorp)
Terraform has created a lock file .terraform.lock.hcl to record the provider
selections it made above. Include this file in your version control repository
so that Terraform can guarantee to make the same selections by default when
you run ""terraform init"" in the future.

Terraform has been successfully initialized!

You may now begin working with Terraform. Try running ""terraform plan"" to see
any changes th

...[LOG TRUNCATED]...

cf]
aws_route_table_association.rt_pub_sn_az1_pub: Creation complete after 0s [id=rtbassoc-67a15339c0aed83ba]

Apply complete! Resources: 18 added, 0 changed, 0 destroyed.

Outputs:

vpc_id = ""vpc-a6adfed68655d75ea""
vpc_sg_priv_id = ""sg-9afc71933b62c5c00""
vpc_sg_pub_id = ""sg-c5c90e557b9c17425""
vpc_sn_az1_priv1_id = ""subnet-98151396ea338cd34""
vpc_sn_az1_priv2_id = ""subnet-ab5729e15e1ddc832""
vpc_sn_az1_pub_id = ""subnet-3e98a766edc9e0304""
vpc_sn_az2_priv1_id = ""subnet-839c0f1e3a113b621""
vpc_sn_az2_priv2_id = ""subnet-839c0f1e3a113b621""
vpc_sn_az2_pub_id = ""subnet-30b660848a6587d4b""

--- ERRORS ---",
terrads_05edc40999d7,Zenodo/TerraDS,iac_benchmark/scenarios/terrads_05edc40999d7,870,6317,15,2,5,True,True,0,0,0,0,0,True,"--- INIT LOG ---
Initializing modules...
Downloading git::https://github.com/jevjay/terrabits-codebuild.git for codebuild_action...
- codebuild_action in .terraform/modules/codebuild_action
Downloading git::https://github.com/jevjay/terrabits-lambda.git for lambda_action...
- lambda_action in .terraform/modules/lambda_action
Initializing provider plugins...
- Finding latest version of hashicorp/aws...
- Installing hashicorp/aws v6.55.0...
- Installed hashicorp/aws v6.55.0 (signed by HashiCorp)
Terraform has created a lock file .terraform.lock.hcl to record the provider
selections it made above

...[LOG TRUNCATED]...


Apply complete! Resources: 1 added, 0 changed, 0 destroyed.

Outputs:

build_cache_bucket_name = []
build_cache_store_arn = []
cloudwatch_branch_trigger_arn = []
cloudwatch_branch_trigger_name = []
cloudwatch_cron_trigger_arn = []
cloudwatch_cron_trigger_name = []
cloudwatch_tag_trigger_arn = []
cloudwatch_tag_trigger_name = []
default_pipeline_role_arn = ""arn:aws:iam::000000000000:role/terraforest/default_pipeline_role""
default_pipeline_role_name = ""default_pipeline_role""
pipeline_arn = []
pipeline_artifact_bucket_arn = []
pipeline_artifact_bucket_name = []
pipeline_name = []

--- ERRORS ---",
terrads_36943730732f,Zenodo/TerraDS,iac_benchmark/scenarios/terrads_36943730732f,200,1851,3,3,2,True,True,0,0,0,0,0,True,"--- INIT LOG ---
Initializing provider plugins...
- Finding hashicorp/aws versions matching "">= 3.70.0""...
- Installing hashicorp/aws v6.53.0...
- Installed hashicorp/aws v6.53.0 (signed by HashiCorp)
Terraform has created a lock file .terraform.lock.hcl to record the provider
selections it made above. Include this file in your version control repository
so that Terraform can guarantee to make the same selections by default when
you run ""terraform init"" in the future.

Terraform has been successfully initialized!

You may now begin working with Terraform. Try running ""terraform plan"" to see
an

...[LOG TRUNCATED]...

ule.elb-cross-zone-load-balancing-enabled[0]: Creating...
aws_config_config_rule.alb-waf-enabled[0]: Creating...
aws_config_config_rule.elb-acm-certificate-required[0]: Creating...
aws_config_config_rule.alb-waf-enabled[0]: Creation complete after 1s [id=alb-waf-enabled]
aws_config_config_rule.elb-cross-zone-load-balancing-enabled[0]: Creation complete after 1s [id=elb-cross-zone-load-balancing-enabled]
aws_config_config_rule.elb-acm-certificate-required[0]: Creation complete after 1s [id=elb-acm-certificate-required]

Apply complete! Resources: 3 added, 0 changed, 0 destroyed.

--- ERRORS ---","NON-JSON OUTPUT:
"
terrads_1db4706734d9,Zenodo/TerraDS,iac_benchmark/scenarios/terrads_1db4706734d9,381,2811,5,29,3,True,True,0,0,0,0,0,True,"--- INIT LOG ---
Initializing provider plugins...
- Finding hashicorp/aws versions matching "">= 4.0.0""...
- Installing hashicorp/aws v6.53.0...
- Installed hashicorp/aws v6.53.0 (signed by HashiCorp)
Terraform has created a lock file .terraform.lock.hcl to record the provider
selections it made above. Include this file in your version control repository
so that Terraform can guarantee to make the same selections by default when
you run ""terraform init"" in the future.

Terraform has been successfully initialized!

You may now begin working with Terraform. Try running ""terraform plan"" to see
any

...[LOG TRUNCATED]...

.aws_region.current.name

The attribute ""name"" is deprecated. Refer to the provider documentation for
details.

(and 2 more similar warnings elsewhere)

Apply complete! Resources: 1 added, 0 changed, 0 destroyed.

Outputs:

arn = ""arn:aws:sns:us-east-1:000000000000:terraform-b1abebca8cd2dcc991a53acb9a""
id = ""arn:aws:sns:us-east-1:000000000000:terraform-b1abebca8cd2dcc991a53acb9a""
owner = ""000000000000""
subscription_arn = []
subscription_confirmation_was_authenticated = []
subscription_id = []
subscription_owner_id = []
subscription_pending_confirmation = []
tags_all = tomap({})

--- ERRORS ---","NON-JSON OUTPUT:
"
gh_ec4a5e98,Tianyi2/IRIS,iac_benchmark/scenarios/gh_ec4a5e98,135,734,10,0,2,True,True,0,0,0,0,0,True,"--- INIT LOG ---
Initializing provider plugins...
- Finding latest version of hashicorp/aws...
- Installing hashicorp/aws v6.55.0...
- Installed hashicorp/aws v6.55.0 (signed by HashiCorp)
Terraform has created a lock file .terraform.lock.hcl to record the provider
selections it made above. Include this file in your version control repository
so that Terraform can guarantee to make the same selections by default when
you run ""terraform init"" in the future.

Terraform has been successfully initialized!

You may now begin working with Terraform. Try running ""terraform plan"" to see
any changes th

...[LOG TRUNCATED]...

:000000000000:policy/test-policy2]
aws_iam_role_policy_attachment.test-attach1: Creation complete after 0s [id=test-role/arn:aws:iam::000000000000:policy/test-policy]
aws_iam_role_policy_attachment.test-attach4: Creation complete after 0s [id=test-role2/arn:aws:iam::000000000000:policy/test-policy2]
aws_iam_role_policy_attachment.test-attach3: Creation complete after 0s [id=test-role2/arn:aws:iam::000000000000:policy/test-policy]
aws_iam_policy_attachment.test-attach5: Creation complete after 0s [id=test-attachment5]

Apply complete! Resources: 10 added, 0 changed, 0 destroyed.

--- ERRORS ---",
terrads_fc2629a8d817,Zenodo/TerraDS,iac_benchmark/scenarios/terrads_fc2629a8d817,41,223,2,0,1,True,True,0,0,0,0,0,True,"--- INIT LOG ---
Initializing provider plugins...
- Finding kreuzwerker/docker versions matching ""~> 3.0.1""...
- Finding latest version of hashicorp/aws...
- Installing kreuzwerker/docker v3.0.2...
- Installed kreuzwerker/docker v3.0.2 (self-signed, key ID BD080C4571C6104C)
- Installing hashicorp/aws v6.56.0...
- Installed hashicorp/aws v6.56.0 (signed by HashiCorp)
Partner and community providers are signed by their developers.
If you'd like to know more about provider signing, you can read about it here:
https://developer.hashicorp.com/terraform/cli/plugins/signing
Terraform has created a lo

...[LOG TRUNCATED]...

er apply)
      + image_id     = (known after apply)
      + keep_locally = false
      + name         = ""nginx""
      + repo_digest  = (known after apply)
    }

Plan: 2 to add, 0 to change, 0 to destroy.
docker_image.nginx: Creating...
docker_image.nginx: Creation complete after 1s [id=sha256:5a88c9c45479443d7be2eadc894b4ed0a9801bae03d97a5760ae13b5c2005942nginx]
docker_container.nginx: Creating...
docker_container.nginx: Creation complete after 0s [id=c274b08349ab24da6d11373a4c3b822280e3460d5f7a9b686bcb65586bda132b]

Apply complete! Resources: 2 added, 0 changed, 0 destroyed.

--- ERRORS ---",
gh_96ef1179,Tianyi2/IRIS,iac_benchmark/scenarios/gh_96ef1179,34,145,3,0,1,True,True,0,0,0,0,0,True,"--- INIT LOG ---
Initializing provider plugins...
- Finding latest version of hashicorp/aws...
- Installing hashicorp/aws v6.52.0...
- Installed hashicorp/aws v6.52.0 (signed by HashiCorp)
Terraform has created a lock file .terraform.lock.hcl to record the provider
selections it made above. Include this file in your version control repository
so that Terraform can guarantee to make the same selections by default when
you run ""terraform init"" in the future.

Terraform has been successfully initialized!

You may now begin working with Terraform. Try running ""terraform plan"" to see
any changes that are required for your infrastructure. All Terraform commands
should now work.

If you ever set or change modules or backend configuration for Terraform,
rerun this command to reinitialize your working directory. If you forget, other
commands will detect it and remind you to do so if necessary.

--- APPLY LOG ---

Terraform used the selected providers to generate the following execution
plan. Resource actions are indicated with the following symbols:
  + create

Terraform will perform the following actions:

  # aws_acm_certificate.fail will be created
  + resource ""aws_acm_certificate"" ""fail"" {
      + arn                       = (known after apply)
      + domain_name               = ""example.com""
      + domain_validation_options = [
          + {
              + domain_name           = ""example.com""
              + resource_record_name  = (known after apply)
              + resourc

...[LOG TRUNCATED]...

after apply)
      + not_before                = (known after apply)
      + pending_renewal           = (known after apply)
      + private_key_wo            = (write-only attribute)
      + region                    = ""us-east-1""
      + renewal_eligibility       = (known after apply)
      + renewal_summary           = (known after apply)
      + status                    = (known after apply)
      + subject_alternative_names = [
          + ""example.com"",
        ]
      + tags                      = {
          + ""Environment"" = ""test""
        }
      + tags_all                  = {
          + ""Environment"" = ""test""
        }
      + type                      = (known after apply)
      + validation_emails         = (known after apply)
      + validation_method         = ""DNS""

      + options (known after apply)
    }

Plan: 3 to add, 0 to change, 0 to destroy.
aws_acm_certificate.pass: Creating...
aws_acm_certificate.fail2: Creating...
aws_acm_certificate.fail: Creating...
aws_acm_certificate.pass: Creation complete after 1s [id=arn:aws:acm:us-east-1:000000000000:certificate/03a88174-c70d-45d6-8856-9bdbe2df347f]
aws_acm_certificate.fail2: Creation complete after 1s [id=arn:aws:acm:us-east-1:000000000000:certificate/d8f5ff6a-e540-4e4f-81f1-80e9255bc19c]
aws_acm_certificate.fail: Creation complete after 1s [id=arn:aws:acm:us-east-1:000000000000:certificate/a7f0889e-bf3a-4fc1-9a3a-87ac9564cc80]

Apply complete! Resources: 3 added, 0 changed, 0 destroyed.

--- ERRORS ---",
terrads_24d8fa9ce040,Zenodo/TerraDS,iac_benchmark/scenarios/terrads_24d8fa9ce040,368,2448,6,26,3,True,True,0,0,0,0,0,True,"--- INIT LOG ---
Initializing provider plugins...
- Finding hashicorp/aws versions matching "">= 2.23.0""...
- Installing hashicorp/aws v6.55.0...
- Installed hashicorp/aws v6.55.0 (signed by HashiCorp)
Terraform has created a lock file .terraform.lock.hcl to record the provider
selections it made above. Include this file in your version control repository
so that Terraform can guarantee to make the same selections by default when
you run ""terraform init"" in the future.

Terraform has been successfully initialized!

You may now begin working with Terraform. Try running ""terraform plan"" to see
an

...[LOG TRUNCATED]...

e Terraform
state, without changing any real infrastructure.

Apply complete! Resources: 0 added, 0 changed, 0 destroyed.

Outputs:

admin_iam_role_arn = """"
admin_iam_role_name = """"
admin_iam_role_path = """"
admin_iam_role_requires_mfa = true
admin_iam_role_unique_id = """"
poweruser_iam_role_arn = """"
poweruser_iam_role_name = """"
poweruser_iam_role_path = """"
poweruser_iam_role_requires_mfa = true
poweruser_iam_role_unique_id = """"
readonly_iam_role_arn = """"
readonly_iam_role_name = """"
readonly_iam_role_path = """"
readonly_iam_role_requires_mfa = true
readonly_iam_role_unique_id = """"

--- ERRORS ---",
terrads_0e27480e9030,Zenodo/TerraDS,iac_benchmark/scenarios/terrads_0e27480e9030,67,334,2,6,1,True,True,0,0,0,0,0,True,"--- INIT LOG ---
Initializing provider plugins...
- Finding hashicorp/random versions matching ""~> 3.0""...
- Finding latest version of hashicorp/aws...
- Installing hashicorp/random v3.9.0...
- Installed hashicorp/random v3.9.0 (signed by HashiCorp)
- Installing hashicorp/aws v6.56.0...
- Installed hashicorp/aws v6.56.0 (signed by HashiCorp)
Terraform has created a lock file .terraform.lock.hcl to record the provider
selections it made above. Include this file in your version control repository
so that Terraform can guarantee to make the same selections by default when
you run ""terraform init""

...[LOG TRUNCATED]...

 0
      + min_special = 0
      + min_upper   = 0
      + number      = true
      + numeric     = true
      + result      = (sensitive value)
      + special     = false
      + upper       = true
    }

Plan: 2 to add, 0 to change, 0 to destroy.

Changes to Outputs:
  + string = (sensitive value)
random_integer.length: Creating...
random_integer.length: Creation complete after 0s [id=52]
random_password.secret: Creating...
random_password.secret: Creation complete after 0s [id=none]

Apply complete! Resources: 2 added, 0 changed, 0 destroyed.

Outputs:

string = <sensitive>

--- ERRORS ---",
terrads_0bc9721da849,Zenodo/TerraDS,iac_benchmark/scenarios/terrads_0bc9721da849,253,1736,15,0,4,True,True,0,0,0,0,0,True,"--- INIT LOG ---
Initializing provider plugins...
- Finding latest version of hashicorp/aws...
- Installing hashicorp/aws v6.55.0...
- Installed hashicorp/aws v6.55.0 (signed by HashiCorp)
Terraform has created a lock file .terraform.lock.hcl to record the provider
selections it made above. Include this file in your version control repository
so that Terraform can guarantee to make the same selections by default when
you run ""terraform init"" in the future.

Terraform has been successfully initialized!

You may now begin working with Terraform. Try running ""terraform plan"" to see
any changes th

...[LOG TRUNCATED]...

support"" = true
  ""enable_network_address_usage_metrics"" = false
  ""id"" = ""vpc-5c4fe58d19b1add7a""
  ""instance_tenancy"" = ""default""
  ""ipv4_ipam_pool_id"" = tostring(null)
  ""ipv4_netmask_length"" = tonumber(null)
  ""ipv6_association_id"" = """"
  ""ipv6_cidr_block"" = """"
  ""ipv6_cidr_block_network_border_group"" = """"
  ""ipv6_ipam_pool_id"" = """"
  ""ipv6_netmask_length"" = 0
  ""main_route_table_id"" = ""rtb-8f4a90fb7c0f4b56f""
  ""owner_id"" = ""000000000000""
  ""region"" = ""us-east-1""
  ""tags"" = tomap({
    ""Name"" = ""lambda-rds-dev""
  })
  ""tags_all"" = tomap({
    ""Name"" = ""lambda-rds-dev""
  })
}

--- ERRORS ---",
terrads_7087f5adb1fe,Zenodo/TerraDS,iac_benchmark/scenarios/terrads_7087f5adb1fe,48,287,2,2,1,True,True,0,0,0,0,0,True,"--- INIT LOG ---
Initializing provider plugins...
- Finding latest version of hashicorp/aws...
- Installing hashicorp/aws v6.56.0...
- Installed hashicorp/aws v6.56.0 (signed by HashiCorp)
Terraform has created a lock file .terraform.lock.hcl to record the provider
selections it made above. Include this file in your version control repository
so that Terraform can guarantee to make the same selections by default when
you run ""terraform init"" in the future.

Terraform has been successfully initialized!

You may now begin working with Terraform. Try running ""terraform plan"" to see
any changes th

...[LOG TRUNCATED]...

k-example""
        }
      + tags_all                             = {
          + ""Name"" = ""tf-0.12-dynamic-block-example""
        }
    }

Plan: 2 to add, 0 to change, 0 to destroy.

Changes to Outputs:
  + from_ports = [
      + 8200,
      + 8201,
    ]
aws_vpc.my_vpc: Creating...
aws_vpc.my_vpc: Creation complete after 0s [id=vpc-c2d8749e3c712f60e]
aws_security_group.vault: Creating...
aws_security_group.vault: Creation complete after 1s [id=sg-2f28c54cca50abdfa]

Apply complete! Resources: 2 added, 0 changed, 0 destroyed.

Outputs:

from_ports = tolist([
  8200,
  8201,
])

--- ERRORS ---",
gh_541b6d7c,Tianyi2/IRIS,iac_benchmark/scenarios/gh_541b6d7c,56,381,4,1,1,True,True,0,0,0,0,0,True,"--- INIT LOG ---
Initializing provider plugins...
- Finding latest version of hashicorp/aws...
- Installing hashicorp/aws v6.56.0...
- Installed hashicorp/aws v6.56.0 (signed by HashiCorp)
Terraform has created a lock file .terraform.lock.hcl to record the provider
selections it made above. Include this file in your version control repository
so that Terraform can guarantee to make the same selections by default when
you run ""terraform init"" in the future.

Terraform has been successfully initialized!

You may now begin working with Terraform. Try running ""terraform plan"" to see
any changes th

...[LOG TRUNCATED]...

-sagemaker-role: Creation complete after 1s [id=privesc-sagemaker-role]
aws_iam_role_policy_attachment.example-AWSSagemakerServiceRole: Creating...
aws_sagemaker_notebook_instance.privesc-sagemakerNotebook: Creating...
aws_iam_role_policy_attachment.example-AWSSagemakerServiceRole: Creation complete after 0s [id=privesc-sagemaker-role/arn:aws:iam::000000000000:policy/privesc-high-priv-sagemaker-policy2]
aws_sagemaker_notebook_instance.privesc-sagemakerNotebook: Creation complete after 0s [id=privesc-sagemakerNotebook]

Apply complete! Resources: 4 added, 0 changed, 0 destroyed.

--- ERRORS ---",
terrads_6f0b78972620,Zenodo/TerraDS,iac_benchmark/scenarios/terrads_6f0b78972620,80,688,4,0,2,True,True,0,0,0,0,0,True,"--- INIT LOG ---
Initializing provider plugins...
- Finding latest version of hashicorp/aws...
- Installing hashicorp/aws v6.55.0...
- Installed hashicorp/aws v6.55.0 (signed by HashiCorp)
Terraform has created a lock file .terraform.lock.hcl to record the provider
selections it made above. Include this file in your version control repository
so that Terraform can guarantee to make the same selections by default when
you run ""terraform init"" in the future.

Terraform has been successfully initialized!

You may now begin working with Terraform. Try running ""terraform plan"" to see
any changes th

...[LOG TRUNCATED]...

olicy_attachment.wt-ta-role-policy-attachment[""arn:aws:iam::aws:policy/IAMReadOnlyAccess""]: Creation complete after 0s [id=ta-app-role/arn:aws:iam::aws:policy/IAMReadOnlyAccess]
aws_iam_role_policy.allow_ssm_describe_instance_information: Creation complete after 0s [id=ta-app-role:terraform-00394edffde535b3c3a46c98d4]
aws_iam_role_policy_attachment.wt-ta-role-policy-attachment[""arn:aws:iam::aws:policy/AmazonEC2ReadOnlyAccess""]: Creation complete after 0s [id=ta-app-role/arn:aws:iam::aws:policy/AmazonEC2ReadOnlyAccess]

Apply complete! Resources: 7 added, 0 changed, 0 destroyed.

--- ERRORS ---",
terrads_1eff92215782,Zenodo/TerraDS,iac_benchmark/scenarios/terrads_1eff92215782,43,220,2,3,1,True,True,0,0,0,0,0,True,"--- INIT LOG ---
Initializing provider plugins...
- Finding kreuzwerker/docker versions matching ""~> 2.22.0""...
- Finding latest version of hashicorp/aws...
- Installing kreuzwerker/docker v2.22.0...
- Installed kreuzwerker/docker v2.22.0 (self-signed, key ID BD080C4571C6104C)
- Installing hashicorp/aws v6.54.0...
- Installed hashicorp/aws v6.54.0 (signed by HashiCorp)
Partner and community providers are signed by their developers.
If you'd like to know more about provider signing, you can read about it here:
https://developer.hashicorp.com/terraform/cli/plugins/signing
Terraform has created a

...[LOG TRUNCATED]...

vice: Still creating... [00m30s elapsed]
docker_image.simplegoservice: Still creating... [00m40s elapsed]
docker_image.simplegoservice: Still creating... [00m50s elapsed]
docker_image.simplegoservice: Creation complete after 51s [id=sha256:fa60b7753279d601057cf0e4b4de031eebc383594d4c6f1eceab93876c396b58registry.gitlab.com/alta3/simplegoservice]
docker_container.simplegoservice: Creating...
docker_container.simplegoservice: Creation complete after 1s [id=9b4b7fd70e598dce1ba7ab60d5bd76f5a09e21202c7c411ddff472b3014a9771]

Apply complete! Resources: 2 added, 0 changed, 0 destroyed.

--- ERRORS ---",
terrads_6c7da1e186dd,Zenodo/TerraDS,iac_benchmark/scenarios/terrads_6c7da1e186dd,61,342,3,0,1,True,True,0,0,0,0,0,True,"--- INIT LOG ---
Initializing provider plugins...
- Finding latest version of hashicorp/aws...
- Finding hashicorp/random versions matching ""~> 3.1.0""...
- Finding hashicorp/time versions matching ""~> 0.7.2""...
- Finding kreuzwerker/docker versions matching ""~> 2.22.0""...
- Installing hashicorp/random v3.1.3...
- Installed hashicorp/random v3.1.3 (signed by HashiCorp)
- Installing hashicorp/time v0.7.2...
- Installed hashicorp/time v0.7.2 (signed by HashiCorp)
- Installing kreuzwerker/docker v2.22.0...
- Installed kreuzwerker/docker v2.22.0 (self-signed, key ID BD080C4571C6104C)
- Installing h

...[LOG TRUNCATED]...

=1f47d0e81c9599ceac062f428639ed605f1eea4dd17778364cf3a2b974083eaf]
docker_container.nginx[0]: Creation complete after 0s [id=1a8c19e5e5eca1ab8a7ff40706fbb44f0766bad6165d058000491643eea290b3]

Apply complete! Resources: 6 added, 0 changed, 0 destroyed.

Outputs:

nginx_hosts = [
  {
    ""host"" = ""0.0.0.0:8000""
    ""name"" = ""nginx-crucial-rattler-0""
  },
  {
    ""host"" = ""0.0.0.0:8001""
    ""name"" = ""nginx-crucial-rattler-1""
  },
  {
    ""host"" = ""0.0.0.0:8002""
    ""name"" = ""nginx-crucial-rattler-2""
  },
  {
    ""host"" = ""0.0.0.0:8003""
    ""name"" = ""nginx-crucial-rattler-3""
  },
]

--- ERRORS ---",
terrads_19e9f954c91d,Zenodo/TerraDS,iac_benchmark/scenarios/terrads_19e9f954c91d,86,443,8,2,2,True,True,0,0,0,0,0,True,"--- INIT LOG ---
Initializing provider plugins...
- Finding latest version of hashicorp/aws...
- Installing hashicorp/aws v6.53.0...
- Installed hashicorp/aws v6.53.0 (signed by HashiCorp)
Terraform has created a lock file .terraform.lock.hcl to record the provider
selections it made above. Include this file in your version control repository
so that Terraform can guarantee to make the same selections by default when
you run ""terraform init"" in the future.

Terraform has been successfully initialized!

You may now begin working with Terraform. Try running ""terraform plan"" to see
any changes th

...[LOG TRUNCATED]...

tion: Creation complete after 0s [id=rtb-6727e5e87efca5ac1]
aws_route_table_association.presentation: Creating...
aws_route.internet: Creating...
aws_route_table_association.presentation: Creation complete after 0s [id=rtbassoc-e152defca19e568e3]
aws_route.internet: Creation complete after 0s [id=r-rtb-6727e5e87efca5ac11080289494]

Apply complete! Resources: 8 added, 0 changed, 0 destroyed.

Outputs:

application_subnet_id = ""subnet-01b3d5da3ad695c70""
data_subnet_id = ""subnet-eba54efc83e1fe526""
presentation_subnet_id = ""subnet-6db8de8692a5d93f4""
vpc_id = ""vpc-f1dca6bea2acfd3a1""

--- ERRORS ---",
gh_5739d878,hashicorp/terraform-guides,iac_benchmark/scenarios/gh_5739d878,48,287,2,2,1,True,True,0,0,0,0,0,True,"--- INIT LOG ---
Initializing provider plugins...
- Finding latest version of hashicorp/aws...
- Installing hashicorp/aws v6.53.0...
- Installed hashicorp/aws v6.53.0 (signed by HashiCorp)
Terraform has created a lock file .terraform.lock.hcl to record the provider
selections it made above. Include this file in your version control repository
so that Terraform can guarantee to make the same selections by default when
you run ""terraform init"" in the future.

Terraform has been successfully initialized!

You may now begin working with Terraform. Try running ""terraform plan"" to see
any changes th

...[LOG TRUNCATED]...

k-example""
        }
      + tags_all                             = {
          + ""Name"" = ""tf-0.12-dynamic-block-example""
        }
    }

Plan: 2 to add, 0 to change, 0 to destroy.

Changes to Outputs:
  + from_ports = [
      + 8200,
      + 8201,
    ]
aws_vpc.my_vpc: Creating...
aws_vpc.my_vpc: Creation complete after 0s [id=vpc-1e0be106814424daa]
aws_security_group.vault: Creating...
aws_security_group.vault: Creation complete after 0s [id=sg-e27d73c4a76ae4189]

Apply complete! Resources: 2 added, 0 changed, 0 destroyed.

Outputs:

from_ports = tolist([
  8200,
  8201,
])

--- ERRORS ---",
terrads_eea1adf3b56f,Zenodo/TerraDS,iac_benchmark/scenarios/terrads_eea1adf3b56f,37,241,3,0,1,True,True,0,0,0,0,0,True,"--- INIT LOG ---
Initializing provider plugins...
- Finding hashicorp/null versions matching ""3.1.1""...
- Finding latest version of hashicorp/time...
- Finding latest version of hashicorp/aws...
- Installing hashicorp/null v3.1.1...
- Installed hashicorp/null v3.1.1 (signed by HashiCorp)
- Installing hashicorp/time v0.14.0...
- Installed hashicorp/time v0.14.0 (signed by HashiCorp)
- Installing hashicorp/aws v6.55.0...
- Installed hashicorp/aws v6.55.0 (signed by HashiCorp)
Terraform has created a lock file .terraform.lock.hcl to record the provider
selections it made above. Include this file 

...[LOG TRUNCATED]...

fter 0s [id=8025595594146936991]
time_sleep.wait_30_seconds: Creating...
time_sleep.wait_30_seconds: Still creating... [00m10s elapsed]
time_sleep.wait_30_seconds: Still creating... [00m20s elapsed]
time_sleep.wait_30_seconds: Creation complete after 20s [id=2026-07-20T16:18:35Z]
null_resource.next: Creating...
null_resource.next: Provisioning with 'local-exec'...
null_resource.next (local-exec): Executing: [""/bin/sh"" ""-c"" ""echo 'rzf' > file2.txt""]
null_resource.next: Creation complete after 0s [id=979163011199512938]

Apply complete! Resources: 3 added, 0 changed, 0 destroyed.

--- ERRORS ---",
terrads_0d32a4ad7186,Zenodo/TerraDS,iac_benchmark/scenarios/terrads_0d32a4ad7186,76,530,6,0,1,True,True,0,0,0,0,0,True,"--- INIT LOG ---
Initializing provider plugins...
- Finding latest version of hashicorp/aws...
- Installing hashicorp/aws v6.54.0...
- Installed hashicorp/aws v6.54.0 (signed by HashiCorp)
Terraform has created a lock file .terraform.lock.hcl to record the provider
selections it made above. Include this file in your version control repository
so that Terraform can guarantee to make the same selections by default when
you run ""terraform init"" in the future.

Terraform has been successfully initialized!

You may now begin working with Terraform. Try running ""terraform plan"" to see
any changes th

...[LOG TRUNCATED]...

ng...
aws_s3_bucket_public_access_block.terraform_state_access: Creation complete after 0s [id=tfstate-s3bucket]
aws_s3_bucket_acl.terraform_state_acl: Creation complete after 0s [id=tfstate-s3bucket,private]
aws_s3_bucket_server_side_encryption_configuration.terraform_state_encryption: Creation complete after 0s [id=tfstate-s3bucket]
aws_s3_bucket_versioning.terraform_state_versioning: Creation complete after 1s [id=tfstate-s3bucket]
aws_dynamodb_table.terraform_state_lock: Creation complete after 7s [id=tfstate-ddb]

Apply complete! Resources: 6 added, 0 changed, 0 destroyed.

--- ERRORS ---",
terrads_85e163a4269c,Zenodo/TerraDS,iac_benchmark/scenarios/terrads_85e163a4269c,62,659,2,2,1,True,True,0,0,0,0,0,True,"--- INIT LOG ---
Initializing provider plugins...
- Finding latest version of kreuzwerker/docker...
- Finding latest version of hashicorp/aws...
- Installing kreuzwerker/docker v4.5.0...
- Installed kreuzwerker/docker v4.5.0 (self-signed, key ID 0DCE698927DAF8EC)
- Installing hashicorp/aws v6.57.0...
- Installed hashicorp/aws v6.57.0 (signed by HashiCorp)
Partner and community providers are signed by their developers.
If you'd like to know more about provider signing, you can read about it here:
https://developer.hashicorp.com/terraform/cli/plugins/signing
Terraform has created a lock file .te

...[LOG TRUNCATED]...

049d63278d7251d91185bb5111d2563d58729a5c9179b0nginx:1.23.4]
docker_container.nginx: Creating...
docker_container.nginx: Creation complete after 1s [id=c3359a842990f787dfb305df157500506a8004e48c001c474ded3bbbcee40669]

Apply complete! Resources: 2 added, 0 changed, 0 destroyed.

Outputs:

container_network_info = tolist([
  {
    ""gateway"" = ""172.17.0.1""
    ""global_ipv6_address"" = """"
    ""global_ipv6_prefix_length"" = 0
    ""ip_address"" = ""172.17.0.2""
    ""ip_prefix_length"" = 16
    ""ipv6_gateway"" = """"
    ""mac_address"" = ""32:da:f3:a4:28:4f""
    ""network_name"" = ""bridge""
  },
])

--- ERRORS ---",
gh_48c5e87c,Tianyi2/IRIS,iac_benchmark/scenarios/gh_48c5e87c,497,3881,5,56,3,True,True,0,0,0,0,0,True,"--- INIT LOG ---
Initializing provider plugins...
- Finding latest version of hashicorp/aws...
- Installing hashicorp/aws v6.52.0...
- Installed hashicorp/aws v6.52.0 (signed by HashiCorp)
Terraform has created a lock file .terraform.lock.hcl to record the provider
selections it made above. Include this file in your version control repository
so that Terraform can guarantee to make the same selections by default when
you run ""terraform init"" in the future.

Terraform has been successfully initialized!

You may now begin working with Terraform. Try running ""terraform plan"" to see
any changes that are required for your infrastructure. All Terraform commands
should now work.

If you ever set or change modules or backend configuration for Terraform,
rerun this command to reinitialize your working directory. If you forget, other
commands will detect it and remind you to do so if necessary.

--- APPLY LOG ---

Changes to Outputs:
  + sns_topic_arn                    = """"
  + sns_topic_id                     = """"
  + sns_topic_policy_id              = """"
  + sns_topic_subscription_arn       = """"
  + sns_topic_subscription_endpoint  = """"
  + sns_topic_subscription_id        = """"
  + sns_topic_subscription_protocol  = """"
  + sns_topic_subscription_topic_arn = """"

You can apply this plan to save these new output values to the Terraform
state, without changing any real infrastructure.

Apply complete! Resources: 0 added, 0 changed, 0 destroyed.

Outputs:

sns_topic_arn = """"
sns_topic_id = """"
sns_topic_policy_id = """"
sns_topic_subscription_arn = """"
sns_topic_subscription_endpoint = """"
sns_topic_subscription_id = """"
sns_topic_subscription_protocol = """"
sns_topic_subscription_topic_arn = """"

--- ERRORS ---",
terrads_4694611be47d,Zenodo/TerraDS,iac_benchmark/scenarios/terrads_4694611be47d,101,733,11,0,2,True,True,0,0,0,0,0,True,"--- INIT LOG ---
Initializing provider plugins...
- Finding latest version of hashicorp/aws...
- Installing hashicorp/aws v6.55.0...
- Installed hashicorp/aws v6.55.0 (signed by HashiCorp)
Terraform has created a lock file .terraform.lock.hcl to record the provider
selections it made above. Include this file in your version control repository
so that Terraform can guarantee to make the same selections by default when
you run ""terraform init"" in the future.

Terraform has been successfully initialized!

You may now begin working with Terraform. Try running ""terraform plan"" to see
any changes th

...[LOG TRUNCATED]...

urity_group_rule.ssh_ingress_rule: Creation complete after 0s [id=sgrule-3242648154]
aws_security_group_rule.ssh_ingress_rule_internal: Creation complete after 0s [id=sgrule-861075227]
aws_security_group_rule.icmp_ingress_rule: Creation complete after 0s [id=sgrule-1155482024]
aws_security_group_rule.http_egress_rule: Creation complete after 0s [id=sgrule-3243830359]
aws_security_group_rule.icmp_egress_rule: Creation complete after 0s [id=sgrule-3451831137]

Apply complete! Resources: 11 added, 0 changed, 0 destroyed.

Outputs:

security_group_name = ""kubernetes_security_group""

--- ERRORS ---",
terrads_5c95653f2b2b,Zenodo/TerraDS,iac_benchmark/scenarios/terrads_5c95653f2b2b,368,2533,8,6,4,True,True,0,0,0,0,0,True,"--- INIT LOG ---
Initializing provider plugins...
- Finding hashicorp/aws versions matching ""~> 5.0""...
- Installing hashicorp/aws v5.100.0...
- Installed hashicorp/aws v5.100.0 (signed by HashiCorp)
Terraform has created a lock file .terraform.lock.hcl to record the provider
selections it made above. Include this file in your version control repository
so that Terraform can guarantee to make the same selections by default when
you run ""terraform init"" in the future.

Terraform has been successfully initialized!

You may now begin working with Terraform. Try running ""terraform plan"" to see
any

...[LOG TRUNCATED]...

l detect it and remind you to do so if necessary.

--- APPLY LOG ---
data.aws_caller_identity.current: Reading...
data.aws_caller_identity.current: Read complete after 0s [id=000000000000]

Changes to Outputs:
  + iam_users            = (sensitive value)
  + private_repositories = {}
  + public_repositories  = {}

You can apply this plan to save these new output values to the Terraform
state, without changing any real infrastructure.

Apply complete! Resources: 0 added, 0 changed, 0 destroyed.

Outputs:

iam_users = <sensitive>
private_repositories = {}
public_repositories = {}

--- ERRORS ---","NON-JSON OUTPUT:
"
terrads_6733374577f8,Zenodo/TerraDS,iac_benchmark/scenarios/terrads_6733374577f8,50,251,2,0,1,True,True,0,0,0,0,0,True,"--- INIT LOG ---
Initializing provider plugins...
- Finding latest version of hashicorp/aws...
- Installing hashicorp/aws v6.54.0...
- Installed hashicorp/aws v6.54.0 (signed by HashiCorp)
Terraform has created a lock file .terraform.lock.hcl to record the provider
selections it made above. Include this file in your version control repository
so that Terraform can guarantee to make the same selections by default when
you run ""terraform init"" in the future.

Terraform has been successfully initialized!

You may now begin working with Terraform. Try running ""terraform plan"" to see
any changes th

...[LOG TRUNCATED]...

egion                  = ""us-east-1""
      + size_in_bytes           = (known after apply)
      + tags_all                = (known after apply)
      + throughput_mode         = ""bursting""

      + protection (known after apply)
    }

Plan: 2 to add, 0 to change, 0 to destroy.
aws_efs_file_system.test: Creating...
aws_efs_file_system.test: Creation complete after 4s [id=fs-a40698a9]
aws_ecs_task_definition.service: Creating...
aws_ecs_task_definition.service: Creation complete after 0s [id=cloudrail-test-encryption]

Apply complete! Resources: 2 added, 0 changed, 0 destroyed.

--- ERRORS ---",
terrads_7430e3bf0246,Zenodo/TerraDS,iac_benchmark/scenarios/terrads_7430e3bf0246,31,135,2,5,1,True,True,0,0,0,0,0,True,"--- INIT LOG ---
Initializing provider plugins...
- Finding latest version of hashicorp/aws...
- Finding latest version of hashicorp/local...
- Finding latest version of hashicorp/random...
- Installing hashicorp/aws v6.56.0...
- Installed hashicorp/aws v6.56.0 (signed by HashiCorp)
- Installing hashicorp/local v2.9.0...
- Installed hashicorp/local v2.9.0 (signed by HashiCorp)
- Installing hashicorp/random v3.9.0...
- Installed hashicorp/random v3.9.0 (signed by HashiCorp)
Terraform has created a lock file .terraform.lock.hcl to record the provider
selections it made above. Include this file i

...[LOG TRUNCATED]...

xt""
      + id                   = (known after apply)
    }

  # random_pet.test_pet will be created
  + resource ""random_pet"" ""test_pet"" {
      + id        = (known after apply)
      + length    = 2
      + prefix    = ""Mrs""
      + separator = "".""
    }

Plan: 2 to add, 0 to change, 0 to destroy.
random_pet.test_pet: Creating...
local_file.pet: Creating...
random_pet.test_pet: Creation complete after 0s [id=Mrs.blessed.macaw]
local_file.pet: Creation complete after 0s [id=afb2ad235663ca4d4901802d057d9cbe10911337]

Apply complete! Resources: 2 added, 0 changed, 0 destroyed.

--- ERRORS ---",
terrads_9891f692b836,Zenodo/TerraDS,iac_benchmark/scenarios/terrads_9891f692b836,33,335,2,4,1,True,True,0,0,0,0,0,True,"--- INIT LOG ---
Initializing provider plugins...
- Finding latest version of hashicorp/aws...
- Installing hashicorp/aws v6.53.0...
- Installed hashicorp/aws v6.53.0 (signed by HashiCorp)
Terraform has created a lock file .terraform.lock.hcl to record the provider
selections it made above. Include this file in your version control repository
so that Terraform can guarantee to make the same selections by default when
you run ""terraform init"" in the future.

Terraform has been successfully initialized!

You may now begin working with Terraform. Try running ""terraform plan"" to see
any changes that are required for your infrastructure. All Terraform commands
should now work.

If you ever set or change modules or backend configuration for Terraform,
rerun this command to reinitialize your working directory. If you forget, other
commands will detect it and remind you to do so if necessary.

--- APPLY LOG ---

Changes to Outputs:
  + vpc-routes = []

You can apply this plan to save these new output values to the Terraform
state, without changing any real infrastructure.

Apply complete! Resources: 0 added, 0 changed, 0 destroyed.

Outputs:

vpc-routes = []

--- ERRORS ---",
