final_difficulty_level,difficulty_band,n_templates,median_loc,median_resources,median_params,median_ppr_pct,min_score,max_score
1,Very Easy,28,13.5,1.0,0.0,100.0,0.1392857142857143,0.24964285714285714
2,Easy,28,27.0,1.0,0.0,100.0,0.25214285714285717,0.36714285714285716
3,Moderate,28,52.0,2.0,6.0,100.0,0.3817857142857143,0.6010714285714286
4,Hard,28,132.5,4.0,13.5,100.0,0.6035714285714285,0.7378571428571429
5,Very Hard,28,198.5,5.0,34.5,100.0,0.7382142857142857,0.9592857142857143
