scenario_id,source,folder_path,tflint_passed,trivy_scan_success,trivy_critical,trivy_high,trivy_medium,trivy_low,trivy_unknown,deploy_passed,deploy_log,tflint_log,loc,tokens,n_resources,n_params,difficulty,user_prompt,row_number,aws_services
gh_44821d81,Tianyi2/IRIS,iac_benchmark/scenarios/gh_44821d81,True,True,0,0,0,0,0,True,"--- INIT LOG ---
Initializing provider plugins...
- Finding latest version of hashicorp/aws...
- Installing hashicorp/aws v6.56.0...
- Installed hashicorp/aws v6.56.0 (signed by HashiCorp)
Terraform has created a lock file .terraform.lock.hcl to record the provider
selections it made above. Include this file in your version control repository
so that Terraform can guarantee to make the same selections by default when
you run ""terraform init"" in the future.

Terraform has been successfully initialized!

You may now begin working with Terraform. Try running ""terraform plan"" to see
any changes th

...[LOG TRUNCATED]...

reation complete after 14s [id=vol-6cd24dc360fd1c8ff]
aws_ebs_volume.st1: Creation complete after 14s [id=vol-b53170b2143c5e5a5]
aws_ebs_volume.standard_withUsage: Creation complete after 14s [id=vol-3fbc813039547edf4]
aws_ebs_volume.gp3: Creation complete after 14s [id=vol-e05621c10c4445011]
aws_ebs_volume.standard: Creation complete after 14s [id=vol-71d18b84df4a1d1c4]
aws_ebs_volume.io2: Creation complete after 14s [id=vol-da7891b784d4dc5f2]
aws_ebs_volume.sc1: Creation complete after 14s [id=vol-efa0a9bcafaca8eb8]

Apply complete! Resources: 8 added, 0 changed, 0 destroyed.

--- ERRORS ---",,65,417,8,0,1,"We need a Terraform template that creates several EBS volumes for testing purposes, including volumes of different types and sizes, with the gp3 volume placed in a different availability zone and tagged with a name, and all other volumes in the first availability zone of the us-east-1 region.",1,aws_ebs_volume
gh_541b6d7c,Tianyi2/IRIS,iac_benchmark/scenarios/gh_541b6d7c,True,True,0,0,0,0,0,True,"--- INIT LOG ---
Initializing provider plugins...
- Finding latest version of hashicorp/aws...
- Installing hashicorp/aws v6.56.0...
- Installed hashicorp/aws v6.56.0 (signed by HashiCorp)
Terraform has created a lock file .terraform.lock.hcl to record the provider
selections it made above. Include this file in your version control repository
so that Terraform can guarantee to make the same selections by default when
you run ""terraform init"" in the future.

Terraform has been successfully initialized!

You may now begin working with Terraform. Try running ""terraform plan"" to see
any changes th

...[LOG TRUNCATED]...

-sagemaker-role: Creation complete after 1s [id=privesc-sagemaker-role]
aws_iam_role_policy_attachment.example-AWSSagemakerServiceRole: Creating...
aws_sagemaker_notebook_instance.privesc-sagemakerNotebook: Creating...
aws_iam_role_policy_attachment.example-AWSSagemakerServiceRole: Creation complete after 0s [id=privesc-sagemaker-role/arn:aws:iam::000000000000:policy/privesc-high-priv-sagemaker-policy2]
aws_sagemaker_notebook_instance.privesc-sagemakerNotebook: Creation complete after 0s [id=privesc-sagemakerNotebook]

Apply complete! Resources: 4 added, 0 changed, 0 destroyed.

--- ERRORS ---",,56,381,4,1,1,"We need a Terraform template that creates a SageMaker notebook instance using an ml.t2.medium instance type, along with an IAM role that allows the SageMaker service to assume it, and attaches a custom IAM policy granting full administrative permissions to that role.",2,"aws_iam_policy, aws_iam_policy_document, aws_iam_role, aws_iam_role_policy_attachment, aws_sagemaker_notebook_instance"
gh_80dbba37,Tianyi2/IRIS,iac_benchmark/scenarios/gh_80dbba37,True,True,0,0,0,0,0,True,"--- INIT LOG ---
Initializing provider plugins...
- Finding latest version of hashicorp/aws...
- Installing hashicorp/aws v6.57.1...
- Installed hashicorp/aws v6.57.1 (signed by HashiCorp)
Terraform has created a lock file .terraform.lock.hcl to record the provider
selections it made above. Include this file in your version control repository
so that Terraform can guarantee to make the same selections by default when
you run ""terraform init"" in the future.

Terraform has been successfully initialized!

You may now begin working with Terraform. Try running ""terraform plan"" to see
any changes th

...[LOG TRUNCATED]...

complete after 1s [id=terraform-3d702cf6f37a5988831b14ac59]

Warning: Argument is deprecated

  with aws_s3_bucket.server_side_encryption_configuration_set,
  on server_side_encryption_enabled.tf line 14, in resource ""aws_s3_bucket"" ""server_side_encryption_configuration_set"":
  14: resource ""aws_s3_bucket"" ""server_side_encryption_configuration_set"" {

server_side_encryption_configuration is deprecated. Use the
aws_s3_bucket_server_side_encryption_configuration resource instead.

(and 6 more similar warnings elsewhere)

Apply complete! Resources: 5 added, 0 changed, 0 destroyed.

--- ERRORS ---",,51,350,5,0,1,"We need a Terraform template that creates an S3 bucket with server-side encryption using a new AWS KMS key and the aws:kms algorithm, along with additional buckets that test scenarios including one that specifies aws:kms without providing a KMS key, one using AES256, and one with no server-side encryption configuration at all.",3,"aws_kms_key, aws_s3_bucket"
gh_96ef1179,Tianyi2/IRIS,iac_benchmark/scenarios/gh_96ef1179,True,True,0,0,0,0,0,True,"--- INIT LOG ---
Initializing provider plugins...
- Finding latest version of hashicorp/aws...
- Installing hashicorp/aws v6.52.0...
- Installed hashicorp/aws v6.52.0 (signed by HashiCorp)
Terraform has created a lock file .terraform.lock.hcl to record the provider
selections it made above. Include this file in your version control repository
so that Terraform can guarantee to make the same selections by default when
you run ""terraform init"" in the future.

Terraform has been successfully initialized!

You may now begin working with Terraform. Try running ""terraform plan"" to see
any changes that are required for your infrastructure. All Terraform commands
should now work.

If you ever set or change modules or backend configuration for Terraform,
rerun this command to reinitialize your working directory. If you forget, other
commands will detect it and remind you to do so if necessary.

--- APPLY LOG ---

Terraform used the selected providers to generate the following execution
plan. Resource actions are indicated with the following symbols:
  + create

Terraform will perform the following actions:

  # aws_acm_certificate.fail will be created
  + resource ""aws_acm_certificate"" ""fail"" {
      + arn                       = (known after apply)
      + domain_name               = ""example.com""
      + domain_validation_options = [
          + {
              + domain_name           = ""example.com""
              + resource_record_name  = (known after apply)
              + resourc

...[LOG TRUNCATED]...

after apply)
      + not_before                = (known after apply)
      + pending_renewal           = (known after apply)
      + private_key_wo            = (write-only attribute)
      + region                    = ""us-east-1""
      + renewal_eligibility       = (known after apply)
      + renewal_summary           = (known after apply)
      + status                    = (known after apply)
      + subject_alternative_names = [
          + ""example.com"",
        ]
      + tags                      = {
          + ""Environment"" = ""test""
        }
      + tags_all                  = {
          + ""Environment"" = ""test""
        }
      + type                      = (known after apply)
      + validation_emails         = (known after apply)
      + validation_method         = ""DNS""

      + options (known after apply)
    }

Plan: 3 to add, 0 to change, 0 to destroy.
aws_acm_certificate.pass: Creating...
aws_acm_certificate.fail2: Creating...
aws_acm_certificate.fail: Creating...
aws_acm_certificate.pass: Creation complete after 1s [id=arn:aws:acm:us-east-1:000000000000:certificate/03a88174-c70d-45d6-8856-9bdbe2df347f]
aws_acm_certificate.fail2: Creation complete after 1s [id=arn:aws:acm:us-east-1:000000000000:certificate/d8f5ff6a-e540-4e4f-81f1-80e9255bc19c]
aws_acm_certificate.fail: Creation complete after 1s [id=arn:aws:acm:us-east-1:000000000000:certificate/a7f0889e-bf3a-4fc1-9a3a-87ac9564cc80]

Apply complete! Resources: 3 added, 0 changed, 0 destroyed.

--- ERRORS ---",,34,145,3,0,1,"We need a Terraform template that creates ACM certificates for the domain example.com using DNS validation, with tags indicating they are for testing, and we want to include multiple certificate resources to demonstrate the difference between having create_before_destroy set to true, false, and omitted, so we can test our compliance rules.",4,aws_acm_certificate
gh_98f2e277,Tianyi2/IRIS,iac_benchmark/scenarios/gh_98f2e277,True,True,0,0,0,0,0,True,"--- INIT LOG ---
Initializing provider plugins...
- Finding hashicorp/random versions matching "">= 2.0.0""...
- Finding hashicorp/aws versions matching "">= 5.81.0""...
- Installing hashicorp/random v3.9.0...
- Installed hashicorp/random v3.9.0 (signed by HashiCorp)
- Installing hashicorp/aws v6.53.0...
- Installed hashicorp/aws v6.53.0 (signed by HashiCorp)
Terraform has created a lock file .terraform.lock.hcl to record the provider
selections it made above. Include this file in your version control repository
so that Terraform can guarantee to make the same selections by default when
you run ""t

...[LOG TRUNCATED]...

cloudwatch_log_group_name = (known after apply)
  + random_id                 = (known after apply)
random_pet.this: Creating...
random_pet.this: Creation complete after 0s [id=musical-whippet]
aws_cloudwatch_log_group.this: Creating...
aws_cloudwatch_log_group.this: Creation complete after 0s [id=log-group-musical-whippet]

Apply complete! Resources: 2 added, 0 changed, 0 destroyed.

Outputs:

cloudwatch_log_group_arn = ""arn:aws:logs:us-east-1:000000000000:log-group:log-group-musical-whippet""
cloudwatch_log_group_name = ""log-group-musical-whippet""
random_id = ""musical-whippet""

--- ERRORS ---","NON-JSON OUTPUT:
",43,194,1,0,1,"We need a Terraform template that creates a CloudWatch log group whose name includes a random suffix, and outputs the log group's name, ARN, and the random identifier.",5,aws_cloudwatch_log_group
gh_a720033b,Tianyi2/IRIS,iac_benchmark/scenarios/gh_a720033b,True,True,0,0,0,0,0,True,"--- INIT LOG ---
Initializing provider plugins...
- Finding latest version of hashicorp/aws...
- Installing hashicorp/aws v6.56.0...
- Installed hashicorp/aws v6.56.0 (signed by HashiCorp)
Terraform has created a lock file .terraform.lock.hcl to record the provider
selections it made above. Include this file in your version control repository
so that Terraform can guarantee to make the same selections by default when
you run ""terraform init"" in the future.

Terraform has been successfully initialized!

You may now begin working with Terraform. Try running ""terraform plan"" to see
any changes th

...[LOG TRUNCATED]...

= (known after apply)

      + inline_policy (known after apply)
    }

Plan: 3 to add, 0 to change, 0 to destroy.
aws_iam_role.group_role: Creating...
aws_cognito_user_pool.main: Creating...
aws_iam_role.group_role: Creation complete after 0s [id=user-group-role]
aws_cognito_user_pool.main: Creation complete after 0s [id=us-east-1_06ea701fc9294f03b814dfd34a8c5cf6]
aws_cognito_user_group.main: Creating...
aws_cognito_user_group.main: Creation complete after 0s [id=us-east-1_06ea701fc9294f03b814dfd34a8c5cf6/user-group]

Apply complete! Resources: 3 added, 0 changed, 0 destroyed.

--- ERRORS ---",,40,262,3,0,1,"We need a Terraform template that creates a Cognito user pool named ""identity pool"", an IAM role named ""user-group-role"" that trusts the Cognito identity provider with a hardcoded audience identifier ""us-east-1:12345678-dead-beef-cafe-123456790ab"" and requires the ""authenticated"" claim, and a user group named ""user-group"" with precedence 42 that is associated with the user pool and the IAM role.",6,"aws_cognito_user_group, aws_cognito_user_pool, aws_iam_role"
gh_b9a9599b,Tianyi2/IRIS,iac_benchmark/scenarios/gh_b9a9599b,True,True,0,0,0,0,0,True,"--- INIT LOG ---
Initializing provider plugins...
- Finding latest version of hashicorp/aws...
- Installing hashicorp/aws v6.55.0...
- Installed hashicorp/aws v6.55.0 (signed by HashiCorp)
Terraform has created a lock file .terraform.lock.hcl to record the provider
selections it made above. Include this file in your version control repository
so that Terraform can guarantee to make the same selections by default when
you run ""terraform init"" in the future.

Terraform has been successfully initialized!

You may now begin working with Terraform. Try running ""terraform plan"" to see
any changes th

...[LOG TRUNCATED]...

er apply)
aws_sns_topic.this: Creating...
aws_sns_topic.this: Creation complete after 0s [id=arn:aws:sns:us-east-1:000000000000:incident-response]
data.aws_iam_policy_document.sns_topic_policy: Reading...
data.aws_iam_policy_document.sns_topic_policy: Read complete after 0s [id=4141148824]
aws_sns_topic_policy.this: Creating...
aws_sns_topic_policy.this: Creation complete after 0s [id=arn:aws:sns:us-east-1:000000000000:incident-response]

Apply complete! Resources: 2 added, 0 changed, 0 destroyed.

Outputs:

sns_topic_arn = ""arn:aws:sns:us-east-1:000000000000:incident-response""

--- ERRORS ---",,74,349,2,0,1,"We need a Terraform template that creates an SNS topic named ""incident-response"" for incident response purposes, with a policy that allows the account owner to manage the topic and AWS Events to publish to it, and outputs the topic ARN.",7,"aws_caller_identity, aws_iam_policy_document, aws_sns_topic, aws_sns_topic_policy"
gh_c61ca225,Tianyi2/IRIS,iac_benchmark/scenarios/gh_c61ca225,True,True,0,0,0,0,0,True,"--- INIT LOG ---
Initializing provider plugins...
- Finding latest version of hashicorp/aws...
- Installing hashicorp/aws v6.52.0...
- Installed hashicorp/aws v6.52.0 (signed by HashiCorp)
Terraform has created a lock file .terraform.lock.hcl to record the provider
selections it made above. Include this file in your version control repository
so that Terraform can guarantee to make the same selections by default when
you run ""terraform init"" in the future.

Terraform has been successfully initialized!

You may now begin working with Terraform. Try running ""terraform plan"" to see
any changes that are required for your infrastructure. All Terraform commands
should now work.

If you ever set or change modules or backend configuration for Terraform,
rerun this command to reinitialize your working directory. If you forget, other
commands will detect it and remind you to do so if necessary.

--- APPLY LOG ---

Terraform used the selected providers to generate the following execution
plan. Resource actions are indicated with the following symbols:
  + create

Terraform will perform the following actions:

  # aws_ecs_task_definition.service01 will be created
  + resource ""aws_ecs_task_definition"" ""service01"" {
      + arn                    = (known after apply)
      + arn_without_revision   = (known after apply)
      + container_definitions  = jsonencode(
            [
              + {
                  + cpu          = 10
                  + essential    = true
                

...[LOG TRUNCATED]...

itions  = jsonencode(
            [
              + {
                  + cpu          = 10
                  + essential    = true
                  + image        = ""service""
                  + memory       = 512
                  + name         = ""first""
                  + portMappings = [
                      + {
                          + containerPort = 80
                          + hostPort      = 80
                        },
                    ]
                },
            ]
        )
      + enable_fault_injection = (known after apply)
      + family                 = ""service""
      + id                     = (known after apply)
      + network_mode           = (known after apply)
      + region                 = ""us-east-1""
      + revision               = (known after apply)
      + skip_destroy           = false
      + tags_all               = (known after apply)
      + track_latest           = false

      + volume {
          + configure_at_launch = (known after apply)
          + host_path           = ""/ecs/service-storage""
          + name                = ""service-storage""
        }
    }

Plan: 2 to add, 0 to change, 0 to destroy.
aws_ecs_task_definition.service02: Creating...
aws_ecs_task_definition.service01: Creating...
aws_ecs_task_definition.service01: Creation complete after 0s [id=service]
aws_ecs_task_definition.service02: Creation complete after 0s [id=service]

Apply complete! Resources: 2 added, 0 changed, 0 destroyed.

--- ERRORS ---",,53,245,2,0,1,"We need a Terraform template that creates two ECS task definitions under the same family ""service"", one using the image ""service-first"" and the other using ""service"", both with 10 CPU units, 512 MB memory, a single essential container exposing port 80 with host port 80, and a volume named ""service-storage"" with host path ""/ecs/service-storage"".",8,aws_ecs_task_definition
gh_dd2c5a57,Tianyi2/IRIS,iac_benchmark/scenarios/gh_dd2c5a57,True,True,0,0,0,4,0,True,"--- INIT LOG ---
Initializing provider plugins...
- Finding latest version of hashicorp/aws...
- Installing hashicorp/aws v6.51.0...
- Installed hashicorp/aws v6.51.0 (signed by HashiCorp)
Terraform has created a lock file .terraform.lock.hcl to record the provider
selections it made above. Include this file in your version control repository
so that Terraform can guarantee to make the same selections by default when
you run ""terraform init"" in the future.

Terraform has been successfully initialized!

You may now begin working with Terraform. Try running ""terraform plan"" to see
any changes that are required for your infrastructure. All Terraform commands
should now work.

If you ever set or change modules or backend configuration for Terraform,
rerun this command to reinitialize your working directory. If you forget, other
commands will detect it and remind you to do so if necessary.

--- APPLY LOG ---

Terraform used the selected providers to generate the following execution
plan. Resource actions are indicated with the following symbols:
  + create

Terraform will perform the following actions:

  # aws_security_group.egress_all_protocols will be created
  + resource ""aws_security_group"" ""egress_all_protocols"" {
      + arn                    = (known after apply)
      + description            = ""Allow ALL traffic""
      + egress                 = [
          + {
              + cidr_blocks      = []
              + from_port        = 0
              + ipv6_cidr_blocks = 

...[LOG TRUNCATED]...

     + from_port        = 10000
              + ipv6_cidr_blocks = []
              + prefix_list_ids  = []
              + protocol         = ""udp""
              + security_groups  = []
              + self             = false
              + to_port          = 10000
                # (1 unchanged attribute hidden)
            },
        ]
      + id                     = (known after apply)
      + ingress                = (known after apply)
      + name                   = ""allow_udp""
      + name_prefix            = (known after apply)
      + owner_id               = (known after apply)
      + region                 = ""us-east-1""
      + revoke_rules_on_delete = false
      + tags_all               = (known after apply)
      + vpc_id                 = (known after apply)
    }

Plan: 4 to add, 0 to change, 0 to destroy.
aws_security_group.egress_udp_protocol: Creating...
aws_security_group.egress_tcp_protocol: Creating...
aws_security_group.egress_icmp_protocol: Creating...
aws_security_group.egress_all_protocols: Creating...
aws_security_group.egress_udp_protocol: Creation complete after 0s [id=sg-c2fd2316927e2b78b]
aws_security_group.egress_tcp_protocol: Creation complete after 0s [id=sg-c55b69a0c496ee30e]
aws_security_group.egress_all_protocols: Creation complete after 0s [id=sg-ab0b7f37495af9a4e]
aws_security_group.egress_icmp_protocol: Creation complete after 0s [id=sg-8171f2c7bb571502d]

Apply complete! Resources: 4 added, 0 changed, 0 destroyed.

--- ERRORS ---",,44,253,4,0,1,"We need a Terraform template that creates four AWS security groups for testing purposes, where three of the groups each have a single outbound rule permitting traffic on port 10000 with protocols restricted to TCP, UDP, and ICMP respectively, and the fourth group has a single outbound rule allowing all protocols and all ports.",9,aws_security_group
gh_e42ae295,Tianyi2/IRIS,iac_benchmark/scenarios/gh_e42ae295,True,True,0,0,0,0,0,True,"--- INIT LOG ---
Initializing provider plugins...
- Finding latest version of hashicorp/aws...
- Installing hashicorp/aws v6.57.1...
- Installed hashicorp/aws v6.57.1 (signed by HashiCorp)
Terraform has created a lock file .terraform.lock.hcl to record the provider
selections it made above. Include this file in your version control repository
so that Terraform can guarantee to make the same selections by default when
you run ""terraform init"" in the future.

Terraform has been successfully initialized!

You may now begin working with Terraform. Try running ""terraform plan"" to see
any changes th

...[LOG TRUNCATED]...


Plan: 3 to add, 0 to change, 0 to destroy.
aws_ami.ebs_block_device_encrypted_set_to_true: Creating...
aws_ami.ebs_block_device_encrypted_not_set: Creating...
aws_ami.ebs_block_device_encrypted_set_to_false: Creating...
aws_ami.ebs_block_device_encrypted_set_to_true: Creation complete after 5s [id=ami-ec16eeb8034e36331]
aws_ami.ebs_block_device_encrypted_set_to_false: Creation complete after 5s [id=ami-6ad6b5cdda40bcf87]
aws_ami.ebs_block_device_encrypted_not_set: Creation complete after 5s [id=ami-f56f6d030d31b9130]

Apply complete! Resources: 3 added, 0 changed, 0 destroyed.

--- ERRORS ---",,41,200,3,2,1,"We need a Terraform template that creates three AWS AMI resources for testing compliance checks on EBS block device encryption: one with encryption explicitly set to true, one with encryption explicitly set to false, and one where the encryption attribute is not specified at all, so that our security scanning tool can be verified to correctly flag the latter two as non-compliant.",10,aws_ami
terrads_00329395e12d,Zenodo/TerraDS,iac_benchmark/scenarios/terrads_00329395e12d,True,True,0,0,0,0,0,True,"--- INIT LOG ---
Initializing provider plugins...
- Finding latest version of hashicorp/aws...
- Installing hashicorp/aws v6.57.1...
- Installed hashicorp/aws v6.57.1 (signed by HashiCorp)
Terraform has created a lock file .terraform.lock.hcl to record the provider
selections it made above. Include this file in your version control repository
so that Terraform can guarantee to make the same selections by default when
you run ""terraform init"" in the future.

Terraform has been successfully initialized!

You may now begin working with Terraform. Try running ""terraform plan"" to see
any changes th

...[LOG TRUNCATED]...

et.bucket2: Creation complete after 2s [id=000000000000-bucket2]
aws_s3_bucket.bucketL[""bucket103""]: Creation complete after 2s [id=000000000000-bucket103]
aws_s3_bucket.bucketE[""bucket101""]: Creation complete after 2s [id=000000000000-bucket101]

Apply complete! Resources: 7 added, 0 changed, 0 destroyed.

Outputs:

bucket2 = ""000000000000-bucket2""
bucketE = toset([
  ""000000000000-bucket101"",
  ""000000000000-bucket102"",
])
bucketL = toset([
  ""000000000000-bucket103"",
  ""000000000000-bucket104"",
])
bucketX = [
  [
    ""000000000000-bucket3"",
    ""000000000000-bucket4"",
  ],
]

--- ERRORS ---",,67,344,4,0,1,"We need a Terraform template that creates several S3 buckets in the eu-north-1 region for testing purposes, where the bucket names are derived from the AWS account ID as a prefix, specifically one bucket with the suffix ""-bucket2"", two buckets with suffixes ""-bucket3"" and ""-bucket4"", and two additional groups: one group with suffixes ""bucket101"" and ""bucket102"" and another group with suffixes ""bucket103"" and ""bucket104"".",11,"aws_caller_identity, aws_s3_bucket"
terrads_0299d7884053,Zenodo/TerraDS,iac_benchmark/scenarios/terrads_0299d7884053,True,True,0,0,0,0,0,True,"--- INIT LOG ---
Initializing provider plugins...
- Finding latest version of hashicorp/aws...
- Installing hashicorp/aws v6.57.1...
- Installed hashicorp/aws v6.57.1 (signed by HashiCorp)
Terraform has created a lock file .terraform.lock.hcl to record the provider
selections it made above. Include this file in your version control repository
so that Terraform can guarantee to make the same selections by default when
you run ""terraform init"" in the future.

Terraform has been successfully initialized!

You may now begin working with Terraform. Try running ""terraform plan"" to see
any changes th

...[LOG TRUNCATED]...

 change, 0 to destroy.
aws_ecr_repository.repo: Creating...
aws_iam_role.ecsTaskExecutionRole: Creating...
aws_iam_role.ecsTaskExecutionRole: Creation complete after 0s [id=ecsTaskExecutionRole]
aws_iam_role_policy_attachment.ecsTaskExecutionRole_policy: Creating...
aws_iam_role_policy_attachment.ecsTaskExecutionRole_policy: Creation complete after 0s [id=ecsTaskExecutionRole/arn:aws:iam::aws:policy/service-role/AmazonECSTaskExecutionRolePolicy]
aws_ecr_repository.repo: Creation complete after 1s [id=reactjs-app-repo]

Apply complete! Resources: 3 added, 0 changed, 0 destroyed.

--- ERRORS ---",,30,202,3,0,1,"We need a Terraform template that creates an ECR repository named ""reactjs-app-repo"" with mutable image tags and scanning enabled on push, along with an IAM role named ""ecsTaskExecutionRole"" that allows ECS tasks to assume it and attaches the managed AmazonECSTaskExecutionRolePolicy.",12,"aws_ecr_repository, aws_iam_policy_document, aws_iam_role, aws_iam_role_policy_attachment"
terrads_08824183beb0,Zenodo/TerraDS,iac_benchmark/scenarios/terrads_08824183beb0,True,True,0,0,0,0,0,True,"--- INIT LOG ---
Initializing provider plugins...
- Finding latest version of hashicorp/aws...
- Installing hashicorp/aws v6.54.0...
- Installed hashicorp/aws v6.54.0 (signed by HashiCorp)
Terraform has created a lock file .terraform.lock.hcl to record the provider
selections it made above. Include this file in your version control repository
so that Terraform can guarantee to make the same selections by default when
you run ""terraform init"" in the future.

Terraform has been successfully initialized!

You may now begin working with Terraform. Try running ""terraform plan"" to see
any changes th

...[LOG TRUNCATED]...

false
        }
    }

Plan: 2 to add, 0 to change, 0 to destroy.

Changes to Outputs:
  + registry_id    = (known after apply)
  + repository_url = (known after apply)
aws_ecr_repository.main: Creating...
aws_ecr_repository.main: Creation complete after 1s [id=illumidesk]
aws_ecr_lifecycle_policy.main: Creating...
aws_ecr_lifecycle_policy.main: Creation complete after 0s [id=illumidesk]

Apply complete! Resources: 2 added, 0 changed, 0 destroyed.

Outputs:

registry_id = ""000000000000""
repository_url = ""000000000000.dkr.ecr.us-east-1.localhost.localstack.cloud:4566/illumidesk""

--- ERRORS ---",,70,361,2,2,1,"We need a Terraform template that creates an ECR repository named ""illumidesk"" (configurable via variable) with MUTABLE image tag mutability and scan on push disabled, along with a lifecycle policy that expires untagged images older than 14 days and retains only the last 30 images regardless of tagging; the template should also output the repository URL and registry ID, and allow tags to be configured with a default of Name=illumidesk-eks and Environment=dev.",13,"aws_ecr_lifecycle_policy, aws_ecr_repository"
terrads_2b674c758d74,Zenodo/TerraDS,iac_benchmark/scenarios/terrads_2b674c758d74,True,True,0,0,0,0,0,True,"--- INIT LOG ---
Initializing provider plugins...
- Finding hashicorp/aws versions matching "">= 5.20.0""...
- Installing hashicorp/aws v6.53.0...
- Installed hashicorp/aws v6.53.0 (signed by HashiCorp)
Terraform has created a lock file .terraform.lock.hcl to record the provider
selections it made above. Include this file in your version control repository
so that Terraform can guarantee to make the same selections by default when
you run ""terraform init"" in the future.

Terraform has been successfully initialized!

You may now begin working with Terraform. Try running ""terraform plan"" to see
an

...[LOG TRUNCATED]...

  + private_dns_name_options (known after apply)

      + root_block_device (known after apply)

      + secondary_network_interface (known after apply)
    }

Plan: 2 to add, 0 to change, 0 to destroy.
aws_instance.terraform[0]: Creating...
aws_instance.terraform[0]: Still creating... [00m10s elapsed]
aws_instance.terraform[0]: Creation complete after 10s [id=i-7f23e5a7fba0e34a1]
aws_ami_from_instance.my_own_ami[0]: Creating...
aws_ami_from_instance.my_own_ami[0]: Creation complete after 5s [id=ami-7c7c38adadc3beed0]

Apply complete! Resources: 2 added, 0 changed, 0 destroyed.

--- ERRORS ---","NON-JSON OUTPUT:
",72,365,2,3,1,"We need a Terraform template that creates an EC2 instance for testing purposes and then optionally generates a custom AMI from that instance, with boolean toggles to control each creation step and the instance type configurable as a variable defaulting to t2.micro.",14,"aws_ami, aws_ami_from_instance, aws_instance"
terrads_3387313129cf,Zenodo/TerraDS,iac_benchmark/scenarios/terrads_3387313129cf,True,True,0,0,0,0,0,True,"--- INIT LOG ---
Initializing provider plugins...
- Finding latest version of hashicorp/aws...
- Installing hashicorp/aws v6.54.0...
- Installed hashicorp/aws v6.54.0 (signed by HashiCorp)
Terraform has created a lock file .terraform.lock.hcl to record the provider
selections it made above. Include this file in your version control repository
so that Terraform can guarantee to make the same selections by default when
you run ""terraform init"" in the future.

Terraform has been successfully initialized!

You may now begin working with Terraform. Try running ""terraform plan"" to see
any changes th

...[LOG TRUNCATED]...

ovider documentation for
details.

(and 2 more similar warnings elsewhere)

Warning: Argument is deprecated

  with aws_s3_bucket.this,
  on main.tf line 13, in resource ""aws_s3_bucket"" ""this"":
  13: resource ""aws_s3_bucket"" ""this"" {

server_side_encryption_configuration is deprecated. Use the
aws_s3_bucket_server_side_encryption_configuration resource instead.

(and 5 more similar warnings elsewhere)

Apply complete! Resources: 3 added, 0 changed, 0 destroyed.

Outputs:

dynamodb_state_lock_table_name = ""tf-serverless-jenkins-lock""
s3_state_bucket_name = ""jenkins-fargate-demo""

--- ERRORS ---",,78,410,3,2,1,"I need to set up a Terraform remote state backend for a Jenkins project, consisting of an S3 bucket named 'jenkins-fargate-demo' with server-side encryption using AES256, versioning enabled, and public access blocked, tagged with team 'devops' and solution 'jenkins', and a DynamoDB table named 'tf-serverless-jenkins-lock' with a hash key of 'LockID', PAY_PER_REQUEST billing mode, and server-side encryption enabled.",15,"aws_caller_identity, aws_dynamodb_table, aws_region, aws_s3_bucket, aws_s3_bucket_public_access_block"
terrads_36a780a6e187,Zenodo/TerraDS,iac_benchmark/scenarios/terrads_36a780a6e187,True,True,0,0,0,0,0,True,"--- INIT LOG ---
Initializing provider plugins...
- Finding latest version of hashicorp/aws...
- Installing hashicorp/aws v6.55.0...
- Installed hashicorp/aws v6.55.0 (signed by HashiCorp)
Terraform has created a lock file .terraform.lock.hcl to record the provider
selections it made above. Include this file in your version control repository
so that Terraform can guarantee to make the same selections by default when
you run ""terraform init"" in the future.

Terraform has been successfully initialized!

You may now begin working with Terraform. Try running ""terraform plan"" to see
any changes th

...[LOG TRUNCATED]...

ter apply),
    ]
  + vpc_id     = (known after apply)
aws_vpc.main_vpc: Creating...
aws_vpc.main_vpc: Creation complete after 0s [id=vpc-9b28caf1d9cc4868d]
aws_subnet.main_subnet[0]: Creating...
aws_subnet.main_subnet[1]: Creating...
aws_subnet.main_subnet[0]: Creation complete after 0s [id=subnet-6362568e374babc59]
aws_subnet.main_subnet[1]: Creation complete after 0s [id=subnet-4253dbc82b9bb6a92]

Apply complete! Resources: 3 added, 0 changed, 0 destroyed.

Outputs:

subnet_ids = [
  ""subnet-6362568e374babc59"",
  ""subnet-4253dbc82b9bb6a92"",
]
vpc_id = ""vpc-9b28caf1d9cc4868d""

--- ERRORS ---",,57,356,2,4,1,"We need a Terraform template that creates a VPC with two subnets in different availability zones for testing purposes, with DNS support and DNS hostnames enabled, and all configurable via variables with default CIDR blocks of 10.0.0.0/16 for the VPC and 10.0.1.0/24 and 10.0.2.0/24 for the subnets, and the default region set to us-east-1.",16,"aws_subnet, aws_vpc"
terrads_3bf6ed05a129,Zenodo/TerraDS,iac_benchmark/scenarios/terrads_3bf6ed05a129,True,True,0,0,0,0,0,True,"--- INIT LOG ---
Initializing provider plugins...
- Finding hashicorp/aws versions matching ""~> 5.64""...
- Installing hashicorp/aws v5.100.0...
- Installed hashicorp/aws v5.100.0 (signed by HashiCorp)
Terraform has created a lock file .terraform.lock.hcl to record the provider
selections it made above. Include this file in your version control repository
so that Terraform can guarantee to make the same selections by default when
you run ""terraform init"" in the future.

Terraform has been successfully initialized!

You may now begin working with Terraform. Try running ""terraform plan"" to see
an

...[LOG TRUNCATED]...

fter 0s [id=ekmisq9l1r]
aws_api_gateway_resource.this: Creating...
aws_api_gateway_resource.this: Creation complete after 0s [id=vapbqwjef9]
aws_api_gateway_method.this: Creating...
aws_api_gateway_method.this: Creation complete after 0s [id=agm-ekmisq9l1r-vapbqwjef9-ANY]

Apply complete! Resources: 3 added, 0 changed, 0 destroyed.

Outputs:

api_gateway_http_method = ""ANY""
api_gateway_resource_id = ""vapbqwjef9""
api_gateway_resource_path = ""/hello""
api_gateway_rest_api_execution_arn = ""arn:aws:execute-api:us-east-1:000000000000:ekmisq9l1r""
api_gateway_rest_api_id = ""ekmisq9l1r""

--- ERRORS ---","NON-JSON OUTPUT:
",55,298,3,0,1,"We need a Terraform template that creates a basic API Gateway REST API with a single resource and method for testing purposes, using the AWS provider version 5.64 or later and Terraform version 1.x or earlier, with the provider configured to use the default AWS credentials chain.",17,"aws_api_gateway_method, aws_api_gateway_resource, aws_api_gateway_rest_api"
terrads_552a94284625,Zenodo/TerraDS,iac_benchmark/scenarios/terrads_552a94284625,True,True,0,0,0,0,0,True,"--- INIT LOG ---
Initializing provider plugins...
- Finding latest version of hashicorp/aws...
- Installing hashicorp/aws v6.57.1...
- Installed hashicorp/aws v6.57.1 (signed by HashiCorp)
Terraform has created a lock file .terraform.lock.hcl to record the provider
selections it made above. Include this file in your version control repository
so that Terraform can guarantee to make the same selections by default when
you run ""terraform init"" in the future.

Terraform has been successfully initialized!

You may now begin working with Terraform. Try running ""terraform plan"" to see
any changes th

...[LOG TRUNCATED]...

]
aws_internet_gateway.fis_public_internet_gateway: Creation complete after 0s [id=igw-4dc2a8dd2834228bc]
aws_subnet.public_subnet: Creation complete after 0s [id=subnet-3378c6a789bea167c]
aws_route_table.fis_public_subnet_route_table: Creating...
aws_route_table.fis_public_subnet_route_table: Creation complete after 0s [id=rtb-ec2158d65da9fdf7b]
aws_route_table_association.fis_public_association: Creating...
aws_route_table_association.fis_public_association: Creation complete after 0s [id=rtbassoc-fb2aba7569fd46775]

Apply complete! Resources: 6 added, 0 changed, 0 destroyed.

--- ERRORS ---",,44,369,6,0,1,"We need a Terraform template that creates a VPC with CIDR 10.0.0.0/16 for testing purposes, including a public subnet (10.0.1.0/24) and a private subnet (10.0.2.0/24), an internet gateway attached to the VPC, and a route table for the public subnet that directs all IPv4 and IPv6 traffic to the internet gateway.",18,"aws_internet_gateway, aws_route_table, aws_route_table_association, aws_subnet, aws_vpc"
terrads_55c98d3445c8,Zenodo/TerraDS,iac_benchmark/scenarios/terrads_55c98d3445c8,True,True,0,0,0,0,0,True,"--- INIT LOG ---
Initializing provider plugins...
- Finding latest version of hashicorp/aws...
- Installing hashicorp/aws v6.55.0...
- Installed hashicorp/aws v6.55.0 (signed by HashiCorp)
Terraform has created a lock file .terraform.lock.hcl to record the provider
selections it made above. Include this file in your version control repository
so that Terraform can guarantee to make the same selections by default when
you run ""terraform init"" in the future.

Terraform has been successfully initialized!

You may now begin working with Terraform. Try running ""terraform plan"" to see
any changes th

...[LOG TRUNCATED]...

dd, 0 to change, 0 to destroy.
aws_vpc.my_vpc: Creating...
aws_vpc.my_vpc: Creation complete after 0s [id=vpc-127441807d531c2cb]
aws_security_group.my_security_group: Creating...
aws_security_group.my_security_group: Creation complete after 0s [id=sg-6e75386602a2493cb]
aws_security_group_rule.tls_in: Creating...
aws_security_group_rule.http_in: Creating...
aws_security_group_rule.http_in: Creation complete after 0s [id=sgrule-1751150706]
aws_security_group_rule.tls_in: Creation complete after 0s [id=sgrule-3945750746]

Apply complete! Resources: 4 added, 0 changed, 0 destroyed.

--- ERRORS ---",,32,228,4,0,1,"We need a Terraform template that creates a VPC in the eu-west-1 region with a CIDR block of 10.0.0.0/16, along with a security group named ""Example security group"" that includes ingress rules allowing TCP traffic on ports 443 and 80 from any source IP address.",19,"aws_security_group, aws_security_group_rule, aws_vpc"
terrads_6733374577f8,Zenodo/TerraDS,iac_benchmark/scenarios/terrads_6733374577f8,True,True,0,0,0,0,0,True,"--- INIT LOG ---
Initializing provider plugins...
- Finding latest version of hashicorp/aws...
- Installing hashicorp/aws v6.54.0...
- Installed hashicorp/aws v6.54.0 (signed by HashiCorp)
Terraform has created a lock file .terraform.lock.hcl to record the provider
selections it made above. Include this file in your version control repository
so that Terraform can guarantee to make the same selections by default when
you run ""terraform init"" in the future.

Terraform has been successfully initialized!

You may now begin working with Terraform. Try running ""terraform plan"" to see
any changes th

...[LOG TRUNCATED]...

egion                  = ""us-east-1""
      + size_in_bytes           = (known after apply)
      + tags_all                = (known after apply)
      + throughput_mode         = ""bursting""

      + protection (known after apply)
    }

Plan: 2 to add, 0 to change, 0 to destroy.
aws_efs_file_system.test: Creating...
aws_efs_file_system.test: Creation complete after 4s [id=fs-a40698a9]
aws_ecs_task_definition.service: Creating...
aws_ecs_task_definition.service: Creation complete after 0s [id=cloudrail-test-encryption]

Apply complete! Resources: 2 added, 0 changed, 0 destroyed.

--- ERRORS ---",,50,251,2,0,1,"We need a Terraform template that creates an EFS file system and an ECS task definition for testing purposes, where the ECS task definition mounts the EFS file system as a volume at the ""/opt/data"" root directory, and the task definition must use the creation token ""cloudrail-test"" for the EFS file system and the family name ""cloudrail-test-encryption"" for the task definition, with the task definition containing two container definitions where the first container uses the image ""service-first"" with 10 CPU units and 512 MB of memory and maps port 80, and the second container uses the image ""service-second"" with 10 CPU units and 256 MB of memory and maps port 443.",20,"aws_ecs_task_definition, aws_efs_file_system"
terrads_6efeba715360,Zenodo/TerraDS,iac_benchmark/scenarios/terrads_6efeba715360,True,True,0,0,0,0,0,True,"--- INIT LOG ---
Initializing provider plugins...
- Finding latest version of hashicorp/aws...
- Installing hashicorp/aws v6.57.1...
- Installed hashicorp/aws v6.57.1 (signed by HashiCorp)
Terraform has created a lock file .terraform.lock.hcl to record the provider
selections it made above. Include this file in your version control repository
so that Terraform can guarantee to make the same selections by default when
you run ""terraform init"" in the future.

Terraform has been successfully initialized!

You may now begin working with Terraform. Try running ""terraform plan"" to see
any changes th

...[LOG TRUNCATED]...

r apply)

      + warm_throughput (known after apply)
    }

Plan: 2 to add, 0 to change, 0 to destroy.
aws_dynamodb_table.default-and-alternate-tags-module-basic: Creating...
aws_dynamodb_table.default-and-alternate-tags-module-alternate: Creating...
aws_dynamodb_table.default-and-alternate-tags-module-basic: Creation complete after 8s [id=default-and-alternate-tags-module-basic]
aws_dynamodb_table.default-and-alternate-tags-module-alternate: Creation complete after 8s [id=default-and-alternate-tags-module-alternate]

Apply complete! Resources: 2 added, 0 changed, 0 destroyed.

--- ERRORS ---",,34,230,2,0,1,"We need a Terraform template that creates two DynamoDB tables for testing purposes, one using the default AWS provider and the other using an alternate provider configuration, both with PAY_PER_REQUEST billing mode and a string hash key named ""KeyId"".",21,aws_dynamodb_table
terrads_78a356be27a8,Zenodo/TerraDS,iac_benchmark/scenarios/terrads_78a356be27a8,True,True,0,0,0,0,0,True,"--- INIT LOG ---
Initializing provider plugins...
- Finding hashicorp/random versions matching ""~> 3.1.1""...
- Finding hashicorp/aws versions matching "">= 4.12.1""...
- Installing hashicorp/random v3.1.3...
- Installed hashicorp/random v3.1.3 (signed by HashiCorp)
- Installing hashicorp/aws v6.53.0...
- Installed hashicorp/aws v6.53.0 (signed by HashiCorp)
Terraform has created a lock file .terraform.lock.hcl to record the provider
selections it made above. Include this file in your version control repository
so that Terraform can guarantee to make the same selections by default when
you run ""t

...[LOG TRUNCATED]...

    + id        = (known after apply)
      + length    = 5
      + separator = ""-""
    }

Plan: 3 to add, 0 to change, 0 to destroy.
random_pet.petname: Creating...
random_pet.petname: Creation complete after 0s [id=daily-merely-really-robust-airedale]
aws_s3_bucket.sample: Creating...
aws_s3_bucket.sample: Creation complete after 1s [id=daily-merely-really-robust-airedale]
aws_s3_bucket_acl.example: Creating...
aws_s3_bucket_acl.example: Creation complete after 0s [id=daily-merely-really-robust-airedale,public-read]

Apply complete! Resources: 3 added, 0 changed, 0 destroyed.

--- ERRORS ---","NON-JSON OUTPUT:
",50,242,2,0,1,"We need a Terraform template that creates an S3 bucket in the eu-west-3 region for testing purposes, with a publicly readable ACL and a randomly generated bucket name using a pet name generator.",22,"aws_s3_bucket, aws_s3_bucket_acl"
terrads_894a9c7ef48c,Zenodo/TerraDS,iac_benchmark/scenarios/terrads_894a9c7ef48c,True,True,0,0,0,0,0,True,"--- INIT LOG ---
Initializing provider plugins...
- Finding latest version of hashicorp/aws...
- Installing hashicorp/aws v6.57.1...
- Installed hashicorp/aws v6.57.1 (signed by HashiCorp)
Terraform has created a lock file .terraform.lock.hcl to record the provider
selections it made above. Include this file in your version control repository
so that Terraform can guarantee to make the same selections by default when
you run ""terraform init"" in the future.

Terraform has been successfully initialized!

You may now begin working with Terraform. Try running ""terraform plan"" to see
any changes th

...[LOG TRUNCATED]...

       }
      + vpc_id                 = (known after apply)
    }

Plan: 2 to add, 0 to change, 0 to destroy.

Changes to Outputs:
  + alb_sg_id = (known after apply)
  + ec2_sg_id = (known after apply)
aws_security_group.alb: Creating...
aws_security_group.alb: Creation complete after 1s [id=sg-60f6dbd4f66cb9d87]
aws_security_group.allow_alb: Creating...
aws_security_group.allow_alb: Creation complete after 0s [id=sg-2d1100473080e2e79]

Apply complete! Resources: 2 added, 0 changed, 0 destroyed.

Outputs:

alb_sg_id = ""sg-60f6dbd4f66cb9d87""
ec2_sg_id = ""sg-2d1100473080e2e79""

--- ERRORS ---",,59,352,2,0,1,"We need a Terraform template that creates two security groups for a web application, one for an application load balancer that allows inbound HTTP traffic from anywhere and one for the EC2 instances behind it that only allows inbound HTTP traffic from the load balancer security group, with both groups allowing all outbound traffic and the template outputting the ID of each security group.",23,aws_security_group
terrads_9131cf3a64fd,Zenodo/TerraDS,iac_benchmark/scenarios/terrads_9131cf3a64fd,True,True,0,0,0,0,0,True,"--- INIT LOG ---
Initializing provider plugins...
- Finding hashicorp/aws versions matching ""~> 5.0""...
- Installing hashicorp/aws v5.100.0...
- Installed hashicorp/aws v5.100.0 (signed by HashiCorp)
Terraform has created a lock file .terraform.lock.hcl to record the provider
selections it made above. Include this file in your version control repository
so that Terraform can guarantee to make the same selections by default when
you run ""terraform init"" in the future.

Terraform has been successfully initialized!

You may now begin working with Terraform. Try running ""terraform plan"" to see
any

...[LOG TRUNCATED]...

    + tags                                 = {
          + ""Name"" = ""North-Virginia-VPC""
        }
      + tags_all                             = {
          + ""Name""      = ""North-Virginia-VPC""
          + ""Region""    = ""N.Virginia""
          + ""Terraform"" = ""yes""
        }
    }

Plan: 2 to add, 0 to change, 0 to destroy.
aws_vpc.nv-vpc: Creating...
aws_vpc.mum-vpc: Creating...
aws_vpc.mum-vpc: Creation complete after 1s [id=vpc-7ad63f7c423ae9f92]
aws_vpc.nv-vpc: Creation complete after 1s [id=vpc-b1dede32e54d1a266]

Apply complete! Resources: 2 added, 0 changed, 0 destroyed.

--- ERRORS ---",,59,354,2,0,1,"We need a Terraform template that creates two VPCs in separate AWS regions for testing purposes, one in us-east-1 with a CIDR block of 10.1.0.0/16 and one in another region with a CIDR block of 10.2.0.0/16, each tagged with its respective region name.",24,aws_vpc
terrads_91609b0f19d3,Zenodo/TerraDS,iac_benchmark/scenarios/terrads_91609b0f19d3,True,True,0,0,0,0,0,True,"--- INIT LOG ---
Initializing provider plugins...
- Finding latest version of hashicorp/aws...
- Installing hashicorp/aws v6.56.0...
- Installed hashicorp/aws v6.56.0 (signed by HashiCorp)
Terraform has created a lock file .terraform.lock.hcl to record the provider
selections it made above. Include this file in your version control repository
so that Terraform can guarantee to make the same selections by default when
you run ""terraform init"" in the future.

Terraform has been successfully initialized!

You may now begin working with Terraform. Try running ""terraform plan"" to see
any changes th

...[LOG TRUNCATED]...

a339d73f46133]
aws_internet_gateway.igw: Creation complete after 0s [id=igw-f7502224e8834b446]
aws_route_table.public_rt: Creating...
aws_route_table.public_rt: Creation complete after 0s [id=rtb-e65c96bdede9ad6d1]
aws_route_table_association.public_rt_assoc: Creating...
aws_route_table_association.public_rt_assoc: Creation complete after 0s [id=rtbassoc-7df9c2adb85820388]

Apply complete! Resources: 6 added, 0 changed, 0 destroyed.

Outputs:

eip = ""127.126.148.43""
eip_id = ""eipalloc-47c7aeafe775d325f""
vpc_id = ""vpc-00bc1bc90ca1637d2""
vpc_subnet_id = ""subnet-52a5a339d73f46133""

--- ERRORS ---",,55,334,6,1,1,"We need a Terraform template that creates a VPC with a CIDR block of 10.0.0.0/16, a public subnet with a CIDR block of 10.0.1.0/24, an internet gateway, a route table with a default route to the internet gateway, and an Elastic IP that is associated with an EC2 instance, where the instance ID is provided as a variable that defaults to an empty string for testing purposes.",25,"aws_eip, aws_internet_gateway, aws_route_table, aws_route_table_association, aws_subnet, aws_vpc"
terrads_94b21ae38ddd,Zenodo/TerraDS,iac_benchmark/scenarios/terrads_94b21ae38ddd,True,True,0,0,0,0,0,True,"--- INIT LOG ---
Initializing provider plugins...
- Finding latest version of hashicorp/aws...
- Installing hashicorp/aws v6.54.0...
- Installed hashicorp/aws v6.54.0 (signed by HashiCorp)
Terraform has created a lock file .terraform.lock.hcl to record the provider
selections it made above. Include this file in your version control repository
so that Terraform can guarantee to make the same selections by default when
you run ""terraform init"" in the future.

Terraform has been successfully initialized!

You may now begin working with Terraform. Try running ""terraform plan"" to see
any changes th

...[LOG TRUNCATED]...

on complete after 0s [id=subnet-da2f922252c1cfdd2]
aws_subnet.subnet1: Creation complete after 0s [id=subnet-b411b3be8b87f9e64]
aws_subnet.subnet3: Creation complete after 0s [id=subnet-7197a7bbea9cf17bc]
aws_subnet.subnet102: Creation complete after 0s [id=subnet-f4092c49900babb8a]
aws_subnet.subnet101: Creation complete after 0s [id=subnet-cdaa6ed8ac57e5f80]
aws_subnet.subnet103: Creation complete after 0s [id=subnet-6fdee6caf65c766a4]
aws_security_group.vpc_task: Creation complete after 1s [id=sg-7fdc024f5203f7eca]

Apply complete! Resources: 8 added, 0 changed, 0 destroyed.

--- ERRORS ---",,58,409,8,0,1,"We need a Terraform template that creates a basic AWS VPC environment for testing purposes in us-east-1, including a VPC with CIDR block 10.0.0.0/16, six subnets with CIDR blocks 10.0.1.0/24, 10.0.2.0/24, 10.0.3.0/24, 10.0.101.0/24, 10.0.102.0/24, and 10.0.103.0/24, and a security group named vpc_task that allows inbound SSH on port 22 from 0.0.0.0/0 and allows all outbound traffic.",26,"aws_security_group, aws_subnet, aws_vpc"
terrads_95483b0851ff,Zenodo/TerraDS,iac_benchmark/scenarios/terrads_95483b0851ff,True,True,0,0,0,0,0,True,"--- INIT LOG ---
Initializing provider plugins...
- Finding latest version of hashicorp/aws...
- Installing hashicorp/aws v6.57.1...
- Installed hashicorp/aws v6.57.1 (signed by HashiCorp)
Terraform has created a lock file .terraform.lock.hcl to record the provider
selections it made above. Include this file in your version control repository
so that Terraform can guarantee to make the same selections by default when
you run ""terraform init"" in the future.

Terraform has been successfully initialized!

You may now begin working with Terraform. Try running ""terraform plan"" to see
any changes th

...[LOG TRUNCATED]...

te-storage-s3-kjg]
aws_dynamodb_table.dynamodb-terraform-state-lock: Creation complete after 8s [id=terraform-state-lock-dynamo]

Warning: Argument is deprecated

  with aws_s3_bucket.terraform-state-storage-s3,
  on main.tf line 6, in resource ""aws_s3_bucket"" ""terraform-state-storage-s3"":
   6: resource ""aws_s3_bucket"" ""terraform-state-storage-s3"" {

server_side_encryption_configuration is deprecated. Use the
aws_s3_bucket_server_side_encryption_configuration resource instead.

(and 5 more similar warnings elsewhere)

Apply complete! Resources: 2 added, 0 changed, 0 destroyed.

--- ERRORS ---",,38,201,2,0,1,"We need a Terraform template that creates the infrastructure for remote state storage and state locking using AWS S3 and DynamoDB, specifically for a Terraform backend configuration, with the S3 bucket named ""terraform-remote-state-storage-s3-kjg"" in the eu-west-1 region, enabling versioning and server-side encryption using AES256, and applying a lifecycle policy to prevent accidental deletion of the bucket, and a DynamoDB table named ""terraform-state-lock-dynamo"" using a hash key of ""LockID"" with a string type and provisioned throughput of 20 read and 20 write capacity units.",27,"aws_dynamodb_table, aws_s3_bucket"
terrads_9891f692b836,Zenodo/TerraDS,iac_benchmark/scenarios/terrads_9891f692b836,True,True,0,0,0,0,0,True,"--- INIT LOG ---
Initializing provider plugins...
- Finding latest version of hashicorp/aws...
- Installing hashicorp/aws v6.53.0...
- Installed hashicorp/aws v6.53.0 (signed by HashiCorp)
Terraform has created a lock file .terraform.lock.hcl to record the provider
selections it made above. Include this file in your version control repository
so that Terraform can guarantee to make the same selections by default when
you run ""terraform init"" in the future.

Terraform has been successfully initialized!

You may now begin working with Terraform. Try running ""terraform plan"" to see
any changes that are required for your infrastructure. All Terraform commands
should now work.

If you ever set or change modules or backend configuration for Terraform,
rerun this command to reinitialize your working directory. If you forget, other
commands will detect it and remind you to do so if necessary.

--- APPLY LOG ---

Changes to Outputs:
  + vpc-routes = []

You can apply this plan to save these new output values to the Terraform
state, without changing any real infrastructure.

Apply complete! Resources: 0 added, 0 changed, 0 destroyed.

Outputs:

vpc-routes = []

--- ERRORS ---",,33,335,2,4,1,"We need a Terraform template that creates a set of VPC routes in AWS, supporting both internet gateway and transit gateway next hops, where the VPCs, route tables, and transit gateway are created as part of the same stack, and the routes are defined via a variable that specifies the destination CIDR, the target VPC and route table, and the next hop type and identifier, with the ability to filter routes by next hop type and to optionally apply a name prefix to resource lookups, and all input variables should default to empty values.",28,aws_route
terrads_9b086d2b420f,Zenodo/TerraDS,iac_benchmark/scenarios/terrads_9b086d2b420f,True,True,0,0,0,0,0,True,"--- INIT LOG ---
Initializing provider plugins...
- Finding latest version of hashicorp/aws...
- Installing hashicorp/aws v6.54.0...
- Installed hashicorp/aws v6.54.0 (signed by HashiCorp)
Terraform has created a lock file .terraform.lock.hcl to record the provider
selections it made above. Include this file in your version control repository
so that Terraform can guarantee to make the same selections by default when
you run ""terraform init"" in the future.

Terraform has been successfully initialized!

You may now begin working with Terraform. Try running ""terraform plan"" to see
any changes th

...[LOG TRUNCATED]...

roduction-app]
aws_cloudwatch_log_group.proxy: Creation complete after 0s [id=cwlg-trilium-log-production-proxy]

Warning: Deprecated attribute

  on outputs.tf line 3, in output ""log_group_region"":
   3:   value       = data.aws_region.current.name

The attribute ""name"" is deprecated. Refer to the provider documentation for
details.

(and one more similar warning elsewhere)

Apply complete! Resources: 2 added, 0 changed, 0 destroyed.

Outputs:

app_log_group = ""cwlg-trilium-log-production-app""
log_group_region = ""us-east-1""
proxy_log_group = ""cwlg-trilium-log-production-proxy""

--- ERRORS ---",,78,416,2,5,1,"We need a Terraform template that creates two CloudWatch log groups, one for app and one for proxy, with names formed from a slug combining the app, module, and stage variables (defaulting to ""trilium"", ""log"", and ""production"") and each with a configurable retention period defaulting to 120 days, tagged with the app, module, stage, and a Name tag reflecting the log group name, and outputs the log group names and the current AWS region.",29,"aws_cloudwatch_log_group, aws_region"
terrads_9b09455bd6d8,Zenodo/TerraDS,iac_benchmark/scenarios/terrads_9b09455bd6d8,True,True,0,0,0,0,0,True,"--- INIT LOG ---
Initializing provider plugins...
- Finding latest version of hashicorp/aws...
- Installing hashicorp/aws v6.57.1...
- Installed hashicorp/aws v6.57.1 (signed by HashiCorp)
Terraform has created a lock file .terraform.lock.hcl to record the provider
selections it made above. Include this file in your version control repository
so that Terraform can guarantee to make the same selections by default when
you run ""terraform init"" in the future.

Terraform has been successfully initialized!

You may now begin working with Terraform. Try running ""terraform plan"" to see
any changes th

...[LOG TRUNCATED]...

t-sqs1: Creating...
aws_sqs_queue.test-sqs1: Still creating... [00m10s elapsed]
aws_sqs_queue.test-sqs: Still creating... [00m10s elapsed]
aws_sqs_queue.test-sqs: Still creating... [00m20s elapsed]
aws_sqs_queue.test-sqs1: Still creating... [00m20s elapsed]
aws_sqs_queue.test-sqs: Creation complete after 25s [id=http://sqs.us-east-1.localhost.localstack.cloud:4566/000000000000/test-sqs]
aws_sqs_queue.test-sqs1: Creation complete after 25s [id=http://sqs.us-east-1.localhost.localstack.cloud:4566/000000000000/test-sqs1]

Apply complete! Resources: 2 added, 0 changed, 0 destroyed.

--- ERRORS ---",,46,296,2,0,1,"We need a Terraform template that creates two SQS queues named ""test-sqs"" and ""test-sqs1"" for testing purposes, with each queue set to a delay of 90 seconds, a maximum message size of 2048 bytes, a message retention period of 86400 seconds, and a receive wait time of 10 seconds, and both queues should be tagged with Environment = production.",30,aws_sqs_queue
terrads_9ba2d30e0ec5,Zenodo/TerraDS,iac_benchmark/scenarios/terrads_9ba2d30e0ec5,True,True,0,0,0,0,0,True,"--- INIT LOG ---
Initializing provider plugins...
- Finding latest version of hashicorp/aws...
- Installing hashicorp/aws v6.55.0...
- Installed hashicorp/aws v6.55.0 (signed by HashiCorp)
Terraform has created a lock file .terraform.lock.hcl to record the provider
selections it made above. Include this file in your version control repository
so that Terraform can guarantee to make the same selections by default when
you run ""terraform init"" in the future.

Terraform has been successfully initialized!

You may now begin working with Terraform. Try running ""terraform plan"" to see
any changes th

...[LOG TRUNCATED]...

s_s3_bucket_public_access_block.app-bucket-public-access-block: Creating...
aws_s3_bucket_public_access_block.app-bucket-public-access-block: Creation complete after 0s [id=app-bucket-202305122028]
aws_s3_bucket_ownership_controls.app-bucket-ownership: Creating...
aws_s3_bucket_ownership_controls.app-bucket-ownership: Creation complete after 0s [id=app-bucket-202305122028]
aws_s3_bucket_acl.app-bucket-acl: Creating...
aws_s3_bucket_acl.app-bucket-acl: Creation complete after 0s [id=app-bucket-202305122028,public-read]

Apply complete! Resources: 4 added, 0 changed, 0 destroyed.

--- ERRORS ---",,36,229,4,0,1,"We need a Terraform template that creates a publicly accessible S3 bucket named ""app-bucket-202305122028"" for testing purposes, configured with a public-read ACL, all public access block settings explicitly disabled, and the required ownership controls set to BucketOwnerPreferred.",31,"aws_s3_bucket, aws_s3_bucket_acl, aws_s3_bucket_ownership_controls, aws_s3_bucket_public_access_block"
terrads_9d98b1468492,Zenodo/TerraDS,iac_benchmark/scenarios/terrads_9d98b1468492,True,True,0,0,0,0,0,True,"--- INIT LOG ---
Initializing provider plugins...
- Finding hashicorp/aws versions matching ""~> 5.0""...
- Installing hashicorp/aws v5.100.0...
- Installed hashicorp/aws v5.100.0 (signed by HashiCorp)
Terraform has created a lock file .terraform.lock.hcl to record the provider
selections it made above. Include this file in your version control repository
so that Terraform can guarantee to make the same selections by default when
you run ""terraform init"" in the future.

Terraform has been successfully initialized!

You may now begin working with Terraform. Try running ""terraform plan"" to see
any

...[LOG TRUNCATED]...

 (known after apply)
      + tags_all         = (known after apply)
      + unique_id        = (known after apply)
    }

Plan: 2 to add, 0 to change, 0 to destroy.
aws_cloudwatch_log_resource_policy.main: Creating...
aws_iam_service_linked_role.main: Creating...
aws_iam_service_linked_role.main: Creation complete after 0s [id=arn:aws:iam::000000000000:role/aws-service-role/es.amazonaws.com/AWSServiceRoleForEs]
aws_cloudwatch_log_resource_policy.main: Creation complete after 0s [id=elasticsearch-log-publishing-policy]

Apply complete! Resources: 2 added, 0 changed, 0 destroyed.

--- ERRORS ---","NON-JSON OUTPUT:
",39,191,2,0,1,We need a Terraform template that creates an IAM service-linked role for Amazon Elasticsearch Service and a CloudWatch log resource policy that allows the Elasticsearch service to create and send log events to CloudWatch logs.,32,"aws_cloudwatch_log_resource_policy, aws_iam_policy_document, aws_iam_service_linked_role"
terrads_9db5ee8842eb,Zenodo/TerraDS,iac_benchmark/scenarios/terrads_9db5ee8842eb,True,True,0,0,0,0,0,True,"--- INIT LOG ---
Initializing provider plugins...
- Finding latest version of hashicorp/aws...
- Installing hashicorp/aws v6.56.0...
- Installed hashicorp/aws v6.56.0 (signed by HashiCorp)
Terraform has created a lock file .terraform.lock.hcl to record the provider
selections it made above. Include this file in your version control repository
so that Terraform can guarantee to make the same selections by default when
you run ""terraform init"" in the future.

Terraform has been successfully initialized!

You may now begin working with Terraform. Try running ""terraform plan"" to see
any changes th

...[LOG TRUNCATED]...

d, 0 to change, 0 to destroy.
aws_vpc.my-vpc: Creating...
aws_vpc.my-vpc: Creation complete after 1s [id=vpc-14bd937af98f1471c]
aws_subnet.my-subnet: Creating...
aws_security_group.my-sg: Creating...
aws_subnet.my-subnet: Creation complete after 0s [id=subnet-56030fa6cda92f9f0]
aws_security_group.my-sg: Creation complete after 0s [id=sg-b846c3171fe068c8e]
aws_instance.example: Creating...
aws_instance.example: Still creating... [00m10s elapsed]
aws_instance.example: Creation complete after 10s [id=i-cff0d43835a7b3ac2]

Apply complete! Resources: 4 added, 0 changed, 0 destroyed.

--- ERRORS ---",,44,314,4,0,1,"We need a Terraform template that creates a VPC with CIDR 10.0.0.0/16, a subnet with CIDR 10.0.1.0/24, a security group named ""aws-sg"" that allows inbound SSH (port 22) from any IP and all outbound traffic, and an EC2 instance of type t2.micro using the latest Amazon Linux 2 AMI retrieved via the SSM parameter store, all deployed in the us-east-1 region.",33,"aws_instance, aws_security_group, aws_ssm_parameter, aws_subnet, aws_vpc"
terrads_9dd2d161841d,Zenodo/TerraDS,iac_benchmark/scenarios/terrads_9dd2d161841d,True,True,0,0,0,0,0,True,"--- INIT LOG ---
Initializing provider plugins...
- Finding latest version of hashicorp/aws...
- Installing hashicorp/aws v6.57.1...
- Installed hashicorp/aws v6.57.1 (signed by HashiCorp)
Terraform has created a lock file .terraform.lock.hcl to record the provider
selections it made above. Include this file in your version control repository
so that Terraform can guarantee to make the same selections by default when
you run ""terraform init"" in the future.

Terraform has been successfully initialized!

You may now begin working with Terraform. Try running ""terraform plan"" to see
any changes th

...[LOG TRUNCATED]...

-xctf-api-nginx-container-repository""
        }

      + image_scanning_configuration {
          + scan_on_push = true
        }
    }

Plan: 2 to add, 0 to change, 0 to destroy.
aws_ecr_repository.saints-xctf-api-nginx-repository: Creating...
aws_ecr_repository.saints-xctf-api-flask-repository: Creating...
aws_ecr_repository.saints-xctf-api-flask-repository: Creation complete after 0s [id=saints-xctf-api-flask]
aws_ecr_repository.saints-xctf-api-nginx-repository: Creation complete after 1s [id=saints-xctf-api-nginx]

Apply complete! Resources: 2 added, 0 changed, 0 destroyed.

--- ERRORS ---",,35,246,2,0,1,"We need a Terraform template that creates two ECR repositories for the SaintsXCTF API application: one named ""saints-xctf-api-flask"" for the Flask backend and one named ""saints-xctf-api-nginx"" for the Nginx reverse proxy, both with mutable image tags and image scanning enabled on push.",34,aws_ecr_repository
terrads_a6a5210a700c,Zenodo/TerraDS,iac_benchmark/scenarios/terrads_a6a5210a700c,True,True,0,0,0,0,0,True,"NON-JSON OUTPUT:
","--- INIT LOG ---
Initializing provider plugins...
- Finding latest version of hashicorp/aws...
- Installing hashicorp/aws v6.52.0...
- Installed hashicorp/aws v6.52.0 (signed by HashiCorp)
Terraform has created a lock file .terraform.lock.hcl to record the provider
selections it made above. Include this file in your version control repository
so that Terraform can guarantee to make the same selections by default when
you run ""terraform init"" in the future.

Terraform has been successfully initialized!

You may now begin working with Terraform. Try running ""terraform plan"" to see
any changes th

...[LOG TRUNCATED]...

 = (known after apply)
    }

Plan: 2 to add, 0 to change, 0 to destroy.

Changes to Outputs:
  + cmk_alias = ""alias/kms-cmk-example""
  + cmk_arn   = (known after apply)
aws_kms_key.cmk: Creating...
aws_kms_key.cmk: Creation complete after 4s [id=4c49570f-60e0-46cf-a3ba-d73f60f04418]
aws_kms_alias.cmk: Creating...
aws_kms_alias.cmk: Creation complete after 0s [id=alias/kms-cmk-example]

Apply complete! Resources: 2 added, 0 changed, 0 destroyed.

Outputs:

cmk_alias = ""alias/kms-cmk-example""
cmk_arn = ""arn:aws:kms:us-east-2:000000000000:key/4c49570f-60e0-46cf-a3ba-d73f60f04418""

--- ERRORS ---",69,424,2,1,1,"We need a Terraform template that creates a KMS Customer Managed Key (CMK) in the us-east-2 region, along with a corresponding alias, for testing purposes, where the key policy grants full administrative access to the current IAM user and the key is configured with a deletion window of 7 days to minimize charges.",35,"aws_caller_identity, aws_iam_policy_document, aws_kms_alias, aws_kms_key"
terrads_a9d1b39b290a,Zenodo/TerraDS,iac_benchmark/scenarios/terrads_a9d1b39b290a,True,True,0,0,0,0,0,True,"--- INIT LOG ---
Initializing provider plugins...
- Finding latest version of hashicorp/aws...
- Installing hashicorp/aws v6.57.1...
- Installed hashicorp/aws v6.57.1 (signed by HashiCorp)
Terraform has created a lock file .terraform.lock.hcl to record the provider
selections it made above. Include this file in your version control repository
so that Terraform can guarantee to make the same selections by default when
you run ""terraform init"" in the future.

Terraform has been successfully initialized!

You may now begin working with Terraform. Try running ""terraform plan"" to see
any changes th

...[LOG TRUNCATED]...

ws_iam_role_policy_attachment.attach_codedeploy_role: Creation complete after 0s [id=nightscout__codedeploy_role/arn:aws:iam::aws:policy/service-role/AWSCodeDeployRole]
aws_codedeploy_app.codedeploy_app: Creation complete after 0s [id=1846663e-5f25-4dfa-be19-c48dc0521a9b:nightscout__deploy_app]
aws_codedeploy_deployment_group.codedeploy_group: Creating...
aws_codedeploy_deployment_group.codedeploy_group: Creation complete after 0s [id=a9d43b23-5c3d-4202-a5b2-95ab5b882b39]

Apply complete! Resources: 4 added, 0 changed, 0 destroyed.

Outputs:

app_name = ""nightscout__deploy_app""

--- ERRORS ---",,64,436,4,1,1,"We need a Terraform template that creates a CodeDeploy application and deployment group for a nightscout project, with the application named ""nightscout__deploy_app"" and the deployment group named ""nightscout__deployment_group"", using the ""Server"" compute platform. The deployment group should target EC2 instances tagged with env=prod and app=nightscout using KEY_AND_VALUE filters, and must include automatic rollback on deployment failure. The template should also create an IAM role named ""nightscout__codedeploy_role"" with the CodeDeploy service trust policy, attach the AWS managed AWSCodeDeployRole policy, and accept a map of tags as a variable for all resources.",36,"aws_codedeploy_app, aws_codedeploy_deployment_group, aws_iam_policy_document, aws_iam_role, aws_iam_role_policy_attachment"
terrads_c11bfa93b191,Zenodo/TerraDS,iac_benchmark/scenarios/terrads_c11bfa93b191,True,True,0,0,0,0,0,True,"--- INIT LOG ---
Initializing provider plugins...
- Finding latest version of hashicorp/aws...
- Installing hashicorp/aws v6.54.0...
- Installed hashicorp/aws v6.54.0 (signed by HashiCorp)
Terraform has created a lock file .terraform.lock.hcl to record the provider
selections it made above. Include this file in your version control repository
so that Terraform can guarantee to make the same selections by default when
you run ""terraform init"" in the future.

Terraform has been successfully initialized!

You may now begin working with Terraform. Try running ""terraform plan"" to see
any changes th

...[LOG TRUNCATED]...

fter 0s [id=eks-pod-s3-role/arn:aws:iam::000000000000:policy/s3_full_access_policy]
aws_s3_bucket.artifactory_s3_bucket: Creation complete after 1s [id=ashrafk-artifactory-bucket]
aws_s3_bucket_ownership_controls.artifactory_s3_ownership: Creating...
aws_s3_bucket_ownership_controls.artifactory_s3_ownership: Creation complete after 0s [id=ashrafk-artifactory-bucket]
aws_s3_bucket_acl.artifactory_s3_acl: Creating...
aws_s3_bucket_acl.artifactory_s3_acl: Creation complete after 0s [id=ashrafk-artifactory-bucket,private]

Apply complete! Resources: 6 added, 0 changed, 0 destroyed.

--- ERRORS ---",,69,460,6,0,1,"We need a Terraform template that creates an S3 bucket named ""ashrafk-artifactory-bucket"" with a private ACL and BucketOwnerPreferred ownership controls, along with an IAM role named ""eks-pod-s3-role"" that allows EKS pods to assume it via web identity federation by referencing an existing OIDC provider ARN in the trust policy and including a StringEquals condition that restricts the audience to sts.amazonaws.com, and attaches a policy granting full S3 access to that role, all tagged with provisioned_by = ""terraform"".",37,"aws_iam_policy, aws_iam_role, aws_iam_role_policy_attachment, aws_s3_bucket, aws_s3_bucket_acl, aws_s3_bucket_ownership_controls"
terrads_c33c3130a39a,Zenodo/TerraDS,iac_benchmark/scenarios/terrads_c33c3130a39a,True,True,0,0,0,0,0,True,"--- INIT LOG ---
Initializing provider plugins...
- Finding latest version of hashicorp/aws...
- Installing hashicorp/aws v6.56.0...
- Installed hashicorp/aws v6.56.0 (signed by HashiCorp)
Terraform has created a lock file .terraform.lock.hcl to record the provider
selections it made above. Include this file in your version control repository
so that Terraform can guarantee to make the same selections by default when
you run ""terraform init"" in the future.

Terraform has been successfully initialized!

You may now begin working with Terraform. Try running ""terraform plan"" to see
any changes th

...[LOG TRUNCATED]...

:4566/000000000000/notificationQueue]
data.aws_iam_policy_document.sqs_policy_document: Reading...
data.aws_iam_policy_document.sqs_policy_document: Read complete after 0s [id=1794430588]
aws_sqs_queue_policy.sqs_policy: Creating...
aws_sqs_queue_policy.sqs_policy: Still creating... [00m10s elapsed]
aws_sqs_queue_policy.sqs_policy: Still creating... [00m20s elapsed]
aws_sqs_queue_policy.sqs_policy: Creation complete after 25s [id=http://sqs.ap-northeast-2.localhost.localstack.cloud:4566/000000000000/notificationQueue]

Apply complete! Resources: 2 added, 0 changed, 0 destroyed.

--- ERRORS ---",,35,211,2,0,1,"We need a Terraform template that creates an SQS queue named ""notificationQueue"" in the us-east-1 region, and attaches a queue policy that allows full SQS access from any principal.",38,"aws_caller_identity, aws_iam_policy_document, aws_sqs_queue, aws_sqs_queue_policy"
terrads_c4044d1c9fd4,Zenodo/TerraDS,iac_benchmark/scenarios/terrads_c4044d1c9fd4,True,True,0,0,0,0,0,True,"--- INIT LOG ---
Initializing provider plugins...
- Finding latest version of hashicorp/aws...
- Installing hashicorp/aws v6.56.0...
- Installed hashicorp/aws v6.56.0 (signed by HashiCorp)
Terraform has created a lock file .terraform.lock.hcl to record the provider
selections it made above. Include this file in your version control repository
so that Terraform can guarantee to make the same selections by default when
you run ""terraform init"" in the future.

Terraform has been successfully initialized!

You may now begin working with Terraform. Try running ""terraform plan"" to see
any changes th

...[LOG TRUNCATED]...

      ]
              + Version   = ""2012-10-17""
            }
        )
      + role        = (known after apply)
    }

Plan: 3 to add, 0 to change, 0 to destroy.
aws_iam_role.role: Creating...
aws_iam_role.role: Creation complete after 0s [id=role]
aws_iam_role_policy.allow-policy-2: Creating...
aws_iam_role_policy.allow-policy-1: Creating...
aws_iam_role_policy.allow-policy-1: Creation complete after 0s [id=role:allow-policy-1]
aws_iam_role_policy.allow-policy-2: Creation complete after 0s [id=role:allow-policy-2]

Apply complete! Resources: 3 added, 0 changed, 0 destroyed.

--- ERRORS ---",,64,311,3,0,1,"We need a Terraform template that creates an IAM role for EC2 to assume, and then attaches exactly two inline policies to that role: one granting permission to call iam:passrole on any resource, and another allowing both lambda:createfunction and any invoke action on Lambda functions.",39,"aws_iam_role, aws_iam_role_policy"
terrads_c70eab62ec74,Zenodo/TerraDS,iac_benchmark/scenarios/terrads_c70eab62ec74,True,True,0,0,0,0,0,True,"--- INIT LOG ---
Initializing provider plugins...
- Finding hashicorp/aws versions matching ""3.74.0""...
- Installing hashicorp/aws v3.74.0...
- Installed hashicorp/aws v3.74.0 (signed by HashiCorp)
Terraform has created a lock file .terraform.lock.hcl to record the provider
selections it made above. Include this file in your version control repository
so that Terraform can guarantee to make the same selections by default when
you run ""terraform init"" in the future.

Terraform has been successfully initialized!

You may now begin working with Terraform. Try running ""terraform plan"" to see
any changes that are required for your infrastructure. All Terraform commands
should now work.

If you ever set or change modules or backend configuration for Terraform,
rerun this command to reinitialize your working directory. If you forget, other
commands will detect it and remind you to do so if necessary.

--- APPLY LOG ---

No changes. Your infrastructure matches the configuration.

Terraform has compared your real infrastructure against your configuration
and found no differences, so no changes are needed.

Apply complete! Resources: 0 added, 0 changed, 0 destroyed.

--- ERRORS ---",,50,346,3,0,1,"We need a Terraform template that creates an EC2 instance in the first available availability zone using the latest Ubuntu 22.04 AMI, instance type t2.micro, with a public IP address and user data that installs Apache, and also creates a 10 GiB unencrypted EBS volume in the same availability zone and attaches it to the instance, where the template provisions a new subnet, security group, and key pair as part of the deployment.",40,"aws_ebs_volume, aws_instance, aws_volume_attachment"
terrads_cab079b29b84,Zenodo/TerraDS,iac_benchmark/scenarios/terrads_cab079b29b84,True,True,0,0,0,0,0,True,"--- INIT LOG ---
Initializing provider plugins...
- Finding latest version of hashicorp/aws...
- Installing hashicorp/aws v6.57.1...
- Installed hashicorp/aws v6.57.1 (signed by HashiCorp)
Terraform has created a lock file .terraform.lock.hcl to record the provider
selections it made above. Include this file in your version control repository
so that Terraform can guarantee to make the same selections by default when
you run ""terraform init"" in the future.

Terraform has been successfully initialized!

You may now begin working with Terraform. Try running ""terraform plan"" to see
any changes th

...[LOG TRUNCATED]...

ole\"",\""Effect\"":\""Allow\"",\""Principal\"":{\""Service\"":\""lambda.amazonaws.com\""}}],\""Version\"":\""2012-10-17\""}""
  ""create_date"" = ""2026-07-31T10:44:18Z""
  ""description"" = """"
  ""force_detach_policies"" = false
  ""id"" = ""terraform-32b80e641c3a24b6ddc9b6c0ad""
  ""inline_policy"" = toset([])
  ""managed_policy_arns"" = toset([])
  ""max_session_duration"" = 3600
  ""name"" = ""terraform-32b80e641c3a24b6ddc9b6c0ad""
  ""name_prefix"" = ""terraform-""
  ""path"" = ""/""
  ""permissions_boundary"" = """"
  ""tags"" = tomap(null) /* of string */
  ""tags_all"" = tomap({})
  ""unique_id"" = ""AROAQAAAAAAAIGSBNCQVV""
}

--- ERRORS ---",,45,334,3,0,1,We need a Terraform template that creates an IAM role for AWS Lambda with the necessary permissions to execute within a VPC and access Amazon Elastic File System (EFS).,41,"aws_iam_policy, aws_iam_policy_document, aws_iam_role, aws_iam_role_policy_attachment, aws_partition"
terrads_cf546c1f554b,Zenodo/TerraDS,iac_benchmark/scenarios/terrads_cf546c1f554b,True,True,0,0,0,0,0,True,"--- INIT LOG ---
Initializing provider plugins...
- Finding hashicorp/aws versions matching ""> 3.7.0""...
- Installing hashicorp/aws v6.55.0...
- Installed hashicorp/aws v6.55.0 (signed by HashiCorp)
Terraform has created a lock file .terraform.lock.hcl to record the provider
selections it made above. Include this file in your version control repository
so that Terraform can guarantee to make the same selections by default when
you run ""terraform init"" in the future.

Warning: Version constraints inside provider configuration blocks are deprecated

  on main.tf line 5, in provider ""aws"":
   5: 

...[LOG TRUNCATED]...

reation complete after 0s [id=1]
aws_elb.bar: Creation complete after 0s [id=defaultelb]

Warning: Version constraints inside provider configuration blocks are deprecated

  on main.tf line 5, in provider ""aws"":
   5:   version    = "">3.7""

Terraform 0.13 and earlier allowed provider version constraints inside the
provider configuration block, but that is now deprecated and will be removed
in a future version of Terraform. To silence this warning, move the provider
version constraint into the required_providers block.

Apply complete! Resources: 2 added, 0 changed, 0 destroyed.

--- ERRORS ---",,69,322,2,5,1,"We need a Terraform template that creates an IAM user and an Elastic Load Balancer in AWS, where the user's name is defined by a configurable variable, the load balancer uses configurable availability zones, idle timeout, and connection draining timeout, has connection draining enabled, and balances traffic across EC2 instances with a basic HTTP health check and cross-zone load balancing turned on.",42,"aws_elb, aws_iam_user"
terrads_d6b0179ef188,Zenodo/TerraDS,iac_benchmark/scenarios/terrads_d6b0179ef188,True,True,0,0,0,0,0,True,"--- INIT LOG ---
Initializing provider plugins...
- Finding latest version of hashicorp/aws...
- Installing hashicorp/aws v6.57.1...
- Installed hashicorp/aws v6.57.1 (signed by HashiCorp)
Terraform has created a lock file .terraform.lock.hcl to record the provider
selections it made above. Include this file in your version control repository
so that Terraform can guarantee to make the same selections by default when
you run ""terraform init"" in the future.

Terraform has been successfully initialized!

You may now begin working with Terraform. Try running ""terraform plan"" to see
any changes th

...[LOG TRUNCATED]...

tegration: Creating...
aws_api_gateway_method_response.rest_api_get_method_response_200: Creation complete after 0s [id=agmr-m9foffio3u-ajyfdo32hz-GET-200]
aws_api_gateway_integration.rest_api_get_method_integration: Creation complete after 0s [id=agi-m9foffio3u-ajyfdo32hz-GET]
aws_api_gateway_integration_response.rest_api_get_method_integration_response_200: Creating...
aws_api_gateway_integration_response.rest_api_get_method_integration_response_200: Creation complete after 0s [id=agir-m9foffio3u-ajyfdo32hz-GET-200]

Apply complete! Resources: 6 added, 0 changed, 0 destroyed.

--- ERRORS ---",,54,449,6,1,1,"We need a Terraform template that creates a REST API Gateway with a resource path ""movies"", a GET method, and a mock integration that returns a ""Hello from the movies API!"" response, with the API named ""terraform-api-gateway-example"".",43,"aws_api_gateway_integration, aws_api_gateway_integration_response, aws_api_gateway_method, aws_api_gateway_method_response, aws_api_gateway_resource, aws_api_gateway_rest_api"
terrads_daf8bd1e9f5c,Zenodo/TerraDS,iac_benchmark/scenarios/terrads_daf8bd1e9f5c,True,True,0,0,0,0,0,True,"--- INIT LOG ---
Initializing modules...
Downloading git::https://github.com/star3am/terraform-modules-library.git?ref=main for logs_bucket...
- logs_bucket in .terraform/modules/logs_bucket/terraform/aws/modules/terraform-aws-s3-bucket
Downloading git::https://github.com/star3am/terraform-modules-library.git?ref=main for transition_bucket...
- transition_bucket in .terraform/modules/transition_bucket/terraform/aws/modules/terraform-aws-s3-bucket
Initializing provider plugins...
- Finding hashicorp/aws versions matching "">= 5.27.0""...
- Finding hashicorp/random versions matching "">= 3.6.0""...


...[LOG TRUNCATED]...

provider documentation for
details.

(and one more similar warning elsewhere)

Warning: Attribute Deprecated

  with module.transition_bucket.aws_s3_bucket_lifecycle_configuration.this[0],
  on .terraform/modules/transition_bucket/terraform/aws/modules/terraform-aws-s3-bucket/main.tf line 258, in resource ""aws_s3_bucket_lifecycle_configuration"" ""this"":
 258:   expected_bucket_owner = var.expected_bucket_owner

This attribute will be removed in a future verion of the provider.

(and one more similar warning elsewhere)

Apply complete! Resources: 15 added, 0 changed, 0 destroyed.

--- ERRORS ---","NON-JSON OUTPUT:
",169,1215,1,0,1,"We need a Terraform template that creates an S3 bucket for use as a transition bucket for testing purposes, along with a separate logging bucket, both using server-side encryption with a customer-managed KMS key that has automatic key rotation enabled, where the transition bucket has versioning enabled and a lifecycle policy that transitions noncurrent versions to STANDARD_IA after 90 days, then to ONEZONE_IA after 180 days, then to GLACIER after 360 days, and expires them after 390 days, with both buckets configured to deny insecure transport, require the latest TLS, and enforce encryption policies, and the transition bucket must log access to the logging bucket using a partitioned prefix based on delivery time.",44,"aws_caller_identity, aws_kms_key"
terrads_de68dff47283,Zenodo/TerraDS,iac_benchmark/scenarios/terrads_de68dff47283,True,True,0,0,0,0,0,True,"--- INIT LOG ---
Initializing provider plugins...
- Finding latest version of hashicorp/tls...
- Finding latest version of hashicorp/random...
- Finding latest version of hashicorp/aws...
- Installing hashicorp/tls v4.3.0...
- Installed hashicorp/tls v4.3.0 (signed by HashiCorp)
- Installing hashicorp/random v3.9.0...
- Installed hashicorp/random v3.9.0 (signed by HashiCorp)
- Installing hashicorp/aws v6.56.0...
- Installed hashicorp/aws v6.56.0 (signed by HashiCorp)
Terraform has created a lock file .terraform.lock.hcl to record the provider
selections it made above. Include this file in your

...[LOG TRUNCATED]...

key: Creating...
random_pet.key_prefix: Creating...
random_pet.key_prefix: Creation complete after 0s [id=fair-wren]
tls_private_key.key: Creation complete after 1s [id=c2d47fd633841607004ed9a67382be47a0b68825]
aws_key_pair.key_pair: Creating...
aws_key_pair.key_pair: Provisioning with 'local-exec'...
aws_key_pair.key_pair (local-exec): (output suppressed due to sensitive value in config)
aws_key_pair.key_pair: Creation complete after 1s [id=key-fair-wren]

Apply complete! Resources: 3 added, 0 changed, 0 destroyed.

Outputs:

key_id = ""key-fair-wren""
key_name = ""key-fair-wren""

--- ERRORS ---",,33,205,1,1,1,"We need a Terraform template that creates an AWS key pair for SSH access, generating a new RSA 4096-bit private key, saving the private key to a .pem file in the parent directory with 600 permissions, and naming the key pair using a configurable prefix (default ""key"") followed by a random suffix, with outputs for the key name and ID.",45,aws_key_pair
terrads_e77efcb93a5f,Zenodo/TerraDS,iac_benchmark/scenarios/terrads_e77efcb93a5f,True,True,0,0,0,0,0,True,"--- INIT LOG ---
Initializing provider plugins...
- Finding latest version of hashicorp/aws...
- Installing hashicorp/aws v6.54.0...
- Installed hashicorp/aws v6.54.0 (signed by HashiCorp)
Terraform has created a lock file .terraform.lock.hcl to record the provider
selections it made above. Include this file in your version control repository
so that Terraform can guarantee to make the same selections by default when
you run ""terraform init"" in the future.

Terraform has been successfully initialized!

You may now begin working with Terraform. Try running ""terraform plan"" to see
any changes th

...[LOG TRUNCATED]...

 ""aws_s3_bucket"" ""inkaku_ink"":
   9: resource ""aws_s3_bucket"" ""inkaku_ink"" {

website is deprecated. Use the aws_s3_bucket_website_configuration resource
instead.

(and 8 more similar warnings elsewhere)

Warning: Deprecated attribute

  on i.tf line 43, in resource ""aws_route53_record"" ""inkaku_ink_root"":
  43:     name                   = ""${aws_s3_bucket.inkaku_ink.website_domain}""

The attribute ""website_domain"" is deprecated. Refer to the provider
documentation for details.

(and 3 more similar warnings elsewhere)

Apply complete! Resources: 3 added, 0 changed, 0 destroyed.

--- ERRORS ---",,48,286,3,0,1,"We need a Terraform template that creates a static website hosted on AWS S3 for the domain name ""inkaku.ink"", deployed in the ap-northeast-1 region, with the S3 bucket configured for public read access (including a bucket policy allowing all principals to get objects), website hosting enabled with index and error documents, and a Route53 hosted zone for the domain along with an alias A record pointing the root domain to the S3 bucket's website endpoint, ensuring the bucket is force-destroyable for testing purposes.",46,"aws_route53_record, aws_route53_zone, aws_s3_bucket"
terrads_eb7424763771,Zenodo/TerraDS,iac_benchmark/scenarios/terrads_eb7424763771,True,True,0,0,0,0,0,True,"--- INIT LOG ---
Initializing provider plugins...
- Finding latest version of hashicorp/local...
- Finding latest version of hashicorp/aws...
- Finding latest version of hashicorp/tls...
- Installing hashicorp/tls v4.3.0...
- Installed hashicorp/tls v4.3.0 (signed by HashiCorp)
- Installing hashicorp/local v2.9.0...
- Installed hashicorp/local v2.9.0 (signed by HashiCorp)
- Installing hashicorp/aws v6.57.0...
- Installed hashicorp/aws v6.57.0 (signed by HashiCorp)
Terraform has created a lock file .terraform.lock.hcl to record the provider
selections it made above. Include this file in your ve

...[LOG TRUNCATED]...

fter 0s [id=9bd84427cb3347cb5ee64b4b9a8287155f6949c4]
local_file.pub_key_on_disk[0]: Creation complete after 0s [id=ff712891889ae73bf486568276ea5ca1fa949966]

Warning: Attribute Deprecated

  with local_file.priv_key_on_disk[0],
  on main.tf line 23, in resource ""local_file"" ""priv_key_on_disk"":
  23:   sensitive_content = local.private_key

Use the `local_sensitive_file` resource instead

(and one more similar warning elsewhere)

Apply complete! Resources: 3 added, 0 changed, 0 destroyed.

Outputs:

aws_key_id = """"
fingerprint = ""bf:20:1f:dc:f2:66:9c:a0:cc:43:41:d2:72:44:7f:1b""

--- ERRORS ---",,60,392,1,2,1,"We need a Terraform template that creates an ECDSA P384 SSH key pair, saves the private and public keys to local files in the user's home SSH directory (specifically ~/.ssh/priv-key.pem and ~/.ssh/pub-key.pem), and optionally creates an AWS key pair named ""some-key"" from the generated public key when requested. The template should have an overall enable flag to turn all resources on or off, and a separate flag to control whether the AWS key pair is created. It should also output the key fingerprint and the AWS key pair ID when applicable.",47,aws_key_pair
terrads_f455759ec10b,Zenodo/TerraDS,iac_benchmark/scenarios/terrads_f455759ec10b,True,True,0,0,0,0,0,True,"--- INIT LOG ---
Initializing provider plugins...
- Finding latest version of hashicorp/aws...
- Installing hashicorp/aws v6.55.0...
- Installed hashicorp/aws v6.55.0 (signed by HashiCorp)
Terraform has created a lock file .terraform.lock.hcl to record the provider
selections it made above. Include this file in your version control repository
so that Terraform can guarantee to make the same selections by default when
you run ""terraform init"" in the future.

Terraform has been successfully initialized!

You may now begin working with Terraform. Try running ""terraform plan"" to see
any changes th

...[LOG TRUNCATED]...

             + Version   = ""2012-10-17""
            }
        )
      + region                             = ""us-east-1""
      + rotation_period_in_days            = (known after apply)
      + tags_all                           = (known after apply)
    }

Plan: 2 to add, 0 to change, 0 to destroy.
aws_kms_key.foo_kms: Creating...
aws_kms_key.foo_kms: Creation complete after 5s [id=eaa91683-8fb3-433d-9639-8659eff65ba1]
aws_kms_alias.foo_kms: Creating...
aws_kms_alias.foo_kms: Creation complete after 0s [id=alias/bar]

Apply complete! Resources: 2 added, 0 changed, 0 destroyed.

--- ERRORS ---",,42,231,2,0,1,"We need a Terraform template that creates a symmetric KMS key for encryption and decryption, with a deletion window of 10 days, key rotation disabled, and a permissive policy allowing all actions to all principals for testing purposes, along with an alias named ""alias/bar"".",48,"aws_caller_identity, aws_kms_alias, aws_kms_key"
terrads_f4a7220aad2b,Zenodo/TerraDS,iac_benchmark/scenarios/terrads_f4a7220aad2b,True,True,0,0,0,0,0,True,"--- INIT LOG ---
Initializing provider plugins...
- Finding latest version of hashicorp/aws...
- Installing hashicorp/aws v6.55.0...
- Installed hashicorp/aws v6.55.0 (signed by HashiCorp)
Terraform has created a lock file .terraform.lock.hcl to record the provider
selections it made above. Include this file in your version control repository
so that Terraform can guarantee to make the same selections by default when
you run ""terraform init"" in the future.

Terraform has been successfully initialized!

You may now begin working with Terraform. Try running ""terraform plan"" to see
any changes th

...[LOG TRUNCATED]...

    }

Plan: 4 to add, 0 to change, 0 to destroy.
aws_vpc.vpc: Creating...
aws_vpc.vpc: Creation complete after 0s [id=vpc-6b18ae01ad92aff28]
aws_subnet.subnet: Creating...
aws_security_group.default: Creating...
aws_subnet.subnet: Creation complete after 0s [id=subnet-d5b91e7de2eba3206]
aws_security_group.default: Creation complete after 0s [id=sg-a7dd0958302ec519c]
aws_instance.ec2: Creating...
aws_instance.ec2: Still creating... [00m10s elapsed]
aws_instance.ec2: Creation complete after 10s [id=i-8f69775c627d433db]

Apply complete! Resources: 4 added, 0 changed, 0 destroyed.

--- ERRORS ---",,70,387,4,0,1,"We need a Terraform template that creates a VPC with a CIDR block of 10.0.0.0/24, a single subnet matching that same CIDR, a security group named ""examplerulename"" that allows HTTPS inbound traffic from within the VPC, and an EC2 instance of type t2.micro using the latest official Ubuntu LTS AMI from Canonical.",49,"aws_ami, aws_instance, aws_security_group, aws_subnet, aws_vpc"
terrads_f51ca0665671,Zenodo/TerraDS,iac_benchmark/scenarios/terrads_f51ca0665671,True,True,0,0,0,0,0,True,"--- INIT LOG ---
Initializing provider plugins...
- Finding latest version of hashicorp/aws...
- Installing hashicorp/aws v6.57.1...
- Installed hashicorp/aws v6.57.1 (signed by HashiCorp)
Terraform has created a lock file .terraform.lock.hcl to record the provider
selections it made above. Include this file in your version control repository
so that Terraform can guarantee to make the same selections by default when
you run ""terraform init"" in the future.

Terraform has been successfully initialized!

You may now begin working with Terraform. Try running ""terraform plan"" to see
any changes th

...[LOG TRUNCATED]...

        + Sid       = ""ExampleStatement01""
                    },
                ]
              + Version   = ""2012-10-17""
            }
        )
      + region                             = ""us-east-1""
    }

Plan: 2 to add, 0 to change, 0 to destroy.
aws_efs_file_system.not_secure: Creating...
aws_efs_file_system.not_secure: Creation complete after 5s [id=fs-0e33afc7]
aws_efs_file_system_policy.not_secure_policy: Creating...
aws_efs_file_system_policy.not_secure_policy: Creation complete after 0s [id=fs-0e33afc7]

Apply complete! Resources: 2 added, 0 changed, 0 destroyed.

--- ERRORS ---",,34,168,2,0,1,"We need a Terraform template that creates an EFS file system with creation token ""efs-not-secure"" and tag Name ""NotSecure"", and attaches a resource-based policy that allows all elasticfilesystem actions from any AWS principal.",50,"aws_efs_file_system, aws_efs_file_system_policy"
gh_0897548a,Tianyi2/IRIS,iac_benchmark/scenarios/gh_0897548a,True,True,0,0,0,0,0,True,"--- INIT LOG ---
Initializing provider plugins...
- Finding latest version of hashicorp/aws...
- Installing hashicorp/aws v6.52.0...
- Installed hashicorp/aws v6.52.0 (signed by HashiCorp)
Terraform has created a lock file .terraform.lock.hcl to record the provider
selections it made above. Include this file in your version control repository
so that Terraform can guarantee to make the same selections by default when
you run ""terraform init"" in the future.

Terraform has been successfully initialized!

You may now begin working with Terraform. Try running ""terraform plan"" to see
any changes that are required for your infrastructure. All Terraform commands
should now work.

If you ever set or change modules or backend configuration for Terraform,
rerun this command to reinitialize your working directory. If you forget, other
commands will detect it and remind you to do so if necessary.

--- APPLY LOG ---

Terraform used the selected providers to generate the following execution
plan. Resource actions are indicated with the following symbols:
  + create

Terraform will perform the following actions:

  # aws_cloudwatch_metric_alarm.anomaly_detection will be created
  + resource ""aws_cloudwatch_metric_alarm"" ""anomaly_detection"" {
      + actions_enabled                       = true
      + alarm_description                     = ""This metric monitors ec2 cpu utilization""
      + alarm_name                            = ""terraform-test-foobar""
      + arn                          

...[LOG TRUNCATED]...

                                = (known after apply)
      + comparison_operator                   = ""GreaterThanOrEqualToThreshold""
      + evaluate_low_sample_count_percentiles = (known after apply)
      + evaluation_periods                    = 2
      + id                                    = (known after apply)
      + metric_name                           = ""CPUUtilization""
      + namespace                             = ""AWS/EC2""
      + period                                = 120
      + region                                = ""us-east-1""
      + statistic                             = ""Average""
      + tags_all                              = (known after apply)
      + threshold                             = 80
      + treat_missing_data                    = ""missing""
    }

Plan: 4 to add, 0 to change, 0 to destroy.
aws_cloudwatch_metric_alarm.standard: Creating...
aws_cloudwatch_metric_alarm.high: Creating...
aws_cloudwatch_metric_alarm.expression: Creating...
aws_cloudwatch_metric_alarm.anomaly_detection: Creating...
aws_cloudwatch_metric_alarm.standard: Creation complete after 0s [id=terraform-test-alarm]
aws_cloudwatch_metric_alarm.high: Creation complete after 0s [id=terraform-test-alarm]
aws_cloudwatch_metric_alarm.anomaly_detection: Creation complete after 0s [id=terraform-test-foobar]
aws_cloudwatch_metric_alarm.expression: Creation complete after 0s [id=terraform-test-expression]

Apply complete! Resources: 4 added, 0 changed, 0 destroyed.

--- ERRORS ---",,114,719,4,0,2,"We need a Terraform template that creates multiple CloudWatch metric alarms for testing purposes, including a standard CPU utilization alarm named ""terraform-test-alarm"" using the Average statistic with a threshold of 80% using a GreaterThanOrEqualToThreshold comparison over two evaluation periods at 120-second intervals, a high-frequency CPU alarm using the same name and Average statistic but with a single evaluation period of 10 seconds and a threshold of 80% using the same comparison, an expression-based alarm named ""terraform-test-expression"" that calculates an error rate from Application Load Balancer metrics (RequestCount and HTTPCode_ELB_5XX_Count) using the Sum statistic and Count unit with a LoadBalancer dimension of ""app/web"" for both metric queries at 120-second periods and triggers when the percentage is greater than or equal to 10% over two periods, and an anomaly detection alarm named ""terraform-test-foobar"" that uses the ANOMALY_DETECTION_BAND function on CPUUtilization for a single EC2 instance that the template itself provisions with a known instance ID, using the Average statistic and Count unit with a period of 30 seconds and a GreaterThanUpperThreshold comparison.",51,aws_cloudwatch_metric_alarm
gh_189e2168,Tianyi2/IRIS,iac_benchmark/scenarios/gh_189e2168,True,True,0,0,0,0,0,True,"--- INIT LOG ---
Initializing provider plugins...
- Finding hashicorp/aws versions matching ""~> 6.0""...
- Installing hashicorp/aws v6.53.0...
- Installed hashicorp/aws v6.53.0 (signed by HashiCorp)
Terraform has created a lock file .terraform.lock.hcl to record the provider
selections it made above. Include this file in your version control repository
so that Terraform can guarantee to make the same selections by default when
you run ""terraform init"" in the future.

Terraform has been successfully initialized!

You may now begin working with Terraform. Try running ""terraform plan"" to see
any c

...[LOG TRUNCATED]...

000000000000:policy/grafana]
aws_iam_role.this: Creation complete after 0s [id=grafana]
aws_iam_role_policy_attachment.grafana: Creating...
aws_iam_role_policy_attachment.cloudwatch: Creating...
aws_iam_role_policy_attachment.cloudwatch: Creation complete after 0s [id=grafana/arn:aws:iam::aws:policy/service-role/AmazonGrafanaCloudWatchAccess]
aws_iam_role_policy_attachment.grafana: Creation complete after 0s [id=grafana/arn:aws:iam::000000000000:policy/grafana]

Apply complete! Resources: 4 added, 0 changed, 0 destroyed.

Outputs:

arn = ""arn:aws:iam::000000000000:role/grafana""

--- ERRORS ---","NON-JSON OUTPUT:
",118,704,4,4,2,"We need a Terraform template that creates a new IAM role and customer-managed IAM policy for an Amazon Managed Grafana workspace, grants the role permissions to query metrics from Amazon Prometheus, attaches both the custom policy and the AWS-managed AmazonGrafanaCloudWatchAccess policy to the role, and tags the role with a key named grafana.workspace.<workspace_name> = true, with the role name and workspace name configurable via variables and the trust policy restricted to a configurable list of AWS account IDs defaulting to the current account; the trust policy must require that workspace-name tag on the role before allowing those accounts to assume it.",52,"aws_caller_identity, aws_iam_policy, aws_iam_policy_document, aws_iam_role, aws_iam_role_policy_attachment"
gh_209bf4fc,Tianyi2/IRIS,iac_benchmark/scenarios/gh_209bf4fc,True,True,0,0,0,0,0,True,"--- INIT LOG ---
Initializing provider plugins...
- Finding latest version of hashicorp/aws...
- Installing hashicorp/aws v6.54.0...
- Installed hashicorp/aws v6.54.0 (signed by HashiCorp)
Terraform has created a lock file .terraform.lock.hcl to record the provider
selections it made above. Include this file in your version control repository
so that Terraform can guarantee to make the same selections by default when
you run ""terraform init"" in the future.

Terraform has been successfully initialized!

You may now begin working with Terraform. Try running ""terraform plan"" to see
any changes th

...[LOG TRUNCATED]...

d=arn:aws:sns:us-east-1:000000000000:user-updates-topic]
data.aws_iam_policy_document.sns_topic_policy: Reading...
data.aws_iam_policy_document.sns_topic_policy: Read complete after 0s [id=1804280135]
aws_sns_topic_policy.default2: Creating...
aws_sns_topic_policy.default: Creating...
aws_sns_topic_policy.default: Creation complete after 0s [id=arn:aws:sns:us-east-1:000000000000:my-topic-with-policy]
aws_sns_topic_policy.default2: Creation complete after 0s [id=arn:aws:sns:us-east-1:000000000000:my-topic-with-policy2]

Apply complete! Resources: 5 added, 0 changed, 0 destroyed.

--- ERRORS ---",,84,469,5,0,2,"We need a Terraform template that creates three SNS topics in the us-east-1 region: two topics named 'my-topic-with-policy' and 'my-topic-with-policy2' that share a common policy document allowing all SNS actions from any principal but with a condition using StringEquals on AWS:SourceOwner with an empty list of allowed values, and a third topic named 'user-updates-topic' with a custom delivery policy for HTTP retries that specifies linear backoff with a fixed 20-second delay and three retries, where the shared policy document should be defined as a reusable data source.",53,"aws_iam_policy_document, aws_sns_topic, aws_sns_topic_policy"
gh_24ad618c,Tianyi2/IRIS,iac_benchmark/scenarios/gh_24ad618c,True,True,0,0,0,0,0,True,"--- INIT LOG ---
Initializing provider plugins...
- Finding latest version of hashicorp/aws...
- Installing hashicorp/aws v6.57.1...
- Installed hashicorp/aws v6.57.1 (signed by HashiCorp)
Terraform has created a lock file .terraform.lock.hcl to record the provider
selections it made above. Include this file in your version control repository
so that Terraform can guarantee to make the same selections by default when
you run ""terraform init"" in the future.

Terraform has been successfully initialized!

You may now begin working with Terraform. Try running ""terraform plan"" to see
any changes th

...[LOG TRUNCATED]...

teway_integration_response.integration_response: Creating...
aws_api_gateway_integration_response.integration_response: Creation complete after 0s [id=agir-j7dwsviaap-j8j5d00qg5-POST-200]

Warning: Deprecated attribute

  on main.tf line 27, in resource ""aws_api_gateway_integration"" ""integration"":
  27:   uri                     = ""arn:aws:apigateway:${data.aws_region.current.name}:sns:path//""

The attribute ""name"" is deprecated. Refer to the provider documentation for
details.

(and 3 more similar warnings elsewhere)

Apply complete! Resources: 9 added, 0 changed, 0 destroyed.

--- ERRORS ---",,99,676,9,0,2,"We need a Terraform template that creates an API Gateway REST API with a single POST resource at '/ingest' that integrates directly with a new SNS topic using an AWS integration type, where the integration uses a request mapping template to transform incoming JSON into an SNS Publish action with the topic ARN URL-encoded and the request body as the message, sets the Content-Type header to application/x-www-form-urlencoded, and configures a 200 method response with an integration response that returns a JSON status message, along with a new IAM role that allows API Gateway to assume the role and perform SNS:Publish on the topic.",54,"aws_api_gateway_integration, aws_api_gateway_integration_response, aws_api_gateway_method, aws_api_gateway_method_response, aws_api_gateway_resource, aws_api_gateway_rest_api, aws_iam_policy_document, aws_iam_role, aws_iam_role_policy, aws_region, aws_sns_topic"
gh_45acd642,Tianyi2/IRIS,iac_benchmark/scenarios/gh_45acd642,True,True,0,0,0,0,0,True,"--- INIT LOG ---
Initializing provider plugins...
- Finding latest version of hashicorp/aws...
- Installing hashicorp/aws v6.56.0...
- Installed hashicorp/aws v6.56.0 (signed by HashiCorp)
Terraform has created a lock file .terraform.lock.hcl to record the provider
selections it made above. Include this file in your version control repository
so that Terraform can guarantee to make the same selections by default when
you run ""terraform init"" in the future.

Terraform has been successfully initialized!

You may now begin working with Terraform. Try running ""terraform plan"" to see
any changes th

...[LOG TRUNCATED]...

e_id       = """"
  + cloudformation_stack_set_instance_stack_id = """"
  + cloudformation_stack_set_stack_set_id      = """"

You can apply this plan to save these new output values to the Terraform
state, without changing any real infrastructure.

Apply complete! Resources: 0 added, 0 changed, 0 destroyed.

Outputs:

cloudformation_stack_id = """"
cloudformation_stack_outputs = [
  """",
]
cloudformation_stack_set_arn = """"
cloudformation_stack_set_id = """"
cloudformation_stack_set_instance_id = """"
cloudformation_stack_set_instance_stack_id = """"
cloudformation_stack_set_stack_set_id = """"

--- ERRORS ---",,341,2713,3,33,2,"We need a Terraform template that creates AWS CloudFormation stacks, stack sets, and instances of stack sets, each optionally enabled via a boolean variable, with mandatory non-empty names generated from a provided name and environment prefix if not explicitly given, and for stack sets the template must accept an administration role ARN as a configurable variable, while also requiring a region variable for stack set instances; the template should allow configuration of template body or URL, capabilities, IAM roles, timeouts, parameters, and other standard CloudFormation settings, and output the stack ID and outputs, stack set ID and ARN, and stack set instance ID and stack ID.",55,"aws_cloudformation_stack, aws_cloudformation_stack_set, aws_cloudformation_stack_set_instance"
gh_4e5f2e8f,Tianyi2/IRIS,iac_benchmark/scenarios/gh_4e5f2e8f,True,True,0,0,0,0,0,True,"--- INIT LOG ---
Initializing provider plugins...
- Finding latest version of hashicorp/aws...
- Installing hashicorp/aws v6.54.0...
- Installed hashicorp/aws v6.54.0 (signed by HashiCorp)
Terraform has created a lock file .terraform.lock.hcl to record the provider
selections it made above. Include this file in your version control repository
so that Terraform can guarantee to make the same selections by default when
you run ""terraform init"" in the future.

Terraform has been successfully initialized!

You may now begin working with Terraform. Try running ""terraform plan"" to see
any changes th

...[LOG TRUNCATED]...

l detect it and remind you to do so if necessary.

--- APPLY LOG ---

Changes to Outputs:
  + xray_encryption_config_id = """"
  + xray_group_arn            = """"
  + xray_group_id             = """"
  + xray_sampling_rule_arn    = """"
  + xray_sampling_rule_id     = """"

You can apply this plan to save these new output values to the Terraform
state, without changing any real infrastructure.

Apply complete! Resources: 0 added, 0 changed, 0 destroyed.

Outputs:

xray_encryption_config_id = """"
xray_group_arn = """"
xray_group_id = """"
xray_sampling_rule_arn = """"
xray_sampling_rule_id = """"

--- ERRORS ---",,239,1605,3,22,2,"We need a Terraform template that creates an AWS X-Ray sampling rule, encryption config, and group for testing purposes, with each resource having a conditional flag to control its creation (defaulting to disabled) and names that default to a combination of a lowercase prefix based on the name and environment variables (defaulting to ""TEST"" and ""STAGE"" respectively), where the sampling rule uses a priority of 1000, version 1, reservoir size of 1, fixed rate of 0.05, and wildcard values for URL path, host, HTTP method, service type, service name, and resource ARN, the encryption config defaults to type ""NONE"", and the group requires a filter expression to be provided.",56,"aws_xray_encryption_config, aws_xray_group, aws_xray_sampling_rule"
gh_5adca94f,Tianyi2/IRIS,iac_benchmark/scenarios/gh_5adca94f,True,True,0,0,0,0,0,True,"--- INIT LOG ---
Initializing provider plugins...
- Finding latest version of hashicorp/aws...
- Installing hashicorp/aws v6.53.0...
- Installed hashicorp/aws v6.53.0 (signed by HashiCorp)
Terraform has created a lock file .terraform.lock.hcl to record the provider
selections it made above. Include this file in your version control repository
so that Terraform can guarantee to make the same selections by default when
you run ""terraform init"" in the future.

Terraform has been successfully initialized!

You may now begin working with Terraform. Try running ""terraform plan"" to see
any changes th

...[LOG TRUNCATED]...

3cc7d57ac1]
aws_route_table.private-rtb: Creation complete after 0s [id=rtb-1e02bc1dd724f950e]
aws_security_group.allow-public-outbound-sg: Creation complete after 0s [id=sg-0b8405c1cce9a56dd]
aws_instance.test: Creating...
aws_vpc_endpoint.dynamodb-vpce-gw: Creation complete after 5s [id=vpce-84a8cb21dbcf923ae]
aws_dynamodb_table.basic-dynamodb-table: Creation complete after 6s [id=GameScores]
aws_instance.test: Still creating... [00m10s elapsed]
aws_instance.test: Creation complete after 10s [id=i-49ac5528b54cb1cc5]

Apply complete! Resources: 8 added, 0 changed, 0 destroyed.

--- ERRORS ---",,108,664,8,0,2,"We need a Terraform template that creates a VPC with CIDR 192.168.100.0/24, a private subnet with CIDR 192.168.100.128/25, a route table, a VPC gateway endpoint for DynamoDB, a network ACL associated with the private subnet that allows outbound HTTPS traffic to the CIDR block 3.218.183.128/25, a security group with the same egress rule, an EC2 instance using the latest Ubuntu 16.04 AMI (t2.micro) placed in the private subnet with that security group, and a DynamoDB table named 'GameScores' with hash key 'UserId' and range key 'GameTitle' both of type string, using provisioned capacity of 5 read and 5 write.",57,"aws_ami, aws_dynamodb_table, aws_instance, aws_network_acl, aws_route_table, aws_security_group, aws_subnet, aws_vpc, aws_vpc_endpoint"
gh_64b06b2d,Tianyi2/IRIS,iac_benchmark/scenarios/gh_64b06b2d,True,True,0,0,0,0,0,True,"--- INIT LOG ---
Initializing provider plugins...
- Finding latest version of hashicorp/aws...
- Installing hashicorp/aws v6.55.0...
- Installed hashicorp/aws v6.55.0 (signed by HashiCorp)
Terraform has created a lock file .terraform.lock.hcl to record the provider
selections it made above. Include this file in your version control repository
so that Terraform can guarantee to make the same selections by default when
you run ""terraform init"" in the future.

Terraform has been successfully initialized!

You may now begin working with Terraform. Try running ""terraform plan"" to see
any changes th

...[LOG TRUNCATED]...

uts:

workspaces_directory_alias = """"
workspaces_directory_customer_user_name = """"
workspaces_directory_directory_name = """"
workspaces_directory_directory_type = """"
workspaces_directory_dns_ip_addresses = [
  """",
]
workspaces_directory_iam_role_id = """"
workspaces_directory_id = """"
workspaces_directory_ip_group_ids = """"
workspaces_directory_registration_code = """"
workspaces_directory_workspace_security_group_id = """"
workspaces_ip_group_id = """"
workspaces_workspace_computer_name = """"
workspaces_workspace_id = """"
workspaces_workspace_ip_address = """"
workspaces_workspace_state = """"

--- ERRORS ---",,374,2859,3,25,2,"We need a Terraform template that creates a complete AWS WorkSpaces environment for testing, including a directory registered from a list of directory IDs provided as an input variable (with at least one required), an optional IP access control group with configurable CIDR rules and descriptions, and a single WorkSpace instance using a required bundle ID and user name supplied as input variables, where the directory, IP group, and workspace are each conditionally created based on separate enable flags, the workspace can reference the directory created in the same stack or accept an external directory ID, an optional KMS key can be provided as input for root and user volume encryption, and the template includes outputs for directory ID, registration code, workspace ID, IP address, and related identifiers, with default resource naming using the prefix ""TEST"" and environment ""STAGE"".",58,"aws_workspaces_directory, aws_workspaces_ip_group, aws_workspaces_workspace"
gh_7eb1ca31,Tianyi2/IRIS,iac_benchmark/scenarios/gh_7eb1ca31,True,True,0,0,0,0,0,True,"NON-JSON OUTPUT:
","--- INIT LOG ---
Initializing provider plugins...
- Finding latest version of hashicorp/aws...
- Installing hashicorp/aws v6.52.0...
- Installed hashicorp/aws v6.52.0 (signed by HashiCorp)
Terraform has created a lock file .terraform.lock.hcl to record the provider
selections it made above. Include this file in your version control repository
so that Terraform can guarantee to make the same selections by default when
you run ""terraform init"" in the future.

Terraform has been successfully initialized!

You may now begin working with Terraform. Try running ""terraform plan"" to see
any changes th

...[LOG TRUNCATED]...

r_side_encryption_configuration.default: Creation complete after 0s [id=tungleo-terraform-state-s3]
aws_s3_bucket_public_access_block.public_access: Creation complete after 0s [id=tungleo-terraform-state-s3]
aws_s3_bucket_versioning.enabled: Creation complete after 2s [id=tungleo-terraform-state-s3]
aws_dynamodb_table.terraform_locks: Creation complete after 7s [id=terraform-up-and-running-locks]

Apply complete! Resources: 5 added, 0 changed, 0 destroyed.

Outputs:

dynamodb_table_name = ""terraform-up-and-running-locks""
s3_bucket_arn = ""arn:aws:s3:::tungleo-terraform-state-s3""

--- ERRORS ---",87,540,5,2,2,"We need a Terraform template that creates an S3 bucket and a DynamoDB table for Terraform state management, including state locking, with appropriate security settings such as encryption, versioning, and public access blocking, and the bucket should be force-destroyable for testing purposes, using the default bucket name ""tungleo-terraform-state-s3"" and table name ""terraform-up-and-running-locks"" as variable defaults.",59,"aws_dynamodb_table, aws_s3_bucket, aws_s3_bucket_public_access_block, aws_s3_bucket_server_side_encryption_configuration, aws_s3_bucket_versioning"
gh_92c96bde,Tianyi2/IRIS,iac_benchmark/scenarios/gh_92c96bde,True,True,1,7,2,2,0,True,"--- INIT LOG ---
Initializing provider plugins...
- Finding latest version of hashicorp/aws...
- Installing hashicorp/aws v6.51.0...
- Installed hashicorp/aws v6.51.0 (signed by HashiCorp)
Terraform has created a lock file .terraform.lock.hcl to record the provider
selections it made above. Include this file in your version control repository
so that Terraform can guarantee to make the same selections by default when
you run ""terraform init"" in the future.

Terraform has been successfully initialized!

You may now begin working with Terraform. Try running ""terraform plan"" to see
any changes that are required for your infrastructure. All Terraform commands
should now work.

If you ever set or change modules or backend configuration for Terraform,
rerun this command to reinitialize your working directory. If you forget, other
commands will detect it and remind you to do so if necessary.

--- APPLY LOG ---

Terraform used the selected providers to generate the following execution
plan. Resource actions are indicated with the following symbols:
  + create

Terraform will perform the following actions:

  # aws_cloudfront_distribution.access will be created
  + resource ""aws_cloudfront_distribution"" ""access"" {
      + aliases                         = [
          + null,
        ]
      + arn                             = (known after apply)
      + caller_reference                = (known after apply)
      + continuous_deployment_policy_id = (known after apply)
      + default_r

...[LOG TRUNCATED]...

figuration (known after apply)

      + replication_configuration (known after apply)

      + server_side_encryption_configuration (known after apply)

      + versioning (known after apply)

      + website {
          + error_document = ""index.html""
          + index_document = ""index.html""
        }
    }

Plan: 2 to add, 0 to change, 0 to destroy.
aws_s3_bucket.access: Creating...
aws_s3_bucket.access: Creation complete after 1s [id=terraform-20260623155802232400000001]
aws_cloudfront_distribution.access: Creating...
aws_cloudfront_distribution.access: Still creating... [00m10s elapsed]
aws_cloudfront_distribution.access: Still creating... [00m20s elapsed]
aws_cloudfront_distribution.access: Still creating... [00m30s elapsed]
aws_cloudfront_distribution.access: Creation complete after 30s [id=4290885c]

Warning: Argument is deprecated

  with aws_s3_bucket.access,
  on cloud.tf line 1, in resource ""aws_s3_bucket"" ""access"":
   1: resource ""aws_s3_bucket"" ""access"" {

website is deprecated. Use the aws_s3_bucket_website_configuration resource
instead.

(and 8 more similar warnings elsewhere)

Warning: Deprecated attribute

  on cloud.tf line 23, in resource ""aws_cloudfront_distribution"" ""access"":
  23:     domain_name = ""${aws_s3_bucket.access.website_endpoint}""

The attribute ""website_endpoint"" is deprecated. Refer to the provider
documentation for details.

(and 3 more similar warnings elsewhere)

Apply complete! Resources: 2 added, 0 changed, 0 destroyed.

--- ERRORS ---",,85,472,2,2,2,"We need a Terraform template that creates an S3 bucket with public-read ACL configured as a static website with CORS allowing all origins and PUT/POST methods, serving index.html as both the index and error document, then places it behind a CloudFront distribution for production use that supports IPv6, uses price class 200, and serves the site on a custom domain, where the distribution uses the S3 website endpoint as a custom origin with an HTTP-only origin protocol policy, sets index.html as the default root object, allows all viewer methods while caching only GET and HEAD, forwards no query strings or cookies, uses a viewer protocol policy of allow-all, applies TTLs of 0 minimum, 3600 default, and 86400 maximum, includes no geo restriction, and the template must also create a new ACM certificate and a new Route 53 hosted zone with a record for the custom domain to enable HTTPS with sni-only SSL support.",60,"aws_cloudfront_distribution, aws_s3_bucket"
gh_f0292125,Tianyi2/IRIS,iac_benchmark/scenarios/gh_f0292125,True,True,0,0,0,0,0,True,"--- INIT LOG ---
Initializing provider plugins...
- Finding latest version of hashicorp/aws...
- Installing hashicorp/aws v6.51.0...
- Installed hashicorp/aws v6.51.0 (signed by HashiCorp)
Terraform has created a lock file .terraform.lock.hcl to record the provider
selections it made above. Include this file in your version control repository
so that Terraform can guarantee to make the same selections by default when
you run ""terraform init"" in the future.

Terraform has been successfully initialized!

You may now begin working with Terraform. Try running ""terraform plan"" to see
any changes that are required for your infrastructure. All Terraform commands
should now work.

If you ever set or change modules or backend configuration for Terraform,
rerun this command to reinitialize your working directory. If you forget, other
commands will detect it and remind you to do so if necessary.

--- APPLY LOG ---

Changes to Outputs:
  + appautoscaling_policy_arn           = """"
  + appautoscaling_policy_id            = """"
  + appautoscaling_policy_name          = """"
  + appautoscaling_policy_policy_type   = """"
  + appautoscaling_scheduled_action_arn = """"
  + appautoscaling_scheduled_action_id  = """"
  + appautoscaling_target_id            = """"

You can apply this plan to save these new output values to the Terraform
state, without changing any real infrastructure.

Apply complete! Resources: 0 added, 0 changed, 0 destroyed.

Outputs:

appautoscaling_policy_arn = """"
appautoscaling_policy_id = """"
appautoscaling_policy_name = """"
appautoscaling_policy_policy_type = """"
appautoscaling_scheduled_action_arn = """"
appautoscaling_scheduled_action_id = """"
appautoscaling_target_id = """"

--- ERRORS ---",,353,3245,3,27,2,"We need a Terraform template that creates AWS Application Auto Scaling resources, including a scalable target, scaling policies (both step scaling and target tracking scaling), and scheduled actions. The template should allow enabling or disabling each of these components independently via boolean variables, and should use a consistent naming convention based on a provided name and environment prefix. It should support both step and target tracking policy configurations with customizable metrics, adjustments, and cooldowns. The scheduled action should support cron or rate expressions and specify min/max capacity changes. The template should also output relevant IDs, ARNs, and names for the created resources. All resources should be created with a create-before-destroy lifecycle and should be fully configurable via variables for capacities, resource IDs, scalable dimensions, and service namespaces.",61,"aws_appautoscaling_policy, aws_appautoscaling_scheduled_action, aws_appautoscaling_target"
gh_f397acca,Tianyi2/IRIS,iac_benchmark/scenarios/gh_f397acca,True,True,0,0,2,0,0,True,"--- INIT LOG ---
Initializing provider plugins...
- Finding latest version of hashicorp/aws...
- Installing hashicorp/aws v6.51.0...
- Installed hashicorp/aws v6.51.0 (signed by HashiCorp)
Terraform has created a lock file .terraform.lock.hcl to record the provider
selections it made above. Include this file in your version control repository
so that Terraform can guarantee to make the same selections by default when
you run ""terraform init"" in the future.

Terraform has been successfully initialized!

You may now begin working with Terraform. Try running ""terraform plan"" to see
any changes that are required for your infrastructure. All Terraform commands
should now work.

If you ever set or change modules or backend configuration for Terraform,
rerun this command to reinitialize your working directory. If you forget, other
commands will detect it and remind you to do so if necessary.

--- APPLY LOG ---

Terraform used the selected providers to generate the following execution
plan. Resource actions are indicated with the following symbols:
  + create

Terraform will perform the following actions:

  # aws_route_table.peer[0] will be created
  + resource ""aws_route_table"" ""peer"" {
      + arn              = (known after apply)
      + id               = (known after apply)
      + owner_id         = (known after apply)
      + propagating_vgws = (known after apply)
      + region           = ""ap-southeast-2""
      + route            = (known after apply)
      + tags         

...[LOG TRUNCATED]...

e.peer[0]: Creating...
aws_route_table.this[2]: Creating...
aws_route_table.peer[2]: Creating...
aws_subnet.peer[1]: Creating...
aws_route_table.this[1]: Creating...
aws_route_table.peer[1]: Creating...
aws_subnet.peer[0]: Creating...
aws_subnet.this[2]: Creating...
aws_subnet.peer[2]: Creating...
aws_subnet.this[0]: Creating...
aws_subnet.peer[1]: Creation complete after 0s [id=subnet-c473c4618d268fc06]
aws_subnet.peer[0]: Creation complete after 0s [id=subnet-77840f9b0f8039efc]
aws_subnet.this[2]: Creation complete after 0s [id=subnet-20fe9c113ddafcbf3]
aws_subnet.this[1]: Creating...
aws_subnet.this[0]: Creation complete after 0s [id=subnet-99c90b606629758da]
aws_route_table.this[0]: Creating...
aws_subnet.peer[2]: Creation complete after 0s [id=subnet-29311f31942829ff9]
aws_subnet.this[1]: Creation complete after 0s [id=subnet-63c86d7d4219df166]
aws_route_table.this[2]: Creation complete after 0s [id=rtb-678888a3dc4e229ae]
aws_route_table.peer[0]: Creation complete after 0s [id=rtb-e4473925d48e580d7]
aws_route_table.this[1]: Creation complete after 0s [id=rtb-f03d96b20dd5bb60d]
aws_route_table.peer[2]: Creation complete after 0s [id=rtb-d5a6b46b27ea23227]
aws_route_table.peer[1]: Creation complete after 0s [id=rtb-05c5753000d3e2db1]
aws_route_table.this[0]: Creation complete after 0s [id=rtb-52397741bfe2e1f0a]

Apply complete! Resources: 14 added, 0 changed, 0 destroyed.

Outputs:

peer_vpc_id = ""vpc-28498899de04c4099""
this_vpc_id = ""vpc-459cac399ddc96598""

--- ERRORS ---",,137,925,6,4,2,"We need a Terraform template that creates a LocalStack-based test networking environment using two AWS provider aliases, 'this' and 'peer', both configured for the us-east-1 region with endpoints at http://localhost:4566, dummy credentials, and AWS credential/account validation checks skipped. The template should create two test VPCs: a 'this' VPC with CIDR 172.20.0.0/16 and a 'peer' VPC with CIDR 172.21.0.0/16, both tagged as Test environments. For each VPC, create three subnets spread across three distinct availability zones, using the CIDR ranges 172.20.0.0/24, 172.20.1.0/24, 172.20.2.0/24 for the 'this' VPC and 172.21.0.0/24, 172.21.1.0/24, 172.21.2.0/24 for the 'peer' VPC, and create one route table per subnet in each VPC. Finally, expose the IDs of both VPCs as output values.",62,"aws_route_table, aws_subnet, aws_vpc"
terrads_0863d6bd0b25,Zenodo/TerraDS,iac_benchmark/scenarios/terrads_0863d6bd0b25,True,True,0,0,0,0,0,True,"--- INIT LOG ---
Initializing provider plugins...
- Finding latest version of hashicorp/aws...
- Installing hashicorp/aws v6.57.1...
- Installed hashicorp/aws v6.57.1 (signed by HashiCorp)
Terraform has created a lock file .terraform.lock.hcl to record the provider
selections it made above. Include this file in your version control repository
so that Terraform can guarantee to make the same selections by default when
you run ""terraform init"" in the future.

Terraform has been successfully initialized!

You may now begin working with Terraform. Try running ""terraform plan"" to see
any changes th

...[LOG TRUNCATED]...

t_id  = (known after apply)
aws_s3_bucket.my_bucket: Creating...
aws_s3_bucket.my_bucket: Creation complete after 1s [id=akiraabucket12345648]
aws_s3_bucket_ownership_controls.my_oc: Creating...
aws_s3_bucket_ownership_controls.my_oc: Creation complete after 0s [id=akiraabucket12345648]
aws_s3_bucket_acl.private_acl[0]: Creating...
aws_s3_bucket_acl.private_acl[0]: Creation complete after 0s [id=akiraabucket12345648,private]

Apply complete! Resources: 3 added, 0 changed, 0 destroyed.

Outputs:

bucket_arn = ""arn:aws:s3:::akiraabucket12345648""
bucket_id = ""akiraabucket12345648""

--- ERRORS ---",,85,499,6,3,2,"We need a Terraform template that creates an S3 bucket with a configurable name defaulting to ""akiraabucket12345648"", enables versioning only when a boolean variable is true, sets bucket ownership to ""BucketOwnerPreferred"", and conditionally applies either a public-read ACL with a public access block that sets all four block settings to false when the public ACL variable is true, or a private ACL when that variable is false.",63,"aws_s3_bucket, aws_s3_bucket_acl, aws_s3_bucket_ownership_controls, aws_s3_bucket_public_access_block, aws_s3_bucket_versioning"
terrads_0cbe861f6c91,Zenodo/TerraDS,iac_benchmark/scenarios/terrads_0cbe861f6c91,True,True,0,0,0,0,0,True,"--- INIT LOG ---
Initializing modules...
Downloading git::https://github.com/terraform-aws-modules/terraform-aws-vpc.git?ref=v5.1.2 for vpc...
- vpc in .terraform/modules/vpc
Initializing provider plugins...
- Finding hashicorp/aws versions matching "">= 5.0.0, >= 5.3.0""...
- Installing hashicorp/aws v6.53.0...
- Installed hashicorp/aws v6.53.0 (signed by HashiCorp)
Terraform has created a lock file .terraform.lock.hcl to record the provider
selections it made above. Include this file in your version control repository
so that Terraform can guarantee to make the same selections by default when


...[LOG TRUNCATED]...

 data.aws_region.current.name

The attribute ""name"" is deprecated. Refer to the provider documentation for
details.

(and 2 more similar warnings elsewhere)

Apply complete! Resources: 26 added, 0 changed, 0 destroyed.

Outputs:

private_subnet_ids = [
  ""subnet-3fd8cdbec925d572a"",
  ""subnet-bfa414e60fdf70cdf"",
  ""subnet-9ad5cb9d9aa4d8c81"",
]
private_subnets_cidr_blocks = tolist([
  ""10.0.4.0/24"",
  ""10.0.5.0/24"",
  ""10.0.6.0/24"",
])
public_subnet_ids = [
  ""subnet-f0d6a309673b832b3"",
  ""subnet-fc0cf04d642a5e457"",
  ""subnet-ad4986ed6eed7146d"",
]
vpc_id = ""vpc-b6849480139ab2824""

--- ERRORS ---","NON-JSON OUTPUT:
",95,587,3,0,2,"We need a Terraform template that creates a VPC environment for the trade-tariff-development project using the official terraform-aws-vpc module, specifically version 5.1.2, with the VPC CIDR 10.0.0.0/16 deployed across two availability zones in us-east-1. The VPC should use three private subnets with CIDRs 10.0.4.0/24, 10.0.5.0/24, and 10.0.6.0/24, as well as three public subnets with CIDRs 10.0.104.0/24, 10.0.105.0/24, and 10.0.106.0/24, and it must enable DNS hostnames and DNS support while deploying a single NAT gateway. Additionally, create a security group that allows inbound SSH access from any source on port 22 and permits all outbound traffic.",64,"aws_region, aws_security_group, aws_vpc_security_group_egress_rule, aws_vpc_security_group_ingress_rule"
terrads_1214ad0ade64,Zenodo/TerraDS,iac_benchmark/scenarios/terrads_1214ad0ade64,True,True,0,0,0,0,0,True,"--- INIT LOG ---
Initializing provider plugins...
- Finding latest version of hashicorp/aws...
- Installing hashicorp/aws v6.57.1...
- Installed hashicorp/aws v6.57.1 (signed by HashiCorp)
Terraform has created a lock file .terraform.lock.hcl to record the provider
selections it made above. Include this file in your version control repository
so that Terraform can guarantee to make the same selections by default when
you run ""terraform init"" in the future.

Terraform has been successfully initialized!

You may now begin working with Terraform. Try running ""terraform plan"" to see
any changes that are required for your infrastructure. All Terraform commands
should now work.

If you ever set or change modules or backend configuration for Terraform,
rerun this command to reinitialize your working directory. If you forget, other
commands will detect it and remind you to do so if necessary.

--- APPLY LOG ---

No changes. Your infrastructure matches the configuration.

Terraform has compared your real infrastructure against your configuration
and found no differences, so no changes are needed.

Apply complete! Resources: 0 added, 0 changed, 0 destroyed.

--- ERRORS ---",,136,908,5,13,2,"We need a Terraform template that creates routes in private route tables to various targets—including a network interface, transit gateway, Gateway Load Balancer endpoint, core network, and NAT gateway—using a configurable destination CIDR block that defaults to 0.0.0.0/0, and accepts separate maps of route table IDs for each target type so that the appropriate routes are added only to the specified route tables, and also accepts input variables for each target's ID (network interface ID, transit gateway ID, Gateway Load Balancer endpoint ID, core network ARN, and NAT gateway ID) so that the routes can be properly associated with their respective targets.",65,aws_route
terrads_1886448da873,Zenodo/TerraDS,iac_benchmark/scenarios/terrads_1886448da873,True,True,0,0,0,0,0,True,"--- INIT LOG ---
Initializing provider plugins...
- Finding latest version of hashicorp/aws...
- Installing hashicorp/aws v6.57.1...
- Installed hashicorp/aws v6.57.1 (signed by HashiCorp)
Terraform has created a lock file .terraform.lock.hcl to record the provider
selections it made above. Include this file in your version control repository
so that Terraform can guarantee to make the same selections by default when
you run ""terraform init"" in the future.

Terraform has been successfully initialized!

You may now begin working with Terraform. Try running ""terraform plan"" to see
any changes th

...[LOG TRUNCATED]...

ngerprint = """"
  + transfer_server_id                   = """"
  + transfer_ssh_key_id                  = """"
  + transfer_user_arn                    = """"
  + transfer_user_id                     = """"

You can apply this plan to save these new output values to the Terraform
state, without changing any real infrastructure.

Apply complete! Resources: 0 added, 0 changed, 0 destroyed.

Outputs:

transfer_server_arn = """"
transfer_server_endpoint = """"
transfer_server_host_key_fingerprint = """"
transfer_server_id = """"
transfer_ssh_key_id = """"
transfer_user_arn = """"
transfer_user_id = """"

--- ERRORS ---",,277,2192,3,23,2,"We need a Terraform template that creates an AWS Transfer Family SFTP server with a PUBLIC endpoint type, a user associated with a provided IAM role ARN for S3 access, and an SSH public key linked to the user, all conditionally enabled via boolean variables, where the server name defaults to a pattern combining a lowercased base name and environment (e.g., ""test-transfer-server-stage"" when using default values of ""TEST"" and ""STAGE"") unless a custom name is provided, and the SSH public key body must be supplied as a required variable with no default.",66,"aws_transfer_server, aws_transfer_ssh_key, aws_transfer_user"
terrads_22c9abca1058,Zenodo/TerraDS,iac_benchmark/scenarios/terrads_22c9abca1058,True,True,0,0,0,0,0,True,"--- INIT LOG ---
Initializing provider plugins...
- Finding latest version of hashicorp/aws...
- Installing hashicorp/aws v6.56.0...
- Installed hashicorp/aws v6.56.0 (signed by HashiCorp)
Terraform has created a lock file .terraform.lock.hcl to record the provider
selections it made above. Include this file in your version control repository
so that Terraform can guarantee to make the same selections by default when
you run ""terraform init"" in the future.

Terraform has been successfully initialized!

You may now begin working with Terraform. Try running ""terraform plan"" to see
any changes th

...[LOG TRUNCATED]...

urity_group.nginx-sg: Creation complete after 0s [id=sg-b9b92c888c997d7de]
aws_subnet.subnet1: Still creating... [00m10s elapsed]
aws_subnet.subnet1: Creation complete after 10s [id=subnet-ace2d3e5b1c901686]
aws_route_table_association.rta-subnet1: Creating...
aws_instance.nginx1: Creating...
aws_route_table_association.rta-subnet1: Creation complete after 0s [id=rtbassoc-ed22a85cb8e231d4c]
aws_instance.nginx1: Still creating... [00m10s elapsed]
aws_instance.nginx1: Creation complete after 10s [id=i-f29317130d8311d22]

Apply complete! Resources: 7 added, 0 changed, 0 destroyed.

--- ERRORS ---",,96,654,7,0,2,"We need a Terraform template that creates a single public-facing Nginx web server on Amazon Linux 2 in a new VPC for testing purposes, using the latest Amazon Linux 2 AMI from the SSM Parameter Store, with the server configured to display a custom welcome page containing a taco emoji.",67,"aws_instance, aws_internet_gateway, aws_route_table, aws_route_table_association, aws_security_group, aws_ssm_parameter, aws_subnet, aws_vpc"
terrads_2b3dddaeb18d,Zenodo/TerraDS,iac_benchmark/scenarios/terrads_2b3dddaeb18d,True,True,0,0,0,0,0,True,"--- INIT LOG ---
Initializing provider plugins...
- Finding hashicorp/aws versions matching "">= 4.0.0""...
- Installing hashicorp/aws v6.54.0...
- Installed hashicorp/aws v6.54.0 (signed by HashiCorp)
Terraform has created a lock file .terraform.lock.hcl to record the provider
selections it made above. Include this file in your version control repository
so that Terraform can guarantee to make the same selections by default when
you run ""terraform init"" in the future.

Terraform has been successfully initialized!

You may now begin working with Terraform. Try running ""terraform plan"" to see
any

...[LOG TRUNCATED]...

..
data.aws_partition.current: Reading...
data.aws_partition.current: Read complete after 0s [id=aws]
data.aws_caller_identity.current: Read complete after 0s [id=000000000000]

Changes to Outputs:
  + iam_role_arn       = """"
  + iam_role_name      = """"
  + iam_role_path      = """"
  + iam_role_unique_id = """"

You can apply this plan to save these new output values to the Terraform
state, without changing any real infrastructure.

Apply complete! Resources: 0 added, 0 changed, 0 destroyed.

Outputs:

iam_role_arn = """"
iam_role_name = """"
iam_role_path = """"
iam_role_unique_id = """"

--- ERRORS ---",,244,1622,2,18,2,"We need a Terraform template that creates an IAM role with an OIDC-based trust policy, optionally enabled via a `create_role` variable that defaults to `false`, and supports a configurable list of OIDC provider URLs, where the trust policy conditions use StringEquals for fully qualified subjects, StringLike for subjects with wildcards, and StringLike for audiences, along with an option to allow the role to assume itself via an explicit self-assumption statement, while attaching a configurable list of managed policies, all for testing purposes.",68,"aws_caller_identity, aws_iam_policy_document, aws_iam_role, aws_iam_role_policy_attachment, aws_partition"
terrads_2c9e06cfca9a,Zenodo/TerraDS,iac_benchmark/scenarios/terrads_2c9e06cfca9a,True,True,0,0,0,0,0,True,"--- INIT LOG ---
Initializing provider plugins...
- Finding latest version of hashicorp/aws...
- Installing hashicorp/aws v6.53.0...
- Installed hashicorp/aws v6.53.0 (signed by HashiCorp)
Terraform has created a lock file .terraform.lock.hcl to record the provider
selections it made above. Include this file in your version control repository
so that Terraform can guarantee to make the same selections by default when
you run ""terraform init"" in the future.

Terraform has been successfully initialized!

You may now begin working with Terraform. Try running ""terraform plan"" to see
any changes th

...[LOG TRUNCATED]...

r 1s [id=test_destination]
aws_cloudwatch_log_destination_policy.test_destination_policy: Creating...
aws_cloudwatch_log_destination_policy.test_destination_policy: Creation complete after 0s [id=test_destination]

Warning: Deprecated attribute

  on main.tf line 39, in resource ""aws_iam_role"" ""iam_for_cloudwatch"":
  39:           ""Service"": ""logs.${data.aws_region.current.name}.amazonaws.com""

The attribute ""name"" is deprecated. Refer to the provider documentation for
details.

(and 3 more similar warnings elsewhere)

Apply complete! Resources: 5 added, 0 changed, 0 destroyed.

--- ERRORS ---",,89,480,5,0,2,"We need a Terraform template that creates a CloudWatch Logs subscription destination that forwards log events to a Kinesis stream for testing purposes. The Kinesis stream must be named 'kinesis_for_cloudwatch', with a shard count of 1 and a retention period of 48 hours. An IAM role named 'iam_for_cloudwatch' is required, with a trust policy that allows the CloudWatch Logs service to assume the role, and an inline policy that permits the kinesis:PutRecord action on the stream. The destination itself should be named 'test_destination' and be associated with a destination policy that grants full logs:* access to the current AWS account.",69,"aws_caller_identity, aws_cloudwatch_log_destination, aws_cloudwatch_log_destination_policy, aws_iam_policy_document, aws_iam_role, aws_iam_role_policy, aws_kinesis_stream, aws_region"
terrads_36943730732f,Zenodo/TerraDS,iac_benchmark/scenarios/terrads_36943730732f,True,True,0,0,0,0,0,True,"--- INIT LOG ---
Initializing provider plugins...
- Finding hashicorp/aws versions matching "">= 3.70.0""...
- Installing hashicorp/aws v6.53.0...
- Installed hashicorp/aws v6.53.0 (signed by HashiCorp)
Terraform has created a lock file .terraform.lock.hcl to record the provider
selections it made above. Include this file in your version control repository
so that Terraform can guarantee to make the same selections by default when
you run ""terraform init"" in the future.

Terraform has been successfully initialized!

You may now begin working with Terraform. Try running ""terraform plan"" to see
an

...[LOG TRUNCATED]...

ule.elb-cross-zone-load-balancing-enabled[0]: Creating...
aws_config_config_rule.alb-waf-enabled[0]: Creating...
aws_config_config_rule.elb-acm-certificate-required[0]: Creating...
aws_config_config_rule.alb-waf-enabled[0]: Creation complete after 1s [id=alb-waf-enabled]
aws_config_config_rule.elb-cross-zone-load-balancing-enabled[0]: Creation complete after 1s [id=elb-cross-zone-load-balancing-enabled]
aws_config_config_rule.elb-acm-certificate-required[0]: Creation complete after 1s [id=elb-acm-certificate-required]

Apply complete! Resources: 3 added, 0 changed, 0 destroyed.

--- ERRORS ---","NON-JSON OUTPUT:
",200,1851,3,3,2,"We need a Terraform template that creates AWS Config rules for load balancer compliance across the account, specifically enabling three AWS managed rules: one that checks whether WAF is enabled on Application Load Balancers, one that checks whether Elastic Load Balancers use SSL certificates from AWS Certificate Manager, and one that checks whether cross-zone load balancing is enabled on Classic Load Balancers, applying a configurable name prefix and optional custom tags while leveraging any default provider tags, and including a boolean flag to enable or disable the entire set of rules.",70,"aws_config_config_rule, aws_default_tags"
terrads_4694611be47d,Zenodo/TerraDS,iac_benchmark/scenarios/terrads_4694611be47d,True,True,0,0,0,0,0,True,"--- INIT LOG ---
Initializing provider plugins...
- Finding latest version of hashicorp/aws...
- Installing hashicorp/aws v6.55.0...
- Installed hashicorp/aws v6.55.0 (signed by HashiCorp)
Terraform has created a lock file .terraform.lock.hcl to record the provider
selections it made above. Include this file in your version control repository
so that Terraform can guarantee to make the same selections by default when
you run ""terraform init"" in the future.

Terraform has been successfully initialized!

You may now begin working with Terraform. Try running ""terraform plan"" to see
any changes th

...[LOG TRUNCATED]...

urity_group_rule.ssh_ingress_rule: Creation complete after 0s [id=sgrule-3242648154]
aws_security_group_rule.ssh_ingress_rule_internal: Creation complete after 0s [id=sgrule-861075227]
aws_security_group_rule.icmp_ingress_rule: Creation complete after 0s [id=sgrule-1155482024]
aws_security_group_rule.http_egress_rule: Creation complete after 0s [id=sgrule-3243830359]
aws_security_group_rule.icmp_egress_rule: Creation complete after 0s [id=sgrule-3451831137]

Apply complete! Resources: 11 added, 0 changed, 0 destroyed.

Outputs:

security_group_name = ""kubernetes_security_group""

--- ERRORS ---",,101,733,11,0,2,"We need a Terraform template that creates a security group named ""kubernetes_security_group"" for a Kubernetes cluster, with the description ""Enabling ICMP and TCP between servers"", including rules that allow all TCP traffic and ICMP in both directions between instances in the group, allow SSH (port 22) both between group members and from 0.0.0.0/0 inbound, allow internal traffic on port 6443 in both directions for Kubernetes API access, and allow outbound HTTPS (443) and HTTP (80) to 0.0.0.0/0, then output the security group name.",71,"aws_security_group, aws_security_group_rule"
terrads_49d84976c9e0,Zenodo/TerraDS,iac_benchmark/scenarios/terrads_49d84976c9e0,True,True,0,0,0,0,0,True,"--- INIT LOG ---
Initializing provider plugins...
- Finding latest version of hashicorp/aws...
- Installing hashicorp/aws v6.57.1...
- Installed hashicorp/aws v6.57.1 (signed by HashiCorp)
Terraform has created a lock file .terraform.lock.hcl to record the provider
selections it made above. Include this file in your version control repository
so that Terraform can guarantee to make the same selections by default when
you run ""terraform init"" in the future.

Terraform has been successfully initialized!

You may now begin working with Terraform. Try running ""terraform plan"" to see
any changes th

...[LOG TRUNCATED]...

y: Creation complete after 0s [id=igw-89c379146997b8d67]
aws_eip.aws_eip: Creating...
aws_eip.aws_eip: Creation complete after 0s [id=eipalloc-c92f00f150246dd72]
aws_default_security_group.default: Creation complete after 0s [id=sg-53fb96548ab9664e3]
aws_subnet.aws_subnet: Still creating... [00m10s elapsed]
aws_subnet.aws_subnet: Creation complete after 10s [id=subnet-55921442ea689142e]

Apply complete! Resources: 7 added, 0 changed, 0 destroyed.

Outputs:

aws_public_ip = ""127.238.198.63""
aws_security_group_id = ""sg-53fb96548ab9664e3""
aws_subnet_id = ""subnet-55921442ea689142e""

--- ERRORS ---",,111,846,7,0,2,"We need a Terraform template that creates a VPC for testing purposes with a CIDR block of 10.0.0.0/16, associated with a DHCP options set that uses the domain name ""eu-west-1.compute.internal"", includes the DNS servers 8.8.8.8, 8.8.4.4, 127.0.0.1, and 10.0.0.2, the NTP server 127.0.0.1, and the NetBIOS name server 127.0.0.1 with a node type of 2, and there should be a single public subnet with a CIDR of 10.0.1.0/24 that auto-assigns public IPs, along with an internet gateway and an Elastic IP, and the default security group should allow inbound HTTPS, HTTP, and SSH only from within the VPC and allow all outbound traffic to anywhere.",72,"aws_default_security_group, aws_eip, aws_internet_gateway, aws_subnet, aws_vpc, aws_vpc_dhcp_options, aws_vpc_dhcp_options_association"
terrads_4e8fd48d9810,Zenodo/TerraDS,iac_benchmark/scenarios/terrads_4e8fd48d9810,True,True,0,0,0,0,0,True,"--- INIT LOG ---
Initializing provider plugins...
- Finding latest version of hashicorp/aws...
- Installing hashicorp/aws v6.55.0...
- Installed hashicorp/aws v6.55.0 (signed by HashiCorp)
Terraform has created a lock file .terraform.lock.hcl to record the provider
selections it made above. Include this file in your version control repository
so that Terraform can guarantee to make the same selections by default when
you run ""terraform init"" in the future.

Terraform has been successfully initialized!

You may now begin working with Terraform. Try running ""terraform plan"" to see
any changes th

...[LOG TRUNCATED]...

3b0329d00f8]
aws_route_table_association.public[1]: Creating...
aws_route_table_association.public[0]: Creating...
aws_route_table_association.public[1]: Creation complete after 0s [id=rtbassoc-4af35c59c85a1a496]
aws_route_table_association.public[0]: Creation complete after 0s [id=rtbassoc-0519201b54b296f80]

Apply complete! Resources: 9 added, 0 changed, 0 destroyed.

Outputs:

private_subnet_ids = [
  ""subnet-49572e75288b08606"",
  ""subnet-73f12652e78429451"",
]
public_subnet_ids = [
  ""subnet-7ee1a752b278e2e09"",
  ""subnet-4a9b5e3b0329d00f8"",
]
vpc_id = ""vpc-1d67094d7a2cb9c0a""

--- ERRORS ---",,138,894,6,8,2,"We need a Terraform template that creates a VPC for a Kubernetes cluster deployment, with the VPC CIDR block set to 10.0.0.0/16 and DNS hostnames enabled, and provisions two private subnets with CIDRs 10.0.0.0/19 and 10.0.32.0/19 and two public subnets with CIDRs 10.0.64.0/19 and 10.0.96.0/19, each pair spread across two distinct availability zones dynamically selected from the region, with public subnets configured to auto-assign public IPs on launch; the template must also create an internet gateway attached to the VPC, a public route table with a default route pointing to the internet gateway, and associate that route table with each public subnet, while tagging all resources with the environment name ""dev"" and cluster name ""Fast-App"" for identification.",73,"aws_internet_gateway, aws_route_table, aws_route_table_association, aws_subnet, aws_vpc"
terrads_534e4148d408,Zenodo/TerraDS,iac_benchmark/scenarios/terrads_534e4148d408,True,True,0,0,0,0,0,True,"--- INIT LOG ---
Initializing provider plugins...
- Finding latest version of hashicorp/aws...
- Installing hashicorp/aws v6.57.1...
- Installed hashicorp/aws v6.57.1 (signed by HashiCorp)
Terraform has created a lock file .terraform.lock.hcl to record the provider
selections it made above. Include this file in your version control repository
so that Terraform can guarantee to make the same selections by default when
you run ""terraform init"" in the future.

Terraform has been successfully initialized!

You may now begin working with Terraform. Try running ""terraform plan"" to see
any changes th

...[LOG TRUNCATED]...

h          = ""/""
      + tags_all      = (known after apply)
      + unique_id     = (known after apply)
    }

Plan: 3 to add, 0 to change, 0 to destroy.
aws_iam_user.myUser: Creating...
aws_iam_policy.customPolicy: Creating...
aws_iam_user.myUser: Creation complete after 0s [id=TJ]
aws_iam_policy.customPolicy: Creation complete after 0s [id=arn:aws:iam::000000000000:policy/GlacierEFSEC2]
aws_iam_policy_attachment.policyBind: Creating...
aws_iam_policy_attachment.policyBind: Creation complete after 0s [id=attachment]

Apply complete! Resources: 3 added, 0 changed, 0 destroyed.

--- ERRORS ---",,89,737,3,0,2,"We need a Terraform template that creates an IAM user and a custom IAM policy granting broad permissions across EC2, Elastic File System (EFS), and Glacier services, then attaches the policy to the user, all deployed in the us-east-1 region.",74,"aws_iam_policy, aws_iam_policy_attachment, aws_iam_user"
terrads_559e5c90c3ea,Zenodo/TerraDS,iac_benchmark/scenarios/terrads_559e5c90c3ea,True,True,0,0,0,0,0,True,"--- INIT LOG ---
Initializing provider plugins...
- Finding latest version of hashicorp/aws...
- Installing hashicorp/aws v6.57.1...
- Installed hashicorp/aws v6.57.1 (signed by HashiCorp)
Terraform has created a lock file .terraform.lock.hcl to record the provider
selections it made above. Include this file in your version control repository
so that Terraform can guarantee to make the same selections by default when
you run ""terraform init"" in the future.

Terraform has been successfully initialized!

You may now begin working with Terraform. Try running ""terraform plan"" to see
any changes th

...[LOG TRUNCATED]...

h          = ""/""
      + tags_all      = (known after apply)
      + unique_id     = (known after apply)
    }

Plan: 3 to add, 0 to change, 0 to destroy.
aws_iam_user.myUser: Creating...
aws_iam_policy.customPolicy: Creating...
aws_iam_user.myUser: Creation complete after 0s [id=TJ]
aws_iam_policy.customPolicy: Creation complete after 0s [id=arn:aws:iam::000000000000:policy/GlacierEFSEC2]
aws_iam_policy_attachment.policyBind: Creating...
aws_iam_policy_attachment.policyBind: Creation complete after 0s [id=attachment]

Apply complete! Resources: 3 added, 0 changed, 0 destroyed.

--- ERRORS ---",,89,737,3,0,2,"We need a Terraform template that creates an IAM user named ""TJ"" in the eu-west-2 region and attaches a custom IAM policy that grants permissions for a wide range of EC2, Elastic File System, and Glacier actions, all scoped to all resources.",75,"aws_iam_policy, aws_iam_policy_attachment, aws_iam_user"
terrads_57b2b7344b75,Zenodo/TerraDS,iac_benchmark/scenarios/terrads_57b2b7344b75,True,True,0,0,0,0,0,True,"--- INIT LOG ---
Initializing provider plugins...
- Finding hashicorp/aws versions matching "">= 4.0.0""...
- Installing hashicorp/aws v6.53.0...
- Installed hashicorp/aws v6.53.0 (signed by HashiCorp)
Terraform has created a lock file .terraform.lock.hcl to record the provider
selections it made above. Include this file in your version control repository
so that Terraform can guarantee to make the same selections by default when
you run ""terraform init"" in the future.

Terraform has been successfully initialized!

You may now begin working with Terraform. Try running ""terraform plan"" to see
any

...[LOG TRUNCATED]...

ly)
  + kms_key_arn    = []
  + kms_key_id     = []
  + repository_url = (known after apply)
aws_ecr_repository.this: Creating...
aws_ecr_repository.this: Still creating... [00m10s elapsed]
aws_ecr_repository.this: Still creating... [00m20s elapsed]
aws_ecr_repository.this: Creation complete after 22s [id=my-ecr-repo]

Apply complete! Resources: 1 added, 0 changed, 0 destroyed.

Outputs:

arn = ""arn:aws:ecr:us-east-1:000000000000:repository/my-ecr-repo""
kms_key_arn = []
kms_key_id = []
repository_url = ""000000000000.dkr.ecr.us-east-1.localhost.localstack.cloud:4566/my-ecr-repo""

--- ERRORS ---","NON-JSON OUTPUT:
",126,853,5,7,2,"We need a Terraform template that creates an AWS ECR repository with configurable name, image tag mutability (default MUTABLE), and force_delete option, supporting optional KMS encryption (default AES256) that, when enabled, provisions a customer-managed KMS key with automatic rotation and an alias for the repository, and also optionally applies a repository policy that grants a list of specified AWS principals pull access to the images, as well as an optional lifecycle policy supplied as raw JSON, with the module exposing outputs for the repository ARN, URL, and KMS key ID and ARN when encryption is enabled.",76,"aws_ecr_lifecycle_policy, aws_ecr_repository, aws_ecr_repository_policy, aws_iam_policy_document, aws_kms_alias, aws_kms_key"
terrads_58f26dd6c6d9,Zenodo/TerraDS,iac_benchmark/scenarios/terrads_58f26dd6c6d9,True,True,0,0,0,0,0,True,"--- INIT LOG ---
Initializing provider plugins...
- Finding latest version of hashicorp/aws...
- Installing hashicorp/aws v6.56.0...
- Installed hashicorp/aws v6.56.0 (signed by HashiCorp)
Terraform has created a lock file .terraform.lock.hcl to record the provider
selections it made above. Include this file in your version control repository
so that Terraform can guarantee to make the same selections by default when
you run ""terraform init"" in the future.

Terraform has been successfully initialized!

You may now begin working with Terraform. Try running ""terraform plan"" to see
any changes th

...[LOG TRUNCATED]...

eating...
aws_route_table_association.private-route-association: Creation complete after 0s [id=rtbassoc-310302d4581635f3c]
aws_route_table.public-route-table: Creation complete after 0s [id=rtb-3ce491ccd26db8f3b]
aws_subnet.public: Still creating... [00m10s elapsed]
aws_subnet.public: Creation complete after 10s [id=subnet-1abf183576d8b23a2]
aws_route_table_association.public-route-association: Creating...
aws_route_table_association.public-route-association: Creation complete after 0s [id=rtbassoc-3357f3a4a16784fc5]

Apply complete! Resources: 8 added, 0 changed, 0 destroyed.

--- ERRORS ---",,120,680,8,0,2,"We need a Terraform template that creates a basic VPC for testing purposes with the CIDR block 10.0.0.0/16, including one public subnet using 10.0.1.0/24 that automatically assigns public IPs on launch and one private subnet using 10.0.0.0/24, along with an internet gateway and a public route table that sends all outbound traffic to the internet gateway, while the private route table should not have a default route to a NAT gateway because that resource should be commented out.",77,"aws_internet_gateway, aws_route_table, aws_route_table_association, aws_subnet, aws_vpc"
terrads_5b7f8a1983b2,Zenodo/TerraDS,iac_benchmark/scenarios/terrads_5b7f8a1983b2,True,True,0,0,0,0,0,True,"--- INIT LOG ---
Initializing provider plugins...
- Finding latest version of hashicorp/aws...
- Installing hashicorp/aws v6.55.0...
- Installed hashicorp/aws v6.55.0 (signed by HashiCorp)
Terraform has created a lock file .terraform.lock.hcl to record the provider
selections it made above. Include this file in your version control repository
so that Terraform can guarantee to make the same selections by default when
you run ""terraform init"" in the future.

Terraform has been successfully initialized!

You may now begin working with Terraform. Try running ""terraform plan"" to see
any changes th

...[LOG TRUNCATED]...

hout changing any real infrastructure.

Warning: Deprecated Resource

  with aws_elastictranscoder_pipeline.elastictranscoder_pipeline,
  on elastictranscoder_pipeline.tf line 4, in resource ""aws_elastictranscoder_pipeline"" ""elastictranscoder_pipeline"":
   4: resource ""aws_elastictranscoder_pipeline"" ""elastictranscoder_pipeline"" {

This resource is deprecated. Use AWS Elemental MediaConvert instead.

(and one more similar warning elsewhere)

Apply complete! Resources: 0 added, 0 changed, 0 destroyed.

Outputs:

elastictranscoder_pipeline_id = """"
elastictranscoder_preset_id = """"

--- ERRORS ---",,337,2782,2,22,2,"We need a Terraform template that creates an Elastic Transcoder pipeline and preset for a media transcoding workflow, where the template accepts existing S3 bucket and IAM role ARN as input variables for the pipeline's input bucket and role, then configures the pipeline with those resources along with optional output bucket and KMS key variables, and the preset uses the ""mp4"" container format, with both resources conditionally enabled via a boolean flag and named using a lowercase prefix derived from a ""TEST"" name and ""STAGE"" environment, and the template should output the IDs of both the pipeline and the preset.",78,"aws_elastictranscoder_pipeline, aws_elastictranscoder_preset"
terrads_66045a8e9c37,Zenodo/TerraDS,iac_benchmark/scenarios/terrads_66045a8e9c37,True,True,0,0,0,0,0,True,"--- INIT LOG ---
Initializing modules...
Downloading git::https://github.com/cloudposse/terraform-null-label.git?ref=tags/0.24.1 for odc_backend_label...
- odc_backend_label in .terraform/modules/odc_backend_label
Initializing provider plugins...
- Finding latest version of hashicorp/aws...
- Installing hashicorp/aws v6.54.0...
- Installed hashicorp/aws v6.54.0 (signed by HashiCorp)
Terraform has created a lock file .terraform.lock.hcl to record the provider
selections it made above. Include this file in your version control repository
so that Terraform can guarantee to make the same selection

...[LOG TRUNCATED]...

kend-tfstate,private]
aws_s3_bucket_server_side_encryption_configuration.terraform-state-storage-s3: Creation complete after 0s [id=odc-test-stage-backend-tfstate]
aws_s3_bucket_versioning.terraform-state-storage-s3: Creation complete after 2s [id=odc-test-stage-backend-tfstate]
aws_dynamodb_table.terraform_state_lock: Creation complete after 7s [id=odc-test-stage-backend-terraform-lock]

Apply complete! Resources: 6 added, 0 changed, 0 destroyed.

Outputs:

dynamodb_table = [
  ""odc-test-stage-backend-terraform-lock"",
]
tf-state-bucket = [
  ""odc-test-stage-backend-tfstate"",
]

--- ERRORS ---",,108,668,6,4,2,"We need a Terraform template that creates an S3 bucket and DynamoDB table to serve as a remote state backend in the us-east-1 region, using a naming convention based on namespace, environment, and owner variables with defaults of ""odc-test"", ""stage"", and ""odc-test"" respectively, where the bucket name is formed by appending ""-tfstate"" to the generated label and is configured for private access, versioning enabled, server-side encryption using AES256, and all public access blocked, while the DynamoDB table name appends ""-terraform-lock"" to the same label and uses a hash key called LockID with read and write capacity set to 5.",79,"aws_dynamodb_table, aws_s3_bucket, aws_s3_bucket_acl, aws_s3_bucket_public_access_block, aws_s3_bucket_server_side_encryption_configuration, aws_s3_bucket_versioning"
terrads_6776b28cdc6e,Zenodo/TerraDS,iac_benchmark/scenarios/terrads_6776b28cdc6e,True,True,0,0,0,0,0,True,"--- INIT LOG ---
Initializing provider plugins...
- Finding latest version of hashicorp/aws...
- Installing hashicorp/aws v6.55.0...
- Installed hashicorp/aws v6.55.0 (signed by HashiCorp)
Terraform has created a lock file .terraform.lock.hcl to record the provider
selections it made above. Include this file in your version control repository
so that Terraform can guarantee to make the same selections by default when
you run ""terraform init"" in the future.

Terraform has been successfully initialized!

You may now begin working with Terraform. Try running ""terraform plan"" to see
any changes th

...[LOG TRUNCATED]...

o change, 0 to destroy.
aws_vpc.myvpc: Creating...
aws_vpc.myvpc: Creation complete after 1s [id=vpc-dfe5ecf70831df7a3]
aws_subnet.app: Creating...
aws_subnet.mgmt: Creating...
aws_subnet.db: Creating...
aws_subnet.web: Creating...
aws_subnet.mgmt: Creation complete after 0s [id=subnet-ad95b6ccea04eb524]
aws_subnet.app: Creation complete after 0s [id=subnet-279c6cc59cf93591b]
aws_subnet.web: Creation complete after 0s [id=subnet-113bf03d2d15892d4]
aws_subnet.db: Creation complete after 0s [id=subnet-714075e05a4ae2c84]

Apply complete! Resources: 5 added, 0 changed, 0 destroyed.

--- ERRORS ---",,96,576,5,5,2,"We need a Terraform template that creates a VPC in the us-west-2 region with a CIDR block of 192.168.0.0/16, along with four subnets named web, app, db, and mgmt, each using a different availability zone from the list a, b, c, and a, with the subnets having CIDR blocks derived by applying a /24 subnet mask to the VPC CIDR in sequential order.",80,"aws_subnet, aws_vpc"
terrads_6f2cb595a46a,Zenodo/TerraDS,iac_benchmark/scenarios/terrads_6f2cb595a46a,True,True,0,0,0,0,0,True,"--- INIT LOG ---
Initializing provider plugins...
- Finding latest version of hashicorp/aws...
- Installing hashicorp/aws v6.56.0...
- Installed hashicorp/aws v6.56.0 (signed by HashiCorp)
Terraform has created a lock file .terraform.lock.hcl to record the provider
selections it made above. Include this file in your version control repository
so that Terraform can guarantee to make the same selections by default when
you run ""terraform init"" in the future.

Terraform has been successfully initialized!

You may now begin working with Terraform. Try running ""terraform plan"" to see
any changes th

...[LOG TRUNCATED]...

ver_side_encryption_configuration (known after apply)

      + versioning (known after apply)

      + website (known after apply)
    }

Plan: 1 to add, 0 to change, 0 to destroy.

Changes to Outputs:
  + bucket_arn = (known after apply)
  + bucket_id  = (known after apply)
aws_s3_bucket.this: Creating...
aws_s3_bucket.this: Creation complete after 1s [id=terraform-01702d2996032a543efb91839b]

Apply complete! Resources: 1 added, 0 changed, 0 destroyed.

Outputs:

bucket_arn = ""arn:aws:s3:::terraform-01702d2996032a543efb91839b""
bucket_id = ""terraform-01702d2996032a543efb91839b""

--- ERRORS ---",,132,700,2,5,2,"We need a Terraform template that creates an S3 bucket with configurable name, force destroy, object lock enablement, and tags, and also supports attaching multiple bucket policies defined as a map of policy documents, each containing statements with optional SIDs, actions, effects, resources, and principals; the bucket name, force destroy, object lock, tags, and policies should all be optional with sensible defaults, and the outputs should expose the bucket ID and ARN.",81,"aws_iam_policy_document, aws_s3_bucket, aws_s3_bucket_policy"
terrads_82f0be7b1d92,Zenodo/TerraDS,iac_benchmark/scenarios/terrads_82f0be7b1d92,True,True,0,0,0,0,0,True,"--- INIT LOG ---
Initializing provider plugins...
- Finding hashicorp/aws versions matching "">= 4.0.0""...
- Installing hashicorp/aws v6.53.0...
- Installed hashicorp/aws v6.53.0 (signed by HashiCorp)
Terraform has created a lock file .terraform.lock.hcl to record the provider
selections it made above. Include this file in your version control repository
so that Terraform can guarantee to make the same selections by default when
you run ""terraform init"" in the future.

Terraform has been successfully initialized!

You may now begin working with Terraform. Try running ""terraform plan"" to see
any

...[LOG TRUNCATED]...

hanges to Outputs:
  + iam_role_arn       = (known after apply)
  + iam_role_name      = (known after apply)
  + iam_role_path      = ""/""
  + iam_role_unique_id = (known after apply)
aws_iam_role.this[0]: Creating...
aws_iam_role.this[0]: Creation complete after 0s [id=terraform-2df43455997bde738fb0660397]

Apply complete! Resources: 1 added, 0 changed, 0 destroyed.

Outputs:

iam_role_arn = ""arn:aws:iam::000000000000:role/terraform-2df43455997bde738fb0660397""
iam_role_name = ""terraform-2df43455997bde738fb0660397""
iam_role_path = ""/""
iam_role_unique_id = ""AROAQAAAAAAAH653YISCV""

--- ERRORS ---","NON-JSON OUTPUT:
",177,1186,2,12,2,"We need a Terraform template that creates an AWS IAM role for granting Kubernetes service accounts in EKS clusters permission to assume AWS roles via OIDC web identity federation (IRSA). It should accept a map of EKS cluster names to lists of Kubernetes service accounts in namespace:serviceaccount form, look up each cluster's OIDC issuer URL, and generate an IAM trust policy with Allow statements for sts:AssumeRoleWithWebIdentity using the cluster's OIDC provider as a Federated principal and StringEquals conditions on the issuer sub key matching system:serviceaccount:<namespace>:<serviceaccount>. The role must support an optional name or name prefix, a path that defaults to '/', optional description, permissions boundary ARN, tags, and a map of managed policy ARNs to attach, and it should default max_session_duration to 43200 seconds and force_detach_policies to false. There should also be a create_role toggle (default true) and an allow_self_assume_role toggle (default false) that, when enabled, adds a separate Allow statement for sts:AssumeRole using the same role as the principal.",82,"aws_caller_identity, aws_eks_cluster, aws_iam_policy_document, aws_iam_role, aws_iam_role_policy_attachment, aws_partition"
terrads_8da07236c90a,Zenodo/TerraDS,iac_benchmark/scenarios/terrads_8da07236c90a,True,True,0,0,0,0,0,True,"--- INIT LOG ---
Initializing provider plugins...
- Finding latest version of hashicorp/aws...
- Installing hashicorp/aws v6.55.0...
- Installed hashicorp/aws v6.55.0 (signed by HashiCorp)
Terraform has created a lock file .terraform.lock.hcl to record the provider
selections it made above. Include this file in your version control repository
so that Terraform can guarantee to make the same selections by default when
you run ""terraform init"" in the future.

Terraform has been successfully initialized!

You may now begin working with Terraform. Try running ""terraform plan"" to see
any changes th

...[LOG TRUNCATED]...

recated attribute

  on main.tf line 33, in locals:
  33:   region     = data.aws_region.current.name

The attribute ""name"" is deprecated. Refer to the provider documentation for
details.

(and 2 more similar warnings elsewhere)

Apply complete! Resources: 5 added, 0 changed, 0 destroyed.

Outputs:

dynamodb_table_arn = ""arn:aws:dynamodb:us-east-1:000000000000:table/terraform-lock""
dynamodb_table_name = ""terraform-lock""
s3_bucket_arn = ""arn:aws:s3:::terraform-states-000000000000-us-east-1""
s3_bucket_name = ""terraform-states-000000000000-us-east-1""
s3_bucket_region = ""us-east-1""

--- ERRORS ---",,119,756,5,2,2,"We need a Terraform template that creates the resources necessary to serve as a remote backend for Terraform state management and locking, including an S3 bucket for storing state files and a DynamoDB table for state locking. The S3 bucket must have versioning enabled, server-side encryption using AES256, and all public access blocked, while the DynamoDB table must use the ""LockID"" hash key with Pay-Per-Request billing mode, and the bucket name should be globally unique by incorporating the AWS account ID and region automatically.",83,"aws_caller_identity, aws_dynamodb_table, aws_region, aws_s3_bucket, aws_s3_bucket_public_access_block, aws_s3_bucket_server_side_encryption_configuration, aws_s3_bucket_versioning"
terrads_988d6d5493b4,Zenodo/TerraDS,iac_benchmark/scenarios/terrads_988d6d5493b4,True,True,0,0,0,0,0,True,"--- INIT LOG ---
Initializing provider plugins...
- Finding latest version of hashicorp/aws...
- Installing hashicorp/aws v6.53.0...
- Installed hashicorp/aws v6.53.0 (signed by HashiCorp)
Terraform has created a lock file .terraform.lock.hcl to record the provider
selections it made above. Include this file in your version control repository
so that Terraform can guarantee to make the same selections by default when
you run ""terraform init"" in the future.

Terraform has been successfully initialized!

You may now begin working with Terraform. Try running ""terraform plan"" to see
any changes th

...[LOG TRUNCATED]...

ws_default_vpc.default: Creating...
aws_default_vpc.default: Creation complete after 0s [id=vpc-f5140eaafa4f69fbf]
aws_security_group.web: Creating...
aws_security_group.web: Creation complete after 0s [id=sg-6cb0ff4aa7ab32542]
aws_instance.web: Creating...
aws_instance.web: Still creating... [00m10s elapsed]
aws_instance.web: Creation complete after 10s [id=i-c27f6cad5ba99881c]
aws_eip.web: Creating...
aws_eip.web: Creation complete after 0s [id=eipalloc-2b48d215d568fd73d]

Apply complete! Resources: 4 added, 0 changed, 0 destroyed.

Outputs:

web_public_ip = ""127.110.186.228""

--- ERRORS ---",,82,583,4,2,2,"We need a Terraform template that creates a simple web server for testing purposes, using the latest Amazon Linux 2 AMI and a t3.micro instance by default, with the server name defaulting to ""demo"". The template should install and start Apache HTTPD via user data, display a simple HTML page showing the server name and local IP, and assign a public Elastic IP to the instance. The web server must be accessible on port 80 from anywhere, and the template should include the necessary security group configuration and output the public IP address.",84,"aws_ami, aws_default_vpc, aws_eip, aws_instance, aws_security_group"
terrads_a35f6e7a7e6e,Zenodo/TerraDS,iac_benchmark/scenarios/terrads_a35f6e7a7e6e,True,True,0,0,0,0,0,True,"--- INIT LOG ---
Initializing modules...
Downloading registry.terraform.io/cloudposse/label/null 0.25.0 for this...
- this in .terraform/modules/this
Initializing provider plugins...
- Finding hashicorp/aws versions matching "">= 3.0.0""...
- Installing hashicorp/aws v6.56.0...
- Installed hashicorp/aws v6.56.0 (signed by HashiCorp)
Terraform has created a lock file .terraform.lock.hcl to record the provider
selections it made above. Include this file in your version control repository
so that Terraform can guarantee to make the same selections by default when
you run ""terraform init"" in the fut

...[LOG TRUNCATED]...

ed]
aws_sqs_queue.default[0]: Creation complete after 26s [id=http://sqs.us-east-1.localhost.localstack.cloud:4566/000000000000/terraform-b89f5e58e7a167584edfe91fd0]

Apply complete! Resources: 1 added, 0 changed, 0 destroyed.

Outputs:

arn = ""arn:aws:sqs:us-east-1:000000000000:terraform-b89f5e58e7a167584edfe91fd0""
id = ""http://sqs.us-east-1.localhost.localstack.cloud:4566/000000000000/terraform-b89f5e58e7a167584edfe91fd0""
name = ""terraform-b89f5e58e7a167584edfe91fd0""
url = ""http://sqs.us-east-1.localhost.localstack.cloud:4566/000000000000/terraform-b89f5e58e7a167584edfe91fd0""

--- ERRORS ---",,473,4007,2,32,2,"We need a Terraform template that creates an SQS queue for a messaging system, supporting both standard and FIFO queues with configurable settings like visibility timeout, message retention, max message size, delay, and receive wait time, and optionally attaching a prebuilt IAM policy that allows specified actions from a given principal (defaulting to sqs:SendMessage from events.amazonaws.com), while leveraging the Cloud Posse label module for consistent naming and tagging across resources.",85,"aws_iam_policy_document, aws_sqs_queue, aws_sqs_queue_policy"
terrads_ab77ea1a3958,Zenodo/TerraDS,iac_benchmark/scenarios/terrads_ab77ea1a3958,True,True,0,0,0,0,0,True,"--- INIT LOG ---
Initializing provider plugins...
- Finding hashicorp/aws versions matching "">= 5.57.0""...
- Installing hashicorp/aws v6.53.0...
- Installed hashicorp/aws v6.53.0 (signed by HashiCorp)
Terraform has created a lock file .terraform.lock.hcl to record the provider
selections it made above. Include this file in your version control repository
so that Terraform can guarantee to make the same selections by default when
you run ""terraform init"" in the future.

Terraform has been successfully initialized!

You may now begin working with Terraform. Try running ""terraform plan"" to see
an

...[LOG TRUNCATED]...

config_rule.aws_managed_rules[""root-account-mfa-enabled""]: Creating...
aws_config_config_rule.aws_managed_rules[""iam-user-mfa-enabled""]: Creating...
aws_config_config_rule.aws_managed_rules[""iam-user-mfa-enabled""]: Creation complete after 0s [id=iam-user-mfa-enabled]
aws_config_config_rule.aws_managed_rules[""root-account-mfa-enabled""]: Creation complete after 0s [id=root-account-mfa-enabled]
aws_config_config_rule.aws_managed_rules[""iam-root-access-key-check""]: Creation complete after 0s [id=iam-root-access-key-check]

Apply complete! Resources: 3 added, 0 changed, 0 destroyed.

--- ERRORS ---","NON-JSON OUTPUT:
",163,1185,2,6,2,"We need a Terraform template that creates AWS Config rules for compliance monitoring, including the ability to enable a set of default AWS managed rules (such as root account MFA, IAM root access key, and IAM user MFA checks) and optionally enforce required tags on resources, while also supporting custom AWS Config rules with custom policy definitions and allowing all resources to be tagged with common tags; the default rules should be enabled by default but controllable via a variable, and the required tags feature should be toggleable and accept a map of tag keys and values, with the template designed to merge user-defined managed rules with the defaults.",86,aws_config_config_rule
terrads_ac339d92172b,Zenodo/TerraDS,iac_benchmark/scenarios/terrads_ac339d92172b,True,True,0,0,0,0,0,True,"--- INIT LOG ---
Initializing modules...
Downloading registry.terraform.io/terraform-aws-modules/vpc/aws 5.0.0 for vpc...
- vpc in .terraform/modules/vpc
Initializing provider plugins...
- Finding hashicorp/aws versions matching "">= 5.0.0""...
- Installing hashicorp/aws v6.54.0...
- Installed hashicorp/aws v6.54.0 (signed by HashiCorp)
Terraform has created a lock file .terraform.lock.hcl to record the provider
selections it made above. Include this file in your version control repository
so that Terraform can guarantee to make the same selections by default when
you run ""terraform init"" in the

...[LOG TRUNCATED]...

eway[0]: Creation complete after 0s [id=r-rtb-a3a41c59668b56e3d1080289494]
aws_security_group.sg: Creation complete after 0s [id=sg-1534baff227aeaef1]
aws_service_discovery_private_dns_namespace.namespace: Creation complete after 2s [id=5779b772]

Apply complete! Resources: 21 added, 0 changed, 0 destroyed.

Outputs:

namespace_id = ""5779b772""
private_subnets = [
  ""subnet-9752fc92cecc1fda2"",
  ""subnet-767137a4a993e940a"",
]
public_subnets = [
  ""subnet-9f6cbd6cb7f220d90"",
  ""subnet-a214cce722debd004"",
]
security_group_id = ""sg-1534baff227aeaef1""
vpc_id = ""vpc-3cc4d54547827eb92""

--- ERRORS ---",,108,702,2,1,2,"We need a Terraform template that creates a VPC with public and private subnets across two availability zones, a NAT gateway, a security group allowing SSH, HTTP, HTTPS, and ports 3000 and 5432 from anywhere, and a private DNS namespace for service discovery within the VPC.",87,"aws_availability_zones, aws_security_group, aws_service_discovery_private_dns_namespace"
terrads_acd23f021f82,Zenodo/TerraDS,iac_benchmark/scenarios/terrads_acd23f021f82,True,True,0,0,0,0,0,True,"--- INIT LOG ---
Initializing provider plugins...
- Finding latest version of hashicorp/aws...
- Installing hashicorp/aws v6.55.0...
- Installed hashicorp/aws v6.55.0 (signed by HashiCorp)
Terraform has created a lock file .terraform.lock.hcl to record the provider
selections it made above. Include this file in your version control repository
so that Terraform can guarantee to make the same selections by default when
you run ""terraform init"" in the future.

Terraform has been successfully initialized!

You may now begin working with Terraform. Try running ""terraform plan"" to see
any changes th

...[LOG TRUNCATED]...

-13eb586f978a263e2]
aws_security_group_rule.egress: Creation complete after 0s [id=sgrule-759043120]
aws_subnet.public_subnet: Still creating... [00m10s elapsed]
aws_subnet.public_subnet: Creation complete after 10s [id=subnet-7fcabac48203483df]
aws_route_table_association.link_public_access_route_table: Creating...
aws_route_table_association.link_public_access_route_table: Creation complete after 0s [id=rtbassoc-a3456a48db6d26961]

Apply complete! Resources: 7 added, 0 changed, 0 destroyed.

Outputs:

security_group = ""sg-df84b2e6906395975""
subnet = ""subnet-7fcabac48203483df""

--- ERRORS ---",,92,630,7,1,2,"We need a Terraform template that creates a basic AWS networking foundation for running an ECS Fargate task for testing purposes, using an IP range of 10.0.0.0/16 and a single public subnet with a CIDR of 10.0.0.0/24 that automatically assigns public IPs. The subnet must have outbound internet access through an internet gateway and a route table with a default route to 0.0.0.0/0, and all resources should accept a variable map of custom tags. Additionally, the security group associated with the ECS task should allow unrestricted outbound egress, and the template should output the security group ID and subnet ID for use in the Fargate service configuration.",88,"aws_internet_gateway, aws_route_table, aws_route_table_association, aws_security_group, aws_security_group_rule, aws_subnet, aws_vpc"
terrads_b10ea28367db,Zenodo/TerraDS,iac_benchmark/scenarios/terrads_b10ea28367db,True,True,0,0,0,0,0,True,"--- INIT LOG ---
Initializing provider plugins...
- Finding latest version of hashicorp/aws...
- Installing hashicorp/aws v6.57.1...
- Installed hashicorp/aws v6.57.1 (signed by HashiCorp)
Terraform has created a lock file .terraform.lock.hcl to record the provider
selections it made above. Include this file in your version control repository
so that Terraform can guarantee to make the same selections by default when
you run ""terraform init"" in the future.

Terraform has been successfully initialized!

You may now begin working with Terraform. Try running ""terraform plan"" to see
any changes th

...[LOG TRUNCATED]...

n complete after 0s [id=subnet-f0a28fb0d711ff14c]
aws_subnet.private_subnets[0]: Creation complete after 0s [id=subnet-1342da5991a5fe4e3]

Apply complete! Resources: 5 added, 0 changed, 0 destroyed.

Outputs:

aws_vpc_main_id = ""vpc-489386e29accec7c9""
private_subnet_cidrs = tolist([
  ""10.0.3.0/24"",
  ""10.0.4.0/24"",
])
private_subnets = [
  ""subnet-1342da5991a5fe4e3"",
  ""subnet-8c539eaef735f3b3e"",
]
public_subnet_cidrs = tolist([
  ""10.0.1.0/24"",
  ""10.0.2.0/24"",
])
public_subnets = [
  ""subnet-0b6ca597798020943"",
  ""subnet-f0a28fb0d711ff14c"",
]
vpc_default_cidr = ""10.0.0.0/16""

--- ERRORS ---",,92,578,3,4,2,"We need a Terraform template that creates a basic VPC for testing purposes with two public and two private subnets distributed across two availability zones in us-east-1, using the CIDR ranges 10.0.1.0/24 and 10.0.2.0/24 for the public subnets and 10.0.3.0/24 and 10.0.4.0/24 for the private subnets, with the VPC itself using the 10.0.0.0/16 block and DNS hostnames enabled.",89,"aws_availability_zones, aws_subnet, aws_vpc"
terrads_b16fe326aefb,Zenodo/TerraDS,iac_benchmark/scenarios/terrads_b16fe326aefb,True,True,0,0,0,0,0,True,"--- INIT LOG ---
Initializing provider plugins...
- Finding hashicorp/aws versions matching "">= 5.30.0""...
- Installing hashicorp/aws v6.60.0...
- Installed hashicorp/aws v6.60.0 (signed by HashiCorp)
Terraform has created a lock file .terraform.lock.hcl to record the provider
selections it made above. Include this file in your version control repository
so that Terraform can guarantee to make the same selections by default when
you run ""terraform init"" in the future.

Terraform has been successfully initialized!

You may now begin working with Terraform. Try running ""terraform plan"" to see
an

...[LOG TRUNCATED]...

hanges that are required for your infrastructure. All Terraform commands
should now work.

If you ever set or change modules or backend configuration for Terraform,
rerun this command to reinitialize your working directory. If you forget, other
commands will detect it and remind you to do so if necessary.

--- APPLY LOG ---

Changes to Outputs:
  + endpoints          = {}

You can apply this plan to save these new output values to the Terraform
state, without changing any real infrastructure.

Apply complete! Resources: 0 added, 0 changed, 0 destroyed.

Outputs:

endpoints = {}

--- ERRORS ---","NON-JSON OUTPUT:
",211,1511,3,13,2,,90,"aws_security_group, aws_security_group_rule, aws_vpc_endpoint, aws_vpc_endpoint_service"
terrads_b9c4d791e93e,Zenodo/TerraDS,iac_benchmark/scenarios/terrads_b9c4d791e93e,True,True,0,0,0,0,0,True,"--- INIT LOG ---
Initializing provider plugins...
- Finding latest version of hashicorp/aws...
- Installing hashicorp/aws v6.55.0...
- Installed hashicorp/aws v6.55.0 (signed by HashiCorp)
Terraform has created a lock file .terraform.lock.hcl to record the provider
selections it made above. Include this file in your version control repository
so that Terraform can guarantee to make the same selections by default when
you run ""terraform init"" in the future.

Terraform has been successfully initialized!

You may now begin working with Terraform. Try running ""terraform plan"" to see
any changes th

...[LOG TRUNCATED]...

ito_identity_pool.identity-pool: Creation complete after 0s [id=us-east-1:f4226c41]
aws_iam_role.authenticated: Creating...
aws_iam_role.authenticated: Creation complete after 0s [id=cognito_authenticated]
aws_iam_role_policy.authenticated: Creating...
aws_cognito_identity_pool_roles_attachment.main: Creating...
aws_cognito_identity_pool_roles_attachment.main: Creation complete after 0s [id=us-east-1:f4226c41]
aws_iam_role_policy.authenticated: Creation complete after 0s [id=cognito_authenticated:authenticated_policy]

Apply complete! Resources: 6 added, 0 changed, 0 destroyed.

--- ERRORS ---",,115,661,6,5,2,"We need a Terraform template that creates an AWS Cognito user pool named ""my-user-pool"" with a client named ""user1"", an identity pool named ""my-identity-pool"" configured to only support authenticated identities (with unauthenticated access and classic flow both disabled), and an IAM role for authenticated users that grants permissions to mobile analytics and Cognito services, with that role attached to the identity pool for authenticated identities; the identity pool must be linked to the user pool and its client via a cognito identity providers block, and the IAM role must include a trust policy that allows Cognito Identity to assume the role for authenticated users.",91,"aws_cognito_identity_pool, aws_cognito_identity_pool_roles_attachment, aws_cognito_user_pool, aws_cognito_user_pool_client, aws_iam_role, aws_iam_role_policy"
terrads_c65b90756666,Zenodo/TerraDS,iac_benchmark/scenarios/terrads_c65b90756666,True,True,0,0,0,0,0,True,"--- INIT LOG ---
Initializing provider plugins...
- Finding latest version of hashicorp/aws...
- Installing hashicorp/aws v6.56.0...
- Installed hashicorp/aws v6.56.0 (signed by HashiCorp)
Terraform has created a lock file .terraform.lock.hcl to record the provider
selections it made above. Include this file in your version control repository
so that Terraform can guarantee to make the same selections by default when
you run ""terraform init"" in the future.

Terraform has been successfully initialized!

You may now begin working with Terraform. Try running ""terraform plan"" to see
any changes th

...[LOG TRUNCATED]...

u ever set or change modules or backend configuration for Terraform,
rerun this command to reinitialize your working directory. If you forget, other
commands will detect it and remind you to do so if necessary.

--- APPLY LOG ---

Changes to Outputs:
  + DefaultTags  = {}
  + RDSClusters  = []
  + RDSInstances = []

You can apply this plan to save these new output values to the Terraform
state, without changing any real infrastructure.

Apply complete! Resources: 0 added, 0 changed, 0 destroyed.

Outputs:

DefaultTags = tomap({})
RDSClusters = toset([])
RDSInstances = toset([])

--- ERRORS ---",,184,1353,2,3,2,"We need a Terraform template that creates multiple RDS instances and Aurora clusters from user-provided maps of configuration objects, supporting customizable engine, version, instance class, storage, master credentials, VPC security groups, and scaling settings (including serverless and provisioned modes), and outputs the endpoints and key attributes for each database. The user must supply the `rds_instances` and `rds_clusters` maps with all required fields, along with a `tags` map, and no static resources are defined—everything is driven by the input variables.",92,"aws_db_instance, aws_rds_cluster"
terrads_cc2314d436a6,Zenodo/TerraDS,iac_benchmark/scenarios/terrads_cc2314d436a6,True,True,0,0,0,0,0,True,"--- INIT LOG ---
Initializing provider plugins...
- Finding latest version of hashicorp/aws...
- Installing hashicorp/aws v6.55.0...
- Installed hashicorp/aws v6.55.0 (signed by HashiCorp)
Terraform has created a lock file .terraform.lock.hcl to record the provider
selections it made above. Include this file in your version control repository
so that Terraform can guarantee to make the same selections by default when
you run ""terraform init"" in the future.

Terraform has been successfully initialized!

You may now begin working with Terraform. Try running ""terraform plan"" to see
any changes that are required for your infrastructure. All Terraform commands
should now work.

If you ever set or change modules or backend configuration for Terraform,
rerun this command to reinitialize your working directory. If you forget, other
commands will detect it and remind you to do so if necessary.

--- APPLY LOG ---

No changes. Your infrastructure matches the configuration.

Terraform has compared your real infrastructure against your configuration
and found no differences, so no changes are needed.

Apply complete! Resources: 0 added, 0 changed, 0 destroyed.

--- ERRORS ---",,108,724,3,9,2,"We need a Terraform template that creates AWS CloudWatch Observability Access Manager (OAM) resources to enable cross-account observability between a monitoring account and source accounts, where the template provisions a new OAM sink with a name derived from a base name variable (defaulting to ""cloudwatch-oam"" with ""-sink"" appended) and optionally attaches a sink policy that allows principals from specified AWS Organizations organization IDs to create and update links to the sink, restricted to the resource types of AWS::CloudWatch::Metric and AWS::Logs::LogGroup, and also provisions a new OAM link that uses a separate variable for the sink identifier (defaulting to an empty string) so that the user must explicitly set that variable to reference the sink created in the same stack or another sink, with a label template of ""$AccountName"" and the same resource types, where both the sink and link creation are controlled by separate boolean feature flags (defaulting to false), and all resources are tagged with a common set of tags including a cost tag of ""shared"", a creator tag of ""terraform"", and a git repository name tag (defaulting to ""terraform-aws-cloudwatch-oam""), merged with any user-provided tags, and the template should output the sink ID when the sink is enabled.",93,"aws_oam_link, aws_oam_sink, aws_oam_sink_policy"
terrads_dc2f8b198974,Zenodo/TerraDS,iac_benchmark/scenarios/terrads_dc2f8b198974,True,True,0,0,0,0,0,True,"--- INIT LOG ---
Initializing provider plugins...
- Finding latest version of hashicorp/aws...
- Installing hashicorp/aws v6.54.0...
- Installed hashicorp/aws v6.54.0 (signed by HashiCorp)
Terraform has created a lock file .terraform.lock.hcl to record the provider
selections it made above. Include this file in your version control repository
so that Terraform can guarantee to make the same selections by default when
you run ""terraform init"" in the future.

Terraform has been successfully initialized!

You may now begin working with Terraform. Try running ""terraform plan"" to see
any changes th

...[LOG TRUNCATED]...

 to reinitialize your working directory. If you forget, other
commands will detect it and remind you to do so if necessary.

--- APPLY LOG ---

Changes to Outputs:
  + athena_database_id    = """"
  + athena_named_query_id = """"
  + athena_workgroup_arn  = """"
  + athena_workgroup_id   = """"

You can apply this plan to save these new output values to the Terraform
state, without changing any real infrastructure.

Apply complete! Resources: 0 added, 0 changed, 0 destroyed.

Outputs:

athena_database_id = """"
athena_named_query_id = """"
athena_workgroup_arn = """"
athena_workgroup_id = """"

--- ERRORS ---",,258,1906,3,20,2,"We need a Terraform template that creates an AWS Athena database, workgroup, and named query, with the ability to enable or disable each resource individually via boolean flags, and to optionally specify encryption configurations for both the database and the workgroup's query results; the template should accept a name and environment prefix for resource naming, a required S3 bucket for the database, and a required query string for the named query, while leaving room for standard defaults like primary workgroup and common tags.",94,"aws_athena_database, aws_athena_named_query, aws_athena_workgroup"
terrads_ddd7dab835e8,Zenodo/TerraDS,iac_benchmark/scenarios/terrads_ddd7dab835e8,True,True,0,0,0,0,0,True,"--- INIT LOG ---
Initializing provider plugins...
- Finding latest version of hashicorp/aws...
- Installing hashicorp/aws v6.55.0...
- Installed hashicorp/aws v6.55.0 (signed by HashiCorp)
Terraform has created a lock file .terraform.lock.hcl to record the provider
selections it made above. Include this file in your version control repository
so that Terraform can guarantee to make the same selections by default when
you run ""terraform init"" in the future.

Terraform has been successfully initialized!

You may now begin working with Terraform. Try running ""terraform plan"" to see
any changes th

...[LOG TRUNCATED]...

"":
   1: resource ""aws_dynamodb_table"" ""aggregate_metrics"" {

hash_key is deprecated. Use key_schema instead.

(and 2 more similar warnings elsewhere)

Apply complete! Resources: 2 added, 0 changed, 0 destroyed.

Outputs:

aggregate_metrics_arn = ""arn:aws:dynamodb:us-east-1:000000000000:table/aggregate_metrics""
aggregate_metrics_name = ""aggregate_metrics""
raw_metrics_arn = ""arn:aws:dynamodb:us-east-1:000000000000:table/raw_metrics""
raw_metrics_name = ""raw_metrics""
raw_metrics_stream_arn = ""arn:aws:dynamodb:us-east-1:000000000000:table/raw_metrics/stream/2026-07-15T18:51:46.731""

--- ERRORS ---",,84,386,2,0,2,"We need a Terraform template that creates two DynamoDB tables for a metrics pipeline: a raw_metrics table that stores incoming data using a string hash key named uuid, enables DynamoDB streams with NEW_IMAGE view type for downstream processing, and uses TTL on an expdate attribute to automatically discard records after 24 hours, and an aggregate_metrics table that uses string composite primary key attributes (pk as hash key and sk as range key) with a global secondary index named IdentifierIndex on a string attribute named identifier to support querying aggregated results, where both tables use on-demand capacity, server-side encryption, and the aggregate table has point-in-time recovery enabled while the raw table intentionally skips backups since its data is ephemeral.",95,aws_dynamodb_table
terrads_e48951ad696a,Zenodo/TerraDS,iac_benchmark/scenarios/terrads_e48951ad696a,True,True,0,0,0,0,0,True,"--- INIT LOG ---
Initializing provider plugins...
- Finding latest version of hashicorp/aws...
- Installing hashicorp/aws v6.57.1...
- Installed hashicorp/aws v6.57.1 (signed by HashiCorp)
Terraform has created a lock file .terraform.lock.hcl to record the provider
selections it made above. Include this file in your version control repository
so that Terraform can guarantee to make the same selections by default when
you run ""terraform init"" in the future.

Terraform has been successfully initialized!

You may now begin working with Terraform. Try running ""terraform plan"" to see
any changes th

...[LOG TRUNCATED]...

_subnet_2_cidr = ""172.31.16.0/20""
private_subnet_2_id = ""subnet-131d235a2efd372f8""
private_subnets = [
  ""subnet-654e952a2a649c18a"",
  ""subnet-131d235a2efd372f8"",
]
private_subnets_cidr = [
  ""172.31.0.0/20"",
  ""172.31.16.0/20"",
]
public_subnet_1_cidr = ""172.31.0.0/20""
public_subnet_1_id = ""subnet-654e952a2a649c18a""
public_subnet_2_cidr = ""172.31.16.0/20""
public_subnet_2_id = ""subnet-131d235a2efd372f8""
public_subnets = [
  ""subnet-654e952a2a649c18a"",
  ""subnet-131d235a2efd372f8"",
]
public_subnets_cidr = [
  ""172.31.0.0/20"",
  ""172.31.16.0/20"",
]
vpc_id = ""vpc-3eac2f420b6d78a0c""

--- ERRORS ---",,90,712,3,0,2,"We need a Terraform template that references the default VPC and its default subnets in the first two availability zones of the region, and outputs the VPC ID, the IDs and CIDR blocks of both default subnets, and also provides lists of those subnet IDs and CIDR blocks for use in other modules.",96,"aws_availability_zones, aws_default_subnet, aws_default_vpc"
terrads_eb31b3f11263,Zenodo/TerraDS,iac_benchmark/scenarios/terrads_eb31b3f11263,True,True,0,0,0,0,0,True,"--- INIT LOG ---
Initializing provider plugins...
- Finding hashicorp/aws versions matching "">= 4.40.0""...
- Installing hashicorp/aws v6.53.0...
- Installed hashicorp/aws v6.53.0 (signed by HashiCorp)
Terraform has created a lock file .terraform.lock.hcl to record the provider
selections it made above. Include this file in your version control repository
so that Terraform can guarantee to make the same selections by default when
you run ""terraform init"" in the future.

Terraform has been successfully initialized!

You may now begin working with Terraform. Try running ""terraform plan"" to see
an

...[LOG TRUNCATED]...

m_policy_document.this[0]: Read complete after 0s [id=3398318939]
aws_sns_topic_policy.this[0]: Creating...
aws_sns_topic_policy.this[0]: Creation complete after 0s [id=arn:aws:sns:us-east-1:000000000000:terraform-0042126146081d2ca3bc2b368d]

Apply complete! Resources: 2 added, 0 changed, 0 destroyed.

Outputs:

subscriptions = {}
topic_arn = ""arn:aws:sns:us-east-1:000000000000:terraform-0042126146081d2ca3bc2b368d""
topic_id = ""arn:aws:sns:us-east-1:000000000000:terraform-0042126146081d2ca3bc2b368d""
topic_name = ""terraform-0042126146081d2ca3bc2b368d""
topic_owner = ""000000000000""

--- ERRORS ---","NON-JSON OUTPUT:
",377,2691,3,22,2,"We need a Terraform template that creates an SNS topic with optional topic policy and subscriptions, supporting features like FIFO, content-based deduplication, encryption via a KMS key, delivery policies, display names, and success/failure feedback roles for application, Firehose, HTTP, Lambda, and SQS endpoints, where the topic policy can be either fully custom or built from a default statement that restricts all actions to the owning AWS account plus additional custom statements, and subscriptions are defined as a map with support for protocols, endpoints, filter policies, redrive policies, and subscription roles, all controlled by a create flag and with outputs for the topic ARN, ID, name, owner, and the map of subscriptions.",97,"aws_caller_identity, aws_iam_policy_document, aws_sns_topic, aws_sns_topic_policy, aws_sns_topic_subscription"
terrads_ebaf7a67fef3,Zenodo/TerraDS,iac_benchmark/scenarios/terrads_ebaf7a67fef3,True,True,0,0,0,0,0,True,"--- INIT LOG ---
Initializing provider plugins...
- Finding hashicorp/aws versions matching "">= 5.46.0""...
- Installing hashicorp/aws v6.56.0...
- Installed hashicorp/aws v6.56.0 (signed by HashiCorp)
Terraform has created a lock file .terraform.lock.hcl to record the provider
selections it made above. Include this file in your version control repository
so that Terraform can guarantee to make the same selections by default when
you run ""terraform init"" in the future.

Terraform has been successfully initialized!

You may now begin working with Terraform. Try running ""terraform plan"" to see
an

...[LOG TRUNCATED]...

hanges that are required for your infrastructure. All Terraform commands
should now work.

If you ever set or change modules or backend configuration for Terraform,
rerun this command to reinitialize your working directory. If you forget, other
commands will detect it and remind you to do so if necessary.

--- APPLY LOG ---

Changes to Outputs:
  + endpoints          = {}

You can apply this plan to save these new output values to the Terraform
state, without changing any real infrastructure.

Apply complete! Resources: 0 added, 0 changed, 0 destroyed.

Outputs:

endpoints = {}

--- ERRORS ---",,212,1526,3,13,2,"We need a Terraform template that creates VPC endpoints (both Interface and Gateway types) based on a configurable map of endpoint definitions, where each entry can specify the service name or service name, service type (defaulting to Interface), subnet IDs for Interface endpoints, route table IDs for Gateway endpoints, security group IDs, private DNS settings, and a policy; the template must accept a VPC ID, default subnet IDs, and default security group IDs to apply to all endpoints, and optionally create a dedicated security group with custom ingress/egress rules (with defaults for protocol and ports) that can be associated with the endpoints, while also supporting tagging and configurable timeouts for resource creation, updates, and deletion.",98,"aws_security_group, aws_security_group_rule, aws_vpc_endpoint, aws_vpc_endpoint_service"
terrads_edc16ae09987,Zenodo/TerraDS,iac_benchmark/scenarios/terrads_edc16ae09987,True,True,0,0,0,0,0,True,"--- INIT LOG ---
Initializing provider plugins...
- Finding latest version of hashicorp/aws...
- Installing hashicorp/aws v6.55.0...
- Installed hashicorp/aws v6.55.0 (signed by HashiCorp)
Terraform has created a lock file .terraform.lock.hcl to record the provider
selections it made above. Include this file in your version control repository
so that Terraform can guarantee to make the same selections by default when
you run ""terraform init"" in the future.

Terraform has been successfully initialized!

You may now begin working with Terraform. Try running ""terraform plan"" to see
any changes th

...[LOG TRUNCATED]...

assoc-f52114591be3a24fc]
aws_route_table_association.public-associations[1]: Creation complete after 0s [id=rtbassoc-330c958ecce191b0f]
aws_route_table_association.public-associations[0]: Creation complete after 0s [id=rtbassoc-e865fa4caa4adc5bb]

Apply complete! Resources: 18 added, 0 changed, 0 destroyed.

Outputs:

primary_vpc_id = ""vpc-ebf9acfe4ee03efcb""
subnets = [
  ""subnet-9147125653af0a64d"",
  ""subnet-ff98e8315b5bdd0f3"",
  ""subnet-3d3382351ab79de71"",
  ""subnet-f260fb5b281d09445"",
  ""subnet-3cb568cb31418539b"",
  ""subnet-09e7b088979522551"",
  ""subnet-bcf55de1e58e34096"",
]

--- ERRORS ---",,110,686,6,4,2,"We need a Terraform template that creates a multi-tier network environment for testing purposes, provisioning a primary VPC using the CIDR range 10.10.0.0/16 with seven subnets, an internet gateway attached to the VPC, and two route tables where one route table has a default route to the internet gateway and is associated with three of the subnets while the other route table is associated with the remaining four subnets, and the template should output the VPC ID and all subnet IDs.",99,"aws_internet_gateway, aws_route_table, aws_route_table_association, aws_subnet, aws_vpc"
terrads_ff2491455676,Zenodo/TerraDS,iac_benchmark/scenarios/terrads_ff2491455676,True,True,0,0,0,0,0,True,"--- INIT LOG ---
Initializing provider plugins...
- Finding latest version of hashicorp/aws...
- Installing hashicorp/aws v6.56.0...
- Installed hashicorp/aws v6.56.0 (signed by HashiCorp)
Terraform has created a lock file .terraform.lock.hcl to record the provider
selections it made above. Include this file in your version control repository
so that Terraform can guarantee to make the same selections by default when
you run ""terraform init"" in the future.

Terraform has been successfully initialized!

You may now begin working with Terraform. Try running ""terraform plan"" to see
any changes th

...[LOG TRUNCATED]...

pagation"" = ""enable""
  ""description"" = """"
  ""dns_support"" = ""enable""
  ""encryption_support"" = tostring(null)
  ""id"" = ""tgw-4e7e48a56b4bb8ff8""
  ""multicast_support"" = ""disable""
  ""owner_id"" = ""000000000000""
  ""propagation_default_route_table_id"" = ""tgw-rtb-bc066e073d944d998""
  ""region"" = ""us-east-1""
  ""security_group_referencing_support"" = ""disable""
  ""tags"" = tomap({
    ""Name"" = """"
  })
  ""tags_all"" = tomap({
    ""Name"" = """"
  })
  ""timeouts"" = null /* object */
  ""transit_gateway_cidr_blocks"" = toset(null) /* of string */
  ""vpn_ecmp_support"" = ""enable""
}
tgw_attachments = {}

--- ERRORS ---",,255,2085,2,11,2,"We need a Terraform template that creates a transit gateway with a default Autonomous System Number (ASN) of 64512 and provisions multiple VPC attachments to it, with the ability to optionally use an existing transit gateway specified by an ID or a filter for lookup, and we need to configure DNS support, VPN ECMP support, default route table association, default route table propagation, and auto-accept shared attachments, and for each VPC attachment we need to supply the subnet IDs, VPC ID, and optionally set appliance mode, DNS support, IPv6 support, and whether to associate and propagate with the default route table, and we need to tag the transit gateway and each attachment separately.",100,"aws_ec2_transit_gateway, aws_ec2_transit_gateway_vpc_attachment"
gh_0af37618,ValeriiVasianovych/terraform-iac,iac_benchmark/scenarios/gh_0af37618,True,True,0,0,0,0,0,True,"--- INIT LOG ---
Initializing provider plugins...
- Finding latest version of hashicorp/aws...
- Installing hashicorp/aws v6.58.0...
- Installed hashicorp/aws v6.58.0 (signed by HashiCorp)
Terraform has created a lock file .terraform.lock.hcl to record the provider
selections it made above. Include this file in your version control repository
so that Terraform can guarantee to make the same selections by default when
you run ""terraform init"" in the future.

Terraform has been successfully initialized!

You may now begin working with Terraform. Try running ""terraform plan"" to see
any changes th

...[LOG TRUNCATED]...

te_table_association.private_routes[0]: Creation complete after 0s [id=rtbassoc-bd27c6eaaa33f9084]

Apply complete! Resources: 17 added, 0 changed, 0 destroyed.

Outputs:

account_id = ""000000000000""
private_subnet_cidrs = [
  ""10.0.20.0/24"",
  ""10.0.21.0/24"",
]
private_subnet_ids = [
  ""subnet-c28fa76e53a4e9463"",
  ""subnet-72175c8f620cff433"",
]
public_subnet_cidrs = [
  ""10.0.10.0/24"",
  ""10.0.11.0/24"",
]
public_subnet_ids = [
  ""subnet-1158207e44910c108"",
  ""subnet-16ed54603f98a26cc"",
]
region = ""US East (N. Virginia)""
vpc_cidr = ""10.0.0.0/16""
vpc_id = ""vpc-9c6e3333397930d91""

--- ERRORS ---",,177,1156,10,6,3,"We need a Terraform template that creates a multi-tier VPC for testing purposes, provisioning two public subnets and two private subnets using a count-based approach across available availability zones, with the public subnets configured to auto-assign public IPs on launch, an internet gateway attached to the VPC for outbound internet access from the public subnets, a NAT gateway and an Elastic IP per private subnet to enable outbound connectivity from private resources, and separate route tables for public and private subnets with appropriate 0.0.0.0/0 routes, using the default variable values for region us-east-1, the environment tag ""test"", a VPC CIDR block of 10.0.0.0/16, public subnet CIDRs of 10.0.10.0/24 and 10.0.11.0/24, private subnet CIDRs of 10.0.20.0/24 and 10.0.21.0/24, and common tags specifying the Owner as ""Valerii Vasianovych"" and Project as ""Terraform AWS"", and the template must also output the region description, the AWS account ID, the VPC ID, the IDs of all public and private subnets, and the CIDR blocks for the VPC, public subnets, and private subnets.",101,"aws_availability_zones, aws_caller_identity, aws_eip, aws_internet_gateway, aws_nat_gateway, aws_region, aws_route_table, aws_route_table_association, aws_subnet, aws_vpc"
gh_288218eb,Tianyi2/IRIS,iac_benchmark/scenarios/gh_288218eb,True,True,0,0,0,0,0,True,"--- INIT LOG ---
Initializing provider plugins...
- Finding latest version of hashicorp/aws...
- Installing hashicorp/aws v6.52.0...
- Installed hashicorp/aws v6.52.0 (signed by HashiCorp)
Terraform has created a lock file .terraform.lock.hcl to record the provider
selections it made above. Include this file in your version control repository
so that Terraform can guarantee to make the same selections by default when
you run ""terraform init"" in the future.

Terraform has been successfully initialized!

You may now begin working with Terraform. Try running ""terraform plan"" to see
any changes that are required for your infrastructure. All Terraform commands
should now work.

If you ever set or change modules or backend configuration for Terraform,
rerun this command to reinitialize your working directory. If you forget, other
commands will detect it and remind you to do so if necessary.

--- APPLY LOG ---

Changes to Outputs:
  + acm_certificate_validation_id                            = """"
  + acmpca_certificate_authority_arn                         = """"
  + acmpca_certificate_authority_certificate                 = """"
  + acmpca_certificate_authority_certificate_chain           = """"
  + acmpca_certificate_authority_certificate_signing_request = """"
  + acmpca_certificate_authority_id                          = """"
  + acmpca_certificate_authority_not_after                   = """"
  + acmpca_certificate_authority_not_before                  = """"
  + acmpca_certificate_authority_serial                      = """"
  + acmpca_certificate_authority_status                      = """"
  + aws_acm_certificate_arn                                  = """"
  + aws_acm_certificate_domain_name                          = """"
  + aws_acm_certificate_domain_validation_options            = """"
  + aws_acm_certificate_id                                   = """"

You can apply this plan to save these new output values to the Terraform
state, without changing any real infrastructure.

Apply complete! Resources: 0 added, 0 changed, 0 destroyed.

Outputs:

acm_certificate_validation_id = """"
acmpca_certificate_authority_arn = """"
acmpca_certificate_authority_certificate = """"
acmpca_certificate_authority_certificate_chain = """"
acmpca_certificate_authority_certificate_signing_request = """"
acmpca_certificate_authority_id = """"
acmpca_certificate_authority_not_after = """"
acmpca_certificate_authority_not_before = """"
acmpca_certificate_authority_serial = """"
acmpca_certificate_authority_status = """"
aws_acm_certificate_arn = """"
aws_acm_certificate_domain_name = """"
aws_acm_certificate_domain_validation_options = """"
aws_acm_certificate_id = """"

--- ERRORS ---",,457,3577,5,25,3,"We need a Terraform template that creates AWS ACM certificate resources for testing purposes, supporting three mutually exclusive acquisition modes controlled by feature flags that ensure exactly one of the following is active at a time: requesting a new public certificate with DNS or EMAIL validation, importing an existing certificate from PEM private key, body, and chain inputs, or issuing a certificate from a private CA using an ACMPCA ARN; it should also optionally create a DNS validation resource and an AWS Private CA authority with configurable key and signing algorithms, subject details, optional CRL revocation settings, and a permanent deletion window, use sensible defaults of ""TEST"" for the resource name prefix and ""STAGE"" for the environment and derive a default certificate domain from those values when none is supplied, and follow standard best practices such as create-before-destroy and exposing clean output values for certificate ARNs, IDs, domain validation options, and CA attributes.",102,"aws_acm_certificate, aws_acm_certificate_validation, aws_acmpca_certificate_authority"
gh_3ec69cfa,Tianyi2/IRIS,iac_benchmark/scenarios/gh_3ec69cfa,True,True,0,0,0,0,0,True,"--- INIT LOG ---
Initializing provider plugins...
- Finding latest version of hashicorp/aws...
- Installing hashicorp/aws v6.51.0...
- Installed hashicorp/aws v6.51.0 (signed by HashiCorp)
Terraform has created a lock file .terraform.lock.hcl to record the provider
selections it made above. Include this file in your version control repository
so that Terraform can guarantee to make the same selections by default when
you run ""terraform init"" in the future.

Terraform has been successfully initialized!

You may now begin working with Terraform. Try running ""terraform plan"" to see
any changes that are required for your infrastructure. All Terraform commands
should now work.

If you ever set or change modules or backend configuration for Terraform,
rerun this command to reinitialize your working directory. If you forget, other
commands will detect it and remind you to do so if necessary.

--- APPLY LOG ---

Changes to Outputs:
  + efs_access_point_arn                    = """"
  + efs_access_point_file_system_arn        = """"
  + efs_access_point_id                     = """"
  + efs_file_system_arn                     = """"
  + efs_file_system_dns_name                = """"
  + efs_file_system_id                      = """"
  + efs_file_system_kms_key_id              = """"
  + efs_file_system_policy_id               = """"
  + efs_mount_target_availability_zone_id   = """"
  + efs_mount_target_availability_zone_name = """"
  + efs_mount_target_dns_name               = """"
  + efs_mount_target_file_system_arn        = """"
  + efs_mount_target_id                     = """"
  + efs_mount_target_mount_target_dns_name  = """"
  + efs_mount_target_network_interface_id   = """"
  + efs_mount_target_owner_id               = """"

You can apply this plan to save these new output values to the Terraform
state, without changing any real infrastructure.

Apply complete! Resources: 0 added, 0 changed, 0 destroyed.

Outputs:

efs_access_point_arn = """"
efs_access_point_file_system_arn = """"
efs_access_point_id = """"
efs_file_system_arn = """"
efs_file_system_dns_name = """"
efs_file_system_id = """"
efs_file_system_kms_key_id = """"
efs_file_system_policy_id = """"
efs_mount_target_availability_zone_id = """"
efs_mount_target_availability_zone_name = """"
efs_mount_target_dns_name = """"
efs_mount_target_file_system_arn = """"
efs_mount_target_id = """"
efs_mount_target_mount_target_dns_name = """"
efs_mount_target_network_interface_id = """"
efs_mount_target_owner_id = """"

--- ERRORS ---",,386,2922,4,25,3,"We need a Terraform template that creates an AWS EFS file system, with optional mount targets, a file system policy, and an access point, all conditionally enabled via boolean variables that default to false, so each resource is only created when its corresponding enable variable is set to true; the file system should be encrypted by default (encrypted defaults to true), use general purpose performance mode, and support an optional lifecycle policy (defaulting to an empty list, meaning no lifecycle policy is applied) to transition files to Infrequent Access, while the template must allow specifying the file system name, encryption key ARN, throughput mode (defaulting to null, which means bursting), and provisioned throughput; for mount targets, it should accept a list of subnet IDs and optional security groups and IP addresses; the file system policy should accept a JSON policy document, and the access point should support POSIX user and root directory configuration with creation info; all resources should use the provided name and environment tags with a default prefix of ""TEST"" and ""STAGE"".",103,"aws_efs_access_point, aws_efs_file_system, aws_efs_file_system_policy, aws_efs_mount_target"
gh_48c5e87c,Tianyi2/IRIS,iac_benchmark/scenarios/gh_48c5e87c,True,True,0,0,0,0,0,True,"--- INIT LOG ---
Initializing provider plugins...
- Finding latest version of hashicorp/aws...
- Installing hashicorp/aws v6.52.0...
- Installed hashicorp/aws v6.52.0 (signed by HashiCorp)
Terraform has created a lock file .terraform.lock.hcl to record the provider
selections it made above. Include this file in your version control repository
so that Terraform can guarantee to make the same selections by default when
you run ""terraform init"" in the future.

Terraform has been successfully initialized!

You may now begin working with Terraform. Try running ""terraform plan"" to see
any changes that are required for your infrastructure. All Terraform commands
should now work.

If you ever set or change modules or backend configuration for Terraform,
rerun this command to reinitialize your working directory. If you forget, other
commands will detect it and remind you to do so if necessary.

--- APPLY LOG ---

Changes to Outputs:
  + sns_topic_arn                    = """"
  + sns_topic_id                     = """"
  + sns_topic_policy_id              = """"
  + sns_topic_subscription_arn       = """"
  + sns_topic_subscription_endpoint  = """"
  + sns_topic_subscription_id        = """"
  + sns_topic_subscription_protocol  = """"
  + sns_topic_subscription_topic_arn = """"

You can apply this plan to save these new output values to the Terraform
state, without changing any real infrastructure.

Apply complete! Resources: 0 added, 0 changed, 0 destroyed.

Outputs:

sns_topic_arn = """"
sns_topic_id = """"
sns_topic_policy_id = """"
sns_topic_subscription_arn = """"
sns_topic_subscription_endpoint = """"
sns_topic_subscription_id = """"
sns_topic_subscription_protocol = """"
sns_topic_subscription_topic_arn = """"

--- ERRORS ---",,497,3881,5,56,3,"We need a Terraform template that creates a highly configurable SNS module supporting multiple optional components including a topic, subscriptions with configurable protocol and endpoints, a topic policy, SMS preferences, and a platform application, where each component is conditionally created based on user-controlled flags so that users can select only what they need, and the module should be self-contained by provisioning all resources itself, including the ability to reference the topic ARN from within the module or accept an externally provided ARN for the policy and subscriptions, while requiring platform credentials and platform name for the application component and allowing custom tags and a naming convention based on name and environment variables.",104,"aws_sns_platform_application, aws_sns_sms_preferences, aws_sns_topic, aws_sns_topic_policy, aws_sns_topic_subscription"
gh_6f9b1167,Tianyi2/IRIS,iac_benchmark/scenarios/gh_6f9b1167,True,True,0,0,0,0,0,True,"--- INIT LOG ---
Initializing provider plugins...
- Finding latest version of hashicorp/random...
- Finding latest version of hashicorp/aws...
- Installing hashicorp/aws v6.58.0...
- Installed hashicorp/aws v6.58.0 (signed by HashiCorp)
- Installing hashicorp/random v3.9.0...
- Installed hashicorp/random v3.9.0 (signed by HashiCorp)
Terraform has created a lock file .terraform.lock.hcl to record the provider
selections it made above. Include this file in your version control repository
so that Terraform can guarantee to make the same selections by default when
you run ""terraform init"" in the f

...[LOG TRUNCATED]...

ation complete after 0s [id=9d625501]

Warning: Deprecated attribute

  on main.tf line 49, in resource ""aws_apigatewayv2_integration"" ""sqs_integration"":
  49:   integration_uri        = ""arn:aws:apigateway:${data.aws_region.current.name}:sqs:path/${data.aws_caller_identity.current.account_id}/${aws_sqs_queue.sqs_queue.name}""

The attribute ""name"" is deprecated. Refer to the provider documentation for
details.

(and 7 more similar warnings elsewhere)

Apply complete! Resources: 18 added, 0 changed, 0 destroyed.

Outputs:

ws_endpoint = ""ws://localhost.localstack.cloud:4510/dev""

--- ERRORS ---",,184,1484,17,0,3,"We need a Terraform template that creates a WebSocket API Gateway with a random pet-named prefix using a route selection expression of $request.body.action, provisions an IAM role with an assume role policy for API Gateway and attaches policies granting full SQS access and CloudWatch logs permissions, creates an SQS queue, sets up a mock integration for the $connect route and an SQS integration for the $default route that forwards incoming WebSocket messages to the queue, and a second SQS integration for the $disconnect route that sends a hardcoded ""Client disconnected"" message, and deploys the API to a ""dev"" stage with auto-deploy enabled and access logging to a CloudWatch log group with a 1-day retention period.",105,"aws_apigatewayv2_api, aws_apigatewayv2_integration, aws_apigatewayv2_integration_response, aws_apigatewayv2_route, aws_apigatewayv2_route_response, aws_apigatewayv2_stage, aws_caller_identity, aws_cloudwatch_log_group, aws_iam_role, aws_iam_role_policy, aws_iam_role_policy_attachment, aws_region, aws_sqs_queue"
gh_7b224d4a,Tianyi2/IRIS,iac_benchmark/scenarios/gh_7b224d4a,True,True,0,0,0,0,0,True,"--- INIT LOG ---
Initializing provider plugins...
- Finding latest version of hashicorp/aws...
- Installing hashicorp/aws v6.58.0...
- Installed hashicorp/aws v6.58.0 (signed by HashiCorp)
Terraform has created a lock file .terraform.lock.hcl to record the provider
selections it made above. Include this file in your version control repository
so that Terraform can guarantee to make the same selections by default when
you run ""terraform init"" in the future.

Terraform has been successfully initialized!

You may now begin working with Terraform. Try running ""terraform plan"" to see
any changes th

...[LOG TRUNCATED]...

reation complete after 31s [id=332c84ef]
aws_cloudfront_distribution.example_fail_one_missing_one_bad: Creation complete after 31s [id=cc8f7f01]
aws_cloudfront_distribution.example_pass_httpsonly: Creation complete after 31s [id=96c9e8c2]
aws_cloudfront_distribution.example_fail_one_good_one_bad: Creation complete after 31s [id=257a88be]
aws_cloudfront_distribution.example_pass_disabled: Creation complete after 31s [id=ce2706dc]
aws_cloudfront_distribution.example_pass_domain: Creation complete after 31s [id=6d2975eb]

Apply complete! Resources: 7 added, 0 changed, 0 destroyed.

--- ERRORS ---",,340,2058,7,0,3,"We need a Terraform template that creates a set of AWS CloudFront distributions for testing security policy checks, covering multiple distributions with a mix of enabled and disabled flags, and origins with domain names such as example.data.mediastore.amazonaws.com, example.com, and example.elb.amazonaws.com, where for those distributions that include a custom origin configuration we need to set the origin’s protocol policy to either allow both HTTP and HTTPS or enforce HTTPS only, to cover both compliant and non-compliant scenarios, with some distributions having multiple origins combining safe and unsafe domains, and some omitting the custom origin configuration entirely, so that the policy correctly marks distributions as failures when they are enabled, have a custom origin with a protocol that does not enforce HTTPS-only, and use a domain containing 'mediastore', 'mediapackage', or 'elb'.",106,aws_cloudfront_distribution
gh_88540324,Tianyi2/IRIS,iac_benchmark/scenarios/gh_88540324,True,True,0,0,0,0,0,True,"--- INIT LOG ---
Initializing provider plugins...
- Finding latest version of hashicorp/aws...
- Installing hashicorp/aws v6.58.0...
- Installed hashicorp/aws v6.58.0 (signed by HashiCorp)
Terraform has created a lock file .terraform.lock.hcl to record the provider
selections it made above. Include this file in your version control repository
so that Terraform can guarantee to make the same selections by default when
you run ""terraform init"" in the future.

Terraform has been successfully initialized!

You may now begin working with Terraform. Try running ""terraform plan"" to see
any changes th

...[LOG TRUNCATED]...

ces: 0 added, 0 changed, 0 destroyed.

Outputs:

_resource_arn = """"
codeartifact_domain_arn = """"
codeartifact_domain_asset_size_bytes = """"
codeartifact_domain_created_time = """"
codeartifact_domain_domain = """"
codeartifact_domain_id = """"
codeartifact_domain_owner = """"
codeartifact_domain_permissions_policy_id = """"
codeartifact_domain_repository_count = """"
codeartifact_repository_administrator_account = """"
codeartifact_repository_arn = """"
codeartifact_repository_id = """"
codeartifact_repository_permissions_policy_id = """"
codeartifact_repository_permissions_resource_policy_arn = """"

--- ERRORS ---",,338,2560,4,24,3,"We need a Terraform template that creates an AWS CodeArtifact domain and repository for managing software packages, with the ability to optionally attach resource-based permissions policies to both the domain and the repository. The template should be designed to conditionally create each resource based on separate enable flags, and it must support specifying custom names for the domain and repository, falling back to a naming convention that combines a base name, the literal string “-codeartifact-domain-” or “-codeartifact-repository-”, and an environment suffix, all converted to lowercase. The domain resource must accept an optional KMS encryption key ARN, and the repository must support defining upstream repositories and external connections as dynamic blocks. The permissions policies should be conditionally created and linked to their respective domain or repository, with the policy document provided as a JSON string. All resources should use a consistent set of tags merged with a Name tag, and the template must output the key attributes of each created resource, including IDs, ARNs, domain owner, creation timestamp, repository count, and asset size for the domain, as well as the resource ARN for the permissions policies.",107,"aws_codeartifact_domain, aws_codeartifact_domain_permissions_policy, aws_codeartifact_repository, aws_codeartifact_repository_permissions_policy"
gh_8963e028,Tianyi2/IRIS,iac_benchmark/scenarios/gh_8963e028,True,True,0,0,0,0,0,True,"--- INIT LOG ---
Initializing provider plugins...
- Finding latest version of hashicorp/aws...
- Installing hashicorp/aws v6.53.0...
- Installed hashicorp/aws v6.53.0 (signed by HashiCorp)
Terraform has created a lock file .terraform.lock.hcl to record the provider
selections it made above. Include this file in your version control repository
so that Terraform can guarantee to make the same selections by default when
you run ""terraform init"" in the future.

Terraform has been successfully initialized!

You may now begin working with Terraform. Try running ""terraform plan"" to see
any changes th

...[LOG TRUNCATED]...

 = """"

You can apply this plan to save these new output values to the Terraform
state, without changing any real infrastructure.

Apply complete! Resources: 0 added, 0 changed, 0 destroyed.

Outputs:

backup_global_settings_id = """"
backup_plan_arn = """"
backup_plan_id = """"
backup_plan_version = """"
backup_region_settings_id = """"
backup_selection_id = """"
backup_vault_arn = """"
backup_vault_id = """"
backup_vault_notifications_backup_vault_arn = """"
backup_vault_notifications_id = """"
backup_vault_policy_backup_vault_arn = """"
backup_vault_policy_id = """"
backup_vault_recovery_points = """"

--- ERRORS ---",,482,3239,7,26,3,"We need a Terraform template that creates a self-contained AWS Backup testing infrastructure including a backup vault, a backup plan with configurable rules and lifecycle policies specified via a variable, and a backup selection that can use either resource ARNs or tag-based conditions, where each resource is conditionally created based on boolean enable flags that default to false, with the backup plan created only when enable_backup_plan is true, the backup selection created only when enable_backup_selection is true and requiring a new IAM role ARN to be provided via a variable, optional global settings that default to enabling cross-account backup, optional region settings that default to opting in for DynamoDB, Aurora, EBS, EC2, EFS, FSx, RDS, and Storage Gateway, vault notifications that accept an existing SNS topic ARN via a variable for events such as BACKUP_JOB_STARTED and RESTORE_JOB_COMPLETED, and a vault policy in JSON format, all using a configurable name prefix and environment tag.",108,"aws_backup_global_settings, aws_backup_plan, aws_backup_region_settings, aws_backup_selection, aws_backup_vault, aws_backup_vault_notifications, aws_backup_vault_policy"
terrads_037b2fe08aa0,Zenodo/TerraDS,iac_benchmark/scenarios/terrads_037b2fe08aa0,True,True,0,0,0,0,0,True,"--- INIT LOG ---
Initializing provider plugins...
- Finding hashicorp/aws versions matching "">= 3.31.0""...
- Installing hashicorp/aws v6.58.0...
- Installed hashicorp/aws v6.58.0 (signed by HashiCorp)
Terraform has created a lock file .terraform.lock.hcl to record the provider
selections it made above. Include this file in your version control repository
so that Terraform can guarantee to make the same selections by default when
you run ""terraform init"" in the future.

Terraform has been successfully initialized!

You may now begin working with Terraform. Try running ""terraform plan"" to see
an

...[LOG TRUNCATED]...

future
changes to the argument in configuration after the object has been created,
retaining the value originally configured.

The attribute estimated_number_of_users is decided by the provider alone and
therefore there can be no configured value to compare with. Including this
attribute in ignore_changes has no effect. Remove the attribute from
ignore_changes to quiet this warning.

Apply complete! Resources: 1 added, 0 changed, 0 destroyed.

Outputs:

arn = ""arn:aws:cognito-idp:us-east-1:000000000000:userpool/us-east-1_ab793cf577644d158c7855256f2ab731""
clients_id = tolist([])

--- ERRORS ---",,547,3854,5,43,3,"We need a Terraform template that creates an AWS Cognito user pool with configurable name, alias attributes, auto-verified attributes, MFA configuration, email/SMS verification messages, verification message templates, account recovery mechanisms, invite message templates, device configuration, lambda triggers, schema attributes, software token MFA, username case sensitivity, and admin create user settings; it should also create multiple user pool clients from a list of names with configurable token validity, OAuth flows, scopes, identity providers, callback/logout URLs, explicit auth flows, and other standard client parameters; optionally provision a custom domain using an ACM certificate and a Route53 A record pointing to the CloudFront distribution, and optionally create a user group with an IAM role and precedence; the template must be fully parameterized via variables, modular, and follow Terraform best practices.",109,"aws_cognito_user_group, aws_cognito_user_pool, aws_cognito_user_pool_client, aws_cognito_user_pool_domain, aws_route53_record"
terrads_0b839c616027,Zenodo/TerraDS,iac_benchmark/scenarios/terrads_0b839c616027,True,True,0,0,0,0,0,True,"--- INIT LOG ---
Initializing provider plugins...
- Finding hashicorp/aws versions matching "">= 4.0.0""...
- Installing hashicorp/aws v6.53.0...
- Installed hashicorp/aws v6.53.0 (signed by HashiCorp)
Terraform has created a lock file .terraform.lock.hcl to record the provider
selections it made above. Include this file in your version control repository
so that Terraform can guarantee to make the same selections by default when
you run ""terraform init"" in the future.

Terraform has been successfully initialized!

You may now begin working with Terraform. Try running ""terraform plan"" to see
any

...[LOG TRUNCATED]...

e Terraform
state, without changing any real infrastructure.

Apply complete! Resources: 0 added, 0 changed, 0 destroyed.

Outputs:

admin_iam_role_arn = """"
admin_iam_role_name = """"
admin_iam_role_path = """"
admin_iam_role_requires_mfa = true
admin_iam_role_unique_id = """"
poweruser_iam_role_arn = """"
poweruser_iam_role_name = """"
poweruser_iam_role_path = """"
poweruser_iam_role_requires_mfa = true
poweruser_iam_role_unique_id = """"
readonly_iam_role_arn = """"
readonly_iam_role_name = """"
readonly_iam_role_path = """"
readonly_iam_role_requires_mfa = true
readonly_iam_role_unique_id = """"

--- ERRORS ---","NON-JSON OUTPUT:
",512,3492,6,27,3,"We need a Terraform template that creates a set of IAM roles for an organization with admin, poweruser, and readonly access levels, where the creation of each role is individually toggleable, and each role should support an optional MFA requirement for assumption with a configurable MFA age limit that defaults to 86400 seconds; the trust policy must allow assumption by both specified AWS principal ARNs and AWS services, and it must also support an optional self-assumption capability that explicitly allows each role to assume itself, and the template should be designed so that standard outputs expose the ARN, name, path, unique ID, and MFA requirement status of each created role.",110,"aws_caller_identity, aws_iam_policy_document, aws_iam_role, aws_iam_role_policy_attachment, aws_partition"
terrads_0ee2a2760917,Zenodo/TerraDS,iac_benchmark/scenarios/terrads_0ee2a2760917,True,True,0,0,0,0,0,True,"--- INIT LOG ---
Initializing modules...
Downloading registry.terraform.io/cloudposse/label/null 0.25.0 for this...
- this in .terraform/modules/this
Initializing provider plugins...
- Finding hashicorp/aws versions matching ""~> 5.60""...
- Installing hashicorp/aws v5.100.0...
- Installed hashicorp/aws v5.100.0 (signed by HashiCorp)
Terraform has created a lock file .terraform.lock.hcl to record the provider
selections it made above. Include this file in your version control repository
so that Terraform can guarantee to make the same selections by default when
you run ""terraform init"" in the fu

...[LOG TRUNCATED]...

get, other
commands will detect it and remind you to do so if necessary.

--- APPLY LOG ---
data.aws_caller_identity.current: Reading...
data.aws_caller_identity.current: Read complete after 0s [id=000000000000]

Changes to Outputs:
  + route53_record_fqdn = {}
  + route53_record_name = {}
  + vpc_id              = []

You can apply this plan to save these new output values to the Terraform
state, without changing any real infrastructure.

Apply complete! Resources: 0 added, 0 changed, 0 destroyed.

Outputs:

route53_record_fqdn = {}
route53_record_name = {}
vpc_id = tolist([])

--- ERRORS ---","NON-JSON OUTPUT:
",615,5072,5,28,3,"We need a Terraform template that creates and manages Route53 hosted zones and DNS records in AWS, supporting both public and private zones with VPC associations, where zone creation is controlled by a `create_phz` variable that defaults to false, and records can be created in a zone specified by the `zone_id` variable when zone creation is skipped, with support for A, AAAA, CNAME, MX, TXT, and alias records, automatic TXT record splitting at 255 characters, a configurable default TTL of 3600 seconds, an `allow_overwrite` variable defaulting to false, and optional DNSSEC key creation for public zones, all using Cloud Posse labeling conventions and requiring Terraform 1.5 or later with the AWS provider version 5.60 or later.",111,"aws_caller_identity, aws_kms_key, aws_route53_hosted_zone_dnssec, aws_route53_key_signing_key, aws_route53_record, aws_route53_zone"
terrads_1ab0fa194791,Zenodo/TerraDS,iac_benchmark/scenarios/terrads_1ab0fa194791,True,True,0,0,0,0,0,True,"--- INIT LOG ---
Initializing provider plugins...
- Finding latest version of hashicorp/aws...
- Finding latest version of hashicorp/random...
- Installing hashicorp/aws v6.58.0...
- Installed hashicorp/aws v6.58.0 (signed by HashiCorp)
- Installing hashicorp/random v3.9.0...
- Installed hashicorp/random v3.9.0 (signed by HashiCorp)
Terraform has created a lock file .terraform.lock.hcl to record the provider
selections it made above. Include this file in your version control repository
so that Terraform can guarantee to make the same selections by default when
you run ""terraform init"" in the f

...[LOG TRUNCATED]...

in resource ""random_string"" ""random"":
   6:     number  = true

**NOTE**: This is deprecated, use `numeric` instead.

(and 2 more similar warnings elsewhere)

Warning: Argument is deprecated

  with aws_s3_bucket.cloudtrail_bucket,
  on s3.tf line 9, in resource ""aws_s3_bucket"" ""cloudtrail_bucket"":
   9: resource ""aws_s3_bucket"" ""cloudtrail_bucket"" {

server_side_encryption_configuration is deprecated. Use the
aws_s3_bucket_server_side_encryption_configuration resource instead.

(and 2 more similar warnings elsewhere)

Apply complete! Resources: 8 added, 0 changed, 0 destroyed.

--- ERRORS ---",,244,1590,9,5,3,"We need a Terraform template that creates a CloudTrail trail for management events, logging to a dedicated S3 bucket with server-side encryption and public access blocked, streaming to a CloudWatch log group via an IAM role, and optionally encrypting the trail with a customer-managed KMS key, with the trail configurable as an organization trail; the trail must be multi-region, enable log file validation, include global service events, and capture all read/write management events, while the template should also provision the supporting IAM role, CloudWatch log group, KMS key and alias (when encryption is enabled), and the S3 bucket policy that grants CloudTrail the necessary permissions.",112,"aws_caller_identity, aws_cloudtrail, aws_cloudwatch_log_group, aws_iam_policy_document, aws_iam_role, aws_iam_role_policy, aws_kms_alias, aws_kms_key, aws_s3_bucket, aws_s3_bucket_policy, aws_s3_bucket_public_access_block"
terrads_1d6f0e58e59c,Zenodo/TerraDS,iac_benchmark/scenarios/terrads_1d6f0e58e59c,True,True,0,0,0,0,0,True,"--- INIT LOG ---
Initializing provider plugins...
- Finding latest version of hashicorp/aws...
- Installing hashicorp/aws v6.56.0...
- Installed hashicorp/aws v6.56.0 (signed by HashiCorp)
Terraform has created a lock file .terraform.lock.hcl to record the provider
selections it made above. Include this file in your version control repository
so that Terraform can guarantee to make the same selections by default when
you run ""terraform init"" in the future.

Terraform has been successfully initialized!

You may now begin working with Terraform. Try running ""terraform plan"" to see
any changes th

...[LOG TRUNCATED]...

c: Creating...
aws_route.public: Creation complete after 1s [id=r-rtb-b5bc226d07d2ead401080289494]
aws_subnet.public[1]: Still creating... [00m10s elapsed]
aws_subnet.public[0]: Still creating... [00m10s elapsed]
aws_subnet.public[1]: Creation complete after 10s [id=subnet-3e89f5bf85114ef91]
aws_subnet.public[0]: Creation complete after 10s [id=subnet-6d9613ee5bf830b47]

Apply complete! Resources: 6 added, 0 changed, 0 destroyed.

Outputs:

cidr_block = ""10.0.0.0/16""
id = ""vpc-41d98b61113611d8c""
public_subnet_ids = [
  ""subnet-6d9613ee5bf830b47"",
  ""subnet-3e89f5bf85114ef91"",
]

--- ERRORS ---",,177,1004,5,14,3,"We need a Terraform template that creates a VPC in us-east-1 with a CIDR block of 10.0.0.0/16, two public subnets across two availability zones using CIDRs 10.0.0.0/24 and 10.0.2.0/24 respectively, an internet gateway named ""demogwInternet"", a public route table with a default route to that gateway, and appropriate tags for project ""demo"" and environment ""poc"", and outputs the VPC ID, the list of public subnet IDs, and the VPC CIDR block.",113,"aws_internet_gateway, aws_route, aws_route_table, aws_subnet, aws_vpc"
terrads_1db4706734d9,Zenodo/TerraDS,iac_benchmark/scenarios/terrads_1db4706734d9,True,True,0,0,0,0,0,True,"--- INIT LOG ---
Initializing provider plugins...
- Finding hashicorp/aws versions matching "">= 4.0.0""...
- Installing hashicorp/aws v6.53.0...
- Installed hashicorp/aws v6.53.0 (signed by HashiCorp)
Terraform has created a lock file .terraform.lock.hcl to record the provider
selections it made above. Include this file in your version control repository
so that Terraform can guarantee to make the same selections by default when
you run ""terraform init"" in the future.

Terraform has been successfully initialized!

You may now begin working with Terraform. Try running ""terraform plan"" to see
any

...[LOG TRUNCATED]...

.aws_region.current.name

The attribute ""name"" is deprecated. Refer to the provider documentation for
details.

(and 2 more similar warnings elsewhere)

Apply complete! Resources: 1 added, 0 changed, 0 destroyed.

Outputs:

arn = ""arn:aws:sns:us-east-1:000000000000:terraform-b1abebca8cd2dcc991a53acb9a""
id = ""arn:aws:sns:us-east-1:000000000000:terraform-b1abebca8cd2dcc991a53acb9a""
owner = ""000000000000""
subscription_arn = []
subscription_confirmation_was_authenticated = []
subscription_id = []
subscription_owner_id = []
subscription_pending_confirmation = []
tags_all = tomap({})

--- ERRORS ---","NON-JSON OUTPUT:
",381,2811,5,29,3,"We need a Terraform template that creates an SNS topic with optional server-side encryption using a customer-managed KMS key, and optional topic policy and subscriptions, supporting both standard and FIFO topics with content-based deduplication, configurable delivery policies, feedback roles for application, HTTP, Lambda, SQS, and Firehose protocols with sample rates, and a KMS key that, when created, includes a policy allowing the CloudWatch Logs service and the root user to perform encryption and decryption operations, with key rotation enabled by default and an alias that names the key based on the topic name (stripping the .fifo suffix), while subscriptions are defined via a map variable with endpoints, protocols, and optional redrive and filter policies, and outputs expose the topic ARN, owner, tags, and subscription ARNs along with confirmation and authentication statuses.",114,"aws_caller_identity, aws_kms_alias, aws_kms_key, aws_partition, aws_region, aws_sns_topic, aws_sns_topic_policy, aws_sns_topic_subscription"
terrads_24c03d00dfc1,Zenodo/TerraDS,iac_benchmark/scenarios/terrads_24c03d00dfc1,True,True,0,0,0,0,0,True,"--- INIT LOG ---
Initializing provider plugins...
- Finding latest version of hashicorp/aws...
- Installing hashicorp/aws v6.58.0...
- Installed hashicorp/aws v6.58.0 (signed by HashiCorp)
Terraform has created a lock file .terraform.lock.hcl to record the provider
selections it made above. Include this file in your version control repository
so that Terraform can guarantee to make the same selections by default when
you run ""terraform init"" in the future.

Terraform has been successfully initialized!

You may now begin working with Terraform. Try running ""terraform plan"" to see
any changes th

...[LOG TRUNCATED]...

=TestUser-rwwise.dev:test_cicd_user_policy]
aws_iam_user_policy.dev: Creation complete after 1s [id=DevUser-rwwise.dev:dev_cicd_user_policy]
aws_iam_user_policy.prod: Creation complete after 1s [id=ProdUser-rwwise.dev:prod_cicd_user_policy]

Apply complete! Resources: 9 added, 0 changed, 0 destroyed.

Outputs:

current_user = ""000000000000""
dev_user_name = ""DevUser-rwwise.dev""
dev_user_unique_id = ""AIDAQAAAAAAALDUJ44XRO""
prod_user_name = ""ProdUser-rwwise.dev""
prod_user_unique_id = ""AIDAQAAAAAAAK2UT5HILR""
test = ""TestUser-rwwise.dev""
test_user_unique_id = ""AIDAQAAAAAAAIB6H4ODZD""

--- ERRORS ---",,239,1598,9,0,3,"We need a Terraform template that creates three IAM users named ""DevUser-rwwise.dev"", ""TestUser-rwwise.dev"", and ""ProdUser-rwwise.dev"" under the ""/system/"" path, each with an access key and an inline policy that allows read-only access to CodeBuild, CodeCommit, CloudWatch, Events, and Logs, plus specific read access to CodeStar Connections and CodeStar Notifications, where the CodeStar Notifications DescribeNotificationRule action is restricted by a condition that limits it to resources matching ""arn:aws:codebuild:*"", and the template should include a common set of tags with the Name set to ""rwwise.dev Infrastructure Setup"" and the Repository set to ""https://github.com/zangrum/setup.inf.rwwise.dev"".",115,"aws_availability_zones, aws_caller_identity, aws_iam_access_key, aws_iam_policy_document, aws_iam_user, aws_iam_user_policy"
terrads_25476de431a3,Zenodo/TerraDS,iac_benchmark/scenarios/terrads_25476de431a3,True,True,0,0,0,0,0,True,"--- INIT LOG ---
Initializing provider plugins...
- Finding hashicorp/aws versions matching "">= 4.33.0""...
- Finding latest version of hashicorp/random...
- Installing hashicorp/aws v6.55.0...
- Installed hashicorp/aws v6.55.0 (signed by HashiCorp)
- Installing hashicorp/random v3.9.0...
- Installed hashicorp/random v3.9.0 (signed by HashiCorp)
Terraform has created a lock file .terraform.lock.hcl to record the provider
selections it made above. Include this file in your version control repository
so that Terraform can guarantee to make the same selections by default when
you run ""terraform in

...[LOG TRUNCATED]...

 = ""zcli datastore create <name> [--title=<title>] --dstype=<dstype> [--fqdn=<fqdn>] [--region=<region>] [--apikey=<apikey>] [--apipass=<password>] [--dpath=<dpath>]""
zcli_image_command = ""zcli image create my-image --title=my-image --datastore-name=my-s3-data-store --arch=AMD64 --image-format=qcow2 --image-url=<rel_url> --type=Application""
zcli_image_command_fmt = ""zcli image create <name> --datastore-name=<datastore> --arch=[AMD64|ARM64] --image-format=[raw|qcow|qcow2|vhd|vmdk|ova|vhdx|container] [--image-url=<rel_url>] [--title=<title>] [--type=[Eve|Application|EvePrivate]]""

--- ERRORS ---",,265,1994,7,15,3,"We need a Terraform template that creates an S3 bucket with an IAM user and a read-only policy scoped to that bucket, for integration with Zedcloud to host a virtual machine image, where the bucket name, IAM username, and policy name are configurable with an optional random suffix to avoid naming conflicts, and optionally it can create a folder inside the bucket and upload a specified image file; the template should output the zCLI commands needed to register the S3 bucket as a datastore and to create an image entry in Zedcloud, using the generated access key and secret, and the IAM policy should grant only s3:GetObject on all objects in the bucket and s3:ListBucket on the bucket itself.",116,"aws_iam_access_key, aws_iam_policy, aws_iam_policy_attachment, aws_iam_user, aws_region, aws_s3_bucket, aws_s3_bucket_public_access_block, aws_s3_object"
terrads_2b3dc3e26799,Zenodo/TerraDS,iac_benchmark/scenarios/terrads_2b3dc3e26799,True,True,0,0,0,0,0,True,"--- INIT LOG ---
Initializing provider plugins...
- Finding latest version of hashicorp/aws...
- Installing hashicorp/aws v6.58.0...
- Installed hashicorp/aws v6.58.0 (signed by HashiCorp)
Terraform has created a lock file .terraform.lock.hcl to record the provider
selections it made above. Include this file in your version control repository
so that Terraform can guarantee to make the same selections by default when
you run ""terraform init"" in the future.

Terraform has been successfully initialized!

You may now begin working with Terraform. Try running ""terraform plan"" to see
any changes th

...[LOG TRUNCATED]...

                 = """"

You can apply this plan to save these new output values to the Terraform
state, without changing any real infrastructure.

Apply complete! Resources: 0 added, 0 changed, 0 destroyed.

Outputs:

kms_alias_arn = """"
kms_alias_id = """"
kms_alias_target_key_arn = """"
kms_ciphertext_ciphertext_blob = """"
kms_ciphertext_id = """"
kms_external_key_arn = """"
kms_external_key_expiration_model = """"
kms_external_key_id = """"
kms_external_key_state = """"
kms_external_key_usage = """"
kms_grant_grant_id = """"
kms_grant_id = """"
kms_grant_token = """"
kms_key_arn = """"
kms_key_id = """"

--- ERRORS ---",,431,3565,5,37,3,"We need a Terraform template that creates a flexible AWS KMS module for managing encryption keys, supporting the creation of a KMS key with optional alias, grants, external key material import, and data encryption, where each component is independently enabled or disabled via boolean flags, and the module accepts configurable parameters for key description, deletion window, key usage, key rotation, key spec, and custom key policy, while the alias allows a configurable name, grants support specifying permissions and constraints, external keys allow importing key material with optional expiration and policy, and encryption encrypts plaintext with the specified key and optional encryption context, all tagged with configurable name and environment prefixes, and outputs the key ARN, key ID, alias ARN, grant ID, external key attributes, and encrypted data as needed.",117,"aws_kms_alias, aws_kms_ciphertext, aws_kms_external_key, aws_kms_grant, aws_kms_key"
terrads_2e8035ffc09c,Zenodo/TerraDS,iac_benchmark/scenarios/terrads_2e8035ffc09c,True,True,0,0,0,0,0,True,"--- INIT LOG ---
Initializing modules...
Downloading registry.terraform.io/Young-ook/spinnaker/aws 2.3.5 for frigga...
- frigga in .terraform/modules/frigga/modules/frigga
Initializing provider plugins...
- Finding hashicorp/aws versions matching "">= 4.0.0""...
- Finding latest version of hashicorp/random...
- Installing hashicorp/aws v6.55.0...
- Installed hashicorp/aws v6.55.0 (signed by HashiCorp)
- Installing hashicorp/random v3.9.0...
- Installed hashicorp/random v3.9.0 (signed by HashiCorp)
Terraform has created a lock file .terraform.lock.hcl to record the provider
selections it made abo

...[LOG TRUNCATED]...

y.read: Creation complete after 0s [id=arn:aws:iam::000000000000:policy/ecr-pxrlq-ecr-read]
aws_iam_policy.write: Creation complete after 0s [id=arn:aws:iam::000000000000:policy/ecr-pxrlq-ecr-write]

Apply complete! Resources: 6 added, 0 changed, 0 destroyed.

Outputs:

arn = ""arn:aws:ecr:us-east-1:000000000000:repository/ecr-pxrlq""
name = ""ecr-pxrlq""
policy_arns = {
  ""read"" = ""arn:aws:iam::000000000000:policy/ecr-pxrlq-ecr-read""
  ""write"" = ""arn:aws:iam::000000000000:policy/ecr-pxrlq-ecr-write""
}
url = ""000000000000.dkr.ecr.us-east-1.localhost.localstack.cloud:4566/ecr-pxrlq""

--- ERRORS ---",,201,1292,5,7,3,"We need a Terraform template that creates an Amazon ECR repository with a default lifecycle policy to expire images when the count exceeds two, supporting configurable image tag mutability and scanning on push, and generating separate IAM policies for read and write access to the repository, along with a repository policy that allows cross-account access from a list of trusted AWS account IDs, where the repository name is derived from an optional namespace combined with a name that defaults to ""ecr"" and optionally uses a random short name when no custom name is provided.",118,"aws_caller_identity, aws_ecr_lifecycle_policy, aws_ecr_repository, aws_ecr_repository_policy, aws_iam_policy"
terrads_3e8cb545e8ce,Zenodo/TerraDS,iac_benchmark/scenarios/terrads_3e8cb545e8ce,True,True,0,0,0,0,0,True,"--- INIT LOG ---
Initializing provider plugins...
- Finding hashicorp/aws versions matching "">= 2.0.0""...
- Installing hashicorp/aws v6.58.0...
- Installed hashicorp/aws v6.58.0 (signed by HashiCorp)
Terraform has created a lock file .terraform.lock.hcl to record the provider
selections it made above. Include this file in your version control repository
so that Terraform can guarantee to make the same selections by default when
you run ""terraform init"" in the future.

Terraform has been successfully initialized!

You may now begin working with Terraform. Try running ""terraform plan"" to see
any

...[LOG TRUNCATED]...

after 0s [id=1212588697]
data.aws_iam_policy_document.resource_private[0]: Reading...
data.aws_iam_policy_document.resource_public[0]: Reading...
data.aws_iam_policy_document.resource_private[0]: Read complete after 0s [id=1132004489]
data.aws_iam_policy_document.resource_public[0]: Read complete after 0s [id=1132004489]

Changes to Outputs:
  + repository_name = """"

You can apply this plan to save these new output values to the Terraform
state, without changing any real infrastructure.

Apply complete! Resources: 0 added, 0 changed, 0 destroyed.

Outputs:

repository_name = """"

--- ERRORS ---",,366,2629,5,16,3,"We need a Terraform template that creates an AWS ECR repository (either private or public, configurable via variables) with lifecycle policies to automatically expire untagged images after a configurable count (default 1) and rotate tagged images after a configurable maximum (default 10), image scanning on push enabled, immutable image tags, and KMS encryption by default (with optional custom KMS key ARN). The template must also support granting cross-account IAM principals either read-only or full access to the repository through separate variable lists, and include outputs for the registry ID, URL, repository name, and ARN.",119,"aws_ecr_lifecycle_policy, aws_ecr_repository, aws_ecr_repository_policy, aws_ecrpublic_repository, aws_iam_policy_document"
terrads_4ce463879462,Zenodo/TerraDS,iac_benchmark/scenarios/terrads_4ce463879462,True,True,0,0,0,0,0,True,"--- INIT LOG ---
Initializing modules...
Downloading registry.terraform.io/Young-ook/spinnaker/aws 3.0.2 for aws...
- aws in .terraform/modules/aws/modules/aws-partitions
Downloading registry.terraform.io/Young-ook/spinnaker/aws 2.3.5 for frigga...
- frigga in .terraform/modules/frigga/modules/frigga
Initializing provider plugins...
- Finding hashicorp/aws versions matching "">= 4.0.0""...
- Finding latest version of hashicorp/random...
- Installing hashicorp/aws v6.58.0...
- Installed hashicorp/aws v6.58.0 (signed by HashiCorp)
- Installing hashicorp/random v3.9.0...
- Installed hashicorp/rando

...[LOG TRUNCATED]...

ation complete after 0s [id=default-invoke]

Warning: Argument is deprecated

  with aws_iam_role.invoke,
  on main.tf line 27, in resource ""aws_iam_role"" ""invoke"":
  27: resource ""aws_iam_role"" ""invoke"" {

inline_policy is deprecated. Use the aws_iam_role_policy resource instead. If
Terraform should exclusively manage all inline policy associations (the
current behavior of this argument), use the aws_iam_role_policies_exclusive
resource as well.

(and one more similar warning elsewhere)

Apply complete! Resources: 3 added, 0 changed, 0 destroyed.

Outputs:

bus = {}
rules = {}

--- ERRORS ---",,166,1066,4,5,3,"We need a Terraform template that creates an AWS EventBridge configuration for scheduling and event-driven invocations, including an optional custom event bus (created only when a non-default name is provided), event rules that can be triggered by either a schedule expression or an event pattern, and event targets that route to Lambda functions or Step Functions state machines, with an IAM role automatically provisioned and attached only to Step Functions targets to allow EventBridge to invoke them.",120,"aws_cloudwatch_event_bus, aws_cloudwatch_event_rule, aws_cloudwatch_event_target, aws_iam_role"
terrads_51c59e2a63d8,Zenodo/TerraDS,iac_benchmark/scenarios/terrads_51c59e2a63d8,True,True,0,0,0,0,0,True,"--- INIT LOG ---
Initializing provider plugins...
- Finding hashicorp/aws versions matching "">= 3.50.0""...
- Installing hashicorp/aws v6.54.0...
- Installed hashicorp/aws v6.54.0 (signed by HashiCorp)
Terraform has created a lock file .terraform.lock.hcl to record the provider
selections it made above. Include this file in your version control repository
so that Terraform can guarantee to make the same selections by default when
you run ""terraform init"" in the future.

Terraform has been successfully initialized!

You may now begin working with Terraform. Try running ""terraform plan"" to see
an

...[LOG TRUNCATED]...

? var.acl : null

acl is deprecated. Use the aws_s3_bucket_acl resource instead.

(and one more similar warning elsewhere)

Apply complete! Resources: 2 added, 0 changed, 0 destroyed.

Outputs:

s3_bucket_arn = ""arn:aws:s3:::terraform-45e130aed0c152187c9241a957""
s3_bucket_bucket_domain_name = ""terraform-45e130aed0c152187c9241a957.s3.amazonaws.com""
s3_bucket_bucket_regional_domain_name = ""terraform-45e130aed0c152187c9241a957.s3.us-east-1.amazonaws.com""
s3_bucket_hosted_zone_id = ""Z3AQBSTGFYJSTF""
s3_bucket_id = ""terraform-45e130aed0c152187c9241a957""
s3_bucket_region = ""us-east-1""

--- ERRORS ---",,631,4803,4,29,3,"We need a Terraform template that creates a fully configurable S3 bucket with optional features like versioning, lifecycle rules, server-side encryption, static website hosting, CORS, logging, replication, and object lock, and which can attach a bucket policy to deny insecure transport requests or allow ELB/ALB log delivery, with the ability to control public access blocks and ownership settings, all exposed as a reusable module with outputs for the bucket ID, ARN, and website endpoints.",121,"aws_elb_service_account, aws_iam_policy_document, aws_s3_bucket, aws_s3_bucket_ownership_controls, aws_s3_bucket_policy, aws_s3_bucket_public_access_block"
terrads_54aa27d47fd9,Zenodo/TerraDS,iac_benchmark/scenarios/terrads_54aa27d47fd9,True,True,0,0,0,0,0,True,"--- INIT LOG ---
Initializing provider plugins...
- Finding hashicorp/aws versions matching "">= 4.62.0""...
- Installing hashicorp/aws v6.53.0...
- Installed hashicorp/aws v6.53.0 (signed by HashiCorp)
Terraform has created a lock file .terraform.lock.hcl to record the provider
selections it made above. Include this file in your version control repository
so that Terraform can guarantee to make the same selections by default when
you run ""terraform init"" in the future.

Terraform has been successfully initialized!

You may now begin working with Terraform. Try running ""terraform plan"" to see
an

...[LOG TRUNCATED]...

m_policy_document.this[0]: Read complete after 0s [id=1185348848]
aws_sns_topic_policy.this[0]: Creating...
aws_sns_topic_policy.this[0]: Creation complete after 0s [id=arn:aws:sns:us-east-1:000000000000:terraform-2b70081ab400780f0ba77617dd]

Apply complete! Resources: 2 added, 0 changed, 0 destroyed.

Outputs:

subscriptions = {}
topic_arn = ""arn:aws:sns:us-east-1:000000000000:terraform-2b70081ab400780f0ba77617dd""
topic_id = ""arn:aws:sns:us-east-1:000000000000:terraform-2b70081ab400780f0ba77617dd""
topic_name = ""terraform-2b70081ab400780f0ba77617dd""
topic_owner = ""000000000000""

--- ERRORS ---","NON-JSON OUTPUT:
",432,3237,4,25,3,"We need a Terraform template that creates an SNS topic with optional subscriptions and a default topic policy that restricts SNS actions to the same AWS account, supporting both standard and FIFO topics, configurable via variables for name or name prefix, encryption with KMS, delivery policies, and feedback roles, while also allowing custom topic policy statements and a data protection policy for non-FIFO topics.",122,"aws_caller_identity, aws_iam_policy_document, aws_sns_topic, aws_sns_topic_data_protection_policy, aws_sns_topic_policy, aws_sns_topic_subscription"
terrads_572e7016b959,Zenodo/TerraDS,iac_benchmark/scenarios/terrads_572e7016b959,True,True,0,0,0,0,0,True,"--- INIT LOG ---
Initializing provider plugins...
- Finding latest version of hashicorp/aws...
- Installing hashicorp/aws v6.57.1...
- Installed hashicorp/aws v6.57.1 (signed by HashiCorp)
Terraform has created a lock file .terraform.lock.hcl to record the provider
selections it made above. Include this file in your version control repository
so that Terraform can guarantee to make the same selections by default when
you run ""terraform init"" in the future.

Terraform has been successfully initialized!

You may now begin working with Terraform. Try running ""terraform plan"" to see
any changes th

...[LOG TRUNCATED]...

ront_distribution.frontend_distribution: Still creating... [00m10s elapsed]
aws_cloudfront_distribution.frontend_distribution: Still creating... [00m20s elapsed]
aws_cloudfront_distribution.frontend_distribution: Still creating... [00m30s elapsed]
aws_cloudfront_distribution.frontend_distribution: Creation complete after 30s [id=71f30728]

Apply complete! Resources: 7 added, 0 changed, 0 destroyed.

Outputs:

cloudfront_distribution_domain_name = ""71f30728.cloudfront.localhost.localstack.cloud""
cloudfront_distribution_id = ""71f30728""
frontend_bucket_name = ""dms-frontend-bucket""

--- ERRORS ---",,186,1114,7,2,3,"We need a Terraform template that creates a static website hosting infrastructure for a frontend application, using an S3 bucket configured for website hosting with public read access, a permissive CORS policy allowing GET, HEAD, PUT, and POST methods from any origin, and a CloudFront distribution fronting the bucket with a custom response headers policy that enforces strict security headers (including HSTS, XSS protection, frame denial, and a restrictive CSP allowing connections to an API Gateway endpoint), redirects HTTP to HTTPS, and uses the default CloudFront certificate. The bucket should be named ""dms-frontend-bucket"" and the region should default to us-east-1.",123,"aws_cloudfront_distribution, aws_cloudfront_response_headers_policy, aws_s3_bucket, aws_s3_bucket_cors_configuration, aws_s3_bucket_policy, aws_s3_bucket_public_access_block, aws_s3_bucket_website_configuration"
terrads_586a9474fd96,Zenodo/TerraDS,iac_benchmark/scenarios/terrads_586a9474fd96,True,True,0,0,0,0,0,True,"--- INIT LOG ---
Initializing provider plugins...
- Finding latest version of hashicorp/aws...
- Finding latest version of hashicorp/random...
- Installing hashicorp/aws v6.55.0...
- Installed hashicorp/aws v6.55.0 (signed by HashiCorp)
- Installing hashicorp/random v3.9.0...
- Installed hashicorp/random v3.9.0 (signed by HashiCorp)
Terraform has created a lock file .terraform.lock.hcl to record the provider
selections it made above. Include this file in your version control repository
so that Terraform can guarantee to make the same selections by default when
you run ""terraform init"" in the f

...[LOG TRUNCATED]...

precated

  with random_string.suffix,
  on labels.tf line 6, in resource ""random_string"" ""suffix"":
   6:   number  = false

**NOTE**: This is deprecated, use `numeric` instead.

(and 2 more similar warnings elsewhere)

Apply complete! Resources: 5 added, 0 changed, 0 destroyed.

Outputs:

arn = ""arn:aws:ecr:us-east-1:000000000000:repository/isbol""
name = ""isbol""
policy_arns = {
  ""read"" = ""arn:aws:iam::000000000000:policy/isbol-ecr-read""
  ""write"" = ""arn:aws:iam::000000000000:policy/isbol-ecr-write""
}
url = ""000000000000.dkr.ecr.us-east-1.localhost.localstack.cloud:4566/isbol""

--- ERRORS ---",,204,1293,5,7,3,"We need a Terraform template that creates an Amazon ECR repository with configurable image tag mutability (default MUTABLE) and scan on push (default false), generates a random suffix if no name is provided, composes the repository name from a namespace and name, and optionally applies a lifecycle policy that defaults to expiring images when the count exceeds 2 if a custom policy is not provided; it must also create separate IAM policies for read and write access to the repository, and apply a repository policy that allows cross-account access from a list of trusted AWS account IDs.",124,"aws_caller_identity, aws_ecr_lifecycle_policy, aws_ecr_repository, aws_ecr_repository_policy, aws_iam_policy"
terrads_58f499b02851,Zenodo/TerraDS,iac_benchmark/scenarios/terrads_58f499b02851,True,True,0,0,0,0,0,True,"--- INIT LOG ---
Initializing provider plugins...
- Finding hashicorp/aws versions matching "">= 5.1.0""...
- Installing hashicorp/aws v6.53.0...
- Installed hashicorp/aws v6.53.0 (signed by HashiCorp)
Terraform has created a lock file .terraform.lock.hcl to record the provider
selections it made above. Include this file in your version control repository
so that Terraform can guarantee to make the same selections by default when
you run ""terraform init"" in the future.

Terraform has been successfully initialized!

You may now begin working with Terraform. Try running ""terraform plan"" to see
any

...[LOG TRUNCATED]...

rking directory. If you forget, other
commands will detect it and remind you to do so if necessary.

--- APPLY LOG ---

Changes to Outputs:
  + data_catalogs_arns = {}
  + data_catalogs_ids  = {}
  + databases_ids      = {}
  + named_queries_ids  = {}
  + workgroups_arns    = {}

You can apply this plan to save these new output values to the Terraform
state, without changing any real infrastructure.

Apply complete! Resources: 0 added, 0 changed, 0 destroyed.

Outputs:

data_catalogs_arns = {}
data_catalogs_ids = {}
databases_ids = {}
named_queries_ids = {}
workgroups_arns = {}

--- ERRORS ---","NON-JSON OUTPUT:
",273,2257,4,6,3,"We need a Terraform template that creates and manages Athena workgroups, databases, named queries, and data catalogs, with support for configurable encryption, ACL options, engine version selection, and S3 output locations, while allowing multiple instances of each resource via for_each loops and a global toggle to control resource creation.",125,"aws_athena_data_catalog, aws_athena_database, aws_athena_named_query, aws_athena_workgroup"
terrads_5b4e0301422a,Zenodo/TerraDS,iac_benchmark/scenarios/terrads_5b4e0301422a,True,True,0,0,0,0,0,True,"--- INIT LOG ---
Initializing provider plugins...
- Finding latest version of hashicorp/aws...
- Finding latest version of hashicorp/random...
- Installing hashicorp/aws v6.54.0...
- Installed hashicorp/aws v6.54.0 (signed by HashiCorp)
- Installing hashicorp/random v3.9.0...
- Installed hashicorp/random v3.9.0 (signed by HashiCorp)
Terraform has created a lock file .terraform.lock.hcl to record the provider
selections it made above. Include this file in your version control repository
so that Terraform can guarantee to make the same selections by default when
you run ""terraform init"" in the f

...[LOG TRUNCATED]...

nly_policy: Creating...
aws_iam_role_policy_attachment.prismacloud_role_policy_attachment: Creation complete after 0s [id=PrismaCloudReadWriteRole/arn:aws:iam::aws:policy/SecurityAudit]
aws_iam_role_policy.prismacloud_iam_readonly_policy: Creation complete after 0s [id=PrismaCloudReadWriteRole:PrismaCloud-IAM-ReadOnly-Policy]

Apply complete! Resources: 4 added, 0 changed, 0 destroyed.

Outputs:

account_id = ""000000000000""
external_id = ""o6QCQx0VhuDQWj8myF7UgpfkR5vdhxZK""
role_arn = ""arn:aws:iam::000000000000:role/PrismaCloudReadWriteRole""
role_name = ""PrismaCloudReadWriteRole""

--- ERRORS ---",,214,1794,4,3,3,"We need a Terraform template that creates an IAM role for Prisma Cloud account onboarding in us-east-1, using a role name of PrismaCloudReadWriteRole, with a trust policy that allows the Prisma Cloud AWS account ID arn:aws:iam::188619942792:root to assume the role using a randomly generated external ID. Optionally enable read-write remediation permissions via a boolean variable. The template should generate a random 32-character external ID string, attach the AWS-managed SecurityAudit policy, and conditionally attach an inline remediation policy when read-write is enabled, then output the account ID, role name, role ARN, and external ID for use in Prisma Cloud configuration.",126,"aws_caller_identity, aws_iam_role, aws_iam_role_policy, aws_iam_role_policy_attachment"
terrads_6516229c5944,Zenodo/TerraDS,iac_benchmark/scenarios/terrads_6516229c5944,True,True,0,0,0,0,0,True,"--- INIT LOG ---
Initializing provider plugins...
- Finding hashicorp/aws versions matching "">= 5.20.0""...
- Installing hashicorp/aws v6.53.0...
- Installed hashicorp/aws v6.53.0 (signed by HashiCorp)
Terraform has created a lock file .terraform.lock.hcl to record the provider
selections it made above. Include this file in your version control repository
so that Terraform can guarantee to make the same selections by default when
you run ""terraform init"" in the future.

Terraform has been successfully initialized!

You may now begin working with Terraform. Try running ""terraform plan"" to see
an

...[LOG TRUNCATED]...

t]

Warning: Argument is deprecated

  with aws_iam_role.instance[0],
  on main.tf line 111, in resource ""aws_iam_role"" ""instance"":
 111:   managed_policy_arns = [data.aws_iam_policy.iam_read_only_access.arn]

managed_policy_arns is deprecated. Use the aws_iam_role_policy_attachment
resource instead. If Terraform should exclusively manage all managed policy
attachments (the current behavior of this argument), use the
aws_iam_role_policy_attachments_exclusive resource as well.

(and one more similar warning elsewhere)

Apply complete! Resources: 11 added, 0 changed, 0 destroyed.

--- ERRORS ---","NON-JSON OUTPUT:
",232,1564,8,12,3,"We need a Terraform template that creates a complete IAM setup for a development environment, including an IAM group named ""developers"", two IAM users named ""jack"" and ""jones"", a custom IAM policy that grants read-only access to IAM and full access to S3 attached to the group, another custom IAM policy that allows the ec2:GetConsoleScreenshot action attached to each user, and an IAM role named ""instance_role"" that EC2 can assume and that has the AWS managed IAMReadOnlyAccess policy attached; the template should provide boolean toggles to independently enable or disable creation of the group, each policy, each policy attachment, the users, user-group membership, and the role, with all toggles defaulting to true, and should use the standard AWS provider with Terraform 1.0+.",127,"aws_iam_group, aws_iam_group_policy_attachment, aws_iam_policy, aws_iam_policy_document, aws_iam_role, aws_iam_user, aws_iam_user_group_membership, aws_iam_user_policy_attachment"
terrads_6ec75c3ea43a,Zenodo/TerraDS,iac_benchmark/scenarios/terrads_6ec75c3ea43a,True,True,0,0,0,0,0,True,"--- INIT LOG ---
Initializing provider plugins...
- Finding latest version of hashicorp/aws...
- Installing hashicorp/aws v6.54.0...
- Installed hashicorp/aws v6.54.0 (signed by HashiCorp)
Terraform has created a lock file .terraform.lock.hcl to record the provider
selections it made above. Include this file in your version control repository
so that Terraform can guarantee to make the same selections by default when
you run ""terraform init"" in the future.

Terraform has been successfully initialized!

You may now begin working with Terraform. Try running ""terraform plan"" to see
any changes th

...[LOG TRUNCATED]...

teway: Creation complete after 0s [id=nat-6c507250e57dfc0e7]
aws_route_table.main: Creation complete after 0s [id=rtb-6d5de333c9971a908]
aws_security_group.default_security_group: Creation complete after 0s [id=sg-9703f20ba5f740c01]
aws_subnet.subnet_a: Still creating... [00m10s elapsed]
aws_subnet.subnet_a: Creation complete after 10s [id=subnet-b6bfd88c6e5b0e45d]
aws_route_table_association.subnet_assoc: Creating...
aws_route_table_association.subnet_assoc: Creation complete after 0s [id=rtbassoc-c7ed33a962b3e9d6e]

Apply complete! Resources: 10 added, 0 changed, 0 destroyed.

--- ERRORS ---",,223,1320,10,19,3,"We need a Terraform template that creates a VPC for a DevOps project, spanning a CIDR block of 10.0.0.0/16 with DNS support and hostnames enabled, and provisions three subnets across three distinct availability zones with CIDRs 10.0.1.0/24, 10.0.2.0/24, and 10.0.3.0/24 respectively; the first subnet should be public and auto-assign public IPv4 addresses, while the other two remain private. The template must attach an internet gateway, create a route table with a default route to that gateway, and associate only the public subnet with it. Additionally, it must deploy a NAT gateway in the second subnet (private) using an Elastic IP allocated from a specified BYOIP pool (defaulting to ""amazon""), and include a security group that allows all outbound traffic; finally, output the NAT gateway's public IP for reference.",128,"aws_eip, aws_internet_gateway, aws_nat_gateway, aws_route_table, aws_route_table_association, aws_security_group, aws_subnet, aws_vpc"
terrads_7128db805974,Zenodo/TerraDS,iac_benchmark/scenarios/terrads_7128db805974,True,True,0,0,0,0,0,True,"--- INIT LOG ---
Initializing provider plugins...
- Finding latest version of hashicorp/aws...
- Installing hashicorp/aws v6.55.0...
- Installed hashicorp/aws v6.55.0 (signed by HashiCorp)
Terraform has created a lock file .terraform.lock.hcl to record the provider
selections it made above. Include this file in your version control repository
so that Terraform can guarantee to make the same selections by default when
you run ""terraform init"" in the future.

Terraform has been successfully initialized!

You may now begin working with Terraform. Try running ""terraform plan"" to see
any changes th

...[LOG TRUNCATED]...

ResourceSelection_premium: Creation complete after 0s [id=42e6bca5-ba56-445c-aac4-f30f8a19bbb9]
aws_backup_vault.BackupVault_Bronze: Creation complete after 0s [id=Bronze_Backup_Vault]
aws_backup_plan.BackupPlan_Bronze: Creating...
aws_backup_plan.BackupPlan_Bronze: Creation complete after 0s [id=e1c8b69d-ee8e-413b-9349-2ed777f41dde]
aws_backup_selection.BackupResourceSelection_Bronze: Creating...
aws_backup_selection.BackupResourceSelection_Bronze: Creation complete after 0s [id=411043ce-4cc9-4741-93a8-9e8a95b21db4]

Apply complete! Resources: 16 added, 0 changed, 0 destroyed.

--- ERRORS ---",,248,1776,16,0,3,"We need a Terraform template that creates a tiered AWS Backup architecture with four service levels—bronze, silver, gold, and premium—each using tag-based resource selection, where bronze backs up weekly on Fridays with a 10-day retention, silver provides daily backups at 5 AM with 7-day retention, gold implements daily, monthly, and yearly backups with retentions of 31, 365, and 2555 days respectively, and premium uses the same rules as gold but additionally includes a 4-hour interval rule with 1-day retention and transitions the monthly and yearly rules to cold storage after 15 days before deletion, all vaults must be encrypted with a single KMS key that has key rotation enabled and a 10-day deletion window, and the associated IAM role should be named Bronze_Backup_Role with the managed AWS Backup policies for backup and restore attached.",129,"aws_backup_plan, aws_backup_selection, aws_backup_vault, aws_iam_role, aws_iam_role_policy_attachment, aws_kms_key"
terrads_726ca27fa34a,Zenodo/TerraDS,iac_benchmark/scenarios/terrads_726ca27fa34a,True,True,0,0,0,0,0,True,"--- INIT LOG ---
Initializing provider plugins...
- Finding latest version of hashicorp/aws...
- Finding latest version of hashicorp/random...
- Installing hashicorp/random v3.9.0...
- Installed hashicorp/random v3.9.0 (signed by HashiCorp)
- Installing hashicorp/aws v6.54.0...
- Installed hashicorp/aws v6.54.0 (signed by HashiCorp)
Terraform has created a lock file .terraform.lock.hcl to record the provider
selections it made above. Include this file in your version control repository
so that Terraform can guarantee to make the same selections by default when
you run ""terraform init"" in the f

...[LOG TRUNCATED]...

n resource ""aws_s3_bucket"" ""bucket"":
  11: resource ""aws_s3_bucket"" ""bucket"" {

server_side_encryption_configuration is deprecated. Use the
aws_s3_bucket_server_side_encryption_configuration resource instead.

(and 3 more similar warnings elsewhere)

Apply complete! Resources: 2 added, 0 changed, 0 destroyed.

Outputs:

arn = ""arn:aws:s3:::corebucket-3903983197""
bucket_domain_name = ""corebucket-3903983197.s3.amazonaws.com""
hosted_zone_id = ""Z3AQBSTGFYJSTF""
id = ""corebucket-3903983197""
region = ""us-east-1""
regional_domain_name = ""corebucket-3903983197.s3.us-east-1.amazonaws.com""

--- ERRORS ---",,442,2921,4,25,3,"We need a Terraform template that creates a configurable S3 bucket with versioning defaulting to false but toggleable via a variable, server-side encryption enabled by default using AES256 (or aws:kms if a KMS key ARN is provided), and lifecycle rules that default to an empty list but can be fully customized through a variable; the bucket should optionally support cross-region replication only when replication rules are provided, and if no replication role ARN is given, the template must automatically create the necessary IAM role and policy; the bucket name can be optionally specified or generated with an optional prefix, the ACL defaults to null but can be set to any canned ACL, and CORS rules are configurable via a variable that defaults to an empty list; the template must output the bucket ARN, ID, region, bucket domain name, regional domain name, and hosted zone ID, while also allowing configuration of grants, bucket policy, force_destroy, transfer acceleration, request payer, logging, website hosting, and object lock settings through their respective variables.",130,"aws_iam_policy, aws_iam_policy_document, aws_iam_role, aws_iam_role_policy_attachment, aws_s3_bucket"
terrads_79d499359f89,Zenodo/TerraDS,iac_benchmark/scenarios/terrads_79d499359f89,True,True,0,0,0,0,0,True,"--- INIT LOG ---
Initializing provider plugins...
- Finding latest version of hashicorp/aws...
- Installing hashicorp/aws v6.56.0...
- Installed hashicorp/aws v6.56.0 (signed by HashiCorp)
Terraform has created a lock file .terraform.lock.hcl to record the provider
selections it made above. Include this file in your version control repository
so that Terraform can guarantee to make the same selections by default when
you run ""terraform init"" in the future.

Terraform has been successfully initialized!

You may now begin working with Terraform. Try running ""terraform plan"" to see
any changes th

...[LOG TRUNCATED]...

esources: 0 added, 0 changed, 0 destroyed.

Outputs:

efs_access_point_arn = """"
efs_access_point_file_system_arn = """"
efs_access_point_id = """"
efs_file_system_arn = """"
efs_file_system_dns_name = """"
efs_file_system_id = """"
efs_file_system_kms_key_id = """"
efs_file_system_policy_id = """"
efs_mount_target_availability_zone_id = """"
efs_mount_target_availability_zone_name = """"
efs_mount_target_dns_name = """"
efs_mount_target_file_system_arn = """"
efs_mount_target_id = """"
efs_mount_target_mount_target_dns_name = """"
efs_mount_target_network_interface_id = """"
efs_mount_target_owner_id = """"

--- ERRORS ---",,374,2856,4,25,3,"We need a Terraform template that creates an AWS EFS file system, mount targets, a file system policy, and an access point for testing purposes, using a modular design with variables to control resource creation (such as enable flags), where resource names default to a pattern like “TEST-efs-STAGE” based on a “name” of “TEST” and an “environment” of “STAGE”, and the template must support encryption by default, options for performance mode, throughput mode, lifecycle policies, mount target subnets and security groups, a JSON file system policy, and an access point with configurable POSIX user and root directory settings, while outputting the IDs, ARNs, and DNS names of the file system, mount targets, policy, and access point.",131,"aws_efs_access_point, aws_efs_file_system, aws_efs_file_system_policy, aws_efs_mount_target"
terrads_7b48683a13ff,Zenodo/TerraDS,iac_benchmark/scenarios/terrads_7b48683a13ff,True,True,0,0,0,0,0,True,"--- INIT LOG ---
Initializing provider plugins...
- Finding latest version of hashicorp/aws...
- Installing hashicorp/aws v6.55.0...
- Installed hashicorp/aws v6.55.0 (signed by HashiCorp)
Terraform has created a lock file .terraform.lock.hcl to record the provider
selections it made above. Include this file in your version control repository
so that Terraform can guarantee to make the same selections by default when
you run ""terraform init"" in the future.

Terraform has been successfully initialized!

You may now begin working with Terraform. Try running ""terraform plan"" to see
any changes th

...[LOG TRUNCATED]...

 complete after 0s [id=arn:aws:iam::000000000000:policy/terraform-policy]
aws_iam_user_policy_attachment.attach-terraform-permissions: Creating...
aws_iam_user_policy_attachment.attach-efs-policies: Creating...
aws_iam_user_policy_attachment.attach-efs-policies: Creation complete after 0s [id=terraform-bot/arn:aws:iam::aws:policy/AmazonElasticFileSystemFullAccess]
aws_iam_user_policy_attachment.attach-terraform-permissions: Creation complete after 0s [id=terraform-bot/arn:aws:iam::000000000000:policy/terraform-policy]

Apply complete! Resources: 4 added, 0 changed, 0 destroyed.

--- ERRORS ---",,193,1639,4,0,3,"We need a Terraform template that creates an IAM user named ""terraform-bot"" and attaches a custom IAM policy to it, granting the specific permissions required to manage an Amazon EKS cluster and its associated infrastructure, including EC2, Auto Scaling, IAM, and S3 resources, and also attaches the AWS-managed AmazonElasticFileSystemFullAccess policy to the same user.",132,"aws_iam_policy, aws_iam_policy_document, aws_iam_user, aws_iam_user_policy_attachment"
terrads_84e168b0fe71,Zenodo/TerraDS,iac_benchmark/scenarios/terrads_84e168b0fe71,True,True,0,0,0,0,0,True,"--- INIT LOG ---
Initializing provider plugins...
- Finding latest version of hashicorp/aws...
- Installing hashicorp/aws v6.57.1...
- Installed hashicorp/aws v6.57.1 (signed by HashiCorp)
Terraform has created a lock file .terraform.lock.hcl to record the provider
selections it made above. Include this file in your version control repository
so that Terraform can guarantee to make the same selections by default when
you run ""terraform init"" in the future.

Terraform has been successfully initialized!

You may now begin working with Terraform. Try running ""terraform plan"" to see
any changes th

...[LOG TRUNCATED]...

urity_group.sg_grp: Creation complete after 1s [id=sg-ed1a87b9c85cef850]
aws_subnet.public_subnet: Still creating... [00m10s elapsed]
aws_subnet.public_subnet: Creation complete after 10s [id=subnet-63f57904e2937aab7]
aws_route_table_association.public_subnets_asso: Creating...
aws_route_table_association.public_subnets_asso: Creation complete after 0s [id=rtbassoc-c1c76dc377bd18869]

Apply complete! Resources: 7 added, 0 changed, 0 destroyed.

Outputs:

private_subnet_id = ""subnet-8a00a91b1853af2ba""
public_subnet_id = ""subnet-63f57904e2937aab7""
vpc_id = ""vpc-e6f68891056be999a""

--- ERRORS ---",,163,870,7,4,3,"We need a Terraform template that creates a VPC for a backend development environment with a CIDR block of 10.0.0.0/16, a public subnet in the first available availability zone with CIDR 10.0.1.0/24 and auto-assign public IP enabled, a private subnet in the second available availability zone with CIDR 10.0.2.0/24, an internet gateway, a public route table with a default route to the internet gateway, and a security group that allows SSH access only from the VPC CIDR and HTTP access from anywhere, along with the necessary route table association and outputs for the VPC and subnet IDs.",133,"aws_internet_gateway, aws_route_table, aws_route_table_association, aws_security_group, aws_subnet, aws_vpc"
terrads_8590a5006532,Zenodo/TerraDS,iac_benchmark/scenarios/terrads_8590a5006532,True,True,0,0,0,0,0,True,"--- INIT LOG ---
Initializing provider plugins...
- Finding latest version of hashicorp/aws...
- Finding hashicorp/random versions matching ""3.1.0""...
- Finding hashicorp/local versions matching ""2.1.0""...
- Finding hashicorp/null versions matching ""3.1.0""...
- Installing hashicorp/aws v6.58.0...
- Installed hashicorp/aws v6.58.0 (signed by HashiCorp)
- Installing hashicorp/random v3.1.0...
- Installed hashicorp/random v3.1.0 (signed by HashiCorp)
- Installing hashicorp/local v2.1.0...
- Installed hashicorp/local v2.1.0 (signed by HashiCorp)
- Installing hashicorp/null v3.1.0...
- Installed ha

...[LOG TRUNCATED]...

a104bf7960b3267996b]
aws_s3_bucket_acl.example: Creation complete after 0s [id=demo-artifact-store,private]
aws_s3_bucket_public_access_block.example: Creation complete after 0s [id=demo-artifact-store]
aws_ecr_repository.zenml-ecr-repository[0]: Creation complete after 2s [id=zenml-kubernetes]

Apply complete! Resources: 5 added, 0 changed, 0 destroyed.

Outputs:

container-registry-URI = ""000000000000.dkr.ecr.eu-west-1.amazonaws.com""
ecr-registry-name = ""zenml-kubernetes""
s3-bucket-path = ""s3://demo-artifact-store""
stack-yaml-path = ""./aws_minimal_stack_2026-08-06T19_13.yaml""

--- ERRORS ---",,190,1279,4,1,3,"We need a Terraform template that creates a minimal AWS MLOps stack for ZenML, intended for testing purposes, which provisions an S3 bucket for artifact storage with a private ACL and public access blocked, using the name ""demo-artifact-store"" (prefix ""demo"" combined with ""artifact-store""), an optional ECR repository for container images controlled by a boolean variable that defaults to true, named ""zenml-kubernetes"", and generates a local YAML file containing the stack configuration including a configurable ZenML version, the dynamically fetched AWS account ID, the region (us-east-1), and components for orchestrator (local), artifact_store (S3), container_registry (AWS), and secrets_manager (AWS), with all resources using the prefix ""demo"".",134,"aws_caller_identity, aws_ecr_repository, aws_s3_bucket, aws_s3_bucket_acl, aws_s3_bucket_public_access_block"
terrads_862e56e7423d,Zenodo/TerraDS,iac_benchmark/scenarios/terrads_862e56e7423d,True,True,0,0,0,0,0,True,"--- INIT LOG ---
Initializing provider plugins...
- Finding latest version of hashicorp/aws...
- Installing hashicorp/aws v6.55.0...
- Installed hashicorp/aws v6.55.0 (signed by HashiCorp)
Terraform has created a lock file .terraform.lock.hcl to record the provider
selections it made above. Include this file in your version control repository
so that Terraform can guarantee to make the same selections by default when
you run ""terraform init"" in the future.

Terraform has been successfully initialized!

You may now begin working with Terraform. Try running ""terraform plan"" to see
any changes th

...[LOG TRUNCATED]...

         = """"

You can apply this plan to save these new output values to the Terraform
state, without changing any real infrastructure.

Apply complete! Resources: 0 added, 0 changed, 0 destroyed.

Outputs:

codebuild_project_arn = """"
codebuild_project_badge_url = """"
codebuild_project_id = """"
codebuild_report_group_arn = """"
codebuild_report_group_created = """"
codebuild_report_group_id = """"
codebuild_source_credential_arn = """"
codebuild_source_credential_id = """"
codebuild_webhook_id = """"
codebuild_webhook_payload_url = """"
codebuild_webhook_secret = """"
codebuild_webhook_url = """"

--- ERRORS ---",,586,4592,4,31,3,"We need a Terraform template that creates a flexible AWS CodeBuild CI/CD environment with a configurable build project gated by an enable flag, along with conditionally created source credentials, webhooks, and report groups, where the build project supports dynamic configuration for source, environment, artifacts, cache, logging, VPC settings, secondary sources and artifacts, and the report groups accept export config with S3 destination details while webhooks support filter groups, all using a default prefix name of ""TEST"" and environment of ""STAGE"" for consistent resource naming, with each component independently toggleable via enable flags.",135,"aws_codebuild_project, aws_codebuild_report_group, aws_codebuild_source_credential, aws_codebuild_webhook"
terrads_8ecc16737478,Zenodo/TerraDS,iac_benchmark/scenarios/terrads_8ecc16737478,True,True,0,0,0,0,0,True,"--- INIT LOG ---
Initializing modules...
Downloading registry.terraform.io/terraform-aws-modules/vpc/aws 5.21.0 for vpc...
- vpc in .terraform/modules/vpc
Initializing provider plugins...
- Finding hashicorp/aws versions matching "">= 4.47.0, >= 5.79.0""...
- Installing hashicorp/aws v6.54.0...
- Installed hashicorp/aws v6.54.0 (signed by HashiCorp)
Terraform has created a lock file .terraform.lock.hcl to record the provider
selections it made above. Include this file in your version control repository
so that Terraform can guarantee to make the same selections by default when
you run ""terraform

...[LOG TRUNCATED]...

s:${data.aws_region.current[0].name}:${data.aws_caller_identity.current[0].account_id}:log-group:${log_group.name}:*""

The attribute ""name"" is deprecated. Refer to the provider documentation for
details.

(and 2 more similar warnings elsewhere)

Apply complete! Resources: 31 added, 0 changed, 0 destroyed.

Outputs:

cluster1_additional_sg_id = ""sg-49d23967cb1419303""
cluster2_additional_sg_id = ""sg-b17e480a6fb4ef195""
subnet_ids = [
  ""subnet-b94625da230aabd66"",
  ""subnet-9a3998fe42980aa73"",
  ""subnet-205d89c928cb837dc"",
]
vpc_cidr = ""10.0.0.0/16""
vpc_id = ""vpc-122ab07f3d6f2c190""

--- ERRORS ---",,170,1139,8,0,3,"We need a Terraform template that creates a VPC in us-east-1 for use with a multi-cluster EKS blueprint, designed to support cross-cluster communication between two separate Kubernetes clusters, where the VPC uses a /16 CIDR block, spans exactly three availability zones, and includes both private and public subnets tagged for automatic Kubernetes load balancer discovery, with a single shared NAT gateway for cost efficiency; additionally, the template must provision two separate security groups for the two clusters that allow all egress traffic and are configured with ingress rules that reference each other’s security group IDs to enable direct pod-to-pod communication across the clusters.",136,"aws_availability_zones, aws_security_group, aws_vpc_security_group_egress_rule, aws_vpc_security_group_ingress_rule"
terrads_9da16fbef056,Zenodo/TerraDS,iac_benchmark/scenarios/terrads_9da16fbef056,True,True,0,0,0,0,0,True,"--- INIT LOG ---
Initializing provider plugins...
- Finding hashicorp/aws versions matching ""~> 5.17""...
- Installing hashicorp/aws v5.100.0...
- Installed hashicorp/aws v5.100.0 (signed by HashiCorp)
Terraform has created a lock file .terraform.lock.hcl to record the provider
selections it made above. Include this file in your version control repository
so that Terraform can guarantee to make the same selections by default when
you run ""terraform init"" in the future.

Terraform has been successfully initialized!

You may now begin working with Terraform. Try running ""terraform plan"" to see
an

...[LOG TRUNCATED]...

hared_attachments"" = ""disable""
  ""default_route_table_association"" = ""disable""
  ""default_route_table_propagation"" = ""disable""
  ""description"" = """"
  ""dns_support"" = ""enable""
  ""id"" = ""tgw-8100a055f785eea49""
  ""multicast_support"" = ""disable""
  ""owner_id"" = ""000000000000""
  ""propagation_default_route_table_id"" = ""tgw-rtb-b36d65c7b72886449""
  ""security_group_referencing_support"" = ""disable""
  ""tags"" = tomap(null) /* of string */
  ""tags_all"" = tomap({})
  ""timeouts"" = null /* object */
  ""transit_gateway_cidr_blocks"" = toset(null) /* of string */
  ""vpn_ecmp_support"" = ""enable""
}

--- ERRORS ---",,193,1450,5,12,3,"We need a Terraform template that creates a reusable module for an AWS Transit Gateway, creating a new TGW with the ability to define multiple route tables (each created as a new route table), and optionally share the TGW with other AWS accounts through RAM resource shares, while disabling default route table association and propagation, allowing configuration of the BGP ASN (defaulting to 65200), DNS support, VPN ECMP support, and one or more transit gateway CIDR blocks (each at least /24 for IPv4 or /64 for IPv6), and applying a common set of tags to all resources.",137,"aws_ec2_transit_gateway, aws_ec2_transit_gateway_route_table, aws_ram_principal_association, aws_ram_resource_association, aws_ram_resource_share"
terrads_b0a44418031a,Zenodo/TerraDS,iac_benchmark/scenarios/terrads_b0a44418031a,True,True,0,0,0,0,0,True,"--- INIT LOG ---
Initializing provider plugins...
- Finding latest version of hashicorp/aws...
- Installing hashicorp/aws v6.53.0...
- Installed hashicorp/aws v6.53.0 (signed by HashiCorp)
Terraform has created a lock file .terraform.lock.hcl to record the provider
selections it made above. Include this file in your version control repository
so that Terraform can guarantee to make the same selections by default when
you run ""terraform init"" in the future.

Terraform has been successfully initialized!

You may now begin working with Terraform. Try running ""terraform plan"" to see
any changes th

...[LOG TRUNCATED]...

ting...
aws_main_route_table_association.mainRtbAssoVpcMain: Creation complete after 1s [id=rtbassoc-34386e2a4f6dcf873]

Apply complete! Resources: 10 added, 0 changed, 0 destroyed.

Outputs:

subnetsAz1 = {
  ""mgmt"" = ""subnet-2cc9cae9e471c8492""
  ""private"" = ""subnet-ef96c7dfe5cb17d0d""
  ""public"" = ""subnet-776fe6c1a9f445bc3""
}
subnetsAz2 = {
  ""mgmt"" = ""subnet-1de76a97f528b78d1""
  ""private"" = ""subnet-3050b32b33a09d8c4""
  ""public"" = ""subnet-5a820e63c74512512""
}
vpcMainIgw = ""igw-7b5a62b83b69dac3d""
vpcMainRtb = ""rtb-d0ee4609f1636679c""
vpcs = {
  ""main"" = ""vpc-0567fd1e3252c49f1""
}

--- ERRORS ---",,210,1511,10,14,3,"We need a Terraform template that creates a VPC with CIDR 10.1.0.0/16, two public subnets (10.1.10.0/24 and 10.1.110.0/24), two management subnets (10.1.1.0/24 and 10.1.101.0/24), and two private subnets (10.1.20.0/24 and 10.1.120.0/24) distributed across two availability zones, along with an internet gateway and a route table that routes all traffic (0.0.0.0/0) to that gateway, and associates the VPC's main route table with this custom route table, while also outputting the VPC ID, subnet IDs grouped by AZ and type, the internet gateway ID, and the route table ID, and tagging all resources with configurable project prefix, owner, and build suffix values.",138,"aws_availability_zones, aws_internet_gateway, aws_main_route_table_association, aws_route_table, aws_subnet, aws_vpc"
terrads_b925822efe24,Zenodo/TerraDS,iac_benchmark/scenarios/terrads_b925822efe24,True,True,0,0,0,0,0,True,"--- INIT LOG ---
Initializing provider plugins...
- Finding latest version of hashicorp/aws...
- Installing hashicorp/aws v6.56.0...
- Installed hashicorp/aws v6.56.0 (signed by HashiCorp)
Terraform has created a lock file .terraform.lock.hcl to record the provider
selections it made above. Include this file in your version control repository
so that Terraform can guarantee to make the same selections by default when
you run ""terraform init"" in the future.

Terraform has been successfully initialized!

You may now begin working with Terraform. Try running ""terraform plan"" to see
any changes th

...[LOG TRUNCATED]...

ws_route.seunghyun-default-route: Creation complete after 0s [id=r-rtb-e128efa23996bf0031080289494]
aws_security_group_rule.seunghyun-sg-inbound: Creation complete after 1s [id=sgrule-4219185664]
aws_security_group_rule.seunghyun-sg-outbound: Creation complete after 1s [id=sgrule-2667273463]
aws_instance.seunghyun-ec2: Still creating... [00m10s elapsed]
aws_instance.seunghyun-ec2: Creation complete after 11s [id=i-3a705c48165220ea8]

Apply complete! Resources: 12 added, 0 changed, 0 destroyed.

Outputs:

aws_vpc_id = ""vpc-3d43e0b73dfbe4a66""
seunghyun_public_ip = ""54.214.80.122""

--- ERRORS ---",,158,1237,12,0,3,"We need a Terraform template that creates a simple test web server in us-east-1, using a custom VPC with CIDR 10.10.0.0/16, two subnets (10.10.100.0/24 and 10.10.101.0/24) both located in the first available availability zone, an internet gateway, and a route table with a default route to the internet. The template must automatically install a BusyBox HTTP server on the EC2 instance via user data that serves an HTML page showing the instance's availability zone ID, instance ID, and private IP.",139,"aws_ami, aws_availability_zones, aws_instance, aws_internet_gateway, aws_route, aws_route_table, aws_route_table_association, aws_security_group, aws_security_group_rule, aws_subnet, aws_vpc"
terrads_ba0c51a35dac,Zenodo/TerraDS,iac_benchmark/scenarios/terrads_ba0c51a35dac,True,True,0,0,0,0,0,True,"--- INIT LOG ---
Initializing provider plugins...
- Finding latest version of hashicorp/aws...
- Installing hashicorp/aws v6.57.1...
- Installed hashicorp/aws v6.57.1 (signed by HashiCorp)
Terraform has created a lock file .terraform.lock.hcl to record the provider
selections it made above. Include this file in your version control repository
so that Terraform can guarantee to make the same selections by default when
you run ""terraform init"" in the future.

Terraform has been successfully initialized!

You may now begin working with Terraform. Try running ""terraform plan"" to see
any changes th

...[LOG TRUNCATED]...

 complete after 0s [id=rtbassoc-d4a224b6bf77eba1d]
aws_route.publicroute: Creation complete after 0s [id=r-rtb-164906863dd6565d71080289494]
aws_security_group.websg: Creation complete after 0s [id=sg-0d2cd80d70cb00c1f]
aws_security_group_rule.websghttp: Creating...
aws_security_group_rule.websgssh: Creating...
aws_security_group_rule.websgssh: Creation complete after 0s [id=sgrule-2186498335]
aws_security_group_rule.websghttp: Creation complete after 0s [id=sgrule-886639786]

Apply complete! Resources: 14 added, 0 changed, 0 destroyed.

Outputs:

vpcid = ""vpc-412d3c2d73e4dafed""

--- ERRORS ---",,170,983,11,6,3,"We need a Terraform template that creates a VPC with CIDR 10.10.0.0/16, three subnets each tagged as ""ntier-web1"", ""ntier-app1"", and ""ntier-db1"" respectively, an internet gateway attached to the VPC, a public route table with a default route to the internet gateway associated only with the web subnet, a private route table associated with the app and db subnets, and a security group named ""openhttp"" that allows inbound HTTP and SSH traffic from anywhere, and outputs the VPC ID.",140,"aws_internet_gateway, aws_route, aws_route_table, aws_route_table_association, aws_security_group, aws_security_group_rule, aws_subnet, aws_vpc"
terrads_bcebc593f734,Zenodo/TerraDS,iac_benchmark/scenarios/terrads_bcebc593f734,True,True,0,0,0,0,0,True,"--- INIT LOG ---
Initializing provider plugins...
- Finding latest version of hashicorp/aws...
- Installing hashicorp/aws v6.55.0...
- Installed hashicorp/aws v6.55.0 (signed by HashiCorp)
Terraform has created a lock file .terraform.lock.hcl to record the provider
selections it made above. Include this file in your version control repository
so that Terraform can guarantee to make the same selections by default when
you run ""terraform init"" in the future.

Terraform has been successfully initialized!

You may now begin working with Terraform. Try running ""terraform plan"" to see
any changes th

...[LOG TRUNCATED]...

after 0s [id=step-functions-service-role:StepFunctionsPolicy]
aws_iam_role_policy.glue_s3_access_policy: Creation complete after 0s [id=glue-service-role:GlueS3AccessPolicy]
aws_s3_bucket.terraform_state: Creation complete after 0s [id=my-terraform-state-bucket]
aws_s3_bucket_versioning.terraform_state_versioning: Creating...
aws_s3_bucket_versioning.terraform_state_versioning: Creation complete after 1s [id=my-terraform-state-bucket]
aws_dynamodb_table.terraform_locks: Creation complete after 7s [id=terraform-locks]

Apply complete! Resources: 13 added, 0 changed, 0 destroyed.

--- ERRORS ---",,204,1293,13,2,3,"We need a Terraform template that creates the infrastructure for an NLP pipeline in us-east-1 using AWS Glue, Amazon Comprehend, AWS Lambda, and AWS Step Functions. The template must include an S3 bucket named 'nlp-pipeline-bucket' for data storage, a DynamoDB table named 'NLPResults' for storing pipeline results, and appropriate IAM roles for each service with permissions to access the S3 bucket, the DynamoDB table, and invoke other services as required (using dynamically fetched or dummy account IDs for ARNs). Additionally, configure a Terraform state backend using an S3 bucket named 'my-terraform-state-bucket' with versioning enabled, and a DynamoDB table named 'terraform-locks' using 'LockID' as the hash key with PAY_PER_REQUEST billing mode for state locking.",141,"aws_dynamodb_table, aws_iam_policy_attachment, aws_iam_role, aws_iam_role_policy, aws_s3_bucket, aws_s3_bucket_versioning"
terrads_c6fa801d3646,Zenodo/TerraDS,iac_benchmark/scenarios/terrads_c6fa801d3646,True,True,0,0,0,0,0,True,"--- INIT LOG ---
Initializing provider plugins...
- Finding hashicorp/aws versions matching "">= 4.0.0""...
- Installing hashicorp/aws v6.53.0...
- Installed hashicorp/aws v6.53.0 (signed by HashiCorp)
Terraform has created a lock file .terraform.lock.hcl to record the provider
selections it made above. Include this file in your version control repository
so that Terraform can guarantee to make the same selections by default when
you run ""terraform init"" in the future.

Terraform has been successfully initialized!

You may now begin working with Terraform. Try running ""terraform plan"" to see
any

...[LOG TRUNCATED]...

e Terraform
state, without changing any real infrastructure.

Apply complete! Resources: 0 added, 0 changed, 0 destroyed.

Outputs:

admin_iam_role_arn = """"
admin_iam_role_name = """"
admin_iam_role_path = """"
admin_iam_role_requires_mfa = true
admin_iam_role_unique_id = """"
poweruser_iam_role_arn = """"
poweruser_iam_role_name = """"
poweruser_iam_role_path = """"
poweruser_iam_role_requires_mfa = true
poweruser_iam_role_unique_id = """"
readonly_iam_role_arn = """"
readonly_iam_role_name = """"
readonly_iam_role_path = """"
readonly_iam_role_requires_mfa = true
readonly_iam_role_unique_id = """"

--- ERRORS ---","NON-JSON OUTPUT:
",368,2414,6,26,3,"We need a Terraform template that creates three IAM roles for admin, poweruser, and readonly access levels, each with the ability to be optionally enabled via boolean variables, and each configured to assume a set of trusted AWS principals (both IAM ARNs and AWS services) defined by variables, with an optional enforcement of MFA for the trust relationship that requires both a valid MFA session and a maximum MFA age (defaulting to 86400 seconds) when enabled per role; the roles should attach the standard AWS managed policies for their respective access levels (AdministratorAccess, PowerUserAccess, and ReadOnlyAccess) by default, while also allowing custom policy ARN lists to be supplied, and should support optional permissions boundaries and tagging, plus configurable session duration and policy detachment behavior on destroy.",142,"aws_iam_policy_document, aws_iam_role, aws_iam_role_policy_attachment"
terrads_cef8614423be,Zenodo/TerraDS,iac_benchmark/scenarios/terrads_cef8614423be,True,True,0,0,0,0,0,True,"--- INIT LOG ---
Initializing provider plugins...
- Finding hashicorp/aws versions matching "">= 3.28.0""...
- Installing hashicorp/aws v6.54.0...
- Installed hashicorp/aws v6.54.0 (signed by HashiCorp)
Terraform has created a lock file .terraform.lock.hcl to record the provider
selections it made above. Include this file in your version control repository
so that Terraform can guarantee to make the same selections by default when
you run ""terraform init"" in the future.

Terraform has been successfully initialized!

You may now begin working with Terraform. Try running ""terraform plan"" to see
an

...[LOG TRUNCATED]...

d for your infrastructure. All Terraform commands
should now work.

If you ever set or change modules or backend configuration for Terraform,
rerun this command to reinitialize your working directory. If you forget, other
commands will detect it and remind you to do so if necessary.

--- APPLY LOG ---

Changes to Outputs:
  + s3_bucket_notification_id = """"

You can apply this plan to save these new output values to the Terraform
state, without changing any real infrastructure.

Apply complete! Resources: 0 added, 0 changed, 0 destroyed.

Outputs:

s3_bucket_notification_id = """"

--- ERRORS ---",,208,1381,4,8,3,"We need a Terraform template that creates S3 bucket notifications for Lambda functions, SQS queues, and SNS topics, with the ability to automatically generate the necessary IAM policies for SQS and SNS to allow S3 to send messages, accepting maps of notifications for each type where each entry specifies the target ARN, events, and optional filter prefix and suffix, along with the bucket name or ARN, and boolean flags to control whether to create the SQS and SNS policies (both defaulting to true), handling multiple notifications of each type and ensuring proper dependencies.",143,"aws_arn, aws_iam_policy_document, aws_lambda_permission, aws_s3_bucket_notification, aws_sns_topic_policy, aws_sqs_queue_policy"
terrads_d16402204370,Zenodo/TerraDS,iac_benchmark/scenarios/terrads_d16402204370,True,True,0,0,0,0,0,True,"--- INIT LOG ---
Initializing provider plugins...
- Finding latest version of hashicorp/aws...
- Finding latest version of hashicorp/random...
- Installing hashicorp/aws v6.58.0...
- Installed hashicorp/aws v6.58.0 (signed by HashiCorp)
- Installing hashicorp/random v3.9.0...
- Installed hashicorp/random v3.9.0 (signed by HashiCorp)
Terraform has created a lock file .terraform.lock.hcl to record the provider
selections it made above. Include this file in your version control repository
so that Terraform can guarantee to make the same selections by default when
you run ""terraform init"" in the f

...[LOG TRUNCATED]...

wayv2_stage.stage: Creating...
aws_apigatewayv2_stage.stage: Creation complete after 0s [id=v1]

Warning: Deprecated attribute

  on main.tf line 59, in resource ""aws_apigatewayv2_integration"" ""integration"":
  59:   integration_uri    = ""arn:aws:apigateway:${data.aws_region.current.name}:kinesis:action/PutRecord""

The attribute ""name"" is deprecated. Refer to the provider documentation for
details.

(and 3 more similar warnings elsewhere)

Apply complete! Resources: 13 added, 0 changed, 0 destroyed.

Outputs:

ws_endpoint = ""wss://2ecf9286.execute-api.us-east-1.amazonaws.com/v1""

--- ERRORS ---",,151,1172,12,0,3,"We need a Terraform template that creates a WebSocket API Gateway endpoint for testing purposes, which accepts incoming messages on a default route and forwards them directly to a Kinesis data stream using a single shard, with the integration mapping the connection ID and selected fields from the incoming JSON payload into a base64-encoded record, and the stage should be named ""v1"" with auto-deployment enabled and default route settings that enable data tracing and INFO-level logging with throttling limits of 100 for both burst and rate, while also creating a CloudWatch log group with a retention period of 1 day and a corresponding log stream, and the IAM execution role for the integration must be named ""api-gateway-kinesis-execution-role"" and assume the AmazonKinesisFullAccess policy.",144,"aws_apigatewayv2_api, aws_apigatewayv2_deployment, aws_apigatewayv2_integration, aws_apigatewayv2_integration_response, aws_apigatewayv2_route, aws_apigatewayv2_route_response, aws_apigatewayv2_stage, aws_caller_identity, aws_cloudwatch_log_group, aws_cloudwatch_log_stream, aws_iam_role, aws_iam_role_policy_attachment, aws_kinesis_stream, aws_partition, aws_region"
terrads_de2463de7604,Zenodo/TerraDS,iac_benchmark/scenarios/terrads_de2463de7604,True,True,0,0,0,0,0,True,"--- INIT LOG ---
Initializing provider plugins...
- Finding latest version of hashicorp/aws...
- Installing hashicorp/aws v6.56.0...
- Installed hashicorp/aws v6.56.0 (signed by HashiCorp)
Terraform has created a lock file .terraform.lock.hcl to record the provider
selections it made above. Include this file in your version control repository
so that Terraform can guarantee to make the same selections by default when
you run ""terraform init"" in the future.

Terraform has been successfully initialized!

You may now begin working with Terraform. Try running ""terraform plan"" to see
any changes th

...[LOG TRUNCATED]...

g: Reading...
data.aws_iam_policy_document.lambda_assume: Reading...
data.aws_iam_policy_document.lambda_assume: Read complete after 0s [id=2690255455]
data.aws_iam_policy_document.lambda_logging: Read complete after 0s [id=16712114]

Changes to Outputs:
  + lambda_arn        = []
  + lambda_id         = []
  + lambda_invoke_arn = []

You can apply this plan to save these new output values to the Terraform
state, without changing any real infrastructure.

Apply complete! Resources: 0 added, 0 changed, 0 destroyed.

Outputs:

lambda_arn = []
lambda_id = []
lambda_invoke_arn = []

--- ERRORS ---",,260,1726,6,3,3,"We need a Terraform template that creates a configurable set of Lambda functions with associated IAM roles, CloudWatch log groups, and optional VPC support, where each function's runtime, handler, source code file, environment variables, memory size (defaulting to 128), timeout (defaulting to 3), and architecture (defaulting to x86_64) are defined entirely through a YAML configuration file or an inline raw YAML variable that overrides the file-based config only when the raw variable is non-empty, and the file config is read from a variable 'config' with a default path placeholder, and the template must support per-function VPC configuration with subnet_ids and security_group_ids that is optional and only applied when present, and each function automatically gets a dedicated IAM role with an assume role policy for Lambda and a basic logging policy granting logs:CreateLogGroup, logs:CreateLogStream, and logs:PutLogEvents permissions, with the ability to optionally attach a custom inline IAM policy to any function, and the IAM role defaults to a path of '/terrabits/lambda/' with the ability to override the role name and path per function, and each function's CloudWatch log group defaults to the pattern '/aws/lambda/<function_name>' with a retention of 7 days, and the template must include a shared_tags variable applied to all resources along with a 'Terraformed' tag, and produce outputs listing each Lambda function's ARN, invoke ARN, and function name.",145,"aws_cloudwatch_log_group, aws_iam_policy, aws_iam_policy_document, aws_iam_role, aws_iam_role_policy, aws_iam_role_policy_attachment, aws_lambda_function"
terrads_e0aca3ee1a17,Zenodo/TerraDS,iac_benchmark/scenarios/terrads_e0aca3ee1a17,True,True,0,0,0,0,0,True,"--- INIT LOG ---
Initializing provider plugins...
- Finding hashicorp/aws versions matching "">= 4.0.0""...
- Installing hashicorp/aws v6.58.0...
- Installed hashicorp/aws v6.58.0 (signed by HashiCorp)
Terraform has created a lock file .terraform.lock.hcl to record the provider
selections it made above. Include this file in your version control repository
so that Terraform can guarantee to make the same selections by default when
you run ""terraform init"" in the future.

Terraform has been successfully initialized!

You may now begin working with Terraform. Try running ""terraform plan"" to see
any

...[LOG TRUNCATED]...

  + main_route_table_id                  = (known after apply)
      + owner_id                             = (known after apply)
      + region                               = ""us-east-1""
      + tags_all                             = (known after apply)
    }

Plan: 1 to add, 0 to change, 0 to destroy.

Changes to Outputs:
  + public_sg         = """"
  + public_subnet_ids = []
aws_vpc.main: Creating...
aws_vpc.main: Creation complete after 0s [id=vpc-8e6a4d0b3ff71d504]

Apply complete! Resources: 1 added, 0 changed, 0 destroyed.

Outputs:

public_sg = """"
public_subnet_ids = []

--- ERRORS ---",,155,1053,9,5,3,"We need a Terraform template that creates a VPC with a configurable CIDR block (default 10.0.0.0/16) and a specified number of availability zones (default 2), supporting optional creation of public, NAT, and private subnets via boolean flags. When public subnets are enabled, the template should provision an internet gateway, a route table with a default route to the internet, associate those subnets with the route table, configure the subnets to automatically assign public IP addresses to launched instances, and create a security group that allows all outbound traffic to the internet, along with outputs for the public subnet IDs and the security group ID. The NAT and private subnets should be created as subnets only, without any associated routing or NAT gateways.",146,"aws_availability_zones, aws_internet_gateway, aws_route_table, aws_route_table_association, aws_security_group, aws_security_group_rule, aws_subnet, aws_vpc"
terrads_e23b184d6cd1,Zenodo/TerraDS,iac_benchmark/scenarios/terrads_e23b184d6cd1,True,True,0,0,0,0,0,True,"--- INIT LOG ---
Initializing provider plugins...
- Finding hashicorp/aws versions matching "">= 5.50.0""...
- Installing hashicorp/aws v6.56.0...
- Installed hashicorp/aws v6.56.0 (signed by HashiCorp)
Terraform has created a lock file .terraform.lock.hcl to record the provider
selections it made above. Include this file in your version control repository
so that Terraform can guarantee to make the same selections by default when
you run ""terraform init"" in the future.

Terraform has been successfully initialized!

You may now begin working with Terraform. Try running ""terraform plan"" to see
an

...[LOG TRUNCATED]...

trator_email = []
administrator_joined_method = []
administrator_joined_timestamp = []
administrator_name = []
administrator_status = []
arn = []
govcloud_id = []
id = []
master_account_arn = []
master_account_email = []
master_account_id = []
non_master_accounts = []
org_arn = []
org_id = []
ou_accounts = []
ou_accounts_arn = []
ou_accounts_email = []
ou_accounts_id = []
ou_accounts_name = []
ou_arn = []
ou_id = []
ou_tags_all = []
root_arn = []
root_id = []
root_name = []
root_policy_types = []
root_policy_types_status = []
root_policy_types_type = []
roots = []
tags_all = []

--- ERRORS ---",,360,2803,4,16,3,"We need a Terraform template that creates an AWS Organizations setup with the organization's feature_set set to ALL, enabling service access for access-analyzer, backup, cloudtrail, config, and guardduty, and enabling backup, service control, and tag policy types, with conditional creation of the organization itself, a member account created only when both name and email are provided and defaulting to not closing on deletion with IAM user access to billing allowed, an optional delegated administrator for a specified service principal defaulting to cloudtrail.amazonaws.com, and an organizational unit created when its name is provided with a parent ID, all with comprehensive outputs for account IDs, ARNs, organization details, and organizational unit information.",147,"aws_organizations_account, aws_organizations_delegated_administrator, aws_organizations_organization, aws_organizations_organizational_unit"
terrads_e6f040aa6f83,Zenodo/TerraDS,iac_benchmark/scenarios/terrads_e6f040aa6f83,True,True,0,0,0,0,0,True,"--- INIT LOG ---
Initializing provider plugins...
- Finding latest version of hashicorp/aws...
- Installing hashicorp/aws v6.57.1...
- Installed hashicorp/aws v6.57.1 (signed by HashiCorp)
Terraform has created a lock file .terraform.lock.hcl to record the provider
selections it made above. Include this file in your version control repository
so that Terraform can guarantee to make the same selections by default when
you run ""terraform init"" in the future.

Terraform has been successfully initialized!

You may now begin working with Terraform. Try running ""terraform plan"" to see
any changes th

...[LOG TRUNCATED]...

dfront_origin_access_identity_caller_reference = """"
cloudfront_origin_access_identity_cloudfront_access_identity_path = """"
cloudfront_origin_access_identity_etag = """"
cloudfront_origin_access_identity_iam_arn = """"
cloudfront_origin_access_identity_id = """"
cloudfront_origin_access_identity_s3_canonical_user_id = """"
cloudfront_origin_request_policy_etag = """"
cloudfront_origin_request_policy_id = """"
cloudfront_public_key_caller_reference = """"
cloudfront_public_key_etag = """"
cloudfront_public_key_id = """"
cloudfront_realtime_log_config_arn = """"
cloudfront_realtime_log_config_id = """"

--- ERRORS ---",,803,7531,6,25,3,"We need a Terraform template that creates a CloudFront cache policy, with the ability to optionally enable and configure the policy using a variable-driven stack, where the policy name defaults to a combination of a provided name prefix and environment suffix, and where the template also optionally creates a CloudFront distribution, an origin access identity, a real-time log configuration, an origin request policy, and a public key, each controlled by their own enable flag and configured via their own variable maps, with the template exposing the identifiers, ARNs, and other relevant attributes of all created resources as outputs, and where the public key requires an encoded key input.",148,"aws_cloudfront_cache_policy, aws_cloudfront_distribution, aws_cloudfront_origin_access_identity, aws_cloudfront_origin_request_policy, aws_cloudfront_public_key, aws_cloudfront_realtime_log_config"
terrads_f4222681f712,Zenodo/TerraDS,iac_benchmark/scenarios/terrads_f4222681f712,True,True,0,0,0,0,0,True,"--- INIT LOG ---
Initializing provider plugins...
- Finding latest version of hashicorp/aws...
- Finding latest version of hashicorp/null...
- Finding latest version of hashicorp/archive...
- Installing hashicorp/null v3.3.0...
- Installed hashicorp/null v3.3.0 (signed by HashiCorp)
- Installing hashicorp/archive v2.8.0...
- Installed hashicorp/archive v2.8.0 (signed by HashiCorp)
- Installing hashicorp/aws v6.58.0...
- Installed hashicorp/aws v6.58.0 (signed by HashiCorp)
Terraform has created a lock file .terraform.lock.hcl to record the provider
selections it made above. Include this file i

...[LOG TRUNCATED]...

 see
any changes that are required for your infrastructure. All Terraform commands
should now work.

If you ever set or change modules or backend configuration for Terraform,
rerun this command to reinitialize your working directory. If you forget, other
commands will detect it and remind you to do so if necessary.

--- APPLY LOG ---

No changes. Your infrastructure matches the configuration.

Terraform has compared your real infrastructure against your configuration
and found no differences, so no changes are needed.

Apply complete! Resources: 0 added, 0 changed, 0 destroyed.

--- ERRORS ---",,234,1349,12,10,3,"We need a Terraform template that creates an AWS Lambda function and API Gateway REST API to serve as a serverless HTTP endpoint, with the function built from a Node.js project, triggered by an API Gateway proxy integration using the AWS_PROXY type accepting any HTTP method with no authorization required, and deploying the API to a configurable stage; the template must create the IAM role with a Lambda service assume role policy and attach a policy granting full CloudWatch logs permissions, create a CloudWatch log group for the function, and add a Lambda permission resource allowing API Gateway to invoke the function; the project's Terraform files are assumed to be in a subdirectory like `terraform` so the root path should be one level up, the Lambda function name and deployment stage should be configurable via `name` and `stage` variables with the `stage` variable defaulting to ""dev"" and the full resource name following the pattern `{name}-{stage}`, the build process uses `npm install` followed by an `npm run build` script, the built output lives in a `lib` directory, the handler is `index.handler` on a current Node.js runtime that should be configurable via a variable, the resulting zip file is saved as `lambda.zip` at the project root, and the deployment region defaults to `us-east-1`.",149,"aws_api_gateway_deployment, aws_api_gateway_integration, aws_api_gateway_method, aws_api_gateway_resource, aws_api_gateway_rest_api, aws_cloudwatch_log_group, aws_iam_policy_document, aws_iam_role, aws_iam_role_policy, aws_lambda_function, aws_lambda_permission"
terrads_f47d8c533f10,Zenodo/TerraDS,iac_benchmark/scenarios/terrads_f47d8c533f10,True,True,0,0,0,0,0,True,"--- INIT LOG ---
Initializing provider plugins...
- Finding hashicorp/aws versions matching ""~> 5.0""...
- Installing hashicorp/aws v5.100.0...
- Installed hashicorp/aws v5.100.0 (signed by HashiCorp)
Terraform has created a lock file .terraform.lock.hcl to record the provider
selections it made above. Include this file in your version control repository
so that Terraform can guarantee to make the same selections by default when
you run ""terraform init"" in the future.

Terraform has been successfully initialized!

You may now begin working with Terraform. Try running ""terraform plan"" to see
any

...[LOG TRUNCATED]...

oute_table_association.eks_public_rta[1]: Creation complete after 0s [id=rtbassoc-14f8213601e9e841f]
aws_route_table_association.eks_public_rta[2]: Creation complete after 1s [id=rtbassoc-5c0b33ff00082f1f7]
aws_route_table_association.eks_private_rta[0]: Creation complete after 1s [id=rtbassoc-4e8609a126a67265d]
aws_route.eks_private_internet_access: Creation complete after 1s [id=r-rtb-9beb7c6d7558fe6d71080289494]
aws_route.eks_public_internet_access: Creation complete after 1s [id=r-rtb-88c0886c70878d8811080289494]

Apply complete! Resources: 20 added, 0 changed, 0 destroyed.

--- ERRORS ---",,165,1229,12,1,3,"We need a Terraform template that creates a VPC for an EKS cluster in us-east-1 with a CIDR block of 10.14.0.0/16. The infrastructure must include 3 public and 3 private subnets spread dynamically across availability zones, an internet gateway, and a NAT gateway (with an associated Elastic IP) to provide outbound internet access for the private subnets. All resources should be tagged by default to indicate they belong to the 'tf-eks-jofo' project in the 'dev' environment.",150,"aws_availability_zones, aws_eip, aws_internet_gateway, aws_nat_gateway, aws_region, aws_route, aws_route_table, aws_route_table_association, aws_subnet, aws_vpc"
gh_131320ab,Tianyi2/IRIS,iac_benchmark/scenarios/gh_131320ab,True,True,0,0,0,0,0,True,"--- INIT LOG ---
Initializing provider plugins...
- Finding hashicorp/aws versions matching "">= 6.28.0""...
- Installing hashicorp/aws v6.52.0...
- Installed hashicorp/aws v6.52.0 (signed by HashiCorp)
Terraform has created a lock file .terraform.lock.hcl to record the provider
selections it made above. Include this file in your version control repository
so that Terraform can guarantee to make the same selections by default when
you run ""terraform init"" in the future.

Terraform has been successfully initialized!

You may now begin working with Terraform. Try running ""terraform plan"" to see
any changes that are required for your infrastructure. All Terraform commands
should now work.

If you ever set or change modules or backend configuration for Terraform,
rerun this command to reinitialize your working directory. If you forget, other
commands will detect it and remind you to do so if necessary.

--- APPLY LOG ---
data.aws_caller_identity.current[0]: Reading...
data.aws_region.current[0]: Reading...
data.aws_partition.current[0]: Reading...
data.aws_region.current[0]: Read complete after 0s [id=us-east-1]
data.aws_partition.current[0]: Read complete after 0s [id=aws]
data.aws_caller_identity.current[0]: Read complete after 0s [id=000000000000]

Terraform used the selected providers to generate the following execution
plan. Resource actions are indicated with the following symbols:
  + create

Terraform will perform the following actions:

  # aws_sqs_queue.this[0] will be cr

...[LOG TRUNCATED]...

 add, 0 to change, 0 to destroy.

Changes to Outputs:
  + dead_letter_queue_arn_static = """"
  + queue_arn                    = (known after apply)
  + queue_arn_static             = ""arn:aws:sqs:us-east-1:000000000000:""
  + queue_id                     = (known after apply)
  + queue_name                   = (known after apply)
  + queue_url                    = (known after apply)
aws_sqs_queue.this[0]: Creating...
aws_sqs_queue.this[0]: Still creating... [00m10s elapsed]
aws_sqs_queue.this[0]: Still creating... [00m20s elapsed]
aws_sqs_queue.this[0]: Creation complete after 26s [id=http://sqs.us-east-1.localhost.localstack.cloud:4566/000000000000/terraform-d2d7171078f4cc9699d746981e]

Warning: Deprecated attribute

  on main.tf line 18, in locals:
  18:   partition  = try(data.aws_partition.current[0].id, ""aws"")

The attribute ""id"" is deprecated. Refer to the provider documentation for
details.

(and 2 more similar warnings elsewhere)

Apply complete! Resources: 1 added, 0 changed, 0 destroyed.

Outputs:

dead_letter_queue_arn_static = """"
queue_arn = ""arn:aws:sqs:us-east-1:000000000000:terraform-d2d7171078f4cc9699d746981e""
queue_arn_static = ""arn:aws:sqs:us-east-1:000000000000:""
queue_id = ""http://sqs.us-east-1.localhost.localstack.cloud:4566/000000000000/terraform-d2d7171078f4cc9699d746981e""
queue_name = ""terraform-d2d7171078f4cc9699d746981e""
queue_url = ""http://sqs.us-east-1.localhost.localstack.cloud:4566/000000000000/terraform-d2d7171078f4cc9699d746981e""

--- ERRORS ---",,689,5344,8,42,4,"We need a Terraform template that creates an Amazon SQS queue with an optional dead letter queue, supporting both standard and FIFO configurations, where the main queue name automatically strips any "".fifo"" suffix when not FIFO and adds it when FIFO, the region and account ID are dynamically resolved only when the queue is being created, and the template exposes variables for configuring the main queue's delay seconds, message retention, max message size, visibility timeout, receive wait time, and KMS data key reuse period, along with similar variables for the dead letter queue including delay seconds, receive wait time, redrive allow policy, and throughput limit, where both queues support custom IAM policy documents through a list of JSON strings that get merged together with the ability to override statements with the same SID as well as a map of structured policy objects specifying SID, actions, not_actions, effect, resources, not_resources, principals, not_principals, and conditions, and the template includes a boolean variable controlling whether the entire stack is created (create, defaulting to true) and separate boolean variables controlling whether each queue's policy resource is actually created (both defaulting to false), and with server-side encryption defaulting to true via sqs_managed_sse_enabled, where the dead letter queue configuration variables are optional with null defaults, the dead letter queue's name defaults to the main queue name with a ""-dlq"" suffix, the dead letter queue inherits SSE settings from the main queue by default, and when the dead letter queue is created its redrive allow policy defaults to ""byQueue"" permission with the source queue ARN automatically set to the main queue.",151,"aws_caller_identity, aws_iam_policy_document, aws_partition, aws_region, aws_sqs_queue, aws_sqs_queue_policy, aws_sqs_queue_redrive_allow_policy, aws_sqs_queue_redrive_policy"
gh_1d5f4d32,Tianyi2/IRIS,iac_benchmark/scenarios/gh_1d5f4d32,True,True,0,0,0,0,0,True,"--- INIT LOG ---
Initializing provider plugins...
- Finding latest version of hashicorp/aws...
- Installing hashicorp/aws v6.51.0...
- Installed hashicorp/aws v6.51.0 (signed by HashiCorp)
Terraform has created a lock file .terraform.lock.hcl to record the provider
selections it made above. Include this file in your version control repository
so that Terraform can guarantee to make the same selections by default when
you run ""terraform init"" in the future.

Terraform has been successfully initialized!

You may now begin working with Terraform. Try running ""terraform plan"" to see
any changes that are required for your infrastructure. All Terraform commands
should now work.

If you ever set or change modules or backend configuration for Terraform,
rerun this command to reinitialize your working directory. If you forget, other
commands will detect it and remind you to do so if necessary.

--- APPLY LOG ---

Changes to Outputs:
  + transit_gateway_arn                                                 = """"
  + transit_gateway_association_default_route_table_id                  = """"
  + transit_gateway_id                                                  = """"
  + transit_gateway_owner_id                                            = """"
  + transit_gateway_peering_attachment_accepter_id                      = """"
  + transit_gateway_peering_attachment_accepter_peer_account_id         = """"
  + transit_gateway_peering_attachment_accepter_peer_transit_gateway_id = """"
  + transit_gateway_pee

...[LOG TRUNCATED]...

way_owner_id = """"
transit_gateway_peering_attachment_accepter_id = """"
transit_gateway_peering_attachment_accepter_peer_account_id = """"
transit_gateway_peering_attachment_accepter_peer_transit_gateway_id = """"
transit_gateway_peering_attachment_accepter_transit_gateway_id = """"
transit_gateway_peering_attachment_id = """"
transit_gateway_propagation_default_route_table_id = """"
transit_gateway_route_id = """"
transit_gateway_route_table_arn = """"
transit_gateway_route_table_association_id = """"
transit_gateway_route_table_association_resource_id = """"
transit_gateway_route_table_association_resource_type = """"
transit_gateway_route_table_default_association_route_table = """"
transit_gateway_route_table_default_propagation_route_table = """"
transit_gateway_route_table_id = """"
transit_gateway_route_table_propagation_id = """"
transit_gateway_route_table_propagation_resource_id = """"
transit_gateway_route_table_propagation_resource_type = """"
transit_gateway_vpc_attachment_accepter_appliance_mode_support = """"
transit_gateway_vpc_attachment_accepter_dns_support = """"
transit_gateway_vpc_attachment_accepter_id = """"
transit_gateway_vpc_attachment_accepter_ipv6_support = """"
transit_gateway_vpc_attachment_accepter_subnet_ids = """"
transit_gateway_vpc_attachment_accepter_transit_gateway_id = """"
transit_gateway_vpc_attachment_accepter_vpc_id = """"
transit_gateway_vpc_attachment_accepter_vpc_owner_id = """"
transit_gateway_vpc_attachment_id = """"
transit_gateway_vpc_attachment_vpc_owner_id = """"

--- ERRORS ---",,740,6865,9,50,4,"We need a Terraform template that creates a transit gateway with DNS and VPN ECMP support enabled, default route table association and propagation enabled, using the default Amazon side ASN, and then attaches a VPC by accepting a VPC ID and a list of subnet IDs as required inputs with appliance mode and IPv6 support disabled and DNS support enabled, also creates a new route table associated with the transit gateway and adds a static route with a configurable destination CIDR block defaulting to the standard default route that is not a blackhole route, optionally associates that route table with the VPC attachment and propagates routes, sets up a peering attachment by accepting a peer transit gateway ID and a peer region as required inputs and then provisioning a separate accepter resource to complete the peering, and ensures all components are controlled by boolean feature flags so each can be independently enabled or disabled, with all resources using a common name prefix and environment variable for tagging.",152,"aws_ec2_transit_gateway, aws_ec2_transit_gateway_peering_attachment, aws_ec2_transit_gateway_peering_attachment_accepter, aws_ec2_transit_gateway_route, aws_ec2_transit_gateway_route_table, aws_ec2_transit_gateway_route_table_association, aws_ec2_transit_gateway_route_table_propagation, aws_ec2_transit_gateway_vpc_attachment, aws_ec2_transit_gateway_vpc_attachment_accepter"
gh_254d7b8f,Tianyi2/IRIS,iac_benchmark/scenarios/gh_254d7b8f,True,True,0,0,0,0,0,True,"--- INIT LOG ---
Initializing provider plugins...
- Finding latest version of hashicorp/aws...
- Installing hashicorp/aws v6.52.0...
- Installed hashicorp/aws v6.52.0 (signed by HashiCorp)
Terraform has created a lock file .terraform.lock.hcl to record the provider
selections it made above. Include this file in your version control repository
so that Terraform can guarantee to make the same selections by default when
you run ""terraform init"" in the future.

Terraform has been successfully initialized!

You may now begin working with Terraform. Try running ""terraform plan"" to see
any changes that are required for your infrastructure. All Terraform commands
should now work.

If you ever set or change modules or backend configuration for Terraform,
rerun this command to reinitialize your working directory. If you forget, other
commands will detect it and remind you to do so if necessary.

--- APPLY LOG ---

Changes to Outputs:
  + config_aggregate_authorization_arn   = """"
  + config_config_rule_arn               = """"
  + config_config_rule_id                = """"
  + config_configuration_aggregator_arn  = """"
  + config_configuration_recorder_id     = """"
  + config_delivery_channel_id           = """"
  + config_organization_custom_rule_arn  = """"
  + config_organization_managed_rule_arn = """"
  + config_remediation_configuration_id  = """"

You can apply this plan to save these new output values to the Terraform
state, without changing any real infrastructure.

Apply complete! Resources: 0 added, 0 changed, 0 destroyed.

Outputs:

config_aggregate_authorization_arn = """"
config_config_rule_arn = """"
config_config_rule_id = """"
config_configuration_aggregator_arn = """"
config_configuration_recorder_id = """"
config_delivery_channel_id = """"
config_organization_custom_rule_arn = """"
config_organization_managed_rule_arn = """"
config_remediation_configuration_id = """"

--- ERRORS ---",,878,6687,9,70,4,"We need a Terraform template that creates a comprehensive AWS Config deployment for compliance and governance, including a configuration recorder that expects an IAM role ARN as a variable, a delivery channel that expects an S3 bucket name as a variable for storing configuration history, a configuration aggregator that can aggregate from a list of accounts or from the entire organization, both managed and custom organization rules (with the managed rule defaulting to a well-known AWS managed rule identifier for password policy) that can be scoped to specific resources or tags, a config rule with a specified source and optional scope, and a remediation configuration attached to that rule that requires a target ID and target type to be provided as variables, all conditionally enabled via variables so that only required components are provisioned, with named resources following a consistent naming convention that incorporates a base name and environment, and supporting cross-account aggregate authorization for a given account ID and region, with the template relying on externally provided IAM role ARN, S3 bucket name, Lambda function ARN, and remediation target details as input variables rather than creating those dependencies itself, and all resources properly tagged and configured with lifecycle management to allow safe updates.",153,"aws_config_aggregate_authorization, aws_config_config_rule, aws_config_configuration_aggregator, aws_config_configuration_recorder, aws_config_configuration_recorder_status, aws_config_delivery_channel, aws_config_organization_custom_rule, aws_config_organization_managed_rule, aws_config_remediation_configuration"
gh_570735ea,Tianyi2/IRIS,iac_benchmark/scenarios/gh_570735ea,True,True,0,0,0,0,0,True,"--- INIT LOG ---
Initializing provider plugins...
- Finding latest version of hashicorp/aws...
- Installing hashicorp/aws v6.57.1...
- Installed hashicorp/aws v6.57.1 (signed by HashiCorp)
Terraform has created a lock file .terraform.lock.hcl to record the provider
selections it made above. Include this file in your version control repository
so that Terraform can guarantee to make the same selections by default when
you run ""terraform init"" in the future.

Terraform has been successfully initialized!

You may now begin working with Terraform. Try running ""terraform plan"" to see
any changes th

...[LOG TRUNCATED]...

ecs_task_definition.container_definitions_environment_aws_secrets_not_set_41_character_string: Creation complete after 0s [id=foo]
aws_ecs_task_definition.container_definitions_environment_aws_secrets_not_set: Creation complete after 0s [id=foo]
aws_ecs_task_definition.container_definitions_environment_aws_secrets_not_set_21_character_capital_string: Creation complete after 0s [id=foo]
aws_ecs_task_definition.container_definitions_environment_aws_secrets_not_set_40_character_string: Creation complete after 0s [id=foo]

Apply complete! Resources: 9 added, 0 changed, 0 destroyed.

--- ERRORS ---",,250,1319,9,0,4,"We need a Terraform template that creates multiple ECS task definitions for testing purposes, specifically to validate how the system handles AWS credential exposure in container environment variables, where the task definitions must use the family name ""foo"" and a container named ""bar"" with the image ""foobar"" running on 10 CPU units and 512 memory, exposing port 80, and the template must include a set of passing cases where the environment variables either are absent entirely, contain non-sensitive values like ""bar"" or ""AXYZIOSFODNN7EXAMPLE"", or contain strings that resemble AWS credentials but are not valid because they are either 20 characters, 21 characters, 40 characters, or 41 characters long with different formatting, and a set of failing cases where the environment variables contain actual AWS access key IDs like ""AKIAIOSFODNN7EXAMPLE"" or ""AIPAIOSFODNN7EXAMPLE"" or secret access keys like ""wJalrXUtnFEMI/K7MDENG/bPxRfiCYEXAMPLEKEY"" or ""wJalrXUtnFOOMI/K7MDENG/bPxRfiCYEXAMPLEKEY"", including one case where both an access key and a secret key are set together.",154,aws_ecs_task_definition
gh_75c55509,Tianyi2/IRIS,iac_benchmark/scenarios/gh_75c55509,True,True,0,0,0,0,0,True,"--- INIT LOG ---
Initializing provider plugins...
- Finding latest version of hashicorp/aws...
- Installing hashicorp/aws v6.52.0...
- Installed hashicorp/aws v6.52.0 (signed by HashiCorp)
Terraform has created a lock file .terraform.lock.hcl to record the provider
selections it made above. Include this file in your version control repository
so that Terraform can guarantee to make the same selections by default when
you run ""terraform init"" in the future.

Terraform has been successfully initialized!

You may now begin working with Terraform. Try running ""terraform plan"" to see
any changes that are required for your infrastructure. All Terraform commands
should now work.

If you ever set or change modules or backend configuration for Terraform,
rerun this command to reinitialize your working directory. If you forget, other
commands will detect it and remind you to do so if necessary.

--- APPLY LOG ---

Changes to Outputs:
  + aws_route53_zone_id                                = """"
  + aws_route53_zone_name_servers                      = [
      + """",
    ]
  + aws_route53_zone_zone_id                           = """"
  + route53_delegation_set_id                          = """"
  + route53_delegation_set_name_servers                = [
      + """",
    ]
  + route53_health_check_id                            = """"
  + route53_key_signing_key_digest_algorithm_mnemonic  = """"
  + route53_key_signing_key_digest_algorithm_type      = """"
  + route53_key_signing_key_digest_value        

...[LOG TRUNCATED]...

                            = """"
  + route53_vpc_association_authorization_id           = """"
  + route53_zone_association_id                        = """"
  + route53_zone_association_vpc_id                    = """"
  + route53_zone_association_vpc_region                = """"
  + route53_zone_association_zone_id                   = """"

You can apply this plan to save these new output values to the Terraform
state, without changing any real infrastructure.

Apply complete! Resources: 0 added, 0 changed, 0 destroyed.

Outputs:

aws_route53_zone_id = """"
aws_route53_zone_name_servers = [
  """",
]
aws_route53_zone_zone_id = """"
route53_delegation_set_id = """"
route53_delegation_set_name_servers = [
  """",
]
route53_health_check_id = """"
route53_key_signing_key_digest_algorithm_mnemonic = """"
route53_key_signing_key_digest_algorithm_type = """"
route53_key_signing_key_digest_value = """"
route53_key_signing_key_dnskey_record = """"
route53_key_signing_key_ds_record = """"
route53_key_signing_key_flag = """"
route53_key_signing_key_id = """"
route53_key_signing_key_key_tag = """"
route53_key_signing_key_public_key = """"
route53_key_signing_key_signing_algorithm_mnemonic = """"
route53_key_signing_key_signing_algorithm_type = """"
route53_query_log_id = """"
route53_record_fqdn = """"
route53_record_name = """"
route53_vpc_association_authorization_id = """"
route53_zone_association_id = """"
route53_zone_association_vpc_id = """"
route53_zone_association_vpc_region = """"
route53_zone_association_zone_id = """"

--- ERRORS ---",,766,6370,8,62,4,"We need a Terraform template that creates a comprehensive Route53 DNS management solution, including a hosted zone (public or private with VPC association) with a default domain name of 'domain.localdomain' and configurable name, environment (defaulting to 'TEST' and 'STAGE'), and tags (defaulting to empty map), DNS records supporting alias, failover, geolocation, latency, weighted, and multivalue routing policies with a default type of 'A' and configurable TTL, records, and alias, health checks (HTTP, HTTPS, TCP, calculated, CloudWatch metric) with a default type of 'HTTP' and configurable failure threshold and request interval, a reusable delegation set with a default reference name of null, query logging to a CloudWatch log group (requiring its ARN), VPC association authorization (requiring a zone ID and VPC ID), DNSSEC via a key signing key using a KMS key in us-east-1 (requiring the KMS key ARN), and zone association with a list of VPCs (each with vpc_id and vpc_region), all controlled by boolean flags and with the hosted zone's force_destroy and comment defaulting to null.",155,"aws_route53_delegation_set, aws_route53_health_check, aws_route53_key_signing_key, aws_route53_query_log, aws_route53_record, aws_route53_vpc_association_authorization, aws_route53_zone, aws_route53_zone_association"
gh_b7d56bc5,Tianyi2/IRIS,iac_benchmark/scenarios/gh_b7d56bc5,True,True,0,0,0,0,0,True,"--- INIT LOG ---
Initializing provider plugins...
- Finding latest version of hashicorp/aws...
- Installing hashicorp/aws v6.57.1...
- Installed hashicorp/aws v6.57.1 (signed by HashiCorp)
Terraform has created a lock file .terraform.lock.hcl to record the provider
selections it made above. Include this file in your version control repository
so that Terraform can guarantee to make the same selections by default when
you run ""terraform init"" in the future.

Terraform has been successfully initialized!

You may now begin working with Terraform. Try running ""terraform plan"" to see
any changes th

...[LOG TRUNCATED]...

s_iam_user_policy.test_ro: Creating...
aws_iam_user_policy.test_ro3: Creation complete after 0s [id=loadbalancer:test3]
aws_iam_user_policy.test_ro2: Creation complete after 0s [id=loadbalancer:test2]
aws_iam_user_policy.test3_ro2: Creation complete after 0s [id=loadbalancer3:test32]
aws_iam_user_policy.test_ro4: Creation complete after 0s [id=loadbalancer:test4]
aws_iam_access_key.test: Creation complete after 0s [id=LKIAQAAAAAAAH4SV4YPE]
aws_iam_user_policy.test_ro: Creation complete after 0s [id=loadbalancer:test]

Apply complete! Resources: 18 added, 0 changed, 0 destroyed.

--- ERRORS ---",,278,1339,18,0,4,"We need a Terraform template that creates three IAM users named ""loadbalancer"", ""loadbalancer2"", and ""loadbalancer3"", each with a path of ""/system/"", and for each user, attach four separate IAM user policies that each grant read-only EC2 describe access, then generate access keys for each user.",156,"aws_iam_access_key, aws_iam_user, aws_iam_user_policy"
gh_e1731993,Tianyi2/IRIS,iac_benchmark/scenarios/gh_e1731993,True,True,0,0,0,0,0,True,"--- INIT LOG ---
Initializing provider plugins...
- Finding latest version of hashicorp/aws...
- Installing hashicorp/aws v6.52.0...
- Installed hashicorp/aws v6.52.0 (signed by HashiCorp)
Terraform has created a lock file .terraform.lock.hcl to record the provider
selections it made above. Include this file in your version control repository
so that Terraform can guarantee to make the same selections by default when
you run ""terraform init"" in the future.

Terraform has been successfully initialized!

You may now begin working with Terraform. Try running ""terraform plan"" to see
any changes that are required for your infrastructure. All Terraform commands
should now work.

If you ever set or change modules or backend configuration for Terraform,
rerun this command to reinitialize your working directory. If you forget, other
commands will detect it and remind you to do so if necessary.

--- APPLY LOG ---
data.aws_region.current: Reading...
data.aws_caller_identity.current: Reading...
data.aws_region.current: Read complete after 0s [id=us-east-1]
data.aws_caller_identity.current: Read complete after 0s [id=000000000000]

Terraform used the selected providers to generate the following execution
plan. Resource actions are indicated with the following symbols:
  + create

Terraform will perform the following actions:

  # aws_backup_plan.daily[0] will be created
  + resource ""aws_backup_plan"" ""daily"" {
      + arn      = (known after apply)
      + id       = (known after apply)
 

...[LOG TRUNCATED]...

t: Creating...
aws_backup_vault.rds_backup_vault: Creation complete after 0s [id=rds-backup-vault]
aws_backup_vault.cross_region_rds_backup_vault: Creation complete after 0s [id=rds-cross-region-backup-vault-us-west-1]
aws_backup_plan.weekly: Creating...
aws_backup_plan.yearly: Creating...
aws_backup_plan.monthly: Creating...
aws_backup_plan.daily[0]: Creating...
aws_backup_plan.weekly: Creation complete after 0s [id=1658aa2a-9423-472b-943e-cefde378bd0b]
aws_backup_plan.daily[0]: Creation complete after 0s [id=eae3c783-53a6-4adf-afd9-e524cea84b43]
aws_backup_plan.yearly: Creation complete after 0s [id=f80849e5-1a5a-4f62-b90a-879267ccddb1]
aws_backup_plan.monthly: Creation complete after 0s [id=f96aeb73-441a-4f86-bf46-e98cac4dc794]
aws_backup_selection.weekly: Creating...
aws_backup_selection.monthly: Creating...
aws_backup_selection.yearly: Creating...
aws_backup_selection.daily[0]: Creating...
aws_backup_selection.weekly: Creation complete after 0s [id=27a31046-4fa6-49d0-b2c7-554a8aadae5f]
aws_backup_selection.daily[0]: Creation complete after 0s [id=65dcfb03-5208-4535-9cf7-dbb4fc379681]
aws_backup_selection.monthly: Creation complete after 0s [id=596f009a-d60a-4b11-ac23-868afa27f8c9]
aws_backup_selection.yearly: Creation complete after 0s [id=abbe4694-1600-404a-8ab7-01d261177a28]
aws_kms_key_policy.backup_key_external_account[0]: Creation complete after 4s [id=506790f1-3731-47d9-8569-cf22a463851b]

Apply complete! Resources: 15 added, 0 changed, 0 destroyed.

--- ERRORS ---",,318,2176,15,6,4,"We need a Terraform template that creates a comprehensive AWS Backup solution for RDS instances, supporting daily, weekly, monthly, and yearly backup schedules with cross-region replication to a destination vault in a configurable region and optional cross-account replication to a specified destination account, using customer-managed KMS keys with key rotation enabled for encrypting both the primary and cross-region backup vaults, creating the necessary IAM role with the AWSBackupServiceRolePolicyForBackup policy attached, allowing exclusion of specific database ARNs via a variable, and setting retention periods of 7 days for daily backups, 30 days for weekly, 365 days for monthly, and 2555 days for yearly backups.",157,"aws_backup_plan, aws_backup_selection, aws_backup_vault, aws_caller_identity, aws_iam_role, aws_iam_role_policy_attachment, aws_kms_key, aws_kms_key_policy, aws_region"
gh_ee089b0d,Tianyi2/IRIS,iac_benchmark/scenarios/gh_ee089b0d,True,True,0,0,1,0,0,True,"--- INIT LOG ---
Initializing provider plugins...
- Finding latest version of hashicorp/aws...
- Installing hashicorp/aws v6.51.0...
- Installed hashicorp/aws v6.51.0 (signed by HashiCorp)
Terraform has created a lock file .terraform.lock.hcl to record the provider
selections it made above. Include this file in your version control repository
so that Terraform can guarantee to make the same selections by default when
you run ""terraform init"" in the future.

Terraform has been successfully initialized!

You may now begin working with Terraform. Try running ""terraform plan"" to see
any changes that are required for your infrastructure. All Terraform commands
should now work.

If you ever set or change modules or backend configuration for Terraform,
rerun this command to reinitialize your working directory. If you forget, other
commands will detect it and remind you to do so if necessary.

--- APPLY LOG ---
data.aws_iam_policy.AWSElasticDisasterRecoveryFailbackPolicy: Reading...
data.aws_iam_policy.AWSElasticDisasterRecoveryRecoveryInstancePolicy: Reading...
data.aws_iam_policy.AWSElasticDisasterRecoveryReplicationServerPolicy: Reading...
data.aws_iam_policy.AmazonSSMManagedInstanceCore: Reading...
data.aws_iam_policy.AWSElasticDisasterRecoveryAgentPolicy: Reading...
data.aws_iam_policy.AWSElasticDisasterRecoveryConversionServerPolicy: Reading...
data.aws_caller_identity.current: Reading...
data.aws_caller_identity.current: Read complete after 0s [id=000000000000]
data.aws_iam_po

...[LOG TRUNCATED]...

arn:aws:iam::aws:policy/AmazonSSMManagedInstanceCore]
aws_iam_role_policy_attachment.AWSElasticDisasterRecoveryAgentRole: Creation complete after 0s [id=AWSElasticDisasterRecoveryAgentRole/arn:aws:iam::aws:policy/service-role/AWSElasticDisasterRecoveryAgentPolicy]
aws_iam_role_policy_attachment.AWSElasticDisasterRecoveryRecoveryInstanceWithLaunchActionsRole1: Creation complete after 0s [id=AWSElasticDisasterRecoveryRecoveryInstanceWithLaunchActionsRole/arn:aws:iam::aws:policy/service-role/AWSElasticDisasterRecoveryRecoveryInstancePolicy]
aws_iam_role_policy_attachment.Initializer: Creation complete after 0s [id=AWSElasticDisasterRecoveryInitializerRole/arn:aws:iam::000000000000:policy/InitializePolicy]
aws_iam_role_policy_attachment.AWSElasticDisasterRecoveryConversionServerRole: Creation complete after 0s [id=AWSElasticDisasterRecoveryConversionServerRole/arn:aws:iam::aws:policy/service-role/AWSElasticDisasterRecoveryConversionServerPolicy]
aws_iam_role_policy_attachment.AWSElasticDisasterRecoveryFailbackRole: Creation complete after 0s [id=AWSElasticDisasterRecoveryFailbackRole/arn:aws:iam::aws:policy/service-role/AWSElasticDisasterRecoveryFailbackPolicy]
aws_iam_role_policy_attachment.AWSElasticDisasterRecoveryReplicationServerRole: Creation complete after 0s [id=AWSElasticDisasterRecoveryReplicationServerRole/arn:aws:iam::aws:policy/service-role/AWSElasticDisasterRecoveryReplicationServerPolicy]

Apply complete! Resources: 16 added, 0 changed, 0 destroyed.

--- ERRORS ---",,292,2251,16,0,4,"We need a Terraform template that creates a set of IAM roles and policies for initializing and operating AWS Elastic Disaster Recovery in an account, including the core service roles that the DRS service assumes with specific source identity conditions matching standard prefix patterns scoped to the current account, roles for EC2-based services like conversion, recovery, and replication servers that follow standard EC2 trust relationships, and a special initialization role whose trust policy allows the current caller identity (the user running Terraform) to assume it, with the requirement that one of the EC2-trusted roles receives both the standard AWS-managed DRS recovery instance policy and the AWS-managed Systems Manager instance core policy attached, while the initialization role itself needs a custom inline-style policy that grants permissions to attach the five AWS-managed DRS policies to any role, pass roles to EC2 and DRS, create the service-linked role for DRS, and manage instance profiles.",158,"aws_caller_identity, aws_iam_policy, aws_iam_role, aws_iam_role_policy_attachment"
terrads_0bc9721da849,Zenodo/TerraDS,iac_benchmark/scenarios/terrads_0bc9721da849,True,True,0,0,0,0,0,True,"--- INIT LOG ---
Initializing provider plugins...
- Finding latest version of hashicorp/aws...
- Installing hashicorp/aws v6.55.0...
- Installed hashicorp/aws v6.55.0 (signed by HashiCorp)
Terraform has created a lock file .terraform.lock.hcl to record the provider
selections it made above. Include this file in your version control repository
so that Terraform can guarantee to make the same selections by default when
you run ""terraform init"" in the future.

Terraform has been successfully initialized!

You may now begin working with Terraform. Try running ""terraform plan"" to see
any changes th

...[LOG TRUNCATED]...

support"" = true
  ""enable_network_address_usage_metrics"" = false
  ""id"" = ""vpc-5c4fe58d19b1add7a""
  ""instance_tenancy"" = ""default""
  ""ipv4_ipam_pool_id"" = tostring(null)
  ""ipv4_netmask_length"" = tonumber(null)
  ""ipv6_association_id"" = """"
  ""ipv6_cidr_block"" = """"
  ""ipv6_cidr_block_network_border_group"" = """"
  ""ipv6_ipam_pool_id"" = """"
  ""ipv6_netmask_length"" = 0
  ""main_route_table_id"" = ""rtb-8f4a90fb7c0f4b56f""
  ""owner_id"" = ""000000000000""
  ""region"" = ""us-east-1""
  ""tags"" = tomap({
    ""Name"" = ""lambda-rds-dev""
  })
  ""tags_all"" = tomap({
    ""Name"" = ""lambda-rds-dev""
  })
}

--- ERRORS ---",,253,1736,15,0,4,"We need a Terraform template that creates a dev VPC with CIDR 10.32.0.0/20, DNS hostnames enabled, and two availability zones, containing a public bastion host subnet (10.32.15.0/24) with auto-assign public IP and SSH access from anywhere, two private RDS DB subnets (10.32.0.0/28 and 10.32.0.16/28) in separate AZs, and a private Lambda subnet (10.32.1.0/24); the template should include an internet gateway, a public route table with a default route to the IGW associated only with the bastion subnet, and security groups where the DB security group allows TCP 5432 ingress only from the bastion and Lambda security groups, while all three security groups restrict egress to the VPC CIDR (except the bastion which egresses to the DB security group), plus a default security group with no ingress and a default network ACL allowing all traffic, all for hosting a PostgreSQL RDS instance, Lambda functions, and a bastion host for database access.",159,"aws_availability_zones, aws_default_network_acl, aws_default_security_group, aws_internet_gateway, aws_route_table, aws_route_table_association, aws_security_group, aws_security_group_rule, aws_subnet, aws_vpc"
terrads_11585d5feec9,Zenodo/TerraDS,iac_benchmark/scenarios/terrads_11585d5feec9,True,True,0,0,0,0,0,True,"--- INIT LOG ---
Initializing provider plugins...
- Finding hashicorp/aws versions matching ""~> 4.0""...
- Finding latest version of hashicorp/random...
- Installing hashicorp/aws v4.67.0...
- Installed hashicorp/aws v4.67.0 (signed by HashiCorp)
- Installing hashicorp/random v3.9.0...
- Installed hashicorp/random v3.9.0 (signed by HashiCorp)
Terraform has created a lock file .terraform.lock.hcl to record the provider
selections it made above. Include this file in your version control repository
so that Terraform can guarantee to make the same selections by default when
you run ""terraform init""

...[LOG TRUNCATED]...

 see
any changes that are required for your infrastructure. All Terraform commands
should now work.

If you ever set or change modules or backend configuration for Terraform,
rerun this command to reinitialize your working directory. If you forget, other
commands will detect it and remind you to do so if necessary.

--- APPLY LOG ---

No changes. Your infrastructure matches the configuration.

Terraform has compared your real infrastructure against your configuration
and found no differences, so no changes are needed.

Apply complete! Resources: 0 added, 0 changed, 0 destroyed.

--- ERRORS ---",,581,2973,10,6,4,"We need a Terraform template that creates a CI/CD pipeline for deploying VPC infrastructure using AWS CodeCommit, CodeBuild, and CodePipeline, referencing an existing S3 bucket and DynamoDB table for remote state storage that are passed in as variables, and it should grant a specified CodeCommit user the appropriate managed policy for CodeCommit power user access, create a CodeCommit repository for VPC deployment code, a CodeBuild project that uses a configurable Terraform version defaulting to 1.2.3 and passes environment variables for the remote backend referencing the state bucket and table, a pipeline that pulls source from the CodeCommit repository on the default branch, runs a development stage with plan and apply actions, and includes commented-out stages for additional environments like UAT and production with an approval gate in the production stage, and ensures all build logs are stored in a private S3 bucket.",160,"aws_codebuild_project, aws_codecommit_repository, aws_codepipeline, aws_dynamodb_table, aws_iam_policy, aws_iam_role, aws_iam_role_policy, aws_iam_user_policy_attachment, aws_s3_bucket, aws_s3_bucket_acl"
terrads_1b435e3d4172,Zenodo/TerraDS,iac_benchmark/scenarios/terrads_1b435e3d4172,True,True,0,0,0,0,0,True,"--- INIT LOG ---
Initializing provider plugins...
- Finding latest version of hashicorp/aws...
- Installing hashicorp/aws v6.57.1...
- Installed hashicorp/aws v6.57.1 (signed by HashiCorp)
Terraform has created a lock file .terraform.lock.hcl to record the provider
selections it made above. Include this file in your version control repository
so that Terraform can guarantee to make the same selections by default when
you run ""terraform init"" in the future.

Terraform has been successfully initialized!

You may now begin working with Terraform. Try running ""terraform plan"" to see
any changes th

...[LOG TRUNCATED]...

d, 0 destroyed.

Outputs:

PrivateSubnet1ACIDR = ""10.0.2.0/24""
PrivateSubnet1AID = ""subnet-fb326efb8dcb0fedf""
PrivateSubnet1ARouteTable = ""rtb-d457c58e3cb7abe4a""
PrivateSubnet2ACIDR = ""10.0.3.0/24""
PrivateSubnet2AID = ""subnet-d5fdff8dc56edab1c""
PrivateSubnet2ARouteTable = ""rtb-0fc9fc6ef02611ac6""
S3VPCEndpoint = [
  ""vpce-3e3be8f626053ee43"",
]
route_id = ""rtb-2b6c732848f03106b""
route_ids = [
  ""rtb-d457c58e3cb7abe4a"",
  ""rtb-0fc9fc6ef02611ac6"",
]
subnet_ids = [
  ""subnet-fb326efb8dcb0fedf"",
  ""subnet-d5fdff8dc56edab1c"",
]
vpc_cidr = ""10.0.0.0/16""
vpc_id = ""vpc-1b74b8bb8b0b1c082""

--- ERRORS ---",,422,2915,9,11,4,"We need a Terraform template that creates a VPC with two private subnets spread across two availability zones, along with an S3 VPC endpoint and its associated route table associations, for testing purposes. The VPC should use a CIDR block of 10.0.0.0/16 with DNS hostnames and DNS support enabled, and the private subnets should use CIDR blocks of 10.0.2.0/24 and 10.0.3.0/24. The template should also create two private route tables, one for each private subnet, and associate each subnet with its corresponding route table, while also creating a shared network ACL that is applied to both private subnets with rules that allow all inbound and outbound traffic.",161,"aws_availability_zones, aws_network_acl, aws_network_acl_rule, aws_route_table, aws_route_table_association, aws_subnet, aws_vpc, aws_vpc_endpoint, aws_vpc_endpoint_route_table_association"
terrads_1def7c8627ad,Zenodo/TerraDS,iac_benchmark/scenarios/terrads_1def7c8627ad,True,True,0,0,0,0,0,True,"--- INIT LOG ---
Initializing provider plugins...
- Finding hashicorp/aws versions matching ""~> 5.0""...
- Installing hashicorp/aws v5.100.0...
- Installed hashicorp/aws v5.100.0 (signed by HashiCorp)
Terraform has created a lock file .terraform.lock.hcl to record the provider
selections it made above. Include this file in your version control repository
so that Terraform can guarantee to make the same selections by default when
you run ""terraform init"" in the future.

Terraform has been successfully initialized!

You may now begin working with Terraform. Try running ""terraform plan"" to see
any

...[LOG TRUNCATED]...

e_table_association.pvtasc2: Creating...
aws_route_table_association.pvtasc2: Creation complete after 0s [id=rtbassoc-41ed72c98a0b000ef]
aws_route_table_association.pvtasc1: Creation complete after 0s [id=rtbassoc-dbeb20ab15150c026]
aws_security_group.pvt_sec: Creation complete after 0s [id=sg-847995476760655a7]

Warning: Argument is deprecated

  with aws_eip.eip1,
  on vpc.tf line 153, in resource ""aws_eip"" ""eip1"":
 153:   vpc = ""true""

vpc is deprecated. Use domain instead.

(and 5 more similar warnings elsewhere)

Apply complete! Resources: 20 added, 0 changed, 0 destroyed.

--- ERRORS ---",,330,2183,20,10,4,"We need a Terraform template that creates a VPC in the us-east-1 region with a CIDR block of 10.0.0.0/16, two public subnets (10.0.1.0/24 and 10.0.2.0/24) and two private subnets (10.0.3.0/24 and 10.0.4.0/24) distributed across two distinct availability zones, an internet gateway, two NAT gateways each with an Elastic IP, respective route tables with proper associations (public subnets to the internet gateway, private subnets to the NAT gateways), and security groups: a public group allowing inbound SSH, HTTP, and HTTPS from anywhere with all outbound traffic, and a private group allowing inbound SSH, HTTP, HTTPS, and PostgreSQL only from the public security group, plus all outbound traffic to the public security group, all with appropriate tags.",162,"aws_eip, aws_internet_gateway, aws_nat_gateway, aws_route_table, aws_route_table_association, aws_security_group, aws_subnet, aws_vpc"
terrads_1fe0c7e96181,Zenodo/TerraDS,iac_benchmark/scenarios/terrads_1fe0c7e96181,True,True,0,0,0,0,0,True,"--- INIT LOG ---
Initializing provider plugins...
- Finding latest version of hashicorp/random...
- Finding latest version of hashicorp/aws...
- Installing hashicorp/random v3.9.0...
- Installed hashicorp/random v3.9.0 (signed by HashiCorp)
- Installing hashicorp/aws v6.55.0...
- Installed hashicorp/aws v6.55.0 (signed by HashiCorp)
Terraform has created a lock file .terraform.lock.hcl to record the provider
selections it made above. Include this file in your version control repository
so that Terraform can guarantee to make the same selections by default when
you run ""terraform init"" in the f

...[LOG TRUNCATED]...

9351a4]

Apply complete! Resources: 3 added, 0 changed, 0 destroyed.

Outputs:

app-subnet = []
app-subnet-availability_zone_names = tolist([
  ""us-east-1b"",
  ""us-east-1d"",
  ""us-east-1f"",
  ""us-east-1e"",
  ""us-east-1a"",
  ""us-east-1c"",
  ""us-east-1b"",
  ""us-east-1f"",
  ""us-east-1c"",
  ""us-east-1a"",
  ""us-east-1e"",
  ""us-east-1d"",
  ""us-east-1a"",
  ""us-east-1b"",
  ""us-east-1d"",
  ""us-east-1f"",
  ""us-east-1c"",
  ""us-east-1e"",
  ""us-east-1b"",
  ""us-east-1f"",
])
db_subnet_ids = []
gateway_endpoint_rt_association_id = """"
vpc_id = ""vpc-973698971e59351a4""
web_subnet_ids = tolist([])

--- ERRORS ---",,267,2139,15,19,4,"We need a Terraform template that creates a VPC with a CIDR of 10.16.0.0/16 and DNS support and hostnames enabled, along with configurable numbers of web (public), app, db, and reserved (private) subnets each with their own CIDR blocks, distributing them across randomly shuffled availability zones. The template should provision an internet gateway and a public route table with a default route to the internet gateway, associated with the web subnets, as well as a private route table associated with the app, db, and reserved subnets. It should also support creating both interface VPC endpoints (with private DNS enabled, using specified subnet IDs and security group IDs) and a gateway VPC endpoint (with route table association to the private route table). The VPC name should be set to 'tf-project' followed by a random integer, and the web subnets must have map_public_ip_on_launch set to true.",163,"aws_availability_zones, aws_internet_gateway, aws_route_table, aws_route_table_association, aws_subnet, aws_subnets, aws_vpc, aws_vpc_endpoint, aws_vpc_endpoint_route_table_association"
terrads_251b1cc05888,Zenodo/TerraDS,iac_benchmark/scenarios/terrads_251b1cc05888,True,True,0,0,0,0,0,True,"--- INIT LOG ---
Initializing provider plugins...
- Finding latest version of hashicorp/http...
- Finding latest version of hashicorp/aws...
- Installing hashicorp/http v3.6.0...
- Installed hashicorp/http v3.6.0 (signed by HashiCorp)
- Installing hashicorp/aws v6.57.1...
- Installed hashicorp/aws v6.57.1 (signed by HashiCorp)
Terraform has created a lock file .terraform.lock.hcl to record the provider
selections it made above. Include this file in your version control repository
so that Terraform can guarantee to make the same selections by default when
you run ""terraform init"" in the future.

...[LOG TRUNCATED]...

gKMDFuVTYvb09IdUU5dHE3a0FjMTZqWDNGeEsxYXZzcCtHTlh5aTh3eUZoN3hBdnltWFQyVDR0WC9mN1BIYUluZQpIYjByMFlwamcybXhoQVJVYlQ2ZXdPK051WlpJc0JoeXlnS0xxTDV3dVBZYW1DdXRiZUxvSndwbzJrN2VucFhnClJDV1NRNHh3M2s1Y0gwZz0KLS0tLS1FTkQgQ0VSVElGSUNBVEUtLS0tLQ==
  name: kubernetes
contexts:
- context:
    cluster: kubernetes
    user: aws
  name: aws
current-context: aws
kind: Config
preferences: {}
users:
- name: aws
  user:
    exec:
      apiVersion: client.authentication.k8s.io/v1beta1
      command: aws-iam-authenticator
      args:
        - ""token""
        - ""-i""
        - ""terraform-eks-demo""

EOT

--- ERRORS ---",,302,1888,16,2,4,"We need a Terraform template that creates an EKS cluster in the us-east-1 region with a default cluster name of ""terraform-eks-demo"", including a VPC with two public subnets (10.0.0.0/24 and 10.0.1.0/24), associated IAM roles and policies for the cluster and worker nodes, a security group that allows HTTPS access from the local workstation's current public IP address, and a node group with a single worker node, while also generating the kubeconfig and aws-auth ConfigMap as outputs for immediate cluster access.",164,"aws_availability_zones, aws_eks_cluster, aws_eks_node_group, aws_iam_role, aws_iam_role_policy_attachment, aws_internet_gateway, aws_route_table, aws_route_table_association, aws_security_group, aws_security_group_rule, aws_subnet, aws_vpc"
terrads_2a8715e9108a,Zenodo/TerraDS,iac_benchmark/scenarios/terrads_2a8715e9108a,True,True,0,0,0,0,0,True,"--- INIT LOG ---
Initializing provider plugins...
- Finding latest version of hashicorp/aws...
- Installing hashicorp/aws v6.56.0...
- Installed hashicorp/aws v6.56.0 (signed by HashiCorp)
Terraform has created a lock file .terraform.lock.hcl to record the provider
selections it made above. Include this file in your version control repository
so that Terraform can guarantee to make the same selections by default when
you run ""terraform init"" in the future.

Terraform has been successfully initialized!

You may now begin working with Terraform. Try running ""terraform plan"" to see
any changes th

...[LOG TRUNCATED]...

se the aws_s3_bucket_versioning resource instead.

(and 23 more similar warnings elsewhere)

Warning: Deprecated Resource

  with aws_s3_bucket_object.tfstate_bucket_folder,
  on remotestate.tf line 157, in resource ""aws_s3_bucket_object"" ""tfstate_bucket_folder"":
 157: resource ""aws_s3_bucket_object"" ""tfstate_bucket_folder"" {

use the aws_s3_object resource instead

(and 2 more similar warnings elsewhere)

Apply complete! Resources: 10 added, 0 changed, 0 destroyed.

Outputs:

account_id = ""000000000000""
caller_arn = ""arn:aws:iam::000000000000:root""
caller_user = ""000000000000""

--- ERRORS ---",,252,1389,10,5,4,"We need a Terraform template that creates a secure remote state backend using S3 and DynamoDB, with the logging bucket named using the prefix ""fugue-ci-cd-example-logs"" and the state bucket using the prefix ""fugue-ci-cd-example-tfstate"", both suffixed with the account ID and region, provision a new KMS key with alias ""alias/tfstate-key"" and use it to encrypt the state bucket, enable server access logging to the logging bucket, include a folder object ""tfstate-aws/"" in the state bucket, and provision a DynamoDB table named ""tfstate-lock"" for state locking, all tagged with the environment ""security"" and deployed in us-east-1.",165,"aws_caller_identity, aws_dynamodb_table, aws_kms_alias, aws_kms_key, aws_s3_bucket, aws_s3_bucket_object, aws_s3_bucket_policy, aws_s3_bucket_public_access_block"
terrads_2b8b3dc2bc75,Zenodo/TerraDS,iac_benchmark/scenarios/terrads_2b8b3dc2bc75,True,True,0,0,0,0,0,True,"--- INIT LOG ---
Initializing modules...
Downloading registry.terraform.io/Young-ook/spinnaker/aws 3.0.2 for aws...
- aws in .terraform/modules/aws/modules/aws-partitions
Downloading registry.terraform.io/Young-ook/spinnaker/aws 3.0.0 for frigga...
- frigga in .terraform/modules/frigga/modules/frigga
Downloading registry.terraform.io/Young-ook/sagemaker/aws 0.4.8 for snapshot...
- snapshot in .terraform/modules/snapshot/modules/s3
Downloading registry.terraform.io/Young-ook/spinnaker/aws 3.0.2 for snapshot.aws...
- snapshot.aws in .terraform/modules/snapshot.aws/modules/aws-partitions
Download

...[LOG TRUNCATED]...

esource_id"" = tostring(null)
        ""compliance_resource_types"" = toset(null) /* of string */
        ""tag_key"" = tostring(null)
        ""tag_value"" = tostring(null)
      },
    ])
    ""source"" = tolist([
      {
        ""custom_policy_details"" = tolist([])
        ""owner"" = ""AWS""
        ""source_detail"" = toset([])
        ""source_identifier"" = ""ROOT_ACCOUNT_MFA_ENABLED""
      },
    ])
    ""tags"" = tomap({
      ""Name"" = ""config-nwijr""
      ""terraform.io"" = ""managed""
    })
    ""tags_all"" = tomap({
      ""Name"" = ""config-nwijr""
      ""terraform.io"" = ""managed""
    })
  }
}

--- ERRORS ---",,283,1911,9,3,4,"We need a Terraform template that creates a comprehensive AWS Config setup for compliance auditing and monitoring, including a configuration recorder that records all supported global resource types, a delivery channel that stores configuration snapshots and history in an S3 bucket with a prefix of ""awsconfig/records"" and sends notifications via an SNS topic, an IAM role with the necessary permissions for Config to assume and publish to SNS, and a set of AWS managed config rules covering CloudTrail, IAM password policy, EC2 VPC, root MFA, ACM certificate expiration, EBS volume in-use, EC2 IMDSv2, RDS storage encryption, RDS public access, RDS public snapshots, and required tags on S3 buckets (specifically checking for tags ""terraform.io"" and ""environment""). The S3 bucket should be force-destroyed for testing purposes, and resource names should be derived from a configurable base name that defaults to ""config"" if not provided, with support for custom tagging and optional overrides for snapshot delivery frequency.",166,"aws_config_config_rule, aws_config_configuration_recorder, aws_config_configuration_recorder_status, aws_config_delivery_channel, aws_iam_role, aws_iam_role_policy, aws_iam_role_policy_attachment, aws_sns_topic"
terrads_305fc30c5f79,Zenodo/TerraDS,iac_benchmark/scenarios/terrads_305fc30c5f79,True,True,0,0,0,0,0,True,"--- INIT LOG ---
Initializing provider plugins...
- Finding latest version of hashicorp/aws...
- Installing hashicorp/aws v6.57.1...
- Installed hashicorp/aws v6.57.1 (signed by HashiCorp)
Terraform has created a lock file .terraform.lock.hcl to record the provider
selections it made above. Include this file in your version control repository
so that Terraform can guarantee to make the same selections by default when
you run ""terraform init"" in the future.

Terraform has been successfully initialized!

You may now begin working with Terraform. Try running ""terraform plan"" to see
any changes th

...[LOG TRUNCATED]...

on complete after 0s [id=aws-backup-4f745d296597aa10dfb83c48d0/arn:aws:iam::aws:policy/service-role/AWSBackupServiceRolePolicyForBackup]
aws_backup_vault.backup_vault: Creation complete after 0s [id=vault--backup]
aws_backup_plan.backup_plan[0]: Creating...
aws_backup_plan.backup_plan[0]: Creation complete after 0s [id=381358e3-2595-434a-9833-2259dacf8754]
aws_backup_selection.backup_selection[0]: Creating...
aws_backup_selection.backup_selection[0]: Creation complete after 0s [id=5a08502f-0c55-48c1-bdde-b5e0aaeaef55]

Apply complete! Resources: 5 added, 0 changed, 0 destroyed.

--- ERRORS ---",,293,2016,9,20,4,"We need a Terraform template that creates AWS Backup infrastructure for a given environment, including a vault that is always created regardless of account type, with optional server-side encryption using a provided KMS key, a backup plan with a configurable schedule (which can be left null to omit a CRON expression, but must be explicitly provided as a valid CRON string if a schedule is desired), configurable start and completion windows, lifecycle rules for cold storage and deletion, and optional cross-region copy actions, along with two tag-based backup selections—one using a configurable selection tag (defaulting to key ""Backup"" and value ""true"") and another for explicitly listed resource ARNs—and an IAM role for AWS Backup, all of which should only be created when the account type is set to ""workload"", and the template should also optionally support vault lock configuration with minimum and maximum retention days, vault access policies in JSON, and SNS notifications for vault events, with the default events being ""BACKUP_JOB_FAILED"" and ""COPY_JOB_FAILED"", and if vault notifications are enabled, the template should use an existing SNS topic ARN rather than creating a new one.",167,"aws_backup_plan, aws_backup_selection, aws_backup_vault, aws_backup_vault_lock_configuration, aws_backup_vault_notifications, aws_backup_vault_policy, aws_caller_identity, aws_iam_role, aws_iam_role_policy_attachment"
terrads_31b9a6dde088,Zenodo/TerraDS,iac_benchmark/scenarios/terrads_31b9a6dde088,True,True,0,0,0,0,0,True,"--- INIT LOG ---
Initializing modules...
Downloading registry.terraform.io/Young-ook/spinnaker/aws 3.0.2 for aws...
- aws in .terraform/modules/aws/modules/aws-partitions
Downloading registry.terraform.io/Young-ook/spinnaker/aws 2.3.5 for frigga...
- frigga in .terraform/modules/frigga/modules/frigga
Downloading registry.terraform.io/Young-ook/eventbridge/aws 0.0.6 for logs...
- logs in .terraform/modules/logs/modules/logs
Downloading registry.terraform.io/Young-ook/spinnaker/aws 2.3.5 for logs.frigga...
- logs.frigga in .terraform/modules/logs.frigga/modules/frigga
Initializing provider plugi

...[LOG TRUNCATED]...

in_lower   = 0
      + min_numeric = 0
      + min_special = 0
      + min_upper   = 0
      + number      = false
      + numeric     = false
      + result      = (known after apply)
      + special     = false
      + upper       = false
    }

Plan: 2 to add, 0 to change, 0 to destroy.
module.frigga.random_pet.name: Creating...
module.frigga.random_string.suffix: Creating...
module.frigga.random_pet.name: Creation complete after 0s [id=slug]
module.frigga.random_string.suffix: Creation complete after 0s [id=cygxj]

Apply complete! Resources: 2 added, 0 changed, 0 destroyed.

--- ERRORS ---",,313,2492,10,9,4,"We need a Terraform template that creates an AWS Lambda function with optional Lambda layer, alias, VPC networking, EFS file system mount, X-Ray tracing, and CloudWatch log group, all managed through a single module that uses a naming convention and a log group creation module; the template should conditionally provision the function only when a non-empty lambda configuration variable is provided, and similarly for layers and aliases, and it must attach the appropriate IAM roles and policies (including basic execution, VPC access, EFS client, X-Ray write, and log group write) based on the enabled features, while also supporting custom policy ARNs, environment variables, and tagging; the default runtime is python3.8, handler is lambda_handler, memory is 128 MB, timeout is 3 seconds, and the log group retention is 7 days, but all these should be overridable via the lambda variable map.",168,"aws_iam_role, aws_iam_role_policy_attachment, aws_lambda_alias, aws_lambda_function, aws_lambda_layer_version"
terrads_3857b74fe599,Zenodo/TerraDS,iac_benchmark/scenarios/terrads_3857b74fe599,True,True,0,0,0,0,0,True,"--- INIT LOG ---
Initializing provider plugins...
- Finding hashicorp/aws versions matching ""~> 5.0""...
- Installing hashicorp/aws v5.100.0...
- Installed hashicorp/aws v5.100.0 (signed by HashiCorp)
Terraform has created a lock file .terraform.lock.hcl to record the provider
selections it made above. Include this file in your version control repository
so that Terraform can guarantee to make the same selections by default when
you run ""terraform init"" in the future.

Terraform has been successfully initialized!

You may now begin working with Terraform. Try running ""terraform plan"" to see
any

...[LOG TRUNCATED]...

to save these new output values to the Terraform
state, without changing any real infrastructure.

Warning: Invalid Attribute Combination

  with aws_s3_bucket_lifecycle_configuration.quortex,
  on main.tf line 163, in resource ""aws_s3_bucket_lifecycle_configuration"" ""quortex"":
 163: resource ""aws_s3_bucket_lifecycle_configuration"" ""quortex"" {

No attribute specified when one (and only one) of
[rule[0].filter,rule[0].prefix] is required

This will be an error in a future version of the provider

Apply complete! Resources: 0 added, 0 changed, 0 destroyed.

Outputs:

buckets = {}

--- ERRORS ---","NON-JSON OUTPUT:
",391,2873,12,10,4,"We need a Terraform template that creates a set of S3 buckets for a storage system, where each bucket is named using a configurable prefix (defaulting to ""quortex"") combined with the bucket name from a provided map variable that accepts a set of objects each containing a name, label, tags, an optional expiration block with enabled flag and expiration_days, and an optional role block with a list of service accounts (each with name and namespace), with a force_destroy default of false, and with server-side encryption using AES256 enabled by default via a boolean variable (default true) that can be disabled, while ensuring all buckets have public access blocked; the template should also conditionally create an IAM user with an access key only when both the bucket list is non-empty and the enable_user_access_key variable (default true) is true, deriving the user name from the same configurable prefix, and grant read and write access to each bucket via a user policy, and separately, if IRSA is enabled (default false) and a bucket specifies a role, create an IAM role and policy for each such bucket that allows Kubernetes service accounts in specific namespaces to assume that role via an OIDC provider using a provided cluster OIDC issuer URL variable, and if CloudFront origin access identity is enabled (default false), create an OAI for each bucket and apply a bucket policy restricting read access to that identity only.",169,"aws_caller_identity, aws_cloudfront_origin_access_identity, aws_iam_access_key, aws_iam_policy, aws_iam_policy_document, aws_iam_role, aws_iam_role_policy_attachment, aws_iam_user, aws_iam_user_policy, aws_s3_bucket, aws_s3_bucket_lifecycle_configuration, aws_s3_bucket_policy, aws_s3_bucket_public_access_block, aws_s3_bucket_server_side_encryption_configuration"
terrads_46556c7a134d,Zenodo/TerraDS,iac_benchmark/scenarios/terrads_46556c7a134d,True,True,0,0,0,0,0,True,"--- INIT LOG ---
Initializing provider plugins...
- Finding hashicorp/aws versions matching "">= 4.47.0""...
- Installing hashicorp/aws v6.53.0...
- Installed hashicorp/aws v6.53.0 (signed by HashiCorp)
Terraform has created a lock file .terraform.lock.hcl to record the provider
selections it made above. Include this file in your version control repository
so that Terraform can guarantee to make the same selections by default when
you run ""terraform init"" in the future.

Terraform has been successfully initialized!

You may now begin working with Terraform. Try running ""terraform plan"" to see
an

...[LOG TRUNCATED]...

instance_profile_unique = ""AIPAQAAAAAAAN7Q3SD7T3""
irsa_arn = ""arn:aws:iam::000000000000:role/KarpenterIRSA--8502883af1d96c362c1e5fbac4""
irsa_name = ""KarpenterIRSA--8502883af1d96c362c1e5fbac4""
irsa_unique_id = ""AROAQAAAAAAAM4MEV54N4""
queue_arn = ""arn:aws:sqs:us-east-1:000000000000:Karpenter-""
queue_name = ""Karpenter-""
queue_url = ""http://sqs.us-east-1.localhost.localstack.cloud:4566/000000000000/Karpenter-""
role_arn = ""arn:aws:iam::000000000000:role/Karpenter--1d9730170e83baa4db7c4c46bb""
role_name = ""Karpenter--1d9730170e83baa4db7c4c46bb""
role_unique_id = ""AROAQAAAAAAABL7ENUP2U""

--- ERRORS ---","NON-JSON OUTPUT:
",716,5139,11,37,4,"We need a Terraform template that creates a new EKS cluster named ""my-cluster"" and the corresponding IAM OIDC provider from the cluster's OIDC issuer URL, along with the IAM roles, instance profile, SQS queue, and CloudWatch event rules required to support a Karpenter autoscaler, including an IAM role for service accounts (IRSA) that uses the newly created OIDC provider and the default namespace/service account pair ""karpenter:karpenter"", with a policy granting the necessary EC2, SSM, EKS, and IAM permissions for Karpenter's operation, plus SQS queue read/delete actions when spot termination handling is enabled; a node IAM role with an EC2 assume role trust policy and the attached AmazonEKSWorkerNodePolicy, AmazonEC2ContainerRegistryReadOnly, and AmazonEKS_CNI_Policy; an IAM instance profile using the node role; an SQS queue named ""Karpenter-my-cluster"" with SQS-managed SSE enabled, a message retention of 300 seconds, and a queue policy that allows CloudWatch Events and SQS to send messages to it; and CloudWatch event rules for health events, spot instance interruptions, instance rebalance recommendations, and instance state changes that all target the SQS queue, with each event rule tagged with the cluster name.",170,"aws_caller_identity, aws_cloudwatch_event_rule, aws_cloudwatch_event_target, aws_iam_instance_profile, aws_iam_policy, aws_iam_policy_document, aws_iam_role, aws_iam_role_policy_attachment, aws_partition, aws_sqs_queue, aws_sqs_queue_policy"
terrads_4737a6037a87,Zenodo/TerraDS,iac_benchmark/scenarios/terrads_4737a6037a87,True,True,0,0,0,0,0,True,"--- INIT LOG ---
Initializing provider plugins...
- Finding latest version of hashicorp/aws...
- Installing hashicorp/aws v6.57.1...
- Installed hashicorp/aws v6.57.1 (signed by HashiCorp)
Terraform has created a lock file .terraform.lock.hcl to record the provider
selections it made above. Include this file in your version control repository
so that Terraform can guarantee to make the same selections by default when
you run ""terraform init"" in the future.

Terraform has been successfully initialized!

You may now begin working with Terraform. Try running ""terraform plan"" to see
any changes th

...[LOG TRUNCATED]...

ion.public-subnet-1b: Creation complete after 0s [id=rtbassoc-d8478bb604f1944f3]
aws_route.igw-route: Creation complete after 0s [id=r-rtb-5242a240aa62493b61080289494]

Apply complete! Resources: 8 added, 0 changed, 0 destroyed.

Outputs:

private_subnet_1a_id = []
private_subnet_1b_id = []
private_subnets = tolist([
  [],
  [],
])
public_subnet_1a_id = ""subnet-05442acfed586e230""
public_subnet_1b_id = ""subnet-4f70e98ee1e387140""
public_subnets = tolist([
  ""subnet-05442acfed586e230"",
  ""subnet-4f70e98ee1e387140"",
])
vpc_cidr_block = ""10.0.0.0/16""
vpc_id = ""vpc-bc49cdacd9d50c1f0""

--- ERRORS ---",,282,2289,16,10,4,"We need a Terraform template that creates a VPC with DNS hostnames enabled, two public subnets in us-east-1a and us-east-1b, and optionally two private subnets in the same availability zones, all using a configurable environment name as a tag prefix, with a boolean variable controlling whether the private subnets, their route table, a NAT Gateway with an Elastic IP, and the corresponding private route to the NAT Gateway are created; the template must be fully self-contained, so it should provision a new VPC by default and also accept an optional VPC ID variable that, when provided, allows the template to use that VPC for all subnets and route tables instead of creating a new one; the default CIDR blocks are 10.0.0.0/16 for the VPC, 10.0.1.0/24 and 10.0.2.0/24 for the public subnets, and 10.0.10.0/24 and 10.0.11.0/24 for the private subnets, and the template should output the IDs of the VPC, all subnets, and the public and private subnet lists.",171,"aws_eip, aws_internet_gateway, aws_nat_gateway, aws_route, aws_route_table, aws_route_table_association, aws_subnet, aws_vpc"
terrads_48c79ba1984e,Zenodo/TerraDS,iac_benchmark/scenarios/terrads_48c79ba1984e,True,True,0,0,0,0,0,True,"--- INIT LOG ---
Initializing provider plugins...
- Finding latest version of hashicorp/aws...
- Installing hashicorp/aws v6.57.1...
- Installed hashicorp/aws v6.57.1 (signed by HashiCorp)
Terraform has created a lock file .terraform.lock.hcl to record the provider
selections it made above. Include this file in your version control repository
so that Terraform can guarantee to make the same selections by default when
you run ""terraform init"" in the future.

Terraform has been successfully initialized!

You may now begin working with Terraform. Try running ""terraform plan"" to see
any changes th

...[LOG TRUNCATED]...

 ""id"" = ""subnet-150b8bfd5235fffff""
      ""rt"" = ""rtb-ed9d558c2ea6984ea""
    }
    ""private"" = {
      ""cidr"" = ""172.20.1.64/26""
      ""id"" = ""subnet-eae3967d37722eae1""
      ""rt"" = ""rtb-b7c51f3366ae01d11""
    }
    ""public"" = {
      ""cidr"" = ""172.20.0.64/26""
      ""id"" = ""subnet-d0fd8d785a90761ae""
      ""rt"" = ""rtb-863812bf36e22e5f5""
    }
    ""tgw"" = {
      ""cidr"" = ""172.20.1.192/26""
      ""id"" = ""subnet-993197850bd0ee603""
      ""rt"" = ""rtb-1b1e77a580a45e19f""
    }
  }
}
vpc_arn = ""arn:aws:ec2:us-east-1:000000000000:vpc/vpc-2e78cfa3ca7e8c2c9""
vpc_id = ""vpc-2e78cfa3ca7e8c2c9""

--- ERRORS ---",,422,3394,10,8,4,"We need a Terraform template that creates a VPC in the us-east-1 region with a CIDR of 172.20.0.0/23, along with an internet gateway, and provisions subnets across two availability zones using the subnet names 'public', 'bastion', 'private', and 'tgw'. 'Public' and 'bastion' must be designated as public subnets, and 'private' and 'tgw' as private subnets. Each subnet must receive an automatically calculated CIDR block and be associated with its own route table that includes a default route to the internet gateway for the public subnets only. Additionally, create two security groups: one that allows all inbound and outbound traffic from any source, and another that allows TCP and UDP traffic on all ports from an admin CIDR (defaulting to 0.0.0.0/0) along with RFC1918 ranges, permits ICMP echo and echo reply from any source, and allows all outbound traffic.",172,"aws_internet_gateway, aws_route, aws_route_table, aws_route_table_association, aws_security_group, aws_subnet, aws_vpc"
terrads_4fd109e76acd,Zenodo/TerraDS,iac_benchmark/scenarios/terrads_4fd109e76acd,True,True,0,0,0,0,0,True,"--- INIT LOG ---
Initializing provider plugins...
- Finding hashicorp/aws versions matching ""~> 5.10""...
- Installing hashicorp/aws v5.100.0...
- Installed hashicorp/aws v5.100.0 (signed by HashiCorp)
Terraform has created a lock file .terraform.lock.hcl to record the provider
selections it made above. Include this file in your version control repository
so that Terraform can guarantee to make the same selections by default when
you run ""terraform init"" in the future.

Terraform has been successfully initialized!

You may now begin working with Terraform. Try running ""terraform plan"" to see
an

...[LOG TRUNCATED]...

]
aws_iam_group_policy_attachment.read_policy: Creation complete after 0s [id=my-vpn-infra-group-20260715134651895500000006]
aws_iam_group_policy_attachment.attach_terraform_backend_access: Creation complete after 0s [id=my-vpn-infra-group-20260715134651890500000001]
aws_iam_group_policy_attachment.attach_instance_policy: Creation complete after 0s [id=my-vpn-infra-group-20260715134651896400000007]

Apply complete! Resources: 18 added, 0 changed, 0 destroyed.

Outputs:

AWS_ACCESS_KEY_ID = ""LKIAQAAAAAAAPAQGO7ZU""
AWS_SECRET_ACCESS_KEY = ""j6uXdrgPlSZb3SiFfi6zuYiJfqLRslX1P3HbwKfA""

--- ERRORS ---",,356,2187,18,6,4,,173,"aws_iam_access_key, aws_iam_group, aws_iam_group_membership, aws_iam_group_policy_attachment, aws_iam_policy, aws_iam_user"
terrads_502f773ea348,Zenodo/TerraDS,iac_benchmark/scenarios/terrads_502f773ea348,True,True,0,0,0,0,0,True,"--- INIT LOG ---
Initializing provider plugins...
- Finding hashicorp/aws versions matching "">= 4.36.0""...
- Installing hashicorp/aws v6.53.0...
- Installed hashicorp/aws v6.53.0 (signed by HashiCorp)
Terraform has created a lock file .terraform.lock.hcl to record the provider
selections it made above. Include this file in your version control repository
so that Terraform can guarantee to make the same selections by default when
you run ""terraform init"" in the future.

Terraform has been successfully initialized!

You may now begin working with Terraform. Try running ""terraform plan"" to see
an

...[LOG TRUNCATED]...


details.

(and 3 more similar warnings elsewhere)

Apply complete! Resources: 1 added, 0 changed, 0 destroyed.

Outputs:

dead_letter_queue_arn_static = """"
queue_arn = ""arn:aws:sqs:us-east-1:000000000000:terraform-edafeb49eaf3c456f754264700""
queue_arn_static = ""arn:aws:sqs:us-east-1:000000000000:""
queue_id = ""http://sqs.us-east-1.localhost.localstack.cloud:4566/000000000000/terraform-edafeb49eaf3c456f754264700""
queue_name = ""terraform-edafeb49eaf3c456f754264700""
queue_url = ""http://sqs.us-east-1.localhost.localstack.cloud:4566/000000000000/terraform-edafeb49eaf3c456f754264700""

--- ERRORS ---","NON-JSON OUTPUT:
",564,4490,8,40,4,"We need a Terraform template that creates an SQS queue with a dead letter queue for testing purposes, where the main queue is named 'my-app-queue' as a standard (non-FIFO) queue with SQS-managed SSE encryption enabled, and the dead letter queue is automatically created with a redrive policy that moves messages to the DLQ after five receive attempts, along with a redrive allow policy that permits the main queue to redrive messages back from the DLQ; additionally, we need the ability to attach a custom queue policy to the main queue (with the policy statements to be provided later), and the template should expose variables for queue name, DLQ name, and other common settings, while outputting the queue URLs and ARNs for both queues.",174,"aws_caller_identity, aws_iam_policy_document, aws_region, aws_sqs_queue, aws_sqs_queue_policy, aws_sqs_queue_redrive_allow_policy, aws_sqs_queue_redrive_policy"
terrads_52b67e410bd8,Zenodo/TerraDS,iac_benchmark/scenarios/terrads_52b67e410bd8,True,True,0,0,0,0,0,True,"--- INIT LOG ---
Initializing provider plugins...
- Finding hashicorp/aws versions matching "">= 4.0.0""...
- Installing hashicorp/aws v6.57.1...
- Installed hashicorp/aws v6.57.1 (signed by HashiCorp)
Terraform has created a lock file .terraform.lock.hcl to record the provider
selections it made above. Include this file in your version control repository
so that Terraform can guarantee to make the same selections by default when
you run ""terraform init"" in the future.

Terraform has been successfully initialized!

You may now begin working with Terraform. Try running ""terraform plan"" to see
any

...[LOG TRUNCATED]...

tion.cloudtrail: Still creating... [00m20s elapsed]
aws_s3_bucket_lifecycle_configuration.cloudtrail: Still creating... [00m30s elapsed]
aws_s3_bucket_lifecycle_configuration.cloudtrail: Still creating... [00m40s elapsed]
aws_s3_bucket_lifecycle_configuration.cloudtrail: Still creating... [00m50s elapsed]
aws_s3_bucket_lifecycle_configuration.cloudtrail: Creation complete after 56s [id=ffc-000000000000]

Apply complete! Resources: 10 added, 0 changed, 0 destroyed.

Outputs:

s3_bucket_arn = ""arn:aws:s3:::ffc-000000000000""
sns_topic_arn = ""arn:aws:sns:us-east-1:000000000000:ffc""

--- ERRORS ---",,506,3622,10,7,4,"We need a Terraform template that creates an AWS CloudTrail trail (multi-region by default) along with an S3 bucket for log storage, an SNS topic for notifications, and an optional KMS key for encryption with automatic rotation and a 7-day deletion window; the S3 bucket should be private with public access blocked and lifecycle rules to expire logs after a configurable number of days (defaulting to 5), the SNS topic should allow CloudTrail to publish and optionally allow subscription from a specific role in another AWS account for organizational deployments using variables for the member account ID and role name, and the template must expose the name of all resources as a variable with a default of ""ffc"", support a boolean flag to enable KMS encryption (default true), and output the ARNs of both the SNS topic and the S3 bucket.",175,"aws_caller_identity, aws_cloudtrail, aws_iam_policy_document, aws_kms_alias, aws_kms_key, aws_s3_bucket, aws_s3_bucket_acl, aws_s3_bucket_lifecycle_configuration, aws_s3_bucket_policy, aws_s3_bucket_public_access_block, aws_sns_topic, aws_sns_topic_policy"
terrads_5a206a75e8f1,Zenodo/TerraDS,iac_benchmark/scenarios/terrads_5a206a75e8f1,True,True,0,0,0,0,0,True,"--- INIT LOG ---
Initializing provider plugins...
- Finding latest version of hashicorp/aws...
- Installing hashicorp/aws v6.56.0...
- Installed hashicorp/aws v6.56.0 (signed by HashiCorp)
Terraform has created a lock file .terraform.lock.hcl to record the provider
selections it made above. Include this file in your version control repository
so that Terraform can guarantee to make the same selections by default when
you run ""terraform init"" in the future.

Terraform has been successfully initialized!

You may now begin working with Terraform. Try running ""terraform plan"" to see
any changes th

...[LOG TRUNCATED]...

""egress"" = toset([])
  ""id"" = ""sg-83b32df08effc8173""
  ""ingress"" = toset([])
  ""name"" = ""Quasar-PostgreSQL""
  ""name_prefix"" = """"
  ""owner_id"" = ""000000000000""
  ""region"" = ""us-east-1""
  ""revoke_rules_on_delete"" = false
  ""tags"" = tomap({
    ""Application"" = ""dosomething-quasar""
    ""Environment"" = ""production""
    ""Name"" = ""Quasar-RDS""
    ""Stack"" = ""data""
  })
  ""tags_all"" = tomap({
    ""Application"" = ""dosomething-quasar""
    ""Environment"" = ""production""
    ""Name"" = ""Quasar-RDS""
    ""Stack"" = ""data""
  })
  ""timeouts"" = null /* object */
  ""vpc_id"" = ""vpc-c1e6ce2258a610bef""
}

--- ERRORS ---",,272,2234,23,0,4,"We need a Terraform template that creates a Quasar VPC for our production data stack, with a CIDR block of 10.255.0.0/16, two RDS subnets (10.255.100.0/24 and 10.255.101.0/24) for a multi-AZ database setup, and security groups for a bastion host, Jenkins, a load balancer, ETL compute nodes, and an RDS PostgreSQL instance, each with appropriate ingress and egress rules to enable the required connectivity, and with the tags application, environment, and stack set to dosomething-quasar, production, and data respectively.",176,"aws_security_group, aws_security_group_rule, aws_subnet, aws_vpc"
terrads_5c95653f2b2b,Zenodo/TerraDS,iac_benchmark/scenarios/terrads_5c95653f2b2b,True,True,0,0,0,0,0,True,"--- INIT LOG ---
Initializing provider plugins...
- Finding hashicorp/aws versions matching ""~> 5.0""...
- Installing hashicorp/aws v5.100.0...
- Installed hashicorp/aws v5.100.0 (signed by HashiCorp)
Terraform has created a lock file .terraform.lock.hcl to record the provider
selections it made above. Include this file in your version control repository
so that Terraform can guarantee to make the same selections by default when
you run ""terraform init"" in the future.

Terraform has been successfully initialized!

You may now begin working with Terraform. Try running ""terraform plan"" to see
any

...[LOG TRUNCATED]...

l detect it and remind you to do so if necessary.

--- APPLY LOG ---
data.aws_caller_identity.current: Reading...
data.aws_caller_identity.current: Read complete after 0s [id=000000000000]

Changes to Outputs:
  + iam_users            = (sensitive value)
  + private_repositories = {}
  + public_repositories  = {}

You can apply this plan to save these new output values to the Terraform
state, without changing any real infrastructure.

Apply complete! Resources: 0 added, 0 changed, 0 destroyed.

Outputs:

iam_users = <sensitive>
private_repositories = {}
public_repositories = {}

--- ERRORS ---","NON-JSON OUTPUT:
",368,2533,8,6,4,"We need a Terraform template that creates a set of private and public ECR repositories with fine-grained cross-account access controls, where each repository can optionally have an IAM user created for artifact push/pull operations, with private repositories using KMS encryption with a customer-managed key that has key rotation enabled and is restricted to the account root principal, and the template should accept a variable `name_prefix` defaulting to ""pippi-"" that must match the pattern `^[a-zA-Z-]*$`, and a `default_tags` variable defaulting to an empty map that will be merged with a tag indicating the module name and workspace, and for private repositories the template must support configuring image tag mutability defaulting to MUTABLE, and must accept lists of AWS account IDs and IAM role ARNs for pull and push access on private repositories and push access on public repositories, with the ability to specify global pull accounts that apply only to private repositories and global push accounts that apply to all repositories, and the IAM users created for repositories must have access keys generated and be attached to an inline policy granting the necessary ECR or ECR Public actions for pushing and pulling images including authorization tokens, and the repository policies must grant pull and push permissions on private repositories and push permissions only on public repositories to the specified accounts, roles, and any created IAM users, with the account that deploys the template always included as a pull and push principal, and the template must output the private and public repository resources as well as a sensitive map of IAM user details including access key IDs and secret access keys.",177,"aws_caller_identity, aws_ecr_repository, aws_ecr_repository_policy, aws_ecrpublic_repository, aws_ecrpublic_repository_policy, aws_iam_access_key, aws_iam_policy_document, aws_iam_user, aws_iam_user_policy, aws_kms_key"
terrads_5f7ef1fec7f9,Zenodo/TerraDS,iac_benchmark/scenarios/terrads_5f7ef1fec7f9,True,True,0,0,0,0,0,True,"--- INIT LOG ---
Initializing modules...
Downloading registry.terraform.io/cloudposse/label/null 0.25.0 for label...
- label in .terraform/modules/label
Downloading registry.terraform.io/cloudposse/label/null 0.25.0 for this...
- this in .terraform/modules/this
Initializing provider plugins...
- Finding hashicorp/aws versions matching "">= 4.9.0""...
- Installing hashicorp/aws v6.57.1...
- Installed hashicorp/aws v6.57.1 (signed by HashiCorp)
Terraform has created a lock file .terraform.lock.hcl to record the provider
selections it made above. Include this file in your version control repository

...[LOG TRUNCATED]...

o_association_ids = {}
igw_id = ""igw-644b7f2373ffc22a2""
ipv6_cidr_block_network_border_group = """"
ipv6_egress_only_igw_id = """"
vpc_arn = ""arn:aws:ec2:us-east-1:000000000000:vpc/vpc-85338e7001cb31584""
vpc_cidr_block = ""11.0.0.0/16""
vpc_default_network_acl_id = ""acl-e653ece2f4df188eb""
vpc_default_route_table_id = ""rtb-382e8e9f987c7a8fc""
vpc_default_security_group_id = ""sg-61b54a1d79819a2fe""
vpc_id = ""vpc-85338e7001cb31584""
vpc_ipv6_association_id = ""vpc-cidr-assoc-db40e6ab99a4a364b""
vpc_ipv6_cidr_block = ""2400:6500:dbab:ba00::/56""
vpc_main_route_table_id = ""rtb-382e8e9f987c7a8fc""

--- ERRORS ---",,669,6076,8,35,4,"We need a Terraform template that creates an AWS VPC with a primary IPv4 CIDR block (defaulting to 11.0.0.0/16), enables DNS hostnames and DNS support, automatically assigns an AWS-generated IPv6 CIDR block, and provisions an internet gateway by default. It should also manage the default security group to deny all inbound and outbound traffic, and offer options to likewise manage the default route table and default network ACL to remove all routes and rules. Additionally, the template must support associating extra IPv4 and IPv6 CIDR blocks to the VPC, and be structured around a reusable naming and tagging scheme following Cloud Posse conventions.",178,"aws_default_network_acl, aws_default_route_table, aws_default_security_group, aws_egress_only_internet_gateway, aws_internet_gateway, aws_vpc, aws_vpc_ipv4_cidr_block_association, aws_vpc_ipv6_cidr_block_association"
terrads_765efd6394eb,Zenodo/TerraDS,iac_benchmark/scenarios/terrads_765efd6394eb,True,True,0,0,0,0,0,True,"--- INIT LOG ---
Initializing provider plugins...
- Finding latest version of hashicorp/aws...
- Installing hashicorp/aws v6.57.1...
- Installed hashicorp/aws v6.57.1 (signed by HashiCorp)
Terraform has created a lock file .terraform.lock.hcl to record the provider
selections it made above. Include this file in your version control repository
so that Terraform can guarantee to make the same selections by default when
you run ""terraform init"" in the future.

Terraform has been successfully initialized!

You may now begin working with Terraform. Try running ""terraform plan"" to see
any changes th

...[LOG TRUNCATED]...

_lb_port = """"
lb_ssl_negotiation_policy_load_balancer = """"
lb_ssl_negotiation_policy_name = """"
load_balancer_backend_server_policy_id = """"
load_balancer_backend_server_policy_instance_port = """"
load_balancer_backend_server_policy_load_balancer_name = """"
load_balancer_listener_policy_id = """"
load_balancer_listener_policy_load_balancer_name = """"
load_balancer_listener_policy_load_balancer_port = """"
load_balancer_policy_id = """"
load_balancer_policy_load_balancer_name = """"
load_balancer_policy_policy_name = """"
load_balancer_policy_policy_type_name = """"
proxy_protocol_policy_id = """"

--- ERRORS ---",,708,5556,9,44,4,"We need a Terraform template that creates a configurable AWS Classic ELB with optional instance attachments and a comprehensive set of optional stickiness, SSL negotiation, proxy protocol, and custom load balancer policies, including app cookie stickiness, LB cookie stickiness, SSL negotiation, proxy protocol, load balancer policy, backend server policy, and listener policy, all controlled by enable flags and parameterized via variables, with the ELB creation itself being optional and disabled by default so users must explicitly enable it, and with load-bearing defaults of a name prefix of ""TEST"" and an environment of ""STAGE"" that drive the default naming of the ELB and all generated policies, while allowing the user to specify the ELB's listeners, health checks, access logs, subnets, security groups, and other standard settings through variable inputs.",179,"aws_app_cookie_stickiness_policy, aws_elb, aws_elb_attachment, aws_lb_cookie_stickiness_policy, aws_lb_ssl_negotiation_policy, aws_load_balancer_backend_server_policy, aws_load_balancer_listener_policy, aws_load_balancer_policy, aws_proxy_protocol_policy"
terrads_8703dd211a7d,Zenodo/TerraDS,iac_benchmark/scenarios/terrads_8703dd211a7d,True,True,0,0,0,0,0,True,"--- INIT LOG ---
Initializing provider plugins...
- Finding latest version of hashicorp/aws...
- Installing hashicorp/aws v6.57.1...
- Installed hashicorp/aws v6.57.1 (signed by HashiCorp)
Terraform has created a lock file .terraform.lock.hcl to record the provider
selections it made above. Include this file in your version control repository
so that Terraform can guarantee to make the same selections by default when
you run ""terraform init"" in the future.

Terraform has been successfully initialized!

You may now begin working with Terraform. Try running ""terraform plan"" to see
any changes th

...[LOG TRUNCATED]...

000000000:loadbalancer/app/test-lb-tf/3c9643748eb9b0f4]
aws_lb_listener.listener: Creating...
aws_lb_listener.listener: Creation complete after 0s [id=arn:aws:elasticloadbalancing:us-east-1:000000000000:listener/app/test-lb-tf/3c9643748eb9b0f4/2e19b34ff8e12c9a]
aws_ecs_service.service_aplicativos: Creating...
aws_ecs_service.service_aplicativos: Creation complete after 2s [id=arn:aws:ecs:us-east-1:000000000000:service/cb-cluster/service-aplicativos]

Apply complete! Resources: 17 added, 0 changed, 0 destroyed.

Outputs:

account_id = ""000000000000""
account_idaa = ""000000000000""

--- ERRORS ---",,279,1939,17,3,4,"We need a Terraform template that creates a complete ECS Fargate infrastructure in the default us-east-1 VPC using its default subnets in availability zones a, b, and c, consisting of an ECS cluster, an ECR repository whose name is defined by a variable with a default of ""frontend"", a task definition with family ""task-aplicativos"" that pulls the ""latest"" image from that repository using the current AWS account ID, allocates 256 CPU units and 512 MB of memory, and exposes port 80, a service named ""service-aplicativos"" maintaining a desired count of 2 Fargate tasks that are publicly accessible via an Application Load Balancer, with the target group name set to the same project variable, the service’s network configuration directly attaching the load balancer’s security group, the load balancer’s security group allowing inbound TCP on port 80 from 0.0.0.0/0, an S3 bucket whose name is suffixed with the AWS account ID, and an IAM role named ""ecs_task_execution_role"" that is created with a trust policy for ECS tasks and an attached policy granting the necessary ECS, ECR, and CloudWatch Logs permissions, all using variables for the region (default us-east-1) and the project name (default ""frontend"").",180,"aws_alb, aws_caller_identity, aws_default_subnet, aws_default_vpc, aws_ecr_repository, aws_ecs_cluster, aws_ecs_service, aws_ecs_task_definition, aws_iam_policy, aws_iam_role, aws_iam_role_policy_attachment, aws_lb_listener, aws_lb_target_group, aws_s3_bucket, aws_security_group"
terrads_8945dba1c1be,Zenodo/TerraDS,iac_benchmark/scenarios/terrads_8945dba1c1be,True,True,0,0,0,0,0,True,"--- INIT LOG ---
Initializing provider plugins...
- Finding latest version of hashicorp/aws...
- Installing hashicorp/aws v6.55.0...
- Installed hashicorp/aws v6.55.0 (signed by HashiCorp)
Terraform has created a lock file .terraform.lock.hcl to record the provider
selections it made above. Include this file in your version control repository
so that Terraform can guarantee to make the same selections by default when
you run ""terraform init"" in the future.

Terraform has been successfully initialized!

You may now begin working with Terraform. Try running ""terraform plan"" to see
any changes th

...[LOG TRUNCATED]...

eation complete after 0s [id=sadcloudd67ea390ac7e636fde20173c59]
aws_s3_bucket_acl.logging[0]: Creating...
aws_s3_bucket_acl.main: Creating...
aws_s3_bucket_acl.main: Creation complete after 0s [id=sadcloudd67ea390ac7e636fde20173c59,private]
aws_s3_bucket_acl.logging[0]: Creation complete after 0s [id=sadcloud-loggingcf5e49018180dfff577e6dde1d,log-delivery-write]
aws_s3_bucket_versioning.main: Creation complete after 1s [id=sadcloudd67ea390ac7e636fde20173c59]

Apply complete! Resources: 9 added, 0 changed, 0 destroyed.

Outputs:

bucket_id = ""sadcloudd67ea390ac7e636fde20173c59""

--- ERRORS ---",,262,1575,17,11,4,"We need a Terraform template that creates a configurable set of S3 buckets for testing security and access scenarios, where the primary bucket uses a prefix based on a provided name with server-side encryption using AES256 and versioning enabled by default, along with optional features that can be toggled through variables including disabling encryption, disabling logging (which also creates a separate logging bucket with a default ACL of log-delivery-write), disabling versioning, enabling static website hosting, allowing cleartext HTTP access (which applies a bucket policy to deny all S3 actions when the request is not using SecureTransport), creating a publicly readable bucket that allows GetObject only to any principal with all public access block settings disabled, and creating a fully public bucket that allows all S3 actions to any principal with all public access block settings disabled, with the default value for the bucket name being ""sadcloud"".",181,"aws_s3_bucket, aws_s3_bucket_acl, aws_s3_bucket_logging, aws_s3_bucket_ownership_controls, aws_s3_bucket_policy, aws_s3_bucket_public_access_block, aws_s3_bucket_server_side_encryption_configuration, aws_s3_bucket_versioning, aws_s3_bucket_website_configuration"
terrads_8a18be3138e9,Zenodo/TerraDS,iac_benchmark/scenarios/terrads_8a18be3138e9,True,True,0,0,0,0,0,True,"--- INIT LOG ---
Initializing provider plugins...
- Finding latest version of hashicorp/aws...
- Installing hashicorp/aws v6.55.0...
- Installed hashicorp/aws v6.55.0 (signed by HashiCorp)
Terraform has created a lock file .terraform.lock.hcl to record the provider
selections it made above. Include this file in your version control repository
so that Terraform can guarantee to make the same selections by default when
you run ""terraform init"" in the future.

Terraform has been successfully initialized!

You may now begin working with Terraform. Try running ""terraform plan"" to see
any changes th

...[LOG TRUNCATED]...

ged, 0 destroyed.

Outputs:

prod_ext_default_sg_id = ""sg-e189f0215b3aa034b""
prod_ext_sub_0_id = ""subnet-da0f5e51dbb79045d""
prod_ext_sub_1_id = ""subnet-d87eaa576ad7d4867""
prod_ext_sub_2_id = ""subnet-e9b524626439dc9dd""
prod_ext_sub_3_id = ""subnet-1f02d8d505f41edad""
prod_ext_vpc_id = ""vpc-07ec874ef830ad3de""
prod_int_default_sg_id = ""sg-b61341b12aef51fad""
prod_int_sub_0_id = ""subnet-3d7fa1cc9b86afc6c""
prod_int_sub_1_id = ""subnet-94dc1465ec54a386e""
prod_int_sub_2_id = ""subnet-93a7369718302803b""
prod_int_sub_3_id = ""subnet-9b05841edf8329678""
prod_int_vpc_id = ""vpc-692a70a8f71c9a04d""

--- ERRORS ---",,355,2698,21,0,4,"We need a Terraform template that creates a production-grade AWS networking foundation with two isolated VPCs, one for external-facing resources and one for internal resources, each with four subnets spread across four availability zones in us-east-1, where the external VPC uses a 10.41.0.0/16 CIDR block with public subnets assigned CIDRs 10.41.0.0/24 through 10.41.3.0/24 and an internet gateway routed via a main route table, with the first external subnet configured to auto-assign public IPs on launch, and its default security group allowing all egress traffic, while the internal VPC uses a 10.40.0.0/16 CIDR block with private subnets assigned CIDRs 10.40.0.0/24 through 10.40.3.0/24 and its default security group having no ingress or egress rules, and both VPCs must have their default network ACLs configured to allow all ICMP and all traffic on egress from any source, but on ingress the external VPC's ACL must allow all traffic while the internal VPC's ACL must allow only ICMP, and the template must output the IDs of both VPCs, their default security groups, and all eight subnet IDs.",182,"aws_default_network_acl, aws_default_security_group, aws_internet_gateway, aws_main_route_table_association, aws_route_table, aws_route_table_association, aws_subnet, aws_vpc"
terrads_8b175cdbe2cf,Zenodo/TerraDS,iac_benchmark/scenarios/terrads_8b175cdbe2cf,True,True,0,0,0,0,0,True,"--- INIT LOG ---
Initializing provider plugins...
- Finding hashicorp/aws versions matching ""4.61.0""...
- Installing hashicorp/aws v4.61.0...
- Installed hashicorp/aws v4.61.0 (signed by HashiCorp)
Terraform has created a lock file .terraform.lock.hcl to record the provider
selections it made above. Include this file in your version control repository
so that Terraform can guarantee to make the same selections by default when
you run ""terraform init"" in the future.

Terraform has been successfully initialized!

You may now begin working with Terraform. Try running ""terraform plan"" to see
any changes that are required for your infrastructure. All Terraform commands
should now work.

If you ever set or change modules or backend configuration for Terraform,
rerun this command to reinitialize your working directory. If you forget, other
commands will detect it and remind you to do so if necessary.

--- APPLY LOG ---

No changes. Your infrastructure matches the configuration.

Terraform has compared your real infrastructure against your configuration
and found no differences, so no changes are needed.

Apply complete! Resources: 0 added, 0 changed, 0 destroyed.

--- ERRORS ---",,273,1840,23,0,4,"We need a Terraform template that creates a VPC with a CIDR block of 192.168.0.0/16, two public subnets and two private subnets spread across two availability zones, an internet gateway, a NAT gateway with an Elastic IP, and route tables with appropriate associations so that public subnets have direct internet access and private subnets route through the NAT, then deploys two t2.micro EC2 instances in the private subnets using the latest Amazon Linux 2 AMI and a user_data script that the template itself creates as a local file, each placed in a separate availability zone, with a security group that only allows HTTP traffic from the load balancer's security group, and an internet-facing application load balancer in the public subnets with a security group that allows HTTP from anywhere, a target group on port 80 with health checks configured, and a listener forwarding to that target group, and finally outputs the load balancer's DNS name, while also creating an S3 bucket and a DynamoDB table with a primary key of LockID and a pay-per-request billing mode as part of the same stack, then configuring the Terraform state to be stored in that bucket with DynamoDB locking using that table and specifying the state key path as well.",183,"aws_eip, aws_instance, aws_internet_gateway, aws_lb, aws_lb_listener, aws_lb_target_group, aws_lb_target_group_attachment, aws_nat_gateway, aws_route_table, aws_route_table_association, aws_security_group, aws_subnet, aws_vpc"
terrads_9a807e8b7301,Zenodo/TerraDS,iac_benchmark/scenarios/terrads_9a807e8b7301,True,True,0,0,0,0,0,True,"--- INIT LOG ---
Initializing provider plugins...
- Finding hashicorp/aws versions matching ""~> 5.0""...
- Installing hashicorp/aws v5.100.0...
- Installed hashicorp/aws v5.100.0 (signed by HashiCorp)
Terraform has created a lock file .terraform.lock.hcl to record the provider
selections it made above. Include this file in your version control repository
so that Terraform can guarantee to make the same selections by default when
you run ""terraform init"" in the future.

Terraform has been successfully initialized!

You may now begin working with Terraform. Try running ""terraform plan"" to see
any

...[LOG TRUNCATED]...

: Creation complete after 0s [id=alarmdevCacheCluster002FreeableMemory]
aws_cloudwatch_metric_alarm.cache_memory[0]: Creation complete after 0s [id=alarmdevCacheCluster001FreeableMemory]
aws_cloudwatch_metric_alarm.cache_cpu[0]: Creation complete after 0s [id=alarmdevCacheCluster001CPUUtilization]
aws_cloudwatch_metric_alarm.cache_cpu[1]: Creation complete after 0s [id=alarmdevCacheCluster002CPUUtilization]
aws_cloudwatch_metric_alarm.cache_cpu[2]: Creation complete after 1s [id=alarmdevCacheCluster003CPUUtilization]

Apply complete! Resources: 10 added, 0 changed, 0 destroyed.

--- ERRORS ---",,367,2772,8,24,4,"We need a Terraform template that creates a highly available Redis ElastiCache replication group with automatic failover and Multi-AZ support enabled, encryption at rest and in transit, a configurable number of cache nodes, instance type, engine version, maintenance window, and CPU and memory utilization CloudWatch alarms that publish to a new SNS topic created by the template itself, along with a new security group that allows inbound and outbound traffic on port 6379, all deployed within a specified VPC (provided as an input variable), and with the option to provision a new parameter group, a new subnet group, and a global datastore from the primary replication group, all within the same template.",184,"aws_cloudwatch_metric_alarm, aws_elasticache_global_replication_group, aws_elasticache_parameter_group, aws_elasticache_replication_group, aws_elasticache_subnet_group, aws_security_group, aws_sns_topic"
terrads_9adbd7969ed1,Zenodo/TerraDS,iac_benchmark/scenarios/terrads_9adbd7969ed1,True,True,0,0,0,0,0,True,"--- INIT LOG ---
Initializing provider plugins...
- Finding hashicorp/aws versions matching ""~> 5.0""...
- Installing hashicorp/aws v5.100.0...
- Installed hashicorp/aws v5.100.0 (signed by HashiCorp)
Terraform has created a lock file .terraform.lock.hcl to record the provider
selections it made above. Include this file in your version control repository
so that Terraform can guarantee to make the same selections by default when
you run ""terraform init"" in the future.

Terraform has been successfully initialized!

You may now begin working with Terraform. Try running ""terraform plan"" to see
any

...[LOG TRUNCATED]...

ca]
aws_route_table_association.public_association[1]: Creating...
aws_route_table_association.public_association[0]: Creating...
aws_route_table_association.public_association[2]: Creating...
aws_route_table_association.public_association[2]: Creation complete after 0s [id=rtbassoc-04a2ccd53cbf476d1]
aws_route_table_association.public_association[0]: Creation complete after 0s [id=rtbassoc-3dc35b7de7c0421bf]
aws_route_table_association.public_association[1]: Creation complete after 0s [id=rtbassoc-0394e59489ff73670]

Apply complete! Resources: 39 added, 0 changed, 0 destroyed.

--- ERRORS ---",,337,2843,29,1,4,"We need a Terraform template that creates a multi-tier VPC infrastructure for a BJIT DevOps task, including a VPC with CIDR 10.0.0.0/16, three public subnets with CIDRs 10.0.4.0/24, 10.0.6.0/24, and 10.0.8.0/24, and three private subnets with CIDRs 10.0.10.0/24, 10.0.12.0/24, and 10.0.14.0/24, each in a different availability zone, along with an Internet Gateway, a public route table with a default route to the IGW, and three private route tables, one per availability zone, with the public subnets associated to the public route table and each private subnet associated to its respective private route table, and a VPC endpoint for S3 using the private route tables, and security groups for an ALB allowing inbound TCP traffic on ports 80-443 from anywhere, for an RDS instance allowing inbound TCP on port 3306 from the VPC CIDR, for Redis allowing inbound TCP on port 6379 from the VPC CIDR, for an API server allowing inbound TCP on ports 8080 and 22 from the VPC CIDR, for a file server allowing inbound TCP on ports 8081 and 22 from the VPC CIDR, and for public SSH access allowing inbound TCP on port 22 from anywhere, with all security groups having an outbound rule allowing all traffic to anywhere.",185,"aws_internet_gateway, aws_route_table, aws_route_table_association, aws_security_group, aws_security_group_rule, aws_subnet, aws_vpc, aws_vpc_endpoint"
terrads_9d168e7478ae,Zenodo/TerraDS,iac_benchmark/scenarios/terrads_9d168e7478ae,True,True,0,0,0,0,0,True,"--- INIT LOG ---
Initializing provider plugins...
- Finding latest version of hashicorp/aws...
- Installing hashicorp/aws v6.57.1...
- Installed hashicorp/aws v6.57.1 (signed by HashiCorp)
Terraform has created a lock file .terraform.lock.hcl to record the provider
selections it made above. Include this file in your version control repository
so that Terraform can guarantee to make the same selections by default when
you run ""terraform init"" in the future.

Terraform has been successfully initialized!

You may now begin working with Terraform. Try running ""terraform plan"" to see
any changes th

...[LOG TRUNCATED]...

imilar warnings elsewhere)

Warning: Deprecated attribute

  on main.tf line 106, in resource ""aws_api_gateway_rest_api"" ""MyApiGatewayRestApi"":
 106:             ""uri"" : ""arn:aws:apigateway:${data.aws_region.current.name}:dynamodb:action/PutItem"",

The attribute ""name"" is deprecated. Refer to the provider documentation for
details.

(and 7 more similar warnings elsewhere)

Apply complete! Resources: 16 added, 0 changed, 0 destroyed.

Outputs:

apigw_endpoint = ""https://icg47udu0b.execute-api.us-east-1.amazonaws.com/v1/pets""
apigw_key = ""IUwjBr5MmHKv43Lp7CEoONnaYiAx2lTPedk80JX6""

--- ERRORS ---",,337,2662,16,0,4,"We need a Terraform template that creates a serverless REST API using API Gateway integrated with DynamoDB, where the DynamoDB table named ""Pets"" uses a string hash key ""id"" and a string attribute ""PetType"", with a global secondary index called ""PetType-index"" on PetType that uses INCLUDE projection and includes the non-key attributes ""PetName"" and ""PetPrice"", and the table is provisioned with 5 read and 5 write capacity units; the API Gateway REST API is defined via an OpenAPI 2.0 specification with base path ""/v1"" and exposes a POST endpoint at ""/pets"" that accepts a JSON body with PetType, PetName, and PetPrice fields and integrates with DynamoDB's PutItem action, and a GET endpoint at ""/pets/{PetType}"" that queries the GSI using KeyConditionExpression and returns a JSON list of matching pets, both endpoints secured by an API key and using an IAM role that allows API Gateway to assume it and perform dynamodb:PutItem and dynamodb:Query on the table and its index; the template must also create a CloudWatch log group with a prefix ""/aws/APIGW/terraform"", a CloudWatch log resource policy allowing API Gateway and delivery logs to create log streams and put log events, an IAM role for API Gateway to write logs to CloudWatch with permissions to create log groups/streams and put log events, an API Gateway account setting that associates that CloudWatch role, a deployment and a stage named ""v1"" with access log settings that send JSON-formatted logs to the log group, and method settings that enable INFO-level logging and metrics for all methods; additionally, create a usage plan with a monthly quota of 1000 requests, a burst limit of 20 and a rate limit of 100, an API key, and a usage plan key associating the key with the plan, and output the API Gateway invocation URL for the /pets endpoint and the API key value for testing.",186,"aws_api_gateway_account, aws_api_gateway_api_key, aws_api_gateway_deployment, aws_api_gateway_method_settings, aws_api_gateway_rest_api, aws_api_gateway_stage, aws_api_gateway_usage_plan, aws_api_gateway_usage_plan_key, aws_caller_identity, aws_cloudwatch_log_group, aws_cloudwatch_log_resource_policy, aws_dynamodb_table, aws_iam_policy, aws_iam_role, aws_iam_role_policy, aws_iam_role_policy_attachment, aws_region"
terrads_a6b6f6412452,Zenodo/TerraDS,iac_benchmark/scenarios/terrads_a6b6f6412452,True,True,0,0,0,0,0,True,"--- INIT LOG ---
Initializing provider plugins...
- Finding hashicorp/aws versions matching ""~> 5.0""...
- Installing hashicorp/aws v5.100.0...
- Installed hashicorp/aws v5.100.0 (signed by HashiCorp)
Terraform has created a lock file .terraform.lock.hcl to record the provider
selections it made above. Include this file in your version control repository
so that Terraform can guarantee to make the same selections by default when
you run ""terraform init"" in the future.

Terraform has been successfully initialized!

You may now begin working with Terraform. Try running ""terraform plan"" to see
any

...[LOG TRUNCATED]...

ample: Creating...
aws_s3control_multi_region_access_point_policy.example: Still creating... [00m10s elapsed]
aws_s3control_multi_region_access_point_policy.example: Creation complete after 15s [id=000000000000:example-mrap]

Apply complete! Resources: 14 added, 0 changed, 0 destroyed.

Outputs:

multi_access_point_alias = ""example-mrap-0bcbb8cdf4.mrap""
multi_access_point_arn = ""arn:aws:s3::000000000000:accesspoint/example-mrap-0bcbb8cdf4.mrap""
multi_access_point_domain_name = ""example-mrap-0bcbb8cdf4.mrap.accesspoint.s3-global.amazonaws.com""
multi_access_point_status = ""READY""

--- ERRORS ---",,250,1490,14,3,4,"We need a Terraform template that creates two S3 buckets in separate AWS regions (us-east-1 as the primary and a secondary region configured via a provider alias) with versioning enabled. The template must set up cross-region replication from the primary bucket to the secondary bucket, including generating the necessary IAM role and policy for replication. Establish a multi-region access point named 'example-mrap' that spans both buckets, accompanied by a policy that restricts GetObject and PutObject actions to the current AWS account only. Output the created multi-region access point's status, alias, domain name, and ARN. Use the default bucket names 'example1' and 'example2' for the primary and secondary buckets respectively.",187,"aws_caller_identity, aws_iam_policy, aws_iam_policy_document, aws_iam_role, aws_iam_role_policy_attachment, aws_partition, aws_s3_bucket, aws_s3_bucket_acl, aws_s3_bucket_ownership_controls, aws_s3_bucket_replication_configuration, aws_s3_bucket_versioning, aws_s3control_multi_region_access_point, aws_s3control_multi_region_access_point_policy"
terrads_b1409427bd33,Zenodo/TerraDS,iac_benchmark/scenarios/terrads_b1409427bd33,True,True,0,0,0,0,0,True,"--- INIT LOG ---
Initializing provider plugins...
- Finding latest version of hashicorp/aws...
- Installing hashicorp/aws v6.57.1...
- Installed hashicorp/aws v6.57.1 (signed by HashiCorp)
Terraform has created a lock file .terraform.lock.hcl to record the provider
selections it made above. Include this file in your version control repository
so that Terraform can guarantee to make the same selections by default when
you run ""terraform init"" in the future.

Terraform has been successfully initialized!

You may now begin working with Terraform. Try running ""terraform plan"" to see
any changes th

...[LOG TRUNCATED]...

r 0s [id=ecs_codedeploy_role:ecs_codedeploy_role_policy_task_exec]
aws_iam_role_policy.ecs_codedeploy_role_policy_task: Creation complete after 0s [id=ecs_codedeploy_role:ecs_codedeploy_role_policy_task]

Apply complete! Resources: 14 added, 0 changed, 0 destroyed.

Outputs:

ecs_autoscale_role = ""arn:aws:iam::000000000000:role/ecs_autoscale_role""
ecs_codedeploy = ""arn:aws:iam::000000000000:role/ecs_codedeploy_role""
ecs_exec = ""arn:aws:iam::000000000000:role/ecsExecTaskRole""
ecs_service = ""ecsServiceRole:ecsTaskRolePolicy""
ecs_task = ""arn:aws:iam::000000000000:role/ecsTaskRole""

--- ERRORS ---",,389,2499,14,0,4,"We need a Terraform template that creates the full IAM role and policy infrastructure for an ECS service with CodeDeploy-based deployments and Application Auto Scaling, including a service role that trusts both ECS and S3 and has a policy granting permissions for ELB, EC2, SSM, Secrets Manager, KMS, CodeDeploy, SNS, CloudWatch, and Lambda; a task execution role that trusts ECS tasks and S3 with permissions for ECR, ECS, CloudWatch Logs, Secrets Manager, KMS, SSM, and S3; a task role that trusts ECS tasks and S3 with additional permissions for ECS service discovery and S3; an autoscaling role that trusts Application Auto Scaling and has permissions for ECS service updates and CloudWatch alarms; and a CodeDeploy role that trusts the CodeDeploy service, attaches the AWS managed AWSCodeDeployRole policy, and includes inline policies for ECS task set management, ELB listener modification, Lambda invocation, CloudWatch alarms, SNS publishing, S3 object retrieval, and IAM PassRole for both the task role and the execution role.",188,"aws_iam_policy_document, aws_iam_role, aws_iam_role_policy, aws_iam_role_policy_attachment"
terrads_b7c7bfa5a44c,Zenodo/TerraDS,iac_benchmark/scenarios/terrads_b7c7bfa5a44c,True,True,0,0,0,0,0,True,"--- INIT LOG ---
Initializing provider plugins...
- Finding latest version of hashicorp/aws...
- Installing hashicorp/aws v6.57.1...
- Installed hashicorp/aws v6.57.1 (signed by HashiCorp)
Terraform has created a lock file .terraform.lock.hcl to record the provider
selections it made above. Include this file in your version control repository
so that Terraform can guarantee to make the same selections by default when
you run ""terraform init"" in the future.

Terraform has been successfully initialized!

You may now begin working with Terraform. Try running ""terraform plan"" to see
any changes th

...[LOG TRUNCATED]...

on: Still creating... [00m10s elapsed]
aws_cloudfront_distribution.s3_distribution: Still creating... [00m20s elapsed]
aws_cloudfront_distribution.s3_distribution: Still creating... [00m30s elapsed]
aws_cloudfront_distribution.s3_distribution: Creation complete after 30s [id=598c49d4]

Warning: Deprecated attribute

  on main.tf line 2, in locals:
   2:   region = data.aws_region.current.name

The attribute ""name"" is deprecated. Refer to the provider documentation for
details.

(and 2 more similar warnings elsewhere)

Apply complete! Resources: 11 added, 0 changed, 0 destroyed.

--- ERRORS ---",,257,1519,11,3,4,"We need a Terraform template that creates an S3 bucket named ""s3-frontend-nft-maker-v2"" in the us-east-1 region configured for static website hosting with index.html as both the index and error document, along with a public bucket policy allowing s3:GetObject and s3:ListBucket actions for all principals, and a CORS configuration permitting PUT, POST, GET, and DELETE methods from any origin with ETag exposed, plus a CloudFront distribution fronting this bucket that is enabled with IPv6 support, uses the default CloudFront certificate, has index.html as the default root object, has a default cache behavior allowing all HTTP methods with GET and HEAD as the cached methods, a default TTL of 3600 seconds, and a viewer protocol policy that permits both HTTP and HTTPS, and includes two ordered cache behaviors: one for the path pattern ""/content/immutable/*"" that forwards the Origin header, caches GET, HEAD, and OPTIONS methods, compresses content, redirects to HTTPS, and uses a max TTL of 31536000 seconds, and another for ""/content/*"" that caches GET and HEAD methods, compresses content, redirects to HTTPS, and uses a max TTL of 86400 seconds, with the distribution restricted to the second price class and no geo restrictions, where the CloudFront origin must reference the S3 bucket using an origin access identity; additionally, the template must create a separate S3 bucket named ""near-frontend-${lower(var.AWS_ENVIRONMENT_NAME)}-terraform-state"" (where the AWS_ENVIRONMENT_NAME variable defaults to an empty string) configured as private with versioning enabled and encrypted using a customer-managed KMS key with a description of ""This key is used to encrypt bucket objects"" and a deletion window of 10 days, plus a DynamoDB table named ""near-frontend-terraform-state"" with a string hash key attribute named ""LockID"" and 5 read and write capacity units.",189,"aws_caller_identity, aws_cloudfront_distribution, aws_dynamodb_table, aws_iam_policy_document, aws_kms_key, aws_region, aws_s3_bucket, aws_s3_bucket_acl, aws_s3_bucket_cors_configuration, aws_s3_bucket_policy, aws_s3_bucket_server_side_encryption_configuration, aws_s3_bucket_versioning, aws_s3_bucket_website_configuration"
terrads_bf99d2d68ca6,Zenodo/TerraDS,iac_benchmark/scenarios/terrads_bf99d2d68ca6,True,True,0,0,0,0,0,True,"--- INIT LOG ---
Initializing provider plugins...
- Finding hashicorp/aws versions matching ""~> 5.0""...
- Installing hashicorp/aws v5.100.0...
- Installed hashicorp/aws v5.100.0 (signed by HashiCorp)
Terraform has created a lock file .terraform.lock.hcl to record the provider
selections it made above. Include this file in your version control repository
so that Terraform can guarantee to make the same selections by default when
you run ""terraform init"" in the future.

Terraform has been successfully initialized!

You may now begin working with Terraform. Try running ""terraform plan"" to see
any

...[LOG TRUNCATED]...



If you ever set or change modules or backend configuration for Terraform,
rerun this command to reinitialize your working directory. If you forget, other
commands will detect it and remind you to do so if necessary.

--- APPLY LOG ---
data.aws_region.current: Reading...
data.aws_region.current: Read complete after 0s [id=us-east-1]

No changes. Your infrastructure matches the configuration.

Terraform has compared your real infrastructure against your configuration
and found no differences, so no changes are needed.

Apply complete! Resources: 0 added, 0 changed, 0 destroyed.

--- ERRORS ---",,297,1932,11,9,4,"We need a Terraform template that creates a modular AWS networking foundation supporting multiple VPCs, each with configurable subnets, internet gateways, NAT gateways, route tables that can dynamically route traffic to either an internet gateway or a NAT gateway, route table associations, and security groups with both ingress and egress rules that can reference CIDR blocks or other security groups, plus a default security group that allows all intra-VPC traffic and unrestricted egress; the entire setup must be driven by configurable inputs for VPCs, subnets, gateways, route tables, associations, and security groups, and the default AWS region should be set to us-east-1.",190,"aws_default_security_group, aws_eip, aws_internet_gateway, aws_nat_gateway, aws_region, aws_route_table, aws_route_table_association, aws_security_group, aws_subnet, aws_vpc, aws_vpc_security_group_egress_rule, aws_vpc_security_group_ingress_rule"
terrads_c07b7cea2171,Zenodo/TerraDS,iac_benchmark/scenarios/terrads_c07b7cea2171,True,True,0,0,0,0,0,True,"--- INIT LOG ---
Initializing provider plugins...
- Finding latest version of hashicorp/aws...
- Installing hashicorp/aws v6.57.1...
- Installed hashicorp/aws v6.57.1 (signed by HashiCorp)
Terraform has created a lock file .terraform.lock.hcl to record the provider
selections it made above. Include this file in your version control repository
so that Terraform can guarantee to make the same selections by default when
you run ""terraform init"" in the future.

Terraform has been successfully initialized!

You may now begin working with Terraform. Try running ""terraform plan"" to see
any changes th

...[LOG TRUNCATED]...

m"" = ""AES256""
            },
          ])
          ""bucket_key_enabled"" = false
        },
      ])
    },
  ])
  ""tags"" = tomap({
    ""app"" = ""app""
    ""env"" = ""dev""
    ""project"" = ""devops-poc""
  })
  ""tags_all"" = tomap({
    ""app"" = ""app""
    ""env"" = ""dev""
    ""project"" = ""devops-poc""
  })
  ""timeouts"" = null /* object */
  ""versioning"" = tolist([
    {
      ""enabled"" = false
      ""mfa_delete"" = false
    },
  ])
  ""website"" = tolist([])
  ""website_domain"" = tostring(null)
  ""website_endpoint"" = tostring(null)
}
website_bucket_id = ""devops-poc-app-dev-terraform-us-east-1""

--- ERRORS ---",,273,1814,10,18,4,"We need a Terraform template that creates an S3 bucket configured for static website hosting with versioning, server-side encryption using a KMS key with a 10-day deletion window, S3 Transfer Acceleration enabled, and public access fully blocked at the ACL and policy level, using a bucket policy that only permits the same AWS account to perform GetObject and PutObject actions, and the bucket should be named 'devops-poc-app-dev-terraform-us-east-1' with the default project 'devops-poc', app 'app', and environment 'dev' (which must be one of dev, prod, stag, or qa), while the bucket itself is private, force destroy is enabled, and the website uses index.html and error.html as default documents.",191,"aws_caller_identity, aws_kms_key, aws_s3_bucket, aws_s3_bucket_accelerate_configuration, aws_s3_bucket_acl, aws_s3_bucket_ownership_controls, aws_s3_bucket_policy, aws_s3_bucket_public_access_block, aws_s3_bucket_server_side_encryption_configuration, aws_s3_bucket_versioning, aws_s3_bucket_website_configuration"
terrads_c2af7a854318,Zenodo/TerraDS,iac_benchmark/scenarios/terrads_c2af7a854318,True,True,0,0,0,0,0,True,"--- INIT LOG ---
Initializing provider plugins...
- Finding latest version of hashicorp/aws...
- Installing hashicorp/aws v6.57.1...
- Installed hashicorp/aws v6.57.1 (signed by HashiCorp)
Terraform has created a lock file .terraform.lock.hcl to record the provider
selections it made above. Include this file in your version control repository
so that Terraform can guarantee to make the same selections by default when
you run ""terraform init"" in the future.

Terraform has been successfully initialized!

You may now begin working with Terraform. Try running ""terraform plan"" to see
any changes th

...[LOG TRUNCATED]...

assoc-081bbbcc7f36414c8]
aws_route.default_public_route: Creation complete after 1s [id=r-rtb-65ee3220d51bfba631080289494]

Apply complete! Resources: 21 added, 0 changed, 0 destroyed.

Outputs:

cluster_role_arn = ""arn:aws:iam::000000000000:role/EKSClusterRole""
node_group_arn = ""arn:aws:iam::000000000000:role/example-role""
stack_name = ""capstone-project-terraform-VPC""
stack_public_subnet_1 = ""subnet-4447085b034d7261e""
stack_public_subnet_2 = ""subnet-384182bb262eae271""
stack_public_subnets = ""subnet-4447085b034d7261e,subnet-384182bb262eae271""
stack_vpc = ""vpc-b1035ae948512962a""

--- ERRORS ---",,255,1753,21,5,4,"We need a Terraform template that creates the foundational networking and IAM infrastructure for an Amazon EKS cluster in the us-east-1 region, provisioning a VPC with DNS support and DNS hostnames enabled, a configurable CIDR block defaulting to 10.0.0.0/16, and two public subnets with CIDRs 10.0.0.0/24 and 10.0.1.0/24 placed in the first two availability zones from a configurable list defaulting to the first two available zones in the region, along with an internet gateway, two NAT gateways each with an Elastic IP in the respective public subnets, a public route table with a default route to the internet gateway, and route table associations linking both public subnets to that public route table, while also creating the necessary IAM roles for the EKS cluster and worker nodes, with the cluster role having an assume role policy for the EKS service and a custom policy granting eks:* access, and the worker node role having an assume role policy allowing EC2 and any AWS principal, attaching the required AWS managed policies AmazonEKSWorkerNodePolicy, AmazonEKS_CNI_Policy, and AmazonEC2ContainerRegistryReadOnly, plus a custom policy allowing eks:DescribeCluster and ssm:GetParameter, with all resources tagged using an environment name variable that defaults to ""capstone-project-terraform"".",192,"aws_eip, aws_iam_policy, aws_iam_policy_attachment, aws_iam_role, aws_internet_gateway, aws_nat_gateway, aws_partition, aws_route, aws_route_table, aws_route_table_association, aws_subnet, aws_vpc"
terrads_c41e7c31c21b,Zenodo/TerraDS,iac_benchmark/scenarios/terrads_c41e7c31c21b,True,True,0,0,0,0,0,True,"--- INIT LOG ---
Initializing provider plugins...
- Finding latest version of hashicorp/time...
- Finding hashicorp/aws versions matching "">= 3.61.0""...
- Finding latest version of hashicorp/null...
- Installing hashicorp/time v0.14.0...
- Installed hashicorp/time v0.14.0 (signed by HashiCorp)
- Installing hashicorp/aws v6.57.1...
- Installed hashicorp/aws v6.57.1 (signed by HashiCorp)
- Installing hashicorp/null v3.3.0...
- Installed hashicorp/null v3.3.0 (signed by HashiCorp)
Terraform has created a lock file .terraform.lock.hcl to record the provider
selections it made above. Include this f

...[LOG TRUNCATED]...

ed
  + resource ""null_resource"" ""previous"" {
      + id = (known after apply)
    }

Plan: 1 to add, 0 to change, 0 to destroy.

Changes to Outputs:
  + cloudwatch_metric_alarm_arn = """"
  + cloudwatch_metric_alarm_id  = """"
  + log_group_arn               = """"
  + log_group_name              = """"
null_resource.previous: Creating...
null_resource.previous: Creation complete after 0s [id=2545837142770877510]

Apply complete! Resources: 1 added, 0 changed, 0 destroyed.

Outputs:

cloudwatch_metric_alarm_arn = """"
cloudwatch_metric_alarm_id = """"
log_group_arn = """"
log_group_name = """"

--- ERRORS ---",,598,4366,8,54,4,"We need a Terraform template that creates a comprehensive CloudWatch monitoring solution, including a dashboard, a composite alarm that depends on the metric alarms, several types of metric alarms (basic, dynamically defined via a map, and expression-based using anomaly detection), a Synthetics canary with a startup delay, and a log group with a log stream, all conditionally enabled via boolean variables and fully configurable through input variables with sensible defaults, such as a basic alarm for a common metric with configurable thresholds and periods, a dynamic alarm list for multiple metrics, an expression alarm using anomaly detection, and a canary with configurable schedule and retention settings, while the composite alarm depends on the metric alarms and the canary depends on a time sleep resource.",193,"aws_cloudwatch_composite_alarm, aws_cloudwatch_dashboard, aws_cloudwatch_log_group, aws_cloudwatch_log_stream, aws_cloudwatch_metric_alarm, aws_synthetics_canary"
terrads_c5f20f79e141,Zenodo/TerraDS,iac_benchmark/scenarios/terrads_c5f20f79e141,True,True,0,0,0,0,0,True,"--- INIT LOG ---
Initializing modules...
Downloading registry.terraform.io/terraform-aws-modules/vpc/aws 6.6.1 for vpc...
- vpc in .terraform/modules/vpc
Initializing provider plugins...
- Finding hashicorp/aws versions matching "">= 6.28.0""...
- Installing hashicorp/aws v6.57.1...
- Installed hashicorp/aws v6.57.1 (signed by HashiCorp)
Terraform has created a lock file .terraform.lock.hcl to record the provider
selections it made above. Include this file in your version control repository
so that Terraform can guarantee to make the same selections by default when
you run ""terraform init"" in th

...[LOG TRUNCATED]...

ere)

Warning: Argument is deprecated

  with aws_iam_role.taskrole,
  on iam.tf line 1, in resource ""aws_iam_role"" ""taskrole"":
   1: resource ""aws_iam_role"" ""taskrole"" {

inline_policy is deprecated. Use the aws_iam_role_policy resource instead. If
Terraform should exclusively manage all inline policy associations (the
current behavior of this argument), use the aws_iam_role_policies_exclusive
resource as well.

(and 3 more similar warnings elsewhere)

Apply complete! Resources: 40 added, 0 changed, 0 destroyed.

Outputs:

lb_dns_name = ""n8n-alb.elb.localhost.localstack.cloud""

--- ERRORS ---",,381,2593,17,6,4,"We need a Terraform template that creates an ECS Fargate service running a containerized workflow automation tool behind an Application Load Balancer, with persistent storage via EFS, all within a custom VPC across three availability zones with both public and private subnets and no NAT gateway; the ALB should accept HTTP on port 80 and optionally HTTPS on port 443 if a certificate ARN is provided, forwarding traffic to the container on port 5678, and the ECS service should use FARGATE_SPOT by default with a desired count of 1, assign public IPs to tasks, and mount an EFS access point at /home/node/.n8n; the template must include a prefix variable defaulting to ""n8n"", a container image variable defaulting to a recent stable version of the n8n image, and a URL variable for the WEBHOOK_URL environment variable, and should output the load balancer DNS name.",194,"aws_availability_zones, aws_caller_identity, aws_cloudwatch_log_group, aws_ecs_cluster, aws_ecs_cluster_capacity_providers, aws_ecs_service, aws_ecs_task_definition, aws_efs_access_point, aws_efs_file_system, aws_efs_mount_target, aws_iam_role, aws_lb, aws_lb_listener, aws_lb_target_group, aws_region, aws_security_group"
terrads_c5fb6e784997,Zenodo/TerraDS,iac_benchmark/scenarios/terrads_c5fb6e784997,True,True,0,0,0,0,0,True,"--- INIT LOG ---
Initializing provider plugins...
- Finding latest version of hashicorp/aws...
- Installing hashicorp/aws v6.55.0...
- Installed hashicorp/aws v6.55.0 (signed by HashiCorp)
Terraform has created a lock file .terraform.lock.hcl to record the provider
selections it made above. Include this file in your version control repository
so that Terraform can guarantee to make the same selections by default when
you run ""terraform init"" in the future.

Terraform has been successfully initialized!

You may now begin working with Terraform. Try running ""terraform plan"" to see
any changes th

...[LOG TRUNCATED]...

l creating... [00m20s elapsed]
aws_eks_cluster.eks_cluster: Still creating... [00m30s elapsed]
aws_eks_cluster.eks_cluster: Still creating... [00m40s elapsed]
aws_eks_cluster.eks_cluster: Still creating... [00m50s elapsed]
aws_eks_cluster.eks_cluster: Creation complete after 53s [id=hr-prod-eks-prod]
aws_eks_node_group.eks_ng_public: Creating...
aws_eks_node_group.eks_ng_public: Still creating... [00m10s elapsed]
aws_eks_node_group.eks_ng_public: Creation complete after 13s [id=hr-prod-eks-prod:hr-prod-eks-ng-public]

Apply complete! Resources: 18 added, 0 changed, 0 destroyed.

--- ERRORS ---",,324,2127,18,3,4,"We need a Terraform template that creates a fully functional Amazon EKS cluster in a custom VPC with two public subnets across different availability zones, an internet gateway, and route tables with default routes, along with a managed node group using an Amazon Linux 2 AMI sourced from the latest Amazon-provided image, all configured with the necessary IAM roles and policies for both the cluster control plane and the worker nodes, and a security group allowing inbound HTTPS, HTTP, and SSH traffic only from the VPC’s CIDR block, while enabling cluster control plane logging for all five log types and creating a new SSH key pair for node remote access, with the environment, business division, and cluster name exposed as variables defaulting to “prod”, “hr”, and “eks-prod” respectively, and the entire deployment targeted for the us-east-1 region.",195,"aws_ami, aws_eks_cluster, aws_eks_node_group, aws_iam_role, aws_iam_role_policy_attachment, aws_internet_gateway, aws_route_table, aws_route_table_association, aws_security_group, aws_subnet, aws_vpc"
terrads_c97056850842,Zenodo/TerraDS,iac_benchmark/scenarios/terrads_c97056850842,True,True,0,0,0,0,0,True,"--- INIT LOG ---
Initializing provider plugins...
- Finding latest version of hashicorp/aws...
- Installing hashicorp/aws v6.55.0...
- Installed hashicorp/aws v6.55.0 (signed by HashiCorp)
Terraform has created a lock file .terraform.lock.hcl to record the provider
selections it made above. Include this file in your version control repository
so that Terraform can guarantee to make the same selections by default when
you run ""terraform init"" in the future.

Terraform has been successfully initialized!

You may now begin working with Terraform. Try running ""terraform plan"" to see
any changes th

...[LOG TRUNCATED]...

-dd4a7d7de00ef6b1b""
  ""public"" = ""eni-410b76e66f3306a5a""
}
fgt_ni_ips = {
  ""private"" = ""172.30.0.138""
  ""public"" = ""172.30.0.10""
}
nsg_ids = {
  ""allow_all"" = ""sg-73838a274c18caa51""
  ""bastion"" = ""sg-9ffc5046aa50e0426""
  ""private"" = ""sg-eaebb87f32330d0e4""
  ""public"" = ""sg-ff98b638965c42eb1""
}
subnet_az1_cidrs = {
  ""bastion"" = ""172.30.1.0/25""
  ""private"" = ""172.30.0.128/25""
  ""public"" = ""172.30.0.0/25""
}
subnet_az1_ids = {
  ""bastion"" = ""subnet-d505ed57ecf11fd41""
  ""private"" = ""subnet-94c81745255b69f52""
  ""public"" = ""subnet-0c27dd442c152a04a""
}
vpc_id = ""vpc-6609fa2456b7c4787""

--- ERRORS ---",,379,2803,15,10,4,"We need a Terraform template that creates a VPC in the us-east-1 region with a /23 CIDR block, including three subnets (public, private, and bastion) all in the same availability zone, dynamically selected as the first available one, with each subnet having a /25 prefix derived from the VPC CIDR, along with an internet gateway, four security groups tailored for public, private, bastion, and allow-all traffic with appropriate ingress and egress rules, two Elastic Network Interfaces (one in the public subnet and one in the private subnet, each assigned the 10th IP address in their respective subnet and with source/destination check disabled), a public route table with a default route to the internet gateway, a bastion route table with routes for the RFC1918 private address ranges and a default route all pointing to the private ENI, and route table associations for the public and bastion subnets, and finally outputs for the ENI IDs and IPs, subnet IDs and CIDRs, VPC ID, and security group IDs, using a prefix variable defaulting to ""terraform"" and an admin_cidr variable defaulting to ""0.0.0.0/0"".",196,"aws_internet_gateway, aws_network_interface, aws_route_table, aws_route_table_association, aws_security_group, aws_subnet, aws_vpc"
terrads_ddc425a81cf2,Zenodo/TerraDS,iac_benchmark/scenarios/terrads_ddc425a81cf2,True,True,0,0,0,0,0,True,"--- INIT LOG ---
Initializing provider plugins...
- Finding hashicorp/aws versions matching "">= 3.35.0""...
- Finding hashicorp/local versions matching "">= 1.0.0""...
- Finding hashicorp/null versions matching "">= 2.0.0""...
- Installing hashicorp/aws v6.53.0...
- Installed hashicorp/aws v6.53.0 (signed by HashiCorp)
- Installing hashicorp/local v2.9.0...
- Installed hashicorp/local v2.9.0 (signed by HashiCorp)
- Installing hashicorp/null v3.3.0...
- Installed hashicorp/null v3.3.0 (signed by HashiCorp)
Terraform has created a lock file .terraform.lock.hcl to record the provider
selections it mad

...[LOG TRUNCATED]...

e CodeDeployDefault.LambdaAllAtOnce \
    --description """" \
    --revision '{""revisionType"": ""AppSpecContent"", ""appSpecContent"": {""content"": ""{\""Resources\"":[{\""MyFunction\"":{\""Properties\"":{\""Alias\"":\""\"",\""CurrentVersion\"":\""\"",\""Name\"":\""\"",\""TargetVersion\"":\""\""},\""Type\"":\""AWS::Lambda::Function\""}}],\""version\"":\""0.0\""}"", ""sha256"": ""ed8464aca7a1c211ec12791482b43e46b9044efa61ce53586020eaeef7d99aa8""}}' \
    --output text \
    --query '[deploymentId]')

aws deploy get-deployment --deployment-id $ID
echo ""Deployment started, but wait deployment completion is disabled!""

EOT

--- ERRORS ---","NON-JSON OUTPUT:
",580,4148,8,35,4,"We need a Terraform template that creates a CodeDeploy application, deployment group, and optional deployment script for a blue/green Lambda deployment, generating a proper AppSpec with optional before/after allow traffic hook ARNs and dynamically determining the current version from the Lambda function and its alias to ensure it is never `$LATEST`, along with an IAM role for CodeDeploy that attaches the AWS managed policy `AWSCodeDeployRoleForLambda` and optionally attaches invoke permissions for the hooks and SNS publish permissions for triggers, supporting the creation of new applications and deployment groups, and including a local-exec provisioner to run the deployment via the AWS CLI with configurable settings for deployment config name, auto-rollback with `DEPLOYMENT_STOP_ON_ALARM` as the default event, alarm configuration, SNS trigger notifications, an optional save of the deployment script to a local file, a force deploy trigger, and an option to wait for deployment completion with a configurable sleep timer between status checks.",197,"aws_codedeploy_app, aws_codedeploy_deployment_group, aws_iam_policy, aws_iam_policy_document, aws_iam_role, aws_iam_role_policy_attachment, aws_lambda_alias, aws_lambda_function"
terrads_e0431c1caace,Zenodo/TerraDS,iac_benchmark/scenarios/terrads_e0431c1caace,True,True,0,0,0,0,0,True,"--- INIT LOG ---
Initializing provider plugins...
- Finding latest version of hashicorp/aws...
- Installing hashicorp/aws v6.57.1...
- Installed hashicorp/aws v6.57.1 (signed by HashiCorp)
Terraform has created a lock file .terraform.lock.hcl to record the provider
selections it made above. Include this file in your version control repository
so that Terraform can guarantee to make the same selections by default when
you run ""terraform init"" in the future.

Terraform has been successfully initialized!

You may now begin working with Terraform. Try running ""terraform plan"" to see
any changes th

...[LOG TRUNCATED]...

login_failed""]: Creation complete after 1s [id=console_login_failed]
aws_s3_bucket.cloudtrail_event_logs: Creation complete after 2s [id=cloudtrail-monitor-management-event-logs]
aws_s3_bucket_policy.cloudtrail_access_s3: Creating...
aws_s3_bucket_policy.cloudtrail_access_s3: Creation complete after 0s [id=cloudtrail-monitor-management-event-logs]
aws_cloudtrail.event_logs: Creating...
aws_cloudtrail.event_logs: Creation complete after 1s [id=arn:aws:cloudtrail:us-east-1:000000000000:trail/monitor_account_activities]

Apply complete! Resources: 26 added, 0 changed, 0 destroyed.

--- ERRORS ---",,262,2023,10,9,4,"We need a Terraform template that creates a CloudTrail-based monitoring solution for AWS management activity in us-east-1, using a multi-region trail that records all management events globally, writes them to a dedicated S3 bucket and a CloudWatch Logs log group, excludes KMS and RDS Data API events, and grants CloudTrail the necessary IAM role and bucket permissions to deliver those logs; the template should also create CloudWatch log metric filters and alarms for security group ingress/egress authorization and revocation, security group creation/deletion, IAM user creation/deletion, failed console logins, IAM group/role/user policy changes, IAM policy changes, users being added to groups, and IAM role creation/deletion, with each alarm firing when the corresponding event occurs at least once in a 60-second period and sending notifications to a new SNS topic that has email subscriptions using a configurable list of email addresses.",198,"aws_caller_identity, aws_cloudtrail, aws_cloudwatch_log_group, aws_cloudwatch_log_metric_filter, aws_cloudwatch_metric_alarm, aws_iam_role, aws_iam_role_policy, aws_s3_bucket, aws_s3_bucket_policy, aws_sns_topic, aws_sns_topic_subscription"
terrads_f06187331dff,Zenodo/TerraDS,iac_benchmark/scenarios/terrads_f06187331dff,True,True,0,0,0,0,0,True,"--- INIT LOG ---
Initializing provider plugins...
- Finding latest version of hashicorp/aws...
- Installing hashicorp/aws v6.56.0...
- Installed hashicorp/aws v6.56.0 (signed by HashiCorp)
Terraform has created a lock file .terraform.lock.hcl to record the provider
selections it made above. Include this file in your version control repository
so that Terraform can guarantee to make the same selections by default when
you run ""terraform init"" in the future.

Terraform has been successfully initialized!

You may now begin working with Terraform. Try running ""terraform plan"" to see
any changes th

...[LOG TRUNCATED]...

_lb_port = """"
lb_ssl_negotiation_policy_load_balancer = """"
lb_ssl_negotiation_policy_name = """"
load_balancer_backend_server_policy_id = """"
load_balancer_backend_server_policy_instance_port = """"
load_balancer_backend_server_policy_load_balancer_name = """"
load_balancer_listener_policy_id = """"
load_balancer_listener_policy_load_balancer_name = """"
load_balancer_listener_policy_load_balancer_port = """"
load_balancer_policy_id = """"
load_balancer_policy_load_balancer_name = """"
load_balancer_policy_policy_name = """"
load_balancer_policy_policy_type_name = """"
proxy_protocol_policy_id = """"

--- ERRORS ---",,708,5556,9,44,4,"We need a Terraform template that creates a Classic ELB with the ability to optionally attach instances, and to configure app cookie stickiness (with a specified cookie name), LB cookie stickiness (with a cookie expiration period), SSL negotiation policy (on a listener port), proxy protocol policy (on instance ports), and a custom load balancer policy (with a policy type) that can be applied to backend server ports and listener ports, using boolean flags to enable each feature, defaulting the name prefix to ""TEST"" and environment to ""STAGE"" for resource naming, and making the ELB itself configurable with listeners, health checks, access logs, subnets, availability zones, and security groups.",199,"aws_app_cookie_stickiness_policy, aws_elb, aws_elb_attachment, aws_lb_cookie_stickiness_policy, aws_lb_ssl_negotiation_policy, aws_load_balancer_backend_server_policy, aws_load_balancer_listener_policy, aws_load_balancer_policy, aws_proxy_protocol_policy"
terrads_f5e9cc30bc08,Zenodo/TerraDS,iac_benchmark/scenarios/terrads_f5e9cc30bc08,True,True,0,0,0,0,0,True,"--- INIT LOG ---
Initializing provider plugins...
- Finding latest version of hashicorp/aws...
- Installing hashicorp/aws v6.57.1...
- Installed hashicorp/aws v6.57.1 (signed by HashiCorp)
Terraform has created a lock file .terraform.lock.hcl to record the provider
selections it made above. Include this file in your version control repository
so that Terraform can guarantee to make the same selections by default when
you run ""terraform init"" in the future.

Terraform has been successfully initialized!

You may now begin working with Terraform. Try running ""terraform plan"" to see
any changes th

...[LOG TRUNCATED]...

_reason = """"
lambda_event_source_mapping_uuid = """"
lambda_function_arn = """"
lambda_function_event_invoke_config_id = """"
lambda_function_invoke_arn = """"
lambda_function_kms_key_arn = """"
lambda_function_last_modified = """"
lambda_function_qualified_arn = """"
lambda_function_source_code_hash = """"
lambda_function_source_code_size = """"
lambda_layer_version_arn = """"
lambda_layer_version_created_date = """"
lambda_layer_version_layer_arn = """"
lambda_layer_version_source_code_size = """"
lambda_layer_version_version = """"
lambda_permission_id = """"
lambda_provisioned_concurrency_config_id = """"

--- ERRORS ---",,917,7919,8,79,4,"We need a Terraform template that creates a comprehensive AWS Lambda setup for a production application called ""TEST"" in the ""STAGE"" environment, including the core Lambda function with a default runtime of Python 3.7 and a default function name pattern of ""test-lambda-fun-stage"", where the Lambda function handler and IAM role ARN are required inputs, an IAM role for the function, a Lambda alias for traffic routing with a configurable routing configuration, an event source mapping from a DynamoDB stream or SQS queue (with the event source ARN provided as an input), an event invoke configuration for async invocation destinations with configurable maximum age and retry attempts, a Lambda layer for shared dependencies (with the layer source code provided via local file or S3 location), provisioned concurrency to keep the function warm (requiring a qualifier such as a function version or alias name), a resource-based permission to allow invocation from another service with configurable principal and source ARN, and a code signing configuration to enforce signed deployment packages (with the signing profile version ARNs provided as input), with all resources conditionally deployed via enable flags and using the default function name pattern derived from the name and environment variables.",200,"aws_lambda_alias, aws_lambda_code_signing_config, aws_lambda_event_source_mapping, aws_lambda_function, aws_lambda_function_event_invoke_config, aws_lambda_layer_version, aws_lambda_permission, aws_lambda_provisioned_concurrency_config"
gh_3a4dde50,Tianyi2/IRIS,iac_benchmark/scenarios/gh_3a4dde50,True,True,0,0,0,0,0,True,"--- INIT LOG ---
Initializing provider plugins...
- Finding latest version of hashicorp/aws...
- Installing hashicorp/aws v6.58.0...
- Installed hashicorp/aws v6.58.0 (signed by HashiCorp)
Terraform has created a lock file .terraform.lock.hcl to record the provider
selections it made above. Include this file in your version control repository
so that Terraform can guarantee to make the same selections by default when
you run ""terraform init"" in the future.

Terraform has been successfully initialized!

You may now begin working with Terraform. Try running ""terraform plan"" to see
any changes th

...[LOG TRUNCATED]...

yed.

Outputs:

waf_byte_match_set_id = """"
waf_geo_match_set_arn = """"
waf_geo_match_set_id = """"
waf_ipset_arn = """"
waf_ipset_id = """"
waf_rate_based_rule_arn = """"
waf_rate_based_rule_id = """"
waf_regex_match_set_arn = """"
waf_regex_match_set_id = """"
waf_regex_pattern_set_arn = """"
waf_regex_pattern_set_id = """"
waf_rule_arn = """"
waf_rule_group_arn = """"
waf_rule_group_id = """"
waf_rule_id = """"
waf_size_constraint_set_arn = """"
waf_size_constraint_set_id = """"
waf_sql_injection_match_set_id = """"
waf_web_acl_arn = """"
waf_web_acl_id = """"
waf_xss_match_set_arn = """"
waf_xss_match_set_id = """"

--- ERRORS ---",,849,6074,12,47,5,"We need a Terraform template that creates a comprehensive set of AWS WAF resources for testing purposes, including an IP set, a rule, a rule group, a web ACL, a rate-based rule, a byte match set, a geo match set, a regex match set, a regex pattern set, a size constraint set, an SQL injection match set, and an XSS match set, all using a default name prefix of ""TEST"" and environment of ""STAGE"", with the rate-based rule configured to use a rate key of ""IP"" and a rate limit of 100, where each of these resources is created conditionally based on its own boolean enable flag (such as enable_waf_ipset) so that only the resources whose corresponding flag is set to true are provisioned, and the web ACL must include a default action that allows requests that do not match any associated rule.",201,"aws_waf_byte_match_set, aws_waf_geo_match_set, aws_waf_ipset, aws_waf_rate_based_rule, aws_waf_regex_match_set, aws_waf_regex_pattern_set, aws_waf_rule, aws_waf_rule_group, aws_waf_size_constraint_set, aws_waf_sql_injection_match_set, aws_waf_web_acl, aws_waf_xss_match_set"
gh_8159ec72,Tianyi2/IRIS,iac_benchmark/scenarios/gh_8159ec72,True,True,0,0,0,0,0,True,"--- INIT LOG ---
Initializing provider plugins...
- Finding latest version of hashicorp/aws...
- Installing hashicorp/aws v6.58.0...
- Installed hashicorp/aws v6.58.0 (signed by HashiCorp)
Terraform has created a lock file .terraform.lock.hcl to record the provider
selections it made above. Include this file in your version control repository
so that Terraform can guarantee to make the same selections by default when
you run ""terraform init"" in the future.

Terraform has been successfully initialized!

You may now begin working with Terraform. Try running ""terraform plan"" to see
any changes th

...[LOG TRUNCATED]...

arn = """"
ses_domain_identity_id = """"
ses_domain_identity_verification_arn = """"
ses_domain_identity_verification_id = """"
ses_domain_identity_verification_token = """"
ses_domain_mail_from_id = """"
ses_email_identity_arn = """"
ses_email_identity_id = """"
ses_event_destination_arn = """"
ses_event_destination_id = """"
ses_identity_notification_topic_id = """"
ses_identity_policy_id = """"
ses_receipt_filter_arn = """"
ses_receipt_filter_id = """"
ses_receipt_rule_arn = """"
ses_receipt_rule_id = """"
ses_receipt_rule_set_arn = """"
ses_receipt_rule_set_id = """"
ses_template_arn = """"
ses_template_id = """"

--- ERRORS ---",,924,6666,14,62,5,"We need a Terraform template that creates a modular AWS SES configuration supporting domain and email identities, email templates, receipt rules with multiple action types (add header, bounce, lambda, S3, SNS, stop, WorkMail), receipt rule sets, receipt filters, configuration sets with delivery options, event destinations with CloudWatch, Kinesis, or SNS targets, DKIM, MAIL FROM subdomain, identity policies, identity notification topics, and domain identity verification, where each component is conditionally created based on a boolean enable variable and uses default naming derived from a name and environment variable, and the template should output the ARN, ID, and other relevant attributes for each created resource.",202,"aws_ses_active_receipt_rule_set, aws_ses_configuration_set, aws_ses_domain_dkim, aws_ses_domain_identity, aws_ses_domain_identity_verification, aws_ses_domain_mail_from, aws_ses_email_identity, aws_ses_event_destination, aws_ses_identity_notification_topic, aws_ses_identity_policy, aws_ses_receipt_filter, aws_ses_receipt_rule, aws_ses_receipt_rule_set, aws_ses_template"
terrads_01334dedc4eb,Zenodo/TerraDS,iac_benchmark/scenarios/terrads_01334dedc4eb,True,True,0,0,0,0,0,True,"--- INIT LOG ---
Initializing provider plugins...
- Finding latest version of hashicorp/aws...
- Installing hashicorp/aws v6.57.1...
- Installed hashicorp/aws v6.57.1 (signed by HashiCorp)
Terraform has created a lock file .terraform.lock.hcl to record the provider
selections it made above. Include this file in your version control repository
so that Terraform can guarantee to make the same selections by default when
you run ""terraform init"" in the future.

Terraform has been successfully initialized!

You may now begin working with Terraform. Try running ""terraform plan"" to see
any changes th

...[LOG TRUNCATED]...

ds = {
  ""allow_all"" = ""sg-f24a87cc98e798b8c""
  ""bastion"" = ""sg-fe754c34cd43cae70""
  ""ha"" = ""sg-b38cf6c6a1dfc6950""
  ""mgmt"" = ""sg-003f4ab1184e3f43b""
  ""private"" = ""sg-2383a49b29b54dcdd""
  ""public"" = ""sg-df0cd3268d716c763""
}
subnet_az1_cidrs = {
  ""bastion"" = ""172.30.1.64/26""
  ""mgmt"" = ""172.30.0.0/26""
  ""private"" = ""172.30.0.128/26""
  ""public"" = ""172.30.0.64/26""
}
subnet_az1_ids = {
  ""bastion"" = ""subnet-bb55b77e67b714ff8""
  ""mgmt"" = ""subnet-7d2134f1a43ce7c6b""
  ""private"" = ""subnet-335a71a95412e3645""
  ""public"" = ""subnet-15151d214831d41ee""
}
vpc-sec_id = ""vpc-2d96c011c0b2315c1""

--- ERRORS ---",,473,3766,19,10,5,"We need a Terraform template that creates the networking infrastructure for a FortiGate active firewall deployment in AWS, specifically a VPC with CIDR 172.30.0.0/23 in the us-east-1 region, including subnets for management, public, private, gateway load balancer, and bastion in the first availability zone, along with an internet gateway, two network interfaces with source/destination checking disabled to enable traffic forwarding, security groups for management (SSH, HTTPS, ICMP from an admin CIDR), HA (all traffic from the management subnet), private (all traffic from anywhere), public (all TCP, UDP, and ICMP from anywhere), bastion (TCP and UDP from an admin CIDR and RFC1918 ranges, plus ICMP from anywhere), and an allow-all group, route tables for the public subnet (default route to the internet gateway) and bastion subnet (default route to the internet gateway plus RFC1918 routes via the private interface), and outputs for the interface IDs and IPs, subnet IDs and CIDRs, VPC ID, and security group IDs, using a configurable naming prefix, admin CIDR, and admin port.",203,"aws_internet_gateway, aws_network_interface, aws_route_table, aws_route_table_association, aws_security_group, aws_subnet, aws_vpc"
terrads_01d04d611b22,Zenodo/TerraDS,iac_benchmark/scenarios/terrads_01d04d611b22,True,True,0,0,0,0,0,True,"--- INIT LOG ---
Initializing modules...
Downloading registry.terraform.io/hashicorp/subnets/cidr 1.0.0 for ipv4_subnets...
- ipv4_subnets in .terraform/modules/ipv4_subnets
Downloading registry.terraform.io/hashicorp/subnets/cidr 1.0.0 for ipv6_subnets...
- ipv6_subnets in .terraform/modules/ipv6_subnets
Initializing provider plugins...
- Finding hashicorp/aws versions matching ""~> 5.0""...
- Installing hashicorp/aws v5.100.0...
- Installed hashicorp/aws v5.100.0 (signed by HashiCorp)
Terraform has created a lock file .terraform.lock.hcl to record the provider
selections it made above. Include

...[LOG TRUNCATED]...

served-A-private"" = ""subnet-6f38c6c25119ba168""
  ""sn-reserved-B-private"" = ""subnet-1b67d71f28fa31b8b""
  ""sn-reserved-C-private"" = ""subnet-bd21c09bc7fea0b56""
  ""sn-web-A-public"" = ""subnet-bf0a3b44060e997cc""
  ""sn-web-B-public"" = ""subnet-eeb532b1c576224e3""
  ""sn-web-C-public"" = ""subnet-d31240fcea99bb69e""
}
vpc_arn = ""arn:aws:ec2:us-east-1:000000000000:vpc/vpc-4cc67c35cd2b6f4a6""
vpc_default_network_acl_id = ""acl-c62d81cb76f2bac11""
vpc_id = ""vpc-4cc67c35cd2b6f4a6""
vpc_ip4_cidr_block = ""10.16.0.0/16""
vpc_ipv6_cidr_block = ""2400:6500:af6b:7d00::/56""
web_sg_id = ""sg-5153953aa2f864b57""

--- ERRORS ---",,423,2887,14,11,5,"We need a Terraform template that creates a VPC with a CIDR block of 10.16.0.0/16, enables IPv6, DNS hostnames, and DNS support, and provisions twelve subnets across three availability zones using a subnet CIDR calculation module for both IPv4 and IPv6 subnet calculations, with four subnets per AZ: one public (sn-web-*-public) and three private (sn-reserved-*-private, sn-db-*-private, sn-app-*-private), where the IPv4 subnet calculation uses a new_bits value of 4 and the IPv6 subnet calculation uses a new_bits value of 8, along with an internet gateway and a public route table that routes all traffic (0.0.0.0/0 and ::/0) to the internet gateway, and associates only the public subnets to that route table; additionally, it must create three security groups for a three-tier architecture (web, app, db) where the web security group allows inbound HTTPS (443) and SSH (22) from anywhere and outbound HTTPS to the app security group, the app security group allows inbound HTTPS from the web security group and outbound HTTPS to the db security group, and the db security group allows inbound HTTPS from the app security group, with all security groups tagged by tier and the VPC and subnets tagged appropriately.",204,"aws_internet_gateway, aws_route_table, aws_route_table_association, aws_security_group, aws_subnet, aws_vpc, aws_vpc_security_group_egress_rule, aws_vpc_security_group_ingress_rule"
terrads_05edc40999d7,Zenodo/TerraDS,iac_benchmark/scenarios/terrads_05edc40999d7,True,True,0,0,0,0,0,True,"--- INIT LOG ---
Initializing modules...
Downloading git::https://github.com/jevjay/terrabits-codebuild.git for codebuild_action...
- codebuild_action in .terraform/modules/codebuild_action
Downloading git::https://github.com/jevjay/terrabits-lambda.git for lambda_action...
- lambda_action in .terraform/modules/lambda_action
Initializing provider plugins...
- Finding latest version of hashicorp/aws...
- Installing hashicorp/aws v6.55.0...
- Installed hashicorp/aws v6.55.0 (signed by HashiCorp)
Terraform has created a lock file .terraform.lock.hcl to record the provider
selections it made above

...[LOG TRUNCATED]...


Apply complete! Resources: 1 added, 0 changed, 0 destroyed.

Outputs:

build_cache_bucket_name = []
build_cache_store_arn = []
cloudwatch_branch_trigger_arn = []
cloudwatch_branch_trigger_name = []
cloudwatch_cron_trigger_arn = []
cloudwatch_cron_trigger_name = []
cloudwatch_tag_trigger_arn = []
cloudwatch_tag_trigger_name = []
default_pipeline_role_arn = ""arn:aws:iam::000000000000:role/terraforest/default_pipeline_role""
default_pipeline_role_name = ""default_pipeline_role""
pipeline_arn = []
pipeline_artifact_bucket_arn = []
pipeline_artifact_bucket_name = []
pipeline_name = []

--- ERRORS ---",,870,6317,15,2,5,"We need a Terraform template that creates a complete, modular CI/CD pipeline infrastructure on AWS using CodePipeline and CodeBuild, driven entirely by a single YAML or JSON configuration file that the agent must define and parse; the solution should support multiple pipelines, each with multiple stages and actions, and must dynamically create CodeBuild projects for any action with a ""Build"" category using an external module for CodeBuild resources and Lambda functions for ""Invoke"" actions using another external module for Lambda resources, with all CodeBuild projects using a reasonable default build image, configurable build timeout, a shallow git clone, configurable cache (including S3 bucket location), artifacts stored via CodePipeline, and environment variables; the template must also create S3 buckets for pipeline artifact storage and build cache per pipeline, a default IAM role for pipelines with an inline policy granting necessary permissions for CodeCommit, CodeBuild, and ECR operations, and a separate IAM role per pipeline for CloudWatch Events with a policy allowing codepipeline:StartPipelineExecution on that specific pipeline; for event-driven triggers, the configuration must support branch-based and tag-based triggers on CodeCommit repositories that the agent creates as part of the stack, cron-based triggers using schedule expressions, and custom EventBridge pattern triggers, each creating the corresponding CloudWatch event rule, target, and IAM role; all resources must be tagged with a common set of tags that includes a user-provided map (defaulting to empty) merged with a standard infrastructure tag, and the config file path variable should default to a placeholder string; outputs must expose the ARNs and names of the artifact and cache buckets, the default pipeline role, all pipeline ARNs and names, and all CloudWatch event rule ARNs and names for branch, tag, cron, and EventBridge triggers.",205,"aws_cloudwatch_event_rule, aws_cloudwatch_event_target, aws_codecommit_repository, aws_codepipeline, aws_codestarconnections_connection, aws_iam_policy_document, aws_iam_role, aws_iam_role_policy, aws_s3_bucket"
terrads_15dc7dba11b2,Zenodo/TerraDS,iac_benchmark/scenarios/terrads_15dc7dba11b2,True,True,0,0,0,0,0,True,"--- INIT LOG ---
Initializing provider plugins...
- Finding hashicorp/aws versions matching "">= 4.47.0""...
- Installing hashicorp/aws v6.53.0...
- Installed hashicorp/aws v6.53.0 (signed by HashiCorp)
Terraform has created a lock file .terraform.lock.hcl to record the provider
selections it made above. Include this file in your version control repository
so that Terraform can guarantee to make the same selections by default when
you run ""terraform init"" in the future.

Terraform has been successfully initialized!

You may now begin working with Terraform. Try running ""terraform plan"" to see
an

...[LOG TRUNCATED]...

instance_profile_unique = ""AIPAQAAAAAAAI5KQNKC2B""
irsa_arn = ""arn:aws:iam::000000000000:role/KarpenterIRSA--b40a97ee0c24b48703265f69db""
irsa_name = ""KarpenterIRSA--b40a97ee0c24b48703265f69db""
irsa_unique_id = ""AROAQAAAAAAAO6ZFWVSUR""
queue_arn = ""arn:aws:sqs:us-east-1:000000000000:Karpenter-""
queue_name = ""Karpenter-""
queue_url = ""http://sqs.us-east-1.localhost.localstack.cloud:4566/000000000000/Karpenter-""
role_arn = ""arn:aws:iam::000000000000:role/Karpenter--57bf14b5a543aaac4a3e675c88""
role_name = ""Karpenter--57bf14b5a543aaac4a3e675c88""
role_unique_id = ""AROAQAAAAAAAAC4QNCXQL""

--- ERRORS ---","NON-JSON OUTPUT:
",729,5256,12,38,5,"We need a Terraform template that creates the IAM and event infrastructure required for Karpenter on an EKS cluster, including an IAM role for the Karpenter service account with a trust policy that references the cluster's OIDC provider using a provided ARN variable, a node IAM role with the standard EKS worker node policies (AmazonEKSWorkerNodePolicy, AmazonEC2ContainerRegistryReadOnly, and optionally the AmazonEKS_CNI_Policy) and an instance profile, plus native spot termination handling via an SQS queue with SQS-owned SSE enabled and appropriate CloudWatch event rules for health events, spot instance interruptions, instance rebalance recommendations, and instance state-change notifications, all using the specified cluster name and defaulting to the ""karpenter:karpenter"" namespace and service account.",206,"aws_caller_identity, aws_cloudwatch_event_rule, aws_cloudwatch_event_target, aws_iam_instance_profile, aws_iam_policy, aws_iam_policy_document, aws_iam_role, aws_iam_role_policy_attachment, aws_partition, aws_sqs_queue, aws_sqs_queue_policy"
terrads_202ad9eccfce,Zenodo/TerraDS,iac_benchmark/scenarios/terrads_202ad9eccfce,True,True,0,0,0,0,0,True,"--- INIT LOG ---
Initializing provider plugins...
- Finding latest version of hashicorp/aws...
- Installing hashicorp/aws v6.54.0...
- Installed hashicorp/aws v6.54.0 (signed by HashiCorp)
Terraform has created a lock file .terraform.lock.hcl to record the provider
selections it made above. Include this file in your version control repository
so that Terraform can guarantee to make the same selections by default when
you run ""terraform init"" in the future.

Terraform has been successfully initialized!

You may now begin working with Terraform. Try running ""terraform plan"" to see
any changes th

...[LOG TRUNCATED]...

.gameserver: Creation complete after 0s [id=acl-c3b578d59fbd15381]
aws_route53_zone.private: Creation complete after 17s [id=3N0RCDW2PCHKD2QS8L6OX6]

Apply complete! Resources: 26 added, 0 changed, 0 destroyed.

Outputs:

database_subnet_id = ""subnet-9e76d6685fdc0aba1""
gameserver_subnet_id = ""subnet-a8dfa083932e1e558""
internal_dns_zone_id = ""3N0RCDW2PCHKD2QS8L6OX6""
reserved_subnet_id = ""subnet-5e65c99301046e199""
sandbox_subnet_id = ""subnet-1d24739a003d9677a""
ssh_securitygroup_id = ""sg-6804d7627b0c19ffc""
vpc_id = ""vpc-61e4302b3c2c897f6""
web_subnet_id = ""subnet-8ab7e47db6f0c3323""

--- ERRORS ---",,482,2930,26,9,5,"We need a Terraform template that creates a VPC with a 10.0.0.0/16 CIDR, an internet gateway, a private Route53 zone named ""internal"", and DHCP options setting the domain name to ""internal"" and domain name servers to 10.0.0.2 and 8.8.8.8, along with five subnets: a reserved subnet (10.0.0.0/24) for NAT/appliances, a sandbox subnet (10.0.1.0/24) for builds, a web subnet (10.0.2.0/24) for frontends, a database subnet (10.0.3.0/24) that is not directly accessible from the internet (no public IPs assigned but still routed to the internet gateway), and a gameserver subnet (10.0.4.0/22) for game servers, each with its own route table pointing to the internet gateway and associated network ACLs that allow SSH, HTTP, and HTTPS on the web subnet, allow all TCP traffic on the sandbox subnet, allow TCP traffic from the web and gameserver CIDRs to the database subnet, and allow SSH plus game ports 27015 and 27020 (TCP and UDP) on the gameserver subnet, plus two security groups that allow SSH access—one from a configurable list of IP addresses (defaulting to 0.0.0.0/0) and another from anywhere for Packer builds—and output the VPC ID, all subnet IDs, the internal DNS zone ID, and the SSH security group ID.",207,"aws_internet_gateway, aws_network_acl, aws_route53_zone, aws_route_table, aws_route_table_association, aws_security_group, aws_subnet, aws_vpc, aws_vpc_dhcp_options, aws_vpc_dhcp_options_association"
terrads_253bca1f8ff4,Zenodo/TerraDS,iac_benchmark/scenarios/terrads_253bca1f8ff4,True,True,0,0,0,0,0,True,"--- INIT LOG ---
Initializing provider plugins...
- Finding hashicorp/aws versions matching "">= 4.9.0""...
- Installing hashicorp/aws v6.55.0...
- Installed hashicorp/aws v6.55.0 (signed by HashiCorp)
Terraform has created a lock file .terraform.lock.hcl to record the provider
selections it made above. Include this file in your version control repository
so that Terraform can guarantee to make the same selections by default when
you run ""terraform init"" in the future.

Terraform has been successfully initialized!

You may now begin working with Terraform. Try running ""terraform plan"" to see
any

...[LOG TRUNCATED]...

 complete after 0s [id=terraform-bc7c906fdfa3b22e9a019d8bd9]

Apply complete! Resources: 2 added, 0 changed, 0 destroyed.

Outputs:

s3_bucket_arn = ""arn:aws:s3:::terraform-bc7c906fdfa3b22e9a019d8bd9""
s3_bucket_bucket_domain_name = ""terraform-bc7c906fdfa3b22e9a019d8bd9.s3.amazonaws.com""
s3_bucket_bucket_regional_domain_name = ""terraform-bc7c906fdfa3b22e9a019d8bd9.s3.us-east-1.amazonaws.com""
s3_bucket_hosted_zone_id = ""Z3AQBSTGFYJSTF""
s3_bucket_id = ""terraform-bc7c906fdfa3b22e9a019d8bd9""
s3_bucket_region = ""us-east-1""
s3_bucket_website_domain = """"
s3_bucket_website_endpoint = """"

--- ERRORS ---",,986,7492,16,35,5,"We need a Terraform template that creates an S3 bucket named ""my-app-bucket"" in the us-east-1 region with server-side encryption using AWS KMS (default key), versioning enabled, and logging configured to a separate bucket specified as ""my-app-logs-bucket""; the bucket must have a lifecycle rule that transitions objects to Glacier after 30 days and expires after 365 days, attach bucket policies to deny non-SSL transport and require TLS version 1.2 or higher, enable public access block settings to block all public ACLs, policies, and restrict public access, set object ownership to BucketOwnerEnforced to disable ACLs, configure static website hosting with index.html as the default document and error.html as the error document, and enable CORS rules allowing GET and HEAD methods from any origin with a 3000-second max age.",208,"aws_canonical_user_id, aws_elb_service_account, aws_iam_policy_document, aws_s3_bucket, aws_s3_bucket_accelerate_configuration, aws_s3_bucket_acl, aws_s3_bucket_cors_configuration, aws_s3_bucket_intelligent_tiering_configuration, aws_s3_bucket_lifecycle_configuration, aws_s3_bucket_logging, aws_s3_bucket_object_lock_configuration, aws_s3_bucket_ownership_controls, aws_s3_bucket_policy, aws_s3_bucket_public_access_block, aws_s3_bucket_replication_configuration, aws_s3_bucket_request_payment_configuration, aws_s3_bucket_server_side_encryption_configuration, aws_s3_bucket_versioning, aws_s3_bucket_website_configuration"
terrads_265d051c70be,Zenodo/TerraDS,iac_benchmark/scenarios/terrads_265d051c70be,True,True,0,0,0,0,0,True,"--- INIT LOG ---
Initializing provider plugins...
- Finding hashicorp/aws versions matching "">= 3.0.0""...
- Installing hashicorp/aws v6.58.0...
- Installed hashicorp/aws v6.58.0 (signed by HashiCorp)
Terraform has created a lock file .terraform.lock.hcl to record the provider
selections it made above. Include this file in your version control repository
so that Terraform can guarantee to make the same selections by default when
you run ""terraform init"" in the future.

Terraform has been successfully initialized!

You may now begin working with Terraform. Try running ""terraform plan"" to see
any

...[LOG TRUNCATED]...

hanges to Outputs:
  + iam_role_arn       = (known after apply)
  + iam_role_name      = (known after apply)
  + iam_role_path      = ""/""
  + iam_role_unique_id = (known after apply)
aws_iam_role.this[0]: Creating...
aws_iam_role.this[0]: Creation complete after 0s [id=terraform-14917979b64110665688aa54e5]

Apply complete! Resources: 1 added, 0 changed, 0 destroyed.

Outputs:

iam_role_arn = ""arn:aws:iam::000000000000:role/terraform-14917979b64110665688aa54e5""
iam_role_name = ""terraform-14917979b64110665688aa54e5""
iam_role_path = ""/""
iam_role_unique_id = ""AROAQAAAAAAAB5RVEAWU5""

--- ERRORS ---","NON-JSON OUTPUT:
",999,6821,16,27,5,"We need a Terraform template that creates an IAM role for an Amazon EKS cluster's service accounts using OIDC federation, where the role's trust policy allows web identity federation for each specified OIDC provider and scopes the `sub` condition to the exact list of Kubernetes namespace/service account pairs, and the template must conditionally attach any combination of the following IAM policies to the role: a Cluster Autoscaler policy that permits describing and modifying Auto Scaling groups scoped to specific cluster IDs, an External DNS policy that allows managing Route53 resource record sets on provided hosted zone ARNs, an EBS CSI policy that grants permissions to manage EBS volumes and snapshots with optional KMS CMK support, a VPC CNI policy that includes both IPv4 and IPv6 EC2 network interface permissions, a Node Termination Handler policy that allows reading from SQS queues and completing lifecycle actions, a Karpenter Controller policy that permits launching and terminating EC2 instances tagged with the specified cluster discovery tags along with SSM parameter and IAM PassRole access, and an AWS Load Balancer Controller policy that provides full management of ELBv2 resources, security groups, and related services like ACM, WAF, and Shield, all scoped by the `elbv2.k8s.aws/cluster` tag convention.",209,"aws_iam_policy, aws_iam_policy_document, aws_iam_role, aws_iam_role_policy_attachment, aws_partition"
terrads_2cf4c191fb3a,Zenodo/TerraDS,iac_benchmark/scenarios/terrads_2cf4c191fb3a,True,True,0,0,0,0,0,True,"--- INIT LOG ---
Initializing provider plugins...
- Finding hashicorp/aws versions matching "">= 3.75.0""...
- Installing hashicorp/aws v6.58.0...
- Installed hashicorp/aws v6.58.0 (signed by HashiCorp)
Terraform has created a lock file .terraform.lock.hcl to record the provider
selections it made above. Include this file in your version control repository
so that Terraform can guarantee to make the same selections by default when
you run ""terraform init"" in the future.

Terraform has been successfully initialized!

You may now begin working with Terraform. Try running ""terraform plan"" to see
an

...[LOG TRUNCATED]...

g */
  ""tags_all"" = tomap({})
  ""timeouts"" = null /* object */
  ""versioning"" = tolist([
    {
      ""enabled"" = false
      ""mfa_delete"" = false
    },
  ])
  ""website"" = tolist([])
  ""website_domain"" = tostring(null)
  ""website_endpoint"" = tostring(null)
}
notification = []
public_access_block = {
  ""block_public_acls"" = true
  ""block_public_policy"" = true
  ""bucket"" = ""terraform-41299877f63864578c3c97a64b""
  ""id"" = ""terraform-41299877f63864578c3c97a64b""
  ""ignore_public_acls"" = true
  ""region"" = ""us-east-1""
  ""restrict_public_buckets"" = true
  ""skip_destroy"" = tobool(null)
}

--- ERRORS ---","NON-JSON OUTPUT:
",853,7240,16,18,5,"We need a Terraform template that creates a highly configurable S3 bucket for general-purpose use, with versioning enabled by default, server-side encryption using AWS KMS with bucket key enabled, and a default public access block configuration that blocks all public access. The bucket must support optional logging to a target bucket with a specified prefix, optional ownership controls defaulting to BucketOwnerEnforced, optional request payment configuration where the payer must be Requester, optional CORS rules, optional intelligent tiering configurations, optional replication configuration with a specified IAM role and rules that can include delete marker replication, destination encryption with a KMS key, access control translation, metrics, and replication time controls, optional inventory configurations with a destination bucket ARN and schedule, optional ACL or grant-based access control, optional custom bucket policy that defaults to a deny-all for non-SSL requests, optional lifecycle rules with support for abort incomplete multipart uploads, filters by prefix, tags, and object size, expiration, transitions, noncurrent version expiration and transitions, and optional notifications via Lambda functions, SNS topics, and SQS queues. The bucket name must be provided as a variable with a maximum length of 63 characters, and the template should output the bucket object, public access block configuration, and notification configuration.",210,"aws_canonical_user_id, aws_s3_bucket, aws_s3_bucket_acl, aws_s3_bucket_cors_configuration, aws_s3_bucket_intelligent_tiering_configuration, aws_s3_bucket_inventory, aws_s3_bucket_lifecycle_configuration, aws_s3_bucket_logging, aws_s3_bucket_notification, aws_s3_bucket_ownership_controls, aws_s3_bucket_policy, aws_s3_bucket_public_access_block, aws_s3_bucket_replication_configuration, aws_s3_bucket_request_payment_configuration, aws_s3_bucket_server_side_encryption_configuration, aws_s3_bucket_versioning"
terrads_2d7923019d0c,Zenodo/TerraDS,iac_benchmark/scenarios/terrads_2d7923019d0c,True,True,0,0,0,0,0,True,"--- INIT LOG ---
Initializing provider plugins...
- Finding hashicorp/aws versions matching "">= 4.9.0""...
- Installing hashicorp/aws v6.58.0...
- Installed hashicorp/aws v6.58.0 (signed by HashiCorp)
Terraform has created a lock file .terraform.lock.hcl to record the provider
selections it made above. Include this file in your version control repository
so that Terraform can guarantee to make the same selections by default when
you run ""terraform init"" in the future.

Terraform has been successfully initialized!

You may now begin working with Terraform. Try running ""terraform plan"" to see
any

...[LOG TRUNCATED]...

 complete after 0s [id=terraform-a3a7169e93ac9d07809bef32d2]

Apply complete! Resources: 2 added, 0 changed, 0 destroyed.

Outputs:

s3_bucket_arn = ""arn:aws:s3:::terraform-a3a7169e93ac9d07809bef32d2""
s3_bucket_bucket_domain_name = ""terraform-a3a7169e93ac9d07809bef32d2.s3.amazonaws.com""
s3_bucket_bucket_regional_domain_name = ""terraform-a3a7169e93ac9d07809bef32d2.s3.us-east-1.amazonaws.com""
s3_bucket_hosted_zone_id = ""Z3AQBSTGFYJSTF""
s3_bucket_id = ""terraform-a3a7169e93ac9d07809bef32d2""
s3_bucket_region = ""us-east-1""
s3_bucket_website_domain = """"
s3_bucket_website_endpoint = """"

--- ERRORS ---",,986,7492,16,35,5,"We need a Terraform template that creates an S3 bucket, with bucket creation controlled by both a boolean variable (default true) and a separate geopolitical agreement variable that must be set to true as a prerequisite, and that supports optional public access blocking gated by a flag (default true) and optional object ownership controls gated by a flag (default false), along with the ability to attach various bucket policies including one to deny insecure transport, while also supporting optional configurations for lifecycle rules, replication, server-side encryption, CORS, website hosting, logging, versioning, and object lock, all activated by providing non-empty configuration maps or lists, and with the bucket name either specified or auto-generated using a prefix.",211,"aws_canonical_user_id, aws_elb_service_account, aws_iam_policy_document, aws_s3_bucket, aws_s3_bucket_accelerate_configuration, aws_s3_bucket_acl, aws_s3_bucket_cors_configuration, aws_s3_bucket_intelligent_tiering_configuration, aws_s3_bucket_lifecycle_configuration, aws_s3_bucket_logging, aws_s3_bucket_object_lock_configuration, aws_s3_bucket_ownership_controls, aws_s3_bucket_policy, aws_s3_bucket_public_access_block, aws_s3_bucket_replication_configuration, aws_s3_bucket_request_payment_configuration, aws_s3_bucket_server_side_encryption_configuration, aws_s3_bucket_versioning, aws_s3_bucket_website_configuration"
terrads_33766381a4b4,Zenodo/TerraDS,iac_benchmark/scenarios/terrads_33766381a4b4,True,True,0,0,0,0,0,True,"--- INIT LOG ---
Initializing modules...
Downloading git::ssh://git@github.com/opsstation/terraform-aws-labels.git?ref=v1.0.0 for labels...
- labels in .terraform/modules/labels
Initializing provider plugins...
- Finding hashicorp/aws versions matching "">= 5.1.0, >= 5.32.1""...
- Installing hashicorp/aws v6.58.0...
- Installed hashicorp/aws v6.58.0 (signed by HashiCorp)
Terraform has created a lock file .terraform.lock.hcl to record the provider
selections it made above. Include this file in your version control repository
so that Terraform can guarantee to make the same selections by default w

...[LOG TRUNCATED]...

edby  = ""opsstation""
      + Repository = ""https://github.com/opsstation/terraform-aws-security_group""
    }
aws_security_group.default[0]: Creating...
aws_security_group.default[0]: Creation complete after 1s [id=sg-29158d06e1194645e]

Apply complete! Resources: 1 added, 0 changed, 0 destroyed.

Outputs:

security_group_arn = ""arn:aws:ec2:us-east-1:000000000000:security-group/sg-29158d06e1194645e""
security_group_id = ""sg-29158d06e1194645e""
security_group_tags = tomap({
  ""Managedby"" = ""opsstation""
  ""Repository"" = ""https://github.com/opsstation/terraform-aws-security_group""
})

--- ERRORS ---","NON-JSON OUTPUT:
",479,4715,18,31,5,"We need a Terraform template that creates a self-contained security group management module controlled by an overall enablement flag (default true) and a separate boolean flag to either create a new security group or reference an existing one by its supplied ID within a specified VPC, accepting distinct ingress and egress rule maps for each of four source types (CIDR blocks, self-references, other security group IDs, and prefix list IDs) for both new and existing security groups, optionally provisioning a managed prefix list with configurable address family and maximum entries, and using a consistent naming convention derived from a labels module while accepting descriptive parameters for the security group description and all rule maps.",212,"aws_ec2_managed_prefix_list, aws_security_group, aws_security_group_rule"
terrads_3460cbdc48ca,Zenodo/TerraDS,iac_benchmark/scenarios/terrads_3460cbdc48ca,True,True,0,0,0,0,0,True,"--- INIT LOG ---
Initializing provider plugins...
- Finding latest version of hashicorp/aws...
- Installing hashicorp/aws v6.58.0...
- Installed hashicorp/aws v6.58.0 (signed by HashiCorp)
Terraform has created a lock file .terraform.lock.hcl to record the provider
selections it made above. Include this file in your version control repository
so that Terraform can guarantee to make the same selections by default when
you run ""terraform init"" in the future.

Terraform has been successfully initialized!

You may now begin working with Terraform. Try running ""terraform plan"" to see
any changes th

...[LOG TRUNCATED]...

:iam::000000000000:policy/fn3-exploitableConditionConstraint]
aws_iam_role_policy_attachment.fp5-nonExploitableConditionConstraint-role-attach-policy: Creation complete after 0s [id=fp5-nonExploitableConditionConstraint-role/arn:aws:iam::000000000000:policy/fp5-nonExploitableConditionConstraint]
aws_iam_role_policy_attachment.fn3-exploitableConditionConstraint-role-attach-policy: Creation complete after 0s [id=fn3-exploitableConditionConstraint-role/arn:aws:iam::000000000000:policy/fn3-exploitableConditionConstraint]

Apply complete! Resources: 61 added, 0 changed, 0 destroyed.

--- ERRORS ---",,697,4924,61,4,5,"We need a Terraform template that creates a comprehensive set of IAM resources for testing privilege escalation detection tools, including multiple policies with specific actions like launching EC2 instances and passing IAM roles, a policy using NotAction to allow everything except certain IAM management actions, policies that combine Allow and Deny statements both within a single policy and across multiple policies, policies with date-based conditions on token issue time, and a role with a permissive trust policy allowing the root user, all attached to corresponding IAM roles and users with access keys, and the template must accept two required variables representing existing ARNs: one for a principal that can assume the roles and one for the root user used in the trust policy, and the resource constraint patterns must distinguish exploitable policies (using a wildcard account ID) from non-exploitable ones (using the AWS-managed policy prefix).",213,"aws_iam_access_key, aws_iam_policy, aws_iam_policy_document, aws_iam_role, aws_iam_role_policy_attachment, aws_iam_user, aws_iam_user_policy_attachment"
terrads_375e81039f24,Zenodo/TerraDS,iac_benchmark/scenarios/terrads_375e81039f24,True,True,0,0,0,0,0,True,"--- INIT LOG ---
Initializing provider plugins...
- Finding hashicorp/aws versions matching "">= 5.0.0""...
- Installing hashicorp/aws v6.58.0...
- Installed hashicorp/aws v6.58.0 (signed by HashiCorp)
Terraform has created a lock file .terraform.lock.hcl to record the provider
selections it made above. Include this file in your version control repository
so that Terraform can guarantee to make the same selections by default when
you run ""terraform init"" in the future.

Terraform has been successfully initialized!

You may now begin working with Terraform. Try running ""terraform plan"" to see
any

...[LOG TRUNCATED]...

missions_boundary"" = """"
  ""tags"" = tomap(null) /* of string */
  ""tags_all"" = tomap({})
  ""unique_id"" = ""AROAQAAAAAAAEV5SA3SY7""
}
admin_users = []
groups = {
  ""admins"" = {
    ""arn"" = ""arn:aws:iam::000000000000:group/admins""
    ""name"" = ""admins""
    ""unique_id"" = ""AGPAQAAAAAAAGAIRJR5ZP""
  }
  ""read-only"" = {
    ""arn"" = ""arn:aws:iam::000000000000:group/read-only""
    ""name"" = ""read-only""
    ""unique_id"" = ""AGPAQAAAAAAAFKOQKCZAS""
  }
  ""users"" = {
    ""arn"" = ""arn:aws:iam::000000000000:group/users""
    ""name"" = ""users""
    ""unique_id"" = ""AGPAQAAAAAAAJEPMMG5SN""
  }
}
users = {}

--- ERRORS ---",,523,3485,22,7,5,"We need a Terraform template that creates a comprehensive AWS IAM structure with user groups, roles, policies, and users, supporting a multi-account or multi-environment setup with a configurable prefix for resource naming, where the template must create five protected groups named ""admins"", ""users"", ""read-only"", ""billing"", and ""billing-ro"", each with appropriate managed or custom policies attached, including a default users policy that allows self-management of passwords, access keys, MFA devices, and signing certificates while denying most actions when MFA is not present, and must also create two IAM roles (admin and read-only) that can only be assumed by members of their respective groups when MFA is present, with the admin role having the AdministratorAccess policy attached and the read-only role having the ReadOnlyAccess policy attached, and the template should accept a list of user objects where each user can be assigned to any of the groups, and should also accept a configurable password policy with defaults requiring at least 14 characters, lowercase, uppercase, numbers, and symbols, with password reuse prevention of 24, and the template must use the AWS provider version 5.0 or higher and Terraform version 1.3 or higher.",214,"aws_iam_account_password_policy, aws_iam_group, aws_iam_group_policy_attachment, aws_iam_policy, aws_iam_policy_document, aws_iam_role, aws_iam_role_policy_attachment, aws_iam_user, aws_iam_user_group_membership"
terrads_39c90624ffed,Zenodo/TerraDS,iac_benchmark/scenarios/terrads_39c90624ffed,True,True,0,0,0,0,0,True,"--- INIT LOG ---
Initializing provider plugins...
- Finding latest version of hashicorp/aws...
- Installing hashicorp/aws v6.58.0...
- Installed hashicorp/aws v6.58.0 (signed by HashiCorp)
Terraform has created a lock file .terraform.lock.hcl to record the provider
selections it made above. Include this file in your version control repository
so that Terraform can guarantee to make the same selections by default when
you run ""terraform init"" in the future.

Terraform has been successfully initialized!

You may now begin working with Terraform. Try running ""terraform plan"" to see
any changes th

...[LOG TRUNCATED]...

yed.

Outputs:

waf_byte_match_set_id = """"
waf_geo_match_set_arn = """"
waf_geo_match_set_id = """"
waf_ipset_arn = """"
waf_ipset_id = """"
waf_rate_based_rule_arn = """"
waf_rate_based_rule_id = """"
waf_regex_match_set_arn = """"
waf_regex_match_set_id = """"
waf_regex_pattern_set_arn = """"
waf_regex_pattern_set_id = """"
waf_rule_arn = """"
waf_rule_group_arn = """"
waf_rule_group_id = """"
waf_rule_id = """"
waf_size_constraint_set_arn = """"
waf_size_constraint_set_id = """"
waf_sql_injection_match_set_id = """"
waf_web_acl_arn = """"
waf_web_acl_id = """"
waf_xss_match_set_arn = """"
waf_xss_match_set_id = """"

--- ERRORS ---",,849,6074,12,47,5,"We need a Terraform template that creates a comprehensive set of AWS WAF resources—including IP sets, rules, rule groups, a web ACL, rate-based rules, and various match sets (byte match, geo match, regex match, regex pattern, size constraint, SQL injection, and XSS)—where each resource is conditionally provisioned based on a corresponding boolean enable variable, and all resource names follow a consistent naming convention that defaults to a lowercase combination of a base name variable (default ""TEST"") and an environment variable (default ""STAGE""), with metric names for the rule, rule group, and web ACL being required inputs; the template should also accept a tags variable (default empty map) and apply it to the rule, rule group, web ACL, and rate-based rule resources, merging with a Name tag derived from the same naming convention; each resource must support flexible configuration of its match criteria (such as IP set descriptors, rule predicates, size constraints, SQL injection match tuples, XSS match tuples, activated rules, byte match tuples, geo match constraints, regex match tuples, regex pattern strings, and web ACL rules) through input variables that allow arbitrary attribute-based definitions, and the web ACL must additionally support an optional logging configuration that specifies a log destination and redacted fields; finally, the template should provide outputs for the ID and ARN of each resource, safely handling cases where resources are not created.",215,"aws_waf_byte_match_set, aws_waf_geo_match_set, aws_waf_ipset, aws_waf_rate_based_rule, aws_waf_regex_match_set, aws_waf_regex_pattern_set, aws_waf_rule, aws_waf_rule_group, aws_waf_size_constraint_set, aws_waf_sql_injection_match_set, aws_waf_web_acl, aws_waf_xss_match_set"
terrads_48ad8a91b6a4,Zenodo/TerraDS,iac_benchmark/scenarios/terrads_48ad8a91b6a4,True,True,0,0,0,0,0,True,"--- INIT LOG ---
Initializing provider plugins...
- Finding hashicorp/aws versions matching "">= 4.9.0""...
- Installing hashicorp/aws v6.58.0...
- Installed hashicorp/aws v6.58.0 (signed by HashiCorp)
Terraform has created a lock file .terraform.lock.hcl to record the provider
selections it made above. Include this file in your version control repository
so that Terraform can guarantee to make the same selections by default when
you run ""terraform init"" in the future.

Terraform has been successfully initialized!

You may now begin working with Terraform. Try running ""terraform plan"" to see
any

...[LOG TRUNCATED]...

 complete after 0s [id=terraform-d6f82aa9377fcb73d73ac812ba]

Apply complete! Resources: 2 added, 0 changed, 0 destroyed.

Outputs:

s3_bucket_arn = ""arn:aws:s3:::terraform-d6f82aa9377fcb73d73ac812ba""
s3_bucket_bucket_domain_name = ""terraform-d6f82aa9377fcb73d73ac812ba.s3.amazonaws.com""
s3_bucket_bucket_regional_domain_name = ""terraform-d6f82aa9377fcb73d73ac812ba.s3.us-east-1.amazonaws.com""
s3_bucket_hosted_zone_id = ""Z3AQBSTGFYJSTF""
s3_bucket_id = ""terraform-d6f82aa9377fcb73d73ac812ba""
s3_bucket_region = ""us-east-1""
s3_bucket_website_domain = """"
s3_bucket_website_endpoint = """"

--- ERRORS ---",,986,7492,16,35,5,"We need a Terraform template that creates a highly configurable S3 bucket for testing purposes, where the bucket creation is gated by a pair of boolean variables that both default to true, and the bucket name can be specified either as a fixed name or a prefix; the bucket must support optional static website hosting with index and error document configuration, optional CORS rules, optional lifecycle rules with transitions and expiration, optional server-side encryption using either AES256 or AWS KMS, optional versioning, optional logging to a target bucket, optional replication configuration with a specified IAM role and destination bucket, optional object lock with default retention mode in days or years, optional intelligent tiering with multiple tiering tiers, optional request payer configuration, optional acceleration status, optional ACL or grant-based access control, optional bucket policy that can deny non-SSL transport and require TLS 1.2 or higher, optional ELB and ALB/NLB log delivery policies, optional public access block settings, optional ownership controls with configurable object ownership, and optional force destroy for non-recoverable deletion.",216,"aws_canonical_user_id, aws_elb_service_account, aws_iam_policy_document, aws_s3_bucket, aws_s3_bucket_accelerate_configuration, aws_s3_bucket_acl, aws_s3_bucket_cors_configuration, aws_s3_bucket_intelligent_tiering_configuration, aws_s3_bucket_lifecycle_configuration, aws_s3_bucket_logging, aws_s3_bucket_object_lock_configuration, aws_s3_bucket_ownership_controls, aws_s3_bucket_policy, aws_s3_bucket_public_access_block, aws_s3_bucket_replication_configuration, aws_s3_bucket_request_payment_configuration, aws_s3_bucket_server_side_encryption_configuration, aws_s3_bucket_versioning, aws_s3_bucket_website_configuration"
terrads_6bc966772840,Zenodo/TerraDS,iac_benchmark/scenarios/terrads_6bc966772840,True,True,0,0,0,0,0,True,"--- INIT LOG ---
Initializing provider plugins...
- Finding latest version of hashicorp/aws...
- Installing hashicorp/aws v6.58.0...
- Installed hashicorp/aws v6.58.0 (signed by HashiCorp)
Terraform has created a lock file .terraform.lock.hcl to record the provider
selections it made above. Include this file in your version control repository
so that Terraform can guarantee to make the same selections by default when
you run ""terraform init"" in the future.

Terraform has been successfully initialized!

You may now begin working with Terraform. Try running ""terraform plan"" to see
any changes th

...[LOG TRUNCATED]...

oitableConditionConstraint-user/arn:aws:iam::000000000000:policy/fn3-exploitableConditionConstraint]
aws_iam_role_policy_attachment.fn4-exploitableNotAction-role-attach-policy: Creation complete after 0s [id=fn4-exploitableNotAction-role/arn:aws:iam::000000000000:policy/fn4-exploitableNotAction]
aws_iam_role_policy_attachment.fn3-exploitableConditionConstraint-role-attach-policy: Creation complete after 0s [id=fn3-exploitableConditionConstraint-role/arn:aws:iam::000000000000:policy/fn3-exploitableConditionConstraint]

Apply complete! Resources: 61 added, 0 changed, 0 destroyed.

--- ERRORS ---",,697,4924,61,4,5,"We need a Terraform template that creates a comprehensive test suite of IAM policies, roles, and users for validating how privilege escalation assessment tools handle multi-policy scenarios, resource and condition constraints, NotAction elements, and explicit DENY evaluations, with each policy, user, and role pair following a consistent naming convention using short prefixes that group exploitable and false positive test cases together, where the first test case creates a policy allowing ec2:DescribeInstances and ec2:RunInstances on all resources and a separate policy allowing iam:PassRole on all resources, then attaches both to a user and a role; the second test case creates a policy allowing iam:CreatePolicyVersion only on resources matching the pattern ""arn:aws:iam::*:policy/fn2-*"" and attaches it to a user and a role; the third test case creates a policy allowing iam:CreatePolicyVersion on all resources only when the session token issue time is after the date ""2020-01-01T00:00:01Z"" using a DateGreaterThan condition and attaches it to a user and a role; the fourth test case creates a policy that uses a NotAction element to allow all actions except iam:Update*, iam:Create*, and iam:Attach* on all resources and attaches it to a user and a role; the fifth test case creates a policy with both an Allow and a Deny statement for all IAM actions in the same policy and attaches it to a user and a role; the sixth test case creates a separate allow-all policy and a deny-all policy, then attaches both to a user and a role to test multi-policy false positive scenarios; the seventh test case creates a deny-only policy that denies all IAM actions on all resources and attaches it to a user and a role; the eighth test case creates a policy allowing iam:CreatePolicyVersion only on AWS managed policies matching the pattern ""arn:aws:iam::aws:policy/fp4-*"" and attaches it to a user and a role; the ninth test case creates a policy allowing iam:CreatePolicyVersion on all resources only when the session token issue time is before the same date ""2020-01-01T00:00:01Z"" using a DateLessThan condition and attaches it to a user and a role; additionally, create a permissive trust role that allows the AWS account root user to assume it via a variable that defaults to an empty string; finally, expose all created user access keys and accept an assume role ARN variable as a parameter, both defaulting to empty strings so the agent creates a self-contained stack that manages all dependencies internally.",217,"aws_iam_access_key, aws_iam_policy, aws_iam_policy_document, aws_iam_role, aws_iam_role_policy_attachment, aws_iam_user, aws_iam_user_policy_attachment"
terrads_6f97821a57ad,Zenodo/TerraDS,iac_benchmark/scenarios/terrads_6f97821a57ad,True,True,0,0,0,0,0,True,"--- INIT LOG ---
Initializing provider plugins...
- Finding hashicorp/aws versions matching "">= 4.47.0""...
- Installing hashicorp/aws v6.58.0...
- Installed hashicorp/aws v6.58.0 (signed by HashiCorp)
Terraform has created a lock file .terraform.lock.hcl to record the provider
selections it made above. Include this file in your version control repository
so that Terraform can guarantee to make the same selections by default when
you run ""terraform init"" in the future.

Terraform has been successfully initialized!

You may now begin working with Terraform. Try running ""terraform plan"" to see
an

...[LOG TRUNCATED]...

instance_profile_unique = ""AIPAQAAAAAAAKXBLIUMND""
irsa_arn = ""arn:aws:iam::000000000000:role/KarpenterIRSA--ea8d98a1d292feb46de394f25b""
irsa_name = ""KarpenterIRSA--ea8d98a1d292feb46de394f25b""
irsa_unique_id = ""AROAQAAAAAAAGGBGITCUJ""
queue_arn = ""arn:aws:sqs:us-east-1:000000000000:Karpenter-""
queue_name = ""Karpenter-""
queue_url = ""http://sqs.us-east-1.localhost.localstack.cloud:4566/000000000000/Karpenter-""
role_arn = ""arn:aws:iam::000000000000:role/Karpenter--bbc930e7e411e519bdbcf39f82""
role_name = ""Karpenter--bbc930e7e411e519bdbcf39f82""
role_unique_id = ""AROAQAAAAAAACUN4H5RBF""

--- ERRORS ---","NON-JSON OUTPUT:
",740,5354,12,39,5,"We need a Terraform template that creates an EKS cluster named `my-cluster` with the IP family set to `ipv4`, along with the IAM roles, policies, instance profile, SQS queue, and CloudWatch event rules required to support the Karpenter Kubernetes cluster autoscaler, all named with a prefix based on the cluster name `my-cluster`, and also provisions the necessary IAM OIDC identity provider for the cluster's OpenID Connect issuer URL to enable a fully self-contained deployment. The template must create an IAM role for the Karpenter controller's service account that allows the controller to assume the role using the created OIDC provider, with a trust policy condition set to an equals operator for the OIDC subject and audience. The role's policy must grant permission to describe and manage EC2 resources like launch templates, fleets, instances, subnets, and security groups, with termination and launch-template deletion restricted to resources tagged with the key `karpenter.sh/discovery` and a tag value of `my-cluster`. The template must set up an SQS queue named `Karpenter-my-cluster` with SSE enabled using the default SQS-managed key, and configure four CloudWatch event rules to capture AWS health events, EC2 spot instance interruption warnings, instance rebalance recommendations, and instance state-change notifications, sending all matching events to the SQS queue. Additionally, the template must create a node IAM role and instance profile with a name prefix of `Karpenter-my-cluster`, attaching the required AmazonEKSWorkerNodePolicy and AmazonEC2ContainerRegistryReadOnly managed policies, and conditionally attaching either the IPv6 or IPv4 AmazonEKS_CNI policy based on the cluster IP family which is set to `ipv4`.",218,"aws_caller_identity, aws_cloudwatch_event_rule, aws_cloudwatch_event_target, aws_iam_instance_profile, aws_iam_policy, aws_iam_policy_document, aws_iam_role, aws_iam_role_policy_attachment, aws_partition, aws_sqs_queue, aws_sqs_queue_policy"
terrads_71c036ff15e5,Zenodo/TerraDS,iac_benchmark/scenarios/terrads_71c036ff15e5,True,True,0,0,0,0,0,True,"--- INIT LOG ---
Initializing modules...
Downloading git::ssh://git@github.com/SyncArcs/terraform-aws-labels.git?ref=v1.0.0 for labels...
- labels in .terraform/modules/labels
Initializing provider plugins...
- Finding hashicorp/aws versions matching "">= 5.1.0, >= 5.32.1""...
- Installing hashicorp/aws v6.58.0...
- Installed hashicorp/aws v6.58.0 (signed by HashiCorp)
Terraform has created a lock file .terraform.lock.hcl to record the provider
selections it made above. Include this file in your version control repository
so that Terraform can guarantee to make the same selections by default whe

...[LOG TRUNCATED]...

 + Managedby  = ""SyncArcs""
      + Repository = ""https://github.com/syncarcs/terraform-aws-security_group""
    }
aws_security_group.default[0]: Creating...
aws_security_group.default[0]: Creation complete after 1s [id=sg-16dbb6984615c048e]

Apply complete! Resources: 1 added, 0 changed, 0 destroyed.

Outputs:

security_group_arn = ""arn:aws:ec2:us-east-1:000000000000:security-group/sg-16dbb6984615c048e""
security_group_id = ""sg-16dbb6984615c048e""
security_group_tags = tomap({
  ""Managedby"" = ""SyncArcs""
  ""Repository"" = ""https://github.com/syncarcs/terraform-aws-security_group""
})

--- ERRORS ---","NON-JSON OUTPUT:
",479,4718,18,31,5,"We need a Terraform template that creates a reusable security group module capable of either deploying a new security group or attaching rules to an existing security group within the same account and VPC by looking up its ID as an input parameter, with full ingress and egress rule management using four distinct rule categories including rules defined by CIDR blocks, rules using self-referencing, rules referencing another security group ID, and rules referencing prefix list IDs, all configurable via separate variable sets for both new and existing security groups, and the module must also optionally create a managed prefix list with a configurable address family, maximum entries, and a list of entry definitions describing CIDR blocks and descriptions, using a label module to automatically generate consistent tagging and naming based on provided name, environment, and managed-by values, with the VPC ID supplied as a required parameter, an enable flag controlling module creation, and a new_sg boolean to decide whether to provision a brand new security group or use the provided existing security group ID to attach rules, along with a configurable security group description, and outputs that include the security group ID, ARN, tags, and the prefix list ID when created.",219,"aws_ec2_managed_prefix_list, aws_security_group, aws_security_group_rule"
terrads_73cb6ac4fe1b,Zenodo/TerraDS,iac_benchmark/scenarios/terrads_73cb6ac4fe1b,True,True,0,0,0,0,0,True,"--- INIT LOG ---
Initializing provider plugins...
- Finding hashicorp/aws versions matching "">= 3.0.0""...
- Installing hashicorp/aws v6.58.0...
- Installed hashicorp/aws v6.58.0 (signed by HashiCorp)
Terraform has created a lock file .terraform.lock.hcl to record the provider
selections it made above. Include this file in your version control repository
so that Terraform can guarantee to make the same selections by default when
you run ""terraform init"" in the future.

Terraform has been successfully initialized!

You may now begin working with Terraform. Try running ""terraform plan"" to see
any

...[LOG TRUNCATED]...

nd you to do so if necessary.

--- APPLY LOG ---
data.aws_partition.current: Reading...
data.aws_partition.current: Read complete after 0s [id=aws]

Changes to Outputs:
  + plan_arn     = """"
  + plan_id      = """"
  + plan_role    = """"
  + plan_version = """"
  + vault_arn    = """"
  + vault_id     = """"

You can apply this plan to save these new output values to the Terraform
state, without changing any real infrastructure.

Apply complete! Resources: 0 added, 0 changed, 0 destroyed.

Outputs:

plan_arn = """"
plan_id = """"
plan_role = """"
plan_version = """"
vault_arn = """"
vault_id = """"

--- ERRORS ---",,496,3770,12,26,5,"We need a Terraform template that creates a comprehensive AWS Backup solution for our production environment, including a backup vault, a backup plan with configurable rules, resource selection, and IAM roles, where the template should support creating a backup vault with an optional KMS key ARN for encryption, and a backup plan that can be configured with a default rule using a CRON schedule, start and completion windows, lifecycle settings for moving recovery points to cold storage after 30 days and deleting them after 180 days, and optional continuous backup support, while also supporting multiple additional rules through a list of rule maps each with its own schedule, lifecycle, and optional copy actions to a destination vault, and for resource selection the template should allow specifying resources by ARN patterns, exclude certain resources, and use tag-based selection with conditions including string_equals, string_like, string_not_equals, and string_not_like operators, and the IAM role should be created automatically with the necessary AWS Backup service policies for backup, restore, and S3 operations along with a custom tag management policy unless an existing IAM role ARN is provided, and the template should also support SNS notifications for backup vault events, enable Windows VSS backup option for EC2 instances when requested, and include a master enabled flag to control deployment of all resources, with all resources tagged using a configurable tags map, and the template must output the vault ID, ARN, plan ID, ARN, version, and the IAM role name or ARN.",220,"aws_backup_plan, aws_backup_selection, aws_backup_vault, aws_backup_vault_notifications, aws_iam_policy, aws_iam_policy_document, aws_iam_role, aws_iam_role_policy_attachment, aws_partition, aws_sns_topic_policy"
terrads_77969f786de6,Zenodo/TerraDS,iac_benchmark/scenarios/terrads_77969f786de6,True,True,0,0,0,0,0,True,"--- INIT LOG ---
Initializing provider plugins...
- Finding latest version of hashicorp/tls...
- Finding latest version of hashicorp/aws...
- Finding latest version of hashicorp/random...
- Finding latest version of hashicorp/local...
- Installing hashicorp/aws v6.56.0...
- Installed hashicorp/aws v6.56.0 (signed by HashiCorp)
- Installing hashicorp/random v3.9.0...
- Installed hashicorp/random v3.9.0 (signed by HashiCorp)
- Installing hashicorp/local v2.9.0...
- Installed hashicorp/local v2.9.0 (signed by HashiCorp)
- Installing hashicorp/tls v4.3.0...
- Installed hashicorp/tls v4.3.0 (signed

...[LOG TRUNCATED]...

aws_lb.alb01: Creation complete after 1m0s [id=arn:aws:elasticloadbalancing:us-east-1:000000000000:loadbalancer/app/alb01/c618b34e8c6488a2]
aws_lb_listener.alb0_listener01: Creating...
aws_lb_listener.alb0_listener01: Creation complete after 0s [id=arn:aws:elasticloadbalancing:us-east-1:000000000000:listener/app/alb01/c618b34e8c6488a2/8aa6321fdceabc4d]

Apply complete! Resources: 40 added, 0 changed, 0 destroyed.

Outputs:

bastion_private_ip = ""10.0.1.4""
bastion_public_ip = ""54.214.50.31""
db_private_ip = ""10.0.4.6""
web_private_ip = [
  ""10.0.4.5"",
  ""10.0.4.7"",
  ""10.0.4.4"",
]

--- ERRORS ---",,505,3577,33,0,5,"We need a Terraform template that creates a multi-tier AWS environment for testing purposes, including a VPC with a /16 CIDR block, three public subnets each with an Internet Gateway route and auto-assign public IP, and three private subnets with a NAT Gateway in the first public subnet and a private route table; a bastion host (t2.micro) in the first public subnet using the latest Amazon Linux 2 AMI, with a new SSH key pair generated locally and saved as a .pem file, and user data that installs Ansible, vim, PostgreSQL 14 client, and Python 3.8; a database server (t2.micro) in the first private subnet with user data that installs and configures PostgreSQL 14 with a password ""postgres"" and listens on all interfaces, allowing SSH and PostgreSQL access only from the bastion security group; three web servers (t2.micro) in the first private subnet using for_each with names ""webserver01"", ""webserver02"", ""webserver03"", each running Nginx via user data and serving a simple HTML page; an internet-facing Application Load Balancer named ""alb01"" in the three public subnets with a target group on port 80 forwarding to the web servers, and access logs enabled to a uniquely named S3 bucket with appropriate bucket policy allowing the ELB service account and delivery logs service to write; security groups for the bastion (SSH from anywhere), database (SSH and PostgreSQL from bastion only), web (SSH from bastion, HTTP from VPC CIDR), and ALB (HTTP from anywhere, egress to web security group on port 80); and outputs for the bastion public and private IPs, the database private IP, and the web server private IPs.",221,"aws_ami, aws_caller_identity, aws_default_vpc, aws_eip, aws_elb_service_account, aws_iam_policy_document, aws_instance, aws_internet_gateway, aws_key_pair, aws_lb, aws_lb_listener, aws_lb_target_group, aws_lb_target_group_attachment, aws_nat_gateway, aws_route_table, aws_route_table_association, aws_s3_bucket, aws_s3_bucket_policy, aws_security_group, aws_subnet, aws_vpc"
terrads_7ed20d06a531,Zenodo/TerraDS,iac_benchmark/scenarios/terrads_7ed20d06a531,True,True,0,0,0,0,0,True,"--- INIT LOG ---
Initializing provider plugins...
- Finding latest version of hashicorp/aws...
- Installing hashicorp/aws v6.58.0...
- Installed hashicorp/aws v6.58.0 (signed by HashiCorp)
Terraform has created a lock file .terraform.lock.hcl to record the provider
selections it made above. Include this file in your version control repository
so that Terraform can guarantee to make the same selections by default when
you run ""terraform init"" in the future.

Terraform has been successfully initialized!

You may now begin working with Terraform. Try running ""terraform plan"" to see
any changes th

...[LOG TRUNCATED]...

: Creation complete after 0s [id=s3replication]

Warning: Argument is deprecated

  with aws_s3_bucket.replica1,
  on destination_replica1.tf line 13, in resource ""aws_s3_bucket"" ""replica1"":
  13: resource ""aws_s3_bucket"" ""replica1"" {

versioning is deprecated. Use the aws_s3_bucket_versioning resource instead.

(and 71 more similar warnings elsewhere)

Apply complete! Resources: 23 added, 0 changed, 0 destroyed.

Outputs:

varname = tomap({
  ""source1"" = tolist([
    ""log1a.veerum"",
    ""log1b.veerum"",
  ])
  ""source2"" = tolist([
    ""log2a.veerum"",
    ""log2b.veerum"",
  ])
})

--- ERRORS ---",,437,2671,15,4,5,"We need a Terraform template that creates a multi-region S3 replication setup for testing purposes, with two source buckets in us-east-1 and two in a second source region, each with versioning enabled and server-side encryption using a dedicated KMS key per source region, and replicates every object to two destination regions where the replica buckets are named by appending a suffix to the source bucket name, also encrypted with their own KMS keys, and the replication configuration must use an IAM role with the necessary permissions to read from both source buckets and write to both replica buckets, with the environment tag set to ""dev"" by default.",222,"aws_iam_policy, aws_iam_policy_attachment, aws_iam_role, aws_kms_alias, aws_kms_key, aws_s3_bucket"
terrads_82192fbc1740,Zenodo/TerraDS,iac_benchmark/scenarios/terrads_82192fbc1740,True,True,0,0,0,0,0,True,"--- INIT LOG ---
Initializing provider plugins...
- Finding hashicorp/aws versions matching "">= 5.0.0""...
- Installing hashicorp/aws v6.58.0...
- Installed hashicorp/aws v6.58.0 (signed by HashiCorp)
Terraform has created a lock file .terraform.lock.hcl to record the provider
selections it made above. Include this file in your version control repository
so that Terraform can guarantee to make the same selections by default when
you run ""terraform init"" in the future.

Terraform has been successfully initialized!

You may now begin working with Terraform. Try running ""terraform plan"" to see
any

...[LOG TRUNCATED]...

rn:aws:elasticfilesystem:us-east-1:000000000000:file-system/fs-b457a1f7"",
]
efs_file_system_id = [
  ""fs-b457a1f7"",
]
efs_mount_target_dns_names = []
efs_mount_target_ids = []
efs_security_group_id = ""sg-d2aafb8ce1c6e40f7""
iam_role_arn = ""arn:aws:iam::000000000000:role/-role""
sftp_security_group_id = ""sg-ac8fb3cdc88d00e4c""
sftp_server_arn = ""arn:aws:transfer:us-east-1:000000000000:server/s-feedbadaaaeeb4510""
sftp_server_endpoint = ""s-feedbadaaaeeb4510.server.transfer.us-east-1.amazonaws.com""
sftp_server_id = ""s-feedbadaaaeeb4510""
sftp_user_usernames = []
user_access_points = {}

--- ERRORS ---",,653,4723,17,32,5,"We need a Terraform template that creates a self-contained AWS Transfer Family SFTP server integrated with an encrypted EFS file system for managed file access by external customers in us-east-1. The template must provision a new VPC with public subnets, internet routing, and Elastic IPs to expose the SFTP server publicly. The EFS file system must include mount targets in each subnet and access points mapped to user home directories. The SFTP server should use service-managed identity with EFS integration and PATH-based home directories, accepting a map of users (each with a numeric UID/GID, SSH public key, and home directory). The template must also provision all necessary IAM roles, including a dedicated role granting EFS permissions to the SFTP users and an optional role for CloudWatch logging, as well as dedicated security groups for both the EFS mount targets and the SFTP server endpoints.",223,"aws_caller_identity, aws_efs_access_point, aws_efs_file_system, aws_efs_mount_target, aws_eip, aws_iam_policy, aws_iam_policy_document, aws_iam_role, aws_iam_role_policy_attachment, aws_security_group, aws_security_group_rule, aws_transfer_server, aws_transfer_ssh_key, aws_transfer_user"
terrads_83b303c27ebb,Zenodo/TerraDS,iac_benchmark/scenarios/terrads_83b303c27ebb,True,True,0,0,0,0,0,True,"--- INIT LOG ---
Initializing modules...
Downloading registry.terraform.io/clouddrove/labels/aws 0.15.0 for labels...
- labels in .terraform/modules/labels
Initializing provider plugins...
- Finding hashicorp/aws versions matching "">= 3.1.15, >= 3.28.0""...
- Installing hashicorp/aws v6.58.0...
- Installed hashicorp/aws v6.58.0 (signed by HashiCorp)
Terraform has created a lock file .terraform.lock.hcl to record the provider
selections it made above. Include this file in your version control repository
so that Terraform can guarantee to make the same selections by default when
you run ""terrafor

...[LOG TRUNCATED]...

on complete after 1s [id=terraform-47fe741db3aaa694b2e903b368]
aws_s3_bucket_versioning.example[0]: Creating...
aws_s3_bucket_versioning.example[0]: Creation complete after 1s [id=terraform-47fe741db3aaa694b2e903b368]

Apply complete! Resources: 2 added, 0 changed, 0 destroyed.

Outputs:

arn = ""arn:aws:s3:::terraform-47fe741db3aaa694b2e903b368""
bucket_domain_name = ""terraform-47fe741db3aaa694b2e903b368.s3.amazonaws.com""
id = ""terraform-47fe741db3aaa694b2e903b368""
tags = {
  ""Managedby"" = ""hello@clouddrove.com""
  ""Repository"" = ""https://github.com/clouddrove/terraform-aws-s3""
}

--- ERRORS ---",,677,4518,12,49,5,"We need a Terraform template that creates an S3 bucket for hosting a static website, supporting a consistent naming and tagging convention, with optional configurations for versioning, server-side encryption, bucket policies, website hosting (serving index.html as the index document, error.html as the error document, and redirecting requests under the ""docs/"" prefix to ""documents/""), object lock with a retention mode and duration, and lifecycle rules capable of transitioning objects to storage classes, expiring current and noncurrent versions, and aborting incomplete multipart uploads—along with optional features like data transfer acceleration, requester-pays mode, access logging to a specified target bucket, CORS rules, and ACL configuration using a canned ACL or a list of grants, while outputting the bucket ID, ARN, domain name, and tags.",224,"aws_s3_bucket, aws_s3_bucket_accelerate_configuration, aws_s3_bucket_acl, aws_s3_bucket_cors_configuration, aws_s3_bucket_lifecycle_configuration, aws_s3_bucket_logging, aws_s3_bucket_object_lock_configuration, aws_s3_bucket_policy, aws_s3_bucket_request_payment_configuration, aws_s3_bucket_server_side_encryption_configuration, aws_s3_bucket_versioning, aws_s3_bucket_website_configuration"
terrads_84f64c0c2376,Zenodo/TerraDS,iac_benchmark/scenarios/terrads_84f64c0c2376,True,True,0,0,0,0,0,True,"--- INIT LOG ---
Initializing provider plugins...
- Finding latest version of hashicorp/aws...
- Installing hashicorp/aws v6.55.0...
- Installed hashicorp/aws v6.55.0 (signed by HashiCorp)
Terraform has created a lock file .terraform.lock.hcl to record the provider
selections it made above. Include this file in your version control repository
so that Terraform can guarantee to make the same selections by default when
you run ""terraform init"" in the future.

Terraform has been successfully initialized!

You may now begin working with Terraform. Try running ""terraform plan"" to see
any changes th

...[LOG TRUNCATED]...

arn = """"
ses_domain_identity_id = """"
ses_domain_identity_verification_arn = """"
ses_domain_identity_verification_id = """"
ses_domain_identity_verification_token = """"
ses_domain_mail_from_id = """"
ses_email_identity_arn = """"
ses_email_identity_id = """"
ses_event_destination_arn = """"
ses_event_destination_id = """"
ses_identity_notification_topic_id = """"
ses_identity_policy_id = """"
ses_receipt_filter_arn = """"
ses_receipt_filter_id = """"
ses_receipt_rule_arn = """"
ses_receipt_rule_id = """"
ses_receipt_rule_set_arn = """"
ses_receipt_rule_set_id = """"
ses_template_arn = """"
ses_template_id = """"

--- ERRORS ---",,924,6666,14,62,5,"We need a Terraform template that creates a comprehensive suite of AWS SES resources for email sending, including templates, receipt rule sets, receipt rules, receipt filters, active receipt rule sets, configuration sets, domain identities (accepting a list of domains), email identities (accepting a list of emails), identity policies, identity notification topics, domain mail-from settings, domain identity verification, domain DKIM, and event destinations, where each resource is controlled by an enable flag that defaults to false, and all resources use a default naming pattern that applies lowercase conversion to the provided name prefix (default 'TEST') and environment (default 'STAGE'), and the template outputs the ARNs and IDs of all created resources.",225,"aws_ses_active_receipt_rule_set, aws_ses_configuration_set, aws_ses_domain_dkim, aws_ses_domain_identity, aws_ses_domain_identity_verification, aws_ses_domain_mail_from, aws_ses_email_identity, aws_ses_event_destination, aws_ses_identity_notification_topic, aws_ses_identity_policy, aws_ses_receipt_filter, aws_ses_receipt_rule, aws_ses_receipt_rule_set, aws_ses_template"
terrads_8ac6bda76d9a,Zenodo/TerraDS,iac_benchmark/scenarios/terrads_8ac6bda76d9a,True,True,0,0,0,0,0,True,"--- INIT LOG ---
Initializing modules...
Downloading git::ssh://git@github.com/yadavprakash/terraform-aws-labels.git?ref=v1.0.0 for labels...
- labels in .terraform/modules/labels
Initializing provider plugins...
- Finding hashicorp/aws versions matching "">= 5.1.0, >= 5.32.1""...
- Installing hashicorp/aws v6.58.0...
- Installed hashicorp/aws v6.58.0 (signed by HashiCorp)
Terraform has created a lock file .terraform.lock.hcl to record the provider
selections it made above. Include this file in your version control repository
so that Terraform can guarantee to make the same selections by default

...[LOG TRUNCATED]...

""yadavprakash""
      + Repository = ""https://github.com/yadavprakash/terraform-aws-security_group""
    }
aws_security_group.default[0]: Creating...
aws_security_group.default[0]: Creation complete after 0s [id=sg-80c52778e379465e3]

Apply complete! Resources: 1 added, 0 changed, 0 destroyed.

Outputs:

security_group_arn = ""arn:aws:ec2:us-east-1:000000000000:security-group/sg-80c52778e379465e3""
security_group_id = ""sg-80c52778e379465e3""
security_group_tags = tomap({
  ""Managedby"" = ""yadavprakash""
  ""Repository"" = ""https://github.com/yadavprakash/terraform-aws-security_group""
})

--- ERRORS ---","NON-JSON OUTPUT:
",480,4722,18,31,5,"We need a Terraform template that creates a reusable security group module capable of either deploying a new security group or referencing an existing one by its ID to attach rules, with full support for managing both ingress and egress traffic rules that can be defined using IP address ranges, self-references, other security group IDs, or prefix lists, and optionally creating a new managed prefix list with dynamic entries, all while leveraging a labels module for consistent naming and tagging, and requiring only the VPC ID and basic naming parameters like name and environment as essential inputs.",226,"aws_ec2_managed_prefix_list, aws_security_group, aws_security_group_rule"
terrads_8c3d60955e7f,Zenodo/TerraDS,iac_benchmark/scenarios/terrads_8c3d60955e7f,True,True,0,0,0,0,0,True,"--- INIT LOG ---
Initializing modules...
Downloading registry.terraform.io/rhythmictech/config/aws 1.2.3 for ap_northeast_1...
- ap_northeast_1 in .terraform/modules/ap_northeast_1
Downloading registry.terraform.io/rhythmictech/config/aws 1.2.3 for ap_northeast_2...
- ap_northeast_2 in .terraform/modules/ap_northeast_2
Downloading registry.terraform.io/rhythmictech/config/aws 1.2.3 for ap_northeast_3...
- ap_northeast_3 in .terraform/modules/ap_northeast_3
Downloading registry.terraform.io/rhythmictech/config/aws 1.2.3 for ap_south_1...
- ap_south_1 in .terraform/modules/ap_south_1
Downloading

...[LOG TRUNCATED]...

.name

The attribute ""name"" is deprecated. Refer to the provider documentation for
details.

(and 50 more similar warnings elsewhere)

Warning: Argument is deprecated

  with module.ap_northeast_1.aws_s3_bucket.this,
  on .terraform/modules/ap_northeast_1/main.tf line 23, in resource ""aws_s3_bucket"" ""this"":
  23: resource ""aws_s3_bucket"" ""this"" {

server_side_encryption_configuration is deprecated. Use the
aws_s3_bucket_server_side_encryption_configuration resource instead.

(and 152 more similar warnings elsewhere)

Apply complete! Resources: 188 added, 0 changed, 0 destroyed.

--- ERRORS ---","NON-JSON OUTPUT:
",887,7109,35,9,5,"We need a Terraform template that creates a multi-region AWS Config setup using the rhythmictech/config/aws module version 1.2.3, conditionally deploying the module in each region based on a list variable of enabled regions, and also creating per-region SNS topics (each encrypted with the AWS managed KMS key alias/aws/sns) that are all subscribed to a single central SQS queue (encrypted with the AWS managed KMS key alias/aws/sqs) to aggregate Config notifications, with the ability to specify which regions should enable global logging, the S3 bucket suffix, delivery channel name, recorder name, snapshot delivery frequency, optional logging bucket and prefix, and common tags.",227,"aws_sns_topic, aws_sns_topic_subscription, aws_sqs_queue"
terrads_9018d22f359d,Zenodo/TerraDS,iac_benchmark/scenarios/terrads_9018d22f359d,True,True,0,0,0,0,0,True,"--- INIT LOG ---
Initializing provider plugins...
- Finding latest version of hashicorp/aws...
- Installing hashicorp/aws v6.58.0...
- Installed hashicorp/aws v6.58.0 (signed by HashiCorp)
Terraform has created a lock file .terraform.lock.hcl to record the provider
selections it made above. Include this file in your version control repository
so that Terraform can guarantee to make the same selections by default when
you run ""terraform init"" in the future.

Terraform has been successfully initialized!

You may now begin working with Terraform. Try running ""terraform plan"" to see
any changes th

...[LOG TRUNCATED]...


  ""include_global_service_events"" = false
  ""insight_selector"" = toset([])
  ""is_multi_region_trail"" = true
  ""is_organization_trail"" = false
  ""kms_key_id"" = ""arn:aws:kms:us-east-1:000000000000:key/fdc5fc27-df1c-4fef-b430-f9017f27cc1f""
  ""name"" = ""tf-trail-account""
  ""region"" = ""us-east-1""
  ""s3_bucket_name"" = ""trails-000000000000""
  ""s3_key_prefix"" = ""prefix""
  ""sns_topic_arn"" = ""arn:aws:sns:us-east-1:000000000000:cloudtrail6859e53068c6309eb79bfe96f7""
  ""sns_topic_name"" = ""cloudtrail6859e53068c6309eb79bfe96f7""
  ""tags"" = tomap(null) /* of string */
  ""tags_all"" = tomap({})
}

--- ERRORS ---",,552,3514,16,8,5,"We need a Terraform template that creates a comprehensive AWS CloudTrail setup for an individual account, including encrypted log delivery to an S3 bucket with server-side encryption using a dedicated KMS key, required IAM roles and policies for CloudTrail to write logs to both S3 and CloudWatch Logs, an encrypted CloudWatch Log Group with a 90-day retention period, and an SNS topic for notifications, all encrypted with the same KMS key; the template must also create a Glue catalog database and an external table partitioned for CloudTrail logs to enable querying via Athena, with the table name incorporating the account ID and a key prefix, and the S3 bucket should be versioned, have public access blocked, enforce KMS encryption, have a lifecycle policy that expires objects after 30 days and noncurrent versions after 31 days, and a bucket policy that restricts CloudTrail writes to the correct account prefix path; the KMS key policy must enable key rotation and grant access to CloudTrail, CloudWatch Logs, and account principals for encryption and decryption, while the trail should include global service events set to false, be multi-region, not be an organization trail, have log file validation enabled, and use configurable names for the trail, key prefix, and log group.",228,"aws_caller_identity, aws_cloudtrail, aws_cloudtrail_service_account, aws_cloudwatch_log_group, aws_glue_catalog_database, aws_glue_catalog_table, aws_iam_role, aws_iam_role_policy, aws_kms_alias, aws_kms_key, aws_region, aws_s3_bucket, aws_s3_bucket_acl, aws_s3_bucket_lifecycle_configuration, aws_s3_bucket_policy, aws_s3_bucket_public_access_block, aws_s3_bucket_server_side_encryption_configuration, aws_s3_bucket_versioning, aws_sns_topic"
terrads_916c37ccf307,Zenodo/TerraDS,iac_benchmark/scenarios/terrads_916c37ccf307,True,True,0,0,0,0,0,True,"--- INIT LOG ---
Initializing provider plugins...
- Finding latest version of hashicorp/aws...
- Installing hashicorp/aws v6.55.0...
- Installed hashicorp/aws v6.55.0 (signed by HashiCorp)
Terraform has created a lock file .terraform.lock.hcl to record the provider
selections it made above. Include this file in your version control repository
so that Terraform can guarantee to make the same selections by default when
you run ""terraform init"" in the future.

Terraform has been successfully initialized!

You may now begin working with Terraform. Try running ""terraform plan"" to see
any changes th

...[LOG TRUNCATED]...

ds = {
  ""allow_all"" = ""sg-7996d8de479f43084""
  ""bastion"" = ""sg-af0e399d84cf8d20a""
  ""ha"" = ""sg-729e2f0a759fcfef7""
  ""mgmt"" = ""sg-8f600e693760a1b7c""
  ""private"" = ""sg-c84ec7802bac1f1f8""
  ""public"" = ""sg-6140b8b4d4aef30ea""
}
subnet_az1_cidrs = {
  ""bastion"" = ""172.30.1.64/26""
  ""mgmt"" = ""172.30.0.0/26""
  ""private"" = ""172.30.0.128/26""
  ""public"" = ""172.30.0.64/26""
}
subnet_az1_ids = {
  ""bastion"" = ""subnet-46f20c77e821c2d91""
  ""mgmt"" = ""subnet-76c5dacebe49bf886""
  ""private"" = ""subnet-a746e1bd14004e4ed""
  ""public"" = ""subnet-5106a2b90f8c45e04""
}
vpc-sec_id = ""vpc-b1231047c49d9862a""

--- ERRORS ---",,473,3766,19,10,5,"We need a Terraform template that creates a security VPC in a specified region and availability zone with a configurable CIDR block, subdivided into subnets for management, public, private, GWLB, and bastion purposes, along with public and private network interfaces for a FortiGate appliance (each assigned the 10th host IP of their respective subnets and with source/destination check disabled), security groups that allow management access (SSH and HTTPS on a configurable admin port) and ICMP from a configurable admin CIDR, permit all traffic for HA between the management subnet, allow all traffic from any source in the private and public security groups, provide an allow-all group, and restrict bastion traffic to TCP/UDP from the admin CIDR and standard RFC1918 ranges plus ICMP from anywhere, route tables that send the default route to the internet gateway for the public subnet and for the bastion subnet additionally route the RFC1918 blocks through the private network interface, and finally outputs for the VPC ID, subnet IDs and CIDRs, network interface IDs and IPs, and security group IDs.",229,"aws_internet_gateway, aws_network_interface, aws_route_table, aws_route_table_association, aws_security_group, aws_subnet, aws_vpc"
terrads_967b5442ed58,Zenodo/TerraDS,iac_benchmark/scenarios/terrads_967b5442ed58,True,True,0,0,0,0,0,True,"--- INIT LOG ---
Initializing provider plugins...
- Finding latest version of hashicorp/aws...
- Installing hashicorp/aws v6.58.0...
- Installed hashicorp/aws v6.58.0 (signed by HashiCorp)
Terraform has created a lock file .terraform.lock.hcl to record the provider
selections it made above. Include this file in your version control repository
so that Terraform can guarantee to make the same selections by default when
you run ""terraform init"" in the future.

Terraform has been successfully initialized!

You may now begin working with Terraform. Try running ""terraform plan"" to see
any changes th

...[LOG TRUNCATED]...

local_gateway_id"" = """"
      ""nat_gateway_id"" = """"
      ""network_interface_id"" = """"
      ""odb_network_arn"" = """"
      ""transit_gateway_id"" = """"
      ""vpc_endpoint_id"" = """"
      ""vpc_peering_connection_id"" = """"
    },
  ])
  ""tags"" = tomap({
    ""Name"" = ""-public-rt""
  })
  ""tags_all"" = tomap({
    ""Name"" = ""-public-rt""
  })
  ""timeouts"" = null /* object */
  ""vpc_id"" = ""vpc-c87c9530e94d8fbf6""
}
public_subnet_az1_id = ""subnet-0ea3048f5fa48bb15""
public_subnet_az2_id = ""subnet-8007f5a5768f9f2d1""
public_subnet_az3_id = ""subnet-feddb2ba75ae130fb""
vpc_id = ""vpc-c87c9530e94d8fbf6""

--- ERRORS ---",,617,4275,31,16,5,"We need a Terraform template that creates a highly available, multi-tier network infrastructure across three Availability Zones using a VPC with a CIDR block of 10.0.0.0/16, deploying one public subnet per AZ for resources that need direct internet access, three private application subnets (one per AZ) for internal workloads with outbound internet access through dedicated NAT Gateways, and three private database subnets (one per AZ) for data tiers that should have no external connectivity; the public subnets should auto-assign public IPs and be associated with a single public route table that directs 0.0.0.0/0 traffic to an Internet Gateway, while each private application subnet must have its own route table with a 0.0.0.0/0 route pointing to a NAT Gateway in the corresponding AZ, and the database subnets must be isolated with a route table containing only a local route for the VPC CIDR.",230,"aws_availability_zones, aws_eip, aws_internet_gateway, aws_nat_gateway, aws_route_table, aws_route_table_association, aws_subnet, aws_vpc"
terrads_9eab77581581,Zenodo/TerraDS,iac_benchmark/scenarios/terrads_9eab77581581,True,True,0,0,0,0,0,True,"--- INIT LOG ---
Initializing provider plugins...
- Finding latest version of hashicorp/aws...
- Installing hashicorp/aws v6.58.0...
- Installed hashicorp/aws v6.58.0 (signed by HashiCorp)
Terraform has created a lock file .terraform.lock.hcl to record the provider
selections it made above. Include this file in your version control repository
so that Terraform can guarantee to make the same selections by default when
you run ""terraform init"" in the future.

Terraform has been successfully initialized!

You may now begin working with Terraform. Try running ""terraform plan"" to see
any changes th

...[LOG TRUNCATED]...

te after 0s [id=rtbassoc-5ebd6ab09ef8f4035]

Apply complete! Resources: 17 added, 0 changed, 0 destroyed.

Outputs:

alb_sg_id = ""sg-6924ca63b221678fb""
asg_sg_id = ""sg-c57b4e5f154ba1138""
db_sg_id = ""sg-e84157be04ef07d43""
internet_gateway_id = ""igw-a07d57c8aa107b244""
private_routetable_id = ""rtb-9f8f6730fdb1582d1""
private_subnet1_id = ""subnet-49da7bdf16c3b95e4""
private_subnet2_id = ""subnet-0512019a4c575d615""
public_routetable_id = ""rtb-eba93fef6c342f127""
public_subnet1_id = ""subnet-35f91733635634fe1""
public_subnet2_id = ""subnet-d4c7c7c1e21319802""
vpc_id = ""vpc-252bb5420493064bc""

--- ERRORS ---",,453,3079,17,25,5,"We need a Terraform template that creates a two-tier VPC architecture for hosting a web application, consisting of a VPC with a 10.0.0.0/16 CIDR, two public subnets (10.0.1.0/24 and 10.0.2.0/24) with auto-assign public IP enabled, two private subnets (10.0.3.0/24 and 10.0.4.0/24), each pair placed in separate availability zones, an Internet Gateway, an Elastic IP for a NAT Gateway placed in the first public subnet, a public route table routing 0.0.0.0/0 to the Internet Gateway, a private route table routing 0.0.0.0/0 to the NAT Gateway, and associated route table associations for all subnets, along with three security groups: one for an Application Load Balancer allowing inbound HTTP from anywhere, one for an Auto Scaling Group allowing inbound HTTP from the ALB SG and SSH from anywhere, and one for an RDS database allowing inbound MySQL and SSH from the ASG SG, all with appropriate outbound rules, and the template should output the VPC ID, all subnet IDs, the Internet Gateway ID, both route table IDs, and all three security group IDs.",231,"aws_eip, aws_internet_gateway, aws_nat_gateway, aws_route_table, aws_route_table_association, aws_security_group, aws_subnet, aws_vpc"
terrads_a78e858914da,Zenodo/TerraDS,iac_benchmark/scenarios/terrads_a78e858914da,True,True,0,0,0,0,0,True,"--- INIT LOG ---
Initializing provider plugins...
- Finding hashicorp/aws versions matching "">= 5.0.0""...
- Installing hashicorp/aws v6.58.0...
- Installed hashicorp/aws v6.58.0 (signed by HashiCorp)
Terraform has created a lock file .terraform.lock.hcl to record the provider
selections it made above. Include this file in your version control repository
so that Terraform can guarantee to make the same selections by default when
you run ""terraform init"" in the future.

Terraform has been successfully initialized!

You may now begin working with Terraform. Try running ""terraform plan"" to see
any

...[LOG TRUNCATED]...


  + vpc_cidr_block             = ""10.0.0.0/16""
  + vpc_id                     = (known after apply)
aws_vpc.this[0]: Creating...
aws_vpc.this[0]: Creation complete after 0s [id=vpc-a277e9df0519e7541]

Apply complete! Resources: 1 added, 0 changed, 0 destroyed.

Outputs:

azs = tolist([])
intra_subnet_cidr_blocks = tolist([])
intra_subnet_ids = []
name = """"
nat_public_ips = []
natgw_ids = []
private_subnet_cidr_blocks = tolist([])
private_subnet_ids = []
public_subnet_cidr_blocks = tolist([])
public_subnet_ids = []
vpc_cidr_block = ""10.0.0.0/16""
vpc_id = ""vpc-a277e9df0519e7541""

--- ERRORS ---","NON-JSON OUTPUT:
",537,3355,15,25,5,"We need a Terraform template that creates a VPC with a configurable CIDR block and specified name, along with three distinct tiers of subnets—public subnets with provided CIDR blocks, private subnets with provided CIDR blocks, and intra subnets with provided CIDR blocks—each distributed across given availability zones, and the template must explicitly create an internet gateway for the public subnets with a default route to 0.0.0.0/0, and must also provision NAT gateways (one per private subnet that has a corresponding public subnet in the same availability zone) with associated Elastic IPs and the necessary default routes to 0.0.0.0/0 for outbound connectivity from the private subnets, with all resources tagged appropriately using the VPC name.",232,"aws_eip, aws_internet_gateway, aws_nat_gateway, aws_route, aws_route_table, aws_route_table_association, aws_subnet, aws_vpc"
terrads_aacf53e04510,Zenodo/TerraDS,iac_benchmark/scenarios/terrads_aacf53e04510,True,True,0,0,0,0,0,True,"NON-JSON OUTPUT:
","--- INIT LOG ---
Initializing provider plugins...
- Finding latest version of hashicorp/aws...
- Finding latest version of hashicorp/random...
- Installing hashicorp/aws v6.52.0...
- Installed hashicorp/aws v6.52.0 (signed by HashiCorp)
- Installing hashicorp/random v3.9.0...
- Installed hashicorp/random v3.9.0 (signed by HashiCorp)
Terraform has created a lock file .terraform.lock.hcl to record the provider
selections it made above. Include this file in your version control repository
so that Terraform can guarantee to make the same selections by default when
you run ""terraform init"" in the f

...[LOG TRUNCATED]...

ed]
aws_s3_bucket_lifecycle_configuration.state_bucket_lifecycle: Still creating... [00m50s elapsed]
aws_s3_bucket_lifecycle_configuration.state_logging_bucket_lifecycle: Still creating... [00m50s elapsed]
aws_s3_bucket_lifecycle_configuration.state_bucket_lifecycle: Creation complete after 56s [id=suitable-bulldog-tf-backend]
aws_s3_bucket_lifecycle_configuration.state_logging_bucket_lifecycle: Creation complete after 55s [id=suitable-bulldog-tf-backend-logging]

Apply complete! Resources: 17 added, 0 changed, 0 destroyed.

Outputs:

bucket_name = ""suitable-bulldog-tf-backend""

--- ERRORS ---",411,2585,16,13,5,"We need a Terraform template that creates a secure, production-ready remote state backend in us-east-1 using a custom AWS CLI profile. The template must provision an S3 bucket to store Terraform state files, a second separate S3 bucket to capture server access logs for the state bucket, and a DynamoDB table for state locking. The state bucket must deny any requests that do not use TLS/SSL, enforce server-side encryption using a customer-managed KMS key with automatic key rotation and a 10-day deletion window, enable versioning, block all public access, and abort incomplete multipart uploads after one day. Noncurrent object versions should transition to GLACIER storage after 30 days, with no automatic expiration set for them. The logging bucket must also use the same KMS key for encryption, block public access, and have noncurrent object versions transition to GLACIER after 90 days, also with no automatic expiration configured. The DynamoDB locking table should be named 'tf_state_lock', use on-demand billing, be encrypted with the same KMS key, and have point-in-time recovery enabled. The primary S3 bucket name should be generated using a random pet prefix combined with the suffix 'tf-backend', unless a fully custom bucket name is explicitly provided instead. Output the final generated bucket name. All resources must be tagged with a provided map of tags.",233,"aws_caller_identity, aws_dynamodb_table, aws_iam_policy_document, aws_kms_alias, aws_kms_key, aws_s3_bucket, aws_s3_bucket_lifecycle_configuration, aws_s3_bucket_logging, aws_s3_bucket_ownership_controls, aws_s3_bucket_policy, aws_s3_bucket_public_access_block, aws_s3_bucket_server_side_encryption_configuration, aws_s3_bucket_versioning"
terrads_b17fbb76ac06,Zenodo/TerraDS,iac_benchmark/scenarios/terrads_b17fbb76ac06,True,True,0,0,0,0,0,True,"--- INIT LOG ---
Initializing provider plugins...
- Finding hashicorp/aws versions matching "">= 4.9.0""...
- Installing hashicorp/aws v6.58.0...
- Installed hashicorp/aws v6.58.0 (signed by HashiCorp)
Terraform has created a lock file .terraform.lock.hcl to record the provider
selections it made above. Include this file in your version control repository
so that Terraform can guarantee to make the same selections by default when
you run ""terraform init"" in the future.

Terraform has been successfully initialized!

You may now begin working with Terraform. Try running ""terraform plan"" to see
any

...[LOG TRUNCATED]...

ucket_server_side_encryption_configuration.default: Creation complete after 0s [id=terraform-ebb5faf92ac4958fbc9df4a390]
aws_s3_bucket_policy.default: Creating...
aws_s3_bucket_policy.default: Creation complete after 0s [id=terraform-ebb5faf92ac4958fbc9df4a390]
aws_s3_bucket_versioning.default: Creation complete after 1s [id=terraform-ebb5faf92ac4958fbc9df4a390]

Apply complete! Resources: 6 added, 0 changed, 0 destroyed.

Outputs:

arn = ""arn:aws:s3:::terraform-ebb5faf92ac4958fbc9df4a390""
id = ""terraform-ebb5faf92ac4958fbc9df4a390""
name = ""terraform-ebb5faf92ac4958fbc9df4a390""

--- ERRORS ---","NON-JSON OUTPUT:
",564,3726,14,23,5,"We need a Terraform template that creates a secure, fully-featured S3 bucket module that enforces encryption at rest by default using AES256 or a provided KMS key, denies all requests made over insecure transport, and blocks all public access by default, while supporting optional CORS rules, lifecycle management rules as a list of maps, inventory reporting to a separate account, object lock configuration with a specified retention mode and period, replication to a destination bucket with versioning enabled and optional replica KMS key encryption and source selection criteria, server access logging to a designated target bucket, event notifications to Amazon EventBridge, and a custom bucket policy when provided.",234,"aws_iam_policy_document, aws_s3_bucket, aws_s3_bucket_acl, aws_s3_bucket_cors_configuration, aws_s3_bucket_inventory, aws_s3_bucket_lifecycle_configuration, aws_s3_bucket_logging, aws_s3_bucket_notification, aws_s3_bucket_object_lock_configuration, aws_s3_bucket_ownership_controls, aws_s3_bucket_policy, aws_s3_bucket_public_access_block, aws_s3_bucket_replication_configuration, aws_s3_bucket_server_side_encryption_configuration, aws_s3_bucket_versioning"
terrads_b26db08be605,Zenodo/TerraDS,iac_benchmark/scenarios/terrads_b26db08be605,True,True,0,0,0,0,0,True,"--- INIT LOG ---
Initializing provider plugins...
- Finding latest version of hashicorp/aws...
- Installing hashicorp/aws v6.58.0...
- Installed hashicorp/aws v6.58.0 (signed by HashiCorp)
Terraform has created a lock file .terraform.lock.hcl to record the provider
selections it made above. Include this file in your version control repository
so that Terraform can guarantee to make the same selections by default when
you run ""terraform init"" in the future.

Terraform has been successfully initialized!

You may now begin working with Terraform. Try running ""terraform plan"" to see
any changes th

...[LOG TRUNCATED]...

00000:listener/app/vscode-alb/f87e0f899fcc01bb/41b71629c2560a94]
aws_ecs_service.code_server_service: Creating...
aws_ecs_service.code_server_service: Creation complete after 1s [id=arn:aws:ecs:ap-southeast-1:000000000000:service/fargate-cluster/code_server_service]
aws_route53_record.vscode-record: Still creating... [00m10s elapsed]
aws_route53_record.vscode-record: Creation complete after 16s [id=0X5GRAZ4MXZISZ27DJ8HYH_code.apps.vscode.cloud_A]

Apply complete! Resources: 36 added, 0 changed, 0 destroyed.

Outputs:

ns-servers = tolist([
  ""dns.localhost.localstack.cloud"",
])

--- ERRORS ---",,472,3320,36,1,5,"We need a Terraform template that creates a complete AWS infrastructure to deploy a VS Code Server (code-server) container on ECS Fargate, accessible via a custom domain with HTTPS, for remote development purposes, deployed in the us-east-1 region, including a VPC with public and private subnets across multiple availability zones, where public subnets have internet access through an Internet Gateway and private subnets route outbound traffic via a NAT Gateway, an ECS Fargate cluster running a task using the latest code-server container image with appropriate CPU and memory, configured with necessary environment variables for user IDs, timezone, hashed passwords, and workspace path, exposing the application on a custom port with a health check that verifies the application is responding, the service placed in a private subnet without a public IP behind an Application Load Balancer that redirects HTTP to HTTPS using an ACM certificate for a wildcard domain validated via DNS, forwarding HTTPS traffic to the target group on the container port with a health check expecting a specific HTTP response code, a Route53 hosted zone for the custom domain with an A record aliasing a subdomain to the load balancer, the required IAM roles for ECS task execution and service operation, and a CloudWatch log group for container logs with appropriate retention.",235,"aws_acm_certificate, aws_alb, aws_alb_listener, aws_alb_target_group, aws_cloudwatch_log_group, aws_ecs_cluster, aws_ecs_service, aws_ecs_task_definition, aws_eip, aws_iam_policy_attachment, aws_iam_role, aws_iam_role_policy_attachment, aws_internet_gateway, aws_nat_gateway, aws_route53_record, aws_route53_zone, aws_route_table, aws_route_table_association, aws_security_group, aws_subnet, aws_vpc"
terrads_b399f0e51686,Zenodo/TerraDS,iac_benchmark/scenarios/terrads_b399f0e51686,True,True,0,0,0,0,0,True,"--- INIT LOG ---
Initializing provider plugins...
- Finding hashicorp/aws versions matching "">= 3.0.0""...
- Finding latest version of hashicorp/random...
- Installing hashicorp/aws v6.56.0...
- Installed hashicorp/aws v6.56.0 (signed by HashiCorp)
- Installing hashicorp/random v3.9.0...
- Installed hashicorp/random v3.9.0 (signed by HashiCorp)
Terraform has created a lock file .terraform.lock.hcl to record the provider
selections it made above. Include this file in your version control repository
so that Terraform can guarantee to make the same selections by default when
you run ""terraform ini

...[LOG TRUNCATED]...

:us-east-1:000000000000:trail/main-trail-us-east-1-nqcwp7k1""
cloudtrail_id = ""arn:aws:cloudtrail:us-east-1:000000000000:trail/main-trail-us-east-1-nqcwp7k1""
cloudwatch_log_group_arn = ""arn:aws:logs:us-east-1:000000000000:log-group:/aws/cloudtrail/main-trail-us-east-1-nqcwp7k1""
kms_key_arn = ""arn:aws:kms:us-east-1:000000000000:key/85b65ee6-5ecf-424f-b998-d191ddd9d9c8""
kms_key_id = ""85b65ee6-5ecf-424f-b998-d191ddd9d9c8""
s3_bucket_arn = ""arn:aws:s3:::cloudtrail-logs-000000000000-us-east-1-nqcwp7k1""
s3_bucket_id = ""cloudtrail-logs-000000000000-us-east-1-nqcwp7k1""
sns_topic_arn = """"

--- ERRORS ---",,415,3213,12,18,5,"We need a Terraform template that creates a CloudTrail trail for comprehensive audit logging of AWS API activity, along with all supporting resources: an S3 bucket with optional versioning and force-destroy for easy cleanup, a KMS key with automatic key rotation and an alias for encrypting logs, a CloudWatch log group with a configurable retention period defaulting to 90 days, an IAM role that CloudTrail can assume to write logs to the log group via a policy granting logs:CreateLogStream and logs:PutLogEvents, and an optional SNS topic for alerting that is disabled by default and, when enabled, creates a new topic with a policy allowing CloudTrail to publish to it. The KMS key policy should grant the key’s use to CloudTrail for encryption and to CloudWatch Logs for log group encryption. The trail itself should be enabled by default, capture global service events, log to all regions, enforce log file validation, and support both management events and data events for any AWS resource type via a list of data resources, with the read-write type defaulting to “All” for data events. It should also optionally work as an organization trail and allow enabling insight selectors (ApiCallRateInsight or ApiErrorRateInsight). The S3 bucket must be encrypted using the KMS key, with a bucket policy that grants CloudTrail the necessary get-bucket-acl and put-object permissions, and all resource names should be auto-generated unless explicitly overridden, with the bucket set to force-destroy objects for easy cleanup.",236,"aws_caller_identity, aws_cloudtrail, aws_cloudwatch_log_group, aws_iam_role, aws_iam_role_policy, aws_kms_alias, aws_kms_key, aws_kms_key_policy, aws_partition, aws_region, aws_s3_bucket, aws_s3_bucket_policy, aws_s3_bucket_versioning, aws_sns_topic, aws_sns_topic_policy"
terrads_b4c86b74a08f,Zenodo/TerraDS,iac_benchmark/scenarios/terrads_b4c86b74a08f,True,True,0,0,0,0,0,True,"--- INIT LOG ---
Initializing provider plugins...
- Finding latest version of hashicorp/aws...
- Finding latest version of hashicorp/random...
- Installing hashicorp/aws v6.57.1...
- Installed hashicorp/aws v6.57.1 (signed by HashiCorp)
- Installing hashicorp/random v3.9.0...
- Installed hashicorp/random v3.9.0 (signed by HashiCorp)
Terraform has created a lock file .terraform.lock.hcl to record the provider
selections it made above. Include this file in your version control repository
so that Terraform can guarantee to make the same selections by default when
you run ""terraform init"" in the f

...[LOG TRUNCATED]...

s: Creating...
aws_appautoscaling_target.this: Creation complete after 0s [id=service/httpd-0sok2629/httpd]
aws_appautoscaling_policy.this: Creating...
aws_appautoscaling_policy.this: Creation complete after 0s [id=httpd-0sok2629]

Warning: Deprecated attribute

  on service.tf line 21, in locals:
  21:         awslogs-region        = data.aws_region.this.name

The attribute ""name"" is deprecated. Refer to the provider documentation for
details.

(and 2 more similar warnings elsewhere)

Apply complete! Resources: 25 added, 0 changed, 0 destroyed.

Outputs:

id = ""httpd-0sok2629""

--- ERRORS ---",,647,4581,27,37,5,"We need a Terraform template that creates a fully functional containerized application service deployed on Fargate with optional load balancing and auto scaling, designed to be flexible enough for both testing and production use cases, deploying a compute cluster with configurable container monitoring, a task definition using serverless containers with configurable CPU and memory, a service that supports remote command execution and assigns a public IP by default, a log group with configurable retention, an IAM role for the container tasks that grants permissions for systems manager messaging, read-only access to systems manager and container registry, full access to email, storage, serverless compute, and document AI services, and the ability to inject both plaintext environment variables and encrypted secrets sourced from a parameter store using a key management service, optionally creating a load balancer with a target group and listener rule that routes based on host headers matching the service name, a random identifier, and an additional host variable, with optional source IP filtering and session stickiness configuration, including an auto scaling target and a target tracking scaling policy based on average CPU utilization with configurable target value and cooldown periods, automatically locating a virtual network using tags with a default of `{ type = ""vega"" }`, and if no network is found, creating a new network with CIDR `10.0.0.0/16`, an internet gateway, a default route to the internet, and two subnets with CIDRs `10.0.0.0/24` and `10.0.1.0/24`, also locating subnets and security groups using tags with defaults of `{ type = ""vega-private"" }` and `{ type = ""vega"" }` respectively, and locating the load balancer using tags with a default of `{ type = ""vega"" }`, with all resources tagged with a Name tag set to the generated resource ID and the template outputting that ID.",237,"aws_appautoscaling_policy, aws_appautoscaling_target, aws_cloudwatch_log_group, aws_ecs_cluster, aws_ecs_cluster_capacity_providers, aws_ecs_service, aws_ecs_task_definition, aws_iam_policy, aws_iam_policy_document, aws_iam_role, aws_iam_role_policy_attachment, aws_internet_gateway, aws_kms_secrets, aws_lb, aws_lb_listener, aws_lb_listener_rule, aws_lb_target_group, aws_region, aws_route, aws_security_group, aws_security_group_rule, aws_security_groups, aws_ssm_parameter, aws_subnet, aws_subnets, aws_vpc, aws_vpcs"
terrads_b86b0244fd6d,Zenodo/TerraDS,iac_benchmark/scenarios/terrads_b86b0244fd6d,True,True,0,0,0,0,0,True,"--- INIT LOG ---
Initializing provider plugins...
- Finding hashicorp/random versions matching "">= 3.1.0""...
- Finding hashicorp/aws versions matching "">= 5.10.0""...
- Installing hashicorp/random v3.9.0...
- Installed hashicorp/random v3.9.0 (signed by HashiCorp)
- Installing hashicorp/aws v6.55.0...
- Installed hashicorp/aws v6.55.0 (signed by HashiCorp)
Terraform has created a lock file .terraform.lock.hcl to record the provider
selections it made above. Include this file in your version control repository
so that Terraform can guarantee to make the same selections by default when
you run ""t

...[LOG TRUNCATED]...

ole_policy_attachment.logging[0]: Creating...
aws_transfer_server.public[0]: Creating...
aws_iam_role_policy_attachment.logging[0]: Creation complete after 0s [id=central-eel-transfer-logging/arn:aws:iam::aws:policy/service-role/AWSTransferLoggingAccess]
aws_transfer_server.public[0]: Creation complete after 4s [id=s-edcbcdccbfcfb4510]

Apply complete! Resources: 4 added, 0 changed, 0 destroyed.

Outputs:

arn = ""arn:aws:transfer:us-east-1:000000000000:server/s-edcbcdccbfcfb4510""
endpoint = ""s-edcbcdccbfcfb4510.server.transfer.us-east-1.amazonaws.com""
id = ""s-edcbcdccbfcfb4510""

--- ERRORS ---",,518,4390,13,27,5,"We need a Terraform template that creates an AWS Transfer Family SFTP server for hosting file transfers, supporting both public and VPC-based endpoint types with either S3 or EFS storage, along with optional user management via service-managed, API Gateway, AWS Directory Service, or Lambda identity providers, defaulting to a public endpoint with a standard security policy and S3 domain using the SFTP protocol, automatically generating a random server name if none is provided, and it must provision the necessary IAM logging role with the appropriate AWS managed policy attachment when no logging role ARN is supplied, as well as conditionally create an API Gateway authentication role and policy when that identity provider type is selected, while also supporting the ability to specify a custom ACM certificate ARN for FTPS, force destroy users on deletion, set pre- and post-authentication login banners, configure protocol details including AS2 transports, passive IP, set-stat option, and TLS session resumption mode, and optionally write structured logs to provided CloudWatch log group ARNs, and for VPC-based endpoints it should handle endpoint details with VPC ID, subnet IDs, and optionally accept or auto-create security groups with SSH access and elastic IPs per subnet, and additionally it must support creating a Route53 CNAME record for a custom sub-domain under a specified hosted zone that the template should look up by name, and allow defining a map of SFTP users with home directory paths restricted to listing and object-level S3 operations on their assigned bucket prefixes, plus attaching public SSH keys for those users, and the template should output the server ARN, ID, endpoint, custom domain name if configured, and for VPC endpoints the security group ID and elastic IPs when not provided.",238,"aws_eip, aws_iam_role, aws_iam_role_policy, aws_iam_role_policy_attachment, aws_route53_record, aws_route53_zone, aws_security_group, aws_transfer_server, aws_transfer_ssh_key, aws_transfer_user"
terrads_bb382f0f3fd1,Zenodo/TerraDS,iac_benchmark/scenarios/terrads_bb382f0f3fd1,True,True,0,0,0,0,0,True,"--- INIT LOG ---
Initializing provider plugins...
- Finding latest version of hashicorp/local...
- Finding latest version of hashicorp/aws...
- Installing hashicorp/local v2.9.0...
- Installed hashicorp/local v2.9.0 (signed by HashiCorp)
- Installing hashicorp/aws v6.56.0...
- Installed hashicorp/aws v6.56.0 (signed by HashiCorp)
Terraform has created a lock file .terraform.lock.hcl to record the provider
selections it made above. Include this file in your version control repository
so that Terraform can guarantee to make the same selections by default when
you run ""terraform init"" in the futu

...[LOG TRUNCATED]...

et"" ""tfstate_backends"":
   9: resource ""aws_s3_bucket"" ""tfstate_backends"" {

versioning is deprecated. Use the aws_s3_bucket_versioning resource instead.

(and 13 more similar warnings elsewhere)

Warning: Deprecated attribute

  on replication.tf line 82, in resource ""aws_iam_policy"" ""replication"":
  82:           ""kms:ViaService"": ""s3.${data.aws_region.tfstate_backends.name}.amazonaws.com"",

The attribute ""name"" is deprecated. Refer to the provider documentation for
details.

(and 7 more similar warnings elsewhere)

Apply complete! Resources: 11 added, 0 changed, 0 destroyed.

--- ERRORS ---",,401,2360,13,3,5,"We need a Terraform template that creates a secure, multi-region remote state backend infrastructure using S3 buckets encrypted with KMS and DynamoDB tables for state locking. The primary bucket in us-east-1 must replicate to a replica bucket in a secondary region via a provider alias. Both buckets must enforce SSL-only access and block all public access. The solution must dynamically generate per-stack backend configuration files and IAM policies for each stack defined in a variable map of stack names to regions, with the ability to control bucket force-destroy behavior and add extra tags through variables.",239,"aws_dynamodb_table, aws_iam_policy, aws_iam_policy_attachment, aws_iam_policy_document, aws_iam_role, aws_kms_key, aws_region, aws_s3_bucket, aws_s3_bucket_policy, aws_s3_bucket_public_access_block"
terrads_bf3ef706d7fd,Zenodo/TerraDS,iac_benchmark/scenarios/terrads_bf3ef706d7fd,True,True,0,0,0,0,0,True,"--- INIT LOG ---
Initializing provider plugins...
- Finding latest version of hashicorp/aws...
- Finding latest version of hashicorp/time...
- Finding latest version of hashicorp/local...
- Finding latest version of hashicorp/tls...
- Finding latest version of hashicorp/http...
- Installing hashicorp/aws v6.58.0...
- Installed hashicorp/aws v6.58.0 (signed by HashiCorp)
- Installing hashicorp/time v0.14.0...
- Installed hashicorp/time v0.14.0 (signed by HashiCorp)
- Installing hashicorp/local v2.9.0...
- Installed hashicorp/local v2.9.0 (signed by HashiCorp)
- Installing hashicorp/tls v4.3.0..

...[LOG TRUNCATED]...

olicy/AmazonSSMManagedInstanceCore""
  58:   ]

managed_policy_arns is deprecated. Use the aws_iam_role_policy_attachment
resource instead. If Terraform should exclusively manage all managed policy
attachments (the current behavior of this argument), use the
aws_iam_role_policy_attachments_exclusive resource as well.

(and 2 more similar warnings elsewhere)

Apply complete! Resources: 20 added, 0 changed, 0 destroyed.

Outputs:

NodeAutoScalingGroup = ""NodeGroup-971555ad""
NodeInstanceRole = ""arn:aws:iam::000000000000:role/eks-demo-node""
NodeSecurityGroup = ""sg-e9de4cfe158bc9a58""

--- ERRORS ---",,428,3179,17,7,5,"We need a Terraform template that creates an Amazon EKS cluster named 'demo-eks' with an unmanaged node group for testing purposes, using the default VPC and its public subnets across three availability zones in us-east-1, where the cluster control plane must use an IAM role named 'eksClusterRole' with the required EKS policies, and the worker nodes must use an IAM role named 'eks-demo-node' with the necessary policies for EKS, CNI, ECR, and SSM, and the node group should be based on an Auto Scaling Group with a desired capacity of 3, a minimum of 1, and a maximum of 4, using t3.medium instances with a 30GB gp2 root volume and the latest EKS-optimized Amazon Linux 2 AMI, and the template must also generate an SSH key pair (RSA 4096) and save the private key to ~/.ssh/eks-aws.pem with permissions 600, and upload the public key as 'eks_kp', with security groups configured to allow necessary communication between the control plane and nodes, and the template should apply the tag 'kubernetes.io/cluster/demo-eks' = 'owned' to all resources.",240,"aws_cloudformation_stack, aws_eks_cluster, aws_iam_instance_profile, aws_iam_policy_document, aws_iam_role, aws_iam_role_policy_attachment, aws_key_pair, aws_launch_template, aws_security_group, aws_ssm_parameter, aws_subnets, aws_vpc, aws_vpc_security_group_egress_rule, aws_vpc_security_group_ingress_rule"
terrads_c6dcc9b29983,Zenodo/TerraDS,iac_benchmark/scenarios/terrads_c6dcc9b29983,True,True,0,0,0,0,0,True,"--- INIT LOG ---
Initializing provider plugins...
- Finding latest version of hashicorp/aws...
- Installing hashicorp/aws v6.55.0...
- Installed hashicorp/aws v6.55.0 (signed by HashiCorp)
Terraform has created a lock file .terraform.lock.hcl to record the provider
selections it made above. Include this file in your version control repository
so that Terraform can guarantee to make the same selections by default when
you run ""terraform init"" in the future.

Terraform has been successfully initialized!

You may now begin working with Terraform. Try running ""terraform plan"" to see
any changes th

...[LOG TRUNCATED]...

arn = """"
ses_domain_identity_id = """"
ses_domain_identity_verification_arn = """"
ses_domain_identity_verification_id = """"
ses_domain_identity_verification_token = """"
ses_domain_mail_from_id = """"
ses_email_identity_arn = """"
ses_email_identity_id = """"
ses_event_destination_arn = """"
ses_event_destination_id = """"
ses_identity_notification_topic_id = """"
ses_identity_policy_id = """"
ses_receipt_filter_arn = """"
ses_receipt_filter_id = """"
ses_receipt_rule_arn = """"
ses_receipt_rule_id = """"
ses_receipt_rule_set_arn = """"
ses_receipt_rule_set_id = """"
ses_template_arn = """"
ses_template_id = """"

--- ERRORS ---",,924,6666,14,62,5,"We need a Terraform template that creates a comprehensive Amazon SES configuration for testing purposes, including a SES template, receipt rule, receipt rule set, receipt filter, active receipt rule set, configuration set, domain identity, email identity, identity policy, identity notification topic, domain mail from, domain identity verification, domain DKIM, and event destination, all conditionally enabled via boolean variables with sensible defaults, using a default name prefix of ""TEST"" and environment ""STAGE"" to generate resource names like ""test-ses-template-stage"", and supporting configurable lists of domains for domain identity and emails for email identity, a stack of receipt filters with name, CIDR, and policy, and event destinations that can send to CloudWatch, Kinesis, or SNS, while outputting the ARNs, IDs, and verification tokens for each resource.",241,"aws_ses_active_receipt_rule_set, aws_ses_configuration_set, aws_ses_domain_dkim, aws_ses_domain_identity, aws_ses_domain_identity_verification, aws_ses_domain_mail_from, aws_ses_email_identity, aws_ses_event_destination, aws_ses_identity_notification_topic, aws_ses_identity_policy, aws_ses_receipt_filter, aws_ses_receipt_rule, aws_ses_receipt_rule_set, aws_ses_template"
terrads_c8bf6bcc3019,Zenodo/TerraDS,iac_benchmark/scenarios/terrads_c8bf6bcc3019,True,True,0,0,0,0,0,True,"--- INIT LOG ---
Initializing provider plugins...
- Finding latest version of hashicorp/aws...
- Installing hashicorp/aws v6.57.1...
- Installed hashicorp/aws v6.57.1 (signed by HashiCorp)
Terraform has created a lock file .terraform.lock.hcl to record the provider
selections it made above. Include this file in your version control repository
so that Terraform can guarantee to make the same selections by default when
you run ""terraform init"" in the future.

Terraform has been successfully initialized!

You may now begin working with Terraform. Try running ""terraform plan"" to see
any changes th

...[LOG TRUNCATED]...

ns (the
current behavior of this argument), use the aws_iam_role_policies_exclusive
resource as well.

(and 5 more similar warnings elsewhere)

Apply complete! Resources: 15 added, 0 changed, 0 destroyed.

Outputs:

codebuild_role_arn = ""arn:aws:iam::000000000000:role/CodeBuildRole""
codedeploy_instance_profile = ""Cv-React-App_code_deploy_instance_profile""
codedeploy_role_arn = ""arn:aws:iam::000000000000:role/Cv-React-App_codedeploy_role""
codepipeline_role_arn = ""arn:aws:iam::000000000000:role/CodePipelineRole""
cw_agent_instance_profile = ""Cv-React-App_cw_agent_instance_profile""

--- ERRORS ---",,406,2618,15,1,5,"We need a Terraform template that creates a comprehensive set of IAM roles and instance profiles for a CI/CD pipeline using AWS CodeDeploy, CodeBuild, and CodePipeline, along with an EC2 CloudWatch agent role, all scoped to a project named ""Cv-React-App"" via a variable with that default, where the template must create an EC2 CodeDeploy role with an instance profile that attaches the AmazonEC2RoleforAWSCodeDeploy, AmazonEC2FullAccess, and AmazonS3FullAccess managed policies, a CodeDeploy service role without an instance profile that assumes the codedeploy service, attaches the AWSCodeDeployRole and AmazonS3FullAccess managed policies, a CodeBuild role named ""CodeBuildRole"" that assumes the codebuild service, attaches the AmazonS3FullAccess managed policy, and includes an inline policy granting permissions for CloudWatch Logs, S3 operations on codepipeline buckets, and CodeBuild report actions, a CodePipeline role named ""CodePipelineRole"" that assumes the codepipeline, codebuild, codedeploy, ec2, and ecs-tasks services plus the account root, and includes a detailed inline policy granting permissions for codestar-connections, S3, codecommit, codedeploy, elasticbeanstalk, ec2, elasticloadbalancing, autoscaling, cloudwatch, sns, cloudformation, rds, sqs, ecs, iam:PassRole, lambda, opsworks, and codebuild actions, and an EC2 CloudWatch agent role with an instance profile that attaches the CloudWatchAgentServerPolicy and AmazonS3FullAccess managed policies, and outputs the ARNs of the CodeDeploy, CodeBuild, and CodePipeline roles as well as the names of the EC2 CodeDeploy instance profile and the CloudWatch agent instance profile.",242,"aws_caller_identity, aws_iam_instance_profile, aws_iam_policy_document, aws_iam_role, aws_iam_role_policy, aws_iam_role_policy_attachment"
terrads_c92b260bc738,Zenodo/TerraDS,iac_benchmark/scenarios/terrads_c92b260bc738,True,True,0,0,0,0,0,True,"--- INIT LOG ---
Initializing provider plugins...
- Finding latest version of hashicorp/aws...
- Installing hashicorp/aws v6.55.0...
- Installed hashicorp/aws v6.55.0 (signed by HashiCorp)
Terraform has created a lock file .terraform.lock.hcl to record the provider
selections it made above. Include this file in your version control repository
so that Terraform can guarantee to make the same selections by default when
you run ""terraform init"" in the future.

Terraform has been successfully initialized!

You may now begin working with Terraform. Try running ""terraform plan"" to see
any changes th

...[LOG TRUNCATED]...

yed.

Outputs:

waf_byte_match_set_id = """"
waf_geo_match_set_arn = """"
waf_geo_match_set_id = """"
waf_ipset_arn = """"
waf_ipset_id = """"
waf_rate_based_rule_arn = """"
waf_rate_based_rule_id = """"
waf_regex_match_set_arn = """"
waf_regex_match_set_id = """"
waf_regex_pattern_set_arn = """"
waf_regex_pattern_set_id = """"
waf_rule_arn = """"
waf_rule_group_arn = """"
waf_rule_group_id = """"
waf_rule_id = """"
waf_size_constraint_set_arn = """"
waf_size_constraint_set_id = """"
waf_sql_injection_match_set_id = """"
waf_web_acl_arn = """"
waf_web_acl_id = """"
waf_xss_match_set_arn = """"
waf_xss_match_set_id = """"

--- ERRORS ---",,849,6074,12,47,5,"We need a Terraform template that creates a comprehensive set of AWS WAF Classic resources for testing purposes, with each resource type being individually toggleable via boolean flags so we can enable only what we need. The template should support creating an IP set for IP-based filtering, a rate-based rule that limits requests to 100 per five-minute period using IP as the rate key, a standard rule, a rule group that can activate other rules, a web ACL with configurable default action and associated rules, plus byte match, geo match, regex match, regex pattern, size constraint, SQL injection match, and XSS match sets. All resources should use a common naming convention that prefixes with a configurable name (default ""TEST"") and appends the environment (default ""STAGE""), with names automatically lowercased, and the template should output the IDs and ARNs of all created resources for use in other modules.",243,"aws_waf_byte_match_set, aws_waf_geo_match_set, aws_waf_ipset, aws_waf_rate_based_rule, aws_waf_regex_match_set, aws_waf_regex_pattern_set, aws_waf_rule, aws_waf_rule_group, aws_waf_size_constraint_set, aws_waf_sql_injection_match_set, aws_waf_web_acl, aws_waf_xss_match_set"
terrads_d85ca07b31c2,Zenodo/TerraDS,iac_benchmark/scenarios/terrads_d85ca07b31c2,True,True,0,0,0,0,0,True,"--- INIT LOG ---
Initializing provider plugins...
- Finding latest version of hashicorp/aws...
- Installing hashicorp/aws v6.57.1...
- Installed hashicorp/aws v6.57.1 (signed by HashiCorp)
Terraform has created a lock file .terraform.lock.hcl to record the provider
selections it made above. Include this file in your version control repository
so that Terraform can guarantee to make the same selections by default when
you run ""terraform init"" in the future.

Terraform has been successfully initialized!

You may now begin working with Terraform. Try running ""terraform plan"" to see
any changes th

...[LOG TRUNCATED]...

_ecs_service.ecs-service: Creating...
aws_lb_listener.alb-listener: Creation complete after 1s [id=arn:aws:elasticloadbalancing:eu-central-1:000000000000:listener/app/ecs-lb/f70a6bab6b7a65d5/74fffc8d44479e28]
aws_autoscaling_group.ecs-autoscaling-group: Creation complete after 1s [id=ecs-autoscaling-group-ami-085fa50f2c2456d22]
aws_ecs_service.ecs-service: Creation complete after 2s [id=arn:aws:ecs:eu-central-1:000000000000:service/test_cluster/ecs-service]

Apply complete! Resources: 27 added, 0 changed, 0 destroyed.

Outputs:

address = ""ecs-lb.elb.localhost.localstack.cloud""

--- ERRORS ---",,431,3340,23,7,5,"We need a Terraform template that creates a complete ECS cluster in us-east-1 using EC2 launch type, including a VPC with a 192.168.0.0/16 CIDR block and three subnets spread across availability zones, an internet gateway with a route table and associations for internet access, a security group allowing inbound SSH, HTTP, and HTTPS traffic from anywhere along with full outbound access, an application load balancer with a target group and listener forwarding HTTP on port 80, an autoscaling group using a launch configuration with the latest Amazon ECS-optimized AMI and t2.small instances that associates public IPs and registers with the load balancer, IAM roles and instance profiles for EC2 and ECS service and task execution with the appropriate AWS managed policies attached, a CloudWatch log group for container logging, an ECS service running two copies of an nginx container task definition with port mapping on port 80, using the default variable values for cluster name, instance count, and deployment settings, and a user data script in the launch configuration that registers each EC2 instance with the ECS cluster upon boot.",244,"aws_ami, aws_autoscaling_group, aws_availability_zones, aws_caller_identity, aws_cloudwatch_log_group, aws_ecs_cluster, aws_ecs_service, aws_ecs_task_definition, aws_iam_instance_profile, aws_iam_policy_document, aws_iam_role, aws_iam_role_policy_attachment, aws_internet_gateway, aws_launch_configuration, aws_lb, aws_lb_listener, aws_lb_target_group, aws_route_table, aws_route_table_association, aws_security_group, aws_subnet, aws_vpc"
terrads_dcfd05f3ba14,Zenodo/TerraDS,iac_benchmark/scenarios/terrads_dcfd05f3ba14,True,True,0,0,0,0,0,True,"--- INIT LOG ---
Initializing provider plugins...
- Finding latest version of hashicorp/aws...
- Installing hashicorp/aws v6.58.0...
- Installed hashicorp/aws v6.58.0 (signed by HashiCorp)
Terraform has created a lock file .terraform.lock.hcl to record the provider
selections it made above. Include this file in your version control repository
so that Terraform can guarantee to make the same selections by default when
you run ""terraform init"" in the future.

Terraform has been successfully initialized!

You may now begin working with Terraform. Try running ""terraform plan"" to see
any changes th

...[LOG TRUNCATED]...

-role/arn:aws:iam::000000000000:policy/fp3-deny-iam]
aws_iam_role_policy_attachment.fp5-nonExploitableConditionConstraint-role-attach-policy: Creation complete after 0s [id=fp5-nonExploitableConditionConstraint-role/arn:aws:iam::000000000000:policy/fp5-nonExploitableConditionConstraint]
aws_iam_user_policy_attachment.fp5-nonExploitableConditionConstraint-user-attach-policy: Creation complete after 0s [id=fp5-nonExploitableConditionConstraint-user/arn:aws:iam::000000000000:policy/fp5-nonExploitableConditionConstraint]

Apply complete! Resources: 61 added, 0 changed, 0 destroyed.

--- ERRORS ---",,697,4924,61,4,5,"We need a Terraform template that creates a comprehensive set of IAM resources to demonstrate privilege escalation and policy evaluation scenarios, including multiple policies, roles, users with access keys, and policy attachments, where each policy is attached to both a corresponding user and a role, using variables for the AWS local profile and credentials file path, and two ARN variables for an assume role principal and the root user, both defaulting to empty strings; specifically, the template should include a policy allowing ec2:DescribeInstances and ec2:RunInstances, a policy allowing iam:PassRole on any resource, a policy allowing iam:CreatePolicyVersion restricted to policies whose ARN matches a pattern for custom policies starting with ""fn2-"", a policy allowing iam:CreatePolicyVersion on all resources subject to a DateGreaterThan condition on aws:TokenIssueTime, a policy using a NotAction element to allow everything except iam:Update*, iam:Create*, and iam:Attach*, a policy containing both an Allow and a Deny statement for iam:*, a pair of policies where one allows all actions and the other denies all actions attached together, a policy that only denies iam:*, a policy allowing iam:CreatePolicyVersion restricted to AWS managed policies matching a pattern starting with ""fp4-"", and a policy allowing iam:CreatePolicyVersion on all resources with a DateLessThan condition, along with a role that has no attached policies but trusts the root user ARN via its trust policy, all using descriptive resource names that reflect the demonstration purpose.",245,"aws_iam_access_key, aws_iam_policy, aws_iam_policy_document, aws_iam_role, aws_iam_role_policy_attachment, aws_iam_user, aws_iam_user_policy_attachment"
terrads_e3a38ad9c4b0,Zenodo/TerraDS,iac_benchmark/scenarios/terrads_e3a38ad9c4b0,True,True,0,0,0,0,0,True,"--- INIT LOG ---
Initializing modules...
Downloading registry.terraform.io/cypik/labels/aws 1.0.1 for labels...
- labels in .terraform/modules/labels
Initializing provider plugins...
- Finding hashicorp/aws versions matching "">= 5.32.1""...
- Installing hashicorp/aws v6.58.0...
- Installed hashicorp/aws v6.58.0 (signed by HashiCorp)
Terraform has created a lock file .terraform.lock.hcl to record the provider
selections it made above. Include this file in your version control repository
so that Terraform can guarantee to make the same selections by default when
you run ""terraform init"" in the fu

...[LOG TRUNCATED]...

gs = {
      + Managedby  = ""cypik""
      + Repository = ""https://github.com/cypik/terraform-aws-security_group""
    }
aws_security_group.default[0]: Creating...
aws_security_group.default[0]: Creation complete after 1s [id=sg-b1ca9278483a7619b]

Apply complete! Resources: 1 added, 0 changed, 0 destroyed.

Outputs:

security_group_arn = ""arn:aws:ec2:us-east-1:000000000000:security-group/sg-b1ca9278483a7619b""
security_group_id = ""sg-b1ca9278483a7619b""
security_group_tags = tomap({
  ""Managedby"" = ""cypik""
  ""Repository"" = ""https://github.com/cypik/terraform-aws-security_group""
})

--- ERRORS ---","NON-JSON OUTPUT:
",479,4709,18,31,5,"We need a Terraform template that creates a comprehensive security group management module for AWS, with an enable flag to control all resource creation, a boolean flag to toggle between provisioning a new security group or applying rules to an existing one by supplying its ID, and the VPC ID provided as a required variable, supporting both ingress and egress rules defined via separate map variables for each rule type and direction that allow configuration through CIDR blocks, self-references, source security group IDs, and prefix list IDs, while optionally creating a managed prefix list when enabled and no prefix list IDs are provided, and using a standardized naming and tagging module for consistent resource labeling.",246,"aws_ec2_managed_prefix_list, aws_security_group, aws_security_group_rule"
terrads_e4f73489147c,Zenodo/TerraDS,iac_benchmark/scenarios/terrads_e4f73489147c,True,True,0,0,0,0,0,True,"--- INIT LOG ---
Initializing modules...
Downloading registry.terraform.io/terraform-aws-modules/vpc/aws 6.6.1 for vpc...
- vpc in .terraform/modules/vpc
Initializing provider plugins...
- Finding hashicorp/aws versions matching "">= 6.28.0""...
- Installing hashicorp/aws v6.55.0...
- Installed hashicorp/aws v6.55.0 (signed by HashiCorp)
Terraform has created a lock file .terraform.lock.hcl to record the provider
selections it made above. Include this file in your version control repository
so that Terraform can guarantee to make the same selections by default when
you run ""terraform init"" in th

...[LOG TRUNCATED]...

gs elsewhere)

Warning: Argument is deprecated

  with aws_service_discovery_service.app_service,
  on fargate_service.tf line 224, in resource ""aws_service_discovery_service"" ""app_service"":
 224:     failure_threshold = 1

failure_threshold is deprecated. The argument is no longer supported by AWS
and the value is always set to 1. The attribute will be removed in a future
major version.

(and 3 more similar warnings elsewhere)

Apply complete! Resources: 59 added, 0 changed, 0 destroyed.

Outputs:

nginx_test = ""curl http://nginx.private-fargate-crowdnews.hands-on.cloud.local""

--- ERRORS ---",,540,3429,28,0,5,"We need a Terraform template that creates a fully private Fargate environment for hosting an nginx container, including a VPC with a CIDR of 10.0.0.0/16, three private subnets and three public subnets distributed across three availability zones, with a NAT gateway per AZ, DNS hostnames and support enabled, and a private DNS namespace; the ECS cluster and ECR repository should be created with appropriate naming, the ECR repository using mutable image tags and scan on push enabled, and the Fargate task definition should use 512 CPU and 1024 memory with the awsvpc network mode, running the nginx container on port 80 with AWS CloudWatch logs, and the service should be configured with a desired count of 1, service discovery with A and SRV records using MULTIVALUE routing and a health check failure threshold of 1, and a security group that allows inbound TCP traffic on port 80 only from the VPC CIDR; additionally, include a t3.micro EC2 jump host instance using the latest Amazon Linux 2 AMI placed in the first public subnet with a dynamically assigned private IP, an IAM role with the AmazonSSMManagedInstanceCore policy attached, and a security group that allows all inbound traffic from the VPC CIDR and all outbound traffic; finally, create VPC endpoints for S3 (Gateway type), ECR DKR, ECR API, CloudWatch Logs, Secrets Manager, SSM, and KMS, all as Interface endpoints in the private subnets with a security group allowing HTTPS traffic from the VPC CIDR, and ensure the execution role has permissions for ECR, logs, SSM, Secrets Manager, and KMS, while the task role has permissions for logs and service discovery.",247,"aws_ami, aws_caller_identity, aws_cloudwatch_log_group, aws_ecr_repository, aws_ecs_cluster, aws_ecs_service, aws_ecs_task_definition, aws_iam_instance_profile, aws_iam_policy, aws_iam_policy_attachment, aws_iam_policy_document, aws_iam_role, aws_iam_role_policy_attachment, aws_instance, aws_network_interface, aws_region, aws_security_group, aws_service_discovery_private_dns_namespace, aws_service_discovery_service, aws_vpc_endpoint"
terrads_ec610e61db0b,Zenodo/TerraDS,iac_benchmark/scenarios/terrads_ec610e61db0b,True,True,0,0,0,0,0,True,"--- INIT LOG ---
Initializing provider plugins...
- Finding latest version of hashicorp/external...
- Finding latest version of hashicorp/aws...
- Finding latest version of hashicorp/tls...
- Finding latest version of hashicorp/local...
- Finding latest version of hashicorp/null...
- Installing hashicorp/external v2.4.0...
- Installed hashicorp/external v2.4.0 (signed by HashiCorp)
- Installing hashicorp/aws v6.55.0...
- Installed hashicorp/aws v6.55.0 (signed by HashiCorp)
- Installing hashicorp/tls v4.3.0...
- Installed hashicorp/tls v4.3.0 (signed by HashiCorp)
- Installing hashicorp/local 

...[LOG TRUNCATED]...

eating...
aws_security_group_rule.IngressNodeToDefaultClusterSG: Creation complete after 0s [id=sgrule-1974784486]

Apply complete! Resources: 36 added, 0 changed, 0 destroyed.

Outputs:

eks_cluster_oicd_url = ""https://localhost.localstack.cloud:4510""
private_subnets = [
  ""subnet-82cdcbefc42b3134a"",
  ""subnet-e57a991e2ce153f4f"",
  ""subnet-540f5b18ae3e5631f"",
]
public_subnets = [
  ""subnet-214251e17a8db0176"",
  ""subnet-9ecd7413641501768"",
  ""subnet-00e510d9e2631976c"",
]
subnet_group_id = ""md-k8s-private-subnet-group""
vpc_cidr = ""192.168.0.0/16""
vpc_id = ""vpc-c305f4ee83d090a78""

--- ERRORS ---",,768,6101,36,6,5,"We need a Terraform template that creates an Amazon EKS cluster in the us-east-1 region, along with all supporting networking and IAM resources, using a VPC with a CIDR block in the 192.168.0.0/16 range and the cluster name configured via a variable defaulting to 'md-k8s', dynamically determining the available availability zones and creating both public and private subnets across up to three of them with appropriate routing and internet access via an internet gateway and NAT gateway, configuring the EKS cluster to use both the public and private subnets, including a Fargate profile that uses the private subnets and whose name is conditionally prefixed by 'fp-' based on a boolean variable indicating persistent deployment, and when persistent deployment is false and another boolean flag for deploying Fargate nodes is true, running a one-time command to update CoreDNS annotations on the cluster to allow it to run on Fargate while detecting the operating system to choose between bash and PowerShell, and when persistent deployment is true, also creating a managed node group using the public subnets with the instance type c5.2xlarge along with a launch template and a new SSH key pair, creating all necessary IAM roles for the cluster, Fargate pods, and worker nodes and attaching the required AWS managed policies along with custom policies for load balancing and CloudWatch metrics, and finally outputting the private subnet IDs, the identifier of a subnet group created from those private subnets, and the OIDC issuer URL from the cluster, with all variables having sensible defaults for the cluster name, region, and the two boolean flags.",248,"aws_availability_zones, aws_db_subnet_group, aws_eip, aws_eks_cluster, aws_eks_cluster_auth, aws_eks_fargate_profile, aws_eks_node_group, aws_iam_policy, aws_iam_role, aws_iam_role_policy_attachment, aws_internet_gateway, aws_key_pair, aws_launch_template, aws_nat_gateway, aws_route_table, aws_route_table_association, aws_security_group, aws_security_group_rule, aws_security_groups, aws_subnet, aws_vpc"
terrads_f60d1837f9eb,Zenodo/TerraDS,iac_benchmark/scenarios/terrads_f60d1837f9eb,True,True,0,0,0,0,0,True,"--- INIT LOG ---
Initializing provider plugins...
- Finding hashicorp/aws versions matching "">= 4.67.0""...
- Installing hashicorp/aws v6.58.0...
- Installed hashicorp/aws v6.58.0 (signed by HashiCorp)
Terraform has created a lock file .terraform.lock.hcl to record the provider
selections it made above. Include this file in your version control repository
so that Terraform can guarantee to make the same selections by default when
you run ""terraform init"" in the future.

Terraform has been successfully initialized!

You may now begin working with Terraform. Try running ""terraform plan"" to see
an

...[LOG TRUNCATED]...

to destroy.

Changes to Outputs:
  + vpc_arn        = (known after apply)
  + vpc_cidr_block = ""10.0.0.0/16""
  + vpc_id         = (known after apply)
aws_vpc.this[0]: Creating...
aws_vpc.this[0]: Creation complete after 0s [id=vpc-e996e4c719110e8e7]
aws_internet_gateway.this[0]: Creating...
aws_internet_gateway.this[0]: Creation complete after 0s [id=igw-25ac75a3e763bce64]

Apply complete! Resources: 2 added, 0 changed, 0 destroyed.

Outputs:

vpc_arn = ""arn:aws:ec2:us-east-1:000000000000:vpc/vpc-e996e4c719110e8e7""
vpc_cidr_block = ""10.0.0.0/16""
vpc_id = ""vpc-e996e4c719110e8e7""

--- ERRORS ---","NON-JSON OUTPUT:
",980,7710,26,53,5,"We need a Terraform template that creates a VPC with a CIDR block of 10.0.0.0/16, along with public and private subnets, an Internet Gateway, and NAT Gateways, where the public subnets should have a route table with a default route pointing to the Internet Gateway and the private subnets should have a route table with a default route pointing to the NAT Gateway, and the template should also support the creation of DHCP options, secondary CIDR blocks, and VPC Flow Logs, with the ability to manage the default security group, default network ACL, and default route table, and it should output the VPC ID, ARN, and CIDR block.",249,"aws_default_network_acl, aws_default_route_table, aws_default_security_group, aws_egress_only_internet_gateway, aws_eip, aws_flow_log, aws_internet_gateway, aws_nat_gateway, aws_network_acl, aws_network_acl_rule, aws_route, aws_route_table, aws_route_table_association, aws_subnet, aws_vpc, aws_vpc_dhcp_options, aws_vpc_dhcp_options_association, aws_vpc_ipv4_cidr_block_association"
terrads_f86afb58a0d5,Zenodo/TerraDS,iac_benchmark/scenarios/terrads_f86afb58a0d5,True,True,0,0,0,0,0,True,"--- INIT LOG ---
Initializing provider plugins...
- Finding hashicorp/aws versions matching "">= 4.57.0""...
- Installing hashicorp/aws v6.58.0...
- Installed hashicorp/aws v6.58.0 (signed by HashiCorp)
Terraform has created a lock file .terraform.lock.hcl to record the provider
selections it made above. Include this file in your version control repository
so that Terraform can guarantee to make the same selections by default when
you run ""terraform init"" in the future.

Terraform has been successfully initialized!

You may now begin working with Terraform. Try running ""terraform plan"" to see
an

...[LOG TRUNCATED]...

instance_profile_unique = ""AIPAQAAAAAAAI2T3SPEUE""
irsa_arn = ""arn:aws:iam::000000000000:role/KarpenterIRSA--e28b2dc9254610d3c68e638656""
irsa_name = ""KarpenterIRSA--e28b2dc9254610d3c68e638656""
irsa_unique_id = ""AROAQAAAAAAAGLR4ZMK3A""
queue_arn = ""arn:aws:sqs:us-east-1:000000000000:Karpenter-""
queue_name = ""Karpenter-""
queue_url = ""http://sqs.us-east-1.localhost.localstack.cloud:4566/000000000000/Karpenter-""
role_arn = ""arn:aws:iam::000000000000:role/Karpenter--fead33e84e802bc92ecc57f393""
role_name = ""Karpenter--fead33e84e802bc92ecc57f393""
role_unique_id = ""AROAQAAAAAAALF7QO2FFF""

--- ERRORS ---","NON-JSON OUTPUT:
",763,5564,12,40,5,"We need a Terraform template that creates the IAM roles, SQS queue, and CloudWatch event rules required to run Karpenter on an EKS cluster, including an IAM role for the Karpenter service account with an OIDC provider trust policy and a policy granting EC2, SSM, EKS, and IAM permissions, an SQS queue for native spot termination handling with a queue policy allowing writes from EventBridge and SQS, CloudWatch event rules for health events, spot interruption warnings, instance rebalance recommendations, and instance state changes that target the SQS queue, an IAM role for nodes with the standard EKS worker, ECR, and CNI policies, and an IAM instance profile for the node role, all configurable via variables such as the cluster name, OIDC provider ARN, namespace service account pairs, and tags, with the ability to disable any component through boolean flags.",250,"aws_caller_identity, aws_cloudwatch_event_rule, aws_cloudwatch_event_target, aws_iam_instance_profile, aws_iam_policy, aws_iam_policy_document, aws_iam_role, aws_iam_role_policy_attachment, aws_partition, aws_sqs_queue, aws_sqs_queue_policy"
