scenario_id,source,folder_path,tflint_passed,trivy_scan_success,trivy_critical,trivy_high,trivy_medium,trivy_low,trivy_unknown,tflint_log,source_category,manual_fix_original_scenario_id,manual_fix_note,loc,tokens,n_resources,n_params,difficulty
gh_e661cfa4,Tianyi2/IRIS,iac_benchmark/scenarios/gh_e661cfa4,True,True,0,0,0,0,0,,,,,539.0,4680.0,20.0,6.0,5.0
gh_740cd5c8,Tianyi2/IRIS,iac_benchmark/scenarios/gh_740cd5c8,True,True,0,0,0,3,0,,,,,623.0,4401.0,19.0,7.0,5.0
gh_100f2ed0,Tianyi2/IRIS,iac_benchmark/scenarios/gh_100f2ed0,True,True,0,0,0,0,0,,,,,846.0,4513.0,24.0,3.0,5.0
gh_a367366f,Tianyi2/IRIS,iac_benchmark/scenarios/gh_a367366f,True,True,0,0,0,0,0,,,,,577.0,4575.0,23.0,19.0,5.0
gh_82683e21,Tianyi2/IRIS,iac_benchmark/scenarios/gh_82683e21,True,True,0,0,0,1,0,,,,,821.0,6868.0,20.0,2.0,5.0
gh_862aeb03,Tianyi2/IRIS,iac_benchmark/scenarios/gh_862aeb03,True,True,0,0,0,0,0,,,,,402.0,3466.0,27.0,14.0,5.0
gh_09b5c52c,Tianyi2/IRIS,iac_benchmark/scenarios/gh_09b5c52c,True,True,0,0,0,0,0,,,,,459.0,3434.0,13.0,24.0,5.0
gh_8952a2d4,Tianyi2/IRIS,iac_benchmark/scenarios/gh_8952a2d4,True,True,0,0,0,0,0,,,,,554.0,5174.0,12.0,4.0,5.0
gh_d3a729f1,Tianyi2/IRIS,iac_benchmark/scenarios/gh_d3a729f1,True,True,0,0,0,0,0,,,,,1042.0,7743.0,13.0,43.0,5.0
gh_c6c3e614,Tianyi2/IRIS,iac_benchmark/scenarios/gh_c6c3e614,True,True,0,0,0,0,0,,,,,694.0,5116.0,17.0,10.0,5.0
gh_4275ceea,Tianyi2/IRIS,iac_benchmark/scenarios/gh_4275ceea,True,True,0,0,1,3,0,,,,,778.0,5271.0,16.0,35.0,5.0
gh_47fb12a0,Tianyi2/IRIS,iac_benchmark/scenarios/gh_47fb12a0,True,True,0,0,12,11,0,,,,,1289.0,7801.0,98.0,0.0,5.0
gh_882a9116,Tianyi2/IRIS,iac_benchmark/scenarios/gh_882a9116,True,True,0,0,0,0,0,,,,,997.0,2882.0,21.0,0.0,5.0
gh_81b2417f,Tianyi2/IRIS,iac_benchmark/scenarios/gh_81b2417f,True,True,0,0,0,4,0,,,,,604.0,7520.0,48.0,7.0,5.0
gh_2d4171c0,Tianyi2/IRIS,iac_benchmark/scenarios/gh_2d4171c0,True,True,0,0,0,1,0,,,,,491.0,2947.0,18.0,15.0,5.0
gh_3576c51e,Tianyi2/IRIS,iac_benchmark/scenarios/gh_3576c51e,True,True,0,0,0,0,0,,,,,497.0,3593.0,27.0,13.0,5.0
gh_3628c351,Tianyi2/IRIS,iac_benchmark/scenarios/gh_3628c351,True,True,0,0,0,0,0,,,,,824.0,4335.0,24.0,3.0,5.0
gh_095a6ba4,Tianyi2/IRIS,iac_benchmark/scenarios/gh_095a6ba4,True,True,0,0,0,5,0,,,,,532.0,3946.0,25.0,5.0,5.0
gh_b7372d25,Tianyi2/IRIS,iac_benchmark/scenarios/gh_b7372d25,True,True,0,0,1,2,0,,,,,644.0,5086.0,22.0,32.0,5.0
gh_83e6e5cb,Tianyi2/IRIS,iac_benchmark/scenarios/gh_83e6e5cb,True,True,0,0,0,0,0,,,,,418.0,4012.0,16.0,9.0,5.0
gh_e8718c3e,Tianyi2/IRIS,iac_benchmark/scenarios/gh_e8718c3e,True,True,0,0,2,2,0,,,,,703.0,5167.0,23.0,24.0,5.0
gh_50dbe355,Tianyi2/IRIS,iac_benchmark/scenarios/gh_50dbe355,True,True,0,0,0,0,0,,,,,673.0,4761.0,30.0,17.0,5.0
gh_aaea60c1,Tianyi2/IRIS,iac_benchmark/scenarios/gh_aaea60c1,True,True,0,0,0,0,0,,,,,459.0,3432.0,26.0,7.0,5.0
gh_54c20497,Tianyi2/IRIS,iac_benchmark/scenarios/gh_54c20497,True,True,0,0,1,0,0,,,,,490.0,3810.0,21.0,6.0,5.0
gh_7f07c64f,Tianyi2/IRIS,iac_benchmark/scenarios/gh_7f07c64f,True,True,0,0,0,0,0,,,,,415.0,2544.0,12.0,13.0,5.0
gh_8ed79be8,Tianyi2/IRIS,iac_benchmark/scenarios/gh_8ed79be8,True,True,0,0,0,0,0,,,,,747.0,6660.0,58.0,0.0,5.0
gh_429c6839,Tianyi2/IRIS,iac_benchmark/scenarios/gh_429c6839,True,True,0,0,0,0,0,,,,,741.0,6147.0,13.0,34.0,5.0
gh_5111bc25,Tianyi2/IRIS,iac_benchmark/scenarios/gh_5111bc25,True,True,0,0,0,0,0,,,,,912.0,7161.0,36.0,27.0,5.0
gh_14877675,Tianyi2/IRIS,iac_benchmark/scenarios/gh_14877675,True,True,0,0,0,0,0,,,,,469.0,2289.0,14.0,1.0,5.0
gh_b5e28fc3,Tianyi2/IRIS,iac_benchmark/scenarios/gh_b5e28fc3,True,True,0,0,0,5,0,,,,,760.0,6123.0,17.0,2.0,5.0
gh_471eb52c,aws-cloudformation/iac-model-evaluation,iac_benchmark/scenarios/gh_471eb52c,True,True,0,0,0,0,0,,,,,546.0,3880.0,25.0,2.0,5.0
gh_d8560b24,Tianyi2/IRIS,iac_benchmark/scenarios/gh_d8560b24,True,True,0,0,0,0,0,,,,,748.0,6013.0,45.0,1.0,5.0
gh_b8d67741,Tianyi2/IRIS,iac_benchmark/scenarios/gh_b8d67741,True,True,0,0,2,0,0,,,,,442.0,3195.0,12.0,8.0,5.0
gh_1ccac7e8,Tianyi2/IRIS,iac_benchmark/scenarios/gh_1ccac7e8,True,True,0,0,0,3,0,,,,,895.0,5950.0,26.0,33.0,5.0
gh_33133fa5,Tianyi2/IRIS,iac_benchmark/scenarios/gh_33133fa5,True,True,0,0,2,1,0,,,,,888.0,5725.0,47.0,13.0,5.0
gh_b36bae29,Tianyi2/IRIS,iac_benchmark/scenarios/gh_b36bae29,True,True,0,0,0,0,0,,,,,846.0,7147.0,21.0,34.0,5.0
gh_87da4850,Tianyi2/IRIS,iac_benchmark/scenarios/gh_87da4850,True,True,0,0,0,0,0,,,,,686.0,4304.0,31.0,17.0,5.0
gh_367051fb,Tianyi2/IRIS,iac_benchmark/scenarios/gh_367051fb,True,True,0,0,0,1,0,,,,,1012.0,7760.0,14.0,53.0,5.0
gh_3f73bb44,Tianyi2/IRIS,iac_benchmark/scenarios/gh_3f73bb44,True,True,0,0,0,0,0,,,,,433.0,3007.0,20.0,14.0,5.0
gh_cc7cf5cc,Tianyi2/IRIS,iac_benchmark/scenarios/gh_cc7cf5cc,True,True,0,0,0,2,0,,,,,522.0,3845.0,13.0,25.0,5.0
gh_4763665a,Tianyi2/IRIS,iac_benchmark/scenarios/gh_4763665a,True,True,0,0,0,0,0,,,,,675.0,4543.0,65.0,65.0,5.0
gh_0b2ccf02,Tianyi2/IRIS,iac_benchmark/scenarios/gh_0b2ccf02,True,True,0,0,0,0,0,,,,,677.0,5230.0,35.0,18.0,5.0
gh_92b8a577,Tianyi2/IRIS,iac_benchmark/scenarios/gh_92b8a577,True,True,0,0,0,0,0,,,,,701.0,6419.0,32.0,21.0,5.0
gh_48cb17b2,ValeriiVasianovych/terraform-iac,iac_benchmark/scenarios/gh_48cb17b2,True,True,0,0,0,0,0,,,,,570.0,4257.0,18.0,20.0,5.0
gh_282a95c6,Tianyi2/IRIS,iac_benchmark/scenarios/gh_282a95c6,True,True,0,0,0,0,0,,,,,433.0,3007.0,20.0,14.0,5.0
gh_148e789a,Tianyi2/IRIS,iac_benchmark/scenarios/gh_148e789a,True,True,0,0,0,1,0,,,,,699.0,5613.0,14.0,3.0,5.0
gh_81ac89be,Tianyi2/IRIS,iac_benchmark/scenarios/gh_81ac89be,True,True,0,0,0,11,0,,,,,899.0,7582.0,48.0,45.0,5.0
gh_986dab1b,Tianyi2/IRIS,iac_benchmark/scenarios/gh_986dab1b,True,True,0,0,0,11,0,,,,,563.0,4783.0,37.0,8.0,5.0
gh_b8a276cd,Tianyi2/IRIS,iac_benchmark/scenarios/gh_b8a276cd,True,True,0,0,1,0,0,,,,,513.0,3749.0,12.0,3.0,5.0
gh_63c983dc,Tianyi2/IRIS,iac_benchmark/scenarios/gh_63c983dc,True,True,0,0,1,1,0,,,,,619.0,4334.0,21.0,11.0,5.0
terrads_eeaf58c055fc,Zenodo/TerraDS,iac_benchmark/scenarios/terrads_eeaf58c055fc,True,True,0,0,0,0,0,"NON-JSON OUTPUT:
",,,,559.0,3767.0,35.0,0.0,5.0
terrads_9e210456f944,Zenodo/TerraDS,iac_benchmark/scenarios/terrads_9e210456f944,True,True,0,0,0,0,0,"NON-JSON OUTPUT:
",,,,763.0,5564.0,12.0,40.0,5.0
terrads_ba6894e0cf55,Zenodo/TerraDS,iac_benchmark/scenarios/terrads_ba6894e0cf55,True,True,0,0,0,0,0,"NON-JSON OUTPUT:
",,,,503.0,3749.0,34.0,8.0,5.0
terrads_483e263481c6,Zenodo/TerraDS,iac_benchmark/scenarios/terrads_483e263481c6,True,True,0,0,0,0,0,"NON-JSON OUTPUT:
",,,,647.0,5041.0,12.0,33.0,5.0
terrads_136f17cf152b,Zenodo/TerraDS,iac_benchmark/scenarios/terrads_136f17cf152b,True,True,0,0,0,0,0,"NON-JSON OUTPUT:
",,,,457.0,3264.0,22.0,6.0,5.0
gh_760f0d12,Tianyi2/IRIS,iac_benchmark/scenarios/gh_760f0d12,True,True,0,0,0,0,0,"NON-JSON OUTPUT:
",,,,728.0,5327.0,13.0,11.0,5.0
terrads_d89d26b0cb2b,Zenodo/TerraDS,iac_benchmark/scenarios/terrads_d89d26b0cb2b,True,True,0,0,0,0,0,"NON-JSON OUTPUT:
",,,,511.0,3207.0,29.0,6.0,5.0
terrads_b4b7faccd2c4,Zenodo/TerraDS,iac_benchmark/scenarios/terrads_b4b7faccd2c4,True,True,0,0,0,0,0,"NON-JSON OUTPUT:
",,,,1030.0,7404.0,27.0,53.0,5.0
terrads_e06a8afea9de,Zenodo/TerraDS,iac_benchmark/scenarios/terrads_e06a8afea9de,True,True,0,0,0,0,0,"NON-JSON OUTPUT:
",,,,415.0,2984.0,15.0,28.0,5.0
terrads_6f7ddc620165,Zenodo/TerraDS,iac_benchmark/scenarios/terrads_6f7ddc620165,True,True,0,0,0,0,0,"NON-JSON OUTPUT:
",,,,420.0,3936.0,22.0,20.0,5.0
terrads_5dbd23b0fff0,Zenodo/TerraDS,iac_benchmark/scenarios/terrads_5dbd23b0fff0,True,True,0,0,0,0,0,"NON-JSON OUTPUT:
",,,,701.0,6419.0,32.0,21.0,5.0
terrads_1ed90a2e28f1,Zenodo/TerraDS,iac_benchmark/scenarios/terrads_1ed90a2e28f1,True,True,0,0,0,0,0,"NON-JSON OUTPUT:
",,,,617.0,4427.0,55.0,0.0,5.0
terrads_48d5b890970c,Zenodo/TerraDS,iac_benchmark/scenarios/terrads_48d5b890970c,True,True,0,0,0,0,0,"NON-JSON OUTPUT:
",,,,739.0,5340.0,12.0,39.0,5.0
terrads_f00ff49bd47c,Zenodo/TerraDS,iac_benchmark/scenarios/terrads_f00ff49bd47c,True,True,0,0,0,0,0,"NON-JSON OUTPUT:
",,,,728.0,5328.0,13.0,11.0,5.0
terrads_5925fac83a62,Zenodo/TerraDS,iac_benchmark/scenarios/terrads_5925fac83a62,True,True,0,0,0,0,0,"NON-JSON OUTPUT:
",,,,873.0,6291.0,24.0,42.0,5.0
terrads_673c6ff1bd15,Zenodo/TerraDS,iac_benchmark/scenarios/terrads_673c6ff1bd15,True,True,0,0,0,0,0,"NON-JSON OUTPUT:
",,,,609.0,4037.0,33.0,7.0,5.0
terrads_709e9b2cc09b,Zenodo/TerraDS,iac_benchmark/scenarios/terrads_709e9b2cc09b,True,True,0,0,0,0,0,"NON-JSON OUTPUT:
",,,,452.0,2886.0,23.0,9.0,5.0
terrads_41bb96b60759,Zenodo/TerraDS,iac_benchmark/scenarios/terrads_41bb96b60759,True,True,0,0,0,0,0,"NON-JSON OUTPUT:
",,,,931.0,7880.0,22.0,16.0,5.0
terrads_3a9ba2876cec,Zenodo/TerraDS,iac_benchmark/scenarios/terrads_3a9ba2876cec,True,True,0,0,0,0,0,"NON-JSON OUTPUT:
",,,,444.0,2983.0,15.0,12.0,5.0
terrads_eae693400032,Zenodo/TerraDS,iac_benchmark/scenarios/terrads_eae693400032,True,True,0,0,0,0,0,"NON-JSON OUTPUT:
",,,,536.0,3754.0,45.0,0.0,5.0
terrads_15a6fc359c7e,Zenodo/TerraDS,iac_benchmark/scenarios/terrads_15a6fc359c7e,True,True,0,0,0,0,0,"NON-JSON OUTPUT:
",,,,400.0,2620.0,21.0,0.0,5.0
terrads_7dde7c84c07d,Zenodo/TerraDS,iac_benchmark/scenarios/terrads_7dde7c84c07d,True,True,0,0,0,0,0,"NON-JSON OUTPUT:
",,,,421.0,2789.0,19.0,11.0,5.0
terrads_2732d819a472,Zenodo/TerraDS,iac_benchmark/scenarios/terrads_2732d819a472,True,True,0,0,0,0,0,"NON-JSON OUTPUT:
",,,,701.0,6424.0,32.0,21.0,5.0
terrads_96dacc38795a,Zenodo/TerraDS,iac_benchmark/scenarios/terrads_96dacc38795a,True,True,0,0,0,0,0,"NON-JSON OUTPUT:
",,,,460.0,2751.0,31.0,4.0,5.0
gh_17a8fc93,Tianyi2/IRIS,iac_benchmark/scenarios/gh_17a8fc93,True,True,0,0,0,0,0,"NON-JSON OUTPUT:
",,,,787.0,5831.0,37.0,0.0,5.0
gh_c8499ddf,antonputra/tutorials,iac_benchmark/scenarios/gh_c8499ddf,True,True,0,0,0,0,0,"NON-JSON OUTPUT:
",,,,559.0,3767.0,35.0,0.0,5.0
terrads_51c93a0251b0,Zenodo/TerraDS,iac_benchmark/scenarios/terrads_51c93a0251b0,True,True,0,0,0,0,0,"NON-JSON OUTPUT:
",,,,451.0,3279.0,23.0,15.0,5.0
terrads_f87d97285683,Zenodo/TerraDS,iac_benchmark/scenarios/terrads_f87d97285683,True,True,0,0,0,0,0,"NON-JSON OUTPUT:
",,,,612.0,4382.0,24.0,23.0,5.0
terrads_f7cdc59fc22b,Zenodo/TerraDS,iac_benchmark/scenarios/terrads_f7cdc59fc22b,True,True,0,0,0,0,0,"NON-JSON OUTPUT:
",,,,464.0,3312.0,14.0,12.0,5.0
terrads_ad5cfba3959a,Zenodo/TerraDS,iac_benchmark/scenarios/terrads_ad5cfba3959a,True,True,0,0,0,0,0,"NON-JSON OUTPUT:
",,,,834.0,6096.0,15.0,39.0,5.0
terrads_3b9b4949f13e,Zenodo/TerraDS,iac_benchmark/scenarios/terrads_3b9b4949f13e,True,True,0,0,0,0,0,"NON-JSON OUTPUT:
",,,,480.0,4734.0,18.0,31.0,5.0
terrads_cbfc20909c84,Zenodo/TerraDS,iac_benchmark/scenarios/terrads_cbfc20909c84,True,True,0,0,0,0,0,"NON-JSON OUTPUT:
",,,,536.0,3754.0,45.0,0.0,5.0
terrads_1970d60dea47,Zenodo/TerraDS,iac_benchmark/scenarios/terrads_1970d60dea47,True,True,0,0,0,0,0,"NON-JSON OUTPUT:
",,,,897.0,7483.0,12.0,47.0,5.0
terrads_4d9f51dd3635,Zenodo/TerraDS,iac_benchmark/scenarios/terrads_4d9f51dd3635,True,True,0,0,0,0,0,"NON-JSON OUTPUT:
",,,,530.0,3318.0,19.0,25.0,5.0
terrads_6f97821a57ad,Zenodo/TerraDS,iac_benchmark/scenarios/terrads_6f97821a57ad,True,True,0,0,0,0,0,"NON-JSON OUTPUT:
",,,,740.0,5354.0,12.0,39.0,5.0
terrads_96324de9be78,Zenodo/TerraDS,iac_benchmark/scenarios/terrads_96324de9be78,True,True,0,0,0,0,0,"NON-JSON OUTPUT:
",,,,433.0,3267.0,14.0,6.0,5.0
terrads_02f004694108,Zenodo/TerraDS,iac_benchmark/scenarios/terrads_02f004694108,True,True,0,0,0,0,0,"NON-JSON OUTPUT:
",,,,607.0,4134.0,13.0,23.0,5.0
terrads_9e384679415e,Zenodo/TerraDS,iac_benchmark/scenarios/terrads_9e384679415e,True,True,0,0,0,0,0,"NON-JSON OUTPUT:
",,,,617.0,4427.0,55.0,0.0,5.0
terrads_ecbc58f07a95,Zenodo/TerraDS,iac_benchmark/scenarios/terrads_ecbc58f07a95,True,True,0,0,0,0,0,"NON-JSON OUTPUT:
",,,,555.0,4250.0,25.0,12.0,5.0
terrads_4d2e382d94f2,Zenodo/TerraDS,iac_benchmark/scenarios/terrads_4d2e382d94f2,True,True,0,0,0,0,0,"NON-JSON OUTPUT:
",,,,424.0,3958.0,22.0,21.0,5.0
terrads_51fddb8ba5ac,Zenodo/TerraDS,iac_benchmark/scenarios/terrads_51fddb8ba5ac,True,True,0,0,0,0,0,"NON-JSON OUTPUT:
",,,,854.0,7602.0,23.0,53.0,5.0
terrads_7e162360385d,Zenodo/TerraDS,iac_benchmark/scenarios/terrads_7e162360385d,True,True,0,0,0,0,0,"NON-JSON OUTPUT:
",,,,452.0,2886.0,23.0,9.0,5.0
terrads_5fe4595ffc30,Zenodo/TerraDS,iac_benchmark/scenarios/terrads_5fe4595ffc30,True,True,0,0,0,0,0,"NON-JSON OUTPUT:
",,,,438.0,2950.0,13.0,5.0,5.0
terrads_f221d5d6e510,Zenodo/TerraDS,iac_benchmark/scenarios/terrads_f221d5d6e510,True,True,0,0,0,0,0,"NON-JSON OUTPUT:
",,,,464.0,2931.0,28.0,5.0,5.0
terrads_fc4add828f67,Zenodo/TerraDS,iac_benchmark/scenarios/terrads_fc4add828f67,True,True,0,0,0,0,0,"NON-JSON OUTPUT:
",,,,572.0,3993.0,14.0,2.0,5.0
terrads_def24324a9d4,Zenodo/TerraDS,iac_benchmark/scenarios/terrads_def24324a9d4,True,True,0,0,0,0,0,"NON-JSON OUTPUT:
",,,,500.0,3415.0,13.0,14.0,5.0
terrads_92eee3aded68,Zenodo/TerraDS,iac_benchmark/scenarios/terrads_92eee3aded68,True,True,0,0,0,0,0,"NON-JSON OUTPUT:
",,,,680.0,4764.0,21.0,22.0,5.0
terrads_d564975a3eea,Zenodo/TerraDS,iac_benchmark/scenarios/terrads_d564975a3eea,True,True,0,0,0,0,0,"NON-JSON OUTPUT:
",,,,444.0,4427.0,30.0,13.0,5.0
terrads_aed6f487f8af,Zenodo/TerraDS,iac_benchmark/scenarios/terrads_aed6f487f8af,True,True,0,0,0,0,0,"NON-JSON OUTPUT:
",,,,617.0,4427.0,55.0,0.0,5.0
terrads_1de5cea1108b,Zenodo/TerraDS,iac_benchmark/scenarios/terrads_1de5cea1108b,True,True,0,0,0,0,0,"NON-JSON OUTPUT:
",,,,442.0,4081.0,22.0,22.0,5.0
terrads_89009c3ba2fa,Zenodo/TerraDS,iac_benchmark/scenarios/terrads_89009c3ba2fa,True,True,0,0,0,0,0,"NON-JSON OUTPUT:
",,,,801.0,6046.0,26.0,23.0,5.0
terrads_265d051c70be,Zenodo/TerraDS,iac_benchmark/scenarios/terrads_265d051c70be,True,True,0,0,0,0,0,"NON-JSON OUTPUT:
",,,,999.0,6821.0,16.0,27.0,5.0
terrads_d7942e7fbdda,Zenodo/TerraDS,iac_benchmark/scenarios/terrads_d7942e7fbdda,True,True,0,0,0,0,0,"NON-JSON OUTPUT:
",,,,584.0,4063.0,29.0,11.0,5.0
terrads_85c2c985b658,Zenodo/TerraDS,iac_benchmark/scenarios/terrads_85c2c985b658,True,True,0,0,0,0,0,"NON-JSON OUTPUT:
",,,,701.0,6419.0,32.0,21.0,5.0
terrads_ca4cb37088f8,Zenodo/TerraDS,iac_benchmark/scenarios/terrads_ca4cb37088f8,True,True,0,0,0,0,0,"NON-JSON OUTPUT:
",,,,536.0,3754.0,45.0,0.0,5.0
terrads_9989a96f8c91,Zenodo/TerraDS,iac_benchmark/scenarios/terrads_9989a96f8c91,True,True,0,0,0,0,0,"NON-JSON OUTPUT:
",,,,614.0,6201.0,12.0,29.0,5.0
terrads_0ddb399ae4dc,Zenodo/TerraDS,iac_benchmark/scenarios/terrads_0ddb399ae4dc,True,True,0,0,0,0,0,"NON-JSON OUTPUT:
",,,,485.0,3209.0,15.0,12.0,5.0
terrads_f27a36cbda8b,Zenodo/TerraDS,iac_benchmark/scenarios/terrads_f27a36cbda8b,True,True,0,0,0,0,0,"NON-JSON OUTPUT:
",,,,617.0,4427.0,55.0,0.0,5.0
terrads_39073a88dcc7,Zenodo/TerraDS,iac_benchmark/scenarios/terrads_39073a88dcc7,True,True,0,0,0,0,0,"NON-JSON OUTPUT:
",,,,774.0,6397.0,15.0,72.0,5.0
terrads_5d496347cf5d,Zenodo/TerraDS,iac_benchmark/scenarios/terrads_5d496347cf5d,True,True,0,0,0,0,0,"NON-JSON OUTPUT:
",,,,571.0,4505.0,23.0,6.0,5.0
terrads_b5dcbb76145a,Zenodo/TerraDS,iac_benchmark/scenarios/terrads_b5dcbb76145a,True,True,0,0,0,0,0,"NON-JSON OUTPUT:
",,,,979.0,7098.0,33.0,43.0,5.0
terrads_77f7f8653ee7,Zenodo/TerraDS,iac_benchmark/scenarios/terrads_77f7f8653ee7,True,True,0,0,0,0,0,"NON-JSON OUTPUT:
",,,,428.0,3069.0,12.0,19.0,5.0
terrads_673224f21720,Zenodo/TerraDS,iac_benchmark/scenarios/terrads_673224f21720,True,True,0,0,0,0,0,"NON-JSON OUTPUT:
",,,,498.0,3150.0,23.0,0.0,5.0
terrads_d217f23d536d,Zenodo/TerraDS,iac_benchmark/scenarios/terrads_d217f23d536d,True,True,0,0,0,0,0,"NON-JSON OUTPUT:
",,,,581.0,5451.0,12.0,36.0,5.0
terrads_90f39b3b46a5,Zenodo/TerraDS,iac_benchmark/scenarios/terrads_90f39b3b46a5,True,True,0,0,0,0,0,"NON-JSON OUTPUT:
",,,,775.0,5776.0,24.0,56.0,5.0
terrads_2d2afe6a783a,Zenodo/TerraDS,iac_benchmark/scenarios/terrads_2d2afe6a783a,True,True,0,0,0,0,0,"NON-JSON OUTPUT:
",,,,426.0,3659.0,12.0,26.0,5.0
terrads_5b8fb0bd88f5,Zenodo/TerraDS,iac_benchmark/scenarios/terrads_5b8fb0bd88f5,True,True,0,0,0,0,0,"NON-JSON OUTPUT:
",,,,522.0,3924.0,29.0,24.0,5.0
terrads_384db1c3e197,Zenodo/TerraDS,iac_benchmark/scenarios/terrads_384db1c3e197,True,True,0,0,0,0,0,"NON-JSON OUTPUT:
",,,,704.0,7287.0,29.0,4.0,5.0
terrads_0ce00a6d42a2,Zenodo/TerraDS,iac_benchmark/scenarios/terrads_0ce00a6d42a2,True,True,0,0,0,0,0,"NON-JSON OUTPUT:
",,,,804.0,6395.0,14.0,71.0,5.0
terrads_9d4b58acf755,Zenodo/TerraDS,iac_benchmark/scenarios/terrads_9d4b58acf755,True,True,0,0,0,0,0,"NON-JSON OUTPUT:
",,,,763.0,5574.0,12.0,40.0,5.0
terrads_4db0470be411,Zenodo/TerraDS,iac_benchmark/scenarios/terrads_4db0470be411,True,True,0,0,0,0,0,"NON-JSON OUTPUT:
",,,,739.0,5354.0,12.0,39.0,5.0
terrads_5b3622a2a3be,Zenodo/TerraDS,iac_benchmark/scenarios/terrads_5b3622a2a3be,True,True,0,0,0,0,0,"NON-JSON OUTPUT:
",,,,524.0,3392.0,18.0,7.0,5.0
terrads_1c13db301d8c,Zenodo/TerraDS,iac_benchmark/scenarios/terrads_1c13db301d8c,True,True,0,0,0,0,0,"NON-JSON OUTPUT:
",,,,899.0,7582.0,48.0,45.0,5.0
terrads_55738cb1b5d8,Zenodo/TerraDS,iac_benchmark/scenarios/terrads_55738cb1b5d8,True,True,0,0,0,0,0,"NON-JSON OUTPUT:
",,,,774.0,6390.0,15.0,72.0,5.0
terrads_93d000487499,Zenodo/TerraDS,iac_benchmark/scenarios/terrads_93d000487499,True,True,0,0,0,0,0,"NON-JSON OUTPUT:
",,,,860.0,6081.0,15.0,50.0,5.0
terrads_80c4943be5f0,Zenodo/TerraDS,iac_benchmark/scenarios/terrads_80c4943be5f0,True,True,0,0,0,0,0,"NON-JSON OUTPUT:
",,,,527.0,3807.0,15.0,30.0,5.0
terrads_52a53b502673,Zenodo/TerraDS,iac_benchmark/scenarios/terrads_52a53b502673,True,True,0,0,0,0,0,"NON-JSON OUTPUT:
",,,,781.0,5512.0,12.0,29.0,5.0
terrads_4d7a27ce33e3,Zenodo/TerraDS,iac_benchmark/scenarios/terrads_4d7a27ce33e3,True,True,0,0,0,0,0,"NON-JSON OUTPUT:
",,,,902.0,7414.0,15.0,54.0,5.0
terrads_0c44ed80954e,Zenodo/TerraDS,iac_benchmark/scenarios/terrads_0c44ed80954e,True,True,0,0,0,0,0,"NON-JSON OUTPUT:
",,,,573.0,4008.0,14.0,2.0,5.0
terrads_e4fc8fe49620,Zenodo/TerraDS,iac_benchmark/scenarios/terrads_e4fc8fe49620,True,True,0,0,0,0,0,"NON-JSON OUTPUT:
",,,,596.0,4559.0,16.0,26.0,5.0
terrads_fea387eb0c0a,Zenodo/TerraDS,iac_benchmark/scenarios/terrads_fea387eb0c0a,True,True,0,0,0,0,0,"NON-JSON OUTPUT:
",,,,617.0,4427.0,55.0,0.0,5.0
terrads_7c84ff7d3519,Zenodo/TerraDS,iac_benchmark/scenarios/terrads_7c84ff7d3519,True,True,0,0,0,0,0,"NON-JSON OUTPUT:
",,,,514.0,3727.0,13.0,25.0,5.0
terrads_205dfc3491f3,Zenodo/TerraDS,iac_benchmark/scenarios/terrads_205dfc3491f3,True,True,0,0,0,0,0,"NON-JSON OUTPUT:
",,,,552.0,3995.0,19.0,29.0,5.0
terrads_a080d66c86de,Zenodo/TerraDS,iac_benchmark/scenarios/terrads_a080d66c86de,True,True,0,0,0,0,0,"NON-JSON OUTPUT:
",,,,503.0,3673.0,34.0,8.0,5.0
terrads_191a63837a5b,Zenodo/TerraDS,iac_benchmark/scenarios/terrads_191a63837a5b,True,True,0,0,0,0,0,"NON-JSON OUTPUT:
",,,,498.0,3150.0,23.0,0.0,5.0
terrads_a6dd98701275,Zenodo/TerraDS,iac_benchmark/scenarios/terrads_a6dd98701275,True,True,0,0,0,0,0,"NON-JSON OUTPUT:
",,,,730.0,5323.0,13.0,30.0,5.0
terrads_b55c1201a7e7,Zenodo/TerraDS,iac_benchmark/scenarios/terrads_b55c1201a7e7,True,True,0,0,0,0,0,"NON-JSON OUTPUT:
",,,,606.0,4192.0,12.0,10.0,5.0
terrads_c1d56084d1e3,Zenodo/TerraDS,iac_benchmark/scenarios/terrads_c1d56084d1e3,True,True,0,0,0,0,0,"NON-JSON OUTPUT:
",,,,434.0,3300.0,35.0,11.0,5.0
terrads_a89d29b0b3da,Zenodo/TerraDS,iac_benchmark/scenarios/terrads_a89d29b0b3da,True,True,0,0,0,0,0,"NON-JSON OUTPUT:
",,,,521.0,3055.0,13.0,14.0,5.0
terrads_57625f72a807,Zenodo/TerraDS,iac_benchmark/scenarios/terrads_57625f72a807,True,True,0,0,0,0,0,"NON-JSON OUTPUT:
",,,,1004.0,7599.0,12.0,41.0,5.0
terrads_c7e4947276d6,Zenodo/TerraDS,iac_benchmark/scenarios/terrads_c7e4947276d6,True,True,0,0,0,0,0,"NON-JSON OUTPUT:
",,,,739.0,4980.0,14.0,26.0,5.0
terrads_0c36c4e26b85,Zenodo/TerraDS,iac_benchmark/scenarios/terrads_0c36c4e26b85,True,True,0,0,0,0,0,"NON-JSON OUTPUT:
",,,,452.0,2886.0,23.0,9.0,5.0
terrads_3a5897921451,Zenodo/TerraDS,iac_benchmark/scenarios/terrads_3a5897921451,True,True,0,0,0,0,0,"NON-JSON OUTPUT:
",,,,572.0,3993.0,14.0,2.0,5.0
terrads_7d4f91d16614,Zenodo/TerraDS,iac_benchmark/scenarios/terrads_7d4f91d16614,True,True,0,0,0,0,0,"NON-JSON OUTPUT:
",,,,774.0,6399.0,15.0,72.0,5.0
terrads_f86afb58a0d5,Zenodo/TerraDS,iac_benchmark/scenarios/terrads_f86afb58a0d5,True,True,0,0,0,0,0,"NON-JSON OUTPUT:
",,,,763.0,5564.0,12.0,40.0,5.0
terrads_1699ec323f93,Zenodo/TerraDS,iac_benchmark/scenarios/terrads_1699ec323f93,True,True,0,0,0,0,0,"NON-JSON OUTPUT:
",,,,647.0,4744.0,23.0,12.0,5.0
terrads_210c7daf0cad,Zenodo/TerraDS,iac_benchmark/scenarios/terrads_210c7daf0cad,True,True,0,0,0,0,0,"NON-JSON OUTPUT:
",,,,763.0,5564.0,12.0,40.0,5.0
terrads_8c0cba4b4413,Zenodo/TerraDS,iac_benchmark/scenarios/terrads_8c0cba4b4413,True,True,0,0,0,0,0,"NON-JSON OUTPUT:
",,,,452.0,4543.0,30.0,13.0,5.0
terrads_e9a4790a054f,Zenodo/TerraDS,iac_benchmark/scenarios/terrads_e9a4790a054f,True,True,0,0,0,0,0,"NON-JSON OUTPUT:
",,,,536.0,3754.0,45.0,0.0,5.0
terrads_e2f5dfd108dd,Zenodo/TerraDS,iac_benchmark/scenarios/terrads_e2f5dfd108dd,True,True,0,0,0,0,0,"NON-JSON OUTPUT:
",,,,536.0,3754.0,45.0,0.0,5.0
terrads_c2967c2c1db1,Zenodo/TerraDS,iac_benchmark/scenarios/terrads_c2967c2c1db1,True,True,0,0,0,0,0,"NON-JSON OUTPUT:
",,,,604.0,5315.0,43.0,9.0,5.0
terrads_78fb67586827,Zenodo/TerraDS,iac_benchmark/scenarios/terrads_78fb67586827,True,True,0,0,0,0,0,"NON-JSON OUTPUT:
",,,,536.0,3754.0,45.0,0.0,5.0
terrads_889a7aecb167,Zenodo/TerraDS,iac_benchmark/scenarios/terrads_889a7aecb167,True,True,0,0,0,0,0,"NON-JSON OUTPUT:
",,,,464.0,2924.0,28.0,5.0,5.0
terrads_035c6d3ea637,Zenodo/TerraDS,iac_benchmark/scenarios/terrads_035c6d3ea637,True,True,0,0,0,0,0,"NON-JSON OUTPUT:
",,,,515.0,4034.0,34.0,10.0,5.0
terrads_41c0190960df,Zenodo/TerraDS,iac_benchmark/scenarios/terrads_41c0190960df,True,True,0,0,0,0,0,"NON-JSON OUTPUT:
",,,,570.0,4389.0,22.0,15.0,5.0
terrads_af5f1eabf19d,Zenodo/TerraDS,iac_benchmark/scenarios/terrads_af5f1eabf19d,True,True,0,0,0,0,0,"NON-JSON OUTPUT:
",,,,800.0,7306.0,19.0,56.0,5.0
terrads_8c1e0986d0ee,Zenodo/TerraDS,iac_benchmark/scenarios/terrads_8c1e0986d0ee,True,True,0,0,0,0,0,"NON-JSON OUTPUT:
",,,,400.0,2765.0,16.0,14.0,5.0
terrads_7f355a98971b,Zenodo/TerraDS,iac_benchmark/scenarios/terrads_7f355a98971b,True,True,0,0,0,0,0,"NON-JSON OUTPUT:
",,,,820.0,6618.0,12.0,33.0,5.0
gh_24b98209,Tianyi2/IRIS,iac_benchmark/scenarios/gh_24b98209,True,True,0,0,0,0,0,"NON-JSON OUTPUT:
",,,,514.0,3334.0,16.0,16.0,5.0
terrads_c3eaa98490cd,Zenodo/TerraDS,iac_benchmark/scenarios/terrads_c3eaa98490cd,True,True,0,0,0,0,0,"NON-JSON OUTPUT:
",,,,617.0,4427.0,55.0,0.0,5.0
terrads_500edc930d0d,Zenodo/TerraDS,iac_benchmark/scenarios/terrads_500edc930d0d,True,True,0,0,0,0,0,"NON-JSON OUTPUT:
",,,,458.0,3358.0,44.0,4.0,5.0
terrads_fa8f51396ff0,Zenodo/TerraDS,iac_benchmark/scenarios/terrads_fa8f51396ff0,True,True,0,0,0,0,0,"NON-JSON OUTPUT:
",,,,559.0,3767.0,35.0,0.0,5.0
terrads_dc43f782795d,Zenodo/TerraDS,iac_benchmark/scenarios/terrads_dc43f782795d,True,True,0,0,0,0,0,"NON-JSON OUTPUT:
",,,,767.0,7065.0,34.0,24.0,5.0
terrads_7f77d6c97b2f,Zenodo/TerraDS,iac_benchmark/scenarios/terrads_7f77d6c97b2f,True,True,0,0,0,0,0,"NON-JSON OUTPUT:
",,,,452.0,2886.0,23.0,9.0,5.0
terrads_a81b5a6751bc,Zenodo/TerraDS,iac_benchmark/scenarios/terrads_a81b5a6751bc,True,True,0,0,0,0,0,"NON-JSON OUTPUT:
",,,,1011.0,7149.0,12.0,69.0,5.0
terrads_2b90b58e31bc,Zenodo/TerraDS,iac_benchmark/scenarios/terrads_2b90b58e31bc,True,True,0,0,0,0,0,"NON-JSON OUTPUT:
",,,,753.0,5456.0,18.0,28.0,5.0
terrads_fcc1b57b35f0,Zenodo/TerraDS,iac_benchmark/scenarios/terrads_fcc1b57b35f0,True,True,0,0,0,0,0,"NON-JSON OUTPUT:
",,,,766.0,5007.0,34.0,8.0,5.0
terrads_a6329b285b36,Zenodo/TerraDS,iac_benchmark/scenarios/terrads_a6329b285b36,True,True,0,0,0,0,0,"NON-JSON OUTPUT:
",,,,728.0,5010.0,12.0,47.0,5.0
terrads_396acbe049a9,Zenodo/TerraDS,iac_benchmark/scenarios/terrads_396acbe049a9,True,True,0,0,0,0,0,"NON-JSON OUTPUT:
",,,,464.0,2925.0,28.0,5.0,5.0
terrads_419b095d6ecf,Zenodo/TerraDS,iac_benchmark/scenarios/terrads_419b095d6ecf,True,True,0,0,0,0,0,"NON-JSON OUTPUT:
",,,,496.0,3239.0,22.0,2.0,5.0
terrads_37c70bb8158c,Zenodo/TerraDS,iac_benchmark/scenarios/terrads_37c70bb8158c,True,True,0,0,0,0,0,"NON-JSON OUTPUT:
",,,,687.0,3970.0,20.0,0.0,5.0
terrads_8ac06a55e4fb,Zenodo/TerraDS,iac_benchmark/scenarios/terrads_8ac06a55e4fb,True,True,0,0,0,0,0,"NON-JSON OUTPUT:
",,,,447.0,4337.0,16.0,24.0,5.0
terrads_58729533f140,Zenodo/TerraDS,iac_benchmark/scenarios/terrads_58729533f140,True,True,0,0,0,0,0,"NON-JSON OUTPUT:
",,,,978.0,6936.0,53.0,6.0,5.0
terrads_61608f1be348,Zenodo/TerraDS,iac_benchmark/scenarios/terrads_61608f1be348,True,True,0,0,0,0,0,"NON-JSON OUTPUT:
",,,,452.0,2886.0,23.0,9.0,5.0
terrads_705d9661a3e7,Zenodo/TerraDS,iac_benchmark/scenarios/terrads_705d9661a3e7,True,True,0,0,0,0,0,"NON-JSON OUTPUT:
",,,,679.0,5274.0,35.0,31.0,5.0
terrads_b5964a719fec,Zenodo/TerraDS,iac_benchmark/scenarios/terrads_b5964a719fec,True,True,0,0,0,0,0,"NON-JSON OUTPUT:
",,,,536.0,3754.0,45.0,0.0,5.0
terrads_66b6a87e6479,Zenodo/TerraDS,iac_benchmark/scenarios/terrads_66b6a87e6479,True,True,0,0,0,0,0,"NON-JSON OUTPUT:
",,,,607.0,3580.0,16.0,24.0,5.0
terrads_2bdec643c71d,Zenodo/TerraDS,iac_benchmark/scenarios/terrads_2bdec643c71d,True,True,0,0,0,0,0,"NON-JSON OUTPUT:
",,,,452.0,2886.0,23.0,9.0,5.0
terrads_6c093bd9e940,Zenodo/TerraDS,iac_benchmark/scenarios/terrads_6c093bd9e940,True,True,0,0,0,0,0,"NON-JSON OUTPUT:
",,,,536.0,3754.0,45.0,0.0,5.0
terrads_89a814c40862,Zenodo/TerraDS,iac_benchmark/scenarios/terrads_89a814c40862,True,True,0,0,0,0,0,"NON-JSON OUTPUT:
",,,,622.0,4889.0,22.0,30.0,5.0
terrads_4358f0d9ee8c,Zenodo/TerraDS,iac_benchmark/scenarios/terrads_4358f0d9ee8c,True,True,0,0,0,0,0,"NON-JSON OUTPUT:
",,,,857.0,6152.0,37.0,10.0,5.0
terrads_3cf66559cb90,Zenodo/TerraDS,iac_benchmark/scenarios/terrads_3cf66559cb90,True,True,0,0,0,0,0,"NON-JSON OUTPUT:
",,,,558.0,5177.0,23.0,16.0,5.0
terrads_91c0ea8d2c68,Zenodo/TerraDS,iac_benchmark/scenarios/terrads_91c0ea8d2c68,True,True,0,0,0,0,0,"NON-JSON OUTPUT:
",,,,448.0,3600.0,13.0,41.0,5.0
terrads_5a4ea5bfe6e1,Zenodo/TerraDS,iac_benchmark/scenarios/terrads_5a4ea5bfe6e1,True,True,0,0,0,0,0,"NON-JSON OUTPUT:
",,,,498.0,3150.0,23.0,0.0,5.0
terrads_5dbceff53a73,Zenodo/TerraDS,iac_benchmark/scenarios/terrads_5dbceff53a73,True,True,0,0,0,0,0,"NON-JSON OUTPUT:
",,,,536.0,3754.0,45.0,0.0,5.0
terrads_9427acc9d3b5,Zenodo/TerraDS,iac_benchmark/scenarios/terrads_9427acc9d3b5,True,True,0,0,0,0,0,"NON-JSON OUTPUT:
",,,,763.0,5564.0,12.0,40.0,5.0
terrads_cc9d25eb0b6c,Zenodo/TerraDS,iac_benchmark/scenarios/terrads_cc9d25eb0b6c,True,True,0,0,0,0,0,"NON-JSON OUTPUT:
",,,,525.0,4161.0,15.0,22.0,5.0
terrads_7d196a41306e,Zenodo/TerraDS,iac_benchmark/scenarios/terrads_7d196a41306e,True,True,0,0,0,0,0,"NON-JSON OUTPUT:
",,,,594.0,4026.0,15.0,36.0,5.0
terrads_dca68e7431aa,Zenodo/TerraDS,iac_benchmark/scenarios/terrads_dca68e7431aa,True,True,0,0,0,0,0,"NON-JSON OUTPUT:
",,,,617.0,4427.0,55.0,0.0,5.0
terrads_6b19490061da,Zenodo/TerraDS,iac_benchmark/scenarios/terrads_6b19490061da,True,True,0,0,0,0,0,"NON-JSON OUTPUT:
",,,,498.0,3150.0,23.0,0.0,5.0
terrads_7c7e2e47289f,Zenodo/TerraDS,iac_benchmark/scenarios/terrads_7c7e2e47289f,True,True,0,0,0,0,0,"NON-JSON OUTPUT:
",,,,452.0,2886.0,23.0,9.0,5.0
terrads_b12bae1cdc1f,Zenodo/TerraDS,iac_benchmark/scenarios/terrads_b12bae1cdc1f,True,True,0,0,0,0,0,"NON-JSON OUTPUT:
",,,,633.0,4197.0,14.0,25.0,5.0
terrads_66cf2d59f922,Zenodo/TerraDS,iac_benchmark/scenarios/terrads_66cf2d59f922,True,True,0,0,0,0,0,"NON-JSON OUTPUT:
",,,,457.0,2650.0,13.0,9.0,5.0
terrads_dc0796c32eff,Zenodo/TerraDS,iac_benchmark/scenarios/terrads_dc0796c32eff,True,True,0,0,0,0,0,"NON-JSON OUTPUT:
",,,,435.0,3101.0,16.0,26.0,5.0
terrads_e8785ae3dc33,Zenodo/TerraDS,iac_benchmark/scenarios/terrads_e8785ae3dc33,True,True,0,0,0,0,0,"NON-JSON OUTPUT:
",,,,1107.0,7961.0,20.0,30.0,5.0
terrads_12a6bbbb2535,Zenodo/TerraDS,iac_benchmark/scenarios/terrads_12a6bbbb2535,True,True,0,0,0,0,0,"NON-JSON OUTPUT:
",,,,888.0,5884.0,26.0,32.0,5.0
terrads_dfee4154bd43,Zenodo/TerraDS,iac_benchmark/scenarios/terrads_dfee4154bd43,True,True,0,0,0,0,0,"NON-JSON OUTPUT:
",,,,608.0,3988.0,15.0,58.0,5.0
terrads_3b913b3140bc,Zenodo/TerraDS,iac_benchmark/scenarios/terrads_3b913b3140bc,True,True,0,0,0,0,0,"NON-JSON OUTPUT:
",,,,495.0,3678.0,34.0,6.0,5.0
terrads_da22dfa7ab3f,Zenodo/TerraDS,iac_benchmark/scenarios/terrads_da22dfa7ab3f,True,True,0,0,0,0,0,"NON-JSON OUTPUT:
",,,,452.0,2886.0,23.0,9.0,5.0
terrads_55fde25e55c3,Zenodo/TerraDS,iac_benchmark/scenarios/terrads_55fde25e55c3,True,True,0,0,0,0,0,"NON-JSON OUTPUT:
",,,,422.0,2989.0,18.0,18.0,5.0
terrads_b3e84e06c68e,Zenodo/TerraDS,iac_benchmark/scenarios/terrads_b3e84e06c68e,True,True,0,0,0,0,0,"NON-JSON OUTPUT:
",,,,617.0,4427.0,55.0,0.0,5.0
terrads_7a5320b0aa9e,Zenodo/TerraDS,iac_benchmark/scenarios/terrads_7a5320b0aa9e,True,True,0,0,0,0,0,"NON-JSON OUTPUT:
",,,,498.0,3150.0,23.0,0.0,5.0
terrads_4f62930ccc14,Zenodo/TerraDS,iac_benchmark/scenarios/terrads_4f62930ccc14,True,True,0,0,0,0,0,"NON-JSON OUTPUT:
",,,,498.0,3150.0,23.0,0.0,5.0
terrads_2eb13e6b2859,Zenodo/TerraDS,iac_benchmark/scenarios/terrads_2eb13e6b2859,True,True,0,0,0,0,0,"NON-JSON OUTPUT:
",,,,783.0,5290.0,19.0,4.0,5.0
terrads_c3022fe87e62,Zenodo/TerraDS,iac_benchmark/scenarios/terrads_c3022fe87e62,True,True,0,0,0,0,0,"NON-JSON OUTPUT:
",,,,498.0,3150.0,23.0,0.0,5.0
terrads_00d5cb2abf97,Zenodo/TerraDS,iac_benchmark/scenarios/terrads_00d5cb2abf97,True,True,0,0,0,0,0,"NON-JSON OUTPUT:
",,,,410.0,2895.0,37.0,0.0,5.0
terrads_c9aedf72dfe9,Zenodo/TerraDS,iac_benchmark/scenarios/terrads_c9aedf72dfe9,True,True,0,0,0,0,0,"NON-JSON OUTPUT:
",,,,452.0,2886.0,23.0,9.0,5.0
terrads_7ccd791d11b9,Zenodo/TerraDS,iac_benchmark/scenarios/terrads_7ccd791d11b9,True,True,0,0,0,0,0,"NON-JSON OUTPUT:
",,,,699.0,6266.0,30.0,37.0,5.0
terrads_7e5f0275b5a3,Zenodo/TerraDS,iac_benchmark/scenarios/terrads_7e5f0275b5a3,True,True,0,0,0,0,0,"NON-JSON OUTPUT:
",,,,536.0,3754.0,45.0,0.0,5.0
terrads_e0b9548a348f,Zenodo/TerraDS,iac_benchmark/scenarios/terrads_e0b9548a348f,True,True,0,0,0,0,0,"NON-JSON OUTPUT:
",,,,1037.0,7440.0,34.0,49.0,5.0
terrads_c39fb94a1939,Zenodo/TerraDS,iac_benchmark/scenarios/terrads_c39fb94a1939,True,True,0,0,0,0,0,"NON-JSON OUTPUT:
",,,,745.0,5374.0,12.0,36.0,5.0
terrads_33766381a4b4,Zenodo/TerraDS,iac_benchmark/scenarios/terrads_33766381a4b4,True,True,0,0,0,0,0,"NON-JSON OUTPUT:
",,,,479.0,4715.0,18.0,31.0,5.0
terrads_3978bb384932,Zenodo/TerraDS,iac_benchmark/scenarios/terrads_3978bb384932,True,True,0,0,0,0,0,"NON-JSON OUTPUT:
",,,,402.0,3334.0,26.0,10.0,5.0
terrads_36db213f6958,Zenodo/TerraDS,iac_benchmark/scenarios/terrads_36db213f6958,True,True,0,0,0,0,0,"NON-JSON OUTPUT:
",,,,1112.0,6553.0,24.0,10.0,5.0
terrads_4913028d2df6,Zenodo/TerraDS,iac_benchmark/scenarios/terrads_4913028d2df6,True,True,0,0,0,0,0,"NON-JSON OUTPUT:
",,,,632.0,4174.0,34.0,2.0,5.0
terrads_0c0bdf0614b3,Zenodo/TerraDS,iac_benchmark/scenarios/terrads_0c0bdf0614b3,True,True,0,0,0,0,0,"NON-JSON OUTPUT:
",,,,890.0,6384.0,25.0,35.0,5.0
terrads_60720772e80a,Zenodo/TerraDS,iac_benchmark/scenarios/terrads_60720772e80a,True,True,0,0,0,0,0,"NON-JSON OUTPUT:
",,,,618.0,4302.0,17.0,11.0,5.0
terrads_343800660d49,Zenodo/TerraDS,iac_benchmark/scenarios/terrads_343800660d49,True,True,0,0,0,0,0,"NON-JSON OUTPUT:
",,,,503.0,3749.0,34.0,8.0,5.0
terrads_68f01e190988,Zenodo/TerraDS,iac_benchmark/scenarios/terrads_68f01e190988,True,True,0,0,0,0,0,"NON-JSON OUTPUT:
",,,,641.0,4880.0,28.0,15.0,5.0
terrads_1fa4b13bee2a,Zenodo/TerraDS,iac_benchmark/scenarios/terrads_1fa4b13bee2a,True,True,0,0,0,0,0,"NON-JSON OUTPUT:
",,,,573.0,3725.0,17.0,25.0,5.0
terrads_a9abbc786281,Zenodo/TerraDS,iac_benchmark/scenarios/terrads_a9abbc786281,True,True,0,0,0,0,0,"NON-JSON OUTPUT:
",,,,573.0,4008.0,14.0,2.0,5.0
terrads_c90e5348ef0a,Zenodo/TerraDS,iac_benchmark/scenarios/terrads_c90e5348ef0a,True,True,0,0,0,0,0,"NON-JSON OUTPUT:
",,,,496.0,3549.0,14.0,18.0,5.0
gh_4afc23dc,Tianyi2/IRIS,iac_benchmark/scenarios/gh_4afc23dc,True,True,0,0,0,0,0,"NON-JSON OUTPUT:
",,,,617.0,4427.0,55.0,0.0,5.0
terrads_858f5e6cf636,Zenodo/TerraDS,iac_benchmark/scenarios/terrads_858f5e6cf636,True,True,0,0,0,0,0,"NON-JSON OUTPUT:
",,,,820.0,5939.0,12.0,15.0,5.0
terrads_df79575578fd,Zenodo/TerraDS,iac_benchmark/scenarios/terrads_df79575578fd,True,True,0,0,0,0,0,"NON-JSON OUTPUT:
",,,,445.0,2339.0,12.0,6.0,5.0
terrads_f20d3a25647f,Zenodo/TerraDS,iac_benchmark/scenarios/terrads_f20d3a25647f,True,True,0,0,0,0,0,"NON-JSON OUTPUT:
",,,,514.0,4596.0,17.0,20.0,5.0
terrads_e717af992129,Zenodo/TerraDS,iac_benchmark/scenarios/terrads_e717af992129,True,True,0,0,0,0,0,"NON-JSON OUTPUT:
",,,,803.0,6384.0,14.0,71.0,5.0
terrads_e24dc30297df,Zenodo/TerraDS,iac_benchmark/scenarios/terrads_e24dc30297df,True,True,0,0,0,0,0,"NON-JSON OUTPUT:
",,,,451.0,3304.0,15.0,13.0,5.0
terrads_cfe0711d867f,Zenodo/TerraDS,iac_benchmark/scenarios/terrads_cfe0711d867f,True,True,0,0,0,0,0,"NON-JSON OUTPUT:
",,,,569.0,3937.0,23.0,22.0,5.0
terrads_a651d76ef5d2,Zenodo/TerraDS,iac_benchmark/scenarios/terrads_a651d76ef5d2,True,True,0,0,0,0,0,"NON-JSON OUTPUT:
",,,,536.0,3754.0,45.0,0.0,5.0
terrads_ce5484f81fb0,Zenodo/TerraDS,iac_benchmark/scenarios/terrads_ce5484f81fb0,True,True,0,0,0,0,0,"NON-JSON OUTPUT:
",,,,545.0,3479.0,18.0,5.0,5.0
terrads_89760ef9d71f,Zenodo/TerraDS,iac_benchmark/scenarios/terrads_89760ef9d71f,True,True,0,0,0,0,0,"NON-JSON OUTPUT:
",,,,502.0,3995.0,15.0,28.0,5.0
terrads_4af24fe86cc8,Zenodo/TerraDS,iac_benchmark/scenarios/terrads_4af24fe86cc8,True,True,0,0,0,0,0,"NON-JSON OUTPUT:
",,,,1162.0,7713.0,37.0,6.0,5.0
terrads_a0c4073883e6,Zenodo/TerraDS,iac_benchmark/scenarios/terrads_a0c4073883e6,True,True,0,0,0,0,0,"NON-JSON OUTPUT:
",,,,504.0,3749.0,34.0,8.0,5.0
terrads_3bb5ee87bdae,Zenodo/TerraDS,iac_benchmark/scenarios/terrads_3bb5ee87bdae,True,True,0,0,0,0,0,"NON-JSON OUTPUT:
",,,,855.0,5823.0,35.0,27.0,5.0
terrads_aae8196c6547,Zenodo/TerraDS,iac_benchmark/scenarios/terrads_aae8196c6547,True,True,0,0,0,0,0,"NON-JSON OUTPUT:
",,,,719.0,5463.0,32.0,6.0,5.0
terrads_361be0c84b97,Zenodo/TerraDS,iac_benchmark/scenarios/terrads_361be0c84b97,True,True,0,0,0,0,0,"NON-JSON OUTPUT:
",,,,536.0,3754.0,45.0,0.0,5.0
terrads_b2648b1e54fc,Zenodo/TerraDS,iac_benchmark/scenarios/terrads_b2648b1e54fc,True,True,0,0,0,0,0,"NON-JSON OUTPUT:
",,,,895.0,6673.0,38.0,15.0,5.0
terrads_79d7a2c9db64,Zenodo/TerraDS,iac_benchmark/scenarios/terrads_79d7a2c9db64,True,True,0,0,0,0,0,"NON-JSON OUTPUT:
",,,,823.0,6862.0,24.0,47.0,5.0
terrads_bf951e084de6,Zenodo/TerraDS,iac_benchmark/scenarios/terrads_bf951e084de6,True,True,0,0,0,0,0,"NON-JSON OUTPUT:
",,,,617.0,4427.0,55.0,0.0,5.0
terrads_77e221ac7dd2,Zenodo/TerraDS,iac_benchmark/scenarios/terrads_77e221ac7dd2,True,True,0,0,0,0,0,"NON-JSON OUTPUT:
",,,,617.0,4427.0,55.0,0.0,5.0
terrads_ab1493288fb4,Zenodo/TerraDS,iac_benchmark/scenarios/terrads_ab1493288fb4,True,True,0,0,0,0,0,"NON-JSON OUTPUT:
",,,,452.0,2886.0,23.0,9.0,5.0
terrads_c5699dc91e64,Zenodo/TerraDS,iac_benchmark/scenarios/terrads_c5699dc91e64,True,True,0,0,0,0,0,"NON-JSON OUTPUT:
",,,,715.0,6559.0,18.0,40.0,5.0
terrads_291018c7d154,Zenodo/TerraDS,iac_benchmark/scenarios/terrads_291018c7d154,True,True,0,0,0,0,0,"NON-JSON OUTPUT:
",,,,420.0,3936.0,22.0,20.0,5.0
terrads_036cd4686114,Zenodo/TerraDS,iac_benchmark/scenarios/terrads_036cd4686114,True,True,0,0,0,0,0,"NON-JSON OUTPUT:
",,,,406.0,2751.0,13.0,10.0,5.0
terrads_1a8358befb48,Zenodo/TerraDS,iac_benchmark/scenarios/terrads_1a8358befb48,True,True,0,0,0,0,0,"NON-JSON OUTPUT:
",,,,577.0,4840.0,39.0,0.0,5.0
terrads_d54c7a8475ff,Zenodo/TerraDS,iac_benchmark/scenarios/terrads_d54c7a8475ff,True,True,0,0,0,0,0,"NON-JSON OUTPUT:
",,,,1183.0,7161.0,15.0,36.0,5.0
terrads_beb07e2409c1,Zenodo/TerraDS,iac_benchmark/scenarios/terrads_beb07e2409c1,True,True,0,0,0,0,0,"NON-JSON OUTPUT:
",,,,1065.0,7446.0,13.0,43.0,5.0
terrads_ed10a0fbcfcd,Zenodo/TerraDS,iac_benchmark/scenarios/terrads_ed10a0fbcfcd,True,True,0,0,0,0,0,"NON-JSON OUTPUT:
",,,,530.0,4570.0,18.0,6.0,5.0
terrads_3bdfce572e21,Zenodo/TerraDS,iac_benchmark/scenarios/terrads_3bdfce572e21,True,True,0,0,0,0,0,"NON-JSON OUTPUT:
",,,,402.0,2988.0,20.0,13.0,5.0
terrads_7112edb4eba4,Zenodo/TerraDS,iac_benchmark/scenarios/terrads_7112edb4eba4,True,True,0,0,0,0,0,"NON-JSON OUTPUT:
",,,,791.0,5556.0,26.0,26.0,5.0
terrads_e0dbfebce6a2,Zenodo/TerraDS,iac_benchmark/scenarios/terrads_e0dbfebce6a2,True,True,0,0,0,0,0,"NON-JSON OUTPUT:
",,,,634.0,4142.0,15.0,13.0,5.0
terrads_b6dab22cd9b7,Zenodo/TerraDS,iac_benchmark/scenarios/terrads_b6dab22cd9b7,True,True,0,0,0,0,0,"NON-JSON OUTPUT:
",,,,452.0,2886.0,23.0,9.0,5.0
terrads_c4ed0ddd02ff,Zenodo/TerraDS,iac_benchmark/scenarios/terrads_c4ed0ddd02ff,True,True,0,0,0,0,0,"NON-JSON OUTPUT:
",,,,452.0,2886.0,23.0,9.0,5.0
terrads_25f54962e3df,Zenodo/TerraDS,iac_benchmark/scenarios/terrads_25f54962e3df,True,True,0,0,0,0,0,"NON-JSON OUTPUT:
",,,,935.0,6849.0,37.0,6.0,5.0
terrads_49591c26687b,Zenodo/TerraDS,iac_benchmark/scenarios/terrads_49591c26687b,True,True,0,0,0,0,0,"NON-JSON OUTPUT:
",,,,752.0,5486.0,19.0,30.0,5.0
gh_5616e260,Tianyi2/IRIS,iac_benchmark/scenarios/gh_5616e260,True,True,0,0,0,0,0,"NON-JSON OUTPUT:
",,,,505.0,3342.0,22.0,13.0,5.0
terrads_0e76eef7ab59,Zenodo/TerraDS,iac_benchmark/scenarios/terrads_0e76eef7ab59,True,True,0,0,0,0,0,"NON-JSON OUTPUT:
",,,,929.0,7454.0,12.0,47.0,5.0
terrads_7b1b24033ebf,Zenodo/TerraDS,iac_benchmark/scenarios/terrads_7b1b24033ebf,True,True,0,0,0,0,0,"NON-JSON OUTPUT:
",,,,728.0,5328.0,13.0,11.0,5.0
terrads_86292feffd9d,Zenodo/TerraDS,iac_benchmark/scenarios/terrads_86292feffd9d,True,True,0,0,0,0,0,"NON-JSON OUTPUT:
",,,,757.0,6822.0,34.0,21.0,5.0
terrads_e5364c57e12e,Zenodo/TerraDS,iac_benchmark/scenarios/terrads_e5364c57e12e,True,True,0,0,0,0,0,"NON-JSON OUTPUT:
",,,,617.0,4427.0,55.0,0.0,5.0
terrads_2160c4b9670d,Zenodo/TerraDS,iac_benchmark/scenarios/terrads_2160c4b9670d,True,True,0,0,0,0,0,"NON-JSON OUTPUT:
",,,,498.0,3150.0,23.0,0.0,5.0
terrads_b3be991db03d,Zenodo/TerraDS,iac_benchmark/scenarios/terrads_b3be991db03d,True,True,0,0,0,0,0,"NON-JSON OUTPUT:
",,,,617.0,4427.0,55.0,0.0,5.0
terrads_446a84de886f,Zenodo/TerraDS,iac_benchmark/scenarios/terrads_446a84de886f,True,True,0,0,0,0,0,"NON-JSON OUTPUT:
",,,,617.0,4427.0,55.0,0.0,5.0
terrads_20db58dffd39,Zenodo/TerraDS,iac_benchmark/scenarios/terrads_20db58dffd39,True,True,0,0,0,0,0,"NON-JSON OUTPUT:
",,,,1112.0,7757.0,13.0,43.0,5.0
terrads_0318c45983bc,Zenodo/TerraDS,iac_benchmark/scenarios/terrads_0318c45983bc,True,True,0,0,0,0,0,"NON-JSON OUTPUT:
",,,,446.0,3478.0,21.0,3.0,5.0
terrads_1c07232409e0,Zenodo/TerraDS,iac_benchmark/scenarios/terrads_1c07232409e0,True,True,0,0,0,0,0,"NON-JSON OUTPUT:
",,,,536.0,3754.0,45.0,0.0,5.0
terrads_8c3d60955e7f,Zenodo/TerraDS,iac_benchmark/scenarios/terrads_8c3d60955e7f,True,True,0,0,0,0,0,"NON-JSON OUTPUT:
",,,,887.0,7109.0,35.0,9.0,5.0
terrads_7f4b030922ed,Zenodo/TerraDS,iac_benchmark/scenarios/terrads_7f4b030922ed,True,True,0,0,0,0,0,"NON-JSON OUTPUT:
",,,,577.0,3960.0,12.0,28.0,5.0
terrads_ccbcdf97ff21,Zenodo/TerraDS,iac_benchmark/scenarios/terrads_ccbcdf97ff21,True,True,0,0,0,0,0,"NON-JSON OUTPUT:
",,,,574.0,3683.0,38.0,5.0,5.0
terrads_647b52b623aa,Zenodo/TerraDS,iac_benchmark/scenarios/terrads_647b52b623aa,True,True,0,0,0,0,0,"NON-JSON OUTPUT:
",,,,410.0,2806.0,14.0,3.0,5.0
terrads_98919eecb47a,Zenodo/TerraDS,iac_benchmark/scenarios/terrads_98919eecb47a,True,True,0,0,0,0,0,"NON-JSON OUTPUT:
",,,,990.0,7362.0,13.0,39.0,5.0
terrads_b17fbb76ac06,Zenodo/TerraDS,iac_benchmark/scenarios/terrads_b17fbb76ac06,True,True,0,0,0,0,0,"NON-JSON OUTPUT:
",,,,564.0,3726.0,14.0,23.0,5.0
terrads_39d39c96d16f,Zenodo/TerraDS,iac_benchmark/scenarios/terrads_39d39c96d16f,True,True,0,0,0,0,0,"NON-JSON OUTPUT:
",,,,442.0,4081.0,22.0,22.0,5.0
terrads_1bcceb924025,Zenodo/TerraDS,iac_benchmark/scenarios/terrads_1bcceb924025,True,True,0,0,0,0,0,"NON-JSON OUTPUT:
",,,,763.0,5564.0,12.0,40.0,5.0
terrads_af14f6a90272,Zenodo/TerraDS,iac_benchmark/scenarios/terrads_af14f6a90272,True,True,0,0,0,0,0,"NON-JSON OUTPUT:
",,,,617.0,4427.0,55.0,0.0,5.0
terrads_7d5c6f1be7ec,Zenodo/TerraDS,iac_benchmark/scenarios/terrads_7d5c6f1be7ec,True,True,0,0,0,0,0,"NON-JSON OUTPUT:
",,,,432.0,3013.0,17.0,13.0,5.0
gh_f003f5b7,Tianyi2/IRIS,iac_benchmark/scenarios/gh_f003f5b7,True,True,0,0,0,0,0,"NON-JSON OUTPUT:
",,,,464.0,2925.0,28.0,5.0,5.0
terrads_6c829599143f,Zenodo/TerraDS,iac_benchmark/scenarios/terrads_6c829599143f,True,True,0,0,0,0,0,"NON-JSON OUTPUT:
",,,,801.0,7295.0,19.0,56.0,5.0
terrads_25deb2d03285,Zenodo/TerraDS,iac_benchmark/scenarios/terrads_25deb2d03285,True,True,0,0,0,0,0,"NON-JSON OUTPUT:
",,,,559.0,3767.0,35.0,0.0,5.0
terrads_036f95e10bdc,Zenodo/TerraDS,iac_benchmark/scenarios/terrads_036f95e10bdc,True,True,0,0,0,0,0,"NON-JSON OUTPUT:
",,,,817.0,5133.0,23.0,25.0,5.0
terrads_8e098ff9d5b0,Zenodo/TerraDS,iac_benchmark/scenarios/terrads_8e098ff9d5b0,True,True,0,0,0,0,0,"NON-JSON OUTPUT:
",,,,536.0,3671.0,24.0,34.0,5.0
terrads_3156dc47e2ee,Zenodo/TerraDS,iac_benchmark/scenarios/terrads_3156dc47e2ee,True,True,0,0,0,0,0,"NON-JSON OUTPUT:
",,,,689.0,4634.0,37.0,13.0,5.0
terrads_dc9acab3d30a,Zenodo/TerraDS,iac_benchmark/scenarios/terrads_dc9acab3d30a,True,True,0,0,0,0,0,"NON-JSON OUTPUT:
",,,,895.0,5905.0,25.0,27.0,5.0
terrads_b7c89fdf0ecb,Zenodo/TerraDS,iac_benchmark/scenarios/terrads_b7c89fdf0ecb,True,True,0,0,0,0,0,"NON-JSON OUTPUT:
",,,,479.0,4722.0,18.0,31.0,5.0
terrads_38a03ea46986,Zenodo/TerraDS,iac_benchmark/scenarios/terrads_38a03ea46986,True,True,0,0,0,0,0,"NON-JSON OUTPUT:
",,,,498.0,3150.0,23.0,0.0,5.0
terrads_a8152e97070c,Zenodo/TerraDS,iac_benchmark/scenarios/terrads_a8152e97070c,True,True,0,0,0,0,0,"NON-JSON OUTPUT:
",,,,420.0,3944.0,22.0,20.0,5.0
gh_d0033931,Tianyi2/IRIS,iac_benchmark/scenarios/gh_d0033931,True,True,0,0,0,0,0,"NON-JSON OUTPUT:
",,,,634.0,4309.0,16.0,7.0,5.0
terrads_5bf963cec79e,Zenodo/TerraDS,iac_benchmark/scenarios/terrads_5bf963cec79e,True,True,0,0,0,0,0,"NON-JSON OUTPUT:
",,,,1069.0,7383.0,13.0,42.0,5.0
terrads_72bb25546d76,Zenodo/TerraDS,iac_benchmark/scenarios/terrads_72bb25546d76,True,True,0,0,0,0,0,"NON-JSON OUTPUT:
",,,,873.0,7135.0,20.0,50.0,5.0
terrads_3ca49dcde652,Zenodo/TerraDS,iac_benchmark/scenarios/terrads_3ca49dcde652,True,True,0,0,0,0,0,"NON-JSON OUTPUT:
",,,,464.0,3584.0,18.0,16.0,5.0
terrads_488a2f2731dc,Zenodo/TerraDS,iac_benchmark/scenarios/terrads_488a2f2731dc,True,True,0,0,0,0,0,"NON-JSON OUTPUT:
",,,,462.0,2726.0,13.0,14.0,5.0
gh_0dde0263,Tianyi2/IRIS,iac_benchmark/scenarios/gh_0dde0263,True,True,0,0,0,0,0,"NON-JSON OUTPUT:
",,,,498.0,3150.0,23.0,0.0,5.0
terrads_738c399a5e3c,Zenodo/TerraDS,iac_benchmark/scenarios/terrads_738c399a5e3c,True,True,0,0,0,0,0,"NON-JSON OUTPUT:
",,,,899.0,7582.0,48.0,45.0,5.0
terrads_0540f6c6ced3,Zenodo/TerraDS,iac_benchmark/scenarios/terrads_0540f6c6ced3,True,True,0,0,0,0,0,"NON-JSON OUTPUT:
",,,,445.0,4780.0,25.0,16.0,5.0
gh_3d62c22c,Tianyi2/IRIS,iac_benchmark/scenarios/gh_3d62c22c,True,True,0,0,0,0,0,"NON-JSON OUTPUT:
",,,,1141.0,7948.0,12.0,58.0,5.0
terrads_68d1d2988f73,Zenodo/TerraDS,iac_benchmark/scenarios/terrads_68d1d2988f73,True,True,0,0,0,0,0,"NON-JSON OUTPUT:
",,,,499.0,3858.0,12.0,0.0,5.0
terrads_ca9812b2beb7,Zenodo/TerraDS,iac_benchmark/scenarios/terrads_ca9812b2beb7,True,True,0,0,0,0,0,"NON-JSON OUTPUT:
",,,,988.0,7570.0,13.0,52.0,5.0
terrads_b71678df0144,Zenodo/TerraDS,iac_benchmark/scenarios/terrads_b71678df0144,True,True,0,0,0,0,0,"NON-JSON OUTPUT:
",,,,763.0,5564.0,12.0,40.0,5.0
terrads_5eecf7aa066c,Zenodo/TerraDS,iac_benchmark/scenarios/terrads_5eecf7aa066c,True,True,0,0,0,0,0,"NON-JSON OUTPUT:
",,,,536.0,3754.0,45.0,0.0,5.0
terrads_4bf479121296,Zenodo/TerraDS,iac_benchmark/scenarios/terrads_4bf479121296,True,True,0,0,0,0,0,"NON-JSON OUTPUT:
",,,,727.0,5057.0,39.0,5.0,5.0
terrads_112f7635998a,Zenodo/TerraDS,iac_benchmark/scenarios/terrads_112f7635998a,True,True,0,0,0,0,0,"NON-JSON OUTPUT:
",,,,935.0,6756.0,29.0,17.0,5.0
terrads_8efb224e8521,Zenodo/TerraDS,iac_benchmark/scenarios/terrads_8efb224e8521,True,True,0,0,0,0,0,"NON-JSON OUTPUT:
",,,,430.0,3153.0,15.0,0.0,5.0
terrads_dae9ce4cf1dc,Zenodo/TerraDS,iac_benchmark/scenarios/terrads_dae9ce4cf1dc,True,True,0,0,0,0,0,"NON-JSON OUTPUT:
",,,,498.0,3150.0,23.0,0.0,5.0
terrads_2cf4c191fb3a,Zenodo/TerraDS,iac_benchmark/scenarios/terrads_2cf4c191fb3a,True,True,0,0,0,0,0,"NON-JSON OUTPUT:
",,,,853.0,7240.0,16.0,18.0,5.0
terrads_a17b4ccc6a34,Zenodo/TerraDS,iac_benchmark/scenarios/terrads_a17b4ccc6a34,True,True,0,0,0,0,0,"NON-JSON OUTPUT:
",,,,701.0,6419.0,32.0,21.0,5.0
terrads_b6b537e65c41,Zenodo/TerraDS,iac_benchmark/scenarios/terrads_b6b537e65c41,True,True,0,0,0,0,0,"NON-JSON OUTPUT:
",,,,895.0,5950.0,26.0,33.0,5.0
terrads_35919793e76b,Zenodo/TerraDS,iac_benchmark/scenarios/terrads_35919793e76b,True,True,0,0,0,0,0,"NON-JSON OUTPUT:
",,,,888.0,6079.0,20.0,28.0,5.0
terrads_7b815616c03c,Zenodo/TerraDS,iac_benchmark/scenarios/terrads_7b815616c03c,True,True,0,0,0,0,0,"NON-JSON OUTPUT:
",,,,718.0,6108.0,12.0,15.0,5.0
terrads_57202d75b6b3,Zenodo/TerraDS,iac_benchmark/scenarios/terrads_57202d75b6b3,True,True,0,0,0,0,0,"NON-JSON OUTPUT:
",,,,676.0,5716.0,33.0,1.0,5.0
terrads_6f507142dbbf,Zenodo/TerraDS,iac_benchmark/scenarios/terrads_6f507142dbbf,True,True,0,0,0,0,0,"NON-JSON OUTPUT:
",,,,803.0,6392.0,14.0,71.0,5.0
terrads_f6d204238d9a,Zenodo/TerraDS,iac_benchmark/scenarios/terrads_f6d204238d9a,True,True,0,0,0,0,0,"NON-JSON OUTPUT:
",,,,536.0,3754.0,45.0,0.0,5.0
terrads_c547623e6390,Zenodo/TerraDS,iac_benchmark/scenarios/terrads_c547623e6390,True,True,0,0,0,0,0,"NON-JSON OUTPUT:
",,,,861.0,5672.0,25.0,51.0,5.0
terrads_2b76f479ba85,Zenodo/TerraDS,iac_benchmark/scenarios/terrads_2b76f479ba85,True,True,0,0,0,0,0,"NON-JSON OUTPUT:
",,,,539.0,4353.0,41.0,5.0,5.0
terrads_13cf2efa177b,Zenodo/TerraDS,iac_benchmark/scenarios/terrads_13cf2efa177b,True,True,0,0,0,0,0,"NON-JSON OUTPUT:
",,,,747.0,5107.0,24.0,43.0,5.0
terrads_b8d7b051d0df,Zenodo/TerraDS,iac_benchmark/scenarios/terrads_b8d7b051d0df,True,True,0,0,0,0,0,"NON-JSON OUTPUT:
",,,,857.0,6865.0,37.0,20.0,5.0
terrads_2e7ffb0cbcd0,Zenodo/TerraDS,iac_benchmark/scenarios/terrads_2e7ffb0cbcd0,True,True,0,0,0,0,0,"NON-JSON OUTPUT:
",,,,508.0,3278.0,22.0,18.0,5.0
terrads_45900ea2b535,Zenodo/TerraDS,iac_benchmark/scenarios/terrads_45900ea2b535,True,True,0,0,0,0,0,"NON-JSON OUTPUT:
",,,,464.0,3312.0,14.0,12.0,5.0
terrads_6adc1b6c17f0,Zenodo/TerraDS,iac_benchmark/scenarios/terrads_6adc1b6c17f0,True,True,0,0,0,0,0,"NON-JSON OUTPUT:
",,,,550.0,4141.0,26.0,15.0,5.0
terrads_505ca7dcb333,Zenodo/TerraDS,iac_benchmark/scenarios/terrads_505ca7dcb333,True,True,0,0,0,0,0,"NON-JSON OUTPUT:
",,,,569.0,3937.0,23.0,22.0,5.0
terrads_4200760120fd,Zenodo/TerraDS,iac_benchmark/scenarios/terrads_4200760120fd,True,True,0,0,0,0,0,"NON-JSON OUTPUT:
",,,,559.0,3767.0,35.0,0.0,5.0
terrads_3a89bac07251,Zenodo/TerraDS,iac_benchmark/scenarios/terrads_3a89bac07251,True,True,0,0,0,0,0,"NON-JSON OUTPUT:
",,,,498.0,3150.0,23.0,0.0,5.0
terrads_a115a4a1236b,Zenodo/TerraDS,iac_benchmark/scenarios/terrads_a115a4a1236b,True,True,0,0,0,0,0,"NON-JSON OUTPUT:
",,,,543.0,3977.0,13.0,12.0,5.0
terrads_163eb4784c2f,Zenodo/TerraDS,iac_benchmark/scenarios/terrads_163eb4784c2f,True,True,0,0,0,0,0,"NON-JSON OUTPUT:
",,,,740.0,5354.0,12.0,39.0,5.0
terrads_411543d9d135,Zenodo/TerraDS,iac_benchmark/scenarios/terrads_411543d9d135,True,True,0,0,0,0,0,"NON-JSON OUTPUT:
",,,,559.0,3767.0,35.0,0.0,5.0
gh_06a933e0,Tianyi2/IRIS,iac_benchmark/scenarios/gh_06a933e0,True,True,0,0,0,0,0,"NON-JSON OUTPUT:
",,,,753.0,6455.0,18.0,25.0,5.0
terrads_a689f038f470,Zenodo/TerraDS,iac_benchmark/scenarios/terrads_a689f038f470,True,True,0,0,0,0,0,"NON-JSON OUTPUT:
",,,,837.0,6854.0,52.0,14.0,5.0
terrads_84fa0788a0de,Zenodo/TerraDS,iac_benchmark/scenarios/terrads_84fa0788a0de,True,True,0,0,0,0,0,"NON-JSON OUTPUT:
",,,,561.0,3870.0,15.0,24.0,5.0
terrads_87e9b32c88e0,Zenodo/TerraDS,iac_benchmark/scenarios/terrads_87e9b32c88e0,True,True,0,0,0,0,0,"NON-JSON OUTPUT:
",,,,461.0,3362.0,25.0,4.0,5.0
terrads_6aff81e0bdf9,Zenodo/TerraDS,iac_benchmark/scenarios/terrads_6aff81e0bdf9,True,True,0,0,0,0,0,"NON-JSON OUTPUT:
",,,,1029.0,7030.0,60.0,5.0,5.0
terrads_736f06e46cda,Zenodo/TerraDS,iac_benchmark/scenarios/terrads_736f06e46cda,True,True,0,0,0,0,0,"NON-JSON OUTPUT:
",,,,469.0,3570.0,34.0,6.0,5.0
terrads_b9289eda80c4,Zenodo/TerraDS,iac_benchmark/scenarios/terrads_b9289eda80c4,True,True,0,0,0,0,0,"NON-JSON OUTPUT:
",,,,677.0,4605.0,24.0,23.0,5.0
terrads_823cf8fec142,Zenodo/TerraDS,iac_benchmark/scenarios/terrads_823cf8fec142,True,True,0,0,0,0,0,"NON-JSON OUTPUT:
",,,,536.0,3754.0,45.0,0.0,5.0
terrads_9f439d732900,Zenodo/TerraDS,iac_benchmark/scenarios/terrads_9f439d732900,True,True,0,0,0,0,0,"NON-JSON OUTPUT:
",,,,525.0,4175.0,13.0,27.0,5.0
terrads_e0fa2dee504b,Zenodo/TerraDS,iac_benchmark/scenarios/terrads_e0fa2dee504b,True,True,0,0,0,0,0,"NON-JSON OUTPUT:
",,,,770.0,5736.0,15.0,37.0,5.0
terrads_86e290f5c11b,Zenodo/TerraDS,iac_benchmark/scenarios/terrads_86e290f5c11b,True,True,0,0,0,0,0,"NON-JSON OUTPUT:
",,,,831.0,6796.0,13.0,50.0,5.0
terrads_ba50b81a6f57,Zenodo/TerraDS,iac_benchmark/scenarios/terrads_ba50b81a6f57,True,True,0,0,0,0,0,"NON-JSON OUTPUT:
",,,,614.0,4292.0,19.0,14.0,5.0
terrads_5882fc0e63d9,Zenodo/TerraDS,iac_benchmark/scenarios/terrads_5882fc0e63d9,True,True,0,0,0,0,0,"NON-JSON OUTPUT:
",,,,617.0,4427.0,55.0,0.0,5.0
terrads_b4bf645b3e7a,Zenodo/TerraDS,iac_benchmark/scenarios/terrads_b4bf645b3e7a,True,True,0,0,0,0,0,"NON-JSON OUTPUT:
",,,,453.0,3024.0,13.0,9.0,5.0
terrads_30fb5774be65,Zenodo/TerraDS,iac_benchmark/scenarios/terrads_30fb5774be65,True,True,0,0,0,0,0,"NON-JSON OUTPUT:
",,,,452.0,2886.0,23.0,9.0,5.0
terrads_59209bbde42b,Zenodo/TerraDS,iac_benchmark/scenarios/terrads_59209bbde42b,True,True,0,0,0,0,0,"NON-JSON OUTPUT:
",,,,1112.0,7757.0,13.0,43.0,5.0
terrads_c651bf62f615,Zenodo/TerraDS,iac_benchmark/scenarios/terrads_c651bf62f615,True,True,0,0,0,0,0,"NON-JSON OUTPUT:
",,,,632.0,4102.0,24.0,11.0,5.0
terrads_63b9ee94dda0,Zenodo/TerraDS,iac_benchmark/scenarios/terrads_63b9ee94dda0,True,True,0,0,0,0,0,"NON-JSON OUTPUT:
",,,,953.0,6476.0,12.0,57.0,5.0
terrads_d41926568b5d,Zenodo/TerraDS,iac_benchmark/scenarios/terrads_d41926568b5d,True,True,0,0,0,0,0,"NON-JSON OUTPUT:
",,,,988.0,7602.0,25.0,18.0,5.0
terrads_cec095d5f16f,Zenodo/TerraDS,iac_benchmark/scenarios/terrads_cec095d5f16f,True,True,0,0,0,0,0,"NON-JSON OUTPUT:
",,,,739.0,5341.0,12.0,39.0,5.0
terrads_e906661ab072,Zenodo/TerraDS,iac_benchmark/scenarios/terrads_e906661ab072,True,True,0,0,0,0,0,"NON-JSON OUTPUT:
",,,,714.0,4582.0,47.0,19.0,5.0
terrads_66ac6243ff20,Zenodo/TerraDS,iac_benchmark/scenarios/terrads_66ac6243ff20,True,True,0,0,0,0,0,"NON-JSON OUTPUT:
",,,,498.0,3150.0,23.0,0.0,5.0
gh_222b4fd1,Tianyi2/IRIS,iac_benchmark/scenarios/gh_222b4fd1,True,True,0,0,0,0,0,"NON-JSON OUTPUT:
",,,,582.0,3965.0,16.0,30.0,5.0
terrads_b42f6075e6d4,Zenodo/TerraDS,iac_benchmark/scenarios/terrads_b42f6075e6d4,True,True,0,0,0,0,0,"NON-JSON OUTPUT:
",,,,459.0,3305.0,21.0,5.0,5.0
terrads_77d09000909a,Zenodo/TerraDS,iac_benchmark/scenarios/terrads_77d09000909a,True,True,0,0,0,0,0,"NON-JSON OUTPUT:
",,,,559.0,3767.0,35.0,0.0,5.0
terrads_c4c06876c6df,Zenodo/TerraDS,iac_benchmark/scenarios/terrads_c4c06876c6df,True,True,0,0,0,0,0,"NON-JSON OUTPUT:
",,,,617.0,4427.0,55.0,0.0,5.0
terrads_a07474b6b8ad,Zenodo/TerraDS,iac_benchmark/scenarios/terrads_a07474b6b8ad,True,True,0,0,0,0,0,"NON-JSON OUTPUT:
",,,,760.0,5247.0,28.0,28.0,5.0
terrads_9962ac636b7f,Zenodo/TerraDS,iac_benchmark/scenarios/terrads_9962ac636b7f,True,True,0,0,0,0,0,"NON-JSON OUTPUT:
",,,,751.0,5915.0,34.0,31.0,5.0
terrads_2a68a69a7710,Zenodo/TerraDS,iac_benchmark/scenarios/terrads_2a68a69a7710,True,True,0,0,0,0,0,"NON-JSON OUTPUT:
",,,,828.0,6028.0,30.0,26.0,5.0
terrads_df90552b8322,Zenodo/TerraDS,iac_benchmark/scenarios/terrads_df90552b8322,True,True,0,0,0,0,0,"NON-JSON OUTPUT:
",,,,573.0,4008.0,14.0,2.0,5.0
terrads_d818615523e7,Zenodo/TerraDS,iac_benchmark/scenarios/terrads_d818615523e7,True,True,0,0,0,0,0,"NON-JSON OUTPUT:
",,,,853.0,7380.0,21.0,37.0,5.0
terrads_3846c41b8aff,Zenodo/TerraDS,iac_benchmark/scenarios/terrads_3846c41b8aff,True,True,0,0,0,0,0,"NON-JSON OUTPUT:
",,,,760.0,5373.0,22.0,22.0,5.0
terrads_3ed2c7e8de6c,Zenodo/TerraDS,iac_benchmark/scenarios/terrads_3ed2c7e8de6c,True,True,0,0,0,0,0,"NON-JSON OUTPUT:
",,,,713.0,4887.0,22.0,20.0,5.0
terrads_1937bf8865b3,Zenodo/TerraDS,iac_benchmark/scenarios/terrads_1937bf8865b3,True,True,0,0,0,0,0,"NON-JSON OUTPUT:
",,,,417.0,2916.0,13.0,12.0,5.0
terrads_28572b03fbd2,Zenodo/TerraDS,iac_benchmark/scenarios/terrads_28572b03fbd2,True,True,0,0,0,0,0,"NON-JSON OUTPUT:
",,,,452.0,4543.0,30.0,13.0,5.0
terrads_26520570245d,Zenodo/TerraDS,iac_benchmark/scenarios/terrads_26520570245d,True,True,0,0,0,0,0,"NON-JSON OUTPUT:
",,,,455.0,3259.0,19.0,8.0,5.0
terrads_5f3d149b91a9,Zenodo/TerraDS,iac_benchmark/scenarios/terrads_5f3d149b91a9,True,True,0,0,0,0,0,"NON-JSON OUTPUT:
",,,,573.0,4008.0,14.0,2.0,5.0
terrads_72fc23397876,Zenodo/TerraDS,iac_benchmark/scenarios/terrads_72fc23397876,True,True,0,0,0,0,0,"NON-JSON OUTPUT:
",,,,847.0,6369.0,67.0,68.0,5.0
terrads_f60d1837f9eb,Zenodo/TerraDS,iac_benchmark/scenarios/terrads_f60d1837f9eb,True,True,0,0,0,0,0,"NON-JSON OUTPUT:
",,,,980.0,7710.0,26.0,53.0,5.0
terrads_63cc19b1f336,Zenodo/TerraDS,iac_benchmark/scenarios/terrads_63cc19b1f336,True,True,0,0,0,0,0,"NON-JSON OUTPUT:
",,,,813.0,7099.0,59.0,2.0,5.0
terrads_bd332de56f55,Zenodo/TerraDS,iac_benchmark/scenarios/terrads_bd332de56f55,True,True,0,0,0,0,0,"NON-JSON OUTPUT:
",,,,635.0,5179.0,18.0,23.0,5.0
terrads_c63ac3dfc2ea,Zenodo/TerraDS,iac_benchmark/scenarios/terrads_c63ac3dfc2ea,True,True,0,0,0,0,0,"NON-JSON OUTPUT:
",,,,617.0,4427.0,55.0,0.0,5.0
terrads_e5e4fe29b519,Zenodo/TerraDS,iac_benchmark/scenarios/terrads_e5e4fe29b519,True,True,0,0,0,0,0,"NON-JSON OUTPUT:
",,,,581.0,5344.0,21.0,5.0,5.0
terrads_9766e6575529,Zenodo/TerraDS,iac_benchmark/scenarios/terrads_9766e6575529,True,True,0,0,0,0,0,"NON-JSON OUTPUT:
",,,,617.0,4427.0,55.0,0.0,5.0
terrads_88c2ebb78de5,Zenodo/TerraDS,iac_benchmark/scenarios/terrads_88c2ebb78de5,True,True,0,0,0,0,0,"NON-JSON OUTPUT:
",,,,817.0,5858.0,33.0,5.0,5.0
terrads_0b699c565ece,Zenodo/TerraDS,iac_benchmark/scenarios/terrads_0b699c565ece,True,True,0,0,0,0,0,"NON-JSON OUTPUT:
",,,,766.0,5008.0,34.0,8.0,5.0
terrads_8c496598ee04,Zenodo/TerraDS,iac_benchmark/scenarios/terrads_8c496598ee04,True,True,0,0,0,0,0,"NON-JSON OUTPUT:
",,,,609.0,3608.0,16.0,24.0,5.0
terrads_7d33298810bf,Zenodo/TerraDS,iac_benchmark/scenarios/terrads_7d33298810bf,True,True,0,0,0,0,0,"NON-JSON OUTPUT:
",,,,824.0,7504.0,19.0,56.0,5.0
gh_a38bbbf8,Tianyi2/IRIS,iac_benchmark/scenarios/gh_a38bbbf8,True,True,0,0,0,0,0,"NON-JSON OUTPUT:
",,,,527.0,4028.0,12.0,28.0,5.0
gh_7895ecce,Tianyi2/IRIS,iac_benchmark/scenarios/gh_7895ecce,True,True,0,0,0,0,0,"NON-JSON OUTPUT:
",,,,559.0,3802.0,18.0,9.0,5.0
terrads_2fd78ae921dc,Zenodo/TerraDS,iac_benchmark/scenarios/terrads_2fd78ae921dc,True,True,0,0,0,0,0,"NON-JSON OUTPUT:
",,,,498.0,3150.0,23.0,0.0,5.0
terrads_87c566be5209,Zenodo/TerraDS,iac_benchmark/scenarios/terrads_87c566be5209,True,True,0,0,0,0,0,"NON-JSON OUTPUT:
",,,,544.0,3082.0,12.0,26.0,5.0
terrads_68100ad0720c,Zenodo/TerraDS,iac_benchmark/scenarios/terrads_68100ad0720c,True,True,0,0,0,0,0,"NON-JSON OUTPUT:
",,,,536.0,3754.0,45.0,0.0,5.0
terrads_6b4624efb309,Zenodo/TerraDS,iac_benchmark/scenarios/terrads_6b4624efb309,True,True,0,0,0,0,0,"NON-JSON OUTPUT:
",,,,498.0,3150.0,23.0,0.0,5.0
terrads_eadab8753245,Zenodo/TerraDS,iac_benchmark/scenarios/terrads_eadab8753245,True,True,0,0,0,0,0,"NON-JSON OUTPUT:
",,,,425.0,3088.0,14.0,22.0,5.0
terrads_10ebba545a1b,Zenodo/TerraDS,iac_benchmark/scenarios/terrads_10ebba545a1b,True,True,0,0,0,0,0,"NON-JSON OUTPUT:
",,,,498.0,3150.0,23.0,0.0,5.0
terrads_282a40caefba,Zenodo/TerraDS,iac_benchmark/scenarios/terrads_282a40caefba,True,True,0,0,0,0,0,"NON-JSON OUTPUT:
",,,,858.0,7685.0,23.0,53.0,5.0
terrads_d0ae5de0f160,Zenodo/TerraDS,iac_benchmark/scenarios/terrads_d0ae5de0f160,True,True,0,0,0,0,0,"NON-JSON OUTPUT:
",,,,617.0,3665.0,19.0,7.0,5.0
terrads_410e81f49faf,Zenodo/TerraDS,iac_benchmark/scenarios/terrads_410e81f49faf,True,True,0,0,0,0,0,"NON-JSON OUTPUT:
",,,,916.0,6323.0,13.0,55.0,5.0
terrads_80bb49456b01,Zenodo/TerraDS,iac_benchmark/scenarios/terrads_80bb49456b01,True,True,0,0,0,0,0,"NON-JSON OUTPUT:
",,,,472.0,2692.0,23.0,3.0,5.0
terrads_ec9f4ab9a83a,Zenodo/TerraDS,iac_benchmark/scenarios/terrads_ec9f4ab9a83a,True,True,0,0,0,0,0,"NON-JSON OUTPUT:
",,,,452.0,3040.0,12.0,0.0,5.0
terrads_210cc2a1c9f3,Zenodo/TerraDS,iac_benchmark/scenarios/terrads_210cc2a1c9f3,True,True,0,0,0,0,0,"NON-JSON OUTPUT:
",,,,617.0,4427.0,55.0,0.0,5.0
terrads_926eebd14a06,Zenodo/TerraDS,iac_benchmark/scenarios/terrads_926eebd14a06,True,True,0,0,0,0,0,"NON-JSON OUTPUT:
",,,,659.0,4447.0,26.0,9.0,5.0
terrads_bd91aaba41f6,Zenodo/TerraDS,iac_benchmark/scenarios/terrads_bd91aaba41f6,True,True,0,0,0,0,0,"NON-JSON OUTPUT:
",,,,740.0,5354.0,12.0,39.0,5.0
terrads_50d29a0cc278,Zenodo/TerraDS,iac_benchmark/scenarios/terrads_50d29a0cc278,True,True,0,0,0,0,0,"NON-JSON OUTPUT:
",,,,417.0,2814.0,13.0,1.0,5.0
terrads_d1fc247ee3d4,Zenodo/TerraDS,iac_benchmark/scenarios/terrads_d1fc247ee3d4,True,True,0,0,0,0,0,"NON-JSON OUTPUT:
",,,,512.0,4678.0,22.0,2.0,5.0
terrads_8ae6a5e1f580,Zenodo/TerraDS,iac_benchmark/scenarios/terrads_8ae6a5e1f580,True,True,0,0,0,0,0,"NON-JSON OUTPUT:
",,,,854.0,7602.0,23.0,53.0,5.0
terrads_204aa553c416,Zenodo/TerraDS,iac_benchmark/scenarios/terrads_204aa553c416,True,True,0,0,0,0,0,"NON-JSON OUTPUT:
",,,,753.0,6457.0,18.0,25.0,5.0
terrads_aacf53e04510,Zenodo/TerraDS,iac_benchmark/scenarios/terrads_aacf53e04510,True,True,0,0,0,0,0,"NON-JSON OUTPUT:
",,,,411.0,2585.0,16.0,13.0,5.0
terrads_be63120496b7,Zenodo/TerraDS,iac_benchmark/scenarios/terrads_be63120496b7,True,True,0,0,0,0,0,"NON-JSON OUTPUT:
",,,,714.0,5427.0,19.0,26.0,5.0
terrads_794111b6b97f,Zenodo/TerraDS,iac_benchmark/scenarios/terrads_794111b6b97f,True,True,0,0,0,0,0,"NON-JSON OUTPUT:
",,,,641.0,4294.0,23.0,14.0,5.0
terrads_9bba0ad10777,Zenodo/TerraDS,iac_benchmark/scenarios/terrads_9bba0ad10777,True,True,0,0,0,0,0,"NON-JSON OUTPUT:
",,,,576.0,4692.0,24.0,25.0,5.0
terrads_697212f7afc1,Zenodo/TerraDS,iac_benchmark/scenarios/terrads_697212f7afc1,True,True,0,0,0,0,0,"NON-JSON OUTPUT:
",,,,944.0,7191.0,18.0,11.0,5.0
terrads_3aab471ed51d,Zenodo/TerraDS,iac_benchmark/scenarios/terrads_3aab471ed51d,True,True,0,0,0,0,0,"NON-JSON OUTPUT:
",,,,448.0,2768.0,25.0,1.0,5.0
terrads_f8517c545fdd,Zenodo/TerraDS,iac_benchmark/scenarios/terrads_f8517c545fdd,True,True,0,0,0,0,0,"NON-JSON OUTPUT:
",,,,498.0,3150.0,23.0,0.0,5.0
terrads_9523f3285302,Zenodo/TerraDS,iac_benchmark/scenarios/terrads_9523f3285302,True,True,0,0,0,0,0,"NON-JSON OUTPUT:
",,,,935.0,5870.0,17.0,16.0,5.0
terrads_55bd004d94d5,Zenodo/TerraDS,iac_benchmark/scenarios/terrads_55bd004d94d5,True,True,0,0,0,0,0,"NON-JSON OUTPUT:
",,,,482.0,3504.0,13.0,9.0,5.0
terrads_3ab6b50d1630,Zenodo/TerraDS,iac_benchmark/scenarios/terrads_3ab6b50d1630,True,True,0,0,0,0,0,"NON-JSON OUTPUT:
",,,,600.0,3826.0,28.0,4.0,5.0
terrads_ae47e7d80d35,Zenodo/TerraDS,iac_benchmark/scenarios/terrads_ae47e7d80d35,True,True,0,0,0,0,0,"NON-JSON OUTPUT:
",,,,821.0,6035.0,41.0,0.0,5.0
terrads_71c036ff15e5,Zenodo/TerraDS,iac_benchmark/scenarios/terrads_71c036ff15e5,True,True,0,0,0,0,0,"NON-JSON OUTPUT:
",,,,479.0,4718.0,18.0,31.0,5.0
terrads_4d17a86df937,Zenodo/TerraDS,iac_benchmark/scenarios/terrads_4d17a86df937,True,True,0,0,0,0,0,"NON-JSON OUTPUT:
",,,,627.0,4735.0,13.0,42.0,5.0
terrads_24105297fd4d,Zenodo/TerraDS,iac_benchmark/scenarios/terrads_24105297fd4d,True,True,0,0,0,0,0,"NON-JSON OUTPUT:
",,,,965.0,7713.0,30.0,41.0,5.0
terrads_4d64551d8c10,Zenodo/TerraDS,iac_benchmark/scenarios/terrads_4d64551d8c10,True,True,0,0,0,0,0,"NON-JSON OUTPUT:
",,,,420.0,3024.0,14.0,30.0,5.0
terrads_ac4cde5a9d8b,Zenodo/TerraDS,iac_benchmark/scenarios/terrads_ac4cde5a9d8b,True,True,0,0,0,0,0,"NON-JSON OUTPUT:
",,,,617.0,4427.0,55.0,0.0,5.0
terrads_235f5e1dc284,Zenodo/TerraDS,iac_benchmark/scenarios/terrads_235f5e1dc284,True,True,0,0,0,0,0,"NON-JSON OUTPUT:
",,,,420.0,3776.0,17.0,7.0,5.0
terrads_69fc9f1d178d,Zenodo/TerraDS,iac_benchmark/scenarios/terrads_69fc9f1d178d,True,True,0,0,0,0,0,"NON-JSON OUTPUT:
",,,,860.0,6401.0,12.0,22.0,5.0
terrads_d13c9c9a9b7a,Zenodo/TerraDS,iac_benchmark/scenarios/terrads_d13c9c9a9b7a,True,True,0,0,0,0,0,"NON-JSON OUTPUT:
",,,,617.0,4427.0,55.0,0.0,5.0
terrads_50e3357b8704,Zenodo/TerraDS,iac_benchmark/scenarios/terrads_50e3357b8704,True,True,0,0,0,0,0,"NON-JSON OUTPUT:
",,,,602.0,4876.0,41.0,12.0,5.0
terrads_fedbd15ca91e,Zenodo/TerraDS,iac_benchmark/scenarios/terrads_fedbd15ca91e,True,True,0,0,0,0,0,"NON-JSON OUTPUT:
",,,,411.0,2946.0,15.0,28.0,5.0
gh_aabebdb5,Tianyi2/IRIS,iac_benchmark/scenarios/gh_aabebdb5,True,True,0,0,0,0,0,"NON-JSON OUTPUT:
",,,,547.0,3646.0,17.0,5.0,5.0
terrads_670705e07403,Zenodo/TerraDS,iac_benchmark/scenarios/terrads_670705e07403,True,True,0,0,0,0,0,"NON-JSON OUTPUT:
",,,,503.0,3749.0,34.0,8.0,5.0
terrads_3b5246907ab4,Zenodo/TerraDS,iac_benchmark/scenarios/terrads_3b5246907ab4,True,True,0,0,0,0,0,"NON-JSON OUTPUT:
",,,,559.0,3767.0,35.0,0.0,5.0
terrads_a62302cfff1e,Zenodo/TerraDS,iac_benchmark/scenarios/terrads_a62302cfff1e,True,True,0,0,0,0,0,"NON-JSON OUTPUT:
",,,,1045.0,7434.0,34.0,43.0,5.0
terrads_39b05bc9db3d,Zenodo/TerraDS,iac_benchmark/scenarios/terrads_39b05bc9db3d,True,True,0,0,0,0,0,"NON-JSON OUTPUT:
",,,,600.0,4001.0,17.0,40.0,5.0
terrads_09533f92f7d9,Zenodo/TerraDS,iac_benchmark/scenarios/terrads_09533f92f7d9,True,True,0,0,0,0,0,"NON-JSON OUTPUT:
",,,,820.0,7192.0,12.0,40.0,5.0
terrads_eca7b93eaf90,Zenodo/TerraDS,iac_benchmark/scenarios/terrads_eca7b93eaf90,True,True,0,0,0,0,0,"NON-JSON OUTPUT:
",,,,536.0,3754.0,45.0,0.0,5.0
terrads_f6ac43491513,Zenodo/TerraDS,iac_benchmark/scenarios/terrads_f6ac43491513,True,True,0,0,0,0,0,"NON-JSON OUTPUT:
",,,,889.0,5770.0,27.0,18.0,5.0
terrads_27beceb4972f,Zenodo/TerraDS,iac_benchmark/scenarios/terrads_27beceb4972f,True,True,0,0,0,0,0,"NON-JSON OUTPUT:
",,,,456.0,3582.0,12.0,25.0,5.0
terrads_94e6c902ac6e,Zenodo/TerraDS,iac_benchmark/scenarios/terrads_94e6c902ac6e,True,True,0,0,0,0,0,"NON-JSON OUTPUT:
",,,,420.0,3936.0,22.0,20.0,5.0
terrads_9d77ef77c5a9,Zenodo/TerraDS,iac_benchmark/scenarios/terrads_9d77ef77c5a9,True,True,0,0,0,0,0,"NON-JSON OUTPUT:
",,,,498.0,3150.0,23.0,0.0,5.0
terrads_03c93e0a4ef3,Zenodo/TerraDS,iac_benchmark/scenarios/terrads_03c93e0a4ef3,True,True,0,0,0,0,0,"NON-JSON OUTPUT:
",,,,536.0,3754.0,45.0,0.0,5.0
terrads_a46ff1192376,Zenodo/TerraDS,iac_benchmark/scenarios/terrads_a46ff1192376,True,True,0,0,0,0,0,"NON-JSON OUTPUT:
",,,,617.0,4427.0,55.0,0.0,5.0
terrads_fff7007ed62c,Zenodo/TerraDS,iac_benchmark/scenarios/terrads_fff7007ed62c,True,True,0,0,0,0,0,"NON-JSON OUTPUT:
",,,,574.0,3963.0,20.0,21.0,5.0
terrads_750e60e66d5d,Zenodo/TerraDS,iac_benchmark/scenarios/terrads_750e60e66d5d,True,True,0,0,0,0,0,"NON-JSON OUTPUT:
",,,,536.0,3754.0,45.0,0.0,5.0
terrads_ad44772eee3a,Zenodo/TerraDS,iac_benchmark/scenarios/terrads_ad44772eee3a,True,True,0,0,0,0,0,"NON-JSON OUTPUT:
",,,,1013.0,7042.0,16.0,40.0,5.0
terrads_e3a38ad9c4b0,Zenodo/TerraDS,iac_benchmark/scenarios/terrads_e3a38ad9c4b0,True,True,0,0,0,0,0,"NON-JSON OUTPUT:
",,,,479.0,4709.0,18.0,31.0,5.0
terrads_04482dd1b04c,Zenodo/TerraDS,iac_benchmark/scenarios/terrads_04482dd1b04c,True,True,0,0,0,0,0,"NON-JSON OUTPUT:
",,,,498.0,3150.0,23.0,0.0,5.0
terrads_3a6bf6ade659,Zenodo/TerraDS,iac_benchmark/scenarios/terrads_3a6bf6ade659,True,True,0,0,0,0,0,"NON-JSON OUTPUT:
",,,,459.0,3170.0,24.0,8.0,5.0
terrads_ca7c9a26b8c7,Zenodo/TerraDS,iac_benchmark/scenarios/terrads_ca7c9a26b8c7,True,True,0,0,0,0,0,"NON-JSON OUTPUT:
",,,,545.0,3639.0,20.0,7.0,5.0
terrads_8715069644b6,Zenodo/TerraDS,iac_benchmark/scenarios/terrads_8715069644b6,True,True,0,0,0,0,0,"NON-JSON OUTPUT:
",,,,992.0,7400.0,13.0,40.0,5.0
terrads_b30fcca81a85,Zenodo/TerraDS,iac_benchmark/scenarios/terrads_b30fcca81a85,True,True,0,0,0,0,0,"NON-JSON OUTPUT:
",,,,498.0,3150.0,23.0,0.0,5.0
terrads_a8576fba1d4e,Zenodo/TerraDS,iac_benchmark/scenarios/terrads_a8576fba1d4e,True,True,0,0,0,0,0,"NON-JSON OUTPUT:
",,,,419.0,2509.0,20.0,11.0,5.0
terrads_a9d4ed95f5f8,Zenodo/TerraDS,iac_benchmark/scenarios/terrads_a9d4ed95f5f8,True,True,0,0,0,0,0,"NON-JSON OUTPUT:
",,,,729.0,5247.0,12.0,38.0,5.0
terrads_cb874bb39c5c,Zenodo/TerraDS,iac_benchmark/scenarios/terrads_cb874bb39c5c,True,True,0,0,0,0,0,"NON-JSON OUTPUT:
",,,,435.0,3212.0,18.0,2.0,5.0
gh_8b2dd049,Tianyi2/IRIS,iac_benchmark/scenarios/gh_8b2dd049,True,True,0,0,0,0,0,"NON-JSON OUTPUT:
",,,,425.0,3744.0,24.0,1.0,5.0
terrads_4c2396055a02,Zenodo/TerraDS,iac_benchmark/scenarios/terrads_4c2396055a02,True,True,0,0,0,0,0,"NON-JSON OUTPUT:
",,,,452.0,2886.0,23.0,9.0,5.0
terrads_c7f19e320c9b,Zenodo/TerraDS,iac_benchmark/scenarios/terrads_c7f19e320c9b,True,True,0,0,0,0,0,"NON-JSON OUTPUT:
",,,,498.0,3150.0,23.0,0.0,5.0
terrads_a54808987065,Zenodo/TerraDS,iac_benchmark/scenarios/terrads_a54808987065,True,True,0,0,0,0,0,"NON-JSON OUTPUT:
",,,,498.0,3150.0,23.0,0.0,5.0
terrads_5276a97513c9,Zenodo/TerraDS,iac_benchmark/scenarios/terrads_5276a97513c9,True,True,0,0,0,0,0,"NON-JSON OUTPUT:
",,,,1112.0,7757.0,13.0,43.0,5.0
terrads_dff5c6d1f47a,Zenodo/TerraDS,iac_benchmark/scenarios/terrads_dff5c6d1f47a,True,True,0,0,0,0,0,"NON-JSON OUTPUT:
",,,,634.0,4334.0,17.0,3.0,5.0
terrads_754d66285ab9,Zenodo/TerraDS,iac_benchmark/scenarios/terrads_754d66285ab9,True,True,0,0,0,0,0,"NON-JSON OUTPUT:
",,,,498.0,3150.0,23.0,0.0,5.0
terrads_50d2c9ed1d89,Zenodo/TerraDS,iac_benchmark/scenarios/terrads_50d2c9ed1d89,True,True,0,0,0,0,0,"NON-JSON OUTPUT:
",,,,464.0,2925.0,28.0,5.0,5.0
terrads_f9baf115499a,Zenodo/TerraDS,iac_benchmark/scenarios/terrads_f9baf115499a,True,True,0,0,0,0,0,"NON-JSON OUTPUT:
",,,,403.0,2601.0,20.0,9.0,5.0
terrads_833e40a619f8,Zenodo/TerraDS,iac_benchmark/scenarios/terrads_833e40a619f8,True,True,0,0,0,0,0,"NON-JSON OUTPUT:
",,,,572.0,4078.0,14.0,2.0,5.0
terrads_fa0ce828988a,Zenodo/TerraDS,iac_benchmark/scenarios/terrads_fa0ce828988a,True,True,0,0,0,0,0,"NON-JSON OUTPUT:
",,,,877.0,5814.0,52.0,12.0,5.0
gh_17db49c1,Tianyi2/IRIS,iac_benchmark/scenarios/gh_17db49c1,True,True,0,0,0,0,0,"NON-JSON OUTPUT:
",,,,536.0,3754.0,45.0,0.0,5.0
terrads_9baff72f2698,Zenodo/TerraDS,iac_benchmark/scenarios/terrads_9baff72f2698,True,True,0,0,0,0,0,"NON-JSON OUTPUT:
",,,,636.0,4569.0,13.0,27.0,5.0
terrads_dcc078ba9182,Zenodo/TerraDS,iac_benchmark/scenarios/terrads_dcc078ba9182,True,True,0,0,0,0,0,"NON-JSON OUTPUT:
",,,,867.0,5746.0,24.0,32.0,5.0
terrads_6f7e5a59029f,Zenodo/TerraDS,iac_benchmark/scenarios/terrads_6f7e5a59029f,True,True,0,0,0,0,0,"NON-JSON OUTPUT:
",,,,617.0,4427.0,55.0,0.0,5.0
terrads_8ac6bda76d9a,Zenodo/TerraDS,iac_benchmark/scenarios/terrads_8ac6bda76d9a,True,True,0,0,0,0,0,"NON-JSON OUTPUT:
",,,,480.0,4722.0,18.0,31.0,5.0
terrads_65d5706b08b0,Zenodo/TerraDS,iac_benchmark/scenarios/terrads_65d5706b08b0,True,True,0,0,0,0,0,"NON-JSON OUTPUT:
",,,,694.0,5470.0,49.0,9.0,5.0
terrads_025e3a3e08c6,Zenodo/TerraDS,iac_benchmark/scenarios/terrads_025e3a3e08c6,True,True,0,0,0,0,0,"NON-JSON OUTPUT:
",,,,497.0,2760.0,29.0,1.0,5.0
terrads_a78e858914da,Zenodo/TerraDS,iac_benchmark/scenarios/terrads_a78e858914da,True,True,0,0,0,0,0,"NON-JSON OUTPUT:
",,,,537.0,3355.0,15.0,25.0,5.0
terrads_aad7f9e1ba57,Zenodo/TerraDS,iac_benchmark/scenarios/terrads_aad7f9e1ba57,True,True,0,0,0,0,0,"NON-JSON OUTPUT:
",,,,464.0,2925.0,28.0,5.0,5.0
terrads_d2a2973b4b18,Zenodo/TerraDS,iac_benchmark/scenarios/terrads_d2a2973b4b18,True,True,0,0,0,0,0,"NON-JSON OUTPUT:
",,,,464.0,2925.0,28.0,5.0,5.0
terrads_b748980234dd,Zenodo/TerraDS,iac_benchmark/scenarios/terrads_b748980234dd,True,True,0,0,0,0,0,"NON-JSON OUTPUT:
",,,,454.0,3077.0,14.0,24.0,5.0
terrads_58ce8c303d38,Zenodo/TerraDS,iac_benchmark/scenarios/terrads_58ce8c303d38,True,True,0,0,0,0,0,"NON-JSON OUTPUT:
",,,,498.0,3150.0,23.0,0.0,5.0
terrads_f031ec8365ad,Zenodo/TerraDS,iac_benchmark/scenarios/terrads_f031ec8365ad,True,True,0,0,0,0,0,"NON-JSON OUTPUT:
",,,,564.0,4880.0,18.0,33.0,5.0
terrads_35e3746f1ec5,Zenodo/TerraDS,iac_benchmark/scenarios/terrads_35e3746f1ec5,True,True,0,0,0,0,0,"NON-JSON OUTPUT:
",,,,729.0,5247.0,12.0,38.0,5.0
terrads_a374d5f05cb8,Zenodo/TerraDS,iac_benchmark/scenarios/terrads_a374d5f05cb8,True,True,0,0,0,0,0,"NON-JSON OUTPUT:
",,,,498.0,3150.0,23.0,0.0,5.0
terrads_11c1eb7a0a72,Zenodo/TerraDS,iac_benchmark/scenarios/terrads_11c1eb7a0a72,True,True,0,0,0,0,0,"NON-JSON OUTPUT:
",,,,683.0,4567.0,24.0,36.0,5.0
terrads_a7df00a26ec6,Zenodo/TerraDS,iac_benchmark/scenarios/terrads_a7df00a26ec6,True,True,0,0,0,0,0,"NON-JSON OUTPUT:
",,,,714.0,6217.0,15.0,54.0,5.0
terrads_0f3090a7501d,Zenodo/TerraDS,iac_benchmark/scenarios/terrads_0f3090a7501d,True,True,0,0,0,0,0,"NON-JSON OUTPUT:
",,,,1023.0,6937.0,12.0,75.0,5.0
terrads_20226429fa3d,Zenodo/TerraDS,iac_benchmark/scenarios/terrads_20226429fa3d,True,True,0,0,0,0,0,"NON-JSON OUTPUT:
",,,,617.0,4427.0,55.0,0.0,5.0
terrads_a3b954f45519,Zenodo/TerraDS,iac_benchmark/scenarios/terrads_a3b954f45519,True,True,0,0,0,0,0,"NON-JSON OUTPUT:
",,,,474.0,3368.0,36.0,10.0,5.0
terrads_349692c3b71a,Zenodo/TerraDS,iac_benchmark/scenarios/terrads_349692c3b71a,True,True,0,0,0,0,0,"NON-JSON OUTPUT:
",,,,628.0,4599.0,15.0,42.0,5.0
terrads_92bdd52dc6af,Zenodo/TerraDS,iac_benchmark/scenarios/terrads_92bdd52dc6af,True,True,0,0,0,0,0,"NON-JSON OUTPUT:
",,,,420.0,2591.0,18.0,11.0,5.0
terrads_44c074e6d6e2,Zenodo/TerraDS,iac_benchmark/scenarios/terrads_44c074e6d6e2,True,True,0,0,0,0,0,"NON-JSON OUTPUT:
",,,,411.0,2944.0,15.0,28.0,5.0
terrads_2b20c2a34d00,Zenodo/TerraDS,iac_benchmark/scenarios/terrads_2b20c2a34d00,True,True,0,0,0,0,0,"NON-JSON OUTPUT:
",,,,756.0,5213.0,44.0,11.0,5.0
terrads_f40ae97470cf,Zenodo/TerraDS,iac_benchmark/scenarios/terrads_f40ae97470cf,True,True,0,0,0,0,0,"NON-JSON OUTPUT:
",,,,476.0,4654.0,12.0,12.0,5.0
terrads_828514895638,Zenodo/TerraDS,iac_benchmark/scenarios/terrads_828514895638,True,True,0,0,0,0,0,"NON-JSON OUTPUT:
",,,,940.0,7376.0,14.0,5.0,5.0
terrads_b392d4cd7cf5,Zenodo/TerraDS,iac_benchmark/scenarios/terrads_b392d4cd7cf5,True,True,0,0,0,0,0,"NON-JSON OUTPUT:
",,,,430.0,2716.0,18.0,23.0,5.0
terrads_551707178bef,Zenodo/TerraDS,iac_benchmark/scenarios/terrads_551707178bef,True,True,0,0,0,0,0,"NON-JSON OUTPUT:
",,,,722.0,5323.0,16.0,30.0,5.0
terrads_43d1fd9fde17,Zenodo/TerraDS,iac_benchmark/scenarios/terrads_43d1fd9fde17,True,True,0,0,0,0,0,"NON-JSON OUTPUT:
",,,,740.0,5354.0,12.0,39.0,5.0
terrads_92d7508cc64b,Zenodo/TerraDS,iac_benchmark/scenarios/terrads_92d7508cc64b,True,True,0,0,0,0,0,"NON-JSON OUTPUT:
",,,,791.0,5539.0,32.0,40.0,5.0
terrads_2b163d9ac3f7,Zenodo/TerraDS,iac_benchmark/scenarios/terrads_2b163d9ac3f7,True,True,0,0,0,0,0,"NON-JSON OUTPUT:
",,,,536.0,3754.0,45.0,0.0,5.0
terrads_e8f586aa1b5a,Zenodo/TerraDS,iac_benchmark/scenarios/terrads_e8f586aa1b5a,True,True,0,0,0,0,0,"NON-JSON OUTPUT:
",,,,452.0,2886.0,23.0,9.0,5.0
terrads_d66793512839,Zenodo/TerraDS,iac_benchmark/scenarios/terrads_d66793512839,True,True,0,0,0,0,0,"NON-JSON OUTPUT:
",,,,559.0,3767.0,35.0,0.0,5.0
terrads_83d395ba6618,Zenodo/TerraDS,iac_benchmark/scenarios/terrads_83d395ba6618,True,True,0,0,0,0,0,"NON-JSON OUTPUT:
",,,,559.0,3767.0,35.0,0.0,5.0
terrads_9c525a9c45fb,Zenodo/TerraDS,iac_benchmark/scenarios/terrads_9c525a9c45fb,True,True,0,0,0,0,0,"NON-JSON OUTPUT:
",,,,464.0,2925.0,28.0,5.0,5.0
terrads_dd7633f4095a,Zenodo/TerraDS,iac_benchmark/scenarios/terrads_dd7633f4095a,True,True,0,0,0,0,0,"NON-JSON OUTPUT:
",,,,556.0,4471.0,18.0,0.0,5.0
terrads_067b5b1419cd,Zenodo/TerraDS,iac_benchmark/scenarios/terrads_067b5b1419cd,True,True,0,0,0,0,0,"NON-JSON OUTPUT:
",,,,800.0,7315.0,19.0,56.0,5.0
terrads_750feb37cf20,Zenodo/TerraDS,iac_benchmark/scenarios/terrads_750feb37cf20,True,True,0,0,0,0,0,"NON-JSON OUTPUT:
",,,,523.0,4776.0,21.0,5.0,5.0
terrads_218ee486fd81,Zenodo/TerraDS,iac_benchmark/scenarios/terrads_218ee486fd81,True,True,0,0,0,0,0,"NON-JSON OUTPUT:
",,,,442.0,3110.0,15.0,28.0,5.0
terrads_e77a3d064fb0,Zenodo/TerraDS,iac_benchmark/scenarios/terrads_e77a3d064fb0,True,True,0,0,0,0,0,"NON-JSON OUTPUT:
",,,,498.0,3150.0,23.0,0.0,5.0
terrads_b3d4a4e1dd1a,Zenodo/TerraDS,iac_benchmark/scenarios/terrads_b3d4a4e1dd1a,True,True,0,0,0,0,0,"NON-JSON OUTPUT:
",,,,770.0,6268.0,22.0,28.0,5.0
terrads_96e51d1b7034,Zenodo/TerraDS,iac_benchmark/scenarios/terrads_96e51d1b7034,True,True,0,0,0,0,0,"NON-JSON OUTPUT:
",,,,604.0,4614.0,13.0,27.0,5.0
terrads_e8302bd349ab,Zenodo/TerraDS,iac_benchmark/scenarios/terrads_e8302bd349ab,True,True,0,0,0,0,0,"NON-JSON OUTPUT:
",,,,729.0,5247.0,12.0,38.0,5.0
terrads_0d6f0fda8c2b,Zenodo/TerraDS,iac_benchmark/scenarios/terrads_0d6f0fda8c2b,True,True,0,0,0,0,0,"NON-JSON OUTPUT:
",,,,420.0,3944.0,22.0,20.0,5.0
terrads_de116d72c7c9,Zenodo/TerraDS,iac_benchmark/scenarios/terrads_de116d72c7c9,True,True,0,0,0,0,0,"NON-JSON OUTPUT:
",,,,536.0,3754.0,45.0,0.0,5.0
terrads_2d3abdc2b43d,Zenodo/TerraDS,iac_benchmark/scenarios/terrads_2d3abdc2b43d,True,True,0,0,0,0,0,"NON-JSON OUTPUT:
",,,,498.0,3150.0,23.0,0.0,5.0
terrads_721c37388231,Zenodo/TerraDS,iac_benchmark/scenarios/terrads_721c37388231,True,True,0,0,0,0,0,"NON-JSON OUTPUT:
",,,,475.0,3426.0,26.0,11.0,5.0
terrads_e1138654b147,Zenodo/TerraDS,iac_benchmark/scenarios/terrads_e1138654b147,True,True,0,0,0,0,0,"NON-JSON OUTPUT:
",,,,558.0,3494.0,18.0,23.0,5.0
terrads_40832fc32d3a,Zenodo/TerraDS,iac_benchmark/scenarios/terrads_40832fc32d3a,True,True,0,0,0,0,0,"NON-JSON OUTPUT:
",,,,422.0,2926.0,23.0,7.0,5.0
terrads_fbca9b446e2b,Zenodo/TerraDS,iac_benchmark/scenarios/terrads_fbca9b446e2b,True,True,0,0,0,0,0,"NON-JSON OUTPUT:
",,,,690.0,4897.0,29.0,22.0,5.0
terrads_6471a8ff9034,Zenodo/TerraDS,iac_benchmark/scenarios/terrads_6471a8ff9034,True,True,0,0,0,0,0,"NON-JSON OUTPUT:
",,,,452.0,2886.0,23.0,9.0,5.0
terrads_305b66fe9832,Zenodo/TerraDS,iac_benchmark/scenarios/terrads_305b66fe9832,True,True,0,0,0,0,0,"NON-JSON OUTPUT:
",,,,467.0,3880.0,15.0,19.0,5.0
terrads_359544490212,Zenodo/TerraDS,iac_benchmark/scenarios/terrads_359544490212,True,True,0,0,0,0,0,"NON-JSON OUTPUT:
",,,,701.0,4679.0,42.0,0.0,5.0
terrads_9e3cb60d7462,Zenodo/TerraDS,iac_benchmark/scenarios/terrads_9e3cb60d7462,True,True,0,0,0,0,0,"NON-JSON OUTPUT:
",,,,704.0,5380.0,18.0,17.0,5.0
terrads_6f8a8edc8900,Zenodo/TerraDS,iac_benchmark/scenarios/terrads_6f8a8edc8900,True,True,0,0,0,0,0,"NON-JSON OUTPUT:
",,,,423.0,2924.0,23.0,7.0,5.0
terrads_85986d3545a7,Zenodo/TerraDS,iac_benchmark/scenarios/terrads_85986d3545a7,True,True,0,0,0,0,0,"NON-JSON OUTPUT:
",,,,617.0,4427.0,55.0,0.0,5.0
terrads_7d2aa3980cc4,Zenodo/TerraDS,iac_benchmark/scenarios/terrads_7d2aa3980cc4,True,True,0,0,0,0,0,"NON-JSON OUTPUT:
",,,,562.0,3992.0,20.0,13.0,5.0
gh_5b75f620,Tianyi2/IRIS,iac_benchmark/scenarios/gh_5b75f620,True,True,0,0,0,0,0,"NON-JSON OUTPUT:
",,,,574.0,4742.0,15.0,21.0,5.0
terrads_9752a2636ab9,Zenodo/TerraDS,iac_benchmark/scenarios/terrads_9752a2636ab9,True,True,0,0,0,0,0,"NON-JSON OUTPUT:
",,,,536.0,3754.0,45.0,0.0,5.0
terrads_91a66beb273c,Zenodo/TerraDS,iac_benchmark/scenarios/terrads_91a66beb273c,True,True,0,0,0,0,0,"NON-JSON OUTPUT:
",,,,566.0,4046.0,14.0,2.0,5.0
terrads_49a977db7935,Zenodo/TerraDS,iac_benchmark/scenarios/terrads_49a977db7935,True,True,0,0,0,0,0,"NON-JSON OUTPUT:
",,,,468.0,3795.0,15.0,13.0,5.0
terrads_6554fc0b94e0,Zenodo/TerraDS,iac_benchmark/scenarios/terrads_6554fc0b94e0,True,True,0,0,0,0,0,"NON-JSON OUTPUT:
",,,,523.0,4776.0,21.0,5.0,5.0
terrads_e5d264727129,Zenodo/TerraDS,iac_benchmark/scenarios/terrads_e5d264727129,True,True,0,0,0,0,0,"NON-JSON OUTPUT:
",,,,536.0,3754.0,45.0,0.0,5.0
terrads_be1f861b7689,Zenodo/TerraDS,iac_benchmark/scenarios/terrads_be1f861b7689,True,True,0,0,0,0,0,"NON-JSON OUTPUT:
",,,,534.0,3893.0,14.0,31.0,5.0
terrads_5d2fbb8ce9ef,Zenodo/TerraDS,iac_benchmark/scenarios/terrads_5d2fbb8ce9ef,True,True,0,0,0,0,0,"NON-JSON OUTPUT:
",,,,424.0,3958.0,22.0,21.0,5.0
terrads_df3312eae7b1,Zenodo/TerraDS,iac_benchmark/scenarios/terrads_df3312eae7b1,True,True,0,0,0,0,0,"NON-JSON OUTPUT:
",,,,1112.0,7757.0,13.0,43.0,5.0
gh_1ae72fc7,Tianyi2/IRIS,iac_benchmark/scenarios/gh_1ae72fc7,True,True,0,0,0,0,0,"NON-JSON OUTPUT:
",,,,648.0,4377.0,37.0,6.0,5.0
terrads_ffea90a7c4e3,Zenodo/TerraDS,iac_benchmark/scenarios/terrads_ffea90a7c4e3,True,True,0,0,0,0,0,"NON-JSON OUTPUT:
",,,,449.0,3338.0,15.0,19.0,5.0
gh_a90ffd51,antonputra/tutorials,iac_benchmark/scenarios/gh_a90ffd51,True,True,0,0,0,0,0,"NON-JSON OUTPUT:
",,,,617.0,4427.0,55.0,0.0,5.0
terrads_49a30a105e69,Zenodo/TerraDS,iac_benchmark/scenarios/terrads_49a30a105e69,True,True,0,0,0,0,0,"NON-JSON OUTPUT:
",,,,567.0,4386.0,31.0,0.0,5.0
terrads_517fa440ea5b,Zenodo/TerraDS,iac_benchmark/scenarios/terrads_517fa440ea5b,True,True,0,0,0,0,0,"NON-JSON OUTPUT:
",,,,615.0,4145.0,33.0,12.0,5.0
gh_12eaa7e2,Tianyi2/IRIS,iac_benchmark/scenarios/gh_12eaa7e2,True,True,0,0,0,0,0,"NON-JSON OUTPUT:
",,,,457.0,3889.0,13.0,27.0,5.0
terrads_88311c51c18b,Zenodo/TerraDS,iac_benchmark/scenarios/terrads_88311c51c18b,True,True,0,0,0,0,0,"NON-JSON OUTPUT:
",,,,617.0,4427.0,55.0,0.0,5.0
terrads_737d0e4d54f1,Zenodo/TerraDS,iac_benchmark/scenarios/terrads_737d0e4d54f1,True,True,0,0,0,0,0,"NON-JSON OUTPUT:
",,,,566.0,4046.0,14.0,2.0,5.0
terrads_e87200412302,Zenodo/TerraDS,iac_benchmark/scenarios/terrads_e87200412302,True,True,0,0,0,0,0,"NON-JSON OUTPUT:
",,,,453.0,3110.0,16.0,7.0,5.0
terrads_2ae637d22af9,Zenodo/TerraDS,iac_benchmark/scenarios/terrads_2ae637d22af9,True,True,0,0,0,0,0,"NON-JSON OUTPUT:
",,,,499.0,3338.0,27.0,0.0,5.0
terrads_fed2fe2a9ef4,Zenodo/TerraDS,iac_benchmark/scenarios/terrads_fed2fe2a9ef4,True,True,0,0,0,0,0,"NON-JSON OUTPUT:
",,,,884.0,5417.0,25.0,10.0,5.0
gh_845738df,Tianyi2/IRIS,iac_benchmark/scenarios/gh_845738df,True,True,0,0,0,0,0,"NON-JSON OUTPUT:
",,,,877.0,7095.0,12.0,39.0,5.0
terrads_5ffb136dbaa7,Zenodo/TerraDS,iac_benchmark/scenarios/terrads_5ffb136dbaa7,True,True,0,0,0,0,0,"NON-JSON OUTPUT:
",,,,858.0,7685.0,23.0,53.0,5.0
terrads_f8b8fdea6b93,Zenodo/TerraDS,iac_benchmark/scenarios/terrads_f8b8fdea6b93,True,True,0,0,0,0,0,"NON-JSON OUTPUT:
",,,,773.0,6287.0,12.0,0.0,5.0
terrads_a5105c19f6d5,Zenodo/TerraDS,iac_benchmark/scenarios/terrads_a5105c19f6d5,True,True,0,0,0,0,0,"NON-JSON OUTPUT:
",,,,559.0,3767.0,35.0,0.0,5.0
terrads_276350257819,Zenodo/TerraDS,iac_benchmark/scenarios/terrads_276350257819,True,True,0,0,0,0,0,"NON-JSON OUTPUT:
",,,,670.0,4518.0,23.0,24.0,5.0
terrads_415795a7ff27,Zenodo/TerraDS,iac_benchmark/scenarios/terrads_415795a7ff27,True,True,0,0,0,0,0,"NON-JSON OUTPUT:
",,,,411.0,2904.0,12.0,15.0,5.0
terrads_5f755e3ae28f,Zenodo/TerraDS,iac_benchmark/scenarios/terrads_5f755e3ae28f,True,True,0,0,0,0,0,"NON-JSON OUTPUT:
",,,,608.0,3898.0,15.0,22.0,5.0
terrads_c5edafd30495,Zenodo/TerraDS,iac_benchmark/scenarios/terrads_c5edafd30495,True,True,0,0,0,0,0,"NON-JSON OUTPUT:
",,,,854.0,7613.0,23.0,53.0,5.0
terrads_48f6754f4ef0,Zenodo/TerraDS,iac_benchmark/scenarios/terrads_48f6754f4ef0,True,True,0,0,0,0,0,"NON-JSON OUTPUT:
",,,,729.0,5256.0,12.0,38.0,5.0
terrads_1f0fae10fa90,Zenodo/TerraDS,iac_benchmark/scenarios/terrads_1f0fae10fa90,True,True,0,0,0,0,0,"NON-JSON OUTPUT:
",,,,803.0,6394.0,14.0,71.0,5.0
terrads_bbf6ef8901a7,Zenodo/TerraDS,iac_benchmark/scenarios/terrads_bbf6ef8901a7,True,True,0,0,0,0,0,"NON-JSON OUTPUT:
",,,,574.0,4742.0,15.0,21.0,5.0
terrads_7525f1d71399,Zenodo/TerraDS,iac_benchmark/scenarios/terrads_7525f1d71399,True,True,0,0,0,0,0,"NON-JSON OUTPUT:
",,,,801.0,6461.0,45.0,6.0,5.0
terrads_578e81867406,Zenodo/TerraDS,iac_benchmark/scenarios/terrads_578e81867406,True,True,0,0,0,0,0,"NON-JSON OUTPUT:
",,,,729.0,5256.0,12.0,38.0,5.0
terrads_9231d92ae3a5,Zenodo/TerraDS,iac_benchmark/scenarios/terrads_9231d92ae3a5,True,True,0,0,0,0,0,"NON-JSON OUTPUT:
",,,,756.0,6379.0,15.0,72.0,5.0
terrads_371c56464a73,Zenodo/TerraDS,iac_benchmark/scenarios/terrads_371c56464a73,True,True,0,0,0,0,0,"NON-JSON OUTPUT:
",,,,740.0,5354.0,12.0,39.0,5.0
terrads_8e36eb92f745,Zenodo/TerraDS,iac_benchmark/scenarios/terrads_8e36eb92f745,True,True,0,0,0,0,0,"NON-JSON OUTPUT:
",,,,876.0,7586.0,20.0,50.0,5.0
terrads_2a16a9b72af2,Zenodo/TerraDS,iac_benchmark/scenarios/terrads_2a16a9b72af2,True,True,0,0,0,0,0,"NON-JSON OUTPUT:
",,,,569.0,3937.0,23.0,22.0,5.0
terrads_9e293dc6998f,Zenodo/TerraDS,iac_benchmark/scenarios/terrads_9e293dc6998f,True,True,0,0,0,0,0,"NON-JSON OUTPUT:
",,,,729.0,5247.0,12.0,38.0,5.0
terrads_eb29f5d582e4,Zenodo/TerraDS,iac_benchmark/scenarios/terrads_eb29f5d582e4,True,True,0,0,0,0,0,"NON-JSON OUTPUT:
",,,,534.0,4570.0,16.0,6.0,5.0
terrads_5b29268eadbc,Zenodo/TerraDS,iac_benchmark/scenarios/terrads_5b29268eadbc,True,True,0,0,0,0,0,"NON-JSON OUTPUT:
",,,,779.0,6250.0,25.0,50.0,5.0
terrads_ac6885d6bc8b,Zenodo/TerraDS,iac_benchmark/scenarios/terrads_ac6885d6bc8b,True,True,0,0,0,0,0,"NON-JSON OUTPUT:
",,,,709.0,6586.0,12.0,41.0,5.0
terrads_a43a1e944673,Zenodo/TerraDS,iac_benchmark/scenarios/terrads_a43a1e944673,True,True,0,0,0,0,0,"NON-JSON OUTPUT:
",,,,879.0,7314.0,16.0,27.0,5.0
terrads_b5edfe975736,Zenodo/TerraDS,iac_benchmark/scenarios/terrads_b5edfe975736,True,True,0,0,0,0,0,"NON-JSON OUTPUT:
",,,,654.0,4953.0,18.0,9.0,5.0
terrads_cec8d2990dcc,Zenodo/TerraDS,iac_benchmark/scenarios/terrads_cec8d2990dcc,True,True,0,0,0,0,0,"NON-JSON OUTPUT:
",,,,489.0,3912.0,15.0,12.0,5.0
gh_4289fcbd,Tianyi2/IRIS,iac_benchmark/scenarios/gh_4289fcbd,True,True,0,0,0,0,0,"NON-JSON OUTPUT:
",,,,504.0,3777.0,27.0,4.0,5.0
terrads_b1998bb9ee5d,Zenodo/TerraDS,iac_benchmark/scenarios/terrads_b1998bb9ee5d,True,True,0,0,0,0,0,"NON-JSON OUTPUT:
",,,,536.0,3754.0,45.0,0.0,5.0
terrads_2d047dcdc370,Zenodo/TerraDS,iac_benchmark/scenarios/terrads_2d047dcdc370,True,True,0,0,0,0,0,"NON-JSON OUTPUT:
",,,,1022.0,7394.0,53.0,6.0,5.0
terrads_8929d7815c7b,Zenodo/TerraDS,iac_benchmark/scenarios/terrads_8929d7815c7b,True,True,0,0,0,0,0,"NON-JSON OUTPUT:
",,,,987.0,7169.0,53.0,6.0,5.0
terrads_397f9abadf2e,Zenodo/TerraDS,iac_benchmark/scenarios/terrads_397f9abadf2e,True,True,0,0,0,0,0,"NON-JSON OUTPUT:
",,,,445.0,3538.0,17.0,18.0,5.0
terrads_c1639df5ee44,Zenodo/TerraDS,iac_benchmark/scenarios/terrads_c1639df5ee44,True,True,0,0,0,0,0,"NON-JSON OUTPUT:
",,,,417.0,2955.0,16.0,20.0,5.0
terrads_483d6f0e46d9,Zenodo/TerraDS,iac_benchmark/scenarios/terrads_483d6f0e46d9,True,True,0,0,0,0,0,"NON-JSON OUTPUT:
",,,,629.0,4021.0,25.0,5.0,5.0
terrads_24b24c060537,Zenodo/TerraDS,iac_benchmark/scenarios/terrads_24b24c060537,True,True,0,0,0,0,0,"NON-JSON OUTPUT:
",,,,933.0,6572.0,36.0,5.0,5.0
terrads_c1b90efdd67e,Zenodo/TerraDS,iac_benchmark/scenarios/terrads_c1b90efdd67e,True,True,0,0,0,0,0,"NON-JSON OUTPUT:
",,,,899.0,7582.0,48.0,45.0,5.0
terrads_7f27b46c1749,Zenodo/TerraDS,iac_benchmark/scenarios/terrads_7f27b46c1749,True,True,0,0,0,0,0,"NON-JSON OUTPUT:
",,,,599.0,3903.0,18.0,38.0,5.0
terrads_6abd3f196095,Zenodo/TerraDS,iac_benchmark/scenarios/terrads_6abd3f196095,True,True,0,0,0,0,0,"NON-JSON OUTPUT:
",,,,740.0,5354.0,12.0,39.0,5.0
gh_4ecff91a,Tianyi2/IRIS,iac_benchmark/scenarios/gh_4ecff91a,True,True,0,0,0,0,0,"NON-JSON OUTPUT:
",,,,452.0,4217.0,22.0,24.0,5.0
terrads_516c670d6655,Zenodo/TerraDS,iac_benchmark/scenarios/terrads_516c670d6655,True,True,0,0,0,0,0,"NON-JSON OUTPUT:
",,,,511.0,3935.0,13.0,15.0,5.0
terrads_6b0421ce5a61,Zenodo/TerraDS,iac_benchmark/scenarios/terrads_6b0421ce5a61,True,True,0,0,0,0,0,"NON-JSON OUTPUT:
",,,,464.0,2925.0,28.0,5.0,5.0
terrads_1ad736b3d58d,Zenodo/TerraDS,iac_benchmark/scenarios/terrads_1ad736b3d58d,True,True,0,0,0,0,0,"NON-JSON OUTPUT:
",,,,617.0,4427.0,55.0,0.0,5.0
terrads_010ae621c4dd,Zenodo/TerraDS,iac_benchmark/scenarios/terrads_010ae621c4dd,True,True,0,0,0,0,0,"NON-JSON OUTPUT:
",,,,497.0,2910.0,13.0,5.0,5.0
terrads_7747ede43ffa,Zenodo/TerraDS,iac_benchmark/scenarios/terrads_7747ede43ffa,True,True,0,0,0,0,0,"NON-JSON OUTPUT:
",,,,420.0,3936.0,22.0,20.0,5.0
terrads_2a914ad16bf8,Zenodo/TerraDS,iac_benchmark/scenarios/terrads_2a914ad16bf8,True,True,0,0,0,0,0,"NON-JSON OUTPUT:
",,,,559.0,3767.0,35.0,0.0,5.0
terrads_294e09ce99a4,Zenodo/TerraDS,iac_benchmark/scenarios/terrads_294e09ce99a4,True,True,0,0,0,0,0,"NON-JSON OUTPUT:
",,,,556.0,4225.0,30.0,5.0,5.0
terrads_9aa0f43f61dc,Zenodo/TerraDS,iac_benchmark/scenarios/terrads_9aa0f43f61dc,True,True,0,0,0,0,0,"NON-JSON OUTPUT:
",,,,452.0,2886.0,23.0,9.0,5.0
terrads_bc96a3ef1ac2,Zenodo/TerraDS,iac_benchmark/scenarios/terrads_bc96a3ef1ac2,True,True,0,0,0,0,0,"NON-JSON OUTPUT:
",,,,779.0,6250.0,25.0,50.0,5.0
terrads_708f3840d750,Zenodo/TerraDS,iac_benchmark/scenarios/terrads_708f3840d750,True,True,0,0,0,0,0,"NON-JSON OUTPUT:
",,,,452.0,2886.0,23.0,9.0,5.0
terrads_5ed5e6daa4f8,Zenodo/TerraDS,iac_benchmark/scenarios/terrads_5ed5e6daa4f8,True,True,0,0,0,0,0,"NON-JSON OUTPUT:
",,,,442.0,2564.0,14.0,7.0,5.0
terrads_1a902a38e030,Zenodo/TerraDS,iac_benchmark/scenarios/terrads_1a902a38e030,True,True,0,0,0,0,0,"NON-JSON OUTPUT:
",,,,536.0,3754.0,45.0,0.0,5.0
terrads_ac551d6925ab,Zenodo/TerraDS,iac_benchmark/scenarios/terrads_ac551d6925ab,True,True,0,0,0,0,0,"NON-JSON OUTPUT:
",,,,884.0,6855.0,39.0,9.0,5.0
terrads_3e46b02899c2,Zenodo/TerraDS,iac_benchmark/scenarios/terrads_3e46b02899c2,True,True,0,0,0,0,0,"NON-JSON OUTPUT:
",,,,680.0,4575.0,20.0,19.0,5.0
terrads_16346b6df039,Zenodo/TerraDS,iac_benchmark/scenarios/terrads_16346b6df039,True,True,0,0,0,0,0,"NON-JSON OUTPUT:
",,,,536.0,3754.0,45.0,0.0,5.0
gh_4cde9a8c,Tianyi2/IRIS,iac_benchmark/scenarios/gh_4cde9a8c,True,True,0,0,0,0,0,"NON-JSON OUTPUT:
",,,,966.0,7267.0,38.0,7.0,5.0
gh_e438603a,antonputra/tutorials,iac_benchmark/scenarios/gh_e438603a,True,True,0,0,0,0,0,"NON-JSON OUTPUT:
",,,,536.0,3754.0,45.0,0.0,5.0
terrads_e89c754dec74,Zenodo/TerraDS,iac_benchmark/scenarios/terrads_e89c754dec74,True,True,0,0,0,0,0,"NON-JSON OUTPUT:
",,,,701.0,6422.0,32.0,21.0,5.0
terrads_a88704716899,Zenodo/TerraDS,iac_benchmark/scenarios/terrads_a88704716899,True,True,0,0,0,0,0,"NON-JSON OUTPUT:
",,,,521.0,3177.0,23.0,3.0,5.0
terrads_745402274b71,Zenodo/TerraDS,iac_benchmark/scenarios/terrads_745402274b71,True,True,0,0,0,0,0,"NON-JSON OUTPUT:
",,,,899.0,7582.0,48.0,45.0,5.0
terrads_9111a7ff0404,Zenodo/TerraDS,iac_benchmark/scenarios/terrads_9111a7ff0404,True,True,0,0,0,0,0,"NON-JSON OUTPUT:
",,,,490.0,3224.0,20.0,8.0,5.0
terrads_eb98ef1eb786,Zenodo/TerraDS,iac_benchmark/scenarios/terrads_eb98ef1eb786,True,True,0,0,0,0,0,"NON-JSON OUTPUT:
",,,,458.0,3214.0,14.0,24.0,5.0
terrads_71832545ba9e,Zenodo/TerraDS,iac_benchmark/scenarios/terrads_71832545ba9e,True,True,0,0,0,0,0,"NON-JSON OUTPUT:
",,,,482.0,3039.0,19.0,9.0,5.0
terrads_8bd9ba7fd711,Zenodo/TerraDS,iac_benchmark/scenarios/terrads_8bd9ba7fd711,True,True,0,0,0,0,0,"NON-JSON OUTPUT:
",,,,858.0,7685.0,23.0,53.0,5.0
gh_48ec24f1,Tianyi2/IRIS,iac_benchmark/scenarios/gh_48ec24f1,True,True,0,0,0,0,0,"NON-JSON OUTPUT:
",,,,747.0,6664.0,24.0,5.0,5.0
terrads_43b955abeaf5,Zenodo/TerraDS,iac_benchmark/scenarios/terrads_43b955abeaf5,True,True,0,0,0,0,0,"NON-JSON OUTPUT:
",,,,1010.0,7174.0,33.0,11.0,5.0
terrads_13157a88f071,Zenodo/TerraDS,iac_benchmark/scenarios/terrads_13157a88f071,True,True,0,0,0,0,0,"NON-JSON OUTPUT:
",,,,498.0,3150.0,23.0,0.0,5.0
terrads_7185651954b1,Zenodo/TerraDS,iac_benchmark/scenarios/terrads_7185651954b1,True,True,0,0,0,0,0,"NON-JSON OUTPUT:
",,,,559.0,5852.0,15.0,5.0,5.0
terrads_68bcd6c7a350,Zenodo/TerraDS,iac_benchmark/scenarios/terrads_68bcd6c7a350,True,True,0,0,0,0,0,"NON-JSON OUTPUT:
",,,,617.0,4427.0,55.0,0.0,5.0
terrads_f9a5d5747abf,Zenodo/TerraDS,iac_benchmark/scenarios/terrads_f9a5d5747abf,True,True,0,0,0,0,0,"NON-JSON OUTPUT:
",,,,566.0,4046.0,14.0,2.0,5.0
terrads_da4956180589,Zenodo/TerraDS,iac_benchmark/scenarios/terrads_da4956180589,True,True,0,0,0,0,0,"NON-JSON OUTPUT:
",,,,577.0,3759.0,22.0,25.0,5.0
terrads_165d198f07c3,Zenodo/TerraDS,iac_benchmark/scenarios/terrads_165d198f07c3,True,True,0,0,0,0,0,"NON-JSON OUTPUT:
",,,,773.0,5448.0,35.0,9.0,5.0
terrads_9780f9674054,Zenodo/TerraDS,iac_benchmark/scenarios/terrads_9780f9674054,True,True,0,0,0,0,0,"NON-JSON OUTPUT:
",,,,468.0,3722.0,12.0,26.0,5.0
terrads_47eec4b3dffc,Zenodo/TerraDS,iac_benchmark/scenarios/terrads_47eec4b3dffc,True,True,0,0,0,0,0,"NON-JSON OUTPUT:
",,,,789.0,6393.0,13.0,0.0,5.0
terrads_3357babe980f,Zenodo/TerraDS,iac_benchmark/scenarios/terrads_3357babe980f,True,True,0,0,0,0,0,"NON-JSON OUTPUT:
",,,,459.0,3467.0,13.0,21.0,5.0
terrads_7efc89daa754,Zenodo/TerraDS,iac_benchmark/scenarios/terrads_7efc89daa754,True,True,0,0,0,0,0,"NON-JSON OUTPUT:
",,,,729.0,5247.0,12.0,38.0,5.0
terrads_24edfc4fd6d9,Zenodo/TerraDS,iac_benchmark/scenarios/terrads_24edfc4fd6d9,True,True,0,0,0,0,0,"NON-JSON OUTPUT:
",,,,541.0,3779.0,41.0,2.0,5.0
terrads_b858a283ee19,Zenodo/TerraDS,iac_benchmark/scenarios/terrads_b858a283ee19,True,True,0,0,0,0,0,"NON-JSON OUTPUT:
",,,,536.0,3754.0,45.0,0.0,5.0
terrads_dc4be73fd3a3,Zenodo/TerraDS,iac_benchmark/scenarios/terrads_dc4be73fd3a3,True,True,0,0,0,0,0,"NON-JSON OUTPUT:
",,,,446.0,3295.0,16.0,10.0,5.0
terrads_b8149f60b0ab,Zenodo/TerraDS,iac_benchmark/scenarios/terrads_b8149f60b0ab,True,True,0,0,0,0,0,"NON-JSON OUTPUT:
",,,,786.0,5459.0,27.0,13.0,5.0
terrads_80ba3651ba85,Zenodo/TerraDS,iac_benchmark/scenarios/terrads_80ba3651ba85,True,True,0,0,0,0,0,"NON-JSON OUTPUT:
",,,,617.0,4427.0,55.0,0.0,5.0
terrads_8d323f8d60b6,Zenodo/TerraDS,iac_benchmark/scenarios/terrads_8d323f8d60b6,True,True,0,0,0,0,0,"NON-JSON OUTPUT:
",,,,617.0,4427.0,55.0,0.0,5.0
terrads_1ca65c5ff36e,Zenodo/TerraDS,iac_benchmark/scenarios/terrads_1ca65c5ff36e,True,True,0,0,0,0,0,"NON-JSON OUTPUT:
",,,,498.0,3150.0,23.0,0.0,5.0
terrads_548a57755d14,Zenodo/TerraDS,iac_benchmark/scenarios/terrads_548a57755d14,True,True,0,0,0,0,0,"NON-JSON OUTPUT:
",,,,728.0,5327.0,13.0,11.0,5.0
terrads_c5f41bfffb0f,Zenodo/TerraDS,iac_benchmark/scenarios/terrads_c5f41bfffb0f,True,True,0,0,0,0,0,"NON-JSON OUTPUT:
",,,,468.0,2908.0,23.0,1.0,5.0
terrads_f103e4534eec,Zenodo/TerraDS,iac_benchmark/scenarios/terrads_f103e4534eec,True,True,0,0,0,0,0,"NON-JSON OUTPUT:
",,,,448.0,3871.0,34.0,0.0,5.0
terrads_f7dd962bcc15,Zenodo/TerraDS,iac_benchmark/scenarios/terrads_f7dd962bcc15,True,True,0,0,0,0,0,"NON-JSON OUTPUT:
",,,,569.0,5079.0,12.0,33.0,5.0
terrads_73811111c805,Zenodo/TerraDS,iac_benchmark/scenarios/terrads_73811111c805,True,True,0,0,0,0,0,"NON-JSON OUTPUT:
",,,,740.0,5354.0,12.0,39.0,5.0
gh_29581419,Tianyi2/IRIS,iac_benchmark/scenarios/gh_29581419,True,True,0,0,0,0,0,"NON-JSON OUTPUT:
",,,,1134.0,7825.0,15.0,59.0,5.0
terrads_7a1320c139c2,Zenodo/TerraDS,iac_benchmark/scenarios/terrads_7a1320c139c2,True,True,0,0,0,0,0,"NON-JSON OUTPUT:
",,,,429.0,2836.0,12.0,23.0,5.0
terrads_60f0eed289c2,Zenodo/TerraDS,iac_benchmark/scenarios/terrads_60f0eed289c2,True,True,0,0,0,0,0,"NON-JSON OUTPUT:
",,,,411.0,2936.0,15.0,28.0,5.0
terrads_0b1d44a94560,Zenodo/TerraDS,iac_benchmark/scenarios/terrads_0b1d44a94560,True,True,0,0,0,0,0,"NON-JSON OUTPUT:
",,,,642.0,4670.0,25.0,7.0,5.0
terrads_996b54f31473,Zenodo/TerraDS,iac_benchmark/scenarios/terrads_996b54f31473,True,True,0,0,0,0,0,"NON-JSON OUTPUT:
",,,,755.0,5867.0,18.0,30.0,5.0
terrads_5aa745f68c1d,Zenodo/TerraDS,iac_benchmark/scenarios/terrads_5aa745f68c1d,True,True,0,0,0,0,0,"NON-JSON OUTPUT:
",,,,498.0,3150.0,23.0,0.0,5.0
gh_bd134558,Tianyi2/IRIS,iac_benchmark/scenarios/gh_bd134558,True,True,0,0,0,0,0,"NON-JSON OUTPUT:
",,,,671.0,4567.0,24.0,23.0,5.0
terrads_106c7ce2625f,Zenodo/TerraDS,iac_benchmark/scenarios/terrads_106c7ce2625f,True,True,0,0,0,0,0,"NON-JSON OUTPUT:
",,,,665.0,4453.0,23.0,24.0,5.0
terrads_85eb80f4792a,Zenodo/TerraDS,iac_benchmark/scenarios/terrads_85eb80f4792a,True,True,0,0,0,0,0,"NON-JSON OUTPUT:
",,,,405.0,2677.0,18.0,6.0,5.0
terrads_d69f03176734,Zenodo/TerraDS,iac_benchmark/scenarios/terrads_d69f03176734,True,True,0,0,0,0,0,"NON-JSON OUTPUT:
",,,,855.0,7598.0,23.0,53.0,5.0
terrads_651ca158389b,Zenodo/TerraDS,iac_benchmark/scenarios/terrads_651ca158389b,True,True,0,0,0,0,0,"NON-JSON OUTPUT:
",,,,487.0,4746.0,18.0,31.0,5.0
terrads_9c8a2db31344,Zenodo/TerraDS,iac_benchmark/scenarios/terrads_9c8a2db31344,True,True,0,0,0,0,0,"NON-JSON OUTPUT:
",,,,817.0,7234.0,23.0,53.0,5.0
terrads_f68f71d8ef13,Zenodo/TerraDS,iac_benchmark/scenarios/terrads_f68f71d8ef13,True,True,0,0,0,0,0,"NON-JSON OUTPUT:
",,,,479.0,2579.0,14.0,13.0,5.0
terrads_418130fea20b,Zenodo/TerraDS,iac_benchmark/scenarios/terrads_418130fea20b,True,True,0,0,0,0,0,"NON-JSON OUTPUT:
",,,,745.0,5632.0,14.0,2.0,5.0
terrads_86d6f67a832c,Zenodo/TerraDS,iac_benchmark/scenarios/terrads_86d6f67a832c,True,True,0,0,0,0,0,"NON-JSON OUTPUT:
",,,,536.0,3754.0,45.0,0.0,5.0
terrads_3eae3874c4f3,Zenodo/TerraDS,iac_benchmark/scenarios/terrads_3eae3874c4f3,True,True,0,0,0,0,0,"NON-JSON OUTPUT:
",,,,566.0,4046.0,14.0,2.0,5.0
terrads_96b1a4996fca,Zenodo/TerraDS,iac_benchmark/scenarios/terrads_96b1a4996fca,True,True,0,0,0,0,0,"NON-JSON OUTPUT:
",,,,883.0,6480.0,37.0,15.0,5.0
terrads_1eb44da1adae,Zenodo/TerraDS,iac_benchmark/scenarios/terrads_1eb44da1adae,True,True,0,0,0,0,0,"NON-JSON OUTPUT:
",,,,536.0,3754.0,45.0,0.0,5.0
terrads_8d4fba31c2aa,Zenodo/TerraDS,iac_benchmark/scenarios/terrads_8d4fba31c2aa,True,True,0,0,0,0,0,"NON-JSON OUTPUT:
",,,,657.0,4547.0,18.0,20.0,5.0
terrads_a8cd07a98c8c,Zenodo/TerraDS,iac_benchmark/scenarios/terrads_a8cd07a98c8c,True,True,0,0,0,0,0,"NON-JSON OUTPUT:
",,,,465.0,3172.0,24.0,5.0,5.0
terrads_4b32847fab20,Zenodo/TerraDS,iac_benchmark/scenarios/terrads_4b32847fab20,True,True,0,0,0,0,0,"NON-JSON OUTPUT:
",,,,420.0,2623.0,16.0,6.0,5.0
terrads_90b1312fdf6b,Zenodo/TerraDS,iac_benchmark/scenarios/terrads_90b1312fdf6b,True,True,0,0,0,0,0,"NON-JSON OUTPUT:
",,,,465.0,3326.0,21.0,1.0,5.0
terrads_4cf4cc6a27a9,Zenodo/TerraDS,iac_benchmark/scenarios/terrads_4cf4cc6a27a9,True,True,0,0,0,0,0,"NON-JSON OUTPUT:
",,,,560.0,4106.0,13.0,37.0,5.0
terrads_b565ae47c3e3,Zenodo/TerraDS,iac_benchmark/scenarios/terrads_b565ae47c3e3,True,True,0,0,0,0,0,"NON-JSON OUTPUT:
",,,,498.0,3150.0,23.0,0.0,5.0
terrads_331eb7e3f443,Zenodo/TerraDS,iac_benchmark/scenarios/terrads_331eb7e3f443,True,True,0,0,0,0,0,"NON-JSON OUTPUT:
",,,,584.0,4233.0,16.0,39.0,5.0
terrads_0620de0f2a41,Zenodo/TerraDS,iac_benchmark/scenarios/terrads_0620de0f2a41,True,True,0,0,0,0,0,"NON-JSON OUTPUT:
",,,,498.0,3150.0,23.0,0.0,5.0
terrads_152cbcb0f0e0,Zenodo/TerraDS,iac_benchmark/scenarios/terrads_152cbcb0f0e0,True,True,0,0,0,0,0,"NON-JSON OUTPUT:
",,,,431.0,2891.0,15.0,9.0,5.0
terrads_47161ca01643,Zenodo/TerraDS,iac_benchmark/scenarios/terrads_47161ca01643,True,True,0,0,0,0,0,"NON-JSON OUTPUT:
",,,,522.0,4891.0,15.0,11.0,5.0
terrads_6f5bfdfe9458,Zenodo/TerraDS,iac_benchmark/scenarios/terrads_6f5bfdfe9458,True,True,0,0,0,0,0,"NON-JSON OUTPUT:
",,,,740.0,5354.0,12.0,39.0,5.0
terrads_b148c8c21a12,Zenodo/TerraDS,iac_benchmark/scenarios/terrads_b148c8c21a12,True,True,0,0,0,0,0,"NON-JSON OUTPUT:
",,,,457.0,2650.0,13.0,9.0,5.0
terrads_0e14068301f0,Zenodo/TerraDS,iac_benchmark/scenarios/terrads_0e14068301f0,True,True,0,0,0,0,0,"NON-JSON OUTPUT:
",,,,617.0,4427.0,55.0,0.0,5.0
terrads_716321cdb778,Zenodo/TerraDS,iac_benchmark/scenarios/terrads_716321cdb778,True,True,0,0,0,0,0,"NON-JSON OUTPUT:
",,,,464.0,2925.0,28.0,5.0,5.0
terrads_1ca91223fcfb,Zenodo/TerraDS,iac_benchmark/scenarios/terrads_1ca91223fcfb,True,True,0,0,0,0,0,"NON-JSON OUTPUT:
",,,,617.0,4427.0,55.0,0.0,5.0
terrads_e134bc559aae,Zenodo/TerraDS,iac_benchmark/scenarios/terrads_e134bc559aae,True,True,0,0,0,0,0,"NON-JSON OUTPUT:
",,,,663.0,4402.0,30.0,11.0,5.0
terrads_3b25c44f6105,Zenodo/TerraDS,iac_benchmark/scenarios/terrads_3b25c44f6105,True,True,0,0,0,0,0,"NON-JSON OUTPUT:
",,,,426.0,3118.0,23.0,19.0,5.0
terrads_3762b80d2f73,Zenodo/TerraDS,iac_benchmark/scenarios/terrads_3762b80d2f73,True,True,0,0,0,0,0,"NON-JSON OUTPUT:
",,,,875.0,6276.0,37.0,18.0,5.0
terrads_15dc7dba11b2,Zenodo/TerraDS,iac_benchmark/scenarios/terrads_15dc7dba11b2,True,True,0,0,0,0,0,"NON-JSON OUTPUT:
",,,,729.0,5256.0,12.0,38.0,5.0
gh_c924c388,antonputra/tutorials,iac_benchmark/scenarios/gh_c924c388,True,True,0,0,0,0,0,"NON-JSON OUTPUT:
",,,,498.0,3150.0,23.0,0.0,5.0
terrads_1a847db09db7,Zenodo/TerraDS,iac_benchmark/scenarios/terrads_1a847db09db7,True,True,0,0,0,0,0,"NON-JSON OUTPUT:
",,,,527.0,4054.0,12.0,20.0,5.0
terrads_51446eba5d52,Zenodo/TerraDS,iac_benchmark/scenarios/terrads_51446eba5d52,True,True,0,0,0,0,0,"NON-JSON OUTPUT:
",,,,625.0,4431.0,16.0,11.0,5.0
terrads_9c2b0059cbfb,Zenodo/TerraDS,iac_benchmark/scenarios/terrads_9c2b0059cbfb,True,True,0,0,0,0,0,"NON-JSON OUTPUT:
",,,,536.0,3754.0,45.0,0.0,5.0
terrads_3072dd150056,Zenodo/TerraDS,iac_benchmark/scenarios/terrads_3072dd150056,True,True,0,0,0,0,0,"NON-JSON OUTPUT:
",,,,496.0,3606.0,14.0,16.0,5.0
terrads_12723ee692a8,Zenodo/TerraDS,iac_benchmark/scenarios/terrads_12723ee692a8,True,True,0,0,0,0,0,"NON-JSON OUTPUT:
",,,,789.0,5018.0,19.0,22.0,5.0
terrads_58a2dd04826f,Zenodo/TerraDS,iac_benchmark/scenarios/terrads_58a2dd04826f,True,True,0,0,0,0,0,,,,,823.0,6642.0,36.0,29.0,5.0
terrads_c1ef7e6e1f21,Zenodo/TerraDS,iac_benchmark/scenarios/terrads_c1ef7e6e1f21,True,True,0,0,0,0,0,,,,,586.0,3953.0,36.0,10.0,5.0
terrads_2badc191206b,Zenodo/TerraDS,iac_benchmark/scenarios/terrads_2badc191206b,True,True,0,0,0,0,0,,,,,557.0,3568.0,19.0,52.0,5.0
terrads_c02a8f191c73,Zenodo/TerraDS,iac_benchmark/scenarios/terrads_c02a8f191c73,True,True,0,0,0,0,0,,,,,502.0,3125.0,18.0,0.0,5.0
terrads_ac1f47d4a32f,Zenodo/TerraDS,iac_benchmark/scenarios/terrads_ac1f47d4a32f,True,True,0,0,0,0,0,,,,,653.0,5679.0,31.0,7.0,5.0
terrads_6e9859a577c4,Zenodo/TerraDS,iac_benchmark/scenarios/terrads_6e9859a577c4,True,True,0,0,0,0,0,,,,,755.0,4988.0,43.0,4.0,5.0
terrads_4261ccd2b2d4,Zenodo/TerraDS,iac_benchmark/scenarios/terrads_4261ccd2b2d4,True,True,0,0,0,0,0,,,,,804.0,6379.0,26.0,64.0,5.0
terrads_762a988c79df,Zenodo/TerraDS,iac_benchmark/scenarios/terrads_762a988c79df,True,True,0,0,0,0,0,,,,,430.0,2646.0,18.0,14.0,5.0
terrads_f59c96e346bd,Zenodo/TerraDS,iac_benchmark/scenarios/terrads_f59c96e346bd,True,True,0,0,0,0,0,,,,,445.0,2921.0,19.0,6.0,5.0
terrads_0272d1d7ecac,Zenodo/TerraDS,iac_benchmark/scenarios/terrads_0272d1d7ecac,True,True,0,0,0,0,0,,,,,519.0,3675.0,23.0,6.0,5.0
terrads_570e0c58c3be,Zenodo/TerraDS,iac_benchmark/scenarios/terrads_570e0c58c3be,True,True,0,0,0,0,0,,,,,502.0,2548.0,16.0,15.0,5.0
terrads_5e6a6d6638c5,Zenodo/TerraDS,iac_benchmark/scenarios/terrads_5e6a6d6638c5,True,True,0,0,0,0,0,,,,,728.0,4893.0,25.0,1.0,5.0
terrads_10f82e3722ee,Zenodo/TerraDS,iac_benchmark/scenarios/terrads_10f82e3722ee,True,True,0,0,0,0,0,,,,,493.0,3238.0,23.0,6.0,5.0
terrads_3a691a2947b8,Zenodo/TerraDS,iac_benchmark/scenarios/terrads_3a691a2947b8,True,True,0,0,0,0,0,,,,,536.0,3593.0,33.0,4.0,5.0
terrads_e3206a6da874,Zenodo/TerraDS,iac_benchmark/scenarios/terrads_e3206a6da874,True,True,0,0,0,0,0,,,,,417.0,3309.0,14.0,12.0,5.0
terrads_f7981c1201e8,Zenodo/TerraDS,iac_benchmark/scenarios/terrads_f7981c1201e8,True,True,0,0,0,0,0,,,,,734.0,4903.0,25.0,1.0,5.0
terrads_cd96b436c075,Zenodo/TerraDS,iac_benchmark/scenarios/terrads_cd96b436c075,True,True,0,0,0,0,0,,,,,435.0,2691.0,14.0,37.0,5.0
terrads_2f61ab09663a,Zenodo/TerraDS,iac_benchmark/scenarios/terrads_2f61ab09663a,True,True,0,0,0,0,0,,,,,404.0,2359.0,18.0,13.0,5.0
terrads_7478a39e766b,Zenodo/TerraDS,iac_benchmark/scenarios/terrads_7478a39e766b,True,True,0,0,0,0,0,,,,,412.0,2535.0,27.0,0.0,5.0
terrads_11a711be296d,Zenodo/TerraDS,iac_benchmark/scenarios/terrads_11a711be296d,True,True,0,0,0,0,0,,,,,465.0,3099.0,28.0,16.0,5.0
terrads_9c6f0bb258fc,Zenodo/TerraDS,iac_benchmark/scenarios/terrads_9c6f0bb258fc,True,True,0,0,0,0,0,,,,,1156.0,7486.0,37.0,9.0,5.0
terrads_0948d1de19b7,Zenodo/TerraDS,iac_benchmark/scenarios/terrads_0948d1de19b7,True,True,0,0,0,0,0,,,,,683.0,4814.0,30.0,16.0,5.0
terrads_ca33ad1688e6,Zenodo/TerraDS,iac_benchmark/scenarios/terrads_ca33ad1688e6,True,True,0,0,0,0,0,,,,,708.0,4454.0,20.0,32.0,5.0
terrads_a3f52f174f79,Zenodo/TerraDS,iac_benchmark/scenarios/terrads_a3f52f174f79,True,True,0,0,0,0,0,,,,,563.0,4783.0,37.0,8.0,5.0
terrads_40231ac3789a,Zenodo/TerraDS,iac_benchmark/scenarios/terrads_40231ac3789a,True,True,0,0,0,0,0,,,,,432.0,2673.0,28.0,0.0,5.0
terrads_79b1a36f4bec,Zenodo/TerraDS,iac_benchmark/scenarios/terrads_79b1a36f4bec,True,True,0,0,0,0,0,,,,,464.0,3388.0,17.0,11.0,5.0
terrads_3380eb7a1524,Zenodo/TerraDS,iac_benchmark/scenarios/terrads_3380eb7a1524,True,True,0,0,0,0,0,,,,,563.0,4783.0,37.0,8.0,5.0
terrads_0a9949256c04,Zenodo/TerraDS,iac_benchmark/scenarios/terrads_0a9949256c04,True,True,0,0,0,0,0,,,,,456.0,3622.0,18.0,15.0,5.0
terrads_40b951f18ef4,Zenodo/TerraDS,iac_benchmark/scenarios/terrads_40b951f18ef4,True,True,0,0,0,0,0,,,,,1131.0,7921.0,30.0,0.0,5.0
terrads_84657ab7704c,Zenodo/TerraDS,iac_benchmark/scenarios/terrads_84657ab7704c,True,True,0,0,0,0,0,,,,,443.0,2946.0,29.0,1.0,5.0
terrads_0a7d0f12b322,Zenodo/TerraDS,iac_benchmark/scenarios/terrads_0a7d0f12b322,True,True,0,0,0,0,0,,,,,471.0,2944.0,36.0,0.0,5.0
terrads_18dd5816a69b,Zenodo/TerraDS,iac_benchmark/scenarios/terrads_18dd5816a69b,True,True,0,0,0,0,0,,,,,413.0,2489.0,25.0,6.0,5.0
terrads_c5ca978beef4,Zenodo/TerraDS,iac_benchmark/scenarios/terrads_c5ca978beef4,True,True,0,0,0,0,0,,,,,528.0,3299.0,16.0,0.0,5.0
terrads_08a45ff67433,Zenodo/TerraDS,iac_benchmark/scenarios/terrads_08a45ff67433,True,True,0,0,0,0,0,,,,,413.0,2720.0,16.0,32.0,5.0
gh_dd7379f2,Tianyi2/IRIS,iac_benchmark/scenarios/gh_dd7379f2,True,True,0,0,0,0,0,,,,,782.0,5887.0,43.0,47.0,5.0
terrads_e267ed8d2b22,Zenodo/TerraDS,iac_benchmark/scenarios/terrads_e267ed8d2b22,True,True,0,0,0,0,0,,,,,468.0,3615.0,12.0,13.0,5.0
terrads_fb564074905c,Zenodo/TerraDS,iac_benchmark/scenarios/terrads_fb564074905c,True,True,0,0,0,0,0,,,,,417.0,2691.0,24.0,25.0,5.0
terrads_1bcfdbd65547,Zenodo/TerraDS,iac_benchmark/scenarios/terrads_1bcfdbd65547,True,True,0,0,0,0,0,,,,,518.0,3467.0,31.0,0.0,5.0
terrads_ec750526715d,Zenodo/TerraDS,iac_benchmark/scenarios/terrads_ec750526715d,True,True,0,0,0,0,0,,,,,741.0,5019.0,26.0,1.0,5.0
terrads_8de47dff4e0c,Zenodo/TerraDS,iac_benchmark/scenarios/terrads_8de47dff4e0c,True,True,0,0,0,0,0,,,,,414.0,2861.0,26.0,9.0,5.0
terrads_521bfbf739dd,Zenodo/TerraDS,iac_benchmark/scenarios/terrads_521bfbf739dd,True,True,0,0,0,0,0,,,,,853.0,5302.0,12.0,45.0,5.0
terrads_771bd4b9ce05,Zenodo/TerraDS,iac_benchmark/scenarios/terrads_771bd4b9ce05,True,True,0,0,0,0,0,,,,,409.0,3036.0,15.0,9.0,5.0
terrads_0e49073a93bf,Zenodo/TerraDS,iac_benchmark/scenarios/terrads_0e49073a93bf,True,True,0,0,0,0,0,,,,,440.0,2756.0,18.0,8.0,5.0
terrads_daf02bc8e970,Zenodo/TerraDS,iac_benchmark/scenarios/terrads_daf02bc8e970,True,True,0,0,0,0,0,,,,,462.0,2859.0,26.0,0.0,5.0
terrads_aa2c974e74d5,Zenodo/TerraDS,iac_benchmark/scenarios/terrads_aa2c974e74d5,True,True,0,0,0,0,0,,,,,512.0,3413.0,20.0,6.0,5.0
terrads_13abe5bd9cb2,Zenodo/TerraDS,iac_benchmark/scenarios/terrads_13abe5bd9cb2,True,True,0,0,0,0,0,,,,,565.0,3051.0,23.0,9.0,5.0
terrads_eb9758fc81a6,Zenodo/TerraDS,iac_benchmark/scenarios/terrads_eb9758fc81a6,True,True,0,0,0,0,0,,,,,441.0,2876.0,19.0,2.0,5.0
terrads_7ad57aa7b9f4,Zenodo/TerraDS,iac_benchmark/scenarios/terrads_7ad57aa7b9f4,True,True,0,0,0,0,0,,,,,536.0,3999.0,20.0,20.0,5.0
terrads_9c911063ca27,Zenodo/TerraDS,iac_benchmark/scenarios/terrads_9c911063ca27,True,True,0,0,0,0,0,,,,,747.0,5526.0,26.0,34.0,5.0
terrads_21b619917ca0,Zenodo/TerraDS,iac_benchmark/scenarios/terrads_21b619917ca0,True,True,0,0,0,0,0,,,,,765.0,4629.0,57.0,0.0,5.0
terrads_698fc695ae44,Zenodo/TerraDS,iac_benchmark/scenarios/terrads_698fc695ae44,True,True,0,0,0,0,0,,,,,609.0,4086.0,33.0,9.0,5.0
terrads_be79c1a70b8a,Zenodo/TerraDS,iac_benchmark/scenarios/terrads_be79c1a70b8a,True,True,0,0,0,0,0,,,,,486.0,3346.0,17.0,17.0,5.0
terrads_29451d234cec,Zenodo/TerraDS,iac_benchmark/scenarios/terrads_29451d234cec,True,True,0,0,0,0,0,,,,,412.0,2489.0,14.0,8.0,5.0
gh_c87c8d7a,Tianyi2/IRIS,iac_benchmark/scenarios/gh_c87c8d7a,True,True,0,0,0,0,0,,,,,407.0,2519.0,16.0,0.0,5.0
terrads_9a26311f41bb,Zenodo/TerraDS,iac_benchmark/scenarios/terrads_9a26311f41bb,True,True,0,0,0,0,0,,,,,416.0,3720.0,12.0,22.0,5.0
terrads_e0197aa1408c,Zenodo/TerraDS,iac_benchmark/scenarios/terrads_e0197aa1408c,True,True,0,0,0,0,0,,,,,563.0,3915.0,35.0,0.0,5.0
terrads_10af796c7313,Zenodo/TerraDS,iac_benchmark/scenarios/terrads_10af796c7313,True,True,0,0,0,0,0,,,,,537.0,3518.0,37.0,23.0,5.0
terrads_08a3eb73b476,Zenodo/TerraDS,iac_benchmark/scenarios/terrads_08a3eb73b476,True,True,0,0,0,0,0,,,,,499.0,4545.0,14.0,32.0,5.0
terrads_8b57ba65c0a7,Zenodo/TerraDS,iac_benchmark/scenarios/terrads_8b57ba65c0a7,True,True,0,0,0,0,0,,,,,882.0,5914.0,31.0,31.0,5.0
terrads_e60288e97190,Zenodo/TerraDS,iac_benchmark/scenarios/terrads_e60288e97190,True,True,0,0,0,0,0,,,,,518.0,3467.0,31.0,0.0,5.0
terrads_e5ea822d432d,Zenodo/TerraDS,iac_benchmark/scenarios/terrads_e5ea822d432d,True,True,0,0,0,0,0,,,,,452.0,3046.0,28.0,2.0,5.0
terrads_0671cfd7a951,Zenodo/TerraDS,iac_benchmark/scenarios/terrads_0671cfd7a951,True,True,0,0,0,0,0,,,,,882.0,5914.0,31.0,31.0,5.0
terrads_6d27b984eb9e,Zenodo/TerraDS,iac_benchmark/scenarios/terrads_6d27b984eb9e,True,True,0,0,0,0,0,,,,,945.0,5867.0,57.0,24.0,5.0
terrads_e231d81a9353,Zenodo/TerraDS,iac_benchmark/scenarios/terrads_e231d81a9353,True,True,0,0,0,0,0,,,,,494.0,3342.0,19.0,14.0,5.0
terrads_77d945cfe13c,Zenodo/TerraDS,iac_benchmark/scenarios/terrads_77d945cfe13c,True,True,0,0,0,0,0,,,,,457.0,3209.0,26.0,33.0,5.0
terrads_74bd36d4d2c7,Zenodo/TerraDS,iac_benchmark/scenarios/terrads_74bd36d4d2c7,True,True,0,0,0,0,0,,,,,765.0,4867.0,49.0,7.0,5.0
terrads_83e3df817b9e,Zenodo/TerraDS,iac_benchmark/scenarios/terrads_83e3df817b9e,True,True,0,0,0,0,0,,,,,610.0,4023.0,35.0,0.0,5.0
terrads_dd808d9a2d71,Zenodo/TerraDS,iac_benchmark/scenarios/terrads_dd808d9a2d71,True,True,0,0,0,0,0,,,,,590.0,4461.0,20.0,15.0,5.0
terrads_4c0a158118e3,Zenodo/TerraDS,iac_benchmark/scenarios/terrads_4c0a158118e3,True,True,0,0,0,0,0,,,,,563.0,3915.0,35.0,0.0,5.0
gh_434f1b0d,Tianyi2/IRIS,iac_benchmark/scenarios/gh_434f1b0d,True,True,0,0,0,0,0,,,,,747.0,5337.0,15.0,35.0,5.0
terrads_3e277ee347d9,Zenodo/TerraDS,iac_benchmark/scenarios/terrads_3e277ee347d9,True,True,0,0,0,0,0,,,,,728.0,4893.0,25.0,1.0,5.0
terrads_f254a8e1c206,Zenodo/TerraDS,iac_benchmark/scenarios/terrads_f254a8e1c206,True,True,0,0,0,0,0,,,,,522.0,3506.0,13.0,29.0,5.0
terrads_6e112bf44a70,Zenodo/TerraDS,iac_benchmark/scenarios/terrads_6e112bf44a70,True,True,0,0,0,0,0,,,,,482.0,3081.0,19.0,14.0,5.0
terrads_039782220c43,Zenodo/TerraDS,iac_benchmark/scenarios/terrads_039782220c43,True,True,0,0,0,0,0,,,,,539.0,3691.0,20.0,0.0,5.0
terrads_e588910d27f6,Zenodo/TerraDS,iac_benchmark/scenarios/terrads_e588910d27f6,True,True,0,0,0,0,0,,,,,408.0,2532.0,15.0,17.0,5.0
terrads_3f1bd602a915,Zenodo/TerraDS,iac_benchmark/scenarios/terrads_3f1bd602a915,True,True,0,0,0,0,0,,,,,578.0,3755.0,37.0,0.0,5.0
terrads_4545868ecac8,Zenodo/TerraDS,iac_benchmark/scenarios/terrads_4545868ecac8,True,True,0,0,0,0,0,,,,,440.0,2671.0,18.0,13.0,5.0
terrads_1385cb80b71f,Zenodo/TerraDS,iac_benchmark/scenarios/terrads_1385cb80b71f,True,True,0,0,0,0,0,,,,,796.0,6500.0,30.0,61.0,5.0
terrads_03acbabf970a,Zenodo/TerraDS,iac_benchmark/scenarios/terrads_03acbabf970a,True,True,0,0,0,0,0,,,,,629.0,4229.0,24.0,22.0,5.0
terrads_361920ebb7fd,Zenodo/TerraDS,iac_benchmark/scenarios/terrads_361920ebb7fd,True,True,0,0,0,0,0,,,,,734.0,4903.0,25.0,1.0,5.0
terrads_0e5b8dfec210,Zenodo/TerraDS,iac_benchmark/scenarios/terrads_0e5b8dfec210,True,True,0,0,0,0,0,,,,,470.0,2567.0,14.0,6.0,5.0
terrads_8ec584a2cf79,Zenodo/TerraDS,iac_benchmark/scenarios/terrads_8ec584a2cf79,True,True,0,0,0,0,0,,,,,765.0,5755.0,40.0,8.0,5.0
terrads_e35cb5ae5831,Zenodo/TerraDS,iac_benchmark/scenarios/terrads_e35cb5ae5831,True,True,0,0,0,0,0,,,,,693.0,5367.0,14.0,40.0,5.0
terrads_bd8a0665b676,Zenodo/TerraDS,iac_benchmark/scenarios/terrads_bd8a0665b676,True,True,0,0,0,0,0,,,,,629.0,4627.0,18.0,40.0,5.0
terrads_5515ca4135ee,Zenodo/TerraDS,iac_benchmark/scenarios/terrads_5515ca4135ee,True,True,0,0,0,0,0,,,,,456.0,3424.0,21.0,2.0,5.0
terrads_1b8cd6f41b05,Zenodo/TerraDS,iac_benchmark/scenarios/terrads_1b8cd6f41b05,True,True,0,0,0,0,0,,,,,416.0,3098.0,23.0,15.0,5.0
terrads_c25c018f5f3c,Zenodo/TerraDS,iac_benchmark/scenarios/terrads_c25c018f5f3c,True,True,0,0,0,0,0,,,,,687.0,5103.0,36.0,42.0,5.0
terrads_fe4f8ea8283d,Zenodo/TerraDS,iac_benchmark/scenarios/terrads_fe4f8ea8283d,True,True,0,0,0,0,0,,,,,811.0,5601.0,25.0,4.0,5.0
terrads_dd93b37554f1,Zenodo/TerraDS,iac_benchmark/scenarios/terrads_dd93b37554f1,True,True,0,0,0,0,0,,,,,650.0,4436.0,21.0,1.0,5.0
terrads_b71b522038df,Zenodo/TerraDS,iac_benchmark/scenarios/terrads_b71b522038df,True,True,0,0,0,0,0,,,,,610.0,4545.0,12.0,44.0,5.0
terrads_644390ae08de,Zenodo/TerraDS,iac_benchmark/scenarios/terrads_644390ae08de,True,True,0,0,0,0,0,,,,,882.0,5914.0,31.0,31.0,5.0
terrads_02e2bcc3a70b,Zenodo/TerraDS,iac_benchmark/scenarios/terrads_02e2bcc3a70b,True,True,0,0,0,0,0,,,,,1104.0,7379.0,42.0,12.0,5.0
terrads_74e8998837a4,Zenodo/TerraDS,iac_benchmark/scenarios/terrads_74e8998837a4,True,True,0,0,0,0,0,,,,,671.0,4303.0,29.0,22.0,5.0
terrads_4c0b0d3471d1,Zenodo/TerraDS,iac_benchmark/scenarios/terrads_4c0b0d3471d1,True,True,0,0,0,0,0,,,,,538.0,4406.0,45.0,7.0,5.0
terrads_355fc071595e,Zenodo/TerraDS,iac_benchmark/scenarios/terrads_355fc071595e,True,True,0,0,0,0,0,,,,,568.0,3761.0,31.0,4.0,5.0
terrads_6d8f9fad86e3,Zenodo/TerraDS,iac_benchmark/scenarios/terrads_6d8f9fad86e3,True,True,0,0,0,0,0,,,,,849.0,6906.0,41.0,18.0,5.0
terrads_ca729f221b93,Zenodo/TerraDS,iac_benchmark/scenarios/terrads_ca729f221b93,True,True,0,0,0,0,0,,,,,882.0,5914.0,31.0,31.0,5.0
terrads_5b62d8d82ede,Zenodo/TerraDS,iac_benchmark/scenarios/terrads_5b62d8d82ede,True,True,0,0,0,0,0,,,,,405.0,2561.0,25.0,9.0,5.0
terrads_c032ce727929,Zenodo/TerraDS,iac_benchmark/scenarios/terrads_c032ce727929,True,True,0,0,0,0,0,,,,,571.0,3846.0,22.0,2.0,5.0
terrads_a1ed024b2182,Zenodo/TerraDS,iac_benchmark/scenarios/terrads_a1ed024b2182,True,True,0,0,0,0,0,,,,,477.0,3685.0,33.0,0.0,5.0
terrads_eba879a14240,Zenodo/TerraDS,iac_benchmark/scenarios/terrads_eba879a14240,True,True,0,0,0,0,0,,,,,769.0,5336.0,19.0,45.0,5.0
terrads_fb0b82babaa5,Zenodo/TerraDS,iac_benchmark/scenarios/terrads_fb0b82babaa5,True,True,0,0,0,0,0,,,,,467.0,3625.0,35.0,4.0,5.0
terrads_2ace9a744a3f,Zenodo/TerraDS,iac_benchmark/scenarios/terrads_2ace9a744a3f,True,True,0,0,0,0,0,,,,,414.0,3002.0,26.0,4.0,5.0
terrads_54cf2a201a92,Zenodo/TerraDS,iac_benchmark/scenarios/terrads_54cf2a201a92,True,True,0,0,0,0,0,,,,,462.0,3288.0,26.0,6.0,5.0
terrads_3d13dba5c789,Zenodo/TerraDS,iac_benchmark/scenarios/terrads_3d13dba5c789,True,True,0,0,0,0,0,,,,,540.0,3525.0,25.0,16.0,5.0
terrads_8f241749f696,Zenodo/TerraDS,iac_benchmark/scenarios/terrads_8f241749f696,True,True,0,0,0,0,0,,,,,417.0,2528.0,24.0,13.0,5.0
terrads_919d6800bfd8,Zenodo/TerraDS,iac_benchmark/scenarios/terrads_919d6800bfd8,True,True,0,0,0,0,0,,,,,452.0,3061.0,14.0,16.0,5.0
terrads_3e633e1b4336,Zenodo/TerraDS,iac_benchmark/scenarios/terrads_3e633e1b4336,True,True,0,0,0,0,0,,,,,586.0,4940.0,34.0,2.0,5.0
terrads_4b489be9dd52,Zenodo/TerraDS,iac_benchmark/scenarios/terrads_4b489be9dd52,True,True,0,0,0,0,0,,,,,561.0,4309.0,31.0,17.0,5.0
terrads_9eff520d96ca,Zenodo/TerraDS,iac_benchmark/scenarios/terrads_9eff520d96ca,True,True,0,0,0,0,0,,,,,796.0,4924.0,44.0,15.0,5.0
terrads_b9937647fe90,Zenodo/TerraDS,iac_benchmark/scenarios/terrads_b9937647fe90,True,True,0,0,0,0,0,,,,,402.0,2521.0,25.0,7.0,5.0
terrads_4b8df6411a37,Zenodo/TerraDS,iac_benchmark/scenarios/terrads_4b8df6411a37,True,True,0,0,0,0,0,,,,,555.0,3813.0,14.0,20.0,5.0
terrads_d0bbfe5f50a2,Zenodo/TerraDS,iac_benchmark/scenarios/terrads_d0bbfe5f50a2,True,True,0,0,0,0,0,,,,,577.0,3795.0,25.0,11.0,5.0
terrads_05b220c242bf,Zenodo/TerraDS,iac_benchmark/scenarios/terrads_05b220c242bf,True,True,0,0,0,0,0,,,,,441.0,2723.0,15.0,16.0,5.0
terrads_58e328d1b13a,Zenodo/TerraDS,iac_benchmark/scenarios/terrads_58e328d1b13a,True,True,0,0,0,0,0,,,,,810.0,5348.0,45.0,25.0,5.0
terrads_6ad1a4837c3c,Zenodo/TerraDS,iac_benchmark/scenarios/terrads_6ad1a4837c3c,True,True,0,0,0,0,0,,,,,780.0,6475.0,19.0,58.0,5.0
terrads_0dcb08d92dc0,Zenodo/TerraDS,iac_benchmark/scenarios/terrads_0dcb08d92dc0,True,True,0,0,0,0,0,,,,,605.0,4728.0,25.0,28.0,5.0
terrads_87e79d96afd4,Zenodo/TerraDS,iac_benchmark/scenarios/terrads_87e79d96afd4,True,True,0,0,0,0,0,,,,,624.0,4581.0,12.0,8.0,5.0
terrads_d06808f0c8a7,Zenodo/TerraDS,iac_benchmark/scenarios/terrads_d06808f0c8a7,True,True,0,0,0,0,0,,,,,1121.0,7280.0,36.0,40.0,5.0
terrads_9c4ee15c2818,Zenodo/TerraDS,iac_benchmark/scenarios/terrads_9c4ee15c2818,True,True,0,0,0,0,0,,,,,416.0,3100.0,14.0,29.0,5.0
terrads_07af0831a7fd,Zenodo/TerraDS,iac_benchmark/scenarios/terrads_07af0831a7fd,True,True,0,0,0,0,0,,,,,490.0,3999.0,35.0,10.0,5.0
terrads_8e2f00694577,Zenodo/TerraDS,iac_benchmark/scenarios/terrads_8e2f00694577,True,True,0,0,0,0,0,,,,,844.0,6225.0,27.0,33.0,5.0
terrads_ad105b47ef8f,Zenodo/TerraDS,iac_benchmark/scenarios/terrads_ad105b47ef8f,True,True,0,0,0,0,0,,,,,1027.0,6417.0,39.0,14.0,5.0
terrads_b3c047299f51,Zenodo/TerraDS,iac_benchmark/scenarios/terrads_b3c047299f51,True,True,0,0,0,0,0,,,,,882.0,5914.0,31.0,31.0,5.0
gh_b79ea60c,Tianyi2/IRIS,iac_benchmark/scenarios/gh_b79ea60c,True,True,0,0,0,0,0,,,,,636.0,5539.0,18.0,2.0,5.0
terrads_16df32189469,Zenodo/TerraDS,iac_benchmark/scenarios/terrads_16df32189469,True,True,0,0,0,0,0,,,,,899.0,6465.0,46.0,0.0,5.0
terrads_6b7f5c7dd5cc,Zenodo/TerraDS,iac_benchmark/scenarios/terrads_6b7f5c7dd5cc,True,True,0,0,0,0,0,,,,,539.0,3691.0,20.0,0.0,5.0
terrads_b874cf1a89d5,Zenodo/TerraDS,iac_benchmark/scenarios/terrads_b874cf1a89d5,True,True,0,0,0,0,0,,,,,687.0,5293.0,14.0,39.0,5.0
terrads_31af2fae0f22,Zenodo/TerraDS,iac_benchmark/scenarios/terrads_31af2fae0f22,True,True,0,0,0,0,0,,,,,568.0,3404.0,26.0,25.0,5.0
terrads_c3aa0a300416,Zenodo/TerraDS,iac_benchmark/scenarios/terrads_c3aa0a300416,True,True,0,0,0,0,0,,,,,1054.0,7188.0,58.0,7.0,5.0
terrads_0c900eeb34d5,Zenodo/TerraDS,iac_benchmark/scenarios/terrads_0c900eeb34d5,True,True,0,0,0,0,0,,,,,408.0,3697.0,24.0,13.0,5.0
terrads_43f4246361e6,Zenodo/TerraDS,iac_benchmark/scenarios/terrads_43f4246361e6,True,True,0,0,0,0,0,,,,,641.0,4184.0,18.0,28.0,5.0
terrads_5dd24cd0ecf9,Zenodo/TerraDS,iac_benchmark/scenarios/terrads_5dd24cd0ecf9,True,True,0,0,0,0,0,,,,,703.0,4734.0,49.0,0.0,5.0
terrads_560a0c383639,Zenodo/TerraDS,iac_benchmark/scenarios/terrads_560a0c383639,True,True,0,0,0,0,0,,,,,964.0,7953.0,14.0,72.0,5.0
terrads_f0bbe491feb1,Zenodo/TerraDS,iac_benchmark/scenarios/terrads_f0bbe491feb1,True,True,0,0,0,0,0,,,,,879.0,5911.0,31.0,31.0,5.0
terrads_08724029cc21,Zenodo/TerraDS,iac_benchmark/scenarios/terrads_08724029cc21,True,True,0,0,0,0,0,,,,,518.0,3467.0,31.0,0.0,5.0
terrads_060bd50021b6,Zenodo/TerraDS,iac_benchmark/scenarios/terrads_060bd50021b6,True,True,0,0,0,0,0,,,,,410.0,2740.0,15.0,13.0,5.0
terrads_5b5725d23dde,Zenodo/TerraDS,iac_benchmark/scenarios/terrads_5b5725d23dde,True,True,0,0,0,0,0,,,,,465.0,3443.0,30.0,12.0,5.0
terrads_f2f0358d4d44,Zenodo/TerraDS,iac_benchmark/scenarios/terrads_f2f0358d4d44,True,True,0,0,0,0,0,,,,,420.0,3564.0,15.0,8.0,5.0
terrads_a8213cb78720,Zenodo/TerraDS,iac_benchmark/scenarios/terrads_a8213cb78720,True,True,0,0,0,0,0,,,,,982.0,6777.0,25.0,6.0,5.0
terrads_6c4420fc60a6,Zenodo/TerraDS,iac_benchmark/scenarios/terrads_6c4420fc60a6,True,True,0,0,0,0,0,,,,,829.0,6491.0,14.0,33.0,5.0
terrads_c47db3f38480,Zenodo/TerraDS,iac_benchmark/scenarios/terrads_c47db3f38480,True,True,0,0,0,0,0,,,,,411.0,2550.0,15.0,17.0,5.0
terrads_37009f571418,Zenodo/TerraDS,iac_benchmark/scenarios/terrads_37009f571418,True,True,0,0,0,0,0,,,,,515.0,3521.0,25.0,9.0,5.0
terrads_9b26cf700583,Zenodo/TerraDS,iac_benchmark/scenarios/terrads_9b26cf700583,True,True,0,0,0,0,0,,,,,932.0,7067.0,24.0,5.0,5.0
terrads_b66679a41fd4,Zenodo/TerraDS,iac_benchmark/scenarios/terrads_b66679a41fd4,True,True,0,0,0,0,0,,,,,687.0,5340.0,30.0,7.0,5.0
terrads_b50a398adc0d,Zenodo/TerraDS,iac_benchmark/scenarios/terrads_b50a398adc0d,True,True,0,0,0,0,0,,,,,495.0,3330.0,14.0,23.0,5.0
terrads_bafd04cdc521,Zenodo/TerraDS,iac_benchmark/scenarios/terrads_bafd04cdc521,True,True,0,0,0,0,0,,,,,741.0,5019.0,26.0,1.0,5.0
terrads_0fc10648d88f,Zenodo/TerraDS,iac_benchmark/scenarios/terrads_0fc10648d88f,True,True,0,0,0,0,0,,,,,772.0,5371.0,22.0,43.0,5.0
terrads_53f17a69923e,Zenodo/TerraDS,iac_benchmark/scenarios/terrads_53f17a69923e,True,True,0,0,0,0,0,,,,,893.0,6114.0,21.0,20.0,5.0
terrads_a41c50929c25,Zenodo/TerraDS,iac_benchmark/scenarios/terrads_a41c50929c25,True,True,0,0,0,0,0,,,,,734.0,4903.0,25.0,1.0,5.0
terrads_c11e2ef16abb,Zenodo/TerraDS,iac_benchmark/scenarios/terrads_c11e2ef16abb,True,True,0,0,0,0,0,,,,,450.0,2802.0,22.0,9.0,5.0
terrads_f331a65e78fe,Zenodo/TerraDS,iac_benchmark/scenarios/terrads_f331a65e78fe,True,True,0,0,0,0,0,,,,,477.0,3129.0,28.0,16.0,5.0
terrads_45b8cd9f9a23,Zenodo/TerraDS,iac_benchmark/scenarios/terrads_45b8cd9f9a23,True,True,0,0,0,0,0,,,,,545.0,4114.0,18.0,16.0,5.0
terrads_1d6ca29e0d23,Zenodo/TerraDS,iac_benchmark/scenarios/terrads_1d6ca29e0d23,True,True,0,0,0,0,0,,,,,438.0,3856.0,31.0,8.0,5.0
terrads_df364cfb1aed,Zenodo/TerraDS,iac_benchmark/scenarios/terrads_df364cfb1aed,True,True,0,0,0,0,0,,,,,617.0,4590.0,32.0,0.0,5.0
gh_ea125f96,Tianyi2/IRIS,iac_benchmark/scenarios/gh_ea125f96,True,True,0,0,0,0,0,,,,,665.0,4438.0,15.0,20.0,5.0
terrads_101d9f9d19f1,Zenodo/TerraDS,iac_benchmark/scenarios/terrads_101d9f9d19f1,True,True,0,0,0,0,0,,,,,511.0,3480.0,29.0,11.0,5.0
terrads_fe8fde05733a,Zenodo/TerraDS,iac_benchmark/scenarios/terrads_fe8fde05733a,True,True,0,0,0,0,0,,,,,745.0,5420.0,30.0,8.0,5.0
terrads_261ea0ad5fcf,Zenodo/TerraDS,iac_benchmark/scenarios/terrads_261ea0ad5fcf,True,True,0,0,0,0,0,,,,,614.0,4151.0,24.0,21.0,5.0
terrads_05bf729c14cd,Zenodo/TerraDS,iac_benchmark/scenarios/terrads_05bf729c14cd,True,True,0,0,0,0,0,,,,,569.0,4017.0,25.0,1.0,5.0
terrads_0ef42c4ffc3a,Zenodo/TerraDS,iac_benchmark/scenarios/terrads_0ef42c4ffc3a,True,True,0,0,0,0,0,,,,,910.0,7998.0,40.0,16.0,5.0
terrads_549b1419b01b,Zenodo/TerraDS,iac_benchmark/scenarios/terrads_549b1419b01b,True,True,0,0,0,0,0,,,,,590.0,4124.0,22.0,14.0,5.0
terrads_5730f2df2d4e,Zenodo/TerraDS,iac_benchmark/scenarios/terrads_5730f2df2d4e,True,True,0,0,0,0,0,,,,,516.0,3159.0,21.0,12.0,5.0
terrads_5d68473c5602,Zenodo/TerraDS,iac_benchmark/scenarios/terrads_5d68473c5602,True,True,0,0,0,0,0,,,,,769.0,5740.0,19.0,37.0,5.0
terrads_204a4a79e3ee,Zenodo/TerraDS,iac_benchmark/scenarios/terrads_204a4a79e3ee,True,True,0,0,0,0,0,,,,,450.0,2802.0,22.0,9.0,5.0
terrads_4a0fe477da36,Zenodo/TerraDS,iac_benchmark/scenarios/terrads_4a0fe477da36,True,True,0,0,0,0,0,,,,,1154.0,7470.0,33.0,16.0,5.0
terrads_1e79611637df,Zenodo/TerraDS,iac_benchmark/scenarios/terrads_1e79611637df,True,True,0,0,0,0,0,,,,,966.0,7739.0,30.0,41.0,5.0
terrads_9122dc8b6533,Zenodo/TerraDS,iac_benchmark/scenarios/terrads_9122dc8b6533,True,True,0,0,0,0,0,,,,,898.0,6957.0,42.0,2.0,5.0
terrads_07050be28044,Zenodo/TerraDS,iac_benchmark/scenarios/terrads_07050be28044,True,True,0,0,0,0,0,,,,,700.0,5493.0,24.0,3.0,5.0
terrads_5d282197d73a,Zenodo/TerraDS,iac_benchmark/scenarios/terrads_5d282197d73a,True,True,0,0,0,0,0,,,,,563.0,4783.0,37.0,8.0,5.0
terrads_6494f97c86aa,Zenodo/TerraDS,iac_benchmark/scenarios/terrads_6494f97c86aa,True,True,0,0,0,0,0,,,,,411.0,2982.0,23.0,2.0,5.0
terrads_59ba5fcb890e,Zenodo/TerraDS,iac_benchmark/scenarios/terrads_59ba5fcb890e,True,True,0,0,0,0,0,,,,,903.0,7455.0,45.0,7.0,5.0
terrads_307746539982,Zenodo/TerraDS,iac_benchmark/scenarios/terrads_307746539982,True,True,0,0,0,0,0,,,,,882.0,5914.0,31.0,31.0,5.0
terrads_5db506dd91c7,Zenodo/TerraDS,iac_benchmark/scenarios/terrads_5db506dd91c7,True,True,0,0,0,0,0,,,,,418.0,3163.0,15.0,13.0,5.0
terrads_e4877e512ade,Zenodo/TerraDS,iac_benchmark/scenarios/terrads_e4877e512ade,True,True,0,0,0,0,0,,,,,457.0,3209.0,26.0,33.0,5.0
terrads_78ac565c388b,Zenodo/TerraDS,iac_benchmark/scenarios/terrads_78ac565c388b,True,True,0,0,0,0,0,,,,,730.0,4903.0,25.0,1.0,5.0
terrads_e1d05c86f0f2,Zenodo/TerraDS,iac_benchmark/scenarios/terrads_e1d05c86f0f2,True,True,0,0,0,0,0,,,,,562.0,4151.0,29.0,3.0,5.0
terrads_b85bc06e1272,Zenodo/TerraDS,iac_benchmark/scenarios/terrads_b85bc06e1272,True,True,0,0,0,0,0,,,,,1078.0,7120.0,37.0,19.0,5.0
terrads_7c0983fbba57,Zenodo/TerraDS,iac_benchmark/scenarios/terrads_7c0983fbba57,True,True,0,0,0,0,0,,,,,415.0,3550.0,20.0,11.0,5.0
gh_0ffea0b5,Tianyi2/IRIS,iac_benchmark/scenarios/gh_0ffea0b5,True,True,0,0,0,0,0,,,,,485.0,2899.0,21.0,8.0,5.0
terrads_b5b5b9541071,Zenodo/TerraDS,iac_benchmark/scenarios/terrads_b5b5b9541071,True,True,0,0,0,0,0,,,,,783.0,6367.0,37.0,27.0,5.0
terrads_d0748e7ef886,Zenodo/TerraDS,iac_benchmark/scenarios/terrads_d0748e7ef886,True,True,0,0,0,0,0,,,,,819.0,5717.0,57.0,8.0,5.0
terrads_648904109402,Zenodo/TerraDS,iac_benchmark/scenarios/terrads_648904109402,True,True,0,0,0,0,0,,,,,738.0,5278.0,43.0,20.0,5.0
terrads_56f362ea256a,Zenodo/TerraDS,iac_benchmark/scenarios/terrads_56f362ea256a,True,True,0,0,0,0,0,,,,,536.0,3614.0,23.0,9.0,5.0
terrads_a5411e9971fb,Zenodo/TerraDS,iac_benchmark/scenarios/terrads_a5411e9971fb,True,True,0,0,0,0,0,,,,,433.0,3230.0,19.0,9.0,5.0
terrads_4f2af2e802dd,Zenodo/TerraDS,iac_benchmark/scenarios/terrads_4f2af2e802dd,True,True,0,0,0,0,0,,,,,439.0,3552.0,24.0,11.0,5.0
terrads_ff1481d9b6d5,Zenodo/TerraDS,iac_benchmark/scenarios/terrads_ff1481d9b6d5,True,True,0,0,0,0,0,,,,,457.0,3209.0,26.0,33.0,5.0
terrads_4bba71c7db4b,Zenodo/TerraDS,iac_benchmark/scenarios/terrads_4bba71c7db4b,True,True,0,0,0,0,0,,,,,523.0,3231.0,17.0,9.0,5.0
terrads_5f0423da3bd8,Zenodo/TerraDS,iac_benchmark/scenarios/terrads_5f0423da3bd8,True,True,0,0,0,0,0,,,,,1079.0,6789.0,47.0,28.0,5.0
terrads_5b775a547c08,Zenodo/TerraDS,iac_benchmark/scenarios/terrads_5b775a547c08,True,True,0,0,0,0,0,,,,,636.0,4378.0,36.0,38.0,5.0
terrads_430c65cda446,Zenodo/TerraDS,iac_benchmark/scenarios/terrads_430c65cda446,True,True,0,0,0,0,0,,,,,541.0,3526.0,24.0,16.0,5.0
terrads_75dbc17da403,Zenodo/TerraDS,iac_benchmark/scenarios/terrads_75dbc17da403,True,True,0,0,0,0,0,,,,,579.0,4738.0,18.0,4.0,5.0
terrads_4f58633e8486,Zenodo/TerraDS,iac_benchmark/scenarios/terrads_4f58633e8486,True,True,0,0,0,0,0,,,,,780.0,4910.0,37.0,25.0,5.0
terrads_cee0db7dcd5e,Zenodo/TerraDS,iac_benchmark/scenarios/terrads_cee0db7dcd5e,True,True,0,0,0,0,0,,,,,518.0,3467.0,31.0,0.0,5.0
terrads_2370be0222a3,Zenodo/TerraDS,iac_benchmark/scenarios/terrads_2370be0222a3,True,True,0,0,0,0,0,,,,,901.0,6691.0,13.0,1.0,5.0
terrads_2470a71de98e,Zenodo/TerraDS,iac_benchmark/scenarios/terrads_2470a71de98e,True,True,0,0,0,0,0,,,,,609.0,4333.0,37.0,14.0,5.0
terrads_bf41a5bc1e8f,Zenodo/TerraDS,iac_benchmark/scenarios/terrads_bf41a5bc1e8f,True,True,0,0,0,0,0,,,,,571.0,5705.0,36.0,6.0,5.0
terrads_2384dd0d1f3c,Zenodo/TerraDS,iac_benchmark/scenarios/terrads_2384dd0d1f3c,True,True,0,0,0,0,0,,,,,454.0,3381.0,26.0,3.0,5.0
terrads_c93abb5029ae,Zenodo/TerraDS,iac_benchmark/scenarios/terrads_c93abb5029ae,True,True,0,0,0,0,0,,,,,471.0,2944.0,36.0,0.0,5.0
terrads_bd37e0250d3a,Zenodo/TerraDS,iac_benchmark/scenarios/terrads_bd37e0250d3a,True,True,0,0,0,0,0,,,,,599.0,3933.0,32.0,0.0,5.0
terrads_8b869a9a74a7,Zenodo/TerraDS,iac_benchmark/scenarios/terrads_8b869a9a74a7,True,True,0,0,0,0,0,,,,,729.0,4903.0,25.0,1.0,5.0
terrads_236003c5d687,Zenodo/TerraDS,iac_benchmark/scenarios/terrads_236003c5d687,True,True,0,0,0,0,0,,,,,610.0,4023.0,35.0,0.0,5.0
terrads_39eec2e6ffb1,Zenodo/TerraDS,iac_benchmark/scenarios/terrads_39eec2e6ffb1,True,True,0,0,0,0,0,,,,,605.0,4309.0,26.0,18.0,5.0
gh_df708845,Tianyi2/IRIS,iac_benchmark/scenarios/gh_df708845,True,True,0,0,0,0,0,,,,,1228.0,7775.0,57.0,14.0,5.0
terrads_39ba6ce42f56,Zenodo/TerraDS,iac_benchmark/scenarios/terrads_39ba6ce42f56,True,True,0,0,0,0,0,,,,,414.0,3085.0,18.0,8.0,5.0
terrads_3d44e569d164,Zenodo/TerraDS,iac_benchmark/scenarios/terrads_3d44e569d164,True,True,0,0,0,0,0,,,,,471.0,2944.0,36.0,0.0,5.0
terrads_2acccd619d14,Zenodo/TerraDS,iac_benchmark/scenarios/terrads_2acccd619d14,True,True,0,0,0,0,0,,,,,494.0,3756.0,44.0,21.0,5.0
terrads_901f48ed15b7,Zenodo/TerraDS,iac_benchmark/scenarios/terrads_901f48ed15b7,True,True,0,0,0,0,0,,,,,403.0,2650.0,21.0,8.0,5.0
terrads_1a5d854bdd38,Zenodo/TerraDS,iac_benchmark/scenarios/terrads_1a5d854bdd38,True,True,0,0,0,0,0,,,,,406.0,3144.0,18.0,15.0,5.0
terrads_c3caaa6192de,Zenodo/TerraDS,iac_benchmark/scenarios/terrads_c3caaa6192de,True,True,0,0,0,0,0,,,,,609.0,4583.0,19.0,11.0,5.0
terrads_55339f5d19ef,Zenodo/TerraDS,iac_benchmark/scenarios/terrads_55339f5d19ef,True,True,0,0,0,0,0,,,,,563.0,4783.0,37.0,8.0,5.0
terrads_3a5f9a88a629,Zenodo/TerraDS,iac_benchmark/scenarios/terrads_3a5f9a88a629,True,True,0,0,0,0,0,,,,,882.0,5914.0,31.0,31.0,5.0
terrads_aff36fe9cab0,Zenodo/TerraDS,iac_benchmark/scenarios/terrads_aff36fe9cab0,True,True,0,0,0,0,0,,,,,450.0,3802.0,22.0,5.0,5.0
terrads_c94dd57deac0,Zenodo/TerraDS,iac_benchmark/scenarios/terrads_c94dd57deac0,True,True,0,0,0,0,0,,,,,686.0,4350.0,19.0,7.0,5.0
terrads_c2a32a1c2358,Zenodo/TerraDS,iac_benchmark/scenarios/terrads_c2a32a1c2358,True,True,0,0,0,0,0,,,,,882.0,5914.0,31.0,31.0,5.0
gh_3a4dde50,Tianyi2/IRIS,iac_benchmark/scenarios/gh_3a4dde50,True,True,0,0,0,0,0,,,,,849.0,6074.0,12.0,47.0,5.0
terrads_7c44b3454619,Zenodo/TerraDS,iac_benchmark/scenarios/terrads_7c44b3454619,True,True,0,0,0,0,0,,,,,828.0,6260.0,32.0,23.0,5.0
terrads_a7738726299c,Zenodo/TerraDS,iac_benchmark/scenarios/terrads_a7738726299c,True,True,0,0,0,0,0,,,,,672.0,5350.0,30.0,2.0,5.0
gh_38520a88,Tianyi2/IRIS,iac_benchmark/scenarios/gh_38520a88,True,True,0,0,0,0,0,,,,,733.0,4983.0,44.0,13.0,5.0
terrads_9cba3524bca4,Zenodo/TerraDS,iac_benchmark/scenarios/terrads_9cba3524bca4,True,True,0,0,0,0,0,,,,,481.0,2770.0,18.0,15.0,5.0
terrads_36e14cf5a93a,Zenodo/TerraDS,iac_benchmark/scenarios/terrads_36e14cf5a93a,True,True,0,0,0,0,0,,,,,708.0,4707.0,51.0,11.0,5.0
terrads_d8074841cf3d,Zenodo/TerraDS,iac_benchmark/scenarios/terrads_d8074841cf3d,True,True,0,0,0,0,0,,,,,787.0,5175.0,25.0,4.0,5.0
terrads_ddbb3a806553,Zenodo/TerraDS,iac_benchmark/scenarios/terrads_ddbb3a806553,True,True,0,0,0,0,0,,,,,502.0,2548.0,16.0,15.0,5.0
terrads_e267fa68766d,Zenodo/TerraDS,iac_benchmark/scenarios/terrads_e267fa68766d,True,True,0,0,0,0,0,,,,,567.0,3878.0,39.0,0.0,5.0
terrads_9242878d5c89,Zenodo/TerraDS,iac_benchmark/scenarios/terrads_9242878d5c89,True,True,0,0,0,0,0,,,,,412.0,5473.0,23.0,1.0,5.0
terrads_eb0b8ff7029e,Zenodo/TerraDS,iac_benchmark/scenarios/terrads_eb0b8ff7029e,True,True,0,0,0,0,0,,,,,541.0,3526.0,24.0,16.0,5.0
terrads_2037408a48c5,Zenodo/TerraDS,iac_benchmark/scenarios/terrads_2037408a48c5,True,True,0,0,0,0,0,,,,,682.0,4331.0,19.0,13.0,5.0
terrads_b9a618776f52,Zenodo/TerraDS,iac_benchmark/scenarios/terrads_b9a618776f52,True,True,0,0,0,0,0,,,,,491.0,3283.0,31.0,0.0,5.0
terrads_eb331543308d,Zenodo/TerraDS,iac_benchmark/scenarios/terrads_eb331543308d,True,True,0,0,0,0,0,,,,,606.0,3940.0,14.0,18.0,5.0
terrads_aea664292c3f,Zenodo/TerraDS,iac_benchmark/scenarios/terrads_aea664292c3f,True,True,0,0,0,0,0,,,,,731.0,4903.0,25.0,1.0,5.0
terrads_8f79796ff86c,Zenodo/TerraDS,iac_benchmark/scenarios/terrads_8f79796ff86c,True,True,0,0,0,0,0,,,,,550.0,3332.0,15.0,16.0,5.0
terrads_d8710f7fe9c5,Zenodo/TerraDS,iac_benchmark/scenarios/terrads_d8710f7fe9c5,True,True,0,0,0,0,0,,,,,563.0,3915.0,35.0,0.0,5.0
terrads_cdb1d8b8edff,Zenodo/TerraDS,iac_benchmark/scenarios/terrads_cdb1d8b8edff,True,True,0,0,0,0,0,,,,,567.0,3878.0,39.0,0.0,5.0
terrads_e660eb192fdf,Zenodo/TerraDS,iac_benchmark/scenarios/terrads_e660eb192fdf,True,True,0,0,0,0,0,,,,,623.0,4428.0,31.0,26.0,5.0
terrads_1cf795172147,Zenodo/TerraDS,iac_benchmark/scenarios/terrads_1cf795172147,True,True,0,0,0,0,0,,,,,411.0,2982.0,23.0,2.0,5.0
terrads_9578852a4a03,Zenodo/TerraDS,iac_benchmark/scenarios/terrads_9578852a4a03,True,True,0,0,0,0,0,,,,,520.0,3303.0,25.0,4.0,5.0
terrads_27a4c3ef4bdf,Zenodo/TerraDS,iac_benchmark/scenarios/terrads_27a4c3ef4bdf,True,True,0,0,0,0,0,,,,,540.0,3525.0,25.0,16.0,5.0
terrads_2bdb8d0dd318,Zenodo/TerraDS,iac_benchmark/scenarios/terrads_2bdb8d0dd318,True,True,0,0,0,0,0,,,,,882.0,5914.0,31.0,31.0,5.0
terrads_84685a5d8a10,Zenodo/TerraDS,iac_benchmark/scenarios/terrads_84685a5d8a10,True,True,0,0,0,0,0,,,,,462.0,2859.0,26.0,0.0,5.0
terrads_2e717d3ec40c,Zenodo/TerraDS,iac_benchmark/scenarios/terrads_2e717d3ec40c,True,True,0,0,0,0,0,,,,,919.0,6763.0,39.0,10.0,5.0
terrads_a0bba4530f7a,Zenodo/TerraDS,iac_benchmark/scenarios/terrads_a0bba4530f7a,True,True,0,0,0,0,0,,,,,882.0,5916.0,29.0,31.0,5.0
terrads_750e9466b53f,Zenodo/TerraDS,iac_benchmark/scenarios/terrads_750e9466b53f,True,True,0,0,0,0,0,,,,,1145.0,7560.0,66.0,37.0,5.0
terrads_01237b11af86,Zenodo/TerraDS,iac_benchmark/scenarios/terrads_01237b11af86,True,True,0,0,0,0,0,,,,,440.0,3114.0,23.0,12.0,5.0
terrads_175c9fe951eb,Zenodo/TerraDS,iac_benchmark/scenarios/terrads_175c9fe951eb,True,True,0,0,0,0,0,,,,,456.0,3087.0,33.0,0.0,5.0
terrads_311de4a54528,Zenodo/TerraDS,iac_benchmark/scenarios/terrads_311de4a54528,True,True,0,0,0,0,0,,,,,699.0,4812.0,30.0,11.0,5.0
terrads_26a4749587a8,Zenodo/TerraDS,iac_benchmark/scenarios/terrads_26a4749587a8,True,True,0,0,0,0,0,,,,,633.0,4426.0,33.0,14.0,5.0
terrads_ff448ad58af1,Zenodo/TerraDS,iac_benchmark/scenarios/terrads_ff448ad58af1,True,True,0,0,0,0,0,,,,,1030.0,6733.0,54.0,10.0,5.0
terrads_baf5aac4fea2,Zenodo/TerraDS,iac_benchmark/scenarios/terrads_baf5aac4fea2,True,True,0,0,0,0,0,,,,,422.0,2463.0,17.0,11.0,5.0
terrads_fc185cf0a0b6,Zenodo/TerraDS,iac_benchmark/scenarios/terrads_fc185cf0a0b6,True,True,0,0,0,0,0,,,,,571.0,3485.0,26.0,25.0,5.0
terrads_9dbeceaf2a27,Zenodo/TerraDS,iac_benchmark/scenarios/terrads_9dbeceaf2a27,True,True,0,0,0,0,0,,,,,1149.0,7545.0,35.0,48.0,5.0
terrads_afb34c01c494,Zenodo/TerraDS,iac_benchmark/scenarios/terrads_afb34c01c494,True,True,0,0,0,0,0,,,,,513.0,3353.0,29.0,11.0,5.0
terrads_04c12d6a8ff4,Zenodo/TerraDS,iac_benchmark/scenarios/terrads_04c12d6a8ff4,True,True,0,0,0,0,0,,,,,609.0,4616.0,16.0,30.0,5.0
terrads_3acb36856843,Zenodo/TerraDS,iac_benchmark/scenarios/terrads_3acb36856843,True,True,0,0,0,0,0,,,,,436.0,2794.0,18.0,11.0,5.0
gh_2d415439,Tianyi2/IRIS,iac_benchmark/scenarios/gh_2d415439,True,True,0,0,0,0,0,,,,,411.0,2941.0,13.0,11.0,5.0
terrads_5b7aa132ba87,Zenodo/TerraDS,iac_benchmark/scenarios/terrads_5b7aa132ba87,True,True,0,0,0,0,0,,,,,400.0,2216.0,18.0,12.0,5.0
terrads_2d67a055c8bc,Zenodo/TerraDS,iac_benchmark/scenarios/terrads_2d67a055c8bc,True,True,0,0,0,0,0,,,,,809.0,5630.0,23.0,9.0,5.0
terrads_47c17a95d9a3,Zenodo/TerraDS,iac_benchmark/scenarios/terrads_47c17a95d9a3,True,True,0,0,0,0,0,,,,,510.0,3283.0,34.0,7.0,5.0
terrads_f903d09019b6,Zenodo/TerraDS,iac_benchmark/scenarios/terrads_f903d09019b6,True,True,0,0,0,0,0,,,,,432.0,3057.0,28.0,3.0,5.0
terrads_53ae94bf7d4f,Zenodo/TerraDS,iac_benchmark/scenarios/terrads_53ae94bf7d4f,True,True,0,0,0,0,0,,,,,637.0,4276.0,61.0,62.0,5.0
terrads_2ba95743c30c,Zenodo/TerraDS,iac_benchmark/scenarios/terrads_2ba95743c30c,True,True,0,0,0,0,0,,,,,455.0,2567.0,12.0,39.0,5.0
terrads_b93377502375,Zenodo/TerraDS,iac_benchmark/scenarios/terrads_b93377502375,True,True,0,0,0,0,0,,,,,404.0,2581.0,29.0,5.0,5.0
terrads_89d5efb78bc2,Zenodo/TerraDS,iac_benchmark/scenarios/terrads_89d5efb78bc2,True,True,0,0,0,0,0,,,,,450.0,2802.0,22.0,9.0,5.0
terrads_081f592ea4a3,Zenodo/TerraDS,iac_benchmark/scenarios/terrads_081f592ea4a3,True,True,0,0,0,0,0,,,,,613.0,4173.0,31.0,20.0,5.0
terrads_2cd401c9304b,Zenodo/TerraDS,iac_benchmark/scenarios/terrads_2cd401c9304b,True,True,0,0,0,0,0,,,,,1032.0,7542.0,34.0,33.0,5.0
terrads_aca69a6799b9,Zenodo/TerraDS,iac_benchmark/scenarios/terrads_aca69a6799b9,True,True,0,0,0,0,0,,,,,406.0,2697.0,23.0,8.0,5.0
terrads_7cc1f80ac68a,Zenodo/TerraDS,iac_benchmark/scenarios/terrads_7cc1f80ac68a,True,True,0,0,0,0,0,,,,,493.0,3235.0,23.0,6.0,5.0
terrads_e77faac2f289,Zenodo/TerraDS,iac_benchmark/scenarios/terrads_e77faac2f289,True,True,0,0,0,0,0,,,,,562.0,3370.0,36.0,6.0,5.0
terrads_6f6525483962,Zenodo/TerraDS,iac_benchmark/scenarios/terrads_6f6525483962,True,True,0,0,0,0,0,,,,,771.0,5269.0,39.0,5.0,5.0
terrads_b763f8467b9a,Zenodo/TerraDS,iac_benchmark/scenarios/terrads_b763f8467b9a,True,True,0,0,0,0,0,,,,,411.0,2550.0,15.0,17.0,5.0
terrads_11b07c13eeb3,Zenodo/TerraDS,iac_benchmark/scenarios/terrads_11b07c13eeb3,True,True,0,0,0,0,0,,,,,728.0,4893.0,25.0,1.0,5.0
terrads_9f0e48e435bb,Zenodo/TerraDS,iac_benchmark/scenarios/terrads_9f0e48e435bb,True,True,0,0,0,0,0,,,,,1072.0,7988.0,26.0,15.0,5.0
terrads_eb4705826304,Zenodo/TerraDS,iac_benchmark/scenarios/terrads_eb4705826304,True,True,0,0,0,0,0,,,,,1051.0,6339.0,49.0,15.0,5.0
terrads_abd974df02b1,Zenodo/TerraDS,iac_benchmark/scenarios/terrads_abd974df02b1,True,True,0,0,0,0,0,,,,,402.0,2596.0,26.0,9.0,5.0
terrads_311bff15000b,Zenodo/TerraDS,iac_benchmark/scenarios/terrads_311bff15000b,True,True,0,0,0,0,0,,,,,570.0,3583.0,36.0,20.0,5.0
terrads_22cd54f8f723,Zenodo/TerraDS,iac_benchmark/scenarios/terrads_22cd54f8f723,True,True,0,0,0,0,0,,,,,430.0,2694.0,24.0,13.0,5.0
terrads_6df09a4dce44,Zenodo/TerraDS,iac_benchmark/scenarios/terrads_6df09a4dce44,True,True,0,0,0,0,0,,,,,682.0,6963.0,43.0,12.0,5.0
terrads_effbbd2b9f29,Zenodo/TerraDS,iac_benchmark/scenarios/terrads_effbbd2b9f29,True,True,0,0,0,0,0,,,,,413.0,2594.0,25.0,11.0,5.0
terrads_3d9c4fa4f4f6,Zenodo/TerraDS,iac_benchmark/scenarios/terrads_3d9c4fa4f4f6,True,True,0,0,0,0,0,,,,,588.0,4034.0,25.0,13.0,5.0
terrads_36b0384f16ac,Zenodo/TerraDS,iac_benchmark/scenarios/terrads_36b0384f16ac,True,True,0,0,0,0,0,,,,,592.0,3649.0,47.0,3.0,5.0
terrads_8600903281b8,Zenodo/TerraDS,iac_benchmark/scenarios/terrads_8600903281b8,True,True,0,0,0,0,0,,,,,672.0,4369.0,58.0,11.0,5.0
terrads_869546ff4e64,Zenodo/TerraDS,iac_benchmark/scenarios/terrads_869546ff4e64,True,True,0,0,0,0,0,,,,,728.0,5282.0,25.0,3.0,5.0
terrads_7e3f24d6c782,Zenodo/TerraDS,iac_benchmark/scenarios/terrads_7e3f24d6c782,True,True,0,0,0,0,0,,,,,521.0,3487.0,21.0,21.0,5.0
terrads_3f46cc43594e,Zenodo/TerraDS,iac_benchmark/scenarios/terrads_3f46cc43594e,True,True,0,0,0,0,0,,,,,493.0,3244.0,23.0,6.0,5.0
terrads_95fcbf2835f0,Zenodo/TerraDS,iac_benchmark/scenarios/terrads_95fcbf2835f0,True,True,0,0,0,0,0,,,,,922.0,6217.0,55.0,9.0,5.0
terrads_c3e0fb42ed15,Zenodo/TerraDS,iac_benchmark/scenarios/terrads_c3e0fb42ed15,True,True,0,0,0,0,0,,,,,876.0,6381.0,16.0,39.0,5.0
terrads_4f3b85e1cdcf,Zenodo/TerraDS,iac_benchmark/scenarios/terrads_4f3b85e1cdcf,True,True,0,0,0,0,0,,,,,408.0,2873.0,26.0,10.0,5.0
terrads_516cf2eecfa3,Zenodo/TerraDS,iac_benchmark/scenarios/terrads_516cf2eecfa3,True,True,0,0,0,0,0,,,,,667.0,4052.0,37.0,2.0,5.0
terrads_34345458c122,Zenodo/TerraDS,iac_benchmark/scenarios/terrads_34345458c122,True,True,0,0,0,0,0,,,,,728.0,4893.0,25.0,1.0,5.0
terrads_ce5c077db5eb,Zenodo/TerraDS,iac_benchmark/scenarios/terrads_ce5c077db5eb,True,True,0,0,0,0,0,,,,,605.0,4728.0,25.0,28.0,5.0
terrads_79cd2b132825,Zenodo/TerraDS,iac_benchmark/scenarios/terrads_79cd2b132825,True,True,0,0,0,0,0,,,,,439.0,3269.0,18.0,27.0,5.0
terrads_3244a23b44a0,Zenodo/TerraDS,iac_benchmark/scenarios/terrads_3244a23b44a0,True,True,0,0,0,0,0,,,,,771.0,5245.0,32.0,25.0,5.0
terrads_4365cf334afc,Zenodo/TerraDS,iac_benchmark/scenarios/terrads_4365cf334afc,True,True,0,0,0,0,0,,,,,476.0,2961.0,15.0,12.0,5.0
terrads_4db9b4973b6b,Zenodo/TerraDS,iac_benchmark/scenarios/terrads_4db9b4973b6b,True,True,0,0,0,0,0,,,,,501.0,3354.0,12.0,9.0,5.0
terrads_d823fca954a8,Zenodo/TerraDS,iac_benchmark/scenarios/terrads_d823fca954a8,True,True,0,0,0,0,0,,,,,582.0,3809.0,32.0,18.0,5.0
terrads_dddd12d4a773,Zenodo/TerraDS,iac_benchmark/scenarios/terrads_dddd12d4a773,True,True,0,0,0,0,0,,,,,560.0,3974.0,17.0,14.0,5.0
terrads_64c0b5c824f1,Zenodo/TerraDS,iac_benchmark/scenarios/terrads_64c0b5c824f1,True,True,0,0,0,0,0,,,,,517.0,3374.0,13.0,8.0,5.0
terrads_32c29e9b5b66,Zenodo/TerraDS,iac_benchmark/scenarios/terrads_32c29e9b5b66,True,True,0,0,0,0,0,,,,,413.0,2382.0,16.0,17.0,5.0
terrads_d8f5204360e9,Zenodo/TerraDS,iac_benchmark/scenarios/terrads_d8f5204360e9,True,True,0,0,0,0,0,,,,,540.0,3525.0,25.0,16.0,5.0
terrads_edc70490f3a6,Zenodo/TerraDS,iac_benchmark/scenarios/terrads_edc70490f3a6,True,True,0,0,0,0,0,,,,,1180.0,7705.0,28.0,32.0,5.0
terrads_cd3a432fa20b,Zenodo/TerraDS,iac_benchmark/scenarios/terrads_cd3a432fa20b,True,True,0,0,0,0,0,,,,,882.0,5914.0,31.0,31.0,5.0
terrads_bd4bb1f0e6c9,Zenodo/TerraDS,iac_benchmark/scenarios/terrads_bd4bb1f0e6c9,True,True,0,0,0,0,0,,,,,1021.0,7513.0,35.0,22.0,5.0
terrads_f4c9adb55daf,Zenodo/TerraDS,iac_benchmark/scenarios/terrads_f4c9adb55daf,True,True,0,0,0,0,0,,,,,512.0,3808.0,20.0,24.0,5.0
terrads_19f784b72089,Zenodo/TerraDS,iac_benchmark/scenarios/terrads_19f784b72089,True,True,0,0,0,0,0,,,,,624.0,4109.0,33.0,19.0,5.0
gh_ea2c6d6f,Tianyi2/IRIS,iac_benchmark/scenarios/gh_ea2c6d6f,True,True,0,0,0,0,0,,,,,769.0,6722.0,15.0,4.0,5.0
terrads_e56a3798928c,Zenodo/TerraDS,iac_benchmark/scenarios/terrads_e56a3798928c,True,True,0,0,0,0,0,,,,,683.0,4261.0,42.0,12.0,5.0
terrads_674bca40754f,Zenodo/TerraDS,iac_benchmark/scenarios/terrads_674bca40754f,True,True,0,0,0,0,0,,,,,1043.0,6930.0,28.0,50.0,5.0
terrads_698451cb4dd7,Zenodo/TerraDS,iac_benchmark/scenarios/terrads_698451cb4dd7,True,True,0,0,0,0,0,,,,,427.0,2761.0,21.0,25.0,5.0
terrads_9624201ef204,Zenodo/TerraDS,iac_benchmark/scenarios/terrads_9624201ef204,True,True,0,0,0,0,0,,,,,815.0,5225.0,18.0,1.0,5.0
terrads_fe6268cdd035,Zenodo/TerraDS,iac_benchmark/scenarios/terrads_fe6268cdd035,True,True,0,0,0,0,0,,,,,590.0,3937.0,21.0,16.0,5.0
terrads_4aa4bc0a0f18,Zenodo/TerraDS,iac_benchmark/scenarios/terrads_4aa4bc0a0f18,True,True,0,0,0,0,0,,,,,582.0,3978.0,17.0,36.0,5.0
terrads_1a601cebf6f6,Zenodo/TerraDS,iac_benchmark/scenarios/terrads_1a601cebf6f6,True,True,0,0,0,0,0,,,,,549.0,3784.0,27.0,0.0,5.0
terrads_5fbedd11d849,Zenodo/TerraDS,iac_benchmark/scenarios/terrads_5fbedd11d849,True,True,0,0,0,0,0,,,,,443.0,2885.0,20.0,17.0,5.0
terrads_97a15af993b7,Zenodo/TerraDS,iac_benchmark/scenarios/terrads_97a15af993b7,True,True,0,0,0,0,0,,,,,627.0,4591.0,25.0,3.0,5.0
terrads_490f7613d701,Zenodo/TerraDS,iac_benchmark/scenarios/terrads_490f7613d701,True,True,0,0,0,0,0,,,,,511.0,3438.0,21.0,20.0,5.0
terrads_b51f8abdad01,Zenodo/TerraDS,iac_benchmark/scenarios/terrads_b51f8abdad01,True,True,0,0,0,0,0,,,,,452.0,3046.0,28.0,2.0,5.0
terrads_dbf902673b99,Zenodo/TerraDS,iac_benchmark/scenarios/terrads_dbf902673b99,True,True,0,0,0,0,0,,,,,606.0,4200.0,20.0,15.0,5.0
terrads_5a41f6d0847b,Zenodo/TerraDS,iac_benchmark/scenarios/terrads_5a41f6d0847b,True,True,0,0,0,0,0,,,,,716.0,6130.0,25.0,2.0,5.0
terrads_598796696263,Zenodo/TerraDS,iac_benchmark/scenarios/terrads_598796696263,True,True,0,0,0,0,0,,,,,405.0,2049.0,13.0,17.0,5.0
terrads_37fd7e749e34,Zenodo/TerraDS,iac_benchmark/scenarios/terrads_37fd7e749e34,True,True,0,0,0,0,0,,,,,456.0,3087.0,33.0,0.0,5.0
terrads_86b9c36b7095,Zenodo/TerraDS,iac_benchmark/scenarios/terrads_86b9c36b7095,True,True,0,0,0,0,0,,,,,821.0,6136.0,31.0,23.0,5.0
terrads_1cb4f850c3eb,Zenodo/TerraDS,iac_benchmark/scenarios/terrads_1cb4f850c3eb,True,True,0,0,0,0,0,,,,,665.0,4438.0,15.0,20.0,5.0
terrads_3aa2fe45fed3,Zenodo/TerraDS,iac_benchmark/scenarios/terrads_3aa2fe45fed3,True,True,0,0,0,0,0,,,,,701.0,4313.0,14.0,25.0,5.0
terrads_aaa4121e6cb7,Zenodo/TerraDS,iac_benchmark/scenarios/terrads_aaa4121e6cb7,True,True,0,0,0,0,0,,,,,411.0,2955.0,25.0,11.0,5.0
terrads_b2ae12ca93e0,Zenodo/TerraDS,iac_benchmark/scenarios/terrads_b2ae12ca93e0,True,True,0,0,0,0,0,,,,,640.0,5039.0,20.0,7.0,5.0
terrads_67fc92cb923e,Zenodo/TerraDS,iac_benchmark/scenarios/terrads_67fc92cb923e,True,True,0,0,0,0,0,,,,,621.0,4565.0,25.0,2.0,5.0
terrads_dd05479ee0d0,Zenodo/TerraDS,iac_benchmark/scenarios/terrads_dd05479ee0d0,True,True,0,0,0,0,0,,,,,831.0,5383.0,47.0,23.0,5.0
terrads_cc8aa126e507,Zenodo/TerraDS,iac_benchmark/scenarios/terrads_cc8aa126e507,True,True,0,0,0,0,0,,,,,1030.0,7252.0,39.0,11.0,5.0
terrads_b087f805ea7e,Zenodo/TerraDS,iac_benchmark/scenarios/terrads_b087f805ea7e,True,True,0,0,0,0,0,,,,,605.0,4728.0,25.0,28.0,5.0
terrads_4f6b0fbb9f65,Zenodo/TerraDS,iac_benchmark/scenarios/terrads_4f6b0fbb9f65,True,True,0,0,0,0,0,,,,,739.0,5004.0,26.0,1.0,5.0
terrads_1cd3bbbcae71,Zenodo/TerraDS,iac_benchmark/scenarios/terrads_1cd3bbbcae71,True,True,0,0,0,0,0,,,,,441.0,2710.0,18.0,11.0,5.0
terrads_996c827d5cf3,Zenodo/TerraDS,iac_benchmark/scenarios/terrads_996c827d5cf3,True,True,0,0,0,0,0,,,,,882.0,5914.0,31.0,31.0,5.0
terrads_68f808282114,Zenodo/TerraDS,iac_benchmark/scenarios/terrads_68f808282114,True,True,0,0,0,0,0,,,,,636.0,4189.0,26.0,15.0,5.0
terrads_f369483fb0c8,Zenodo/TerraDS,iac_benchmark/scenarios/terrads_f369483fb0c8,True,True,0,0,0,0,0,,,,,532.0,4062.0,25.0,0.0,5.0
terrads_79fcfe545ec1,Zenodo/TerraDS,iac_benchmark/scenarios/terrads_79fcfe545ec1,True,True,0,0,0,0,0,,,,,518.0,3467.0,31.0,0.0,5.0
terrads_dc5251d236fb,Zenodo/TerraDS,iac_benchmark/scenarios/terrads_dc5251d236fb,True,True,0,0,0,0,0,,,,,732.0,4903.0,25.0,1.0,5.0
terrads_601c09a2cfc0,Zenodo/TerraDS,iac_benchmark/scenarios/terrads_601c09a2cfc0,True,True,0,0,0,0,0,,,,,903.0,6965.0,23.0,50.0,5.0
terrads_1af379babaf6,Zenodo/TerraDS,iac_benchmark/scenarios/terrads_1af379babaf6,True,True,0,0,0,0,0,,,,,400.0,2596.0,22.0,5.0,5.0
terrads_2ced540948f6,Zenodo/TerraDS,iac_benchmark/scenarios/terrads_2ced540948f6,True,True,0,0,0,0,0,,,,,482.0,3966.0,28.0,15.0,5.0
terrads_a02b788546ad,Zenodo/TerraDS,iac_benchmark/scenarios/terrads_a02b788546ad,True,True,0,0,0,0,0,,,,,898.0,4978.0,28.0,2.0,5.0
terrads_9aa3cb54eed3,Zenodo/TerraDS,iac_benchmark/scenarios/terrads_9aa3cb54eed3,True,True,0,0,0,0,0,,,,,489.0,3632.0,25.0,0.0,5.0
terrads_f82611b03f33,Zenodo/TerraDS,iac_benchmark/scenarios/terrads_f82611b03f33,True,True,0,0,0,0,0,,,,,716.0,5388.0,30.0,41.0,5.0
terrads_7475012a3729,Zenodo/TerraDS,iac_benchmark/scenarios/terrads_7475012a3729,True,True,0,0,0,0,0,,,,,882.0,5915.0,30.0,31.0,5.0
terrads_9be079a9c4cc,Zenodo/TerraDS,iac_benchmark/scenarios/terrads_9be079a9c4cc,True,True,0,0,0,0,0,,,,,918.0,7102.0,42.0,12.0,5.0
terrads_6d62cb815b63,Zenodo/TerraDS,iac_benchmark/scenarios/terrads_6d62cb815b63,True,True,0,0,0,0,0,,,,,642.0,5541.0,64.0,6.0,5.0
terrads_b90dc2d506ce,Zenodo/TerraDS,iac_benchmark/scenarios/terrads_b90dc2d506ce,True,True,0,0,0,0,0,,,,,821.0,7189.0,63.0,1.0,5.0
terrads_547b7ef0eea1,Zenodo/TerraDS,iac_benchmark/scenarios/terrads_547b7ef0eea1,True,True,0,0,0,0,0,,,,,421.0,2838.0,29.0,0.0,5.0
terrads_78270b9ed403,Zenodo/TerraDS,iac_benchmark/scenarios/terrads_78270b9ed403,True,True,0,0,0,0,0,,,,,424.0,2946.0,16.0,11.0,5.0
terrads_462fb8ff78ad,Zenodo/TerraDS,iac_benchmark/scenarios/terrads_462fb8ff78ad,True,True,0,0,0,0,0,,,,,440.0,2671.0,18.0,13.0,5.0
terrads_6a78f1cde3b7,Zenodo/TerraDS,iac_benchmark/scenarios/terrads_6a78f1cde3b7,True,True,0,0,0,0,0,,,,,511.0,4560.0,15.0,21.0,5.0
terrads_e351f376f47b,Zenodo/TerraDS,iac_benchmark/scenarios/terrads_e351f376f47b,True,True,0,0,0,0,0,,,,,743.0,5858.0,38.0,13.0,5.0
terrads_b90ac84bbdae,Zenodo/TerraDS,iac_benchmark/scenarios/terrads_b90ac84bbdae,True,True,0,0,0,0,0,,,,,861.0,5344.0,39.0,26.0,5.0
terrads_5793681b8df7,Zenodo/TerraDS,iac_benchmark/scenarios/terrads_5793681b8df7,True,True,0,0,0,0,0,,,,,541.0,3526.0,24.0,16.0,5.0
terrads_022cdf1a98e3,Zenodo/TerraDS,iac_benchmark/scenarios/terrads_022cdf1a98e3,True,True,0,0,0,0,0,,,,,515.0,3491.0,25.0,8.0,5.0
terrads_27d5ed50d260,Zenodo/TerraDS,iac_benchmark/scenarios/terrads_27d5ed50d260,True,True,0,0,0,0,0,,,,,490.0,3521.0,29.0,33.0,5.0
terrads_bc0d4f5902a1,Zenodo/TerraDS,iac_benchmark/scenarios/terrads_bc0d4f5902a1,True,True,0,0,0,0,0,,,,,483.0,3554.0,25.0,0.0,5.0
terrads_3c3952e93385,Zenodo/TerraDS,iac_benchmark/scenarios/terrads_3c3952e93385,True,True,0,0,0,0,0,,,,,435.0,3121.0,21.0,9.0,5.0
terrads_e80edb8af2cc,Zenodo/TerraDS,iac_benchmark/scenarios/terrads_e80edb8af2cc,True,True,0,0,0,0,0,,,,,729.0,4903.0,25.0,1.0,5.0
terrads_53d73dfbdd6e,Zenodo/TerraDS,iac_benchmark/scenarios/terrads_53d73dfbdd6e,True,True,0,0,0,0,0,,,,,882.0,5914.0,31.0,31.0,5.0
terrads_aaf97c7b2cf3,Zenodo/TerraDS,iac_benchmark/scenarios/terrads_aaf97c7b2cf3,True,True,0,0,0,0,0,,,,,514.0,3487.0,24.0,33.0,5.0
terrads_ccdaee4de03d,Zenodo/TerraDS,iac_benchmark/scenarios/terrads_ccdaee4de03d,True,True,0,0,0,0,0,,,,,1009.0,7055.0,44.0,11.0,5.0
terrads_94c33f94ad49,Zenodo/TerraDS,iac_benchmark/scenarios/terrads_94c33f94ad49,True,True,0,0,0,0,0,,,,,813.0,7495.0,82.0,13.0,5.0
terrads_ddcdb15792c3,Zenodo/TerraDS,iac_benchmark/scenarios/terrads_ddcdb15792c3,True,True,0,0,0,0,0,,,,,734.0,4903.0,25.0,1.0,5.0
terrads_337ef5e35c6e,Zenodo/TerraDS,iac_benchmark/scenarios/terrads_337ef5e35c6e,True,True,0,0,0,0,0,,,,,418.0,3002.0,12.0,0.0,5.0
terrads_4ec54bd3dc2a,Zenodo/TerraDS,iac_benchmark/scenarios/terrads_4ec54bd3dc2a,True,True,0,0,0,0,0,,,,,441.0,2876.0,19.0,2.0,5.0
terrads_cbe7ed9e6e5f,Zenodo/TerraDS,iac_benchmark/scenarios/terrads_cbe7ed9e6e5f,True,True,0,0,0,0,0,,,,,641.0,3235.0,23.0,8.0,5.0
terrads_53d073def795,Zenodo/TerraDS,iac_benchmark/scenarios/terrads_53d073def795,True,True,0,0,0,0,0,,,,,562.0,4484.0,26.0,24.0,5.0
terrads_362b3b2f2780,Zenodo/TerraDS,iac_benchmark/scenarios/terrads_362b3b2f2780,True,True,0,0,0,0,0,,,,,514.0,3645.0,39.0,0.0,5.0
terrads_405c181d6788,Zenodo/TerraDS,iac_benchmark/scenarios/terrads_405c181d6788,True,True,0,0,0,0,0,,,,,647.0,4360.0,24.0,32.0,5.0
terrads_57062958ae4f,Zenodo/TerraDS,iac_benchmark/scenarios/terrads_57062958ae4f,True,True,0,0,0,0,0,,,,,436.0,2794.0,18.0,11.0,5.0
terrads_8376d43c2313,Zenodo/TerraDS,iac_benchmark/scenarios/terrads_8376d43c2313,True,True,0,0,0,0,0,,,,,626.0,3874.0,45.0,5.0,5.0
terrads_0e55c79c97d4,Zenodo/TerraDS,iac_benchmark/scenarios/terrads_0e55c79c97d4,True,True,0,0,0,0,0,,,,,552.0,3607.0,18.0,0.0,5.0
terrads_dabeb96a98dc,Zenodo/TerraDS,iac_benchmark/scenarios/terrads_dabeb96a98dc,True,True,0,0,0,0,0,,,,,452.0,3046.0,28.0,2.0,5.0
terrads_202ad9eccfce,Zenodo/TerraDS,iac_benchmark/scenarios/terrads_202ad9eccfce,True,True,0,0,0,0,0,,,,,482.0,2930.0,26.0,9.0,5.0
terrads_478e58ded35a,Zenodo/TerraDS,iac_benchmark/scenarios/terrads_478e58ded35a,True,True,0,0,0,0,0,,,,,563.0,4783.0,37.0,8.0,5.0
terrads_35faa964ea53,Zenodo/TerraDS,iac_benchmark/scenarios/terrads_35faa964ea53,True,True,0,0,0,0,0,,,,,899.0,6465.0,46.0,0.0,5.0
terrads_b7c560ef249a,Zenodo/TerraDS,iac_benchmark/scenarios/terrads_b7c560ef249a,True,True,0,0,0,0,0,,,,,620.0,3596.0,19.0,14.0,5.0
terrads_abcf9133e0ec,Zenodo/TerraDS,iac_benchmark/scenarios/terrads_abcf9133e0ec,True,True,0,0,0,0,0,,,,,534.0,4688.0,23.0,5.0,5.0
terrads_f26c2784ce0a,Zenodo/TerraDS,iac_benchmark/scenarios/terrads_f26c2784ce0a,True,True,0,0,0,0,0,,,,,561.0,4258.0,31.0,18.0,5.0
terrads_4d6236333faa,Zenodo/TerraDS,iac_benchmark/scenarios/terrads_4d6236333faa,True,True,0,0,0,0,0,,,,,740.0,7321.0,12.0,28.0,5.0
terrads_4499180ad3cf,Zenodo/TerraDS,iac_benchmark/scenarios/terrads_4499180ad3cf,True,True,0,0,0,0,0,,,,,734.0,4903.0,25.0,1.0,5.0
terrads_57f153546799,Zenodo/TerraDS,iac_benchmark/scenarios/terrads_57f153546799,True,True,0,0,0,0,0,,,,,808.0,4715.0,15.0,1.0,5.0
terrads_d623c0ff2e89,Zenodo/TerraDS,iac_benchmark/scenarios/terrads_d623c0ff2e89,True,True,0,0,0,0,0,,,,,448.0,2720.0,18.0,12.0,5.0
terrads_a88b961c3de1,Zenodo/TerraDS,iac_benchmark/scenarios/terrads_a88b961c3de1,True,True,0,0,0,0,0,,,,,497.0,3552.0,30.0,0.0,5.0
terrads_0b1f08d5db57,Zenodo/TerraDS,iac_benchmark/scenarios/terrads_0b1f08d5db57,True,True,0,0,0,0,0,,,,,1099.0,7644.0,28.0,56.0,5.0
terrads_4db7f88ba67f,Zenodo/TerraDS,iac_benchmark/scenarios/terrads_4db7f88ba67f,True,True,0,0,0,0,0,,,,,668.0,4883.0,21.0,22.0,5.0
terrads_b7c56515364a,Zenodo/TerraDS,iac_benchmark/scenarios/terrads_b7c56515364a,True,True,0,0,0,0,0,,,,,405.0,3070.0,17.0,18.0,5.0
terrads_47b66a8826bc,Zenodo/TerraDS,iac_benchmark/scenarios/terrads_47b66a8826bc,True,True,0,0,0,0,0,,,,,711.0,5065.0,35.0,35.0,5.0
terrads_5bce1e711aa8,Zenodo/TerraDS,iac_benchmark/scenarios/terrads_5bce1e711aa8,True,True,0,0,0,0,0,,,,,604.0,3823.0,34.0,9.0,5.0
terrads_050039656474,Zenodo/TerraDS,iac_benchmark/scenarios/terrads_050039656474,True,True,0,0,0,0,0,,,,,432.0,2673.0,28.0,0.0,5.0
gh_0c980c20,aws-cloudformation/iac-model-evaluation,iac_benchmark/scenarios/gh_0c980c20,True,True,0,0,0,0,0,,,,,1131.0,7921.0,30.0,0.0,5.0
gh_fd7a10ad,Tianyi2/IRIS,iac_benchmark/scenarios/gh_fd7a10ad,True,True,0,0,0,0,0,,,,,411.0,2982.0,23.0,2.0,5.0
terrads_53219accf892,Zenodo/TerraDS,iac_benchmark/scenarios/terrads_53219accf892,True,True,0,0,0,0,0,,,,,499.0,4545.0,14.0,32.0,5.0
terrads_c96a582082cb,Zenodo/TerraDS,iac_benchmark/scenarios/terrads_c96a582082cb,True,True,0,0,0,0,0,,,,,1138.0,7894.0,46.0,7.0,5.0
terrads_4894146f0948,Zenodo/TerraDS,iac_benchmark/scenarios/terrads_4894146f0948,True,True,0,0,0,0,0,,,,,665.0,4585.0,42.0,6.0,5.0
terrads_3ffc8d40342d,Zenodo/TerraDS,iac_benchmark/scenarios/terrads_3ffc8d40342d,True,True,0,0,0,0,0,,,,,718.0,5053.0,16.0,39.0,5.0
terrads_b1ce169ff60c,Zenodo/TerraDS,iac_benchmark/scenarios/terrads_b1ce169ff60c,True,True,0,0,0,0,0,,,,,422.0,2463.0,17.0,11.0,5.0
terrads_bfd76fdad087,Zenodo/TerraDS,iac_benchmark/scenarios/terrads_bfd76fdad087,True,True,0,0,0,0,0,,,,,813.0,5460.0,28.0,31.0,5.0
terrads_d299a712af70,Zenodo/TerraDS,iac_benchmark/scenarios/terrads_d299a712af70,True,True,0,0,0,0,0,,,,,857.0,6120.0,56.0,11.0,5.0
terrads_7a370b156989,Zenodo/TerraDS,iac_benchmark/scenarios/terrads_7a370b156989,True,True,0,0,0,0,0,,,,,545.0,3916.0,15.0,20.0,5.0
terrads_b238e685d681,Zenodo/TerraDS,iac_benchmark/scenarios/terrads_b238e685d681,True,True,0,0,0,0,0,,,,,610.0,4023.0,35.0,0.0,5.0
terrads_0784da279cf0,Zenodo/TerraDS,iac_benchmark/scenarios/terrads_0784da279cf0,True,True,0,0,0,0,0,,,,,432.0,2673.0,28.0,0.0,5.0
terrads_01e23a982c12,Zenodo/TerraDS,iac_benchmark/scenarios/terrads_01e23a982c12,True,True,0,0,0,0,0,,,,,465.0,3006.0,16.0,48.0,5.0
terrads_590373d8a198,Zenodo/TerraDS,iac_benchmark/scenarios/terrads_590373d8a198,True,True,0,0,0,0,0,,,,,480.0,2547.0,13.0,0.0,5.0
terrads_2b19b15359bf,Zenodo/TerraDS,iac_benchmark/scenarios/terrads_2b19b15359bf,True,True,0,0,0,0,0,,,,,570.0,3274.0,12.0,3.0,5.0
terrads_7ca29b872ade,Zenodo/TerraDS,iac_benchmark/scenarios/terrads_7ca29b872ade,True,True,0,0,0,0,0,,,,,567.0,3878.0,39.0,0.0,5.0
terrads_7e499e798cf8,Zenodo/TerraDS,iac_benchmark/scenarios/terrads_7e499e798cf8,True,True,0,0,0,0,0,,,,,537.0,3889.0,22.0,9.0,5.0
terrads_a0488efe84ab,Zenodo/TerraDS,iac_benchmark/scenarios/terrads_a0488efe84ab,True,True,0,0,0,0,0,,,,,655.0,4205.0,19.0,0.0,5.0
terrads_759519db4376,Zenodo/TerraDS,iac_benchmark/scenarios/terrads_759519db4376,True,True,0,0,0,0,0,,,,,477.0,3685.0,33.0,0.0,5.0
terrads_13a150e5585a,Zenodo/TerraDS,iac_benchmark/scenarios/terrads_13a150e5585a,True,True,0,0,0,0,0,,,,,877.0,4856.0,28.0,1.0,5.0
terrads_fde1c4099f81,Zenodo/TerraDS,iac_benchmark/scenarios/terrads_fde1c4099f81,True,True,0,0,0,0,0,,,,,444.0,2877.0,19.0,2.0,5.0
terrads_333706db8464,Zenodo/TerraDS,iac_benchmark/scenarios/terrads_333706db8464,True,True,0,0,0,0,0,,,,,732.0,6894.0,17.0,2.0,5.0
terrads_8ef45310b885,Zenodo/TerraDS,iac_benchmark/scenarios/terrads_8ef45310b885,True,True,0,0,0,0,0,,,,,435.0,3000.0,19.0,30.0,5.0
terrads_0b449dd49c22,Zenodo/TerraDS,iac_benchmark/scenarios/terrads_0b449dd49c22,True,True,0,0,0,0,0,,,,,452.0,3046.0,28.0,2.0,5.0
terrads_a8439ddb2c5e,Zenodo/TerraDS,iac_benchmark/scenarios/terrads_a8439ddb2c5e,True,True,0,0,0,0,0,,,,,586.0,4180.0,30.0,6.0,5.0
terrads_e542ab7f8c43,Zenodo/TerraDS,iac_benchmark/scenarios/terrads_e542ab7f8c43,True,True,0,0,0,0,0,,,,,435.0,3617.0,46.0,10.0,5.0
terrads_2d7955d2db1b,Zenodo/TerraDS,iac_benchmark/scenarios/terrads_2d7955d2db1b,True,True,0,0,0,0,0,,,,,563.0,4783.0,37.0,8.0,5.0
terrads_598bc556088a,Zenodo/TerraDS,iac_benchmark/scenarios/terrads_598bc556088a,True,True,0,0,0,0,0,,,,,847.0,6417.0,32.0,24.0,5.0
terrads_3cba26dda916,Zenodo/TerraDS,iac_benchmark/scenarios/terrads_3cba26dda916,True,True,0,0,0,0,0,,,,,448.0,3021.0,27.0,9.0,5.0
terrads_d72d37c0c8d1,Zenodo/TerraDS,iac_benchmark/scenarios/terrads_d72d37c0c8d1,True,True,0,0,0,0,0,,,,,577.0,4122.0,20.0,1.0,5.0
terrads_433fda8ff98f,Zenodo/TerraDS,iac_benchmark/scenarios/terrads_433fda8ff98f,True,True,0,0,0,0,0,,,,,423.0,3346.0,13.0,26.0,5.0
terrads_fa302ec99c3a,Zenodo/TerraDS,iac_benchmark/scenarios/terrads_fa302ec99c3a,True,True,0,0,0,0,0,,,,,903.0,6634.0,18.0,49.0,5.0
terrads_42a76d569c9a,Zenodo/TerraDS,iac_benchmark/scenarios/terrads_42a76d569c9a,True,True,0,0,0,0,0,,,,,489.0,3445.0,14.0,40.0,5.0
gh_882b92e8,Tianyi2/IRIS,iac_benchmark/scenarios/gh_882b92e8,True,True,0,0,0,0,0,,,,,993.0,7821.0,43.0,28.0,5.0
terrads_535cd98b27d4,Zenodo/TerraDS,iac_benchmark/scenarios/terrads_535cd98b27d4,True,True,0,0,0,0,0,,,,,639.0,4008.0,33.0,45.0,5.0
terrads_0a4f45ec9f33,Zenodo/TerraDS,iac_benchmark/scenarios/terrads_0a4f45ec9f33,True,True,0,0,0,0,0,,,,,888.0,5254.0,35.0,29.0,5.0
terrads_a49bca5e7131,Zenodo/TerraDS,iac_benchmark/scenarios/terrads_a49bca5e7131,True,True,0,0,0,0,0,,,,,424.0,3088.0,26.0,14.0,5.0
terrads_8e1e6a8826fc,Zenodo/TerraDS,iac_benchmark/scenarios/terrads_8e1e6a8826fc,True,True,0,0,0,0,0,,,,,439.0,3028.0,26.0,9.0,5.0
terrads_06ce1d95a558,Zenodo/TerraDS,iac_benchmark/scenarios/terrads_06ce1d95a558,True,True,0,0,0,0,0,,,,,444.0,2877.0,19.0,2.0,5.0
terrads_e510025938ef,Zenodo/TerraDS,iac_benchmark/scenarios/terrads_e510025938ef,True,True,0,0,0,0,0,,,,,422.0,2463.0,17.0,11.0,5.0
terrads_9511a1cfeb3a,Zenodo/TerraDS,iac_benchmark/scenarios/terrads_9511a1cfeb3a,True,True,0,0,0,0,0,,,,,766.0,4974.0,34.0,50.0,5.0
terrads_d4260fa0d224,Zenodo/TerraDS,iac_benchmark/scenarios/terrads_d4260fa0d224,True,True,0,0,0,0,0,,,,,604.0,4124.0,36.0,32.0,5.0
terrads_e6ec54184f8f,Zenodo/TerraDS,iac_benchmark/scenarios/terrads_e6ec54184f8f,True,True,0,0,0,0,0,,,,,524.0,3900.0,18.0,17.0,5.0
terrads_d1fc5f771e63,Zenodo/TerraDS,iac_benchmark/scenarios/terrads_d1fc5f771e63,True,True,0,0,0,0,0,,,,,418.0,2506.0,18.0,8.0,5.0
terrads_0d35ab9ada21,Zenodo/TerraDS,iac_benchmark/scenarios/terrads_0d35ab9ada21,True,True,0,0,0,0,0,,,,,431.0,2666.0,13.0,7.0,5.0
terrads_d44d1caf0701,Zenodo/TerraDS,iac_benchmark/scenarios/terrads_d44d1caf0701,True,True,0,0,0,0,0,,,,,805.0,5593.0,37.0,4.0,5.0
terrads_3cf571693d11,Zenodo/TerraDS,iac_benchmark/scenarios/terrads_3cf571693d11,True,True,0,0,0,0,0,,,,,537.0,3473.0,39.0,0.0,5.0
terrads_61d50a26dd48,Zenodo/TerraDS,iac_benchmark/scenarios/terrads_61d50a26dd48,True,True,0,0,0,0,0,,,,,539.0,3691.0,20.0,0.0,5.0
terrads_f331b348470d,Zenodo/TerraDS,iac_benchmark/scenarios/terrads_f331b348470d,True,True,0,0,0,0,0,,,,,402.0,3015.0,12.0,31.0,5.0
terrads_bc7a8a7598f1,Zenodo/TerraDS,iac_benchmark/scenarios/terrads_bc7a8a7598f1,True,True,0,0,0,0,0,,,,,453.0,3191.0,28.0,2.0,5.0
terrads_55f358ae8571,Zenodo/TerraDS,iac_benchmark/scenarios/terrads_55f358ae8571,True,True,0,0,0,0,0,,,,,1210.0,7932.0,31.0,27.0,5.0
terrads_9c72b8d1071a,Zenodo/TerraDS,iac_benchmark/scenarios/terrads_9c72b8d1071a,True,True,0,0,0,0,0,,,,,424.0,3595.0,34.0,0.0,5.0
terrads_660dd688bd30,Zenodo/TerraDS,iac_benchmark/scenarios/terrads_660dd688bd30,True,True,0,0,0,0,0,,,,,457.0,3209.0,26.0,33.0,5.0
terrads_18dac6fa27ea,Zenodo/TerraDS,iac_benchmark/scenarios/terrads_18dac6fa27ea,True,True,0,0,0,0,0,,,,,541.0,3526.0,24.0,16.0,5.0
terrads_4594a529f3c9,Zenodo/TerraDS,iac_benchmark/scenarios/terrads_4594a529f3c9,True,True,0,0,0,0,0,,,,,443.0,2946.0,29.0,1.0,5.0
terrads_71f3039e1065,Zenodo/TerraDS,iac_benchmark/scenarios/terrads_71f3039e1065,True,True,0,0,0,0,0,,,,,508.0,3388.0,38.0,5.0,5.0
terrads_447ce74a7970,Zenodo/TerraDS,iac_benchmark/scenarios/terrads_447ce74a7970,True,True,0,0,0,0,0,,,,,549.0,3536.0,24.0,16.0,5.0
terrads_6fbde288639a,Zenodo/TerraDS,iac_benchmark/scenarios/terrads_6fbde288639a,True,True,0,0,0,0,0,,,,,1064.0,6789.0,34.0,39.0,5.0
terrads_cdc4e12b834f,Zenodo/TerraDS,iac_benchmark/scenarios/terrads_cdc4e12b834f,True,True,0,0,0,0,0,,,,,471.0,2944.0,36.0,0.0,5.0
terrads_ec85d9b55e55,Zenodo/TerraDS,iac_benchmark/scenarios/terrads_ec85d9b55e55,True,True,0,0,0,0,0,,,,,798.0,5917.0,43.0,47.0,5.0
terrads_318f5a33c9b5,Zenodo/TerraDS,iac_benchmark/scenarios/terrads_318f5a33c9b5,True,True,0,0,0,0,0,,,,,421.0,2838.0,29.0,0.0,5.0
terrads_a83015331859,Zenodo/TerraDS,iac_benchmark/scenarios/terrads_a83015331859,True,True,0,0,0,0,0,,,,,884.0,5379.0,30.0,9.0,5.0
terrads_6e526fe8ceb8,Zenodo/TerraDS,iac_benchmark/scenarios/terrads_6e526fe8ceb8,True,True,0,0,0,0,0,,,,,679.0,4277.0,25.0,34.0,5.0
terrads_5a05f29e39c4,Zenodo/TerraDS,iac_benchmark/scenarios/terrads_5a05f29e39c4,True,True,0,0,0,0,0,,,,,452.0,3046.0,28.0,2.0,5.0
terrads_367b333d6cb7,Zenodo/TerraDS,iac_benchmark/scenarios/terrads_367b333d6cb7,True,True,0,0,0,0,0,,,,,516.0,4101.0,29.0,8.0,5.0
terrads_4fcd9a85d3f0,Zenodo/TerraDS,iac_benchmark/scenarios/terrads_4fcd9a85d3f0,True,True,0,0,0,0,0,,,,,413.0,3038.0,17.0,7.0,5.0
terrads_89f63b6e5def,Zenodo/TerraDS,iac_benchmark/scenarios/terrads_89f63b6e5def,True,True,0,0,0,0,0,,,,,934.0,6186.0,39.0,40.0,5.0
terrads_bc8da3a8d2a0,Zenodo/TerraDS,iac_benchmark/scenarios/terrads_bc8da3a8d2a0,True,True,0,0,0,0,0,,,,,1027.0,7206.0,61.0,16.0,5.0
terrads_7edecc0b6931,Zenodo/TerraDS,iac_benchmark/scenarios/terrads_7edecc0b6931,True,True,0,0,0,0,0,,,,,577.0,3551.0,13.0,16.0,5.0
terrads_1255a368a63c,Zenodo/TerraDS,iac_benchmark/scenarios/terrads_1255a368a63c,True,True,0,0,0,0,0,,,,,736.0,4376.0,20.0,17.0,5.0
terrads_32bc694cddff,Zenodo/TerraDS,iac_benchmark/scenarios/terrads_32bc694cddff,True,True,0,0,0,0,0,,,,,567.0,3878.0,39.0,0.0,5.0
terrads_91e8c89be870,Zenodo/TerraDS,iac_benchmark/scenarios/terrads_91e8c89be870,True,True,0,0,0,0,0,,,,,599.0,3897.0,32.0,10.0,5.0
terrads_4d99b94b47c9,Zenodo/TerraDS,iac_benchmark/scenarios/terrads_4d99b94b47c9,True,True,0,0,0,0,0,,,,,448.0,3767.0,20.0,3.0,5.0
terrads_9132a22f30ac,Zenodo/TerraDS,iac_benchmark/scenarios/terrads_9132a22f30ac,True,True,0,0,0,0,0,,,,,734.0,4903.0,25.0,1.0,5.0
terrads_a71d55260c9c,Zenodo/TerraDS,iac_benchmark/scenarios/terrads_a71d55260c9c,True,True,0,0,0,0,0,,,,,668.0,4819.0,26.0,28.0,5.0
terrads_13b1e21dd6e3,Zenodo/TerraDS,iac_benchmark/scenarios/terrads_13b1e21dd6e3,True,True,0,0,0,0,0,,,,,503.0,3254.0,16.0,22.0,5.0
terrads_e28e9493a21d,Zenodo/TerraDS,iac_benchmark/scenarios/terrads_e28e9493a21d,True,True,0,0,0,0,0,,,,,638.0,4105.0,16.0,26.0,5.0
terrads_c02327ae20e9,Zenodo/TerraDS,iac_benchmark/scenarios/terrads_c02327ae20e9,True,True,0,0,0,0,0,,,,,459.0,2953.0,16.0,25.0,5.0
terrads_98968e9e9e17,Zenodo/TerraDS,iac_benchmark/scenarios/terrads_98968e9e9e17,True,True,0,0,0,0,0,,,,,436.0,2794.0,18.0,11.0,5.0
terrads_08a116129d8a,Zenodo/TerraDS,iac_benchmark/scenarios/terrads_08a116129d8a,True,True,0,0,0,0,0,,,,,810.0,5604.0,18.0,9.0,5.0
terrads_be83750c61d6,Zenodo/TerraDS,iac_benchmark/scenarios/terrads_be83750c61d6,True,True,0,0,0,0,0,,,,,802.0,5577.0,13.0,19.0,5.0
terrads_d28f5f45f53f,Zenodo/TerraDS,iac_benchmark/scenarios/terrads_d28f5f45f53f,True,True,0,0,0,0,0,,,,,475.0,3318.0,26.0,15.0,5.0
terrads_3cf3a12140cf,Zenodo/TerraDS,iac_benchmark/scenarios/terrads_3cf3a12140cf,True,True,0,0,0,0,0,,,,,592.0,4991.0,13.0,7.0,5.0
terrads_6895e8d850e9,Zenodo/TerraDS,iac_benchmark/scenarios/terrads_6895e8d850e9,True,True,0,0,0,0,0,,,,,639.0,4152.0,30.0,7.0,5.0
terrads_7f7da6045dd7,Zenodo/TerraDS,iac_benchmark/scenarios/terrads_7f7da6045dd7,True,True,0,0,0,0,0,,,,,619.0,4096.0,19.0,19.0,5.0
terrads_3a50411561f2,Zenodo/TerraDS,iac_benchmark/scenarios/terrads_3a50411561f2,True,True,0,0,0,0,0,,,,,464.0,2388.0,18.0,14.0,5.0
terrads_5ff25ec247fa,Zenodo/TerraDS,iac_benchmark/scenarios/terrads_5ff25ec247fa,True,True,0,0,0,0,0,,,,,441.0,2876.0,19.0,2.0,5.0
terrads_04c91a15ac13,Zenodo/TerraDS,iac_benchmark/scenarios/terrads_04c91a15ac13,True,True,0,0,0,0,0,,,,,507.0,4754.0,18.0,7.0,5.0
terrads_b63bbbfed843,Zenodo/TerraDS,iac_benchmark/scenarios/terrads_b63bbbfed843,True,True,0,0,0,0,0,,,,,844.0,5511.0,37.0,31.0,5.0
terrads_a39cd4d30b81,Zenodo/TerraDS,iac_benchmark/scenarios/terrads_a39cd4d30b81,True,True,0,0,0,0,0,,,,,882.0,5914.0,31.0,31.0,5.0
terrads_75cd4a9381fb,Zenodo/TerraDS,iac_benchmark/scenarios/terrads_75cd4a9381fb,True,True,0,0,0,0,0,,,,,651.0,4871.0,23.0,7.0,5.0
terrads_f32013b0b4af,Zenodo/TerraDS,iac_benchmark/scenarios/terrads_f32013b0b4af,True,True,0,0,0,0,0,,,,,604.0,5507.0,32.0,1.0,5.0
terrads_dc3a211b1c70,Zenodo/TerraDS,iac_benchmark/scenarios/terrads_dc3a211b1c70,True,True,0,0,0,0,0,,,,,516.0,4051.0,16.0,9.0,5.0
terrads_bded40c2e9c9,Zenodo/TerraDS,iac_benchmark/scenarios/terrads_bded40c2e9c9,True,True,0,0,0,0,0,,,,,1243.0,7707.0,64.0,0.0,5.0
terrads_509509f0ed1d,Zenodo/TerraDS,iac_benchmark/scenarios/terrads_509509f0ed1d,True,True,0,0,0,0,0,,,,,424.0,2979.0,29.0,15.0,5.0
terrads_a8ce4af9fd4f,Zenodo/TerraDS,iac_benchmark/scenarios/terrads_a8ce4af9fd4f,True,True,0,0,0,0,0,,,,,1073.0,7175.0,38.0,40.0,5.0
terrads_15c8469ef59a,Zenodo/TerraDS,iac_benchmark/scenarios/terrads_15c8469ef59a,True,True,0,0,0,0,0,,,,,421.0,2838.0,29.0,0.0,5.0
gh_3468cb6f,antonputra/tutorials,iac_benchmark/scenarios/gh_3468cb6f,True,True,0,0,0,0,0,,,,,456.0,3087.0,33.0,0.0,5.0
terrads_7be49f40568a,Zenodo/TerraDS,iac_benchmark/scenarios/terrads_7be49f40568a,True,True,0,0,0,0,0,,,,,734.0,4903.0,25.0,1.0,5.0
terrads_4387b359c720,Zenodo/TerraDS,iac_benchmark/scenarios/terrads_4387b359c720,True,True,0,0,0,0,0,,,,,728.0,4893.0,25.0,1.0,5.0
terrads_fe3b555532bf,Zenodo/TerraDS,iac_benchmark/scenarios/terrads_fe3b555532bf,True,True,0,0,0,0,0,,,,,520.0,3568.0,12.0,35.0,5.0
terrads_7dd9eaf9bcc5,Zenodo/TerraDS,iac_benchmark/scenarios/terrads_7dd9eaf9bcc5,True,True,0,0,0,0,0,,,,,444.0,2805.0,21.0,8.0,5.0
terrads_aa1c29acf2cb,Zenodo/TerraDS,iac_benchmark/scenarios/terrads_aa1c29acf2cb,True,True,0,0,0,0,0,,,,,583.0,4069.0,35.0,16.0,5.0
terrads_66d1d69e1e7c,Zenodo/TerraDS,iac_benchmark/scenarios/terrads_66d1d69e1e7c,True,True,0,0,0,0,0,,,,,477.0,3685.0,33.0,0.0,5.0
terrads_b0c68775d596,Zenodo/TerraDS,iac_benchmark/scenarios/terrads_b0c68775d596,True,True,0,0,0,0,0,,,,,411.0,2982.0,23.0,2.0,5.0
terrads_6045418504a3,Zenodo/TerraDS,iac_benchmark/scenarios/terrads_6045418504a3,True,True,0,0,0,0,0,,,,,728.0,4893.0,25.0,1.0,5.0
terrads_b9a04fd89ebc,Zenodo/TerraDS,iac_benchmark/scenarios/terrads_b9a04fd89ebc,True,True,0,0,0,0,0,,,,,562.0,3738.0,36.0,14.0,5.0
terrads_3cb8bde11148,Zenodo/TerraDS,iac_benchmark/scenarios/terrads_3cb8bde11148,True,True,0,0,0,0,0,,,,,731.0,4903.0,25.0,1.0,5.0
terrads_6d813c52f9ac,Zenodo/TerraDS,iac_benchmark/scenarios/terrads_6d813c52f9ac,True,True,0,0,0,0,0,,,,,436.0,2794.0,18.0,11.0,5.0
terrads_68501a7d279b,Zenodo/TerraDS,iac_benchmark/scenarios/terrads_68501a7d279b,True,True,0,0,0,0,0,,,,,854.0,7246.0,12.0,80.0,5.0
terrads_b48594f23093,Zenodo/TerraDS,iac_benchmark/scenarios/terrads_b48594f23093,True,True,0,0,0,0,0,,,,,675.0,4617.0,33.0,18.0,5.0
terrads_05edc40999d7,Zenodo/TerraDS,iac_benchmark/scenarios/terrads_05edc40999d7,True,True,0,0,0,0,0,,,,,870.0,6317.0,15.0,2.0,5.0
terrads_9c2af3af0a31,Zenodo/TerraDS,iac_benchmark/scenarios/terrads_9c2af3af0a31,True,True,0,0,0,0,0,,,,,563.0,4783.0,37.0,8.0,5.0
terrads_ee7adde2e879,Zenodo/TerraDS,iac_benchmark/scenarios/terrads_ee7adde2e879,True,True,0,0,0,0,0,,,,,452.0,3046.0,28.0,2.0,5.0
terrads_e6063ab33014,Zenodo/TerraDS,iac_benchmark/scenarios/terrads_e6063ab33014,True,True,0,0,0,0,0,,,,,1167.0,7936.0,81.0,10.0,5.0
terrads_d5d4708632cd,Zenodo/TerraDS,iac_benchmark/scenarios/terrads_d5d4708632cd,True,True,0,0,0,0,0,,,,,406.0,3284.0,28.0,1.0,5.0
terrads_3eea99b2f50d,Zenodo/TerraDS,iac_benchmark/scenarios/terrads_3eea99b2f50d,True,True,0,0,0,0,0,,,,,563.0,3915.0,35.0,0.0,5.0
terrads_30353e7a9e1c,Zenodo/TerraDS,iac_benchmark/scenarios/terrads_30353e7a9e1c,True,True,0,0,0,0,0,,,,,413.0,3104.0,28.0,0.0,5.0
terrads_2c5fc7b9f9a6,Zenodo/TerraDS,iac_benchmark/scenarios/terrads_2c5fc7b9f9a6,True,True,0,0,0,0,0,,,,,1047.0,6990.0,44.0,27.0,5.0
terrads_2e14d40a3a11,Zenodo/TerraDS,iac_benchmark/scenarios/terrads_2e14d40a3a11,True,True,0,0,0,0,0,,,,,484.0,3221.0,13.0,7.0,5.0
terrads_d3f183f3105b,Zenodo/TerraDS,iac_benchmark/scenarios/terrads_d3f183f3105b,True,True,0,0,0,0,0,,,,,768.0,5423.0,16.0,29.0,5.0
terrads_658715653ed3,Zenodo/TerraDS,iac_benchmark/scenarios/terrads_658715653ed3,True,True,0,0,0,0,0,,,,,535.0,3904.0,17.0,17.0,5.0
terrads_29ba5ba39b8f,Zenodo/TerraDS,iac_benchmark/scenarios/terrads_29ba5ba39b8f,True,True,0,0,0,0,0,,,,,1056.0,7022.0,36.0,5.0,5.0
terrads_e0ce5895e7dc,Zenodo/TerraDS,iac_benchmark/scenarios/terrads_e0ce5895e7dc,True,True,0,0,0,0,0,,,,,614.0,4439.0,30.0,27.0,5.0
gh_8e03ff0b,Tianyi2/IRIS,iac_benchmark/scenarios/gh_8e03ff0b,True,True,0,0,0,0,0,,,,,471.0,2944.0,36.0,0.0,5.0
terrads_7a1444295d97,Zenodo/TerraDS,iac_benchmark/scenarios/terrads_7a1444295d97,True,True,0,0,0,0,0,,,,,476.0,3394.0,15.0,17.0,5.0
terrads_53dfbda56c8b,Zenodo/TerraDS,iac_benchmark/scenarios/terrads_53dfbda56c8b,True,True,0,0,0,0,0,,,,,939.0,6734.0,48.0,19.0,5.0
terrads_52cf98154c99,Zenodo/TerraDS,iac_benchmark/scenarios/terrads_52cf98154c99,True,True,0,0,0,0,0,,,,,872.0,5479.0,37.0,13.0,5.0
terrads_e28c2587e83c,Zenodo/TerraDS,iac_benchmark/scenarios/terrads_e28c2587e83c,True,True,0,0,0,0,0,,,,,729.0,4903.0,25.0,1.0,5.0
terrads_19762933a2c3,Zenodo/TerraDS,iac_benchmark/scenarios/terrads_19762933a2c3,True,True,0,0,0,0,0,,,,,888.0,6173.0,28.0,8.0,5.0
terrads_77a2d07ac982,Zenodo/TerraDS,iac_benchmark/scenarios/terrads_77a2d07ac982,True,True,0,0,0,0,0,,,,,548.0,4314.0,31.0,22.0,5.0
terrads_1535960d945d,Zenodo/TerraDS,iac_benchmark/scenarios/terrads_1535960d945d,True,True,0,0,0,0,0,,,,,882.0,5915.0,30.0,31.0,5.0
terrads_290b1c074719,Zenodo/TerraDS,iac_benchmark/scenarios/terrads_290b1c074719,True,True,0,0,0,0,0,,,,,946.0,6705.0,28.0,3.0,5.0
terrads_de2a5d86b238,Zenodo/TerraDS,iac_benchmark/scenarios/terrads_de2a5d86b238,True,True,0,0,0,0,0,,,,,1137.0,7560.0,30.0,39.0,5.0
terrads_c11394d7551f,Zenodo/TerraDS,iac_benchmark/scenarios/terrads_c11394d7551f,True,True,0,0,0,0,0,,,,,610.0,4023.0,35.0,0.0,5.0
terrads_a12f36fda8f4,Zenodo/TerraDS,iac_benchmark/scenarios/terrads_a12f36fda8f4,True,True,0,0,0,0,0,,,,,732.0,4903.0,25.0,1.0,5.0
terrads_7287570f24d7,Zenodo/TerraDS,iac_benchmark/scenarios/terrads_7287570f24d7,True,True,0,0,0,0,0,,,,,741.0,5019.0,26.0,1.0,5.0
terrads_adb39bdf0838,Zenodo/TerraDS,iac_benchmark/scenarios/terrads_adb39bdf0838,True,True,0,0,0,0,0,,,,,418.0,2686.0,15.0,19.0,5.0
terrads_edd3b83f2851,Zenodo/TerraDS,iac_benchmark/scenarios/terrads_edd3b83f2851,True,True,0,0,0,0,0,,,,,855.0,5155.0,21.0,4.0,5.0
terrads_8858c75d9782,Zenodo/TerraDS,iac_benchmark/scenarios/terrads_8858c75d9782,True,True,0,0,0,0,0,,,,,421.0,2551.0,29.0,6.0,5.0
terrads_e49fdf9bfc12,Zenodo/TerraDS,iac_benchmark/scenarios/terrads_e49fdf9bfc12,True,True,0,0,0,0,0,,,,,641.0,4956.0,22.0,18.0,5.0
terrads_b058c0303e75,Zenodo/TerraDS,iac_benchmark/scenarios/terrads_b058c0303e75,True,True,0,0,0,0,0,,,,,563.0,3915.0,35.0,0.0,5.0
terrads_533887aa9484,Zenodo/TerraDS,iac_benchmark/scenarios/terrads_533887aa9484,True,True,0,0,0,0,0,,,,,639.0,4543.0,23.0,9.0,5.0
terrads_eb34e6de11eb,Zenodo/TerraDS,iac_benchmark/scenarios/terrads_eb34e6de11eb,True,True,0,0,0,0,0,,,,,502.0,3382.0,21.0,14.0,5.0
terrads_1bf90a863c6f,Zenodo/TerraDS,iac_benchmark/scenarios/terrads_1bf90a863c6f,True,True,0,0,0,0,0,,,,,985.0,6936.0,24.0,21.0,5.0
terrads_a7c66196a8cf,Zenodo/TerraDS,iac_benchmark/scenarios/terrads_a7c66196a8cf,True,True,0,0,0,0,0,,,,,542.0,3530.0,24.0,16.0,5.0
terrads_4d3e837bddc3,Zenodo/TerraDS,iac_benchmark/scenarios/terrads_4d3e837bddc3,True,True,0,0,0,0,0,,,,,933.0,6111.0,44.0,20.0,5.0
terrads_a30df93c2ed3,Zenodo/TerraDS,iac_benchmark/scenarios/terrads_a30df93c2ed3,True,True,0,0,0,0,0,,,,,523.0,3791.0,16.0,29.0,5.0
terrads_1fa66a093de9,Zenodo/TerraDS,iac_benchmark/scenarios/terrads_1fa66a093de9,True,True,0,0,0,0,0,,,,,540.0,3525.0,25.0,16.0,5.0
terrads_c3ce31d64386,Zenodo/TerraDS,iac_benchmark/scenarios/terrads_c3ce31d64386,True,True,0,0,0,0,0,,,,,703.0,6158.0,27.0,1.0,5.0
terrads_08362abef743,Zenodo/TerraDS,iac_benchmark/scenarios/terrads_08362abef743,True,True,0,0,0,0,0,,,,,528.0,3413.0,17.0,24.0,5.0
terrads_6ad84710abfb,Zenodo/TerraDS,iac_benchmark/scenarios/terrads_6ad84710abfb,True,True,0,0,0,0,0,,,,,988.0,7137.0,49.0,17.0,5.0
terrads_2ef3aadcd347,Zenodo/TerraDS,iac_benchmark/scenarios/terrads_2ef3aadcd347,True,True,0,0,0,0,0,,,,,524.0,3772.0,33.0,0.0,5.0
terrads_eca942253b4d,Zenodo/TerraDS,iac_benchmark/scenarios/terrads_eca942253b4d,True,True,0,0,0,0,0,,,,,734.0,4903.0,25.0,1.0,5.0
terrads_bb3214c33a3d,Zenodo/TerraDS,iac_benchmark/scenarios/terrads_bb3214c33a3d,True,True,0,0,0,0,0,,,,,488.0,3811.0,24.0,20.0,5.0
terrads_2f0fef600955,Zenodo/TerraDS,iac_benchmark/scenarios/terrads_2f0fef600955,True,True,0,0,0,0,0,,,,,469.0,3338.0,14.0,13.0,5.0
terrads_c1e6716bfba4,Zenodo/TerraDS,iac_benchmark/scenarios/terrads_c1e6716bfba4,True,True,0,0,0,0,0,,,,,495.0,3390.0,21.0,8.0,5.0
terrads_aea7ba1a0777,Zenodo/TerraDS,iac_benchmark/scenarios/terrads_aea7ba1a0777,True,True,0,0,0,0,0,,,,,463.0,3074.0,21.0,23.0,5.0
terrads_e4f73489147c,Zenodo/TerraDS,iac_benchmark/scenarios/terrads_e4f73489147c,True,True,0,0,0,0,0,,,,,540.0,3429.0,28.0,0.0,5.0
terrads_490cb0eb93f1,Zenodo/TerraDS,iac_benchmark/scenarios/terrads_490cb0eb93f1,True,True,0,0,0,0,0,,,,,515.0,3490.0,23.0,10.0,5.0
terrads_ba969087412a,Zenodo/TerraDS,iac_benchmark/scenarios/terrads_ba969087412a,True,True,0,0,0,0,0,,,,,686.0,3912.0,19.0,39.0,5.0
terrads_e27cd33aed7d,Zenodo/TerraDS,iac_benchmark/scenarios/terrads_e27cd33aed7d,True,True,0,0,0,0,0,,,,,420.0,2850.0,26.0,9.0,5.0
terrads_4a1bbb77403e,Zenodo/TerraDS,iac_benchmark/scenarios/terrads_4a1bbb77403e,True,True,0,0,0,0,0,,,,,446.0,2744.0,18.0,21.0,5.0
terrads_300f4c32ba88,Zenodo/TerraDS,iac_benchmark/scenarios/terrads_300f4c32ba88,True,True,0,0,0,0,0,,,,,738.0,5500.0,16.0,36.0,5.0
terrads_f251204cfd8a,Zenodo/TerraDS,iac_benchmark/scenarios/terrads_f251204cfd8a,True,True,0,0,0,0,0,,,,,567.0,3878.0,39.0,0.0,5.0
terrads_33ae91bb7b2d,Zenodo/TerraDS,iac_benchmark/scenarios/terrads_33ae91bb7b2d,True,True,0,0,0,0,0,,,,,636.0,4189.0,26.0,15.0,5.0
terrads_843ccfdcf975,Zenodo/TerraDS,iac_benchmark/scenarios/terrads_843ccfdcf975,True,True,0,0,0,0,0,,,,,441.0,3788.0,13.0,24.0,5.0
terrads_f34a0deeffdc,Zenodo/TerraDS,iac_benchmark/scenarios/terrads_f34a0deeffdc,True,True,0,0,0,0,0,,,,,966.0,5783.0,34.0,44.0,5.0
terrads_2e06edb13a42,Zenodo/TerraDS,iac_benchmark/scenarios/terrads_2e06edb13a42,True,True,0,0,0,0,0,,,,,518.0,3467.0,31.0,0.0,5.0
terrads_b9167cb72995,Zenodo/TerraDS,iac_benchmark/scenarios/terrads_b9167cb72995,True,True,0,0,0,0,0,,,,,462.0,2859.0,26.0,0.0,5.0
terrads_47e9a05b6612,Zenodo/TerraDS,iac_benchmark/scenarios/terrads_47e9a05b6612,True,True,0,0,0,0,0,,,,,519.0,3750.0,21.0,6.0,5.0
terrads_e84a4d5419b6,Zenodo/TerraDS,iac_benchmark/scenarios/terrads_e84a4d5419b6,True,True,0,0,0,0,0,,,,,965.0,6371.0,30.0,32.0,5.0
gh_bbb1f700,Tianyi2/IRIS,iac_benchmark/scenarios/gh_bbb1f700,True,True,0,0,0,0,0,,,,,695.0,4996.0,47.0,16.0,5.0
terrads_32bbca0ed991,Zenodo/TerraDS,iac_benchmark/scenarios/terrads_32bbca0ed991,True,True,0,0,0,0,0,,,,,768.0,5201.0,35.0,8.0,5.0
terrads_93cf2d79c08e,Zenodo/TerraDS,iac_benchmark/scenarios/terrads_93cf2d79c08e,True,True,0,0,0,0,0,,,,,531.0,4229.0,22.0,12.0,5.0
terrads_40832435e197,Zenodo/TerraDS,iac_benchmark/scenarios/terrads_40832435e197,True,True,0,0,0,0,0,,,,,641.0,3235.0,23.0,8.0,5.0
terrads_e46e903194fd,Zenodo/TerraDS,iac_benchmark/scenarios/terrads_e46e903194fd,True,True,0,0,0,0,0,,,,,489.0,3632.0,25.0,0.0,5.0
gh_9bd85911,Tianyi2/IRIS,iac_benchmark/scenarios/gh_9bd85911,True,True,0,0,0,0,0,,,,,596.0,4547.0,35.0,0.0,5.0
terrads_ba034465145b,Zenodo/TerraDS,iac_benchmark/scenarios/terrads_ba034465145b,True,True,0,0,0,0,0,,,,,491.0,3953.0,16.0,12.0,5.0
terrads_8177734c231b,Zenodo/TerraDS,iac_benchmark/scenarios/terrads_8177734c231b,True,True,0,0,0,0,0,,,,,809.0,5289.0,30.0,40.0,5.0
terrads_e9b29c76ed92,Zenodo/TerraDS,iac_benchmark/scenarios/terrads_e9b29c76ed92,True,True,0,0,0,0,0,,,,,446.0,3253.0,24.0,8.0,5.0
terrads_40351a29f08c,Zenodo/TerraDS,iac_benchmark/scenarios/terrads_40351a29f08c,True,True,0,0,0,0,0,,,,,504.0,3100.0,17.0,8.0,5.0
terrads_0becd1d6cbbd,Zenodo/TerraDS,iac_benchmark/scenarios/terrads_0becd1d6cbbd,True,True,0,0,0,0,0,,,,,592.0,3883.0,13.0,1.0,5.0
terrads_ffeaabda726e,Zenodo/TerraDS,iac_benchmark/scenarios/terrads_ffeaabda726e,True,True,0,0,0,0,0,,,,,722.0,4988.0,30.0,31.0,5.0
terrads_f8f4b2cc757b,Zenodo/TerraDS,iac_benchmark/scenarios/terrads_f8f4b2cc757b,True,True,0,0,0,0,0,,,,,657.0,5317.0,25.0,6.0,5.0
terrads_e61456285c61,Zenodo/TerraDS,iac_benchmark/scenarios/terrads_e61456285c61,True,True,0,0,0,0,0,,,,,473.0,2711.0,28.0,3.0,5.0
gh_aaab96b6,Tianyi2/IRIS,iac_benchmark/scenarios/gh_aaab96b6,True,True,0,0,0,0,0,,,,,431.0,3032.0,18.0,8.0,5.0
terrads_41f3ec3a85bb,Zenodo/TerraDS,iac_benchmark/scenarios/terrads_41f3ec3a85bb,True,True,0,0,0,0,0,,,,,465.0,2822.0,25.0,17.0,5.0
terrads_80484186c5d2,Zenodo/TerraDS,iac_benchmark/scenarios/terrads_80484186c5d2,True,True,0,0,0,0,0,,,,,598.0,4291.0,29.0,2.0,5.0
terrads_e43f3ae5c713,Zenodo/TerraDS,iac_benchmark/scenarios/terrads_e43f3ae5c713,True,True,0,0,0,0,0,,,,,778.0,6322.0,36.0,27.0,5.0
terrads_158b578271a6,Zenodo/TerraDS,iac_benchmark/scenarios/terrads_158b578271a6,True,True,0,0,0,0,0,,,,,734.0,4903.0,25.0,1.0,5.0
terrads_b8b85212c942,Zenodo/TerraDS,iac_benchmark/scenarios/terrads_b8b85212c942,True,True,0,0,0,0,0,,,,,853.0,6357.0,40.0,15.0,5.0
terrads_8de5c9781740,Zenodo/TerraDS,iac_benchmark/scenarios/terrads_8de5c9781740,True,True,0,0,0,0,0,,,,,991.0,7294.0,30.0,11.0,5.0
gh_d222bdc6,Tianyi2/IRIS,iac_benchmark/scenarios/gh_d222bdc6,True,True,0,0,0,0,0,,,,,811.0,6279.0,26.0,17.0,5.0
terrads_27d0e56cd2ff,Zenodo/TerraDS,iac_benchmark/scenarios/terrads_27d0e56cd2ff,True,True,0,0,0,0,0,,,,,830.0,5861.0,35.0,1.0,5.0
terrads_3a7d7d6a89df,Zenodo/TerraDS,iac_benchmark/scenarios/terrads_3a7d7d6a89df,True,True,0,0,0,0,0,,,,,658.0,5145.0,41.0,6.0,5.0
terrads_9147fb516052,Zenodo/TerraDS,iac_benchmark/scenarios/terrads_9147fb516052,True,True,0,0,0,0,0,,,,,515.0,2995.0,13.0,20.0,5.0
terrads_1289bd2a5a06,Zenodo/TerraDS,iac_benchmark/scenarios/terrads_1289bd2a5a06,True,True,0,0,0,0,0,,,,,482.0,3118.0,19.0,13.0,5.0
terrads_d24be043d703,Zenodo/TerraDS,iac_benchmark/scenarios/terrads_d24be043d703,True,True,0,0,0,0,0,,,,,882.0,5914.0,31.0,31.0,5.0
terrads_32f4eb9c85f5,Zenodo/TerraDS,iac_benchmark/scenarios/terrads_32f4eb9c85f5,True,True,0,0,0,0,0,,,,,608.0,4301.0,14.0,0.0,5.0
terrads_0bb69393fe13,Zenodo/TerraDS,iac_benchmark/scenarios/terrads_0bb69393fe13,True,True,0,0,0,0,0,,,,,410.0,2731.0,15.0,19.0,5.0
terrads_e4f9e9339255,Zenodo/TerraDS,iac_benchmark/scenarios/terrads_e4f9e9339255,True,True,0,0,0,0,0,,,,,546.0,3831.0,17.0,22.0,5.0
terrads_75280585a858,Zenodo/TerraDS,iac_benchmark/scenarios/terrads_75280585a858,True,True,0,0,0,0,0,,,,,504.0,4056.0,18.0,35.0,5.0
terrads_bd81dcef803a,Zenodo/TerraDS,iac_benchmark/scenarios/terrads_bd81dcef803a,True,True,0,0,0,0,0,,,,,565.0,4001.0,25.0,1.0,5.0
terrads_08a2aed9782b,Zenodo/TerraDS,iac_benchmark/scenarios/terrads_08a2aed9782b,True,True,0,0,0,0,0,,,,,688.0,5398.0,14.0,13.0,5.0
terrads_54d5fb3a13de,Zenodo/TerraDS,iac_benchmark/scenarios/terrads_54d5fb3a13de,True,True,0,0,0,0,0,,,,,428.0,3199.0,41.0,0.0,5.0
terrads_2d263642331a,Zenodo/TerraDS,iac_benchmark/scenarios/terrads_2d263642331a,True,True,0,0,0,0,0,,,,,581.0,4345.0,19.0,34.0,5.0
terrads_4455ca6de57a,Zenodo/TerraDS,iac_benchmark/scenarios/terrads_4455ca6de57a,True,True,0,0,0,0,0,,,,,457.0,3209.0,26.0,33.0,5.0
terrads_5be76919ac47,Zenodo/TerraDS,iac_benchmark/scenarios/terrads_5be76919ac47,True,True,0,0,0,0,0,,,,,512.0,3628.0,18.0,10.0,5.0
terrads_5e812b9c1ee9,Zenodo/TerraDS,iac_benchmark/scenarios/terrads_5e812b9c1ee9,True,True,0,0,0,0,0,,,,,754.0,5247.0,31.0,21.0,5.0
terrads_82b2cd336ad6,Zenodo/TerraDS,iac_benchmark/scenarios/terrads_82b2cd336ad6,True,True,0,0,0,0,0,,,,,408.0,2523.0,15.0,17.0,5.0
terrads_71238c1d92b3,Zenodo/TerraDS,iac_benchmark/scenarios/terrads_71238c1d92b3,True,True,0,0,0,0,0,,,,,647.0,3913.0,24.0,11.0,5.0
terrads_7a64335bf15b,Zenodo/TerraDS,iac_benchmark/scenarios/terrads_7a64335bf15b,True,True,0,0,0,0,0,,,,,530.0,3661.0,18.0,23.0,5.0
terrads_d40b815c793e,Zenodo/TerraDS,iac_benchmark/scenarios/terrads_d40b815c793e,True,True,0,0,0,0,0,,,,,441.0,2876.0,19.0,2.0,5.0
terrads_68dffb03b77e,Zenodo/TerraDS,iac_benchmark/scenarios/terrads_68dffb03b77e,True,True,0,0,0,0,0,,,,,540.0,3506.0,14.0,0.0,5.0
terrads_257ad695450b,Zenodo/TerraDS,iac_benchmark/scenarios/terrads_257ad695450b,True,True,0,0,0,0,0,,,,,450.0,3528.0,23.0,7.0,5.0
terrads_1210f0cbc376,Zenodo/TerraDS,iac_benchmark/scenarios/terrads_1210f0cbc376,True,True,0,0,0,0,0,,,,,437.0,2583.0,12.0,15.0,5.0
terrads_cc5e8ed96663,Zenodo/TerraDS,iac_benchmark/scenarios/terrads_cc5e8ed96663,True,True,0,0,0,0,0,,,,,440.0,2756.0,18.0,8.0,5.0
terrads_0b47a9c4e0a1,Zenodo/TerraDS,iac_benchmark/scenarios/terrads_0b47a9c4e0a1,True,True,0,0,0,0,0,,,,,515.0,3284.0,33.0,8.0,5.0
terrads_83f2b3dc7197,Zenodo/TerraDS,iac_benchmark/scenarios/terrads_83f2b3dc7197,True,True,0,0,0,0,0,,,,,462.0,2859.0,26.0,0.0,5.0
gh_f9cc8b99,Tianyi2/IRIS,iac_benchmark/scenarios/gh_f9cc8b99,True,True,0,0,0,0,0,,,,,630.0,4096.0,33.0,14.0,5.0
terrads_9c5c780f6b76,Zenodo/TerraDS,iac_benchmark/scenarios/terrads_9c5c780f6b76,True,True,0,0,0,0,0,,,,,742.0,5019.0,26.0,1.0,5.0
terrads_c92b260bc738,Zenodo/TerraDS,iac_benchmark/scenarios/terrads_c92b260bc738,True,True,0,0,0,0,0,,,,,849.0,6074.0,12.0,47.0,5.0
gh_86111d23,Tianyi2/IRIS,iac_benchmark/scenarios/gh_86111d23,True,True,0,0,0,0,0,,,,,544.0,4938.0,15.0,9.0,5.0
gh_eae6962a,Tianyi2/IRIS,iac_benchmark/scenarios/gh_eae6962a,True,True,0,0,0,0,0,,,,,746.0,5414.0,17.0,0.0,5.0
terrads_6adc6050e62c,Zenodo/TerraDS,iac_benchmark/scenarios/terrads_6adc6050e62c,True,True,0,0,0,0,0,,,,,467.0,3118.0,26.0,3.0,5.0
terrads_5ee98302e6c9,Zenodo/TerraDS,iac_benchmark/scenarios/terrads_5ee98302e6c9,True,True,0,0,0,0,0,,,,,851.0,6402.0,23.0,43.0,5.0
terrads_af2d95776952,Zenodo/TerraDS,iac_benchmark/scenarios/terrads_af2d95776952,True,True,0,0,0,0,0,,,,,422.0,2463.0,17.0,11.0,5.0
terrads_6ff872bf810c,Zenodo/TerraDS,iac_benchmark/scenarios/terrads_6ff872bf810c,True,True,0,0,0,0,0,,,,,458.0,3201.0,19.0,11.0,5.0
terrads_4d0f4d199452,Zenodo/TerraDS,iac_benchmark/scenarios/terrads_4d0f4d199452,True,True,0,0,0,0,0,,,,,715.0,5523.0,27.0,11.0,5.0
terrads_c7097ad19058,Zenodo/TerraDS,iac_benchmark/scenarios/terrads_c7097ad19058,True,True,0,0,0,0,0,,,,,882.0,5914.0,31.0,31.0,5.0
terrads_ffd37248bddd,Zenodo/TerraDS,iac_benchmark/scenarios/terrads_ffd37248bddd,True,True,0,0,0,0,0,,,,,509.0,3238.0,23.0,6.0,5.0
terrads_0db2316cc826,Zenodo/TerraDS,iac_benchmark/scenarios/terrads_0db2316cc826,True,True,0,0,0,0,0,,,,,538.0,4406.0,45.0,7.0,5.0
gh_dd879ca3,Tianyi2/IRIS,iac_benchmark/scenarios/gh_dd879ca3,True,True,0,0,0,0,0,,,,,575.0,5148.0,17.0,0.0,5.0
terrads_2c23560f7a5b,Zenodo/TerraDS,iac_benchmark/scenarios/terrads_2c23560f7a5b,True,True,0,0,0,0,0,,,,,567.0,3778.0,24.0,23.0,5.0
terrads_952d36ce73e4,Zenodo/TerraDS,iac_benchmark/scenarios/terrads_952d36ce73e4,True,True,0,0,0,0,0,,,,,688.0,5079.0,36.0,42.0,5.0
terrads_8b3c5acbb459,Zenodo/TerraDS,iac_benchmark/scenarios/terrads_8b3c5acbb459,True,True,0,0,0,0,0,,,,,746.0,5014.0,35.0,33.0,5.0
terrads_9d3f5b10de4b,Zenodo/TerraDS,iac_benchmark/scenarios/terrads_9d3f5b10de4b,True,True,0,0,0,0,0,,,,,636.0,4806.0,27.0,19.0,5.0
terrads_4c9c3b7062b6,Zenodo/TerraDS,iac_benchmark/scenarios/terrads_4c9c3b7062b6,True,True,0,0,0,0,0,,,,,465.0,3402.0,24.0,7.0,5.0
terrads_15b1a5916d07,Zenodo/TerraDS,iac_benchmark/scenarios/terrads_15b1a5916d07,True,True,0,0,0,0,0,,,,,563.0,3915.0,35.0,0.0,5.0
terrads_40005aaeb565,Zenodo/TerraDS,iac_benchmark/scenarios/terrads_40005aaeb565,True,True,0,0,0,0,0,,,,,794.0,5039.0,34.0,36.0,5.0
terrads_c3fbf643420f,Zenodo/TerraDS,iac_benchmark/scenarios/terrads_c3fbf643420f,True,True,0,0,0,0,0,,,,,486.0,3022.0,34.0,4.0,5.0
terrads_83835d05153f,Zenodo/TerraDS,iac_benchmark/scenarios/terrads_83835d05153f,True,True,0,0,0,0,0,,,,,770.0,4790.0,19.0,10.0,5.0
terrads_e8b26804db07,Zenodo/TerraDS,iac_benchmark/scenarios/terrads_e8b26804db07,True,True,0,0,0,0,0,,,,,498.0,3544.0,16.0,20.0,5.0
terrads_1a0141b08c00,Zenodo/TerraDS,iac_benchmark/scenarios/terrads_1a0141b08c00,True,True,0,0,0,0,0,,,,,507.0,3162.0,33.0,1.0,5.0
terrads_9a847518c98b,Zenodo/TerraDS,iac_benchmark/scenarios/terrads_9a847518c98b,True,True,0,0,0,0,0,,,,,562.0,3735.0,36.0,14.0,5.0
terrads_48b0e43cf1c1,Zenodo/TerraDS,iac_benchmark/scenarios/terrads_48b0e43cf1c1,True,True,0,0,0,0,0,,,,,440.0,2756.0,18.0,8.0,5.0
terrads_db86159d6590,Zenodo/TerraDS,iac_benchmark/scenarios/terrads_db86159d6590,True,True,0,0,0,0,0,,,,,457.0,3209.0,26.0,33.0,5.0
terrads_ad42871b1098,Zenodo/TerraDS,iac_benchmark/scenarios/terrads_ad42871b1098,True,True,0,0,0,0,0,,,,,849.0,7380.0,27.0,27.0,5.0
terrads_cf256efd78f0,Zenodo/TerraDS,iac_benchmark/scenarios/terrads_cf256efd78f0,True,True,0,0,0,0,0,,,,,1005.0,7511.0,57.0,14.0,5.0
terrads_d91eb9d42063,Zenodo/TerraDS,iac_benchmark/scenarios/terrads_d91eb9d42063,True,True,0,0,0,0,0,,,,,536.0,4891.0,59.0,2.0,5.0
gh_0a88e76a,Tianyi2/IRIS,iac_benchmark/scenarios/gh_0a88e76a,True,True,0,0,0,0,0,,,,,607.0,4585.0,33.0,15.0,5.0
terrads_2a0518dfac3e,Zenodo/TerraDS,iac_benchmark/scenarios/terrads_2a0518dfac3e,True,True,0,0,0,0,0,,,,,411.0,2550.0,15.0,17.0,5.0
terrads_14df193a03bb,Zenodo/TerraDS,iac_benchmark/scenarios/terrads_14df193a03bb,True,True,0,0,0,0,0,,,,,441.0,2701.0,28.0,0.0,5.0
gh_0679b2e3,Tianyi2/IRIS,iac_benchmark/scenarios/gh_0679b2e3,True,True,0,0,0,0,0,,,,,892.0,6944.0,29.0,42.0,5.0
terrads_8ec40cab464a,Zenodo/TerraDS,iac_benchmark/scenarios/terrads_8ec40cab464a,True,True,0,0,0,0,0,,,,,519.0,3236.0,17.0,17.0,5.0
terrads_0117d76f76f8,Zenodo/TerraDS,iac_benchmark/scenarios/terrads_0117d76f76f8,True,True,0,0,0,0,0,,,,,433.0,2656.0,13.0,14.0,5.0
terrads_98caaf960754,Zenodo/TerraDS,iac_benchmark/scenarios/terrads_98caaf960754,True,True,0,0,0,0,0,,,,,850.0,6397.0,23.0,43.0,5.0
terrads_2a6b30d3f8b9,Zenodo/TerraDS,iac_benchmark/scenarios/terrads_2a6b30d3f8b9,True,True,0,0,0,0,0,,,,,764.0,4990.0,32.0,20.0,5.0
terrads_f22db05b66e3,Zenodo/TerraDS,iac_benchmark/scenarios/terrads_f22db05b66e3,True,True,0,0,0,0,0,,,,,483.0,3836.0,12.0,31.0,5.0
terrads_9cda31e47de5,Zenodo/TerraDS,iac_benchmark/scenarios/terrads_9cda31e47de5,True,True,0,0,0,0,0,,,,,635.0,4245.0,40.0,4.0,5.0
terrads_08b461bfec3f,Zenodo/TerraDS,iac_benchmark/scenarios/terrads_08b461bfec3f,True,True,0,0,0,0,0,,,,,462.0,2859.0,26.0,0.0,5.0
terrads_345920ac398d,Zenodo/TerraDS,iac_benchmark/scenarios/terrads_345920ac398d,True,True,0,0,0,0,0,,,,,922.0,6476.0,55.0,29.0,5.0
terrads_d6c21d041a1e,Zenodo/TerraDS,iac_benchmark/scenarios/terrads_d6c21d041a1e,True,True,0,0,0,0,0,,,,,431.0,2835.0,26.0,10.0,5.0
terrads_180d1a1c9bdf,Zenodo/TerraDS,iac_benchmark/scenarios/terrads_180d1a1c9bdf,True,True,0,0,0,0,0,,,,,564.0,3848.0,23.0,1.0,5.0
terrads_6f55cf403fce,Zenodo/TerraDS,iac_benchmark/scenarios/terrads_6f55cf403fce,True,True,0,0,0,0,0,,,,,452.0,3046.0,28.0,2.0,5.0
terrads_2c0182b34dd8,Zenodo/TerraDS,iac_benchmark/scenarios/terrads_2c0182b34dd8,True,True,0,0,0,0,0,,,,,953.0,6670.0,25.0,32.0,5.0
terrads_849b1ab832ee,Zenodo/TerraDS,iac_benchmark/scenarios/terrads_849b1ab832ee,True,True,0,0,0,0,0,,,,,734.0,4903.0,25.0,1.0,5.0
terrads_545a5a27b16c,Zenodo/TerraDS,iac_benchmark/scenarios/terrads_545a5a27b16c,True,True,0,0,0,0,0,,,,,896.0,7021.0,40.0,2.0,5.0
terrads_e190064d7d48,Zenodo/TerraDS,iac_benchmark/scenarios/terrads_e190064d7d48,True,True,0,0,0,0,0,,,,,434.0,3025.0,15.0,28.0,5.0
terrads_1e607d2404fc,Zenodo/TerraDS,iac_benchmark/scenarios/terrads_1e607d2404fc,True,True,0,0,0,0,0,,,,,895.0,6543.0,57.0,6.0,5.0
terrads_9b95465fa3b3,Zenodo/TerraDS,iac_benchmark/scenarios/terrads_9b95465fa3b3,True,True,0,0,0,0,0,,,,,435.0,3000.0,19.0,30.0,5.0
terrads_2bef1a46d2ed,Zenodo/TerraDS,iac_benchmark/scenarios/terrads_2bef1a46d2ed,True,True,0,0,0,0,0,,,,,457.0,3209.0,26.0,33.0,5.0
terrads_34d873cad119,Zenodo/TerraDS,iac_benchmark/scenarios/terrads_34d873cad119,True,True,0,0,0,0,0,,,,,455.0,3548.0,17.0,0.0,5.0
terrads_89b55b70c558,Zenodo/TerraDS,iac_benchmark/scenarios/terrads_89b55b70c558,True,True,0,0,0,0,0,,,,,443.0,3182.0,14.0,6.0,5.0
terrads_453b20a04b3d,Zenodo/TerraDS,iac_benchmark/scenarios/terrads_453b20a04b3d,True,True,0,0,0,0,0,,,,,847.0,7180.0,36.0,17.0,5.0
terrads_fe8688896522,Zenodo/TerraDS,iac_benchmark/scenarios/terrads_fe8688896522,True,True,0,0,0,0,0,,,,,869.0,6534.0,37.0,33.0,5.0
terrads_9df5db9e4d75,Zenodo/TerraDS,iac_benchmark/scenarios/terrads_9df5db9e4d75,True,True,0,0,0,0,0,,,,,412.0,2845.0,26.0,11.0,5.0
terrads_75ee6a344a05,Zenodo/TerraDS,iac_benchmark/scenarios/terrads_75ee6a344a05,True,True,0,0,0,0,0,,,,,534.0,3368.0,22.0,22.0,5.0
terrads_70696dc881d0,Zenodo/TerraDS,iac_benchmark/scenarios/terrads_70696dc881d0,True,True,0,0,0,0,0,,,,,627.0,4025.0,34.0,12.0,5.0
terrads_0fb24caf8e67,Zenodo/TerraDS,iac_benchmark/scenarios/terrads_0fb24caf8e67,True,True,0,0,0,0,0,,,,,610.0,4023.0,35.0,0.0,5.0
terrads_2cc72fb164be,Zenodo/TerraDS,iac_benchmark/scenarios/terrads_2cc72fb164be,True,True,0,0,0,0,0,,,,,441.0,2921.0,31.0,5.0,5.0
terrads_f1b9f4fb3a8e,Zenodo/TerraDS,iac_benchmark/scenarios/terrads_f1b9f4fb3a8e,True,True,0,0,0,0,0,,,,,454.0,3309.0,46.0,6.0,5.0
terrads_0c0cac4521db,Zenodo/TerraDS,iac_benchmark/scenarios/terrads_0c0cac4521db,True,True,0,0,0,0,0,,,,,507.0,3779.0,15.0,33.0,5.0
terrads_b695b6c5d2db,Zenodo/TerraDS,iac_benchmark/scenarios/terrads_b695b6c5d2db,True,True,0,0,0,0,0,,,,,418.0,3019.0,15.0,25.0,5.0
terrads_93405f9073cd,Zenodo/TerraDS,iac_benchmark/scenarios/terrads_93405f9073cd,True,True,0,0,0,0,0,,,,,580.0,3797.0,24.0,23.0,5.0
terrads_e17463a7bc0d,Zenodo/TerraDS,iac_benchmark/scenarios/terrads_e17463a7bc0d,True,True,0,0,0,0,0,,,,,472.0,3314.0,33.0,4.0,5.0
terrads_f71ba1fa52b8,Zenodo/TerraDS,iac_benchmark/scenarios/terrads_f71ba1fa52b8,True,True,0,0,0,0,0,,,,,407.0,2931.0,14.0,18.0,5.0
terrads_b38387aafd5c,Zenodo/TerraDS,iac_benchmark/scenarios/terrads_b38387aafd5c,True,True,0,0,0,0,0,,,,,462.0,2859.0,26.0,0.0,5.0
terrads_cc836f4183f9,Zenodo/TerraDS,iac_benchmark/scenarios/terrads_cc836f4183f9,True,True,0,0,0,0,0,,,,,412.0,2535.0,27.0,0.0,5.0
terrads_e23b354c0536,Zenodo/TerraDS,iac_benchmark/scenarios/terrads_e23b354c0536,True,True,0,0,0,0,0,,,,,514.0,3162.0,17.0,17.0,5.0
terrads_ccd7352d2814,Zenodo/TerraDS,iac_benchmark/scenarios/terrads_ccd7352d2814,True,True,0,0,0,0,0,,,,,612.0,4458.0,13.0,7.0,5.0
terrads_0c61bb60ab40,Zenodo/TerraDS,iac_benchmark/scenarios/terrads_0c61bb60ab40,True,True,0,0,0,0,0,,,,,416.0,2692.0,13.0,7.0,5.0
terrads_a6189e85f5fb,Zenodo/TerraDS,iac_benchmark/scenarios/terrads_a6189e85f5fb,True,True,0,0,0,0,0,,,,,707.0,5342.0,35.0,8.0,5.0
terrads_995cf5ff284a,Zenodo/TerraDS,iac_benchmark/scenarios/terrads_995cf5ff284a,True,True,0,0,0,0,0,,,,,882.0,5914.0,31.0,31.0,5.0
terrads_f448c9427ce6,Zenodo/TerraDS,iac_benchmark/scenarios/terrads_f448c9427ce6,True,True,0,0,0,0,0,,,,,689.0,4591.0,42.0,14.0,5.0
terrads_ca1593b4a56b,Zenodo/TerraDS,iac_benchmark/scenarios/terrads_ca1593b4a56b,True,True,0,0,0,0,0,,,,,644.0,4570.0,26.0,19.0,5.0
terrads_e8e57869d788,Zenodo/TerraDS,iac_benchmark/scenarios/terrads_e8e57869d788,True,True,0,0,0,0,0,,,,,456.0,3111.0,18.0,15.0,5.0
terrads_fce2550ad2bf,Zenodo/TerraDS,iac_benchmark/scenarios/terrads_fce2550ad2bf,True,True,0,0,0,0,0,,,,,801.0,5761.0,20.0,63.0,5.0
terrads_3e5e9397eca5,Zenodo/TerraDS,iac_benchmark/scenarios/terrads_3e5e9397eca5,True,True,0,0,0,0,0,,,,,477.0,3186.0,28.0,8.0,5.0
terrads_9c8b2aa05f5c,Zenodo/TerraDS,iac_benchmark/scenarios/terrads_9c8b2aa05f5c,True,True,0,0,0,0,0,,,,,432.0,2988.0,38.0,8.0,5.0
terrads_ad1ad027dfac,Zenodo/TerraDS,iac_benchmark/scenarios/terrads_ad1ad027dfac,True,True,0,0,0,0,0,,,,,567.0,3878.0,39.0,0.0,5.0
terrads_a1199dbb28bb,Zenodo/TerraDS,iac_benchmark/scenarios/terrads_a1199dbb28bb,True,True,0,0,0,0,0,,,,,917.0,5672.0,30.0,14.0,5.0
terrads_1c5196162969,Zenodo/TerraDS,iac_benchmark/scenarios/terrads_1c5196162969,True,True,0,0,0,0,0,,,,,553.0,3694.0,34.0,3.0,5.0
terrads_677c90cce6a1,Zenodo/TerraDS,iac_benchmark/scenarios/terrads_677c90cce6a1,True,True,0,0,0,0,0,,,,,742.0,5019.0,26.0,1.0,5.0
terrads_fd2aafa820eb,Zenodo/TerraDS,iac_benchmark/scenarios/terrads_fd2aafa820eb,True,True,0,0,0,0,0,,,,,694.0,4883.0,26.0,7.0,5.0
terrads_3dd9d566da06,Zenodo/TerraDS,iac_benchmark/scenarios/terrads_3dd9d566da06,True,True,0,0,0,0,0,,,,,572.0,4984.0,14.0,0.0,5.0
terrads_260f71401b80,Zenodo/TerraDS,iac_benchmark/scenarios/terrads_260f71401b80,True,True,0,0,0,0,0,,,,,1107.0,7615.0,42.0,57.0,5.0
terrads_a2d4e8620d0a,Zenodo/TerraDS,iac_benchmark/scenarios/terrads_a2d4e8620d0a,True,True,0,0,0,0,0,,,,,457.0,3076.0,16.0,18.0,5.0
terrads_a12bf067b66c,Zenodo/TerraDS,iac_benchmark/scenarios/terrads_a12bf067b66c,True,True,0,0,0,0,0,,,,,450.0,2802.0,22.0,9.0,5.0
terrads_f4ecf75d074c,Zenodo/TerraDS,iac_benchmark/scenarios/terrads_f4ecf75d074c,True,True,0,0,0,0,0,,,,,439.0,2954.0,23.0,6.0,5.0
terrads_0e5274beb957,Zenodo/TerraDS,iac_benchmark/scenarios/terrads_0e5274beb957,True,True,0,0,0,0,0,,,,,640.0,4142.0,39.0,14.0,5.0
terrads_75565795ef9f,Zenodo/TerraDS,iac_benchmark/scenarios/terrads_75565795ef9f,True,True,0,0,0,0,0,,,,,610.0,4023.0,35.0,0.0,5.0
terrads_a3d893915acd,Zenodo/TerraDS,iac_benchmark/scenarios/terrads_a3d893915acd,True,True,0,0,0,0,0,,,,,578.0,3793.0,24.0,23.0,5.0
terrads_82c19e2e3beb,Zenodo/TerraDS,iac_benchmark/scenarios/terrads_82c19e2e3beb,True,True,0,0,0,0,0,,,,,796.0,5205.0,42.0,10.0,5.0
terrads_ea687fe9777d,Zenodo/TerraDS,iac_benchmark/scenarios/terrads_ea687fe9777d,True,True,0,0,0,0,0,,,,,449.0,3642.0,18.0,5.0,5.0
terrads_0eae6bb21138,Zenodo/TerraDS,iac_benchmark/scenarios/terrads_0eae6bb21138,True,True,0,0,0,0,0,,,,,414.0,3084.0,18.0,8.0,5.0
terrads_0e4492388eca,Zenodo/TerraDS,iac_benchmark/scenarios/terrads_0e4492388eca,True,True,0,0,0,0,0,,,,,430.0,2912.0,27.0,21.0,5.0
terrads_12a4d235b99f,Zenodo/TerraDS,iac_benchmark/scenarios/terrads_12a4d235b99f,True,True,0,0,0,0,0,,,,,518.0,4546.0,14.0,12.0,5.0
terrads_70d282650f68,Zenodo/TerraDS,iac_benchmark/scenarios/terrads_70d282650f68,True,True,0,0,0,0,0,,,,,419.0,3395.0,23.0,11.0,5.0
terrads_4aec0aa6d517,Zenodo/TerraDS,iac_benchmark/scenarios/terrads_4aec0aa6d517,True,True,0,0,0,0,0,,,,,502.0,3395.0,26.0,18.0,5.0
terrads_e191c3c38116,Zenodo/TerraDS,iac_benchmark/scenarios/terrads_e191c3c38116,True,True,0,0,0,0,0,,,,,540.0,3525.0,25.0,16.0,5.0
terrads_7c2cd3c8cd8f,Zenodo/TerraDS,iac_benchmark/scenarios/terrads_7c2cd3c8cd8f,True,True,0,0,0,0,0,,,,,705.0,5191.0,21.0,7.0,5.0
terrads_e029bf9c7879,Zenodo/TerraDS,iac_benchmark/scenarios/terrads_e029bf9c7879,True,True,0,0,0,0,0,,,,,565.0,4001.0,25.0,1.0,5.0
terrads_26878cae4d33,Zenodo/TerraDS,iac_benchmark/scenarios/terrads_26878cae4d33,True,True,0,0,0,0,0,,,,,713.0,6844.0,16.0,18.0,5.0
gh_406f8d3f,Tianyi2/IRIS,iac_benchmark/scenarios/gh_406f8d3f,True,True,0,0,0,0,0,,,,,562.0,4167.0,17.0,20.0,5.0
terrads_a3e6ad908dcd,Zenodo/TerraDS,iac_benchmark/scenarios/terrads_a3e6ad908dcd,True,True,0,0,0,0,0,,,,,553.0,3143.0,20.0,20.0,5.0
terrads_b9a57a553af0,Zenodo/TerraDS,iac_benchmark/scenarios/terrads_b9a57a553af0,True,True,0,0,0,0,0,,,,,464.0,3685.0,24.0,16.0,5.0
terrads_eb5c4a82f6ee,Zenodo/TerraDS,iac_benchmark/scenarios/terrads_eb5c4a82f6ee,True,True,0,0,0,0,0,,,,,408.0,2832.0,17.0,14.0,5.0
terrads_253bca1f8ff4,Zenodo/TerraDS,iac_benchmark/scenarios/terrads_253bca1f8ff4,True,True,0,0,0,0,0,,,,,986.0,7492.0,16.0,35.0,5.0
terrads_0b4c5ae0848f,Zenodo/TerraDS,iac_benchmark/scenarios/terrads_0b4c5ae0848f,True,True,0,0,0,0,0,,,,,450.0,2802.0,22.0,9.0,5.0
terrads_12a9a1f17276,Zenodo/TerraDS,iac_benchmark/scenarios/terrads_12a9a1f17276,True,True,0,0,0,0,0,,,,,725.0,5060.0,36.0,5.0,5.0
terrads_4d250d0dc670,Zenodo/TerraDS,iac_benchmark/scenarios/terrads_4d250d0dc670,True,True,0,0,0,0,0,,,,,540.0,3525.0,25.0,16.0,5.0
terrads_8c2cc9e664da,Zenodo/TerraDS,iac_benchmark/scenarios/terrads_8c2cc9e664da,True,True,0,0,0,0,0,,,,,726.0,5731.0,24.0,34.0,5.0
terrads_2355fee5fda5,Zenodo/TerraDS,iac_benchmark/scenarios/terrads_2355fee5fda5,True,True,0,0,0,0,0,,,,,422.0,2617.0,22.0,11.0,5.0
terrads_bc39e1273a4e,Zenodo/TerraDS,iac_benchmark/scenarios/terrads_bc39e1273a4e,True,True,0,0,0,0,0,,,,,728.0,4893.0,25.0,1.0,5.0
terrads_98e22427c22a,Zenodo/TerraDS,iac_benchmark/scenarios/terrads_98e22427c22a,True,True,0,0,0,0,0,,,,,704.0,6197.0,24.0,18.0,5.0
terrads_368ca9396e73,Zenodo/TerraDS,iac_benchmark/scenarios/terrads_368ca9396e73,True,True,0,0,0,0,0,,,,,416.0,4099.0,19.0,12.0,5.0
terrads_22d4829995ce,Zenodo/TerraDS,iac_benchmark/scenarios/terrads_22d4829995ce,True,True,0,0,0,0,0,,,,,552.0,3753.0,20.0,21.0,5.0
terrads_5b030b923d7d,Zenodo/TerraDS,iac_benchmark/scenarios/terrads_5b030b923d7d,True,True,0,0,0,0,0,,,,,462.0,2859.0,26.0,0.0,5.0
terrads_251de9c246bd,Zenodo/TerraDS,iac_benchmark/scenarios/terrads_251de9c246bd,True,True,0,0,0,0,0,,,,,526.0,4321.0,13.0,24.0,5.0
terrads_03fac6305951,Zenodo/TerraDS,iac_benchmark/scenarios/terrads_03fac6305951,True,True,0,0,0,0,0,,,,,763.0,6245.0,36.0,6.0,5.0
terrads_951e63c8206c,Zenodo/TerraDS,iac_benchmark/scenarios/terrads_951e63c8206c,True,True,0,0,0,0,0,,,,,456.0,3719.0,26.0,6.0,5.0
terrads_573bc613ee2e,Zenodo/TerraDS,iac_benchmark/scenarios/terrads_573bc613ee2e,True,True,0,0,0,0,0,,,,,406.0,2807.0,13.0,16.0,5.0
terrads_916c37ccf307,Zenodo/TerraDS,iac_benchmark/scenarios/terrads_916c37ccf307,True,True,0,0,0,0,0,,,,,473.0,3766.0,19.0,10.0,5.0
terrads_2e06c294564d,Zenodo/TerraDS,iac_benchmark/scenarios/terrads_2e06c294564d,True,True,0,0,0,0,0,,,,,529.0,3682.0,18.0,30.0,5.0
terrads_e7649df2cd1b,Zenodo/TerraDS,iac_benchmark/scenarios/terrads_e7649df2cd1b,True,True,0,0,0,0,0,,,,,885.0,5538.0,20.0,33.0,5.0
terrads_fec7e6e62cfe,Zenodo/TerraDS,iac_benchmark/scenarios/terrads_fec7e6e62cfe,True,True,0,0,0,0,0,,,,,417.0,2691.0,24.0,25.0,5.0
terrads_7bf49153db1d,Zenodo/TerraDS,iac_benchmark/scenarios/terrads_7bf49153db1d,True,True,0,0,0,0,0,,,,,478.0,3633.0,12.0,22.0,5.0
terrads_9e9704268007,Zenodo/TerraDS,iac_benchmark/scenarios/terrads_9e9704268007,True,True,0,0,0,0,0,,,,,455.0,3350.0,26.0,3.0,5.0
terrads_38d28ee257ee,Zenodo/TerraDS,iac_benchmark/scenarios/terrads_38d28ee257ee,True,True,0,0,0,0,0,,,,,765.0,5755.0,40.0,8.0,5.0
terrads_6ece5dd61e29,Zenodo/TerraDS,iac_benchmark/scenarios/terrads_6ece5dd61e29,True,True,0,0,0,0,0,,,,,742.0,5019.0,26.0,1.0,5.0
terrads_952cf355e98f,Zenodo/TerraDS,iac_benchmark/scenarios/terrads_952cf355e98f,True,True,0,0,0,0,0,,,,,787.0,5606.0,26.0,53.0,5.0
terrads_ffe39546c8c2,Zenodo/TerraDS,iac_benchmark/scenarios/terrads_ffe39546c8c2,True,True,0,0,0,0,0,,,,,463.0,3074.0,21.0,23.0,5.0
terrads_afc8a76fb24c,Zenodo/TerraDS,iac_benchmark/scenarios/terrads_afc8a76fb24c,True,True,0,0,0,0,0,,,,,479.0,3181.0,23.0,1.0,5.0
terrads_d1b7f24bf8d2,Zenodo/TerraDS,iac_benchmark/scenarios/terrads_d1b7f24bf8d2,True,True,0,0,0,0,0,,,,,413.0,2769.0,23.0,9.0,5.0
terrads_d2beb99d1f1f,Zenodo/TerraDS,iac_benchmark/scenarios/terrads_d2beb99d1f1f,True,True,0,0,0,0,0,,,,,795.0,5334.0,18.0,9.0,5.0
terrads_38d76f990533,Zenodo/TerraDS,iac_benchmark/scenarios/terrads_38d76f990533,True,True,0,0,0,0,0,,,,,739.0,4389.0,29.0,23.0,5.0
terrads_2bdb917aad7a,Zenodo/TerraDS,iac_benchmark/scenarios/terrads_2bdb917aad7a,True,True,0,0,0,0,0,,,,,689.0,4572.0,31.0,12.0,5.0
terrads_b511c6520ecb,Zenodo/TerraDS,iac_benchmark/scenarios/terrads_b511c6520ecb,True,True,0,0,0,0,0,,,,,733.0,6162.0,45.0,10.0,5.0
terrads_3f1e4087d076,Zenodo/TerraDS,iac_benchmark/scenarios/terrads_3f1e4087d076,True,True,0,0,0,0,0,,,,,463.0,3992.0,26.0,0.0,5.0
terrads_d8efd02f0fe5,Zenodo/TerraDS,iac_benchmark/scenarios/terrads_d8efd02f0fe5,True,True,0,0,0,0,0,,,,,527.0,3807.0,12.0,14.0,5.0
gh_212d06d4,Tianyi2/IRIS,iac_benchmark/scenarios/gh_212d06d4,True,True,0,0,0,0,0,,,,,439.0,3161.0,17.0,7.0,5.0
terrads_5a768d92efdf,Zenodo/TerraDS,iac_benchmark/scenarios/terrads_5a768d92efdf,True,True,0,0,0,0,0,,,,,412.0,2535.0,27.0,0.0,5.0
terrads_9fa8cd5dae4b,Zenodo/TerraDS,iac_benchmark/scenarios/terrads_9fa8cd5dae4b,True,True,0,0,0,0,0,,,,,444.0,2877.0,19.0,2.0,5.0
terrads_eec2fc1e0ef8,Zenodo/TerraDS,iac_benchmark/scenarios/terrads_eec2fc1e0ef8,True,True,0,0,0,0,0,,,,,501.0,3296.0,28.0,11.0,5.0
terrads_d055cbc80427,Zenodo/TerraDS,iac_benchmark/scenarios/terrads_d055cbc80427,True,True,0,0,0,0,0,,,,,484.0,3206.0,13.0,10.0,5.0
terrads_da1d72ea2ca7,Zenodo/TerraDS,iac_benchmark/scenarios/terrads_da1d72ea2ca7,True,True,0,0,0,0,0,,,,,1167.0,7936.0,81.0,10.0,5.0
terrads_b3c01c9be6f8,Zenodo/TerraDS,iac_benchmark/scenarios/terrads_b3c01c9be6f8,True,True,0,0,0,0,0,,,,,513.0,3351.0,29.0,11.0,5.0
terrads_294409f82a80,Zenodo/TerraDS,iac_benchmark/scenarios/terrads_294409f82a80,True,True,0,0,0,0,0,,,,,623.0,5011.0,38.0,10.0,5.0
terrads_918c0de07711,Zenodo/TerraDS,iac_benchmark/scenarios/terrads_918c0de07711,True,True,0,0,0,0,0,,,,,590.0,4133.0,29.0,10.0,5.0
terrads_473fa0ce5565,Zenodo/TerraDS,iac_benchmark/scenarios/terrads_473fa0ce5565,True,True,0,0,0,0,0,,,,,736.0,6296.0,24.0,3.0,5.0
terrads_132ef15853c1,Zenodo/TerraDS,iac_benchmark/scenarios/terrads_132ef15853c1,True,True,0,0,0,0,0,,,,,525.0,3856.0,13.0,6.0,5.0
terrads_3af2568a36d9,Zenodo/TerraDS,iac_benchmark/scenarios/terrads_3af2568a36d9,True,True,0,0,0,0,0,,,,,512.0,2983.0,14.0,20.0,5.0
terrads_d803be8fe9f9,Zenodo/TerraDS,iac_benchmark/scenarios/terrads_d803be8fe9f9,True,True,0,0,0,0,0,,,,,624.0,4443.0,16.0,13.0,5.0
terrads_bd579dc5beaa,Zenodo/TerraDS,iac_benchmark/scenarios/terrads_bd579dc5beaa,True,True,0,0,0,0,0,,,,,432.0,2700.0,20.0,7.0,5.0
terrads_ad4506b9624e,Zenodo/TerraDS,iac_benchmark/scenarios/terrads_ad4506b9624e,True,True,0,0,0,0,0,,,,,499.0,3754.0,39.0,4.0,5.0
terrads_79c2908fdc03,Zenodo/TerraDS,iac_benchmark/scenarios/terrads_79c2908fdc03,True,True,0,0,0,0,0,,,,,534.0,3929.0,23.0,20.0,5.0
terrads_5114221449b3,Zenodo/TerraDS,iac_benchmark/scenarios/terrads_5114221449b3,True,True,0,0,0,0,0,,,,,436.0,2943.0,17.0,10.0,5.0
terrads_bf7e6364d218,Zenodo/TerraDS,iac_benchmark/scenarios/terrads_bf7e6364d218,True,True,0,0,0,0,0,,,,,1025.0,7691.0,16.0,36.0,5.0
terrads_0b69cb57a8f0,Zenodo/TerraDS,iac_benchmark/scenarios/terrads_0b69cb57a8f0,True,True,0,0,0,0,0,,,,,568.0,4014.0,48.0,19.0,5.0
terrads_efd6ed4ee2ce,Zenodo/TerraDS,iac_benchmark/scenarios/terrads_efd6ed4ee2ce,True,True,0,0,0,0,0,,,,,839.0,7124.0,57.0,10.0,5.0
terrads_009fb9d597e6,Zenodo/TerraDS,iac_benchmark/scenarios/terrads_009fb9d597e6,True,True,0,0,0,0,0,,,,,907.0,6654.0,12.0,33.0,5.0
terrads_1a0bb9624e0b,Zenodo/TerraDS,iac_benchmark/scenarios/terrads_1a0bb9624e0b,True,True,0,0,0,0,0,,,,,407.0,2947.0,30.0,15.0,5.0
terrads_8b70bd4ddfff,Zenodo/TerraDS,iac_benchmark/scenarios/terrads_8b70bd4ddfff,True,True,0,0,0,0,0,,,,,755.0,5829.0,52.0,4.0,5.0
terrads_f867b2498254,Zenodo/TerraDS,iac_benchmark/scenarios/terrads_f867b2498254,True,True,0,0,0,0,0,,,,,609.0,4631.0,14.0,19.0,5.0
terrads_e9478acb1895,Zenodo/TerraDS,iac_benchmark/scenarios/terrads_e9478acb1895,True,True,0,0,0,0,0,,,,,1262.0,7794.0,45.0,4.0,5.0
terrads_08456e1ba3cd,Zenodo/TerraDS,iac_benchmark/scenarios/terrads_08456e1ba3cd,True,True,0,0,0,0,0,,,,,728.0,5804.0,53.0,3.0,5.0
terrads_bb7f7b909024,Zenodo/TerraDS,iac_benchmark/scenarios/terrads_bb7f7b909024,True,True,0,0,0,0,0,,,,,448.0,4941.0,20.0,17.0,5.0
terrads_ed6a0b1047d5,Zenodo/TerraDS,iac_benchmark/scenarios/terrads_ed6a0b1047d5,True,True,0,0,0,0,0,,,,,449.0,3231.0,21.0,10.0,5.0
terrads_ec6863b4e4b4,Zenodo/TerraDS,iac_benchmark/scenarios/terrads_ec6863b4e4b4,True,True,0,0,0,0,0,,,,,443.0,3282.0,33.0,4.0,5.0
terrads_f1231d72b3a5,Zenodo/TerraDS,iac_benchmark/scenarios/terrads_f1231d72b3a5,True,True,0,0,0,0,0,,,,,1007.0,6456.0,42.0,12.0,5.0
terrads_eced7368ea4b,Zenodo/TerraDS,iac_benchmark/scenarios/terrads_eced7368ea4b,True,True,0,0,0,0,0,,,,,964.0,7953.0,14.0,72.0,5.0
terrads_3e46e2490e54,Zenodo/TerraDS,iac_benchmark/scenarios/terrads_3e46e2490e54,True,True,0,0,0,0,0,,,,,1145.0,7560.0,66.0,37.0,5.0
terrads_563e24dfe498,Zenodo/TerraDS,iac_benchmark/scenarios/terrads_563e24dfe498,True,True,0,0,0,0,0,,,,,563.0,3990.0,34.0,12.0,5.0
terrads_3fdee6f7c2d7,Zenodo/TerraDS,iac_benchmark/scenarios/terrads_3fdee6f7c2d7,True,True,0,0,0,0,0,,,,,506.0,3224.0,21.0,17.0,5.0
terrads_9d07fd6a57c4,Zenodo/TerraDS,iac_benchmark/scenarios/terrads_9d07fd6a57c4,True,True,0,0,0,0,0,,,,,539.0,3691.0,20.0,0.0,5.0
terrads_2212c1e53d20,Zenodo/TerraDS,iac_benchmark/scenarios/terrads_2212c1e53d20,True,True,0,0,0,0,0,,,,,456.0,3087.0,33.0,0.0,5.0
terrads_5919629110f3,Zenodo/TerraDS,iac_benchmark/scenarios/terrads_5919629110f3,True,True,0,0,0,0,0,,,,,745.0,4448.0,22.0,24.0,5.0
terrads_b937c8e42ebf,Zenodo/TerraDS,iac_benchmark/scenarios/terrads_b937c8e42ebf,True,True,0,0,0,0,0,,,,,1004.0,7770.0,35.0,37.0,5.0
terrads_28c93567a32b,Zenodo/TerraDS,iac_benchmark/scenarios/terrads_28c93567a32b,True,True,0,0,0,0,0,,,,,477.0,3685.0,33.0,0.0,5.0
gh_771aa725,Tianyi2/IRIS,iac_benchmark/scenarios/gh_771aa725,True,True,0,0,0,0,0,,,,,1120.0,7894.0,19.0,16.0,5.0
terrads_06a476a3d1a5,Zenodo/TerraDS,iac_benchmark/scenarios/terrads_06a476a3d1a5,True,True,0,0,0,0,0,,,,,433.0,3081.0,32.0,8.0,5.0
terrads_3dccd6b7fce4,Zenodo/TerraDS,iac_benchmark/scenarios/terrads_3dccd6b7fce4,True,True,0,0,0,0,0,,,,,441.0,2876.0,19.0,2.0,5.0
terrads_f495522033f4,Zenodo/TerraDS,iac_benchmark/scenarios/terrads_f495522033f4,True,True,0,0,0,0,0,,,,,508.0,3249.0,20.0,12.0,5.0
terrads_7fa4c9a68077,Zenodo/TerraDS,iac_benchmark/scenarios/terrads_7fa4c9a68077,True,True,0,0,0,0,0,,,,,422.0,2426.0,12.0,8.0,5.0
terrads_832b417f5082,Zenodo/TerraDS,iac_benchmark/scenarios/terrads_832b417f5082,True,True,0,0,0,0,0,,,,,734.0,4903.0,25.0,1.0,5.0
terrads_a598425c4344,Zenodo/TerraDS,iac_benchmark/scenarios/terrads_a598425c4344,True,True,0,0,0,0,0,,,,,493.0,3238.0,23.0,6.0,5.0
terrads_d472c8f1767c,Zenodo/TerraDS,iac_benchmark/scenarios/terrads_d472c8f1767c,True,True,0,0,0,0,0,,,,,591.0,3851.0,33.0,6.0,5.0
gh_59f612a4,antonputra/tutorials,iac_benchmark/scenarios/gh_59f612a4,True,True,0,0,0,0,0,,,,,563.0,3915.0,35.0,0.0,5.0
terrads_7211f8655e6c,Zenodo/TerraDS,iac_benchmark/scenarios/terrads_7211f8655e6c,True,True,0,0,0,0,0,,,,,438.0,2818.0,18.0,11.0,5.0
terrads_72a8c83f44ba,Zenodo/TerraDS,iac_benchmark/scenarios/terrads_72a8c83f44ba,True,True,0,0,0,0,0,,,,,639.0,4775.0,36.0,15.0,5.0
terrads_da4e131fc23b,Zenodo/TerraDS,iac_benchmark/scenarios/terrads_da4e131fc23b,True,True,0,0,0,0,0,,,,,489.0,3632.0,25.0,0.0,5.0
terrads_fbaa70429c01,Zenodo/TerraDS,iac_benchmark/scenarios/terrads_fbaa70429c01,True,True,0,0,0,0,0,,,,,432.0,3910.0,17.0,8.0,5.0
terrads_b117f7adb2ae,Zenodo/TerraDS,iac_benchmark/scenarios/terrads_b117f7adb2ae,True,True,0,0,0,0,0,,,,,471.0,2712.0,15.0,34.0,5.0
terrads_2ddf1cb78feb,Zenodo/TerraDS,iac_benchmark/scenarios/terrads_2ddf1cb78feb,True,True,0,0,0,0,0,,,,,503.0,3361.0,27.0,3.0,5.0
terrads_1edc7e6dbdb6,Zenodo/TerraDS,iac_benchmark/scenarios/terrads_1edc7e6dbdb6,True,True,0,0,0,0,0,,,,,450.0,2802.0,22.0,9.0,5.0
terrads_e224a16281dc,Zenodo/TerraDS,iac_benchmark/scenarios/terrads_e224a16281dc,True,True,0,0,0,0,0,,,,,565.0,4001.0,25.0,1.0,5.0
terrads_5bae40b69fbc,Zenodo/TerraDS,iac_benchmark/scenarios/terrads_5bae40b69fbc,True,True,0,0,0,0,0,,,,,731.0,4810.0,53.0,13.0,5.0
terrads_4fddc349af4d,Zenodo/TerraDS,iac_benchmark/scenarios/terrads_4fddc349af4d,True,True,0,0,0,0,0,,,,,882.0,5916.0,29.0,31.0,5.0
terrads_6c872c90305f,Zenodo/TerraDS,iac_benchmark/scenarios/terrads_6c872c90305f,True,True,0,0,0,0,0,,,,,648.0,4116.0,27.0,0.0,5.0
terrads_4c4851e8718a,Zenodo/TerraDS,iac_benchmark/scenarios/terrads_4c4851e8718a,True,True,0,0,0,0,0,,,,,817.0,5410.0,59.0,28.0,5.0
terrads_9b743ed3611b,Zenodo/TerraDS,iac_benchmark/scenarios/terrads_9b743ed3611b,True,True,0,0,0,0,0,,,,,655.0,4679.0,27.0,11.0,5.0
terrads_e627349f7438,Zenodo/TerraDS,iac_benchmark/scenarios/terrads_e627349f7438,True,True,0,0,0,0,0,,,,,471.0,2944.0,36.0,0.0,5.0
terrads_691e9f832bd5,Zenodo/TerraDS,iac_benchmark/scenarios/terrads_691e9f832bd5,True,True,0,0,0,0,0,,,,,496.0,3403.0,29.0,14.0,5.0
terrads_7f8dc4f763cf,Zenodo/TerraDS,iac_benchmark/scenarios/terrads_7f8dc4f763cf,True,True,0,0,0,0,0,,,,,882.0,5914.0,31.0,31.0,5.0
terrads_787bbeb6de8f,Zenodo/TerraDS,iac_benchmark/scenarios/terrads_787bbeb6de8f,True,True,0,0,0,0,0,,,,,882.0,5914.0,31.0,31.0,5.0
terrads_5aaf4e5392d4,Zenodo/TerraDS,iac_benchmark/scenarios/terrads_5aaf4e5392d4,True,True,0,0,0,0,0,,,,,404.0,2349.0,22.0,7.0,5.0
terrads_39c90624ffed,Zenodo/TerraDS,iac_benchmark/scenarios/terrads_39c90624ffed,True,True,0,0,0,0,0,,,,,849.0,6074.0,12.0,47.0,5.0
terrads_61c9ade7c575,Zenodo/TerraDS,iac_benchmark/scenarios/terrads_61c9ade7c575,True,True,0,0,0,0,0,,,,,752.0,5603.0,36.0,12.0,5.0
terrads_2461a9b5a975,Zenodo/TerraDS,iac_benchmark/scenarios/terrads_2461a9b5a975,True,True,0,0,0,0,0,,,,,415.0,2637.0,33.0,4.0,5.0
terrads_62dd114fbb9d,Zenodo/TerraDS,iac_benchmark/scenarios/terrads_62dd114fbb9d,True,True,0,0,0,0,0,,,,,769.0,4656.0,23.0,23.0,5.0
terrads_bae99a8a71b2,Zenodo/TerraDS,iac_benchmark/scenarios/terrads_bae99a8a71b2,True,True,0,0,0,0,0,,,,,585.0,4405.0,34.0,7.0,5.0
terrads_0642fe859e30,Zenodo/TerraDS,iac_benchmark/scenarios/terrads_0642fe859e30,True,True,0,0,0,0,0,,,,,489.0,3746.0,21.0,1.0,5.0
terrads_d24d30e98450,Zenodo/TerraDS,iac_benchmark/scenarios/terrads_d24d30e98450,True,True,0,0,0,0,0,,,,,458.0,2984.0,19.0,5.0,5.0
terrads_94ec6f4d58e8,Zenodo/TerraDS,iac_benchmark/scenarios/terrads_94ec6f4d58e8,True,True,0,0,0,0,0,,,,,456.0,3087.0,33.0,0.0,5.0
terrads_be5d9e376e58,Zenodo/TerraDS,iac_benchmark/scenarios/terrads_be5d9e376e58,True,True,0,0,0,0,0,,,,,843.0,6361.0,23.0,42.0,5.0
terrads_cbe9796b262f,Zenodo/TerraDS,iac_benchmark/scenarios/terrads_cbe9796b262f,True,True,0,0,0,0,0,,,,,512.0,3678.0,23.0,6.0,5.0
terrads_a8ea8d7d7eea,Zenodo/TerraDS,iac_benchmark/scenarios/terrads_a8ea8d7d7eea,True,True,0,0,0,0,0,,,,,575.0,3572.0,35.0,1.0,5.0
terrads_47cb40e31572,Zenodo/TerraDS,iac_benchmark/scenarios/terrads_47cb40e31572,True,True,0,0,0,0,0,,,,,774.0,5460.0,39.0,25.0,5.0
terrads_3d7c890cfb50,Zenodo/TerraDS,iac_benchmark/scenarios/terrads_3d7c890cfb50,True,True,0,0,0,0,0,,,,,480.0,3837.0,31.0,8.0,5.0
terrads_606fa0cca328,Zenodo/TerraDS,iac_benchmark/scenarios/terrads_606fa0cca328,True,True,0,0,0,0,0,,,,,610.0,4023.0,35.0,0.0,5.0
terrads_281979a3b486,Zenodo/TerraDS,iac_benchmark/scenarios/terrads_281979a3b486,True,True,0,0,0,0,0,,,,,535.0,4421.0,29.0,12.0,5.0
terrads_4a5cd600289a,Zenodo/TerraDS,iac_benchmark/scenarios/terrads_4a5cd600289a,True,True,0,0,0,0,0,,,,,452.0,3046.0,28.0,2.0,5.0
terrads_7f9975d827a0,Zenodo/TerraDS,iac_benchmark/scenarios/terrads_7f9975d827a0,True,True,0,0,0,0,0,,,,,400.0,2849.0,15.0,12.0,5.0
terrads_cccee22c0f5a,Zenodo/TerraDS,iac_benchmark/scenarios/terrads_cccee22c0f5a,True,True,0,0,0,0,0,,,,,804.0,5161.0,40.0,19.0,5.0
terrads_8afd7aabefe9,Zenodo/TerraDS,iac_benchmark/scenarios/terrads_8afd7aabefe9,True,True,0,0,0,0,0,,,,,566.0,3784.0,24.0,23.0,5.0
terrads_4ff46bbd1e7b,Zenodo/TerraDS,iac_benchmark/scenarios/terrads_4ff46bbd1e7b,True,True,0,0,0,0,0,,,,,828.0,5483.0,23.0,31.0,5.0
terrads_7519914c9060,Zenodo/TerraDS,iac_benchmark/scenarios/terrads_7519914c9060,True,True,0,0,0,0,0,,,,,828.0,6260.0,32.0,23.0,5.0
terrads_a247c9e4a934,Zenodo/TerraDS,iac_benchmark/scenarios/terrads_a247c9e4a934,True,True,0,0,0,0,0,,,,,697.0,3911.0,27.0,14.0,5.0
terrads_c95cd7c4e686,Zenodo/TerraDS,iac_benchmark/scenarios/terrads_c95cd7c4e686,True,True,0,0,0,0,0,,,,,744.0,5623.0,15.0,23.0,5.0
terrads_a2da364ac280,Zenodo/TerraDS,iac_benchmark/scenarios/terrads_a2da364ac280,True,True,0,0,0,0,0,,,,,435.0,3000.0,19.0,30.0,5.0
terrads_7db4da884ebf,Zenodo/TerraDS,iac_benchmark/scenarios/terrads_7db4da884ebf,True,True,0,0,0,0,0,,,,,674.0,4774.0,32.0,18.0,5.0
terrads_c0b9c08b4f2f,Zenodo/TerraDS,iac_benchmark/scenarios/terrads_c0b9c08b4f2f,True,True,0,0,0,0,0,,,,,796.0,5055.0,34.0,36.0,5.0
terrads_b8bdc985596b,Zenodo/TerraDS,iac_benchmark/scenarios/terrads_b8bdc985596b,True,True,0,0,0,0,0,,,,,494.0,3735.0,39.0,4.0,5.0
terrads_bd1a6384bbbb,Zenodo/TerraDS,iac_benchmark/scenarios/terrads_bd1a6384bbbb,True,True,0,0,0,0,0,,,,,728.0,4893.0,25.0,1.0,5.0
terrads_ff09b2ba5183,Zenodo/TerraDS,iac_benchmark/scenarios/terrads_ff09b2ba5183,True,True,0,0,0,0,0,,,,,481.0,2825.0,22.0,7.0,5.0
terrads_c4d4b2b3cb00,Zenodo/TerraDS,iac_benchmark/scenarios/terrads_c4d4b2b3cb00,True,True,0,0,0,0,0,,,,,541.0,3526.0,24.0,16.0,5.0
terrads_e6b92f5fc440,Zenodo/TerraDS,iac_benchmark/scenarios/terrads_e6b92f5fc440,True,True,0,0,0,0,0,,,,,444.0,2877.0,19.0,2.0,5.0
terrads_906d98b6a449,Zenodo/TerraDS,iac_benchmark/scenarios/terrads_906d98b6a449,True,True,0,0,0,0,0,,,,,512.0,3096.0,23.0,2.0,5.0
terrads_39aed0d383cb,Zenodo/TerraDS,iac_benchmark/scenarios/terrads_39aed0d383cb,True,True,0,0,0,0,0,,,,,582.0,3648.0,23.0,34.0,5.0
terrads_b5436e0c199c,Zenodo/TerraDS,iac_benchmark/scenarios/terrads_b5436e0c199c,True,True,0,0,0,0,0,,,,,732.0,4903.0,25.0,1.0,5.0
terrads_50874534c0c5,Zenodo/TerraDS,iac_benchmark/scenarios/terrads_50874534c0c5,True,True,0,0,0,0,0,,,,,1061.0,6666.0,45.0,14.0,5.0
terrads_8099c71a0b0b,Zenodo/TerraDS,iac_benchmark/scenarios/terrads_8099c71a0b0b,True,True,0,0,0,0,0,,,,,457.0,3209.0,26.0,33.0,5.0
terrads_5c4370f52211,Zenodo/TerraDS,iac_benchmark/scenarios/terrads_5c4370f52211,True,True,0,0,0,0,0,,,,,1085.0,7833.0,65.0,9.0,5.0
terrads_f7c0ff415d08,Zenodo/TerraDS,iac_benchmark/scenarios/terrads_f7c0ff415d08,True,True,0,0,0,0,0,,,,,1075.0,7662.0,64.0,26.0,5.0
terrads_e1d3edf4ebc6,Zenodo/TerraDS,iac_benchmark/scenarios/terrads_e1d3edf4ebc6,True,True,0,0,0,0,0,,,,,781.0,5821.0,47.0,15.0,5.0
terrads_0f18ca8d4f82,Zenodo/TerraDS,iac_benchmark/scenarios/terrads_0f18ca8d4f82,True,True,0,0,0,0,0,,,,,730.0,4167.0,21.0,27.0,5.0
gh_1cbce2ac,Tianyi2/IRIS,iac_benchmark/scenarios/gh_1cbce2ac,True,True,0,0,0,0,0,,,,,513.0,3560.0,13.0,13.0,5.0
terrads_5b092ade469c,Zenodo/TerraDS,iac_benchmark/scenarios/terrads_5b092ade469c,True,True,0,0,0,0,0,,,,,1095.0,7924.0,17.0,74.0,5.0
terrads_ddba7ce99d9b,Zenodo/TerraDS,iac_benchmark/scenarios/terrads_ddba7ce99d9b,True,True,0,0,0,0,0,,,,,423.0,2515.0,16.0,11.0,5.0
terrads_3c9c0f9955cf,Zenodo/TerraDS,iac_benchmark/scenarios/terrads_3c9c0f9955cf,True,True,0,0,0,0,0,,,,,1188.0,7706.0,39.0,16.0,5.0
terrads_40b2e939092f,Zenodo/TerraDS,iac_benchmark/scenarios/terrads_40b2e939092f,True,True,0,0,0,0,0,,,,,433.0,2656.0,13.0,14.0,5.0
terrads_927826e6ab57,Zenodo/TerraDS,iac_benchmark/scenarios/terrads_927826e6ab57,True,True,0,0,0,0,0,,,,,950.0,6970.0,40.0,16.0,5.0
terrads_250c4998e3e5,Zenodo/TerraDS,iac_benchmark/scenarios/terrads_250c4998e3e5,True,True,0,0,0,0,0,,,,,661.0,4702.0,22.0,31.0,5.0
terrads_888187d603aa,Zenodo/TerraDS,iac_benchmark/scenarios/terrads_888187d603aa,True,True,0,0,0,0,0,,,,,598.0,4802.0,25.0,11.0,5.0
terrads_79a7ef6db6bf,Zenodo/TerraDS,iac_benchmark/scenarios/terrads_79a7ef6db6bf,True,True,0,0,0,0,0,,,,,489.0,3120.0,26.0,11.0,5.0
terrads_9db354f8baad,Zenodo/TerraDS,iac_benchmark/scenarios/terrads_9db354f8baad,True,True,0,0,0,0,0,,,,,542.0,3874.0,17.0,29.0,5.0
terrads_4befb511a4e8,Zenodo/TerraDS,iac_benchmark/scenarios/terrads_4befb511a4e8,True,True,0,0,0,0,0,,,,,741.0,6147.0,13.0,34.0,5.0
gh_72614b2e,Tianyi2/IRIS,iac_benchmark/scenarios/gh_72614b2e,True,True,0,0,0,0,0,,,,,779.0,5985.0,25.0,17.0,5.0
terrads_3a5ba25e3295,Zenodo/TerraDS,iac_benchmark/scenarios/terrads_3a5ba25e3295,True,True,0,0,0,0,0,,,,,412.0,2535.0,27.0,0.0,5.0
terrads_c00a92a4adb6,Zenodo/TerraDS,iac_benchmark/scenarios/terrads_c00a92a4adb6,True,True,0,0,0,0,0,,,,,734.0,4903.0,25.0,1.0,5.0
terrads_641d61421164,Zenodo/TerraDS,iac_benchmark/scenarios/terrads_641d61421164,True,True,0,0,0,0,0,,,,,449.0,3261.0,26.0,5.0,5.0
terrads_a8bb01b0064f,Zenodo/TerraDS,iac_benchmark/scenarios/terrads_a8bb01b0064f,True,True,0,0,0,0,0,,,,,563.0,4783.0,37.0,8.0,5.0
terrads_26364b14f599,Zenodo/TerraDS,iac_benchmark/scenarios/terrads_26364b14f599,True,True,0,0,0,0,0,,,,,805.0,5226.0,20.0,2.0,5.0
terrads_5ebaa2d2b591,Zenodo/TerraDS,iac_benchmark/scenarios/terrads_5ebaa2d2b591,True,True,0,0,0,0,0,,,,,560.0,3037.0,18.0,10.0,5.0
terrads_051b0c35ca11,Zenodo/TerraDS,iac_benchmark/scenarios/terrads_051b0c35ca11,True,True,0,0,0,0,0,,,,,882.0,5914.0,31.0,31.0,5.0
terrads_3fdbf372f2d1,Zenodo/TerraDS,iac_benchmark/scenarios/terrads_3fdbf372f2d1,True,True,0,0,0,0,0,,,,,600.0,4976.0,25.0,18.0,5.0
terrads_2a6c7b1ce68c,Zenodo/TerraDS,iac_benchmark/scenarios/terrads_2a6c7b1ce68c,True,True,0,0,0,0,0,,,,,457.0,3209.0,26.0,33.0,5.0
terrads_44f0eac1785e,Zenodo/TerraDS,iac_benchmark/scenarios/terrads_44f0eac1785e,True,True,0,0,0,0,0,,,,,768.0,5420.0,35.0,3.0,5.0
terrads_cb42037590a5,Zenodo/TerraDS,iac_benchmark/scenarios/terrads_cb42037590a5,True,True,0,0,0,0,0,,,,,991.0,7992.0,15.0,75.0,5.0
terrads_2dd3de5625fd,Zenodo/TerraDS,iac_benchmark/scenarios/terrads_2dd3de5625fd,True,True,0,0,0,0,0,,,,,441.0,2876.0,19.0,2.0,5.0
terrads_bcca32bd064b,Zenodo/TerraDS,iac_benchmark/scenarios/terrads_bcca32bd064b,True,True,0,0,0,0,0,,,,,542.0,3930.0,31.0,10.0,5.0
terrads_7f626363a665,Zenodo/TerraDS,iac_benchmark/scenarios/terrads_7f626363a665,True,True,0,0,0,0,0,,,,,828.0,6268.0,32.0,23.0,5.0
terrads_32fa8bdadd25,Zenodo/TerraDS,iac_benchmark/scenarios/terrads_32fa8bdadd25,True,True,0,0,0,0,0,,,,,476.0,3452.0,22.0,18.0,5.0
terrads_982f161745d4,Zenodo/TerraDS,iac_benchmark/scenarios/terrads_982f161745d4,True,True,0,0,0,0,0,,,,,673.0,4101.0,25.0,15.0,5.0
terrads_d30ea7b128e0,Zenodo/TerraDS,iac_benchmark/scenarios/terrads_d30ea7b128e0,True,True,0,0,0,0,0,,,,,514.0,3035.0,14.0,20.0,5.0
terrads_0f5c59eaca0a,Zenodo/TerraDS,iac_benchmark/scenarios/terrads_0f5c59eaca0a,True,True,0,0,0,0,0,,,,,742.0,5019.0,26.0,1.0,5.0
terrads_530ecee61011,Zenodo/TerraDS,iac_benchmark/scenarios/terrads_530ecee61011,True,True,0,0,0,0,0,,,,,417.0,2849.0,25.0,9.0,5.0
terrads_6a5fc2e61770,Zenodo/TerraDS,iac_benchmark/scenarios/terrads_6a5fc2e61770,True,True,0,0,0,0,0,,,,,699.0,4631.0,21.0,4.0,5.0
terrads_ec9d1074c482,Zenodo/TerraDS,iac_benchmark/scenarios/terrads_ec9d1074c482,True,True,0,0,0,0,0,,,,,650.0,4331.0,33.0,26.0,5.0
gh_fbc46002,Tianyi2/IRIS,iac_benchmark/scenarios/gh_fbc46002,True,True,0,0,0,0,0,,,,,763.0,6245.0,36.0,6.0,5.0
terrads_e5d449b5c1f1,Zenodo/TerraDS,iac_benchmark/scenarios/terrads_e5d449b5c1f1,True,True,0,0,0,0,0,,,,,779.0,5530.0,46.0,12.0,5.0
terrads_d46bfa1ceae8,Zenodo/TerraDS,iac_benchmark/scenarios/terrads_d46bfa1ceae8,True,True,0,0,0,0,0,,,,,540.0,3525.0,25.0,16.0,5.0
terrads_9d950054715d,Zenodo/TerraDS,iac_benchmark/scenarios/terrads_9d950054715d,True,True,0,0,0,0,0,,,,,675.0,5341.0,13.0,5.0,5.0
terrads_dc36bf56d575,Zenodo/TerraDS,iac_benchmark/scenarios/terrads_dc36bf56d575,True,True,0,0,0,0,0,,,,,734.0,4903.0,25.0,1.0,5.0
terrads_5dde42df84e4,Zenodo/TerraDS,iac_benchmark/scenarios/terrads_5dde42df84e4,True,True,0,0,0,0,0,,,,,541.0,3526.0,24.0,16.0,5.0
gh_4e65e6fe,antonputra/tutorials,iac_benchmark/scenarios/gh_4e65e6fe,True,True,0,0,0,0,0,,,,,959.0,6937.0,46.0,0.0,5.0
terrads_67b6cccd92a3,Zenodo/TerraDS,iac_benchmark/scenarios/terrads_67b6cccd92a3,True,True,0,0,0,0,0,,,,,873.0,6690.0,37.0,14.0,5.0
terrads_c7033a2f1a31,Zenodo/TerraDS,iac_benchmark/scenarios/terrads_c7033a2f1a31,True,True,0,0,0,0,0,,,,,642.0,5092.0,23.0,11.0,5.0
terrads_1fafc75bb2f9,Zenodo/TerraDS,iac_benchmark/scenarios/terrads_1fafc75bb2f9,True,True,0,0,0,0,0,,,,,903.0,6570.0,21.0,24.0,5.0
terrads_7eae70d80c0a,Zenodo/TerraDS,iac_benchmark/scenarios/terrads_7eae70d80c0a,True,True,0,0,0,0,0,,,,,442.0,2595.0,28.0,5.0,5.0
terrads_c4f43dd41bb6,Zenodo/TerraDS,iac_benchmark/scenarios/terrads_c4f43dd41bb6,True,True,0,0,0,0,0,,,,,519.0,3489.0,21.0,22.0,5.0
terrads_3d7da64443f7,Zenodo/TerraDS,iac_benchmark/scenarios/terrads_3d7da64443f7,True,True,0,0,0,0,0,,,,,740.0,6831.0,48.0,23.0,5.0
terrads_8dea8d0cd527,Zenodo/TerraDS,iac_benchmark/scenarios/terrads_8dea8d0cd527,True,True,0,0,0,0,0,,,,,544.0,3387.0,15.0,42.0,5.0
terrads_17fa718cd77c,Zenodo/TerraDS,iac_benchmark/scenarios/terrads_17fa718cd77c,True,True,0,0,0,0,0,,,,,457.0,3209.0,26.0,33.0,5.0
terrads_9eebe8213f28,Zenodo/TerraDS,iac_benchmark/scenarios/terrads_9eebe8213f28,True,True,0,0,0,0,0,,,,,541.0,3526.0,24.0,16.0,5.0
terrads_31985c548ba4,Zenodo/TerraDS,iac_benchmark/scenarios/terrads_31985c548ba4,True,True,0,0,0,0,0,,,,,636.0,4380.0,36.0,38.0,5.0
terrads_3a38195b02c1,Zenodo/TerraDS,iac_benchmark/scenarios/terrads_3a38195b02c1,True,True,0,0,0,0,0,,,,,810.0,5372.0,25.0,51.0,5.0
terrads_c58a06147405,Zenodo/TerraDS,iac_benchmark/scenarios/terrads_c58a06147405,True,True,0,0,0,0,0,,,,,758.0,5699.0,14.0,43.0,5.0
terrads_359cd32c93ab,Zenodo/TerraDS,iac_benchmark/scenarios/terrads_359cd32c93ab,True,True,0,0,0,0,0,,,,,1011.0,6504.0,32.0,38.0,5.0
terrads_f3fe88ed8546,Zenodo/TerraDS,iac_benchmark/scenarios/terrads_f3fe88ed8546,True,True,0,0,0,0,0,,,,,540.0,3525.0,25.0,16.0,5.0
terrads_3c55dc67fc55,Zenodo/TerraDS,iac_benchmark/scenarios/terrads_3c55dc67fc55,True,True,0,0,0,0,0,,,,,475.0,3450.0,31.0,5.0,5.0
terrads_8d1d48660c6c,Zenodo/TerraDS,iac_benchmark/scenarios/terrads_8d1d48660c6c,True,True,0,0,0,0,0,,,,,521.0,4429.0,19.0,23.0,5.0
terrads_c406c33bb154,Zenodo/TerraDS,iac_benchmark/scenarios/terrads_c406c33bb154,True,True,0,0,0,0,0,,,,,587.0,3902.0,25.0,21.0,5.0
terrads_7025ca82685a,Zenodo/TerraDS,iac_benchmark/scenarios/terrads_7025ca82685a,True,True,0,0,0,0,0,,,,,707.0,4527.0,48.0,0.0,5.0
terrads_c9c80a9ae2ec,Zenodo/TerraDS,iac_benchmark/scenarios/terrads_c9c80a9ae2ec,True,True,0,0,0,0,0,,,,,567.0,3342.0,26.0,2.0,5.0
terrads_97f3b1cc8637,Zenodo/TerraDS,iac_benchmark/scenarios/terrads_97f3b1cc8637,True,True,0,0,0,0,0,,,,,461.0,3570.0,18.0,13.0,5.0
terrads_450e3f362e0e,Zenodo/TerraDS,iac_benchmark/scenarios/terrads_450e3f362e0e,True,True,0,0,0,0,0,,,,,457.0,3209.0,26.0,33.0,5.0
terrads_47d9173f494f,Zenodo/TerraDS,iac_benchmark/scenarios/terrads_47d9173f494f,True,True,0,0,0,0,0,,,,,412.0,2967.0,25.0,8.0,5.0
terrads_320f5b695244,Zenodo/TerraDS,iac_benchmark/scenarios/terrads_320f5b695244,True,True,0,0,0,0,0,,,,,696.0,4345.0,26.0,5.0,5.0
terrads_dc3ea6b7529a,Zenodo/TerraDS,iac_benchmark/scenarios/terrads_dc3ea6b7529a,True,True,0,0,0,0,0,,,,,805.0,5306.0,20.0,6.0,5.0
terrads_83082083a254,Zenodo/TerraDS,iac_benchmark/scenarios/terrads_83082083a254,True,True,0,0,0,0,0,,,,,445.0,2862.0,25.0,5.0,5.0
gh_3ecad8cb,antonputra/tutorials,iac_benchmark/scenarios/gh_3ecad8cb,True,True,0,0,0,0,0,,,,,443.0,2946.0,29.0,1.0,5.0
terrads_3e858e2a3651,Zenodo/TerraDS,iac_benchmark/scenarios/terrads_3e858e2a3651,True,True,0,0,0,0,0,,,,,437.0,3057.0,30.0,6.0,5.0
terrads_73f9e86c6f8a,Zenodo/TerraDS,iac_benchmark/scenarios/terrads_73f9e86c6f8a,True,True,0,0,0,0,0,,,,,441.0,2876.0,19.0,2.0,5.0
terrads_e8cbe1279f35,Zenodo/TerraDS,iac_benchmark/scenarios/terrads_e8cbe1279f35,True,True,0,0,0,0,0,,,,,504.0,3124.0,25.0,25.0,5.0
terrads_d2eff66b5223,Zenodo/TerraDS,iac_benchmark/scenarios/terrads_d2eff66b5223,True,True,0,0,0,0,0,,,,,610.0,4189.0,17.0,14.0,5.0
terrads_79f8ca2239ac,Zenodo/TerraDS,iac_benchmark/scenarios/terrads_79f8ca2239ac,True,True,0,0,0,0,0,,,,,729.0,4903.0,25.0,1.0,5.0
terrads_9e4a27b56cb5,Zenodo/TerraDS,iac_benchmark/scenarios/terrads_9e4a27b56cb5,True,True,0,0,0,0,0,,,,,568.0,4768.0,19.0,8.0,5.0
terrads_47117eb0fd8f,Zenodo/TerraDS,iac_benchmark/scenarios/terrads_47117eb0fd8f,True,True,0,0,0,0,0,,,,,444.0,2877.0,19.0,2.0,5.0
terrads_b1050690ca1f,Zenodo/TerraDS,iac_benchmark/scenarios/terrads_b1050690ca1f,True,True,0,0,0,0,0,,,,,935.0,6409.0,25.0,15.0,5.0
terrads_89cecfaa2caf,Zenodo/TerraDS,iac_benchmark/scenarios/terrads_89cecfaa2caf,True,True,0,0,0,0,0,,,,,830.0,6882.0,36.0,33.0,5.0
terrads_708ee5c38712,Zenodo/TerraDS,iac_benchmark/scenarios/terrads_708ee5c38712,True,True,0,0,0,0,0,,,,,542.0,3229.0,16.0,11.0,5.0
terrads_09c269228c87,Zenodo/TerraDS,iac_benchmark/scenarios/terrads_09c269228c87,True,True,0,0,0,0,0,,,,,411.0,2982.0,23.0,2.0,5.0
terrads_483dba3d810b,Zenodo/TerraDS,iac_benchmark/scenarios/terrads_483dba3d810b,True,True,0,0,0,0,0,,,,,477.0,3523.0,16.0,11.0,5.0
terrads_8acf56087877,Zenodo/TerraDS,iac_benchmark/scenarios/terrads_8acf56087877,True,True,0,0,0,0,0,,,,,605.0,4728.0,25.0,28.0,5.0
terrads_ff195cad4ade,Zenodo/TerraDS,iac_benchmark/scenarios/terrads_ff195cad4ade,True,True,0,0,0,0,0,,,,,493.0,3707.0,16.0,21.0,5.0
terrads_b48f0a011d70,Zenodo/TerraDS,iac_benchmark/scenarios/terrads_b48f0a011d70,True,True,0,0,0,0,0,,,,,796.0,5931.0,12.0,13.0,5.0
terrads_7b59cb446437,Zenodo/TerraDS,iac_benchmark/scenarios/terrads_7b59cb446437,True,True,0,0,0,0,0,,,,,409.0,3270.0,17.0,26.0,5.0
terrads_d98d3879669e,Zenodo/TerraDS,iac_benchmark/scenarios/terrads_d98d3879669e,True,True,0,0,0,0,0,,,,,873.0,5631.0,48.0,9.0,5.0
gh_b9461ba5,Tianyi2/IRIS,iac_benchmark/scenarios/gh_b9461ba5,True,True,0,0,0,0,0,,,,,425.0,2732.0,26.0,0.0,5.0
terrads_b9b160fa8f27,Zenodo/TerraDS,iac_benchmark/scenarios/terrads_b9b160fa8f27,True,True,0,0,0,0,0,,,,,452.0,2534.0,12.0,0.0,5.0
terrads_6b5f085e5567,Zenodo/TerraDS,iac_benchmark/scenarios/terrads_6b5f085e5567,True,True,0,0,0,0,0,,,,,434.0,3070.0,28.0,11.0,5.0
terrads_0fba532d9cf2,Zenodo/TerraDS,iac_benchmark/scenarios/terrads_0fba532d9cf2,True,True,0,0,0,0,0,,,,,712.0,4245.0,19.0,25.0,5.0
terrads_27fcfcb95acd,Zenodo/TerraDS,iac_benchmark/scenarios/terrads_27fcfcb95acd,True,True,0,0,0,0,0,,,,,539.0,3691.0,20.0,0.0,5.0
terrads_84f64c0c2376,Zenodo/TerraDS,iac_benchmark/scenarios/terrads_84f64c0c2376,True,True,0,0,0,0,0,,,,,924.0,6666.0,14.0,62.0,5.0
terrads_ec5b8d19bdd0,Zenodo/TerraDS,iac_benchmark/scenarios/terrads_ec5b8d19bdd0,True,True,0,0,0,0,0,,,,,402.0,3250.0,28.0,1.0,5.0
terrads_259b893da27f,Zenodo/TerraDS,iac_benchmark/scenarios/terrads_259b893da27f,True,True,0,0,0,0,0,,,,,447.0,3439.0,13.0,28.0,5.0
terrads_25d9f4c29c58,Zenodo/TerraDS,iac_benchmark/scenarios/terrads_25d9f4c29c58,True,True,0,0,0,0,0,,,,,1043.0,6670.0,53.0,21.0,5.0
terrads_7123d13b363d,Zenodo/TerraDS,iac_benchmark/scenarios/terrads_7123d13b363d,True,True,0,0,0,0,0,,,,,457.0,3209.0,26.0,33.0,5.0
terrads_0d7e08892328,Zenodo/TerraDS,iac_benchmark/scenarios/terrads_0d7e08892328,True,True,0,0,0,0,0,,,,,511.0,3827.0,17.0,9.0,5.0
terrads_711bb5ed2859,Zenodo/TerraDS,iac_benchmark/scenarios/terrads_711bb5ed2859,True,True,0,0,0,0,0,,,,,882.0,5914.0,31.0,31.0,5.0
terrads_1a5515ff88c2,Zenodo/TerraDS,iac_benchmark/scenarios/terrads_1a5515ff88c2,True,True,0,0,0,0,0,,,,,495.0,3736.0,16.0,22.0,5.0
terrads_f299fd704a63,Zenodo/TerraDS,iac_benchmark/scenarios/terrads_f299fd704a63,True,True,0,0,0,0,0,,,,,533.0,3662.0,33.0,0.0,5.0
terrads_b86b0244fd6d,Zenodo/TerraDS,iac_benchmark/scenarios/terrads_b86b0244fd6d,True,True,0,0,0,0,0,,,,,518.0,4390.0,13.0,27.0,5.0
terrads_b2d9be604f17,Zenodo/TerraDS,iac_benchmark/scenarios/terrads_b2d9be604f17,True,True,0,0,0,0,0,,,,,421.0,2838.0,29.0,0.0,5.0
terrads_fcba1d1ae421,Zenodo/TerraDS,iac_benchmark/scenarios/terrads_fcba1d1ae421,True,True,0,0,0,0,0,,,,,732.0,4903.0,25.0,1.0,5.0
terrads_ec610e61db0b,Zenodo/TerraDS,iac_benchmark/scenarios/terrads_ec610e61db0b,True,True,0,0,0,0,0,,,,,768.0,6101.0,36.0,6.0,5.0
terrads_d3ebee32ba50,Zenodo/TerraDS,iac_benchmark/scenarios/terrads_d3ebee32ba50,True,True,0,0,0,0,0,,,,,597.0,4714.0,33.0,20.0,5.0
terrads_31db4d2a4f04,Zenodo/TerraDS,iac_benchmark/scenarios/terrads_31db4d2a4f04,True,True,0,0,0,0,0,,,,,513.0,3353.0,29.0,11.0,5.0
terrads_99f59fe484b7,Zenodo/TerraDS,iac_benchmark/scenarios/terrads_99f59fe484b7,True,True,0,0,0,0,0,,,,,492.0,4188.0,20.0,5.0,5.0
terrads_2f8f7ebba821,Zenodo/TerraDS,iac_benchmark/scenarios/terrads_2f8f7ebba821,True,True,0,0,0,0,0,,,,,556.0,3323.0,17.0,32.0,5.0
terrads_138dee36221c,Zenodo/TerraDS,iac_benchmark/scenarios/terrads_138dee36221c,True,True,0,0,0,0,0,,,,,808.0,5126.0,18.0,44.0,5.0
terrads_0a2fad350188,Zenodo/TerraDS,iac_benchmark/scenarios/terrads_0a2fad350188,True,True,0,0,0,0,0,,,,,658.0,4499.0,31.0,18.0,5.0
terrads_b13943300c07,Zenodo/TerraDS,iac_benchmark/scenarios/terrads_b13943300c07,True,True,0,0,0,0,0,,,,,447.0,2368.0,13.0,23.0,5.0
terrads_5a36c7d97543,Zenodo/TerraDS,iac_benchmark/scenarios/terrads_5a36c7d97543,True,True,0,0,0,0,0,,,,,572.0,3798.0,15.0,26.0,5.0
terrads_4c5774322967,Zenodo/TerraDS,iac_benchmark/scenarios/terrads_4c5774322967,True,True,0,0,0,0,0,,,,,473.0,4248.0,29.0,14.0,5.0
terrads_6195f493b6a7,Zenodo/TerraDS,iac_benchmark/scenarios/terrads_6195f493b6a7,True,True,0,0,0,0,0,,,,,882.0,5914.0,31.0,31.0,5.0
terrads_a10d944eabe0,Zenodo/TerraDS,iac_benchmark/scenarios/terrads_a10d944eabe0,True,True,0,0,0,0,0,,,,,615.0,4574.0,53.0,9.0,5.0
terrads_1224fa7746dc,Zenodo/TerraDS,iac_benchmark/scenarios/terrads_1224fa7746dc,True,True,0,0,0,0,0,,,,,457.0,3133.0,23.0,1.0,5.0
terrads_4d2aa409b6dd,Zenodo/TerraDS,iac_benchmark/scenarios/terrads_4d2aa409b6dd,True,True,0,0,0,0,0,,,,,748.0,5997.0,27.0,23.0,5.0
terrads_8fcc7ee18557,Zenodo/TerraDS,iac_benchmark/scenarios/terrads_8fcc7ee18557,True,True,0,0,0,0,0,,,,,445.0,3140.0,24.0,10.0,5.0
terrads_c6dcc9b29983,Zenodo/TerraDS,iac_benchmark/scenarios/terrads_c6dcc9b29983,True,True,0,0,0,0,0,,,,,924.0,6666.0,14.0,62.0,5.0
terrads_6a481aade4fc,Zenodo/TerraDS,iac_benchmark/scenarios/terrads_6a481aade4fc,True,True,0,0,0,0,0,,,,,432.0,2673.0,28.0,0.0,5.0
terrads_5abeda2c7439,Zenodo/TerraDS,iac_benchmark/scenarios/terrads_5abeda2c7439,True,True,0,0,0,0,0,,,,,892.0,5846.0,45.0,24.0,5.0
terrads_a2541ca0c8f9,Zenodo/TerraDS,iac_benchmark/scenarios/terrads_a2541ca0c8f9,True,True,0,0,0,0,0,,,,,553.0,3614.0,13.0,26.0,5.0
terrads_15f2d7da5cf6,Zenodo/TerraDS,iac_benchmark/scenarios/terrads_15f2d7da5cf6,True,True,0,0,0,0,0,,,,,908.0,7058.0,35.0,13.0,5.0
terrads_1d21dc209cb0,Zenodo/TerraDS,iac_benchmark/scenarios/terrads_1d21dc209cb0,True,True,0,0,0,0,0,,,,,411.0,2550.0,15.0,17.0,5.0
terrads_19a9d0369cbc,Zenodo/TerraDS,iac_benchmark/scenarios/terrads_19a9d0369cbc,True,True,0,0,0,0,0,,,,,576.0,4909.0,22.0,27.0,5.0
terrads_9260c5042f84,Zenodo/TerraDS,iac_benchmark/scenarios/terrads_9260c5042f84,True,True,0,0,0,0,0,,,,,1025.0,6640.0,24.0,8.0,5.0
terrads_33e6724a42ed,Zenodo/TerraDS,iac_benchmark/scenarios/terrads_33e6724a42ed,True,True,0,0,0,0,0,,,,,730.0,4903.0,25.0,1.0,5.0
terrads_16799117b22b,Zenodo/TerraDS,iac_benchmark/scenarios/terrads_16799117b22b,True,True,0,0,0,0,0,,,,,555.0,3320.0,18.0,13.0,5.0
terrads_77e34aec99f8,Zenodo/TerraDS,iac_benchmark/scenarios/terrads_77e34aec99f8,True,True,0,0,0,0,0,,,,,696.0,5604.0,25.0,26.0,5.0
terrads_095c6b1b5657,Zenodo/TerraDS,iac_benchmark/scenarios/terrads_095c6b1b5657,True,True,0,0,0,0,0,,,,,400.0,2515.0,13.0,18.0,5.0
terrads_74e69e4b6f42,Zenodo/TerraDS,iac_benchmark/scenarios/terrads_74e69e4b6f42,True,True,0,0,0,0,0,,,,,415.0,2828.0,14.0,13.0,5.0
terrads_4548580d6106,Zenodo/TerraDS,iac_benchmark/scenarios/terrads_4548580d6106,True,True,0,0,0,0,0,,,,,593.0,4851.0,35.0,22.0,5.0
terrads_807e6c91be8b,Zenodo/TerraDS,iac_benchmark/scenarios/terrads_807e6c91be8b,True,True,0,0,0,0,0,,,,,912.0,7706.0,15.0,87.0,5.0
terrads_236b2d3ea0c9,Zenodo/TerraDS,iac_benchmark/scenarios/terrads_236b2d3ea0c9,True,True,0,0,0,0,0,,,,,623.0,4344.0,13.0,18.0,5.0
terrads_0a4ec3796a7e,Zenodo/TerraDS,iac_benchmark/scenarios/terrads_0a4ec3796a7e,True,True,0,0,0,0,0,,,,,441.0,3422.0,16.0,9.0,5.0
terrads_350211fb9ce4,Zenodo/TerraDS,iac_benchmark/scenarios/terrads_350211fb9ce4,True,True,0,0,0,0,0,,,,,989.0,5999.0,35.0,16.0,5.0
terrads_bd4007431a08,Zenodo/TerraDS,iac_benchmark/scenarios/terrads_bd4007431a08,True,True,0,0,0,0,0,,,,,417.0,2708.0,17.0,17.0,5.0
terrads_0897e6e9e9f9,Zenodo/TerraDS,iac_benchmark/scenarios/terrads_0897e6e9e9f9,True,True,0,0,0,0,0,,,,,458.0,3776.0,12.0,16.0,5.0
terrads_194b41e8d952,Zenodo/TerraDS,iac_benchmark/scenarios/terrads_194b41e8d952,True,True,0,0,0,0,0,,,,,450.0,2802.0,22.0,9.0,5.0
terrads_f8db1fb9e111,Zenodo/TerraDS,iac_benchmark/scenarios/terrads_f8db1fb9e111,True,True,0,0,0,0,0,,,,,493.0,3168.0,24.0,18.0,5.0
terrads_0e11ed39a76f,Zenodo/TerraDS,iac_benchmark/scenarios/terrads_0e11ed39a76f,True,True,0,0,0,0,0,,,,,757.0,5890.0,24.0,36.0,5.0
terrads_0beeb7fae914,Zenodo/TerraDS,iac_benchmark/scenarios/terrads_0beeb7fae914,True,True,0,0,0,0,0,,,,,416.0,2692.0,13.0,7.0,5.0
terrads_d9053cee13eb,Zenodo/TerraDS,iac_benchmark/scenarios/terrads_d9053cee13eb,True,True,0,0,0,0,0,,,,,620.0,4192.0,17.0,6.0,5.0
terrads_e241e799e804,Zenodo/TerraDS,iac_benchmark/scenarios/terrads_e241e799e804,True,True,0,0,0,0,0,,,,,443.0,2946.0,29.0,1.0,5.0
terrads_11b679edfd45,Zenodo/TerraDS,iac_benchmark/scenarios/terrads_11b679edfd45,True,True,0,0,0,0,0,,,,,849.0,6074.0,12.0,47.0,5.0
terrads_91aa4a5fffb3,Zenodo/TerraDS,iac_benchmark/scenarios/terrads_91aa4a5fffb3,True,True,0,0,0,0,0,,,,,468.0,2973.0,28.0,1.0,5.0
terrads_04eb19a09979,Zenodo/TerraDS,iac_benchmark/scenarios/terrads_04eb19a09979,True,True,0,0,0,0,0,,,,,534.0,4663.0,12.0,12.0,5.0
terrads_dc21ea266778,Zenodo/TerraDS,iac_benchmark/scenarios/terrads_dc21ea266778,True,True,0,0,0,0,0,,,,,499.0,4269.0,29.0,0.0,5.0
terrads_e141f9f17fa6,Zenodo/TerraDS,iac_benchmark/scenarios/terrads_e141f9f17fa6,True,True,0,0,0,0,0,,,,,515.0,3041.0,27.0,7.0,5.0
terrads_99b12d7f37a5,Zenodo/TerraDS,iac_benchmark/scenarios/terrads_99b12d7f37a5,True,True,0,0,0,0,0,,,,,562.0,3797.0,25.0,16.0,5.0
terrads_86911c30b7a0,Zenodo/TerraDS,iac_benchmark/scenarios/terrads_86911c30b7a0,True,True,0,0,0,0,0,,,,,569.0,3794.0,15.0,8.0,5.0
terrads_c21738b03cfa,Zenodo/TerraDS,iac_benchmark/scenarios/terrads_c21738b03cfa,True,True,0,0,0,0,0,,,,,488.0,3367.0,23.0,15.0,5.0
terrads_8f66ad0bd72a,Zenodo/TerraDS,iac_benchmark/scenarios/terrads_8f66ad0bd72a,True,True,0,0,0,0,0,,,,,882.0,5914.0,31.0,31.0,5.0
terrads_56dba1d1a335,Zenodo/TerraDS,iac_benchmark/scenarios/terrads_56dba1d1a335,True,True,0,0,0,0,0,,,,,644.0,5247.0,18.0,30.0,5.0
terrads_fd8da25a797c,Zenodo/TerraDS,iac_benchmark/scenarios/terrads_fd8da25a797c,True,True,0,0,0,0,0,,,,,487.0,3604.0,16.0,21.0,5.0
terrads_44679e69cbbd,Zenodo/TerraDS,iac_benchmark/scenarios/terrads_44679e69cbbd,True,True,0,0,0,0,0,,,,,463.0,3267.0,26.0,33.0,5.0
terrads_d234cf4f470c,Zenodo/TerraDS,iac_benchmark/scenarios/terrads_d234cf4f470c,True,True,0,0,0,0,0,,,,,897.0,5524.0,43.0,13.0,5.0
terrads_f9f8c78cb3a9,Zenodo/TerraDS,iac_benchmark/scenarios/terrads_f9f8c78cb3a9,True,True,0,0,0,0,0,,,,,774.0,5460.0,39.0,25.0,5.0
terrads_fe9f7bdf6f81,Zenodo/TerraDS,iac_benchmark/scenarios/terrads_fe9f7bdf6f81,True,True,0,0,0,0,0,,,,,427.0,3011.0,22.0,11.0,5.0
terrads_ddb3260d30e4,Zenodo/TerraDS,iac_benchmark/scenarios/terrads_ddb3260d30e4,True,True,0,0,0,0,0,,,,,631.0,4169.0,27.0,21.0,5.0
terrads_26d3a3e5ff0c,Zenodo/TerraDS,iac_benchmark/scenarios/terrads_26d3a3e5ff0c,True,True,0,0,0,0,0,,,,,541.0,3526.0,24.0,16.0,5.0
terrads_8fa9d6863bc0,Zenodo/TerraDS,iac_benchmark/scenarios/terrads_8fa9d6863bc0,True,True,0,0,0,0,0,,,,,721.0,4912.0,12.0,11.0,5.0
terrads_a49f45bf506e,Zenodo/TerraDS,iac_benchmark/scenarios/terrads_a49f45bf506e,True,True,0,0,0,0,0,,,,,432.0,2673.0,28.0,0.0,5.0
terrads_6b27dd46e215,Zenodo/TerraDS,iac_benchmark/scenarios/terrads_6b27dd46e215,True,True,0,0,0,0,0,,,,,471.0,2944.0,36.0,0.0,5.0
terrads_b51833ec4ca3,Zenodo/TerraDS,iac_benchmark/scenarios/terrads_b51833ec4ca3,True,True,0,0,0,0,0,,,,,477.0,3685.0,33.0,0.0,5.0
terrads_888b2c97b0d8,Zenodo/TerraDS,iac_benchmark/scenarios/terrads_888b2c97b0d8,True,True,0,0,0,0,0,,,,,423.0,2729.0,22.0,8.0,5.0
terrads_c99d43c8a961,Zenodo/TerraDS,iac_benchmark/scenarios/terrads_c99d43c8a961,True,True,0,0,0,0,0,,,,,985.0,7051.0,69.0,6.0,5.0
terrads_ce2a465a0b5a,Zenodo/TerraDS,iac_benchmark/scenarios/terrads_ce2a465a0b5a,True,True,0,0,0,0,0,,,,,462.0,3224.0,21.0,17.0,5.0
terrads_850f72c65c69,Zenodo/TerraDS,iac_benchmark/scenarios/terrads_850f72c65c69,True,True,0,0,0,0,0,,,,,912.0,6719.0,15.0,57.0,5.0
terrads_876989ae62a0,Zenodo/TerraDS,iac_benchmark/scenarios/terrads_876989ae62a0,True,True,0,0,0,0,0,,,,,518.0,4343.0,19.0,23.0,5.0
terrads_b46ebb8d26b3,Zenodo/TerraDS,iac_benchmark/scenarios/terrads_b46ebb8d26b3,True,True,0,0,0,0,0,,,,,456.0,3018.0,22.0,12.0,5.0
terrads_0c6fe92bd95b,Zenodo/TerraDS,iac_benchmark/scenarios/terrads_0c6fe92bd95b,True,True,0,0,0,0,0,,,,,452.0,3046.0,28.0,2.0,5.0
terrads_bc98ea5a9dcf,Zenodo/TerraDS,iac_benchmark/scenarios/terrads_bc98ea5a9dcf,True,True,0,0,0,0,0,,,,,409.0,2855.0,24.0,4.0,5.0
terrads_52d889258514,Zenodo/TerraDS,iac_benchmark/scenarios/terrads_52d889258514,True,True,0,0,0,0,0,,,,,448.0,2886.0,19.0,17.0,5.0
terrads_fb403b5a2e40,Zenodo/TerraDS,iac_benchmark/scenarios/terrads_fb403b5a2e40,True,True,0,0,0,0,0,,,,,882.0,5914.0,31.0,31.0,5.0
terrads_35cd01440594,Zenodo/TerraDS,iac_benchmark/scenarios/terrads_35cd01440594,True,True,0,0,0,0,0,,,,,416.0,2892.0,26.0,19.0,5.0
terrads_7e280438a25b,Zenodo/TerraDS,iac_benchmark/scenarios/terrads_7e280438a25b,True,True,0,0,0,0,0,,,,,567.0,4156.0,37.0,1.0,5.0
terrads_217bcb2ef43c,Zenodo/TerraDS,iac_benchmark/scenarios/terrads_217bcb2ef43c,True,True,0,0,0,0,0,,,,,459.0,3210.0,26.0,33.0,5.0
terrads_c0ad866fa1d9,Zenodo/TerraDS,iac_benchmark/scenarios/terrads_c0ad866fa1d9,True,True,0,0,0,0,0,,,,,618.0,4138.0,22.0,9.0,5.0
terrads_d0c355846212,Zenodo/TerraDS,iac_benchmark/scenarios/terrads_d0c355846212,True,True,0,0,0,0,0,,,,,644.0,4828.0,14.0,18.0,5.0
terrads_a99be6401da7,Zenodo/TerraDS,iac_benchmark/scenarios/terrads_a99be6401da7,True,True,0,0,0,0,0,,,,,411.0,2373.0,17.0,0.0,5.0
terrads_9e9b194b0dcf,Zenodo/TerraDS,iac_benchmark/scenarios/terrads_9e9b194b0dcf,True,True,0,0,0,0,0,,,,,473.0,3444.0,17.0,18.0,5.0
terrads_6837128c87cd,Zenodo/TerraDS,iac_benchmark/scenarios/terrads_6837128c87cd,True,True,0,0,0,0,0,,,,,447.0,3071.0,22.0,11.0,5.0
terrads_7ad894dbb9a3,Zenodo/TerraDS,iac_benchmark/scenarios/terrads_7ad894dbb9a3,True,True,0,0,0,0,0,,,,,830.0,7168.0,62.0,6.0,5.0
terrads_1a00a6921c59,Zenodo/TerraDS,iac_benchmark/scenarios/terrads_1a00a6921c59,True,True,0,0,0,0,0,,,,,566.0,3459.0,36.0,3.0,5.0
terrads_4fc99aaf8f10,Zenodo/TerraDS,iac_benchmark/scenarios/terrads_4fc99aaf8f10,True,True,0,0,0,0,0,,,,,438.0,2818.0,18.0,11.0,5.0
terrads_ea452e40a72e,Zenodo/TerraDS,iac_benchmark/scenarios/terrads_ea452e40a72e,True,True,0,0,0,0,0,,,,,742.0,5019.0,26.0,1.0,5.0
terrads_ae1ac2e2b0dd,Zenodo/TerraDS,iac_benchmark/scenarios/terrads_ae1ac2e2b0dd,True,True,0,0,0,0,0,,,,,962.0,7625.0,72.0,2.0,5.0
terrads_20eabfa901de,Zenodo/TerraDS,iac_benchmark/scenarios/terrads_20eabfa901de,True,True,0,0,0,0,0,,,,,494.0,3295.0,14.0,12.0,5.0
terrads_7d4a12852f63,Zenodo/TerraDS,iac_benchmark/scenarios/terrads_7d4a12852f63,True,True,0,0,0,0,0,,,,,609.0,4595.0,42.0,21.0,5.0
terrads_f1990ca32072,Zenodo/TerraDS,iac_benchmark/scenarios/terrads_f1990ca32072,True,True,0,0,0,0,0,,,,,493.0,3238.0,23.0,6.0,5.0
terrads_cd26e36782ee,Zenodo/TerraDS,iac_benchmark/scenarios/terrads_cd26e36782ee,True,True,0,0,0,0,0,,,,,1008.0,6065.0,40.0,18.0,5.0
terrads_e1179e820c16,Zenodo/TerraDS,iac_benchmark/scenarios/terrads_e1179e820c16,True,True,0,0,0,0,0,,,,,924.0,6523.0,38.0,9.0,5.0
terrads_76e73acbb573,Zenodo/TerraDS,iac_benchmark/scenarios/terrads_76e73acbb573,True,True,0,0,0,0,0,,,,,496.0,3648.0,38.0,0.0,5.0
terrads_60132e5aee9a,Zenodo/TerraDS,iac_benchmark/scenarios/terrads_60132e5aee9a,True,True,0,0,0,0,0,,,,,882.0,5916.0,29.0,31.0,5.0
terrads_7aed3fe72976,Zenodo/TerraDS,iac_benchmark/scenarios/terrads_7aed3fe72976,True,True,0,0,0,0,0,,,,,730.0,4903.0,25.0,1.0,5.0
gh_e0ecc6df,Tianyi2/IRIS,iac_benchmark/scenarios/gh_e0ecc6df,True,True,0,0,0,0,0,,,,,432.0,2673.0,28.0,0.0,5.0
terrads_562c6b4ca714,Zenodo/TerraDS,iac_benchmark/scenarios/terrads_562c6b4ca714,True,True,0,0,0,0,0,,,,,899.0,6465.0,46.0,0.0,5.0
terrads_f095bb82da1b,Zenodo/TerraDS,iac_benchmark/scenarios/terrads_f095bb82da1b,True,True,0,0,0,0,0,,,,,539.0,3691.0,20.0,0.0,5.0
terrads_29ab48c44117,Zenodo/TerraDS,iac_benchmark/scenarios/terrads_29ab48c44117,True,True,0,0,0,0,0,,,,,540.0,3525.0,25.0,16.0,5.0
terrads_7785ad263677,Zenodo/TerraDS,iac_benchmark/scenarios/terrads_7785ad263677,True,True,0,0,0,0,0,,,,,742.0,5136.0,28.0,3.0,5.0
terrads_c32f42a75cd7,Zenodo/TerraDS,iac_benchmark/scenarios/terrads_c32f42a75cd7,True,True,0,0,0,0,0,,,,,716.0,4724.0,24.0,18.0,5.0
terrads_497e052f6e28,Zenodo/TerraDS,iac_benchmark/scenarios/terrads_497e052f6e28,True,True,0,0,0,0,0,,,,,567.0,3878.0,39.0,0.0,5.0
gh_768af7ec,Tianyi2/IRIS,iac_benchmark/scenarios/gh_768af7ec,True,True,0,0,0,0,0,,,,,893.0,6900.0,29.0,42.0,5.0
terrads_b728f910b1f0,Zenodo/TerraDS,iac_benchmark/scenarios/terrads_b728f910b1f0,True,True,0,0,0,0,0,,,,,477.0,3685.0,33.0,0.0,5.0
terrads_8eb15c9d861b,Zenodo/TerraDS,iac_benchmark/scenarios/terrads_8eb15c9d861b,True,True,0,0,0,0,0,,,,,713.0,6844.0,16.0,18.0,5.0
terrads_650b2547a833,Zenodo/TerraDS,iac_benchmark/scenarios/terrads_650b2547a833,True,True,0,0,0,0,0,,,,,489.0,3632.0,25.0,0.0,5.0
terrads_9d39363388bb,Zenodo/TerraDS,iac_benchmark/scenarios/terrads_9d39363388bb,True,True,0,0,0,0,0,,,,,534.0,3922.0,25.0,4.0,5.0
terrads_bf2fb2f5cd24,Zenodo/TerraDS,iac_benchmark/scenarios/terrads_bf2fb2f5cd24,True,True,0,0,0,0,0,,,,,495.0,3315.0,20.0,7.0,5.0
terrads_e1431c89094b,Zenodo/TerraDS,iac_benchmark/scenarios/terrads_e1431c89094b,True,True,0,0,0,0,0,,,,,488.0,2999.0,28.0,12.0,5.0
terrads_db4a0f95c012,Zenodo/TerraDS,iac_benchmark/scenarios/terrads_db4a0f95c012,True,True,0,0,0,0,0,,,,,404.0,2579.0,29.0,5.0,5.0
terrads_2d46018a1ca1,Zenodo/TerraDS,iac_benchmark/scenarios/terrads_2d46018a1ca1,True,True,0,0,0,0,0,,,,,541.0,4411.0,20.0,10.0,5.0
gh_dde55203,Tianyi2/IRIS,iac_benchmark/scenarios/gh_dde55203,True,True,0,0,0,0,0,,,,,898.0,6947.0,29.0,43.0,5.0
terrads_9ac6356ccf8a,Zenodo/TerraDS,iac_benchmark/scenarios/terrads_9ac6356ccf8a,True,True,0,0,0,0,0,,,,,471.0,4024.0,16.0,29.0,5.0
terrads_23038aa4b01e,Zenodo/TerraDS,iac_benchmark/scenarios/terrads_23038aa4b01e,True,True,0,0,0,0,0,,,,,579.0,3791.0,15.0,20.0,5.0
terrads_99bf592cf1c9,Zenodo/TerraDS,iac_benchmark/scenarios/terrads_99bf592cf1c9,True,True,0,0,0,0,0,,,,,402.0,2552.0,15.0,7.0,5.0
terrads_69cbd8444630,Zenodo/TerraDS,iac_benchmark/scenarios/terrads_69cbd8444630,True,True,0,0,0,0,0,,,,,843.0,5825.0,14.0,23.0,5.0
terrads_f91fb0160041,Zenodo/TerraDS,iac_benchmark/scenarios/terrads_f91fb0160041,True,True,0,0,0,0,0,,,,,420.0,2579.0,20.0,7.0,5.0
terrads_e947035b4a2a,Zenodo/TerraDS,iac_benchmark/scenarios/terrads_e947035b4a2a,True,True,0,0,0,0,0,,,,,543.0,3828.0,17.0,18.0,5.0
terrads_08f793768a95,Zenodo/TerraDS,iac_benchmark/scenarios/terrads_08f793768a95,True,True,0,0,0,0,0,,,,,828.0,6268.0,32.0,23.0,5.0
terrads_bdb990d26bd1,Zenodo/TerraDS,iac_benchmark/scenarios/terrads_bdb990d26bd1,True,True,0,0,0,0,0,,,,,555.0,3929.0,34.0,9.0,5.0
terrads_8f1d5e72537e,Zenodo/TerraDS,iac_benchmark/scenarios/terrads_8f1d5e72537e,True,True,0,0,0,0,0,,,,,446.0,2971.0,24.0,7.0,5.0
terrads_137fb54a8cda,Zenodo/TerraDS,iac_benchmark/scenarios/terrads_137fb54a8cda,True,True,0,0,0,0,0,,,,,441.0,2876.0,19.0,2.0,5.0
terrads_b71dd5a01ab1,Zenodo/TerraDS,iac_benchmark/scenarios/terrads_b71dd5a01ab1,True,True,0,0,0,0,0,,,,,511.0,3517.0,21.0,26.0,5.0
terrads_cbf2c66efe94,Zenodo/TerraDS,iac_benchmark/scenarios/terrads_cbf2c66efe94,True,True,0,0,0,0,0,,,,,729.0,4903.0,25.0,1.0,5.0
terrads_d1bb6909bcbe,Zenodo/TerraDS,iac_benchmark/scenarios/terrads_d1bb6909bcbe,True,True,0,0,0,0,0,,,,,412.0,2535.0,27.0,0.0,5.0
terrads_72d365af00ec,Zenodo/TerraDS,iac_benchmark/scenarios/terrads_72d365af00ec,True,True,0,0,0,0,0,,,,,881.0,6671.0,18.0,17.0,5.0
terrads_9797331d967b,Zenodo/TerraDS,iac_benchmark/scenarios/terrads_9797331d967b,True,True,0,0,0,0,0,,,,,580.0,4042.0,27.0,0.0,5.0
terrads_1b044709a2b0,Zenodo/TerraDS,iac_benchmark/scenarios/terrads_1b044709a2b0,True,True,0,0,0,0,0,,,,,497.0,4059.0,14.0,29.0,5.0
terrads_226295f2815b,Zenodo/TerraDS,iac_benchmark/scenarios/terrads_226295f2815b,True,True,0,0,0,0,0,,,,,456.0,3340.0,40.0,12.0,5.0
terrads_5a32e6afc4aa,Zenodo/TerraDS,iac_benchmark/scenarios/terrads_5a32e6afc4aa,True,True,0,0,0,0,0,,,,,542.0,3778.0,16.0,28.0,5.0
terrads_80ba1642ef22,Zenodo/TerraDS,iac_benchmark/scenarios/terrads_80ba1642ef22,True,True,0,0,0,0,0,,,,,441.0,1965.0,14.0,5.0,5.0
terrads_fbdee92a8b09,Zenodo/TerraDS,iac_benchmark/scenarios/terrads_fbdee92a8b09,True,True,0,0,0,0,0,,,,,440.0,2978.0,26.0,9.0,5.0
terrads_37fbb16d94b4,Zenodo/TerraDS,iac_benchmark/scenarios/terrads_37fbb16d94b4,True,True,0,0,0,0,0,,,,,860.0,6466.0,42.0,22.0,5.0
terrads_c203b5873456,Zenodo/TerraDS,iac_benchmark/scenarios/terrads_c203b5873456,True,True,0,0,0,0,0,,,,,477.0,3450.0,22.0,18.0,5.0
terrads_c8e98002c2e2,Zenodo/TerraDS,iac_benchmark/scenarios/terrads_c8e98002c2e2,True,True,0,0,0,0,0,,,,,817.0,4941.0,14.0,35.0,5.0
terrads_0bb969b1ad72,Zenodo/TerraDS,iac_benchmark/scenarios/terrads_0bb969b1ad72,True,True,0,0,0,0,0,,,,,476.0,2808.0,17.0,14.0,5.0
terrads_1eef49b79cd7,Zenodo/TerraDS,iac_benchmark/scenarios/terrads_1eef49b79cd7,True,True,0,0,0,0,0,,,,,412.0,2398.0,22.0,20.0,5.0
terrads_00e12bf3e8de,Zenodo/TerraDS,iac_benchmark/scenarios/terrads_00e12bf3e8de,True,True,0,0,0,0,0,,,,,441.0,2876.0,19.0,2.0,5.0
terrads_ef379f1861c5,Zenodo/TerraDS,iac_benchmark/scenarios/terrads_ef379f1861c5,True,True,0,0,0,0,0,,,,,730.0,4903.0,25.0,1.0,5.0
terrads_ac06326c7db4,Zenodo/TerraDS,iac_benchmark/scenarios/terrads_ac06326c7db4,True,True,0,0,0,0,0,,,,,734.0,4903.0,25.0,1.0,5.0
terrads_d483aaa426e6,Zenodo/TerraDS,iac_benchmark/scenarios/terrads_d483aaa426e6,True,True,0,0,0,0,0,,,,,728.0,4893.0,25.0,1.0,5.0
terrads_197f95471ed7,Zenodo/TerraDS,iac_benchmark/scenarios/terrads_197f95471ed7,True,True,0,0,0,0,0,,,,,450.0,2802.0,22.0,9.0,5.0
terrads_6610986db0b1,Zenodo/TerraDS,iac_benchmark/scenarios/terrads_6610986db0b1,True,True,0,0,0,0,0,,,,,731.0,4903.0,25.0,1.0,5.0
terrads_62eb37f7460d,Zenodo/TerraDS,iac_benchmark/scenarios/terrads_62eb37f7460d,True,True,0,0,0,0,0,,,,,560.0,3388.0,32.0,5.0,5.0
terrads_bd76fa9a16ff,Zenodo/TerraDS,iac_benchmark/scenarios/terrads_bd76fa9a16ff,True,True,0,0,0,0,0,,,,,539.0,4772.0,27.0,8.0,5.0
terrads_c05f765d27d7,Zenodo/TerraDS,iac_benchmark/scenarios/terrads_c05f765d27d7,True,True,0,0,0,0,0,,,,,839.0,4774.0,28.0,1.0,5.0
terrads_2cffbca829ca,Zenodo/TerraDS,iac_benchmark/scenarios/terrads_2cffbca829ca,True,True,0,0,0,0,0,,,,,420.0,2554.0,26.0,13.0,5.0
terrads_a08444595347,Zenodo/TerraDS,iac_benchmark/scenarios/terrads_a08444595347,True,True,0,0,0,0,0,,,,,444.0,2877.0,19.0,2.0,5.0
terrads_8c1cc2a653f9,Zenodo/TerraDS,iac_benchmark/scenarios/terrads_8c1cc2a653f9,True,True,0,0,0,0,0,,,,,453.0,2908.0,27.0,11.0,5.0
terrads_3de46d86ea15,Zenodo/TerraDS,iac_benchmark/scenarios/terrads_3de46d86ea15,True,True,0,0,0,0,0,,,,,657.0,4784.0,36.0,17.0,5.0
terrads_fee678b7070a,Zenodo/TerraDS,iac_benchmark/scenarios/terrads_fee678b7070a,True,True,0,0,0,0,0,,,,,410.0,2795.0,27.0,10.0,5.0
terrads_4a174efcdf19,Zenodo/TerraDS,iac_benchmark/scenarios/terrads_4a174efcdf19,True,True,0,0,0,0,0,,,,,450.0,2802.0,22.0,9.0,5.0
terrads_dee7e9cf81fa,Zenodo/TerraDS,iac_benchmark/scenarios/terrads_dee7e9cf81fa,True,True,0,0,0,0,0,,,,,1064.0,7375.0,18.0,4.0,5.0
terrads_b3b267b1be4b,Zenodo/TerraDS,iac_benchmark/scenarios/terrads_b3b267b1be4b,True,True,0,0,0,0,0,,,,,403.0,3268.0,15.0,30.0,5.0
terrads_277b5f2e0c4e,Zenodo/TerraDS,iac_benchmark/scenarios/terrads_277b5f2e0c4e,True,True,0,0,0,0,0,,,,,510.0,3737.0,25.0,8.0,5.0
terrads_a6a23e636bab,Zenodo/TerraDS,iac_benchmark/scenarios/terrads_a6a23e636bab,True,True,0,0,0,0,0,,,,,471.0,2712.0,15.0,34.0,5.0
terrads_86d0e849a2de,Zenodo/TerraDS,iac_benchmark/scenarios/terrads_86d0e849a2de,True,True,0,0,0,0,0,,,,,883.0,6196.0,35.0,0.0,5.0
terrads_8d0d093bd88a,Zenodo/TerraDS,iac_benchmark/scenarios/terrads_8d0d093bd88a,True,True,0,0,0,0,0,,,,,450.0,2939.0,19.0,7.0,5.0
terrads_04ac6d00c0c6,Zenodo/TerraDS,iac_benchmark/scenarios/terrads_04ac6d00c0c6,True,True,0,0,0,0,0,,,,,471.0,2712.0,15.0,34.0,5.0
terrads_62c6ff50a478,Zenodo/TerraDS,iac_benchmark/scenarios/terrads_62c6ff50a478,True,True,0,0,0,0,0,,,,,882.0,5916.0,29.0,31.0,5.0
terrads_20c947344ef0,Zenodo/TerraDS,iac_benchmark/scenarios/terrads_20c947344ef0,True,True,0,0,0,0,0,,,,,899.0,6465.0,46.0,0.0,5.0
terrads_8b4ffd336459,Zenodo/TerraDS,iac_benchmark/scenarios/terrads_8b4ffd336459,True,True,0,0,0,0,0,,,,,1024.0,7271.0,12.0,2.0,5.0
terrads_5169e74da1f8,Zenodo/TerraDS,iac_benchmark/scenarios/terrads_5169e74da1f8,True,True,0,0,0,0,0,,,,,540.0,3525.0,25.0,16.0,5.0
terrads_c6ee39d3c647,Zenodo/TerraDS,iac_benchmark/scenarios/terrads_c6ee39d3c647,True,True,0,0,0,0,0,,,,,464.0,3004.0,24.0,9.0,5.0
terrads_66a3e0e46d66,Zenodo/TerraDS,iac_benchmark/scenarios/terrads_66a3e0e46d66,True,True,0,0,0,0,0,,,,,501.0,3700.0,39.0,24.0,5.0
terrads_f267aedc9230,Zenodo/TerraDS,iac_benchmark/scenarios/terrads_f267aedc9230,True,True,0,0,0,0,0,,,,,545.0,3536.0,25.0,16.0,5.0
terrads_6e8cf31136a1,Zenodo/TerraDS,iac_benchmark/scenarios/terrads_6e8cf31136a1,True,True,0,0,0,0,0,,,,,450.0,3476.0,13.0,10.0,5.0
terrads_1fda2cd1ee6d,Zenodo/TerraDS,iac_benchmark/scenarios/terrads_1fda2cd1ee6d,True,True,0,0,0,0,0,,,,,671.0,4303.0,29.0,22.0,5.0
terrads_547ca6afc6a1,Zenodo/TerraDS,iac_benchmark/scenarios/terrads_547ca6afc6a1,True,True,0,0,0,0,0,,,,,441.0,2701.0,28.0,0.0,5.0
terrads_b11153a2965b,Zenodo/TerraDS,iac_benchmark/scenarios/terrads_b11153a2965b,True,True,0,0,0,0,0,,,,,697.0,5476.0,33.0,28.0,5.0
terrads_c53f3ce973bd,Zenodo/TerraDS,iac_benchmark/scenarios/terrads_c53f3ce973bd,True,True,0,0,0,0,0,,,,,522.0,2724.0,14.0,37.0,5.0
terrads_b26ea3d217e7,Zenodo/TerraDS,iac_benchmark/scenarios/terrads_b26ea3d217e7,True,True,0,0,0,0,0,,,,,436.0,2910.0,28.0,6.0,5.0
terrads_a10652cf7c9e,Zenodo/TerraDS,iac_benchmark/scenarios/terrads_a10652cf7c9e,True,True,0,0,0,0,0,,,,,605.0,4728.0,25.0,28.0,5.0
terrads_df5b53cc7f11,Zenodo/TerraDS,iac_benchmark/scenarios/terrads_df5b53cc7f11,True,True,0,0,0,0,0,,,,,421.0,3054.0,24.0,6.0,5.0
terrads_70c908e4bbed,Zenodo/TerraDS,iac_benchmark/scenarios/terrads_70c908e4bbed,True,True,0,0,0,0,0,,,,,407.0,2931.0,14.0,18.0,5.0
terrads_5628ef7162e7,Zenodo/TerraDS,iac_benchmark/scenarios/terrads_5628ef7162e7,True,True,0,0,0,0,0,,,,,882.0,5914.0,31.0,31.0,5.0
terrads_06995c7d5348,Zenodo/TerraDS,iac_benchmark/scenarios/terrads_06995c7d5348,True,True,0,0,0,0,0,,,,,443.0,2946.0,29.0,1.0,5.0
terrads_eac0c0f63cc0,Zenodo/TerraDS,iac_benchmark/scenarios/terrads_eac0c0f63cc0,True,True,0,0,0,0,0,,,,,415.0,3004.0,24.0,0.0,5.0
terrads_e0143a37b901,Zenodo/TerraDS,iac_benchmark/scenarios/terrads_e0143a37b901,True,True,0,0,0,0,0,,,,,526.0,3856.0,13.0,6.0,5.0
terrads_d3fe6238b64d,Zenodo/TerraDS,iac_benchmark/scenarios/terrads_d3fe6238b64d,True,True,0,0,0,0,0,,,,,456.0,3622.0,18.0,15.0,5.0
terrads_da56d56fed2b,Zenodo/TerraDS,iac_benchmark/scenarios/terrads_da56d56fed2b,True,True,0,0,0,0,0,,,,,784.0,7967.0,16.0,23.0,5.0
terrads_cf3c1cdad76c,Zenodo/TerraDS,iac_benchmark/scenarios/terrads_cf3c1cdad76c,True,True,0,0,0,0,0,,,,,540.0,3525.0,25.0,16.0,5.0
gh_19d24caa,Tianyi2/IRIS,iac_benchmark/scenarios/gh_19d24caa,True,True,0,0,0,0,0,,,,,937.0,7665.0,24.0,33.0,5.0
terrads_79a502f1a2a1,Zenodo/TerraDS,iac_benchmark/scenarios/terrads_79a502f1a2a1,True,True,0,0,0,0,0,,,,,658.0,4388.0,63.0,63.0,5.0
terrads_0c77edf90d3e,Zenodo/TerraDS,iac_benchmark/scenarios/terrads_0c77edf90d3e,True,True,0,0,0,0,0,,,,,844.0,6970.0,15.0,75.0,5.0
terrads_1ff0ae8ce2ec,Zenodo/TerraDS,iac_benchmark/scenarios/terrads_1ff0ae8ce2ec,True,True,0,0,0,0,0,,,,,671.0,4303.0,29.0,22.0,5.0
terrads_fe81d99fe17d,Zenodo/TerraDS,iac_benchmark/scenarios/terrads_fe81d99fe17d,True,True,0,0,0,0,0,,,,,860.0,6677.0,24.0,7.0,5.0
terrads_fe06a8f8c4a4,Zenodo/TerraDS,iac_benchmark/scenarios/terrads_fe06a8f8c4a4,True,True,0,0,0,0,0,,,,,1145.0,7560.0,66.0,37.0,5.0
terrads_a6d667ed702b,Zenodo/TerraDS,iac_benchmark/scenarios/terrads_a6d667ed702b,True,True,0,0,0,0,0,,,,,554.0,3976.0,25.0,15.0,5.0
terrads_9311d6674c33,Zenodo/TerraDS,iac_benchmark/scenarios/terrads_9311d6674c33,True,True,0,0,0,0,0,,,,,734.0,4903.0,25.0,1.0,5.0
terrads_d45d8ad40cc2,Zenodo/TerraDS,iac_benchmark/scenarios/terrads_d45d8ad40cc2,True,True,0,0,0,0,0,,,,,437.0,3276.0,22.0,9.0,5.0
terrads_fe7e32fb3954,Zenodo/TerraDS,iac_benchmark/scenarios/terrads_fe7e32fb3954,True,True,0,0,0,0,0,,,,,677.0,4984.0,42.0,3.0,5.0
terrads_45f7fb1f86a4,Zenodo/TerraDS,iac_benchmark/scenarios/terrads_45f7fb1f86a4,True,True,0,0,0,0,0,,,,,741.0,5040.0,17.0,54.0,5.0
terrads_eb638cd7043d,Zenodo/TerraDS,iac_benchmark/scenarios/terrads_eb638cd7043d,True,True,0,0,0,0,0,,,,,486.0,3048.0,17.0,14.0,5.0
terrads_e47df5845bb2,Zenodo/TerraDS,iac_benchmark/scenarios/terrads_e47df5845bb2,True,True,0,0,0,0,0,,,,,1037.0,7785.0,43.0,48.0,5.0
terrads_1fe9a1104006,Zenodo/TerraDS,iac_benchmark/scenarios/terrads_1fe9a1104006,True,True,0,0,0,0,0,,,,,474.0,3607.0,18.0,13.0,5.0
terrads_4b74d7fd8560,Zenodo/TerraDS,iac_benchmark/scenarios/terrads_4b74d7fd8560,True,True,0,0,0,0,0,,,,,560.0,3519.0,40.0,9.0,5.0
terrads_9dfdf05e2355,Zenodo/TerraDS,iac_benchmark/scenarios/terrads_9dfdf05e2355,True,True,0,0,0,0,0,,,,,514.0,7834.0,20.0,2.0,5.0
terrads_44a3eb355bae,Zenodo/TerraDS,iac_benchmark/scenarios/terrads_44a3eb355bae,True,True,0,0,0,0,0,,,,,708.0,5786.0,12.0,35.0,5.0
terrads_97850af3b69e,Zenodo/TerraDS,iac_benchmark/scenarios/terrads_97850af3b69e,True,True,0,0,0,0,0,,,,,450.0,2802.0,22.0,9.0,5.0
terrads_0d98d2be8fce,Zenodo/TerraDS,iac_benchmark/scenarios/terrads_0d98d2be8fce,True,True,0,0,0,0,0,,,,,612.0,4666.0,18.0,16.0,5.0
terrads_c0d18d573363,Zenodo/TerraDS,iac_benchmark/scenarios/terrads_c0d18d573363,True,True,0,0,0,0,0,,,,,489.0,3632.0,25.0,0.0,5.0
terrads_7fdd47c8c165,Zenodo/TerraDS,iac_benchmark/scenarios/terrads_7fdd47c8c165,True,True,0,0,0,0,0,,,,,505.0,3485.0,32.0,0.0,5.0
terrads_c1d12f7b95c7,Zenodo/TerraDS,iac_benchmark/scenarios/terrads_c1d12f7b95c7,True,True,0,0,0,0,0,,,,,412.0,3123.0,41.0,2.0,5.0
terrads_4314afa89055,Zenodo/TerraDS,iac_benchmark/scenarios/terrads_4314afa89055,True,True,0,0,0,0,0,,,,,633.0,3929.0,22.0,0.0,5.0
terrads_ba0945418d4a,Zenodo/TerraDS,iac_benchmark/scenarios/terrads_ba0945418d4a,True,True,0,0,0,0,0,,,,,457.0,3209.0,26.0,33.0,5.0
terrads_41637a4f9c8c,Zenodo/TerraDS,iac_benchmark/scenarios/terrads_41637a4f9c8c,True,True,0,0,0,0,0,,,,,882.0,5916.0,29.0,31.0,5.0
terrads_8905e6c34e01,Zenodo/TerraDS,iac_benchmark/scenarios/terrads_8905e6c34e01,True,True,0,0,0,0,0,,,,,411.0,2982.0,23.0,2.0,5.0
terrads_abd0ebf367fb,Zenodo/TerraDS,iac_benchmark/scenarios/terrads_abd0ebf367fb,True,True,0,0,0,0,0,,,,,405.0,2050.0,13.0,17.0,5.0
terrads_e3d3196151c8,Zenodo/TerraDS,iac_benchmark/scenarios/terrads_e3d3196151c8,True,True,0,0,0,0,0,,,,,434.0,2918.0,22.0,0.0,5.0
terrads_6602408689e0,Zenodo/TerraDS,iac_benchmark/scenarios/terrads_6602408689e0,True,True,0,0,0,0,0,,,,,499.0,3032.0,14.0,14.0,5.0
terrads_b32a3a5825fe,Zenodo/TerraDS,iac_benchmark/scenarios/terrads_b32a3a5825fe,True,True,0,0,0,0,0,,,,,728.0,4893.0,25.0,1.0,5.0
terrads_a2cc57f7660f,Zenodo/TerraDS,iac_benchmark/scenarios/terrads_a2cc57f7660f,True,True,0,0,0,0,0,,,,,568.0,4572.0,15.0,21.0,5.0
terrads_1caf47c9c003,Zenodo/TerraDS,iac_benchmark/scenarios/terrads_1caf47c9c003,True,True,0,0,0,0,0,,,,,512.0,3670.0,29.0,17.0,5.0
terrads_92984d685be2,Zenodo/TerraDS,iac_benchmark/scenarios/terrads_92984d685be2,True,True,0,0,0,0,0,,,,,724.0,5684.0,22.0,29.0,5.0
terrads_329cff61cd5b,Zenodo/TerraDS,iac_benchmark/scenarios/terrads_329cff61cd5b,True,True,0,0,0,0,0,,,,,407.0,2926.0,12.0,13.0,5.0
terrads_2e204471fd93,Zenodo/TerraDS,iac_benchmark/scenarios/terrads_2e204471fd93,True,True,0,0,0,0,0,,,,,471.0,2944.0,36.0,0.0,5.0
terrads_a3f59549b400,Zenodo/TerraDS,iac_benchmark/scenarios/terrads_a3f59549b400,True,True,0,0,0,0,0,,,,,924.0,6666.0,14.0,62.0,5.0
terrads_c662667b49cf,Zenodo/TerraDS,iac_benchmark/scenarios/terrads_c662667b49cf,True,True,0,0,0,0,0,,,,,477.0,3685.0,33.0,0.0,5.0
terrads_8ff422f04012,Zenodo/TerraDS,iac_benchmark/scenarios/terrads_8ff422f04012,True,True,0,0,0,0,0,,,,,825.0,5857.0,15.0,21.0,5.0
terrads_1792706ed50d,Zenodo/TerraDS,iac_benchmark/scenarios/terrads_1792706ed50d,True,True,0,0,0,0,0,,,,,471.0,2944.0,36.0,0.0,5.0
terrads_81d441fbc3fd,Zenodo/TerraDS,iac_benchmark/scenarios/terrads_81d441fbc3fd,True,True,0,0,0,0,0,,,,,680.0,5972.0,32.0,10.0,5.0
terrads_e2564702f100,Zenodo/TerraDS,iac_benchmark/scenarios/terrads_e2564702f100,True,True,0,0,0,0,0,,,,,579.0,4227.0,17.0,14.0,5.0
terrads_2803918c72c3,Zenodo/TerraDS,iac_benchmark/scenarios/terrads_2803918c72c3,True,True,0,0,0,0,0,,,,,882.0,5914.0,31.0,31.0,5.0
terrads_ea993772667c,Zenodo/TerraDS,iac_benchmark/scenarios/terrads_ea993772667c,True,True,0,0,0,0,0,,,,,422.0,2463.0,17.0,11.0,5.0
terrads_f052f3389f74,Zenodo/TerraDS,iac_benchmark/scenarios/terrads_f052f3389f74,True,True,0,0,0,0,0,,,,,411.0,2982.0,23.0,2.0,5.0
terrads_c2fdaf5e11ca,Zenodo/TerraDS,iac_benchmark/scenarios/terrads_c2fdaf5e11ca,True,True,0,0,0,0,0,,,,,791.0,4977.0,28.0,4.0,5.0
terrads_ec658a2160a8,Zenodo/TerraDS,iac_benchmark/scenarios/terrads_ec658a2160a8,True,True,0,0,0,0,0,,,,,412.0,2535.0,27.0,0.0,5.0
terrads_3300b4982399,Zenodo/TerraDS,iac_benchmark/scenarios/terrads_3300b4982399,True,True,0,0,0,0,0,,,,,531.0,3222.0,13.0,20.0,5.0
terrads_04ba66d22bd8,Zenodo/TerraDS,iac_benchmark/scenarios/terrads_04ba66d22bd8,True,True,0,0,0,0,0,,,,,489.0,3632.0,25.0,0.0,5.0
terrads_cf19ab28de55,Zenodo/TerraDS,iac_benchmark/scenarios/terrads_cf19ab28de55,True,True,0,0,0,0,0,,,,,901.0,6560.0,32.0,22.0,5.0
terrads_728f98646b4b,Zenodo/TerraDS,iac_benchmark/scenarios/terrads_728f98646b4b,True,True,0,0,0,0,0,,,,,935.0,6339.0,32.0,63.0,5.0
terrads_f948fd921cda,Zenodo/TerraDS,iac_benchmark/scenarios/terrads_f948fd921cda,True,True,0,0,0,0,0,,,,,756.0,4871.0,27.0,24.0,5.0
terrads_632699e7c701,Zenodo/TerraDS,iac_benchmark/scenarios/terrads_632699e7c701,True,True,0,0,0,0,0,,,,,443.0,3022.0,14.0,13.0,5.0
terrads_f080bd8d8b41,Zenodo/TerraDS,iac_benchmark/scenarios/terrads_f080bd8d8b41,True,True,0,0,0,0,0,,,,,447.0,2880.0,18.0,10.0,5.0
terrads_42d7881eca50,Zenodo/TerraDS,iac_benchmark/scenarios/terrads_42d7881eca50,True,True,0,0,0,0,0,,,,,798.0,5836.0,59.0,35.0,5.0
terrads_4a7365a095fe,Zenodo/TerraDS,iac_benchmark/scenarios/terrads_4a7365a095fe,True,True,0,0,0,0,0,,,,,493.0,3246.0,24.0,0.0,5.0
terrads_1805279dfdcb,Zenodo/TerraDS,iac_benchmark/scenarios/terrads_1805279dfdcb,True,True,0,0,0,0,0,,,,,471.0,2712.0,15.0,34.0,5.0
terrads_55761ad039a0,Zenodo/TerraDS,iac_benchmark/scenarios/terrads_55761ad039a0,True,True,0,0,0,0,0,,,,,653.0,4770.0,29.0,19.0,5.0
terrads_20f2b23ddd67,Zenodo/TerraDS,iac_benchmark/scenarios/terrads_20f2b23ddd67,True,True,0,0,0,0,0,,,,,655.0,4591.0,49.0,0.0,5.0
terrads_f98e34f85895,Zenodo/TerraDS,iac_benchmark/scenarios/terrads_f98e34f85895,True,True,0,0,0,0,0,,,,,690.0,6997.0,35.0,0.0,5.0
terrads_3cd07eb9d118,Zenodo/TerraDS,iac_benchmark/scenarios/terrads_3cd07eb9d118,True,True,0,0,0,0,0,,,,,695.0,4452.0,13.0,62.0,5.0
terrads_be10f79ddf8a,Zenodo/TerraDS,iac_benchmark/scenarios/terrads_be10f79ddf8a,True,True,0,0,0,0,0,,,,,436.0,2794.0,18.0,11.0,5.0
terrads_e3425fc433d4,Zenodo/TerraDS,iac_benchmark/scenarios/terrads_e3425fc433d4,True,True,0,0,0,0,0,,,,,492.0,3474.0,15.0,4.0,5.0
terrads_40d94837758e,Zenodo/TerraDS,iac_benchmark/scenarios/terrads_40d94837758e,True,True,0,0,0,0,0,,,,,420.0,2665.0,15.0,14.0,5.0
terrads_6f0ad96fbef8,Zenodo/TerraDS,iac_benchmark/scenarios/terrads_6f0ad96fbef8,True,True,0,0,0,0,0,,,,,512.0,3630.0,32.0,0.0,5.0
terrads_b81cbb6a408e,Zenodo/TerraDS,iac_benchmark/scenarios/terrads_b81cbb6a408e,True,True,0,0,0,0,0,,,,,791.0,5521.0,22.0,24.0,5.0
terrads_1dc2d2f0d069,Zenodo/TerraDS,iac_benchmark/scenarios/terrads_1dc2d2f0d069,True,True,0,0,0,0,0,,,,,514.0,3818.0,13.0,6.0,5.0
terrads_cb772e6882a6,Zenodo/TerraDS,iac_benchmark/scenarios/terrads_cb772e6882a6,True,True,0,0,0,0,0,,,,,860.0,6476.0,62.0,15.0,5.0
terrads_9631fcee730d,Zenodo/TerraDS,iac_benchmark/scenarios/terrads_9631fcee730d,True,True,0,0,0,0,0,,,,,490.0,3749.0,28.0,17.0,5.0
terrads_06f5778926e4,Zenodo/TerraDS,iac_benchmark/scenarios/terrads_06f5778926e4,True,True,0,0,0,0,0,,,,,540.0,3525.0,25.0,16.0,5.0
terrads_5bc144d9d1ce,Zenodo/TerraDS,iac_benchmark/scenarios/terrads_5bc144d9d1ce,True,True,0,0,0,0,0,,,,,834.0,7399.0,23.0,50.0,5.0
terrads_9d4c2311fdf3,Zenodo/TerraDS,iac_benchmark/scenarios/terrads_9d4c2311fdf3,True,True,0,0,0,0,0,,,,,649.0,4848.0,34.0,7.0,5.0
terrads_2883754ae64e,Zenodo/TerraDS,iac_benchmark/scenarios/terrads_2883754ae64e,True,True,0,0,0,0,0,,,,,915.0,6813.0,20.0,43.0,5.0
terrads_2477369dad01,Zenodo/TerraDS,iac_benchmark/scenarios/terrads_2477369dad01,True,True,0,0,0,0,0,,,,,422.0,2463.0,17.0,11.0,5.0
terrads_892729b45835,Zenodo/TerraDS,iac_benchmark/scenarios/terrads_892729b45835,True,True,0,0,0,0,0,,,,,878.0,6050.0,13.0,52.0,5.0
terrads_d88c74d749cc,Zenodo/TerraDS,iac_benchmark/scenarios/terrads_d88c74d749cc,True,True,0,0,0,0,0,,,,,452.0,3046.0,28.0,2.0,5.0
terrads_57dd753ef494,Zenodo/TerraDS,iac_benchmark/scenarios/terrads_57dd753ef494,True,True,0,0,0,0,0,,,,,540.0,4108.0,22.0,2.0,5.0
terrads_ccc26ee70481,Zenodo/TerraDS,iac_benchmark/scenarios/terrads_ccc26ee70481,True,True,0,0,0,0,0,,,,,477.0,3685.0,33.0,0.0,5.0
terrads_d35283888504,Zenodo/TerraDS,iac_benchmark/scenarios/terrads_d35283888504,True,True,0,0,0,0,0,,,,,734.0,4903.0,25.0,1.0,5.0
terrads_2427521b16b0,Zenodo/TerraDS,iac_benchmark/scenarios/terrads_2427521b16b0,True,True,0,0,0,0,0,,,,,541.0,3526.0,24.0,16.0,5.0
terrads_952c87f2d62a,Zenodo/TerraDS,iac_benchmark/scenarios/terrads_952c87f2d62a,True,True,0,0,0,0,0,,,,,904.0,6391.0,19.0,69.0,5.0
terrads_44b28bbc7732,Zenodo/TerraDS,iac_benchmark/scenarios/terrads_44b28bbc7732,True,True,0,0,0,0,0,,,,,457.0,3209.0,26.0,33.0,5.0
terrads_2d8fef77f1ae,Zenodo/TerraDS,iac_benchmark/scenarios/terrads_2d8fef77f1ae,True,True,0,0,0,0,0,,,,,443.0,2946.0,29.0,1.0,5.0
terrads_734389b35161,Zenodo/TerraDS,iac_benchmark/scenarios/terrads_734389b35161,True,True,0,0,0,0,0,,,,,612.0,4508.0,12.0,25.0,5.0
gh_aeffed8b,Tianyi2/IRIS,iac_benchmark/scenarios/gh_aeffed8b,True,True,0,0,0,0,0,,,,,412.0,5473.0,23.0,1.0,5.0
terrads_7ece4cd5b3a7,Zenodo/TerraDS,iac_benchmark/scenarios/terrads_7ece4cd5b3a7,True,True,0,0,0,0,0,,,,,778.0,6330.0,36.0,27.0,5.0
terrads_91f33e804f94,Zenodo/TerraDS,iac_benchmark/scenarios/terrads_91f33e804f94,True,True,0,0,0,0,0,,,,,408.0,4961.0,32.0,7.0,5.0
terrads_44f4686c9852,Zenodo/TerraDS,iac_benchmark/scenarios/terrads_44f4686c9852,True,True,0,0,0,0,0,,,,,537.0,3937.0,18.0,15.0,5.0
terrads_8f93fcd01a77,Zenodo/TerraDS,iac_benchmark/scenarios/terrads_8f93fcd01a77,True,True,0,0,0,0,0,,,,,455.0,3409.0,13.0,26.0,5.0
terrads_27c24b4b297d,Zenodo/TerraDS,iac_benchmark/scenarios/terrads_27c24b4b297d,True,True,0,0,0,0,0,,,,,785.0,6384.0,48.0,6.0,5.0
terrads_e6a625e3d5b8,Zenodo/TerraDS,iac_benchmark/scenarios/terrads_e6a625e3d5b8,True,True,0,0,0,0,0,,,,,610.0,4023.0,35.0,0.0,5.0
terrads_9d008661e328,Zenodo/TerraDS,iac_benchmark/scenarios/terrads_9d008661e328,True,True,0,0,0,0,0,,,,,773.0,5619.0,14.0,19.0,5.0
terrads_35dd5d026420,Zenodo/TerraDS,iac_benchmark/scenarios/terrads_35dd5d026420,True,True,0,0,0,0,0,,,,,400.0,2508.0,17.0,3.0,5.0
terrads_6fcc6b6acf88,Zenodo/TerraDS,iac_benchmark/scenarios/terrads_6fcc6b6acf88,True,True,0,0,0,0,0,,,,,477.0,3685.0,33.0,0.0,5.0
terrads_ebfae71bdccf,Zenodo/TerraDS,iac_benchmark/scenarios/terrads_ebfae71bdccf,True,True,0,0,0,0,0,,,,,819.0,6559.0,38.0,35.0,5.0
terrads_687500bbe66e,Zenodo/TerraDS,iac_benchmark/scenarios/terrads_687500bbe66e,True,True,0,0,0,0,0,,,,,686.0,4823.0,26.0,7.0,5.0
terrads_1e4821ee3884,Zenodo/TerraDS,iac_benchmark/scenarios/terrads_1e4821ee3884,True,True,0,0,0,0,0,,,,,900.0,7724.0,37.0,7.0,5.0
terrads_1b4bc0a5eb46,Zenodo/TerraDS,iac_benchmark/scenarios/terrads_1b4bc0a5eb46,True,True,0,0,0,0,0,,,,,414.0,2859.0,22.0,0.0,5.0
terrads_297a46d68f31,Zenodo/TerraDS,iac_benchmark/scenarios/terrads_297a46d68f31,True,True,0,0,0,0,0,,,,,453.0,3207.0,24.0,5.0,5.0
terrads_30562e788415,Zenodo/TerraDS,iac_benchmark/scenarios/terrads_30562e788415,True,True,0,0,0,0,0,,,,,472.0,3512.0,20.0,5.0,5.0
terrads_87af5f06a6eb,Zenodo/TerraDS,iac_benchmark/scenarios/terrads_87af5f06a6eb,True,True,0,0,0,0,0,,,,,971.0,6885.0,61.0,26.0,5.0
terrads_a1e3aa255998,Zenodo/TerraDS,iac_benchmark/scenarios/terrads_a1e3aa255998,True,True,0,0,0,0,0,,,,,477.0,2977.0,27.0,1.0,5.0
terrads_c72c21a0298e,Zenodo/TerraDS,iac_benchmark/scenarios/terrads_c72c21a0298e,True,True,0,0,0,0,0,,,,,428.0,2894.0,14.0,8.0,5.0
terrads_1b8b115e8822,Zenodo/TerraDS,iac_benchmark/scenarios/terrads_1b8b115e8822,True,True,0,0,0,0,0,,,,,731.0,4903.0,25.0,1.0,5.0
terrads_a69d26908d03,Zenodo/TerraDS,iac_benchmark/scenarios/terrads_a69d26908d03,True,True,0,0,0,0,0,,,,,542.0,3529.0,25.0,16.0,5.0
terrads_e55dd647d492,Zenodo/TerraDS,iac_benchmark/scenarios/terrads_e55dd647d492,True,True,0,0,0,0,0,,,,,925.0,5659.0,45.0,60.0,5.0
terrads_e13e87bcd9b2,Zenodo/TerraDS,iac_benchmark/scenarios/terrads_e13e87bcd9b2,True,True,0,0,0,0,0,,,,,425.0,2626.0,14.0,9.0,5.0
terrads_d52578160e6d,Zenodo/TerraDS,iac_benchmark/scenarios/terrads_d52578160e6d,True,True,0,0,0,0,0,,,,,562.0,3786.0,16.0,15.0,5.0
terrads_096a5e4aced6,Zenodo/TerraDS,iac_benchmark/scenarios/terrads_096a5e4aced6,True,True,0,0,0,0,0,,,,,473.0,3157.0,16.0,19.0,5.0
terrads_2c7035c8fada,Zenodo/TerraDS,iac_benchmark/scenarios/terrads_2c7035c8fada,True,True,0,0,0,0,0,,,,,742.0,5019.0,26.0,1.0,5.0
terrads_0fa1af3718a4,Zenodo/TerraDS,iac_benchmark/scenarios/terrads_0fa1af3718a4,True,True,0,0,0,0,0,,,,,615.0,3799.0,16.0,26.0,5.0
terrads_85a69194307f,Zenodo/TerraDS,iac_benchmark/scenarios/terrads_85a69194307f,True,True,0,0,0,0,0,,,,,882.0,5914.0,31.0,31.0,5.0
terrads_e42462937035,Zenodo/TerraDS,iac_benchmark/scenarios/terrads_e42462937035,True,True,0,0,0,0,0,,,,,828.0,6268.0,32.0,23.0,5.0
terrads_6b53d69db319,Zenodo/TerraDS,iac_benchmark/scenarios/terrads_6b53d69db319,True,True,0,0,0,0,0,,,,,477.0,3685.0,33.0,0.0,5.0
terrads_cf45b0e77026,Zenodo/TerraDS,iac_benchmark/scenarios/terrads_cf45b0e77026,True,True,0,0,0,0,0,,,,,401.0,2831.0,25.0,9.0,5.0
terrads_0a23bd6519af,Zenodo/TerraDS,iac_benchmark/scenarios/terrads_0a23bd6519af,True,True,0,0,0,0,0,,,,,408.0,2873.0,26.0,10.0,5.0
terrads_e75f0446bfff,Zenodo/TerraDS,iac_benchmark/scenarios/terrads_e75f0446bfff,True,True,0,0,0,0,0,,,,,882.0,5914.0,31.0,31.0,5.0
terrads_3f23ec32b87e,Zenodo/TerraDS,iac_benchmark/scenarios/terrads_3f23ec32b87e,True,True,0,0,0,0,0,,,,,635.0,4524.0,13.0,49.0,5.0
terrads_83e51c1e0b80,Zenodo/TerraDS,iac_benchmark/scenarios/terrads_83e51c1e0b80,True,True,0,0,0,0,0,,,,,405.0,2693.0,18.0,1.0,5.0
terrads_b3138c6399c3,Zenodo/TerraDS,iac_benchmark/scenarios/terrads_b3138c6399c3,True,True,0,0,0,0,0,,,,,462.0,2859.0,26.0,0.0,5.0
terrads_e0acce01de18,Zenodo/TerraDS,iac_benchmark/scenarios/terrads_e0acce01de18,True,True,0,0,0,0,0,,,,,753.0,6790.0,33.0,25.0,5.0
terrads_0d051e0858e3,Zenodo/TerraDS,iac_benchmark/scenarios/terrads_0d051e0858e3,True,True,0,0,0,0,0,,,,,541.0,3526.0,24.0,16.0,5.0
terrads_403918109215,Zenodo/TerraDS,iac_benchmark/scenarios/terrads_403918109215,True,True,0,0,0,0,0,,,,,687.0,4578.0,33.0,4.0,5.0
terrads_f7e7000030d7,Zenodo/TerraDS,iac_benchmark/scenarios/terrads_f7e7000030d7,True,True,0,0,0,0,0,,,,,976.0,7958.0,75.0,1.0,5.0
terrads_e5ea25d15238,Zenodo/TerraDS,iac_benchmark/scenarios/terrads_e5ea25d15238,True,True,0,0,0,0,0,,,,,566.0,3633.0,26.0,10.0,5.0
terrads_8cbb1b2da6f1,Zenodo/TerraDS,iac_benchmark/scenarios/terrads_8cbb1b2da6f1,True,True,0,0,0,0,0,,,,,406.0,2700.0,13.0,8.0,5.0
terrads_b251c3fa47cc,Zenodo/TerraDS,iac_benchmark/scenarios/terrads_b251c3fa47cc,True,True,0,0,0,0,0,,,,,574.0,4601.0,33.0,18.0,5.0
terrads_29231588d7a2,Zenodo/TerraDS,iac_benchmark/scenarios/terrads_29231588d7a2,True,True,0,0,0,0,0,,,,,452.0,3213.0,25.0,0.0,5.0
terrads_791453925c34,Zenodo/TerraDS,iac_benchmark/scenarios/terrads_791453925c34,True,True,0,0,0,0,0,,,,,571.0,4705.0,13.0,24.0,5.0
terrads_0a5f0b52911b,Zenodo/TerraDS,iac_benchmark/scenarios/terrads_0a5f0b52911b,True,True,0,0,0,0,0,,,,,411.0,2982.0,23.0,2.0,5.0
terrads_867576200376,Zenodo/TerraDS,iac_benchmark/scenarios/terrads_867576200376,True,True,0,0,0,0,0,,,,,518.0,3220.0,17.0,9.0,5.0
terrads_263b50c5b12c,Zenodo/TerraDS,iac_benchmark/scenarios/terrads_263b50c5b12c,True,True,0,0,0,0,0,,,,,580.0,4261.0,20.0,7.0,5.0
terrads_3fe925da9b83,Zenodo/TerraDS,iac_benchmark/scenarios/terrads_3fe925da9b83,True,True,0,0,0,0,0,,,,,707.0,6388.0,38.0,1.0,5.0
terrads_fc4f914f90cc,Zenodo/TerraDS,iac_benchmark/scenarios/terrads_fc4f914f90cc,True,True,0,0,0,0,0,,,,,723.0,5881.0,47.0,8.0,5.0
terrads_bb382f0f3fd1,Zenodo/TerraDS,iac_benchmark/scenarios/terrads_bb382f0f3fd1,True,True,0,0,0,0,0,,,,,401.0,2360.0,13.0,3.0,5.0
terrads_862539b68d31,Zenodo/TerraDS,iac_benchmark/scenarios/terrads_862539b68d31,True,True,0,0,0,0,0,,,,,697.0,4924.0,61.0,4.0,5.0
terrads_18b46c9055d2,Zenodo/TerraDS,iac_benchmark/scenarios/terrads_18b46c9055d2,True,True,0,0,0,0,0,,,,,1088.0,7857.0,17.0,74.0,5.0
terrads_9c894ecd79a7,Zenodo/TerraDS,iac_benchmark/scenarios/terrads_9c894ecd79a7,True,True,0,0,0,0,0,,,,,422.0,2463.0,17.0,11.0,5.0
terrads_8664c97be3d8,Zenodo/TerraDS,iac_benchmark/scenarios/terrads_8664c97be3d8,True,True,0,0,0,0,0,,,,,570.0,4017.0,25.0,1.0,5.0
terrads_88e33d2dd899,Zenodo/TerraDS,iac_benchmark/scenarios/terrads_88e33d2dd899,True,True,0,0,0,0,0,,,,,782.0,6217.0,51.0,24.0,5.0
terrads_d5195ac40fc4,Zenodo/TerraDS,iac_benchmark/scenarios/terrads_d5195ac40fc4,True,True,0,0,0,0,0,,,,,541.0,3526.0,24.0,16.0,5.0
terrads_c2c0cee69aec,Zenodo/TerraDS,iac_benchmark/scenarios/terrads_c2c0cee69aec,True,True,0,0,0,0,0,,,,,648.0,4773.0,47.0,3.0,5.0
terrads_61f93ff872d8,Zenodo/TerraDS,iac_benchmark/scenarios/terrads_61f93ff872d8,True,True,0,0,0,0,0,,,,,480.0,3407.0,30.0,0.0,5.0
terrads_6883f17af8ea,Zenodo/TerraDS,iac_benchmark/scenarios/terrads_6883f17af8ea,True,True,0,0,0,0,0,,,,,401.0,2682.0,27.0,1.0,5.0
terrads_0a0180ad870f,Zenodo/TerraDS,iac_benchmark/scenarios/terrads_0a0180ad870f,True,True,0,0,0,0,0,,,,,400.0,2371.0,16.0,4.0,5.0
terrads_7da93cb262b4,Zenodo/TerraDS,iac_benchmark/scenarios/terrads_7da93cb262b4,True,True,0,0,0,0,0,,,,,514.0,3642.0,26.0,7.0,5.0
terrads_f136411eb278,Zenodo/TerraDS,iac_benchmark/scenarios/terrads_f136411eb278,True,True,0,0,0,0,0,,,,,581.0,4395.0,12.0,47.0,5.0
terrads_08b5ed678011,Zenodo/TerraDS,iac_benchmark/scenarios/terrads_08b5ed678011,True,True,0,0,0,0,0,,,,,445.0,3488.0,30.0,1.0,5.0
terrads_1ae8e077b0b3,Zenodo/TerraDS,iac_benchmark/scenarios/terrads_1ae8e077b0b3,True,True,0,0,0,0,0,,,,,518.0,4792.0,22.0,15.0,5.0
terrads_c2ea1bfcb822,Zenodo/TerraDS,iac_benchmark/scenarios/terrads_c2ea1bfcb822,True,True,0,0,0,0,0,,,,,456.0,3087.0,33.0,0.0,5.0
terrads_846863dbcd7e,Zenodo/TerraDS,iac_benchmark/scenarios/terrads_846863dbcd7e,True,True,0,0,0,0,0,,,,,627.0,4322.0,40.0,11.0,5.0
gh_bb88aacc,Tianyi2/IRIS,iac_benchmark/scenarios/gh_bb88aacc,True,True,0,0,0,0,0,,,,,913.0,7049.0,43.0,22.0,5.0
terrads_0359477be72c,Zenodo/TerraDS,iac_benchmark/scenarios/terrads_0359477be72c,True,True,0,0,0,0,0,,,,,535.0,4437.0,29.0,12.0,5.0
terrads_17670f63f219,Zenodo/TerraDS,iac_benchmark/scenarios/terrads_17670f63f219,True,True,0,0,0,0,0,,,,,411.0,2982.0,23.0,2.0,5.0
gh_1a0e542d,Tianyi2/IRIS,iac_benchmark/scenarios/gh_1a0e542d,True,True,0,0,0,0,0,,,,,488.0,3811.0,24.0,20.0,5.0
terrads_961679a23502,Zenodo/TerraDS,iac_benchmark/scenarios/terrads_961679a23502,True,True,0,0,0,0,0,,,,,514.0,3679.0,34.0,9.0,5.0
terrads_14fec1c09b9b,Zenodo/TerraDS,iac_benchmark/scenarios/terrads_14fec1c09b9b,True,True,0,0,0,0,0,,,,,496.0,3578.0,20.0,10.0,5.0
terrads_6287f4acffef,Zenodo/TerraDS,iac_benchmark/scenarios/terrads_6287f4acffef,True,True,0,0,0,0,0,,,,,414.0,2604.0,15.0,16.0,5.0
terrads_272a8991776b,Zenodo/TerraDS,iac_benchmark/scenarios/terrads_272a8991776b,True,True,0,0,0,0,0,,,,,986.0,6944.0,20.0,10.0,5.0
terrads_dcafd888cdf0,Zenodo/TerraDS,iac_benchmark/scenarios/terrads_dcafd888cdf0,True,True,0,0,0,0,0,,,,,430.0,3671.0,23.0,0.0,5.0
terrads_c339853c22f7,Zenodo/TerraDS,iac_benchmark/scenarios/terrads_c339853c22f7,True,True,0,0,0,0,0,,,,,415.0,2635.0,21.0,5.0,5.0
terrads_b7acfe6c396b,Zenodo/TerraDS,iac_benchmark/scenarios/terrads_b7acfe6c396b,True,True,0,0,0,0,0,,,,,841.0,6564.0,26.0,14.0,5.0
terrads_f21ad01f40c5,Zenodo/TerraDS,iac_benchmark/scenarios/terrads_f21ad01f40c5,True,True,0,0,0,0,0,,,,,456.0,2964.0,12.0,19.0,5.0
terrads_9b58592351b5,Zenodo/TerraDS,iac_benchmark/scenarios/terrads_9b58592351b5,True,True,0,0,0,0,0,,,,,903.0,6960.0,23.0,50.0,5.0
terrads_3711044a6c94,Zenodo/TerraDS,iac_benchmark/scenarios/terrads_3711044a6c94,True,True,0,0,0,0,0,,,,,1107.0,7615.0,42.0,57.0,5.0
terrads_53e0666577e9,Zenodo/TerraDS,iac_benchmark/scenarios/terrads_53e0666577e9,True,True,0,0,0,0,0,,,,,605.0,4728.0,25.0,28.0,5.0
terrads_4e63828cb882,Zenodo/TerraDS,iac_benchmark/scenarios/terrads_4e63828cb882,True,True,0,0,0,0,0,,,,,600.0,3933.0,34.0,14.0,5.0
terrads_0fede37e0377,Zenodo/TerraDS,iac_benchmark/scenarios/terrads_0fede37e0377,True,True,0,0,0,0,0,,,,,993.0,7345.0,16.0,39.0,5.0
terrads_315d91652d9f,Zenodo/TerraDS,iac_benchmark/scenarios/terrads_315d91652d9f,True,True,0,0,0,0,0,,,,,664.0,4169.0,23.0,19.0,5.0
terrads_ffe41b15dd41,Zenodo/TerraDS,iac_benchmark/scenarios/terrads_ffe41b15dd41,True,True,0,0,0,0,0,,,,,452.0,3046.0,28.0,2.0,5.0
terrads_eb4f61342824,Zenodo/TerraDS,iac_benchmark/scenarios/terrads_eb4f61342824,True,True,0,0,0,0,0,,,,,659.0,4142.0,32.0,9.0,5.0
terrads_fbce78d144a6,Zenodo/TerraDS,iac_benchmark/scenarios/terrads_fbce78d144a6,True,True,0,0,0,0,0,,,,,472.0,2807.0,16.0,44.0,5.0
terrads_10d86f469b12,Zenodo/TerraDS,iac_benchmark/scenarios/terrads_10d86f469b12,True,True,0,0,0,0,0,,,,,547.0,4081.0,27.0,4.0,5.0
terrads_a75f06ad713e,Zenodo/TerraDS,iac_benchmark/scenarios/terrads_a75f06ad713e,True,True,0,0,0,0,0,,,,,653.0,4673.0,16.0,9.0,5.0
terrads_2dda33b7a8d7,Zenodo/TerraDS,iac_benchmark/scenarios/terrads_2dda33b7a8d7,True,True,0,0,0,0,0,,,,,516.0,3816.0,15.0,31.0,5.0
terrads_36844cc521aa,Zenodo/TerraDS,iac_benchmark/scenarios/terrads_36844cc521aa,True,True,0,0,0,0,0,,,,,693.0,4048.0,18.0,37.0,5.0
gh_95f8f356,Tianyi2/IRIS,iac_benchmark/scenarios/gh_95f8f356,True,True,0,0,0,0,0,,,,,566.0,4947.0,26.0,1.0,5.0
terrads_17a2911a7c94,Zenodo/TerraDS,iac_benchmark/scenarios/terrads_17a2911a7c94,True,True,0,0,0,0,0,,,,,851.0,5610.0,58.0,34.0,5.0
terrads_99cf2b4eb828,Zenodo/TerraDS,iac_benchmark/scenarios/terrads_99cf2b4eb828,True,True,0,0,0,0,0,,,,,489.0,3632.0,25.0,0.0,5.0
terrads_ceb6cc24184e,Zenodo/TerraDS,iac_benchmark/scenarios/terrads_ceb6cc24184e,True,True,0,0,0,0,0,,,,,547.0,4172.0,18.0,14.0,5.0
terrads_6b9c7e13cecd,Zenodo/TerraDS,iac_benchmark/scenarios/terrads_6b9c7e13cecd,True,True,0,0,0,0,0,,,,,622.0,4217.0,32.0,8.0,5.0
terrads_c7be216b7d9a,Zenodo/TerraDS,iac_benchmark/scenarios/terrads_c7be216b7d9a,True,True,0,0,0,0,0,,,,,436.0,2794.0,18.0,11.0,5.0
terrads_58e16b868cf5,Zenodo/TerraDS,iac_benchmark/scenarios/terrads_58e16b868cf5,True,True,0,0,0,0,0,,,,,446.0,3171.0,17.0,13.0,5.0
terrads_f6a2d31f8196,Zenodo/TerraDS,iac_benchmark/scenarios/terrads_f6a2d31f8196,True,True,0,0,0,0,0,,,,,417.0,2691.0,24.0,25.0,5.0
terrads_27686d83ae97,Zenodo/TerraDS,iac_benchmark/scenarios/terrads_27686d83ae97,True,True,0,0,0,0,0,,,,,774.0,6936.0,21.0,5.0,5.0
terrads_f62e21cb8b50,Zenodo/TerraDS,iac_benchmark/scenarios/terrads_f62e21cb8b50,True,True,0,0,0,0,0,,,,,644.0,4211.0,43.0,9.0,5.0
terrads_f4cbe132b779,Zenodo/TerraDS,iac_benchmark/scenarios/terrads_f4cbe132b779,True,True,0,0,0,0,0,,,,,893.0,6667.0,60.0,9.0,5.0
terrads_4366d89faabc,Zenodo/TerraDS,iac_benchmark/scenarios/terrads_4366d89faabc,True,True,0,0,0,0,0,,,,,422.0,2463.0,17.0,11.0,5.0
terrads_a97631e53671,Zenodo/TerraDS,iac_benchmark/scenarios/terrads_a97631e53671,True,True,0,0,0,0,0,,,,,471.0,2944.0,36.0,0.0,5.0
terrads_ba8574c5616a,Zenodo/TerraDS,iac_benchmark/scenarios/terrads_ba8574c5616a,True,True,0,0,0,0,0,,,,,622.0,4933.0,18.0,8.0,5.0
terrads_f902e960c03a,Zenodo/TerraDS,iac_benchmark/scenarios/terrads_f902e960c03a,True,True,0,0,0,0,0,,,,,579.0,5015.0,45.0,0.0,5.0
terrads_baff715ab3ae,Zenodo/TerraDS,iac_benchmark/scenarios/terrads_baff715ab3ae,True,True,0,0,0,0,0,,,,,408.0,3034.0,16.0,8.0,5.0
terrads_ec0c12727eb5,Zenodo/TerraDS,iac_benchmark/scenarios/terrads_ec0c12727eb5,True,True,0,0,0,0,0,,,,,426.0,2443.0,25.0,6.0,5.0
terrads_8552fe776f0a,Zenodo/TerraDS,iac_benchmark/scenarios/terrads_8552fe776f0a,True,True,0,0,0,0,0,,,,,527.0,3082.0,14.0,8.0,5.0
terrads_974d3dbb5509,Zenodo/TerraDS,iac_benchmark/scenarios/terrads_974d3dbb5509,True,True,0,0,0,0,0,,,,,537.0,4120.0,13.0,29.0,5.0
terrads_90a8b33eff52,Zenodo/TerraDS,iac_benchmark/scenarios/terrads_90a8b33eff52,True,True,0,0,0,0,0,,,,,534.0,4100.0,28.0,8.0,5.0
terrads_40007830f939,Zenodo/TerraDS,iac_benchmark/scenarios/terrads_40007830f939,True,True,0,0,0,0,0,,,,,727.0,4781.0,45.0,0.0,5.0
terrads_820b8306b27f,Zenodo/TerraDS,iac_benchmark/scenarios/terrads_820b8306b27f,True,True,0,0,0,0,0,,,,,778.0,5701.0,47.0,15.0,5.0
terrads_29f0825797c2,Zenodo/TerraDS,iac_benchmark/scenarios/terrads_29f0825797c2,True,True,0,0,0,0,0,,,,,400.0,2596.0,22.0,5.0,5.0
terrads_043b72444209,Zenodo/TerraDS,iac_benchmark/scenarios/terrads_043b72444209,True,True,0,0,0,0,0,,,,,576.0,3819.0,20.0,18.0,5.0
terrads_7213916d60b3,Zenodo/TerraDS,iac_benchmark/scenarios/terrads_7213916d60b3,True,True,0,0,0,0,0,,,,,417.0,2759.0,22.0,5.0,5.0
terrads_007eb0776993,Zenodo/TerraDS,iac_benchmark/scenarios/terrads_007eb0776993,True,True,0,0,0,0,0,,,,,798.0,6735.0,66.0,34.0,5.0
terrads_90018c6c1c7a,Zenodo/TerraDS,iac_benchmark/scenarios/terrads_90018c6c1c7a,True,True,0,0,0,0,0,,,,,540.0,3525.0,25.0,16.0,5.0
terrads_d1008c8d9626,Zenodo/TerraDS,iac_benchmark/scenarios/terrads_d1008c8d9626,True,True,0,0,0,0,0,,,,,563.0,4054.0,22.0,0.0,5.0
terrads_6aa4958e4b0e,Zenodo/TerraDS,iac_benchmark/scenarios/terrads_6aa4958e4b0e,True,True,0,0,0,0,0,,,,,634.0,5129.0,12.0,29.0,5.0
terrads_0f7b8ade86d8,Zenodo/TerraDS,iac_benchmark/scenarios/terrads_0f7b8ade86d8,True,True,0,0,0,0,0,,,,,518.0,3467.0,31.0,0.0,5.0
terrads_9c5501d058d4,Zenodo/TerraDS,iac_benchmark/scenarios/terrads_9c5501d058d4,True,True,0,0,0,0,0,,,,,510.0,4108.0,14.0,27.0,5.0
terrads_d432f6fe1b89,Zenodo/TerraDS,iac_benchmark/scenarios/terrads_d432f6fe1b89,True,True,0,0,0,0,0,,,,,434.0,2730.0,18.0,7.0,5.0
terrads_5fdc8bda54fe,Zenodo/TerraDS,iac_benchmark/scenarios/terrads_5fdc8bda54fe,True,True,0,0,0,0,0,,,,,865.0,6848.0,39.0,27.0,5.0
gh_a94815ec,Tianyi2/IRIS,iac_benchmark/scenarios/gh_a94815ec,True,True,0,0,0,0,0,,,,,433.0,3052.0,12.0,3.0,5.0
terrads_cd212b1eace5,Zenodo/TerraDS,iac_benchmark/scenarios/terrads_cd212b1eace5,True,True,0,0,0,0,0,,,,,443.0,2946.0,29.0,1.0,5.0
terrads_1d159c380207,Zenodo/TerraDS,iac_benchmark/scenarios/terrads_1d159c380207,True,True,0,0,0,0,0,,,,,450.0,2802.0,22.0,9.0,5.0
terrads_bb4ba120bf6b,Zenodo/TerraDS,iac_benchmark/scenarios/terrads_bb4ba120bf6b,True,True,0,0,0,0,0,,,,,851.0,5727.0,23.0,50.0,5.0
terrads_48260fd6688a,Zenodo/TerraDS,iac_benchmark/scenarios/terrads_48260fd6688a,True,True,0,0,0,0,0,,,,,450.0,2802.0,22.0,9.0,5.0
terrads_cbdb64eb0af4,Zenodo/TerraDS,iac_benchmark/scenarios/terrads_cbdb64eb0af4,True,True,0,0,0,0,0,,,,,1091.0,7035.0,36.0,39.0,5.0
terrads_00abe3fe8e77,Zenodo/TerraDS,iac_benchmark/scenarios/terrads_00abe3fe8e77,True,True,0,0,0,0,0,,,,,489.0,3632.0,25.0,0.0,5.0
terrads_bbbc8b4878a9,Zenodo/TerraDS,iac_benchmark/scenarios/terrads_bbbc8b4878a9,True,True,0,0,0,0,0,,,,,421.0,2883.0,29.0,0.0,5.0
terrads_31f4ba308df0,Zenodo/TerraDS,iac_benchmark/scenarios/terrads_31f4ba308df0,True,True,0,0,0,0,0,,,,,540.0,3525.0,25.0,16.0,5.0
terrads_39eb08b6f413,Zenodo/TerraDS,iac_benchmark/scenarios/terrads_39eb08b6f413,True,True,0,0,0,0,0,,,,,557.0,4489.0,14.0,16.0,5.0
terrads_3f564f070c27,Zenodo/TerraDS,iac_benchmark/scenarios/terrads_3f564f070c27,True,True,0,0,0,0,0,,,,,459.0,3211.0,15.0,8.0,5.0
gh_a7884080,Tianyi2/IRIS,iac_benchmark/scenarios/gh_a7884080,True,True,0,0,0,0,0,,,,,813.0,6801.0,23.0,5.0,5.0
terrads_c93bf52368f7,Zenodo/TerraDS,iac_benchmark/scenarios/terrads_c93bf52368f7,True,True,0,0,0,0,0,,,,,495.0,3749.0,34.0,1.0,5.0
terrads_2bfb47fbe9f9,Zenodo/TerraDS,iac_benchmark/scenarios/terrads_2bfb47fbe9f9,True,True,0,0,0,0,0,,,,,505.0,3150.0,15.0,18.0,5.0
terrads_4ac47d3eb05a,Zenodo/TerraDS,iac_benchmark/scenarios/terrads_4ac47d3eb05a,True,True,0,0,0,0,0,,,,,456.0,3087.0,33.0,0.0,5.0
terrads_e1ee4e99b1f2,Zenodo/TerraDS,iac_benchmark/scenarios/terrads_e1ee4e99b1f2,True,True,0,0,0,0,0,,,,,554.0,4125.0,37.0,3.0,5.0
terrads_ec414c0819a4,Zenodo/TerraDS,iac_benchmark/scenarios/terrads_ec414c0819a4,True,True,0,0,0,0,0,,,,,882.0,5914.0,31.0,31.0,5.0
terrads_c8291704fcfd,Zenodo/TerraDS,iac_benchmark/scenarios/terrads_c8291704fcfd,True,True,0,0,0,0,0,,,,,540.0,3525.0,25.0,16.0,5.0
terrads_3d4a26973417,Zenodo/TerraDS,iac_benchmark/scenarios/terrads_3d4a26973417,True,True,0,0,0,0,0,,,,,441.0,3147.0,22.0,14.0,5.0
terrads_8a33503d450f,Zenodo/TerraDS,iac_benchmark/scenarios/terrads_8a33503d450f,True,True,0,0,0,0,0,,,,,416.0,2692.0,13.0,7.0,5.0
terrads_cafba0e4f0c9,Zenodo/TerraDS,iac_benchmark/scenarios/terrads_cafba0e4f0c9,True,True,0,0,0,0,0,,,,,732.0,4903.0,25.0,1.0,5.0
terrads_6711ab1ee4c6,Zenodo/TerraDS,iac_benchmark/scenarios/terrads_6711ab1ee4c6,True,True,0,0,0,0,0,,,,,433.0,2656.0,13.0,14.0,5.0
terrads_edb86db561f2,Zenodo/TerraDS,iac_benchmark/scenarios/terrads_edb86db561f2,True,True,0,0,0,0,0,,,,,881.0,6949.0,33.0,21.0,5.0
terrads_3b2d4a6afaef,Zenodo/TerraDS,iac_benchmark/scenarios/terrads_3b2d4a6afaef,True,True,0,0,0,0,0,,,,,1006.0,7950.0,13.0,39.0,5.0
terrads_fa8a2f02df2e,Zenodo/TerraDS,iac_benchmark/scenarios/terrads_fa8a2f02df2e,True,True,0,0,0,0,0,,,,,882.0,5914.0,31.0,31.0,5.0
terrads_712ed7f79b21,Zenodo/TerraDS,iac_benchmark/scenarios/terrads_712ed7f79b21,True,True,0,0,0,0,0,,,,,540.0,3525.0,25.0,16.0,5.0
terrads_6f981d66f32b,Zenodo/TerraDS,iac_benchmark/scenarios/terrads_6f981d66f32b,True,True,0,0,0,0,0,,,,,443.0,2981.0,29.0,1.0,5.0
terrads_2cbecaab2b72,Zenodo/TerraDS,iac_benchmark/scenarios/terrads_2cbecaab2b72,True,True,0,0,0,0,0,,,,,1053.0,7356.0,57.0,8.0,5.0
gh_9b86c058,Tianyi2/IRIS,iac_benchmark/scenarios/gh_9b86c058,True,True,0,0,0,0,0,,,,,724.0,5684.0,22.0,29.0,5.0
terrads_f5add063e730,Zenodo/TerraDS,iac_benchmark/scenarios/terrads_f5add063e730,True,True,0,0,0,0,0,,,,,412.0,2535.0,27.0,0.0,5.0
terrads_fcf31e2a2d27,Zenodo/TerraDS,iac_benchmark/scenarios/terrads_fcf31e2a2d27,True,True,0,0,0,0,0,,,,,404.0,3040.0,15.0,1.0,5.0
terrads_938abcb53f6f,Zenodo/TerraDS,iac_benchmark/scenarios/terrads_938abcb53f6f,True,True,0,0,0,0,0,,,,,567.0,3878.0,39.0,0.0,5.0
terrads_94059084c049,Zenodo/TerraDS,iac_benchmark/scenarios/terrads_94059084c049,True,True,0,0,0,0,0,,,,,734.0,4903.0,25.0,1.0,5.0
terrads_996df9cc2335,Zenodo/TerraDS,iac_benchmark/scenarios/terrads_996df9cc2335,True,True,0,0,0,0,0,,,,,508.0,3342.0,13.0,18.0,5.0
terrads_67b23c38a836,Zenodo/TerraDS,iac_benchmark/scenarios/terrads_67b23c38a836,True,True,0,0,0,0,0,,,,,535.0,4474.0,13.0,24.0,5.0
terrads_5026a22d3af8,Zenodo/TerraDS,iac_benchmark/scenarios/terrads_5026a22d3af8,True,True,0,0,0,0,0,,,,,475.0,3716.0,15.0,21.0,5.0
terrads_c94c7a2f1b79,Zenodo/TerraDS,iac_benchmark/scenarios/terrads_c94c7a2f1b79,True,True,0,0,0,0,0,,,,,643.0,5207.0,26.0,7.0,5.0
terrads_ece264bf6b63,Zenodo/TerraDS,iac_benchmark/scenarios/terrads_ece264bf6b63,True,True,0,0,0,0,0,,,,,412.0,2620.0,20.0,10.0,5.0
terrads_e10b66bc4041,Zenodo/TerraDS,iac_benchmark/scenarios/terrads_e10b66bc4041,True,True,0,0,0,0,0,,,,,567.0,3878.0,39.0,0.0,5.0
terrads_9a7edf612d3b,Zenodo/TerraDS,iac_benchmark/scenarios/terrads_9a7edf612d3b,True,True,0,0,0,0,0,,,,,422.0,2463.0,17.0,11.0,5.0
terrads_e0911f546246,Zenodo/TerraDS,iac_benchmark/scenarios/terrads_e0911f546246,True,True,0,0,0,0,0,,,,,563.0,4783.0,37.0,8.0,5.0
terrads_edda391aa995,Zenodo/TerraDS,iac_benchmark/scenarios/terrads_edda391aa995,True,True,0,0,0,0,0,,,,,408.0,2723.0,21.0,10.0,5.0
terrads_62521f4209bf,Zenodo/TerraDS,iac_benchmark/scenarios/terrads_62521f4209bf,True,True,0,0,0,0,0,,,,,734.0,4903.0,25.0,1.0,5.0
terrads_a9455bb797d0,Zenodo/TerraDS,iac_benchmark/scenarios/terrads_a9455bb797d0,True,True,0,0,0,0,0,,,,,651.0,3900.0,33.0,7.0,5.0
terrads_3dd0c8e2f921,Zenodo/TerraDS,iac_benchmark/scenarios/terrads_3dd0c8e2f921,True,True,0,0,0,0,0,,,,,647.0,4163.0,25.0,6.0,5.0
terrads_2d6b17342c0b,Zenodo/TerraDS,iac_benchmark/scenarios/terrads_2d6b17342c0b,True,True,0,0,0,0,0,,,,,432.0,3521.0,18.0,7.0,5.0
terrads_43fc5f423608,Zenodo/TerraDS,iac_benchmark/scenarios/terrads_43fc5f423608,True,True,0,0,0,0,0,,,,,882.0,5916.0,29.0,31.0,5.0
terrads_c40f10a21a0e,Zenodo/TerraDS,iac_benchmark/scenarios/terrads_c40f10a21a0e,True,True,0,0,0,0,0,,,,,686.0,4501.0,27.0,23.0,5.0
terrads_53cf6ab02f10,Zenodo/TerraDS,iac_benchmark/scenarios/terrads_53cf6ab02f10,True,True,0,0,0,0,0,,,,,412.0,2623.0,21.0,18.0,5.0
terrads_35e1571b7b8a,Zenodo/TerraDS,iac_benchmark/scenarios/terrads_35e1571b7b8a,True,True,0,0,0,0,0,,,,,831.0,6494.0,12.0,34.0,5.0
terrads_ea899b28baf9,Zenodo/TerraDS,iac_benchmark/scenarios/terrads_ea899b28baf9,True,True,0,0,0,0,0,,,,,474.0,3279.0,25.0,15.0,5.0
terrads_77969f786de6,Zenodo/TerraDS,iac_benchmark/scenarios/terrads_77969f786de6,True,True,0,0,0,0,0,,,,,505.0,3577.0,33.0,0.0,5.0
terrads_8a8a3ab5c110,Zenodo/TerraDS,iac_benchmark/scenarios/terrads_8a8a3ab5c110,True,True,0,0,0,0,0,,,,,884.0,6869.0,22.0,21.0,5.0
terrads_ea57b428b007,Zenodo/TerraDS,iac_benchmark/scenarios/terrads_ea57b428b007,True,True,0,0,0,0,0,,,,,438.0,3135.0,26.0,13.0,5.0
terrads_c9106611e5e6,Zenodo/TerraDS,iac_benchmark/scenarios/terrads_c9106611e5e6,True,True,0,0,0,0,0,,,,,415.0,2500.0,21.0,7.0,5.0
terrads_2612ec8a9317,Zenodo/TerraDS,iac_benchmark/scenarios/terrads_2612ec8a9317,True,True,0,0,0,0,0,,,,,517.0,3533.0,20.0,7.0,5.0
terrads_3073ed6033bb,Zenodo/TerraDS,iac_benchmark/scenarios/terrads_3073ed6033bb,True,True,0,0,0,0,0,,,,,730.0,4903.0,25.0,1.0,5.0
terrads_eb4b17ad8374,Zenodo/TerraDS,iac_benchmark/scenarios/terrads_eb4b17ad8374,True,True,0,0,0,0,0,,,,,402.0,2700.0,18.0,19.0,5.0
terrads_5c712840b86d,Zenodo/TerraDS,iac_benchmark/scenarios/terrads_5c712840b86d,True,True,0,0,0,0,0,,,,,428.0,2647.0,21.0,12.0,5.0
terrads_8961742e82d5,Zenodo/TerraDS,iac_benchmark/scenarios/terrads_8961742e82d5,True,True,0,0,0,0,0,,,,,416.0,2577.0,13.0,0.0,5.0
terrads_b539e7df0b6c,Zenodo/TerraDS,iac_benchmark/scenarios/terrads_b539e7df0b6c,True,True,0,0,0,0,0,,,,,437.0,2685.0,22.0,7.0,5.0
terrads_0f3abf5c4fd6,Zenodo/TerraDS,iac_benchmark/scenarios/terrads_0f3abf5c4fd6,True,True,0,0,0,0,0,,,,,738.0,5278.0,43.0,20.0,5.0
terrads_fb9cbc3b8704,Zenodo/TerraDS,iac_benchmark/scenarios/terrads_fb9cbc3b8704,True,True,0,0,0,0,0,,,,,882.0,5914.0,31.0,31.0,5.0
terrads_fa1b3d04274e,Zenodo/TerraDS,iac_benchmark/scenarios/terrads_fa1b3d04274e,True,True,0,0,0,0,0,,,,,504.0,2688.0,12.0,24.0,5.0
terrads_2c559054041f,Zenodo/TerraDS,iac_benchmark/scenarios/terrads_2c559054041f,True,True,0,0,0,0,0,,,,,489.0,3424.0,12.0,37.0,5.0
terrads_ba575606bb43,Zenodo/TerraDS,iac_benchmark/scenarios/terrads_ba575606bb43,True,True,0,0,0,0,0,,,,,716.0,6317.0,51.0,13.0,5.0
terrads_0ce47277cf1a,Zenodo/TerraDS,iac_benchmark/scenarios/terrads_0ce47277cf1a,True,True,0,0,0,0,0,,,,,465.0,3325.0,16.0,12.0,5.0
terrads_b399f0e51686,Zenodo/TerraDS,iac_benchmark/scenarios/terrads_b399f0e51686,True,True,0,0,0,0,0,,,,,415.0,3213.0,12.0,18.0,5.0
terrads_0ab5cffdaa4c,Zenodo/TerraDS,iac_benchmark/scenarios/terrads_0ab5cffdaa4c,True,True,0,0,0,0,0,,,,,479.0,3180.0,13.0,10.0,5.0
terrads_710f36651aab,Zenodo/TerraDS,iac_benchmark/scenarios/terrads_710f36651aab,True,True,0,0,0,0,0,,,,,535.0,3248.0,20.0,20.0,5.0
terrads_6decf54c313e,Zenodo/TerraDS,iac_benchmark/scenarios/terrads_6decf54c313e,True,True,0,0,0,0,0,,,,,442.0,2924.0,28.0,4.0,5.0
terrads_19b1f746bf59,Zenodo/TerraDS,iac_benchmark/scenarios/terrads_19b1f746bf59,True,True,0,0,0,0,0,,,,,608.0,4443.0,28.0,3.0,5.0
terrads_d01624595e68,Zenodo/TerraDS,iac_benchmark/scenarios/terrads_d01624595e68,True,True,0,0,0,0,0,,,,,712.0,5048.0,31.0,26.0,5.0
terrads_6ecef0434ef3,Zenodo/TerraDS,iac_benchmark/scenarios/terrads_6ecef0434ef3,True,True,0,0,0,0,0,,,,,563.0,3915.0,35.0,0.0,5.0
terrads_cc4019ef66e9,Zenodo/TerraDS,iac_benchmark/scenarios/terrads_cc4019ef66e9,True,True,0,0,0,0,0,,,,,445.0,3136.0,25.0,13.0,5.0
terrads_a8ce09e07f88,Zenodo/TerraDS,iac_benchmark/scenarios/terrads_a8ce09e07f88,True,True,0,0,0,0,0,,,,,882.0,5914.0,31.0,31.0,5.0
terrads_e8ecc4996b42,Zenodo/TerraDS,iac_benchmark/scenarios/terrads_e8ecc4996b42,True,True,0,0,0,0,0,,,,,471.0,2944.0,36.0,0.0,5.0
terrads_220b19c5665b,Zenodo/TerraDS,iac_benchmark/scenarios/terrads_220b19c5665b,True,True,0,0,0,0,0,,,,,449.0,3391.0,15.0,15.0,5.0
terrads_fee1f372d76d,Zenodo/TerraDS,iac_benchmark/scenarios/terrads_fee1f372d76d,True,True,0,0,0,0,0,,,,,644.0,4785.0,30.0,17.0,5.0
terrads_77ff75a7aa2e,Zenodo/TerraDS,iac_benchmark/scenarios/terrads_77ff75a7aa2e,True,True,0,0,0,0,0,,,,,859.0,6377.0,28.0,46.0,5.0
terrads_cb4e2a4907a3,Zenodo/TerraDS,iac_benchmark/scenarios/terrads_cb4e2a4907a3,True,True,0,0,0,0,0,,,,,524.0,3771.0,18.0,19.0,5.0
terrads_bb0c825f2eeb,Zenodo/TerraDS,iac_benchmark/scenarios/terrads_bb0c825f2eeb,True,True,0,0,0,0,0,,,,,467.0,3080.0,21.0,14.0,5.0
terrads_597a032374f8,Zenodo/TerraDS,iac_benchmark/scenarios/terrads_597a032374f8,True,True,0,0,0,0,0,,,,,505.0,3264.0,31.0,3.0,5.0
terrads_371839856c4a,Zenodo/TerraDS,iac_benchmark/scenarios/terrads_371839856c4a,True,True,0,0,0,0,0,,,,,788.0,5055.0,24.0,24.0,5.0
terrads_4b980f5967b7,Zenodo/TerraDS,iac_benchmark/scenarios/terrads_4b980f5967b7,True,True,0,0,0,0,0,,,,,447.0,2879.0,22.0,18.0,5.0
terrads_0081f4adef25,Zenodo/TerraDS,iac_benchmark/scenarios/terrads_0081f4adef25,True,True,0,0,0,0,0,,,,,496.0,2831.0,19.0,17.0,5.0
terrads_84d1bad99249,Zenodo/TerraDS,iac_benchmark/scenarios/terrads_84d1bad99249,True,True,0,0,0,0,0,,,,,541.0,4020.0,25.0,17.0,5.0
terrads_513f290592e2,Zenodo/TerraDS,iac_benchmark/scenarios/terrads_513f290592e2,True,True,0,0,0,0,0,,,,,734.0,4903.0,25.0,1.0,5.0
terrads_56222a102b2c,Zenodo/TerraDS,iac_benchmark/scenarios/terrads_56222a102b2c,True,True,0,0,0,0,0,,,,,882.0,5914.0,31.0,31.0,5.0
terrads_bb1043b5eeee,Zenodo/TerraDS,iac_benchmark/scenarios/terrads_bb1043b5eeee,True,True,0,0,0,0,0,,,,,511.0,3788.0,20.0,32.0,5.0
terrads_70b180880fcf,Zenodo/TerraDS,iac_benchmark/scenarios/terrads_70b180880fcf,True,True,0,0,0,0,0,,,,,549.0,4022.0,18.0,18.0,5.0
terrads_6f6085b5148b,Zenodo/TerraDS,iac_benchmark/scenarios/terrads_6f6085b5148b,True,True,0,0,0,0,0,,,,,741.0,4140.0,19.0,5.0,5.0
terrads_482a1d581263,Zenodo/TerraDS,iac_benchmark/scenarios/terrads_482a1d581263,True,True,0,0,0,0,0,,,,,966.0,6990.0,43.0,7.0,5.0
terrads_27c7e309fe86,Zenodo/TerraDS,iac_benchmark/scenarios/terrads_27c7e309fe86,True,True,0,0,0,0,0,,,,,991.0,6720.0,38.0,31.0,5.0
terrads_f9248cefe0bf,Zenodo/TerraDS,iac_benchmark/scenarios/terrads_f9248cefe0bf,True,True,0,0,0,0,0,,,,,655.0,4603.0,25.0,0.0,5.0
terrads_dff2c4a84463,Zenodo/TerraDS,iac_benchmark/scenarios/terrads_dff2c4a84463,True,True,0,0,0,0,0,,,,,899.0,6465.0,46.0,0.0,5.0
terrads_8d361db76bc7,Zenodo/TerraDS,iac_benchmark/scenarios/terrads_8d361db76bc7,True,True,0,0,0,0,0,,,,,1073.0,7183.0,32.0,32.0,5.0
terrads_3040625cd6ff,Zenodo/TerraDS,iac_benchmark/scenarios/terrads_3040625cd6ff,True,True,0,0,0,0,0,,,,,503.0,3178.0,25.0,11.0,5.0
terrads_21299bbc7765,Zenodo/TerraDS,iac_benchmark/scenarios/terrads_21299bbc7765,True,True,0,0,0,0,0,,,,,433.0,2656.0,13.0,14.0,5.0
terrads_27674fb47d41,Zenodo/TerraDS,iac_benchmark/scenarios/terrads_27674fb47d41,True,True,0,0,0,0,0,,,,,477.0,2882.0,19.0,16.0,5.0
terrads_46ade2027ab4,Zenodo/TerraDS,iac_benchmark/scenarios/terrads_46ade2027ab4,True,True,0,0,0,0,0,,,,,441.0,3733.0,16.0,22.0,5.0
terrads_e6ce9c5ee1f4,Zenodo/TerraDS,iac_benchmark/scenarios/terrads_e6ce9c5ee1f4,True,True,0,0,0,0,0,,,,,762.0,5459.0,14.0,66.0,5.0
terrads_6a875018ff66,Zenodo/TerraDS,iac_benchmark/scenarios/terrads_6a875018ff66,True,True,0,0,0,0,0,,,,,403.0,2820.0,13.0,6.0,5.0
terrads_9dc66066c63a,Zenodo/TerraDS,iac_benchmark/scenarios/terrads_9dc66066c63a,True,True,0,0,0,0,0,,,,,542.0,3525.0,23.0,16.0,5.0
terrads_fa511c8ca15b,Zenodo/TerraDS,iac_benchmark/scenarios/terrads_fa511c8ca15b,True,True,0,0,0,0,0,,,,,435.0,2984.0,26.0,2.0,5.0
terrads_b745506751ee,Zenodo/TerraDS,iac_benchmark/scenarios/terrads_b745506751ee,True,True,0,0,0,0,0,,,,,556.0,4769.0,12.0,19.0,5.0
terrads_29870ade7005,Zenodo/TerraDS,iac_benchmark/scenarios/terrads_29870ade7005,True,True,0,0,0,0,0,,,,,459.0,3773.0,45.0,2.0,5.0
terrads_b40169bd2487,Zenodo/TerraDS,iac_benchmark/scenarios/terrads_b40169bd2487,True,True,0,0,0,0,0,,,,,461.0,3407.0,13.0,23.0,5.0
terrads_193601888f10,Zenodo/TerraDS,iac_benchmark/scenarios/terrads_193601888f10,True,True,0,0,0,0,0,,,,,450.0,2802.0,22.0,9.0,5.0
terrads_1c9c1ed80d2b,Zenodo/TerraDS,iac_benchmark/scenarios/terrads_1c9c1ed80d2b,True,True,0,0,0,0,0,,,,,1002.0,7122.0,16.0,65.0,5.0
terrads_1a4a98d96704,Zenodo/TerraDS,iac_benchmark/scenarios/terrads_1a4a98d96704,True,True,0,0,0,0,0,,,,,476.0,3453.0,31.0,0.0,5.0
terrads_e37c39dd2efd,Zenodo/TerraDS,iac_benchmark/scenarios/terrads_e37c39dd2efd,True,True,0,0,0,0,0,,,,,473.0,3341.0,15.0,7.0,5.0
terrads_91a726061871,Zenodo/TerraDS,iac_benchmark/scenarios/terrads_91a726061871,True,True,0,0,0,0,0,,,,,702.0,5652.0,16.0,37.0,5.0
terrads_18d7880c7eee,Zenodo/TerraDS,iac_benchmark/scenarios/terrads_18d7880c7eee,True,True,0,0,0,0,0,,,,,558.0,4475.0,13.0,46.0,5.0
terrads_13aacab3d52b,Zenodo/TerraDS,iac_benchmark/scenarios/terrads_13aacab3d52b,True,True,0,0,0,0,0,,,,,412.0,2535.0,27.0,0.0,5.0
terrads_adb0ac915fa9,Zenodo/TerraDS,iac_benchmark/scenarios/terrads_adb0ac915fa9,True,True,0,0,0,0,0,,,,,459.0,2965.0,17.0,27.0,5.0
terrads_d371801288c2,Zenodo/TerraDS,iac_benchmark/scenarios/terrads_d371801288c2,True,True,0,0,0,0,0,,,,,778.0,6330.0,36.0,27.0,5.0
terrads_f1bdb8359708,Zenodo/TerraDS,iac_benchmark/scenarios/terrads_f1bdb8359708,True,True,0,0,0,0,0,,,,,600.0,4726.0,17.0,37.0,5.0
terrads_9025d9e0db44,Zenodo/TerraDS,iac_benchmark/scenarios/terrads_9025d9e0db44,True,True,0,0,0,0,0,,,,,770.0,6257.0,46.0,0.0,5.0
terrads_d72f6bbf765a,Zenodo/TerraDS,iac_benchmark/scenarios/terrads_d72f6bbf765a,True,True,0,0,0,0,0,,,,,440.0,3260.0,12.0,17.0,5.0
terrads_561679a54cc8,Zenodo/TerraDS,iac_benchmark/scenarios/terrads_561679a54cc8,True,True,0,0,0,0,0,,,,,470.0,4387.0,24.0,0.0,5.0
terrads_6eb58d962d6d,Zenodo/TerraDS,iac_benchmark/scenarios/terrads_6eb58d962d6d,True,True,0,0,0,0,0,,,,,718.0,6203.0,74.0,7.0,5.0
terrads_591399afb507,Zenodo/TerraDS,iac_benchmark/scenarios/terrads_591399afb507,True,True,0,0,0,0,0,,,,,970.0,6485.0,29.0,9.0,5.0
terrads_94982de33314,Zenodo/TerraDS,iac_benchmark/scenarios/terrads_94982de33314,True,True,0,0,0,0,0,,,,,731.0,4903.0,25.0,1.0,5.0
terrads_42b25e4c9590,Zenodo/TerraDS,iac_benchmark/scenarios/terrads_42b25e4c9590,True,True,0,0,0,0,0,,,,,692.0,5205.0,37.0,11.0,5.0
terrads_831d0f3e5792,Zenodo/TerraDS,iac_benchmark/scenarios/terrads_831d0f3e5792,True,True,0,0,0,0,0,,,,,447.0,3071.0,22.0,11.0,5.0
terrads_817679d2f6fb,Zenodo/TerraDS,iac_benchmark/scenarios/terrads_817679d2f6fb,True,True,0,0,0,0,0,,,,,567.0,3878.0,39.0,0.0,5.0
terrads_b0befe585a23,Zenodo/TerraDS,iac_benchmark/scenarios/terrads_b0befe585a23,True,True,0,0,0,0,0,,,,,732.0,4903.0,25.0,1.0,5.0
terrads_79e7e6428043,Zenodo/TerraDS,iac_benchmark/scenarios/terrads_79e7e6428043,True,True,0,0,0,0,0,,,,,611.0,3963.0,37.0,14.0,5.0
terrads_f6b6e213b6b3,Zenodo/TerraDS,iac_benchmark/scenarios/terrads_f6b6e213b6b3,True,True,0,0,0,0,0,,,,,755.0,4638.0,34.0,22.0,5.0
terrads_d120e2192eac,Zenodo/TerraDS,iac_benchmark/scenarios/terrads_d120e2192eac,True,True,0,0,0,0,0,,,,,687.0,4865.0,25.0,21.0,5.0
terrads_9a90c10aa922,Zenodo/TerraDS,iac_benchmark/scenarios/terrads_9a90c10aa922,True,True,0,0,0,0,0,,,,,523.0,3817.0,22.0,20.0,5.0
terrads_6edfde79df6e,Zenodo/TerraDS,iac_benchmark/scenarios/terrads_6edfde79df6e,True,True,0,0,0,0,0,,,,,571.0,3572.0,21.0,10.0,5.0
terrads_aa1d9cc4b86f,Zenodo/TerraDS,iac_benchmark/scenarios/terrads_aa1d9cc4b86f,True,True,0,0,0,0,0,,,,,540.0,3525.0,25.0,16.0,5.0
terrads_f2d8755ec303,Zenodo/TerraDS,iac_benchmark/scenarios/terrads_f2d8755ec303,True,True,0,0,0,0,0,,,,,408.0,2523.0,15.0,17.0,5.0
terrads_2d2c19ae5a6e,Zenodo/TerraDS,iac_benchmark/scenarios/terrads_2d2c19ae5a6e,True,True,0,0,0,0,0,,,,,1190.0,7405.0,24.0,2.0,5.0
terrads_d9c843129073,Zenodo/TerraDS,iac_benchmark/scenarios/terrads_d9c843129073,True,True,0,0,0,0,0,,,,,808.0,6159.0,18.0,24.0,5.0
terrads_c425429d2e31,Zenodo/TerraDS,iac_benchmark/scenarios/terrads_c425429d2e31,True,True,0,0,0,0,0,,,,,443.0,2801.0,20.0,18.0,5.0
terrads_f03552aa6b94,Zenodo/TerraDS,iac_benchmark/scenarios/terrads_f03552aa6b94,True,True,0,0,0,0,0,,,,,402.0,3015.0,12.0,31.0,5.0
terrads_da4ef53cbbd4,Zenodo/TerraDS,iac_benchmark/scenarios/terrads_da4ef53cbbd4,True,True,0,0,0,0,0,,,,,882.0,5914.0,31.0,31.0,5.0
terrads_01ff1956a941,Zenodo/TerraDS,iac_benchmark/scenarios/terrads_01ff1956a941,True,True,0,0,0,0,0,,,,,882.0,5914.0,31.0,31.0,5.0
terrads_80f0571e0055,Zenodo/TerraDS,iac_benchmark/scenarios/terrads_80f0571e0055,True,True,0,0,0,0,0,,,,,422.0,2463.0,17.0,11.0,5.0
terrads_1fe5d360b9d0,Zenodo/TerraDS,iac_benchmark/scenarios/terrads_1fe5d360b9d0,True,True,0,0,0,0,0,,,,,932.0,7343.0,21.0,10.0,5.0
terrads_e9823964432e,Zenodo/TerraDS,iac_benchmark/scenarios/terrads_e9823964432e,True,True,0,0,0,0,0,,,,,437.0,2626.0,16.0,13.0,5.0
terrads_7a6bbe99fc19,Zenodo/TerraDS,iac_benchmark/scenarios/terrads_7a6bbe99fc19,True,True,0,0,0,0,0,,,,,701.0,5458.0,32.0,14.0,5.0
terrads_7c77861c6b58,Zenodo/TerraDS,iac_benchmark/scenarios/terrads_7c77861c6b58,True,True,0,0,0,0,0,,,,,454.0,3158.0,34.0,6.0,5.0
terrads_361ae689e6bc,Zenodo/TerraDS,iac_benchmark/scenarios/terrads_361ae689e6bc,True,True,0,0,0,0,0,,,,,445.0,3349.0,25.0,12.0,5.0
terrads_078835ff7c13,Zenodo/TerraDS,iac_benchmark/scenarios/terrads_078835ff7c13,True,True,0,0,0,0,0,,,,,711.0,6232.0,25.0,17.0,5.0
terrads_8f9d0fefe82c,Zenodo/TerraDS,iac_benchmark/scenarios/terrads_8f9d0fefe82c,True,True,0,0,0,0,0,,,,,456.0,3556.0,18.0,13.0,5.0
terrads_704654cfd9a7,Zenodo/TerraDS,iac_benchmark/scenarios/terrads_704654cfd9a7,True,True,0,0,0,0,0,,,,,473.0,3266.0,27.0,12.0,5.0
terrads_7c6f9e916464,Zenodo/TerraDS,iac_benchmark/scenarios/terrads_7c6f9e916464,True,True,0,0,0,0,0,,,,,1045.0,7181.0,48.0,27.0,5.0
terrads_e1cfc5a386bf,Zenodo/TerraDS,iac_benchmark/scenarios/terrads_e1cfc5a386bf,True,True,0,0,0,0,0,,,,,429.0,2458.0,15.0,25.0,5.0
terrads_ff94c9f7be3c,Zenodo/TerraDS,iac_benchmark/scenarios/terrads_ff94c9f7be3c,True,True,0,0,0,0,0,,,,,888.0,5254.0,35.0,29.0,5.0
terrads_d7300199d7b5,Zenodo/TerraDS,iac_benchmark/scenarios/terrads_d7300199d7b5,True,True,0,0,0,0,0,,,,,1157.0,6872.0,66.0,18.0,5.0
terrads_c55666ed8f83,Zenodo/TerraDS,iac_benchmark/scenarios/terrads_c55666ed8f83,True,True,0,0,0,0,0,,,,,443.0,2946.0,29.0,1.0,5.0
terrads_cea020382758,Zenodo/TerraDS,iac_benchmark/scenarios/terrads_cea020382758,True,True,0,0,0,0,0,,,,,536.0,3516.0,16.0,20.0,5.0
terrads_d3c3733b19b3,Zenodo/TerraDS,iac_benchmark/scenarios/terrads_d3c3733b19b3,True,True,0,0,0,0,0,,,,,539.0,3691.0,20.0,0.0,5.0
gh_8ed284e4,Tianyi2/IRIS,iac_benchmark/scenarios/gh_8ed284e4,True,True,0,0,0,0,0,,,,,713.0,5031.0,17.0,20.0,5.0
terrads_8be1824902e3,Zenodo/TerraDS,iac_benchmark/scenarios/terrads_8be1824902e3,True,True,0,0,0,0,0,,,,,839.0,5101.0,24.0,31.0,5.0
terrads_40722b9b6a14,Zenodo/TerraDS,iac_benchmark/scenarios/terrads_40722b9b6a14,True,True,0,0,0,0,0,,,,,520.0,4209.0,24.0,11.0,5.0
terrads_f072774195f8,Zenodo/TerraDS,iac_benchmark/scenarios/terrads_f072774195f8,True,True,0,0,0,0,0,,,,,520.0,3680.0,26.0,21.0,5.0
terrads_4d639bdf8e09,Zenodo/TerraDS,iac_benchmark/scenarios/terrads_4d639bdf8e09,True,True,0,0,0,0,0,,,,,697.0,4961.0,30.0,31.0,5.0
terrads_b57999e0c99c,Zenodo/TerraDS,iac_benchmark/scenarios/terrads_b57999e0c99c,True,True,0,0,0,0,0,,,,,415.0,2568.0,15.0,18.0,5.0
terrads_5ba3dd6385d7,Zenodo/TerraDS,iac_benchmark/scenarios/terrads_5ba3dd6385d7,True,True,0,0,0,0,0,,,,,841.0,5806.0,28.0,31.0,5.0
terrads_caba313ddbb5,Zenodo/TerraDS,iac_benchmark/scenarios/terrads_caba313ddbb5,True,True,0,0,0,0,0,,,,,802.0,6001.0,43.0,24.0,5.0
terrads_8c6339036268,Zenodo/TerraDS,iac_benchmark/scenarios/terrads_8c6339036268,True,True,0,0,0,0,0,,,,,456.0,3706.0,12.0,7.0,5.0
terrads_20b26b848389,Zenodo/TerraDS,iac_benchmark/scenarios/terrads_20b26b848389,True,True,0,0,0,0,0,,,,,640.0,4612.0,24.0,20.0,5.0
terrads_f5709115e055,Zenodo/TerraDS,iac_benchmark/scenarios/terrads_f5709115e055,True,True,0,0,0,0,0,,,,,444.0,2877.0,19.0,2.0,5.0
terrads_f629cac03652,Zenodo/TerraDS,iac_benchmark/scenarios/terrads_f629cac03652,True,True,0,0,0,0,0,,,,,696.0,5471.0,24.0,19.0,5.0
terrads_d913c161f186,Zenodo/TerraDS,iac_benchmark/scenarios/terrads_d913c161f186,True,True,0,0,0,0,0,,,,,540.0,3525.0,25.0,16.0,5.0
terrads_a9a199dc2db9,Zenodo/TerraDS,iac_benchmark/scenarios/terrads_a9a199dc2db9,True,True,0,0,0,0,0,,,,,595.0,4063.0,30.0,3.0,5.0
terrads_742ae84d9e47,Zenodo/TerraDS,iac_benchmark/scenarios/terrads_742ae84d9e47,True,True,0,0,0,0,0,,,,,882.0,5914.0,31.0,31.0,5.0
terrads_e24919696211,Zenodo/TerraDS,iac_benchmark/scenarios/terrads_e24919696211,True,True,0,0,0,0,0,,,,,517.0,3474.0,17.0,5.0,5.0
terrads_6bbf30fd5ed2,Zenodo/TerraDS,iac_benchmark/scenarios/terrads_6bbf30fd5ed2,True,True,0,0,0,0,0,,,,,458.0,2953.0,14.0,21.0,5.0
terrads_5687069df3ad,Zenodo/TerraDS,iac_benchmark/scenarios/terrads_5687069df3ad,True,True,0,0,0,0,0,,,,,408.0,2478.0,18.0,17.0,5.0
terrads_ac6812ab3382,Zenodo/TerraDS,iac_benchmark/scenarios/terrads_ac6812ab3382,True,True,0,0,0,0,0,,,,,987.0,7013.0,20.0,42.0,5.0
terrads_a9645b5cd19a,Zenodo/TerraDS,iac_benchmark/scenarios/terrads_a9645b5cd19a,True,True,0,0,0,0,0,,,,,616.0,4561.0,28.0,3.0,5.0
terrads_b55f7772177b,Zenodo/TerraDS,iac_benchmark/scenarios/terrads_b55f7772177b,True,True,0,0,0,0,0,,,,,539.0,3691.0,20.0,0.0,5.0
terrads_63dbc850c0de,Zenodo/TerraDS,iac_benchmark/scenarios/terrads_63dbc850c0de,True,True,0,0,0,0,0,,,,,758.0,6758.0,27.0,1.0,5.0
terrads_73c623bf8dd5,Zenodo/TerraDS,iac_benchmark/scenarios/terrads_73c623bf8dd5,True,True,0,0,0,0,0,,,,,450.0,2802.0,22.0,9.0,5.0
terrads_0972a2e3cc93,Zenodo/TerraDS,iac_benchmark/scenarios/terrads_0972a2e3cc93,True,True,0,0,0,0,0,,,,,780.0,6181.0,33.0,21.0,5.0
terrads_00a8dcee64c1,Zenodo/TerraDS,iac_benchmark/scenarios/terrads_00a8dcee64c1,True,True,0,0,0,0,0,,,,,538.0,4296.0,29.0,8.0,5.0
terrads_8ea8f83ba848,Zenodo/TerraDS,iac_benchmark/scenarios/terrads_8ea8f83ba848,True,True,0,0,0,0,0,,,,,583.0,4780.0,22.0,14.0,5.0
terrads_61696dfdced6,Zenodo/TerraDS,iac_benchmark/scenarios/terrads_61696dfdced6,True,True,0,0,0,0,0,,,,,435.0,3000.0,19.0,30.0,5.0
terrads_0d7b4e077c23,Zenodo/TerraDS,iac_benchmark/scenarios/terrads_0d7b4e077c23,True,True,0,0,0,0,0,,,,,728.0,4893.0,25.0,1.0,5.0
terrads_df7bc490080e,Zenodo/TerraDS,iac_benchmark/scenarios/terrads_df7bc490080e,True,True,0,0,0,0,0,,,,,401.0,2435.0,20.0,6.0,5.0
terrads_e8f4cbeeb77a,Zenodo/TerraDS,iac_benchmark/scenarios/terrads_e8f4cbeeb77a,True,True,0,0,0,0,0,,,,,422.0,2463.0,17.0,11.0,5.0
terrads_8faa49e5ed2b,Zenodo/TerraDS,iac_benchmark/scenarios/terrads_8faa49e5ed2b,True,True,0,0,0,0,0,,,,,459.0,3074.0,27.0,3.0,5.0
terrads_68f043f860f8,Zenodo/TerraDS,iac_benchmark/scenarios/terrads_68f043f860f8,True,True,0,0,0,0,0,,,,,734.0,4903.0,25.0,1.0,5.0
terrads_f5882815a8da,Zenodo/TerraDS,iac_benchmark/scenarios/terrads_f5882815a8da,True,True,0,0,0,0,0,,,,,422.0,2463.0,17.0,11.0,5.0
terrads_86dc7872d8fe,Zenodo/TerraDS,iac_benchmark/scenarios/terrads_86dc7872d8fe,True,True,0,0,0,0,0,,,,,882.0,5914.0,31.0,31.0,5.0
terrads_d3b33e9d92b3,Zenodo/TerraDS,iac_benchmark/scenarios/terrads_d3b33e9d92b3,True,True,0,0,0,0,0,,,,,745.0,5367.0,51.0,8.0,5.0
terrads_251c00063396,Zenodo/TerraDS,iac_benchmark/scenarios/terrads_251c00063396,True,True,0,0,0,0,0,,,,,713.0,6844.0,16.0,18.0,5.0
terrads_03a014beca87,Zenodo/TerraDS,iac_benchmark/scenarios/terrads_03a014beca87,True,True,0,0,0,0,0,,,,,460.0,3140.0,20.0,9.0,5.0
terrads_c85890545b2d,Zenodo/TerraDS,iac_benchmark/scenarios/terrads_c85890545b2d,True,True,0,0,0,0,0,,,,,487.0,3557.0,13.0,7.0,5.0
terrads_42370d0beed4,Zenodo/TerraDS,iac_benchmark/scenarios/terrads_42370d0beed4,True,True,0,0,0,0,0,,,,,672.0,4565.0,17.0,19.0,5.0
terrads_21afa66ff648,Zenodo/TerraDS,iac_benchmark/scenarios/terrads_21afa66ff648,True,True,0,0,0,0,0,,,,,734.0,5080.0,37.0,10.0,5.0
terrads_3791a5d4455e,Zenodo/TerraDS,iac_benchmark/scenarios/terrads_3791a5d4455e,True,True,0,0,0,0,0,,,,,628.0,4134.0,27.0,17.0,5.0
terrads_5a83c2eb99d6,Zenodo/TerraDS,iac_benchmark/scenarios/terrads_5a83c2eb99d6,True,True,0,0,0,0,0,,,,,467.0,3530.0,12.0,5.0,5.0
terrads_648096330730,Zenodo/TerraDS,iac_benchmark/scenarios/terrads_648096330730,True,True,0,0,0,0,0,,,,,828.0,6465.0,12.0,34.0,5.0
terrads_19dad6dc7a01,Zenodo/TerraDS,iac_benchmark/scenarios/terrads_19dad6dc7a01,True,True,0,0,0,0,0,,,,,501.0,3560.0,32.0,8.0,5.0
terrads_31ad7b3ceb66,Zenodo/TerraDS,iac_benchmark/scenarios/terrads_31ad7b3ceb66,True,True,0,0,0,0,0,,,,,484.0,3758.0,17.0,18.0,5.0
terrads_dcc79b904c01,Zenodo/TerraDS,iac_benchmark/scenarios/terrads_dcc79b904c01,True,True,0,0,0,0,0,,,,,880.0,6226.0,25.0,10.0,5.0
terrads_6ba7a9f668ce,Zenodo/TerraDS,iac_benchmark/scenarios/terrads_6ba7a9f668ce,True,True,0,0,0,0,0,,,,,441.0,2876.0,19.0,2.0,5.0
terrads_ff5e09b1dc97,Zenodo/TerraDS,iac_benchmark/scenarios/terrads_ff5e09b1dc97,True,True,0,0,0,0,0,,,,,426.0,3178.0,25.0,8.0,5.0
terrads_1861397c2d3a,Zenodo/TerraDS,iac_benchmark/scenarios/terrads_1861397c2d3a,True,True,0,0,0,0,0,,,,,419.0,3016.0,18.0,0.0,5.0
terrads_ddc587f4cb03,Zenodo/TerraDS,iac_benchmark/scenarios/terrads_ddc587f4cb03,True,True,0,0,0,0,0,,,,,524.0,3711.0,32.0,0.0,5.0
terrads_c6eb38106af3,Zenodo/TerraDS,iac_benchmark/scenarios/terrads_c6eb38106af3,True,True,0,0,0,0,0,,,,,450.0,2802.0,22.0,9.0,5.0
terrads_4d10626c79ff,Zenodo/TerraDS,iac_benchmark/scenarios/terrads_4d10626c79ff,True,True,0,0,0,0,0,,,,,470.0,2883.0,19.0,8.0,5.0
terrads_eb59fe3351b1,Zenodo/TerraDS,iac_benchmark/scenarios/terrads_eb59fe3351b1,True,True,0,0,0,0,0,,,,,530.0,3368.0,23.0,21.0,5.0
terrads_2c0e14b853ce,Zenodo/TerraDS,iac_benchmark/scenarios/terrads_2c0e14b853ce,True,True,0,0,0,0,0,,,,,729.0,4903.0,25.0,1.0,5.0
terrads_e231258f7d32,Zenodo/TerraDS,iac_benchmark/scenarios/terrads_e231258f7d32,True,True,0,0,0,0,0,,,,,504.0,3558.0,24.0,15.0,5.0
terrads_a75c1a312ab0,Zenodo/TerraDS,iac_benchmark/scenarios/terrads_a75c1a312ab0,True,True,0,0,0,0,0,,,,,407.0,2836.0,22.0,8.0,5.0
terrads_01191d93c69a,Zenodo/TerraDS,iac_benchmark/scenarios/terrads_01191d93c69a,True,True,0,0,0,0,0,,,,,493.0,3238.0,23.0,6.0,5.0
gh_3a646377,Tianyi2/IRIS,iac_benchmark/scenarios/gh_3a646377,True,True,0,0,0,0,0,,,,,1002.0,7070.0,16.0,21.0,5.0
terrads_b0fdec7a1deb,Zenodo/TerraDS,iac_benchmark/scenarios/terrads_b0fdec7a1deb,True,True,0,0,0,0,0,,,,,417.0,2691.0,24.0,25.0,5.0
terrads_83c8c4d9f883,Zenodo/TerraDS,iac_benchmark/scenarios/terrads_83c8c4d9f883,True,True,0,0,0,0,0,,,,,439.0,2899.0,23.0,4.0,5.0
terrads_d570144d3676,Zenodo/TerraDS,iac_benchmark/scenarios/terrads_d570144d3676,True,True,0,0,0,0,0,,,,,406.0,3557.0,15.0,15.0,5.0
terrads_c59ce5d9b612,Zenodo/TerraDS,iac_benchmark/scenarios/terrads_c59ce5d9b612,True,True,0,0,0,0,0,,,,,440.0,2671.0,18.0,13.0,5.0
terrads_65cec997ef7b,Zenodo/TerraDS,iac_benchmark/scenarios/terrads_65cec997ef7b,True,True,0,0,0,0,0,,,,,578.0,3793.0,24.0,23.0,5.0
terrads_9eb2262ac2e6,Zenodo/TerraDS,iac_benchmark/scenarios/terrads_9eb2262ac2e6,True,True,0,0,0,0,0,,,,,540.0,3525.0,25.0,16.0,5.0
terrads_6513d6a01350,Zenodo/TerraDS,iac_benchmark/scenarios/terrads_6513d6a01350,True,True,0,0,0,0,0,,,,,753.0,5093.0,39.0,30.0,5.0
terrads_89f04e5ccc48,Zenodo/TerraDS,iac_benchmark/scenarios/terrads_89f04e5ccc48,True,True,0,0,0,0,0,,,,,444.0,2877.0,19.0,2.0,5.0
terrads_cad28192ec0f,Zenodo/TerraDS,iac_benchmark/scenarios/terrads_cad28192ec0f,True,True,0,0,0,0,0,,,,,590.0,4040.0,13.0,34.0,5.0
terrads_e8d62c7428b4,Zenodo/TerraDS,iac_benchmark/scenarios/terrads_e8d62c7428b4,True,True,0,0,0,0,0,,,,,900.0,6990.0,61.0,4.0,5.0
terrads_6c9f3c763e9e,Zenodo/TerraDS,iac_benchmark/scenarios/terrads_6c9f3c763e9e,True,True,0,0,0,0,0,,,,,1033.0,7320.0,20.0,8.0,5.0
terrads_e4f16cb65b33,Zenodo/TerraDS,iac_benchmark/scenarios/terrads_e4f16cb65b33,True,True,0,0,0,0,0,,,,,498.0,3778.0,12.0,22.0,5.0
terrads_7218eef2b71c,Zenodo/TerraDS,iac_benchmark/scenarios/terrads_7218eef2b71c,True,True,0,0,0,0,0,,,,,488.0,2999.0,28.0,12.0,5.0
terrads_9a984dbfe849,Zenodo/TerraDS,iac_benchmark/scenarios/terrads_9a984dbfe849,True,True,0,0,0,0,0,,,,,739.0,5004.0,26.0,1.0,5.0
terrads_a5803587d9ea,Zenodo/TerraDS,iac_benchmark/scenarios/terrads_a5803587d9ea,True,True,0,0,0,0,0,,,,,871.0,6376.0,44.0,6.0,5.0
terrads_5874124b6078,Zenodo/TerraDS,iac_benchmark/scenarios/terrads_5874124b6078,True,True,0,0,0,0,0,,,,,450.0,2802.0,22.0,9.0,5.0
terrads_046966559f37,Zenodo/TerraDS,iac_benchmark/scenarios/terrads_046966559f37,True,True,0,0,0,0,0,,,,,566.0,3860.0,25.0,22.0,5.0
terrads_d72694eb3801,Zenodo/TerraDS,iac_benchmark/scenarios/terrads_d72694eb3801,True,True,0,0,0,0,0,,,,,467.0,2715.0,12.0,12.0,5.0
terrads_4ecbb44a70ef,Zenodo/TerraDS,iac_benchmark/scenarios/terrads_4ecbb44a70ef,True,True,0,0,0,0,0,,,,,605.0,4968.0,17.0,32.0,5.0
terrads_a230a3877c31,Zenodo/TerraDS,iac_benchmark/scenarios/terrads_a230a3877c31,True,True,0,0,0,0,0,,,,,933.0,6111.0,44.0,20.0,5.0
terrads_7ad160897521,Zenodo/TerraDS,iac_benchmark/scenarios/terrads_7ad160897521,True,True,0,0,0,0,0,,,,,462.0,2859.0,26.0,0.0,5.0
terrads_05aa2c2c5ca7,Zenodo/TerraDS,iac_benchmark/scenarios/terrads_05aa2c2c5ca7,True,True,0,0,0,0,0,,,,,731.0,4903.0,25.0,1.0,5.0
terrads_95bed8c8228c,Zenodo/TerraDS,iac_benchmark/scenarios/terrads_95bed8c8228c,True,True,0,0,0,0,0,,,,,770.0,5040.0,22.0,26.0,5.0
terrads_0832402d9421,Zenodo/TerraDS,iac_benchmark/scenarios/terrads_0832402d9421,True,True,0,0,0,0,0,,,,,1145.0,7560.0,66.0,37.0,5.0
terrads_3781e64b2e9a,Zenodo/TerraDS,iac_benchmark/scenarios/terrads_3781e64b2e9a,True,True,0,0,0,0,0,,,,,708.0,6090.0,26.0,22.0,5.0
terrads_8ff9d760579f,Zenodo/TerraDS,iac_benchmark/scenarios/terrads_8ff9d760579f,True,True,0,0,0,0,0,,,,,838.0,6223.0,30.0,15.0,5.0
terrads_1bab9261885f,Zenodo/TerraDS,iac_benchmark/scenarios/terrads_1bab9261885f,True,True,0,0,0,0,0,,,,,457.0,3235.0,25.0,11.0,5.0
terrads_c44b6bcbe702,Zenodo/TerraDS,iac_benchmark/scenarios/terrads_c44b6bcbe702,True,True,0,0,0,0,0,,,,,1027.0,6219.0,25.0,39.0,5.0
terrads_07a3e991c030,Zenodo/TerraDS,iac_benchmark/scenarios/terrads_07a3e991c030,True,True,0,0,0,0,0,,,,,681.0,4796.0,33.0,19.0,5.0
terrads_20ded8a6d6fe,Zenodo/TerraDS,iac_benchmark/scenarios/terrads_20ded8a6d6fe,True,True,0,0,0,0,0,,,,,855.0,7169.0,30.0,33.0,5.0
terrads_8e3450d71773,Zenodo/TerraDS,iac_benchmark/scenarios/terrads_8e3450d71773,True,True,0,0,0,0,0,,,,,838.0,6051.0,24.0,11.0,5.0
terrads_113ffe159446,Zenodo/TerraDS,iac_benchmark/scenarios/terrads_113ffe159446,True,True,0,0,0,0,0,,,,,430.0,2795.0,22.0,11.0,5.0
gh_dc051463,Tianyi2/IRIS,iac_benchmark/scenarios/gh_dc051463,True,True,0,0,0,0,0,,,,,442.0,2828.0,20.0,14.0,5.0
terrads_d30793b159bf,Zenodo/TerraDS,iac_benchmark/scenarios/terrads_d30793b159bf,True,True,0,0,0,0,0,,,,,580.0,3798.0,24.0,23.0,5.0
terrads_87ef41a6b6a8,Zenodo/TerraDS,iac_benchmark/scenarios/terrads_87ef41a6b6a8,True,True,0,0,0,0,0,,,,,653.0,6121.0,12.0,2.0,5.0
terrads_2172eea07f12,Zenodo/TerraDS,iac_benchmark/scenarios/terrads_2172eea07f12,True,True,0,0,0,0,0,,,,,840.0,5600.0,19.0,33.0,5.0
terrads_76c66d67e9a1,Zenodo/TerraDS,iac_benchmark/scenarios/terrads_76c66d67e9a1,True,True,0,0,0,0,0,,,,,1036.0,7775.0,43.0,48.0,5.0
terrads_898232ea0180,Zenodo/TerraDS,iac_benchmark/scenarios/terrads_898232ea0180,True,True,0,0,0,0,0,,,,,570.0,4161.0,13.0,42.0,5.0
terrads_acaa41c50997,Zenodo/TerraDS,iac_benchmark/scenarios/terrads_acaa41c50997,True,True,0,0,0,0,0,,,,,734.0,4494.0,24.0,31.0,5.0
terrads_d5ba65e2be20,Zenodo/TerraDS,iac_benchmark/scenarios/terrads_d5ba65e2be20,True,True,0,0,0,0,0,,,,,684.0,4296.0,15.0,5.0,5.0
terrads_362898cd1a2c,Zenodo/TerraDS,iac_benchmark/scenarios/terrads_362898cd1a2c,True,True,0,0,0,0,0,,,,,1145.0,7043.0,64.0,16.0,5.0
terrads_c7b7932b066e,Zenodo/TerraDS,iac_benchmark/scenarios/terrads_c7b7932b066e,True,True,0,0,0,0,0,,,,,579.0,3925.0,26.0,14.0,5.0
terrads_2f894cb65511,Zenodo/TerraDS,iac_benchmark/scenarios/terrads_2f894cb65511,True,True,0,0,0,0,0,,,,,443.0,2864.0,24.0,9.0,5.0
terrads_49b6f31e4930,Zenodo/TerraDS,iac_benchmark/scenarios/terrads_49b6f31e4930,True,True,0,0,0,0,0,,,,,418.0,3019.0,15.0,25.0,5.0
terrads_09fa8cdf5753,Zenodo/TerraDS,iac_benchmark/scenarios/terrads_09fa8cdf5753,True,True,0,0,0,0,0,,,,,468.0,3723.0,31.0,8.0,5.0
terrads_0a5d4c7407ea,Zenodo/TerraDS,iac_benchmark/scenarios/terrads_0a5d4c7407ea,True,True,0,0,0,0,0,,,,,701.0,5503.0,44.0,3.0,5.0
terrads_7bdca36da169,Zenodo/TerraDS,iac_benchmark/scenarios/terrads_7bdca36da169,True,True,0,0,0,0,0,,,,,458.0,3472.0,17.0,15.0,5.0
terrads_cd6d4ba13e0f,Zenodo/TerraDS,iac_benchmark/scenarios/terrads_cd6d4ba13e0f,True,True,0,0,0,0,0,,,,,496.0,3298.0,16.0,20.0,5.0
terrads_2f53d47a113e,Zenodo/TerraDS,iac_benchmark/scenarios/terrads_2f53d47a113e,True,True,0,0,0,0,0,,,,,496.0,2699.0,22.0,29.0,5.0
terrads_6a6e0bf210dc,Zenodo/TerraDS,iac_benchmark/scenarios/terrads_6a6e0bf210dc,True,True,0,0,0,0,0,,,,,471.0,2712.0,15.0,34.0,5.0
terrads_50781dde1a7c,Zenodo/TerraDS,iac_benchmark/scenarios/terrads_50781dde1a7c,True,True,0,0,0,0,0,,,,,721.0,5147.0,26.0,29.0,5.0
terrads_3500fef52d85,Zenodo/TerraDS,iac_benchmark/scenarios/terrads_3500fef52d85,True,True,0,0,0,0,0,,,,,473.0,3786.0,27.0,0.0,5.0
terrads_e8517dbbe6ba,Zenodo/TerraDS,iac_benchmark/scenarios/terrads_e8517dbbe6ba,True,True,0,0,0,0,0,,,,,573.0,3706.0,32.0,13.0,5.0
gh_b3785cbb,Tianyi2/IRIS,iac_benchmark/scenarios/gh_b3785cbb,True,True,0,0,0,0,0,,,,,575.0,3915.0,13.0,26.0,5.0
gh_5b5f8457,Tianyi2/IRIS,iac_benchmark/scenarios/gh_5b5f8457,True,True,0,0,0,0,0,,,,,1052.0,6120.0,25.0,17.0,5.0
terrads_e5c5150f23b0,Zenodo/TerraDS,iac_benchmark/scenarios/terrads_e5c5150f23b0,True,True,0,0,0,0,0,,,,,544.0,3511.0,25.0,17.0,5.0
terrads_0916e55591d0,Zenodo/TerraDS,iac_benchmark/scenarios/terrads_0916e55591d0,True,True,0,0,0,0,0,,,,,616.0,5027.0,37.0,9.0,5.0
terrads_f170f2f2c55d,Zenodo/TerraDS,iac_benchmark/scenarios/terrads_f170f2f2c55d,True,True,0,0,0,0,0,,,,,611.0,4827.0,14.0,13.0,5.0
terrads_a00200ce6a85,Zenodo/TerraDS,iac_benchmark/scenarios/terrads_a00200ce6a85,True,True,0,0,0,0,0,,,,,611.0,3867.0,12.0,58.0,5.0
terrads_2ee5dfe0eecc,Zenodo/TerraDS,iac_benchmark/scenarios/terrads_2ee5dfe0eecc,True,True,0,0,0,0,0,,,,,630.0,3681.0,12.0,0.0,5.0
terrads_b65cef34c508,Zenodo/TerraDS,iac_benchmark/scenarios/terrads_b65cef34c508,True,True,0,0,0,0,0,,,,,566.0,3997.0,17.0,17.0,5.0
gh_a4bd012e,Tianyi2/IRIS,iac_benchmark/scenarios/gh_a4bd012e,True,True,0,0,0,0,0,,,,,520.0,2984.0,27.0,13.0,5.0
terrads_d154162932ca,Zenodo/TerraDS,iac_benchmark/scenarios/terrads_d154162932ca,True,True,0,0,0,0,0,,,,,808.0,5633.0,56.0,10.0,5.0
terrads_a1e24b817fe7,Zenodo/TerraDS,iac_benchmark/scenarios/terrads_a1e24b817fe7,True,True,0,0,0,0,0,,,,,472.0,3415.0,33.0,5.0,5.0
terrads_c008c1e6ac6d,Zenodo/TerraDS,iac_benchmark/scenarios/terrads_c008c1e6ac6d,True,True,0,0,0,0,0,,,,,1052.0,7851.0,17.0,71.0,5.0
terrads_22c8f56ec418,Zenodo/TerraDS,iac_benchmark/scenarios/terrads_22c8f56ec418,True,True,0,0,0,0,0,,,,,408.0,2523.0,15.0,17.0,5.0
terrads_0b0ee4a9f474,Zenodo/TerraDS,iac_benchmark/scenarios/terrads_0b0ee4a9f474,True,True,0,0,0,0,0,,,,,636.0,4376.0,12.0,10.0,5.0
terrads_2019a4405a35,Zenodo/TerraDS,iac_benchmark/scenarios/terrads_2019a4405a35,True,True,0,0,0,0,0,,,,,518.0,3467.0,31.0,0.0,5.0
terrads_40b6b53ffbdf,Zenodo/TerraDS,iac_benchmark/scenarios/terrads_40b6b53ffbdf,True,True,0,0,0,0,0,,,,,646.0,4405.0,20.0,29.0,5.0
terrads_38d0d5f5f40f,Zenodo/TerraDS,iac_benchmark/scenarios/terrads_38d0d5f5f40f,True,True,0,0,0,0,0,,,,,450.0,2802.0,22.0,9.0,5.0
terrads_fd88522b65fa,Zenodo/TerraDS,iac_benchmark/scenarios/terrads_fd88522b65fa,True,True,0,0,0,0,0,,,,,473.0,3530.0,25.0,15.0,5.0
terrads_fc122d212907,Zenodo/TerraDS,iac_benchmark/scenarios/terrads_fc122d212907,True,True,0,0,0,0,0,,,,,797.0,6397.0,15.0,35.0,5.0
terrads_beac9f759aa7,Zenodo/TerraDS,iac_benchmark/scenarios/terrads_beac9f759aa7,True,True,0,0,0,0,0,,,,,580.0,3985.0,28.0,18.0,5.0
terrads_3b5efca0097c,Zenodo/TerraDS,iac_benchmark/scenarios/terrads_3b5efca0097c,True,True,0,0,0,0,0,,,,,489.0,3632.0,25.0,0.0,5.0
terrads_f08e73e20335,Zenodo/TerraDS,iac_benchmark/scenarios/terrads_f08e73e20335,True,True,0,0,0,0,0,,,,,651.0,4129.0,31.0,15.0,5.0
terrads_34708e167afd,Zenodo/TerraDS,iac_benchmark/scenarios/terrads_34708e167afd,True,True,0,0,0,0,0,,,,,406.0,3698.0,16.0,8.0,5.0
terrads_59b61655c49a,Zenodo/TerraDS,iac_benchmark/scenarios/terrads_59b61655c49a,True,True,0,0,0,0,0,,,,,578.0,3597.0,32.0,12.0,5.0
terrads_e101b4016c4e,Zenodo/TerraDS,iac_benchmark/scenarios/terrads_e101b4016c4e,True,True,0,0,0,0,0,,,,,961.0,7610.0,65.0,4.0,5.0
terrads_40a54c0cb496,Zenodo/TerraDS,iac_benchmark/scenarios/terrads_40a54c0cb496,True,True,0,0,0,0,0,,,,,508.0,2960.0,28.0,0.0,5.0
terrads_71d52ba3129c,Zenodo/TerraDS,iac_benchmark/scenarios/terrads_71d52ba3129c,True,True,0,0,0,0,0,,,,,730.0,4903.0,25.0,1.0,5.0
terrads_7247f584ec54,Zenodo/TerraDS,iac_benchmark/scenarios/terrads_7247f584ec54,True,True,0,0,0,0,0,,,,,587.0,4587.0,25.0,25.0,5.0
terrads_ccbc36fc5579,Zenodo/TerraDS,iac_benchmark/scenarios/terrads_ccbc36fc5579,True,True,0,0,0,0,0,,,,,734.0,4903.0,25.0,1.0,5.0
terrads_c8bf6bcc3019,Zenodo/TerraDS,iac_benchmark/scenarios/terrads_c8bf6bcc3019,True,True,0,0,0,0,0,,,,,406.0,2618.0,15.0,1.0,5.0
terrads_94a2937daf0e,Zenodo/TerraDS,iac_benchmark/scenarios/terrads_94a2937daf0e,True,True,0,0,0,0,0,,,,,452.0,3046.0,28.0,2.0,5.0
terrads_cddd5c764cc4,Zenodo/TerraDS,iac_benchmark/scenarios/terrads_cddd5c764cc4,True,True,0,0,0,0,0,,,,,540.0,3525.0,25.0,16.0,5.0
terrads_f7372f7c4476,Zenodo/TerraDS,iac_benchmark/scenarios/terrads_f7372f7c4476,True,True,0,0,0,0,0,,,,,479.0,3286.0,12.0,20.0,5.0
terrads_8911fca6857e,Zenodo/TerraDS,iac_benchmark/scenarios/terrads_8911fca6857e,True,True,0,0,0,0,0,,,,,854.0,6297.0,64.0,10.0,5.0
terrads_77ca15e85b68,Zenodo/TerraDS,iac_benchmark/scenarios/terrads_77ca15e85b68,True,True,0,0,0,0,0,,,,,624.0,4494.0,20.0,19.0,5.0
terrads_8819eaf57655,Zenodo/TerraDS,iac_benchmark/scenarios/terrads_8819eaf57655,True,True,0,0,0,0,0,,,,,574.0,4601.0,33.0,18.0,5.0
terrads_028e72abe91c,Zenodo/TerraDS,iac_benchmark/scenarios/terrads_028e72abe91c,True,True,0,0,0,0,0,,,,,422.0,2463.0,17.0,11.0,5.0
terrads_afe9cbc1b459,Zenodo/TerraDS,iac_benchmark/scenarios/terrads_afe9cbc1b459,True,True,0,0,0,0,0,,,,,594.0,3853.0,20.0,12.0,5.0
terrads_633c71fa6fb7,Zenodo/TerraDS,iac_benchmark/scenarios/terrads_633c71fa6fb7,True,True,0,0,0,0,0,,,,,472.0,3109.0,25.0,0.0,5.0
terrads_788003a26647,Zenodo/TerraDS,iac_benchmark/scenarios/terrads_788003a26647,True,True,0,0,0,0,0,,,,,450.0,2802.0,22.0,9.0,5.0
terrads_6a00d6d25925,Zenodo/TerraDS,iac_benchmark/scenarios/terrads_6a00d6d25925,True,True,0,0,0,0,0,,,,,1138.0,7979.0,44.0,33.0,5.0
terrads_1b90d830dc57,Zenodo/TerraDS,iac_benchmark/scenarios/terrads_1b90d830dc57,True,True,0,0,0,0,0,,,,,892.0,5568.0,12.0,18.0,5.0
terrads_71f521282681,Zenodo/TerraDS,iac_benchmark/scenarios/terrads_71f521282681,True,True,0,0,0,0,0,,,,,610.0,4023.0,35.0,0.0,5.0
terrads_ee9c5d564497,Zenodo/TerraDS,iac_benchmark/scenarios/terrads_ee9c5d564497,True,True,0,0,0,0,0,,,,,567.0,3878.0,39.0,0.0,5.0
terrads_535da25f2c89,Zenodo/TerraDS,iac_benchmark/scenarios/terrads_535da25f2c89,True,True,0,0,0,0,0,,,,,417.0,2459.0,20.0,13.0,5.0
terrads_6a2f572619f9,Zenodo/TerraDS,iac_benchmark/scenarios/terrads_6a2f572619f9,True,True,0,0,0,0,0,,,,,784.0,6268.0,14.0,48.0,5.0
terrads_3b98b12d4677,Zenodo/TerraDS,iac_benchmark/scenarios/terrads_3b98b12d4677,True,True,0,0,0,0,0,,,,,860.0,7432.0,22.0,17.0,5.0
terrads_59bdb26f4c11,Zenodo/TerraDS,iac_benchmark/scenarios/terrads_59bdb26f4c11,True,True,0,0,0,0,0,,,,,575.0,3574.0,40.0,18.0,5.0
terrads_26a721a78cc7,Zenodo/TerraDS,iac_benchmark/scenarios/terrads_26a721a78cc7,True,True,0,0,0,0,0,,,,,892.0,4985.0,27.0,6.0,5.0
terrads_19e55f5bb7b4,Zenodo/TerraDS,iac_benchmark/scenarios/terrads_19e55f5bb7b4,True,True,0,0,0,0,0,,,,,753.0,5417.0,12.0,8.0,5.0
terrads_499bcef55487,Zenodo/TerraDS,iac_benchmark/scenarios/terrads_499bcef55487,True,True,0,0,0,0,0,,,,,642.0,3953.0,34.0,19.0,5.0
terrads_7c753c11ffac,Zenodo/TerraDS,iac_benchmark/scenarios/terrads_7c753c11ffac,True,True,0,0,0,0,0,,,,,568.0,4023.0,21.0,34.0,5.0
terrads_0c42f8d2c052,Zenodo/TerraDS,iac_benchmark/scenarios/terrads_0c42f8d2c052,True,True,0,0,0,0,0,,,,,441.0,2876.0,19.0,2.0,5.0
terrads_be9269c9a179,Zenodo/TerraDS,iac_benchmark/scenarios/terrads_be9269c9a179,True,True,0,0,0,0,0,,,,,471.0,2944.0,36.0,0.0,5.0
terrads_8e003b403489,Zenodo/TerraDS,iac_benchmark/scenarios/terrads_8e003b403489,True,True,0,0,0,0,0,,,,,504.0,3100.0,17.0,8.0,5.0
terrads_7944758713bf,Zenodo/TerraDS,iac_benchmark/scenarios/terrads_7944758713bf,True,True,0,0,0,0,0,,,,,489.0,3188.0,18.0,6.0,5.0
terrads_c603cdbcfcea,Zenodo/TerraDS,iac_benchmark/scenarios/terrads_c603cdbcfcea,True,True,0,0,0,0,0,,,,,519.0,3757.0,17.0,21.0,5.0
terrads_ceefb7b42b8c,Zenodo/TerraDS,iac_benchmark/scenarios/terrads_ceefb7b42b8c,True,True,0,0,0,0,0,,,,,882.0,5914.0,31.0,31.0,5.0
terrads_b30984aa2188,Zenodo/TerraDS,iac_benchmark/scenarios/terrads_b30984aa2188,True,True,0,0,0,0,0,,,,,955.0,6253.0,46.0,18.0,5.0
terrads_54fffa9b3297,Zenodo/TerraDS,iac_benchmark/scenarios/terrads_54fffa9b3297,True,True,0,0,0,0,0,,,,,483.0,2941.0,30.0,18.0,5.0
terrads_ea87b315c725,Zenodo/TerraDS,iac_benchmark/scenarios/terrads_ea87b315c725,True,True,0,0,0,0,0,,,,,833.0,6115.0,14.0,41.0,5.0
terrads_aea01d9bce92,Zenodo/TerraDS,iac_benchmark/scenarios/terrads_aea01d9bce92,True,True,0,0,0,0,0,,,,,509.0,4344.0,24.0,8.0,5.0
terrads_9cda20efa4a1,Zenodo/TerraDS,iac_benchmark/scenarios/terrads_9cda20efa4a1,True,True,0,0,0,0,0,,,,,1008.0,7467.0,33.0,14.0,5.0
terrads_998c30127338,Zenodo/TerraDS,iac_benchmark/scenarios/terrads_998c30127338,True,True,0,0,0,0,0,,,,,802.0,5577.0,13.0,19.0,5.0
terrads_44175014ea99,Zenodo/TerraDS,iac_benchmark/scenarios/terrads_44175014ea99,True,True,0,0,0,0,0,,,,,423.0,3352.0,24.0,7.0,5.0
terrads_eb26f45583b5,Zenodo/TerraDS,iac_benchmark/scenarios/terrads_eb26f45583b5,True,True,0,0,0,0,0,,,,,628.0,4205.0,49.0,0.0,5.0
terrads_12dff8f96607,Zenodo/TerraDS,iac_benchmark/scenarios/terrads_12dff8f96607,True,True,0,0,0,0,0,,,,,1193.0,7158.0,29.0,23.0,5.0
terrads_c706a9b571f6,Zenodo/TerraDS,iac_benchmark/scenarios/terrads_c706a9b571f6,True,True,0,0,0,0,0,,,,,464.0,3193.0,35.0,8.0,5.0
terrads_5d849ecaf5b2,Zenodo/TerraDS,iac_benchmark/scenarios/terrads_5d849ecaf5b2,True,True,0,0,0,0,0,,,,,818.0,5914.0,19.0,1.0,5.0
terrads_dc10a964c3a0,Zenodo/TerraDS,iac_benchmark/scenarios/terrads_dc10a964c3a0,True,True,0,0,0,0,0,,,,,746.0,5014.0,35.0,33.0,5.0
terrads_e6f508428bd5,Zenodo/TerraDS,iac_benchmark/scenarios/terrads_e6f508428bd5,True,True,0,0,0,0,0,,,,,461.0,2862.0,18.0,15.0,5.0
terrads_889616647fc9,Zenodo/TerraDS,iac_benchmark/scenarios/terrads_889616647fc9,True,True,0,0,0,0,0,,,,,415.0,2500.0,21.0,7.0,5.0
terrads_4b4d73fcf217,Zenodo/TerraDS,iac_benchmark/scenarios/terrads_4b4d73fcf217,True,True,0,0,0,0,0,,,,,732.0,5159.0,26.0,25.0,5.0
terrads_91ca946efa7e,Zenodo/TerraDS,iac_benchmark/scenarios/terrads_91ca946efa7e,True,True,0,0,0,0,0,,,,,536.0,4181.0,29.0,8.0,5.0
terrads_5f22f4883838,Zenodo/TerraDS,iac_benchmark/scenarios/terrads_5f22f4883838,True,True,0,0,0,0,0,,,,,538.0,3231.0,17.0,11.0,5.0
terrads_cbac938f15ab,Zenodo/TerraDS,iac_benchmark/scenarios/terrads_cbac938f15ab,True,True,0,0,0,0,0,,,,,738.0,4731.0,43.0,17.0,5.0
terrads_d455b77cfae0,Zenodo/TerraDS,iac_benchmark/scenarios/terrads_d455b77cfae0,True,True,0,0,0,0,0,,,,,1067.0,6802.0,34.0,39.0,5.0
terrads_f0dd085f54bb,Zenodo/TerraDS,iac_benchmark/scenarios/terrads_f0dd085f54bb,True,True,0,0,0,0,0,,,,,471.0,2944.0,36.0,0.0,5.0
terrads_d68127cda153,Zenodo/TerraDS,iac_benchmark/scenarios/terrads_d68127cda153,True,True,0,0,0,0,0,,,,,560.0,4257.0,13.0,14.0,5.0
terrads_998eaafd986e,Zenodo/TerraDS,iac_benchmark/scenarios/terrads_998eaafd986e,True,True,0,0,0,0,0,,,,,417.0,2691.0,24.0,25.0,5.0
terrads_c7598ebe02a9,Zenodo/TerraDS,iac_benchmark/scenarios/terrads_c7598ebe02a9,True,True,0,0,0,0,0,,,,,738.0,4815.0,54.0,16.0,5.0
terrads_d5db59314989,Zenodo/TerraDS,iac_benchmark/scenarios/terrads_d5db59314989,True,True,0,0,0,0,0,,,,,400.0,2477.0,25.0,11.0,5.0
terrads_5134d768f7ea,Zenodo/TerraDS,iac_benchmark/scenarios/terrads_5134d768f7ea,True,True,0,0,0,0,0,,,,,728.0,4893.0,25.0,1.0,5.0
terrads_f989f62c052d,Zenodo/TerraDS,iac_benchmark/scenarios/terrads_f989f62c052d,True,True,0,0,0,0,0,,,,,734.0,4903.0,25.0,1.0,5.0
gh_1ee90df5,Tianyi2/IRIS,iac_benchmark/scenarios/gh_1ee90df5,True,True,0,0,0,0,0,,,,,697.0,4924.0,61.0,4.0,5.0
terrads_cdca8cd19bd0,Zenodo/TerraDS,iac_benchmark/scenarios/terrads_cdca8cd19bd0,True,True,0,0,0,0,0,,,,,534.0,3204.0,27.0,9.0,5.0
terrads_6106166c3d6e,Zenodo/TerraDS,iac_benchmark/scenarios/terrads_6106166c3d6e,True,True,0,0,0,0,0,,,,,580.0,3792.0,24.0,23.0,5.0
terrads_e7b6fa21844e,Zenodo/TerraDS,iac_benchmark/scenarios/terrads_e7b6fa21844e,True,True,0,0,0,0,0,,,,,785.0,5877.0,26.0,39.0,5.0
terrads_da9c6ddffde0,Zenodo/TerraDS,iac_benchmark/scenarios/terrads_da9c6ddffde0,True,True,0,0,0,0,0,,,,,700.0,4843.0,43.0,41.0,5.0
terrads_834f372c347e,Zenodo/TerraDS,iac_benchmark/scenarios/terrads_834f372c347e,True,True,0,0,0,0,0,,,,,561.0,3262.0,25.0,12.0,5.0
terrads_00824226e46c,Zenodo/TerraDS,iac_benchmark/scenarios/terrads_00824226e46c,True,True,0,0,0,0,0,,,,,475.0,3498.0,20.0,15.0,5.0
terrads_0aa54fd0d77f,Zenodo/TerraDS,iac_benchmark/scenarios/terrads_0aa54fd0d77f,True,True,0,0,0,0,0,,,,,408.0,2837.0,21.0,0.0,5.0
terrads_7c42aa009604,Zenodo/TerraDS,iac_benchmark/scenarios/terrads_7c42aa009604,True,True,0,0,0,0,0,,,,,456.0,3087.0,33.0,0.0,5.0
terrads_c39a82b6c529,Zenodo/TerraDS,iac_benchmark/scenarios/terrads_c39a82b6c529,True,True,0,0,0,0,0,,,,,608.0,3927.0,13.0,37.0,5.0
terrads_d3b9ebaf8954,Zenodo/TerraDS,iac_benchmark/scenarios/terrads_d3b9ebaf8954,True,True,0,0,0,0,0,,,,,943.0,6576.0,12.0,18.0,5.0
terrads_8c38aea82814,Zenodo/TerraDS,iac_benchmark/scenarios/terrads_8c38aea82814,True,True,0,0,0,0,0,,,,,499.0,3293.0,20.0,17.0,5.0
terrads_3e9b56d138b9,Zenodo/TerraDS,iac_benchmark/scenarios/terrads_3e9b56d138b9,True,True,0,0,0,0,0,,,,,732.0,4903.0,25.0,1.0,5.0
terrads_28d0e2e2e6ea,Zenodo/TerraDS,iac_benchmark/scenarios/terrads_28d0e2e2e6ea,True,True,0,0,0,0,0,,,,,938.0,6915.0,46.0,23.0,5.0
terrads_a2baa460b0da,Zenodo/TerraDS,iac_benchmark/scenarios/terrads_a2baa460b0da,True,True,0,0,0,0,0,,,,,628.0,4649.0,29.0,8.0,5.0
terrads_f94bb4ccfef5,Zenodo/TerraDS,iac_benchmark/scenarios/terrads_f94bb4ccfef5,True,True,0,0,0,0,0,,,,,977.0,6237.0,29.0,16.0,5.0
terrads_9ccac6a4c9ec,Zenodo/TerraDS,iac_benchmark/scenarios/terrads_9ccac6a4c9ec,True,True,0,0,0,0,0,,,,,539.0,3691.0,20.0,0.0,5.0
terrads_9e87e12007e5,Zenodo/TerraDS,iac_benchmark/scenarios/terrads_9e87e12007e5,True,True,0,0,0,0,0,,,,,462.0,2859.0,26.0,0.0,5.0
terrads_18e0f13e4b17,Zenodo/TerraDS,iac_benchmark/scenarios/terrads_18e0f13e4b17,True,True,0,0,0,0,0,,,,,441.0,2701.0,28.0,0.0,5.0
terrads_f164bf547e64,Zenodo/TerraDS,iac_benchmark/scenarios/terrads_f164bf547e64,True,True,0,0,0,0,0,,,,,882.0,5914.0,31.0,31.0,5.0
terrads_ffd14f3d95b9,Zenodo/TerraDS,iac_benchmark/scenarios/terrads_ffd14f3d95b9,True,True,0,0,0,0,0,,,,,680.0,5348.0,37.0,7.0,5.0
terrads_e7bb999774be,Zenodo/TerraDS,iac_benchmark/scenarios/terrads_e7bb999774be,True,True,0,0,0,0,0,,,,,623.0,4344.0,13.0,18.0,5.0
terrads_cdadc87d195a,Zenodo/TerraDS,iac_benchmark/scenarios/terrads_cdadc87d195a,True,True,0,0,0,0,0,,,,,672.0,4512.0,30.0,11.0,5.0
terrads_e860123846f8,Zenodo/TerraDS,iac_benchmark/scenarios/terrads_e860123846f8,True,True,0,0,0,0,0,,,,,740.0,4817.0,18.0,9.0,5.0
terrads_96b1ab0c3f7a,Zenodo/TerraDS,iac_benchmark/scenarios/terrads_96b1ab0c3f7a,True,True,0,0,0,0,0,,,,,882.0,5914.0,31.0,31.0,5.0
terrads_47d9e9b2bdb3,Zenodo/TerraDS,iac_benchmark/scenarios/terrads_47d9e9b2bdb3,True,True,0,0,0,0,0,,,,,842.0,5899.0,35.0,17.0,5.0
terrads_17007e375912,Zenodo/TerraDS,iac_benchmark/scenarios/terrads_17007e375912,True,True,0,0,0,0,0,,,,,909.0,6169.0,38.0,22.0,5.0
terrads_ffde4ece580d,Zenodo/TerraDS,iac_benchmark/scenarios/terrads_ffde4ece580d,True,True,0,0,0,0,0,,,,,412.0,2535.0,27.0,0.0,5.0
terrads_08c28eebf019,Zenodo/TerraDS,iac_benchmark/scenarios/terrads_08c28eebf019,True,True,0,0,0,0,0,,,,,808.0,4795.0,20.0,69.0,5.0
terrads_02b3a84dba0f,Zenodo/TerraDS,iac_benchmark/scenarios/terrads_02b3a84dba0f,True,True,0,0,0,0,0,,,,,802.0,4811.0,22.0,7.0,5.0
terrads_cd2e8cbaee1b,Zenodo/TerraDS,iac_benchmark/scenarios/terrads_cd2e8cbaee1b,True,True,0,0,0,0,0,,,,,411.0,2982.0,23.0,2.0,5.0
terrads_2b2038745bbc,Zenodo/TerraDS,iac_benchmark/scenarios/terrads_2b2038745bbc,True,True,0,0,0,0,0,,,,,742.0,5019.0,26.0,1.0,5.0
terrads_3850dc48d821,Zenodo/TerraDS,iac_benchmark/scenarios/terrads_3850dc48d821,True,True,0,0,0,0,0,,,,,796.0,4851.0,23.0,25.0,5.0
terrads_e81b383284fd,Zenodo/TerraDS,iac_benchmark/scenarios/terrads_e81b383284fd,True,True,0,0,0,0,0,,,,,1121.0,5745.0,42.0,1.0,5.0
terrads_36f9ab6e1193,Zenodo/TerraDS,iac_benchmark/scenarios/terrads_36f9ab6e1193,True,True,0,0,0,0,0,,,,,635.0,4137.0,37.0,18.0,5.0
terrads_4527ca414cad,Zenodo/TerraDS,iac_benchmark/scenarios/terrads_4527ca414cad,True,True,0,0,0,0,0,,,,,540.0,3525.0,25.0,16.0,5.0
terrads_baed599ccdff,Zenodo/TerraDS,iac_benchmark/scenarios/terrads_baed599ccdff,True,True,0,0,0,0,0,,,,,801.0,5220.0,24.0,27.0,5.0
terrads_1a788c42a2d3,Zenodo/TerraDS,iac_benchmark/scenarios/terrads_1a788c42a2d3,True,True,0,0,0,0,0,,,,,882.0,5914.0,31.0,31.0,5.0
terrads_9291b9ca40e5,Zenodo/TerraDS,iac_benchmark/scenarios/terrads_9291b9ca40e5,True,True,0,0,0,0,0,,,,,882.0,5914.0,31.0,31.0,5.0
terrads_4826839484eb,Zenodo/TerraDS,iac_benchmark/scenarios/terrads_4826839484eb,True,True,0,0,0,0,0,,,,,907.0,7167.0,25.0,23.0,5.0
terrads_bd5e3be5a88f,Zenodo/TerraDS,iac_benchmark/scenarios/terrads_bd5e3be5a88f,True,True,0,0,0,0,0,,,,,739.0,5004.0,26.0,1.0,5.0
terrads_7a05c96d1523,Zenodo/TerraDS,iac_benchmark/scenarios/terrads_7a05c96d1523,True,True,0,0,0,0,0,,,,,459.0,3074.0,27.0,3.0,5.0
terrads_1488a96bc6fa,Zenodo/TerraDS,iac_benchmark/scenarios/terrads_1488a96bc6fa,True,True,0,0,0,0,0,,,,,899.0,6465.0,46.0,0.0,5.0
terrads_2965fe8cbf3f,Zenodo/TerraDS,iac_benchmark/scenarios/terrads_2965fe8cbf3f,True,True,0,0,0,0,0,,,,,457.0,3209.0,26.0,33.0,5.0
terrads_c9c2b62cefc7,Zenodo/TerraDS,iac_benchmark/scenarios/terrads_c9c2b62cefc7,True,True,0,0,0,0,0,,,,,427.0,3064.0,22.0,7.0,5.0
terrads_aa6250991d10,Zenodo/TerraDS,iac_benchmark/scenarios/terrads_aa6250991d10,True,True,0,0,0,0,0,,,,,443.0,3224.0,14.0,20.0,5.0
terrads_2a83ba0e6937,Zenodo/TerraDS,iac_benchmark/scenarios/terrads_2a83ba0e6937,True,True,0,0,0,0,0,,,,,1001.0,7902.0,17.0,46.0,5.0
terrads_e043933d505d,Zenodo/TerraDS,iac_benchmark/scenarios/terrads_e043933d505d,True,True,0,0,0,0,0,,,,,422.0,2901.0,23.0,5.0,5.0
terrads_143ed47eac96,Zenodo/TerraDS,iac_benchmark/scenarios/terrads_143ed47eac96,True,True,0,0,0,0,0,,,,,654.0,3954.0,20.0,12.0,5.0
terrads_00fab0b13c8d,Zenodo/TerraDS,iac_benchmark/scenarios/terrads_00fab0b13c8d,True,True,0,0,0,0,0,,,,,510.0,3651.0,12.0,15.0,5.0
terrads_63a698edf669,Zenodo/TerraDS,iac_benchmark/scenarios/terrads_63a698edf669,True,True,0,0,0,0,0,,,,,900.0,6990.0,61.0,4.0,5.0
terrads_70d91d471497,Zenodo/TerraDS,iac_benchmark/scenarios/terrads_70d91d471497,True,True,0,0,0,0,0,,,,,430.0,2982.0,12.0,11.0,5.0
terrads_24f20ba4290c,Zenodo/TerraDS,iac_benchmark/scenarios/terrads_24f20ba4290c,True,True,0,0,0,0,0,,,,,457.0,3209.0,26.0,33.0,5.0
terrads_33fb665e4036,Zenodo/TerraDS,iac_benchmark/scenarios/terrads_33fb665e4036,True,True,0,0,0,0,0,,,,,443.0,2946.0,29.0,1.0,5.0
terrads_e8b6f83059e4,Zenodo/TerraDS,iac_benchmark/scenarios/terrads_e8b6f83059e4,True,True,0,0,0,0,0,,,,,436.0,2740.0,24.0,15.0,5.0
terrads_23f9a4662d23,Zenodo/TerraDS,iac_benchmark/scenarios/terrads_23f9a4662d23,True,True,0,0,0,0,0,,,,,846.0,6705.0,13.0,17.0,5.0
terrads_47996b86f1a4,Zenodo/TerraDS,iac_benchmark/scenarios/terrads_47996b86f1a4,True,True,0,0,0,0,0,,,,,639.0,4008.0,33.0,45.0,5.0
terrads_1a8abf2965da,Zenodo/TerraDS,iac_benchmark/scenarios/terrads_1a8abf2965da,True,True,0,0,0,0,0,,,,,410.0,2748.0,15.0,12.0,5.0
terrads_f629bf5f30df,Zenodo/TerraDS,iac_benchmark/scenarios/terrads_f629bf5f30df,True,True,0,0,0,0,0,,,,,658.0,4388.0,63.0,63.0,5.0
terrads_f0c20388334c,Zenodo/TerraDS,iac_benchmark/scenarios/terrads_f0c20388334c,True,True,0,0,0,0,0,,,,,471.0,2944.0,36.0,0.0,5.0
terrads_135e1b2cd215,Zenodo/TerraDS,iac_benchmark/scenarios/terrads_135e1b2cd215,True,True,0,0,0,0,0,,,,,607.0,3976.0,27.0,21.0,5.0
terrads_bd2db99812f1,Zenodo/TerraDS,iac_benchmark/scenarios/terrads_bd2db99812f1,True,True,0,0,0,0,0,,,,,540.0,3525.0,25.0,16.0,5.0
terrads_39709aa0aed4,Zenodo/TerraDS,iac_benchmark/scenarios/terrads_39709aa0aed4,True,True,0,0,0,0,0,,,,,905.0,7026.0,16.0,31.0,5.0
terrads_16c6f8971377,Zenodo/TerraDS,iac_benchmark/scenarios/terrads_16c6f8971377,True,True,0,0,0,0,0,,,,,580.0,4584.0,21.0,10.0,5.0
terrads_4158cefba48f,Zenodo/TerraDS,iac_benchmark/scenarios/terrads_4158cefba48f,True,True,0,0,0,0,0,,,,,407.0,2910.0,22.0,1.0,5.0
terrads_74788902c00a,Zenodo/TerraDS,iac_benchmark/scenarios/terrads_74788902c00a,True,True,0,0,0,0,0,,,,,666.0,4367.0,28.0,6.0,5.0
terrads_e72ff7e860d1,Zenodo/TerraDS,iac_benchmark/scenarios/terrads_e72ff7e860d1,True,True,0,0,0,0,0,,,,,739.0,5004.0,26.0,1.0,5.0
terrads_b37bcf60083b,Zenodo/TerraDS,iac_benchmark/scenarios/terrads_b37bcf60083b,True,True,0,0,0,0,0,,,,,716.0,5515.0,17.0,25.0,5.0
terrads_235e0535371a,Zenodo/TerraDS,iac_benchmark/scenarios/terrads_235e0535371a,True,True,0,0,0,0,0,,,,,574.0,4300.0,30.0,14.0,5.0
terrads_5f072ab7cd13,Zenodo/TerraDS,iac_benchmark/scenarios/terrads_5f072ab7cd13,True,True,0,0,0,0,0,,,,,471.0,2944.0,36.0,0.0,5.0
terrads_38abf5958332,Zenodo/TerraDS,iac_benchmark/scenarios/terrads_38abf5958332,True,True,0,0,0,0,0,,,,,882.0,5914.0,31.0,31.0,5.0
terrads_a277a990564f,Zenodo/TerraDS,iac_benchmark/scenarios/terrads_a277a990564f,True,True,0,0,0,0,0,,,,,452.0,3046.0,28.0,2.0,5.0
terrads_289bbc18d75c,Zenodo/TerraDS,iac_benchmark/scenarios/terrads_289bbc18d75c,True,True,0,0,0,0,0,,,,,445.0,2462.0,16.0,3.0,5.0
terrads_9d36d9b6035f,Zenodo/TerraDS,iac_benchmark/scenarios/terrads_9d36d9b6035f,True,True,0,0,0,0,0,,,,,449.0,3268.0,28.0,11.0,5.0
gh_95cf8d53,Tianyi2/IRIS,iac_benchmark/scenarios/gh_95cf8d53,True,True,0,0,0,0,0,,,,,665.0,4471.0,15.0,39.0,5.0
terrads_207a9fe23e3e,Zenodo/TerraDS,iac_benchmark/scenarios/terrads_207a9fe23e3e,True,True,0,0,0,0,0,,,,,734.0,4903.0,25.0,1.0,5.0
terrads_16a1a12910ac,Zenodo/TerraDS,iac_benchmark/scenarios/terrads_16a1a12910ac,True,True,0,0,0,0,0,,,,,412.0,2535.0,27.0,0.0,5.0
terrads_0a227082ef6d,Zenodo/TerraDS,iac_benchmark/scenarios/terrads_0a227082ef6d,True,True,0,0,0,0,0,,,,,475.0,3498.0,20.0,15.0,5.0
terrads_907f0cf75126,Zenodo/TerraDS,iac_benchmark/scenarios/terrads_907f0cf75126,True,True,0,0,0,0,0,,,,,1167.0,7936.0,81.0,10.0,5.0
terrads_6ee0ac480ad4,Zenodo/TerraDS,iac_benchmark/scenarios/terrads_6ee0ac480ad4,True,True,0,0,0,0,0,,,,,512.0,3312.0,17.0,16.0,5.0
terrads_f94f6d8eb376,Zenodo/TerraDS,iac_benchmark/scenarios/terrads_f94f6d8eb376,True,True,0,0,0,0,0,,,,,541.0,3585.0,18.0,9.0,5.0
terrads_5c586cc75079,Zenodo/TerraDS,iac_benchmark/scenarios/terrads_5c586cc75079,True,True,0,0,0,0,0,,,,,575.0,3882.0,18.0,28.0,5.0
terrads_b1fe1dbd23d2,Zenodo/TerraDS,iac_benchmark/scenarios/terrads_b1fe1dbd23d2,True,True,0,0,0,0,0,,,,,480.0,3169.0,20.0,15.0,5.0
terrads_0c329f5f1ce9,Zenodo/TerraDS,iac_benchmark/scenarios/terrads_0c329f5f1ce9,True,True,0,0,0,0,0,,,,,457.0,3209.0,26.0,33.0,5.0
terrads_1eda62c89c8c,Zenodo/TerraDS,iac_benchmark/scenarios/terrads_1eda62c89c8c,True,True,0,0,0,0,0,,,,,640.0,4411.0,20.0,34.0,5.0
terrads_f38fb89a9e00,Zenodo/TerraDS,iac_benchmark/scenarios/terrads_f38fb89a9e00,True,True,0,0,0,0,0,,,,,450.0,2802.0,22.0,9.0,5.0
terrads_a39862e9656a,Zenodo/TerraDS,iac_benchmark/scenarios/terrads_a39862e9656a,True,True,0,0,0,0,0,,,,,486.0,3116.0,21.0,6.0,5.0
terrads_890bb55f0dd5,Zenodo/TerraDS,iac_benchmark/scenarios/terrads_890bb55f0dd5,True,True,0,0,0,0,0,,,,,424.0,2968.0,25.0,11.0,5.0
terrads_7be5ba8c3d1a,Zenodo/TerraDS,iac_benchmark/scenarios/terrads_7be5ba8c3d1a,True,True,0,0,0,0,0,,,,,440.0,3336.0,17.0,3.0,5.0
terrads_1614522d975e,Zenodo/TerraDS,iac_benchmark/scenarios/terrads_1614522d975e,True,True,0,0,0,0,0,,,,,791.0,4361.0,31.0,11.0,5.0
terrads_726db4988652,Zenodo/TerraDS,iac_benchmark/scenarios/terrads_726db4988652,True,True,0,0,0,0,0,,,,,608.0,4597.0,25.0,17.0,5.0
terrads_f988b5ec29df,Zenodo/TerraDS,iac_benchmark/scenarios/terrads_f988b5ec29df,True,True,0,0,0,0,0,,,,,1055.0,7674.0,26.0,46.0,5.0
terrads_97543c7bd7dd,Zenodo/TerraDS,iac_benchmark/scenarios/terrads_97543c7bd7dd,True,True,0,0,0,0,0,,,,,849.0,6365.0,23.0,43.0,5.0
terrads_943ba8489969,Zenodo/TerraDS,iac_benchmark/scenarios/terrads_943ba8489969,True,True,0,0,0,0,0,,,,,547.0,3828.0,14.0,20.0,5.0
terrads_2c2c92906e3e,Zenodo/TerraDS,iac_benchmark/scenarios/terrads_2c2c92906e3e,True,True,0,0,0,0,0,,,,,491.0,3242.0,18.0,2.0,5.0
terrads_1d6ced14c16b,Zenodo/TerraDS,iac_benchmark/scenarios/terrads_1d6ced14c16b,True,True,0,0,0,0,0,,,,,441.0,2876.0,19.0,2.0,5.0
terrads_b304e62c7b15,Zenodo/TerraDS,iac_benchmark/scenarios/terrads_b304e62c7b15,True,True,0,0,0,0,0,,,,,579.0,4115.0,52.0,10.0,5.0
terrads_1020dcdf0a72,Zenodo/TerraDS,iac_benchmark/scenarios/terrads_1020dcdf0a72,True,True,0,0,0,0,0,,,,,887.0,6028.0,35.0,76.0,5.0
terrads_0e12e4f2e1cc,Zenodo/TerraDS,iac_benchmark/scenarios/terrads_0e12e4f2e1cc,True,True,0,0,0,0,0,,,,,791.0,5819.0,47.0,15.0,5.0
terrads_5d392c73a14e,Zenodo/TerraDS,iac_benchmark/scenarios/terrads_5d392c73a14e,True,True,0,0,0,0,0,,,,,523.0,3614.0,19.0,18.0,5.0
terrads_323302fb71a6,Zenodo/TerraDS,iac_benchmark/scenarios/terrads_323302fb71a6,True,True,0,0,0,0,0,,,,,458.0,3084.0,28.0,23.0,5.0
terrads_74b899bf4a8d,Zenodo/TerraDS,iac_benchmark/scenarios/terrads_74b899bf4a8d,True,True,0,0,0,0,0,,,,,518.0,3064.0,20.0,17.0,5.0
terrads_8e0e4743a44b,Zenodo/TerraDS,iac_benchmark/scenarios/terrads_8e0e4743a44b,True,True,0,0,0,0,0,,,,,420.0,2854.0,26.0,9.0,5.0
terrads_b671ce14a4ae,Zenodo/TerraDS,iac_benchmark/scenarios/terrads_b671ce14a4ae,True,True,0,0,0,0,0,,,,,567.0,3878.0,39.0,0.0,5.0
terrads_a41a3390f654,Zenodo/TerraDS,iac_benchmark/scenarios/terrads_a41a3390f654,True,True,0,0,0,0,0,,,,,639.0,4641.0,12.0,33.0,5.0
terrads_bb5e45bea0ee,Zenodo/TerraDS,iac_benchmark/scenarios/terrads_bb5e45bea0ee,True,True,0,0,0,0,0,,,,,420.0,2517.0,14.0,10.0,5.0
gh_e3eb87e9,Tianyi2/IRIS,iac_benchmark/scenarios/gh_e3eb87e9,True,True,0,0,0,0,0,,,,,464.0,2914.0,12.0,26.0,5.0
terrads_adb83023cb6c,Zenodo/TerraDS,iac_benchmark/scenarios/terrads_adb83023cb6c,True,True,0,0,0,0,0,,,,,739.0,5070.0,49.0,0.0,5.0
terrads_934dee51287b,Zenodo/TerraDS,iac_benchmark/scenarios/terrads_934dee51287b,True,True,0,0,0,0,0,,,,,959.0,7008.0,13.0,5.0,5.0
terrads_ce01d7ec2786,Zenodo/TerraDS,iac_benchmark/scenarios/terrads_ce01d7ec2786,True,True,0,0,0,0,0,,,,,412.0,2535.0,27.0,0.0,5.0
terrads_c69c8277e143,Zenodo/TerraDS,iac_benchmark/scenarios/terrads_c69c8277e143,True,True,0,0,0,0,0,,,,,559.0,4215.0,24.0,7.0,5.0
terrads_b0380d47e08f,Zenodo/TerraDS,iac_benchmark/scenarios/terrads_b0380d47e08f,True,True,0,0,0,0,0,,,,,455.0,3090.0,23.0,13.0,5.0
terrads_9cac04668b1e,Zenodo/TerraDS,iac_benchmark/scenarios/terrads_9cac04668b1e,True,True,0,0,0,0,0,,,,,489.0,3632.0,25.0,0.0,5.0
terrads_a0b2e3b2871d,Zenodo/TerraDS,iac_benchmark/scenarios/terrads_a0b2e3b2871d,True,True,0,0,0,0,0,,,,,531.0,5149.0,25.0,6.0,5.0
terrads_eea61c151a5b,Zenodo/TerraDS,iac_benchmark/scenarios/terrads_eea61c151a5b,True,True,0,0,0,0,0,,,,,461.0,3798.0,24.0,1.0,5.0
terrads_4a1a8b7fde26,Zenodo/TerraDS,iac_benchmark/scenarios/terrads_4a1a8b7fde26,True,True,0,0,0,0,0,,,,,677.0,4405.0,39.0,14.0,5.0
terrads_1c88771a5ea3,Zenodo/TerraDS,iac_benchmark/scenarios/terrads_1c88771a5ea3,True,True,0,0,0,0,0,,,,,739.0,5004.0,26.0,1.0,5.0
terrads_90eadb341f62,Zenodo/TerraDS,iac_benchmark/scenarios/terrads_90eadb341f62,True,True,0,0,0,0,0,,,,,721.0,4461.0,54.0,2.0,5.0
terrads_cceb3e1c5266,Zenodo/TerraDS,iac_benchmark/scenarios/terrads_cceb3e1c5266,True,True,0,0,0,0,0,,,,,435.0,2658.0,26.0,4.0,5.0
terrads_f6afd98099de,Zenodo/TerraDS,iac_benchmark/scenarios/terrads_f6afd98099de,True,True,0,0,0,0,0,,,,,471.0,2944.0,36.0,0.0,5.0
terrads_cba03ecc82e2,Zenodo/TerraDS,iac_benchmark/scenarios/terrads_cba03ecc82e2,True,True,0,0,0,0,0,,,,,464.0,3529.0,12.0,23.0,5.0
terrads_0d2d2fc3d88c,Zenodo/TerraDS,iac_benchmark/scenarios/terrads_0d2d2fc3d88c,True,True,0,0,0,0,0,,,,,911.0,6836.0,63.0,1.0,5.0
terrads_9ea5e159a69d,Zenodo/TerraDS,iac_benchmark/scenarios/terrads_9ea5e159a69d,True,True,0,0,0,0,0,,,,,665.0,4340.0,13.0,50.0,5.0
terrads_65d9beec4d9c,Zenodo/TerraDS,iac_benchmark/scenarios/terrads_65d9beec4d9c,True,True,0,0,0,0,0,,,,,433.0,2656.0,13.0,14.0,5.0
terrads_cebe3a206a6c,Zenodo/TerraDS,iac_benchmark/scenarios/terrads_cebe3a206a6c,True,True,0,0,0,0,0,,,,,745.0,5420.0,30.0,8.0,5.0
terrads_b4c86b74a08f,Zenodo/TerraDS,iac_benchmark/scenarios/terrads_b4c86b74a08f,True,True,0,0,0,0,0,,,,,647.0,4581.0,27.0,37.0,5.0
terrads_6275c77069d1,Zenodo/TerraDS,iac_benchmark/scenarios/terrads_6275c77069d1,True,True,0,0,0,0,0,,,,,679.0,4967.0,14.0,17.0,5.0
terrads_5b1ae4ad35a4,Zenodo/TerraDS,iac_benchmark/scenarios/terrads_5b1ae4ad35a4,True,True,0,0,0,0,0,,,,,438.0,2818.0,18.0,11.0,5.0
terrads_a46f869c5c0f,Zenodo/TerraDS,iac_benchmark/scenarios/terrads_a46f869c5c0f,True,True,0,0,0,0,0,,,,,586.0,3416.0,15.0,36.0,5.0
gh_422604a6,aws-cloudformation/iac-model-evaluation,iac_benchmark/scenarios/gh_422604a6,True,True,0,0,0,0,0,,,,,415.0,2637.0,33.0,4.0,5.0
terrads_236929f02d49,Zenodo/TerraDS,iac_benchmark/scenarios/terrads_236929f02d49,True,True,0,0,0,0,0,,,,,586.0,4030.0,23.0,16.0,5.0
terrads_9c47846834ad,Zenodo/TerraDS,iac_benchmark/scenarios/terrads_9c47846834ad,True,True,0,0,0,0,0,,,,,524.0,3513.0,24.0,18.0,5.0
terrads_8b830b44e7bf,Zenodo/TerraDS,iac_benchmark/scenarios/terrads_8b830b44e7bf,True,True,0,0,0,0,0,,,,,605.0,4728.0,25.0,28.0,5.0
terrads_eee2b3663af4,Zenodo/TerraDS,iac_benchmark/scenarios/terrads_eee2b3663af4,True,True,0,0,0,0,0,,,,,707.0,4201.0,25.0,3.0,5.0
terrads_cadb705a9c4c,Zenodo/TerraDS,iac_benchmark/scenarios/terrads_cadb705a9c4c,True,True,0,0,0,0,0,,,,,471.0,2944.0,36.0,0.0,5.0
terrads_92ff5022dc93,Zenodo/TerraDS,iac_benchmark/scenarios/terrads_92ff5022dc93,True,True,0,0,0,0,0,,,,,563.0,3915.0,35.0,0.0,5.0
terrads_147ff9c76136,Zenodo/TerraDS,iac_benchmark/scenarios/terrads_147ff9c76136,True,True,0,0,0,0,0,,,,,506.0,3504.0,28.0,15.0,5.0
terrads_81cefc16b8be,Zenodo/TerraDS,iac_benchmark/scenarios/terrads_81cefc16b8be,True,True,0,0,0,0,0,,,,,473.0,3021.0,26.0,2.0,5.0
terrads_8d695c9cab52,Zenodo/TerraDS,iac_benchmark/scenarios/terrads_8d695c9cab52,True,True,0,0,0,0,0,,,,,577.0,4034.0,39.0,14.0,5.0
terrads_6725102073db,Zenodo/TerraDS,iac_benchmark/scenarios/terrads_6725102073db,True,True,0,0,0,0,0,,,,,1090.0,7464.0,78.0,10.0,5.0
terrads_81e15124269f,Zenodo/TerraDS,iac_benchmark/scenarios/terrads_81e15124269f,True,True,0,0,0,0,0,,,,,618.0,4353.0,29.0,6.0,5.0
terrads_45d6c5ccf341,Zenodo/TerraDS,iac_benchmark/scenarios/terrads_45d6c5ccf341,True,True,0,0,0,0,0,,,,,504.0,3076.0,21.0,16.0,5.0
terrads_706320482134,Zenodo/TerraDS,iac_benchmark/scenarios/terrads_706320482134,True,True,0,0,0,0,0,,,,,406.0,2545.0,12.0,4.0,5.0
terrads_b894af3f2536,Zenodo/TerraDS,iac_benchmark/scenarios/terrads_b894af3f2536,True,True,0,0,0,0,0,,,,,580.0,4306.0,41.0,2.0,5.0
terrads_1725fe8dd472,Zenodo/TerraDS,iac_benchmark/scenarios/terrads_1725fe8dd472,True,True,0,0,0,0,0,,,,,694.0,4348.0,28.0,36.0,5.0
terrads_da051333d2ee,Zenodo/TerraDS,iac_benchmark/scenarios/terrads_da051333d2ee,True,True,0,0,0,0,0,,,,,584.0,4578.0,20.0,11.0,5.0
terrads_fdc19cb78fe6,Zenodo/TerraDS,iac_benchmark/scenarios/terrads_fdc19cb78fe6,True,True,0,0,0,0,0,,,,,648.0,4313.0,62.0,62.0,5.0
terrads_117086103dc9,Zenodo/TerraDS,iac_benchmark/scenarios/terrads_117086103dc9,True,True,0,0,0,0,0,,,,,821.0,5713.0,33.0,32.0,5.0
terrads_fd5255b44d21,Zenodo/TerraDS,iac_benchmark/scenarios/terrads_fd5255b44d21,True,True,0,0,0,0,0,,,,,563.0,3915.0,35.0,0.0,5.0
terrads_959a2c5fb0af,Zenodo/TerraDS,iac_benchmark/scenarios/terrads_959a2c5fb0af,True,True,0,0,0,0,0,,,,,794.0,4993.0,30.0,19.0,5.0
terrads_908dd5c731b2,Zenodo/TerraDS,iac_benchmark/scenarios/terrads_908dd5c731b2,True,True,0,0,0,0,0,,,,,472.0,3602.0,21.0,18.0,5.0
terrads_de37a635514e,Zenodo/TerraDS,iac_benchmark/scenarios/terrads_de37a635514e,True,True,0,0,0,0,0,,,,,412.0,2535.0,27.0,0.0,5.0
terrads_7add914697b1,Zenodo/TerraDS,iac_benchmark/scenarios/terrads_7add914697b1,True,True,0,0,0,0,0,,,,,619.0,4572.0,14.0,35.0,5.0
terrads_23134e052fae,Zenodo/TerraDS,iac_benchmark/scenarios/terrads_23134e052fae,True,True,0,0,0,0,0,,,,,435.0,3000.0,19.0,30.0,5.0
terrads_fcf5363c819d,Zenodo/TerraDS,iac_benchmark/scenarios/terrads_fcf5363c819d,True,True,0,0,0,0,0,,,,,567.0,3301.0,14.0,3.0,5.0
terrads_7db79f056ad0,Zenodo/TerraDS,iac_benchmark/scenarios/terrads_7db79f056ad0,True,True,0,0,0,0,0,,,,,540.0,3525.0,25.0,16.0,5.0
terrads_b2bb6abbb66e,Zenodo/TerraDS,iac_benchmark/scenarios/terrads_b2bb6abbb66e,True,True,0,0,0,0,0,,,,,743.0,5282.0,21.0,37.0,5.0
terrads_7deff2039bba,Zenodo/TerraDS,iac_benchmark/scenarios/terrads_7deff2039bba,True,True,0,0,0,0,0,,,,,424.0,2779.0,28.0,0.0,5.0
terrads_f90713bf9858,Zenodo/TerraDS,iac_benchmark/scenarios/terrads_f90713bf9858,True,True,0,0,0,0,0,,,,,463.0,3404.0,28.0,9.0,5.0
terrads_615971ceca69,Zenodo/TerraDS,iac_benchmark/scenarios/terrads_615971ceca69,True,True,0,0,0,0,0,,,,,742.0,5019.0,26.0,1.0,5.0
terrads_b9b21041172a,Zenodo/TerraDS,iac_benchmark/scenarios/terrads_b9b21041172a,True,True,0,0,0,0,0,,,,,1088.0,7693.0,55.0,9.0,5.0
terrads_57bff568797d,Zenodo/TerraDS,iac_benchmark/scenarios/terrads_57bff568797d,True,True,0,0,0,0,0,,,,,462.0,2859.0,26.0,0.0,5.0
terrads_b3dc5c467060,Zenodo/TerraDS,iac_benchmark/scenarios/terrads_b3dc5c467060,True,True,0,0,0,0,0,,,,,770.0,6417.0,15.0,72.0,5.0
terrads_f8df954a81d3,Zenodo/TerraDS,iac_benchmark/scenarios/terrads_f8df954a81d3,True,True,0,0,0,0,0,,,,,771.0,5243.0,32.0,25.0,5.0
terrads_a959381264ad,Zenodo/TerraDS,iac_benchmark/scenarios/terrads_a959381264ad,True,True,0,0,0,0,0,,,,,850.0,4990.0,28.0,0.0,5.0
terrads_2b2db8e4cb0b,Zenodo/TerraDS,iac_benchmark/scenarios/terrads_2b2db8e4cb0b,True,True,0,0,0,0,0,,,,,725.0,6065.0,45.0,10.0,5.0
terrads_7ba2245fd2a8,Zenodo/TerraDS,iac_benchmark/scenarios/terrads_7ba2245fd2a8,True,True,0,0,0,0,0,,,,,661.0,5287.0,41.0,7.0,5.0
terrads_b649d9526e33,Zenodo/TerraDS,iac_benchmark/scenarios/terrads_b649d9526e33,True,True,0,0,0,0,0,,,,,484.0,3212.0,13.0,10.0,5.0
terrads_f7dfae889c31,Zenodo/TerraDS,iac_benchmark/scenarios/terrads_f7dfae889c31,True,True,0,0,0,0,0,,,,,457.0,3004.0,15.0,14.0,5.0
terrads_a2344e214956,Zenodo/TerraDS,iac_benchmark/scenarios/terrads_a2344e214956,True,True,0,0,0,0,0,,,,,516.0,3371.0,25.0,11.0,5.0
terrads_5c0b54c8f7d9,Zenodo/TerraDS,iac_benchmark/scenarios/terrads_5c0b54c8f7d9,True,True,0,0,0,0,0,,,,,948.0,6447.0,57.0,19.0,5.0
terrads_2a6112337102,Zenodo/TerraDS,iac_benchmark/scenarios/terrads_2a6112337102,True,True,0,0,0,0,0,,,,,697.0,4924.0,61.0,4.0,5.0
terrads_892606c9eba5,Zenodo/TerraDS,iac_benchmark/scenarios/terrads_892606c9eba5,True,True,0,0,0,0,0,,,,,477.0,3685.0,33.0,0.0,5.0
terrads_f67e637a6dad,Zenodo/TerraDS,iac_benchmark/scenarios/terrads_f67e637a6dad,True,True,0,0,0,0,0,,,,,1044.0,7823.0,42.0,48.0,5.0
terrads_67b6afab72e4,Zenodo/TerraDS,iac_benchmark/scenarios/terrads_67b6afab72e4,True,True,0,0,0,0,0,,,,,690.0,5785.0,48.0,9.0,5.0
terrads_7eabc33cd503,Zenodo/TerraDS,iac_benchmark/scenarios/terrads_7eabc33cd503,True,True,0,0,0,0,0,,,,,458.0,3664.0,18.0,18.0,5.0
terrads_b7320a0a3ba4,Zenodo/TerraDS,iac_benchmark/scenarios/terrads_b7320a0a3ba4,True,True,0,0,0,0,0,,,,,882.0,5914.0,31.0,31.0,5.0
terrads_280b92a17c7f,Zenodo/TerraDS,iac_benchmark/scenarios/terrads_280b92a17c7f,True,True,0,0,0,0,0,,,,,622.0,4343.0,53.0,1.0,5.0
terrads_950a04810879,Zenodo/TerraDS,iac_benchmark/scenarios/terrads_950a04810879,True,True,0,0,0,0,0,,,,,541.0,4195.0,23.0,20.0,5.0
gh_4acd046e,antonputra/tutorials,iac_benchmark/scenarios/gh_4acd046e,True,True,0,0,0,0,0,,,,,489.0,3632.0,25.0,0.0,5.0
terrads_d14ba61f7b3d,Zenodo/TerraDS,iac_benchmark/scenarios/terrads_d14ba61f7b3d,True,True,0,0,0,0,0,,,,,741.0,4802.0,16.0,9.0,5.0
terrads_d8a3c6685fa8,Zenodo/TerraDS,iac_benchmark/scenarios/terrads_d8a3c6685fa8,True,True,0,0,0,0,0,,,,,755.0,4638.0,34.0,22.0,5.0
terrads_35f4dbd0397e,Zenodo/TerraDS,iac_benchmark/scenarios/terrads_35f4dbd0397e,True,True,0,0,0,0,0,,,,,474.0,2717.0,15.0,7.0,5.0
terrads_a6a7e0c8f442,Zenodo/TerraDS,iac_benchmark/scenarios/terrads_a6a7e0c8f442,True,True,0,0,0,0,0,,,,,540.0,3525.0,25.0,16.0,5.0
terrads_f6fbb2ea22e8,Zenodo/TerraDS,iac_benchmark/scenarios/terrads_f6fbb2ea22e8,True,True,0,0,0,0,0,,,,,886.0,6901.0,18.0,35.0,5.0
terrads_59482467c76f,Zenodo/TerraDS,iac_benchmark/scenarios/terrads_59482467c76f,True,True,0,0,0,0,0,,,,,849.0,6815.0,49.0,0.0,5.0
terrads_73bab384fab9,Zenodo/TerraDS,iac_benchmark/scenarios/terrads_73bab384fab9,True,True,0,0,0,0,0,,,,,407.0,2345.0,17.0,21.0,5.0
terrads_446b2cb249b1,Zenodo/TerraDS,iac_benchmark/scenarios/terrads_446b2cb249b1,True,True,0,0,0,0,0,,,,,587.0,4306.0,43.0,9.0,5.0
terrads_20ef7fd81664,Zenodo/TerraDS,iac_benchmark/scenarios/terrads_20ef7fd81664,True,True,0,0,0,0,0,,,,,553.0,3833.0,31.0,2.0,5.0
terrads_236a7dc997c5,Zenodo/TerraDS,iac_benchmark/scenarios/terrads_236a7dc997c5,True,True,0,0,0,0,0,,,,,563.0,3915.0,35.0,0.0,5.0
terrads_6333af44b9f9,Zenodo/TerraDS,iac_benchmark/scenarios/terrads_6333af44b9f9,True,True,0,0,0,0,0,,,,,472.0,3185.0,31.0,1.0,5.0
terrads_790eac3d28c9,Zenodo/TerraDS,iac_benchmark/scenarios/terrads_790eac3d28c9,True,True,0,0,0,0,0,,,,,641.0,3235.0,23.0,8.0,5.0
terrads_7fd54ad71664,Zenodo/TerraDS,iac_benchmark/scenarios/terrads_7fd54ad71664,True,True,0,0,0,0,0,,,,,408.0,2873.0,26.0,10.0,5.0
terrads_495f14a4610d,Zenodo/TerraDS,iac_benchmark/scenarios/terrads_495f14a4610d,True,True,0,0,0,0,0,,,,,454.0,4429.0,21.0,0.0,5.0
terrads_410a77ac1c94,Zenodo/TerraDS,iac_benchmark/scenarios/terrads_410a77ac1c94,True,True,0,0,0,0,0,,,,,1092.0,7309.0,21.0,47.0,5.0
terrads_6b72a95b8b03,Zenodo/TerraDS,iac_benchmark/scenarios/terrads_6b72a95b8b03,True,True,0,0,0,0,0,,,,,1139.0,7850.0,45.0,7.0,5.0
terrads_ddbf74c3cff7,Zenodo/TerraDS,iac_benchmark/scenarios/terrads_ddbf74c3cff7,True,True,0,0,0,0,0,,,,,577.0,3484.0,34.0,6.0,5.0
terrads_80e58169ea45,Zenodo/TerraDS,iac_benchmark/scenarios/terrads_80e58169ea45,True,True,0,0,0,0,0,,,,,412.0,2436.0,21.0,5.0,5.0
terrads_e0ad13425304,Zenodo/TerraDS,iac_benchmark/scenarios/terrads_e0ad13425304,True,True,0,0,0,0,0,,,,,414.0,2494.0,16.0,8.0,5.0
terrads_f831f98ebca7,Zenodo/TerraDS,iac_benchmark/scenarios/terrads_f831f98ebca7,True,True,0,0,0,0,0,,,,,755.0,5768.0,50.0,6.0,5.0
terrads_a4cac069c479,Zenodo/TerraDS,iac_benchmark/scenarios/terrads_a4cac069c479,True,True,0,0,0,0,0,,,,,551.0,3336.0,14.0,5.0,5.0
terrads_01f5631d42f6,Zenodo/TerraDS,iac_benchmark/scenarios/terrads_01f5631d42f6,True,True,0,0,0,0,0,,,,,636.0,4189.0,26.0,15.0,5.0
terrads_8a1f21e6fac7,Zenodo/TerraDS,iac_benchmark/scenarios/terrads_8a1f21e6fac7,True,True,0,0,0,0,0,,,,,580.0,4287.0,12.0,22.0,5.0
terrads_85d135811e78,Zenodo/TerraDS,iac_benchmark/scenarios/terrads_85d135811e78,True,True,0,0,0,0,0,,,,,563.0,3915.0,35.0,0.0,5.0
terrads_e1c6b51c20b7,Zenodo/TerraDS,iac_benchmark/scenarios/terrads_e1c6b51c20b7,True,True,0,0,0,0,0,,,,,570.0,4606.0,24.0,16.0,5.0
terrads_158595086e5b,Zenodo/TerraDS,iac_benchmark/scenarios/terrads_158595086e5b,True,True,0,0,0,0,0,,,,,411.0,2778.0,13.0,6.0,5.0
terrads_1fc901a77fb1,Zenodo/TerraDS,iac_benchmark/scenarios/terrads_1fc901a77fb1,True,True,0,0,0,0,0,,,,,484.0,3055.0,23.0,4.0,5.0
terrads_d67c3595674f,Zenodo/TerraDS,iac_benchmark/scenarios/terrads_d67c3595674f,True,True,0,0,0,0,0,,,,,875.0,6110.0,14.0,65.0,5.0
terrads_f0544648326d,Zenodo/TerraDS,iac_benchmark/scenarios/terrads_f0544648326d,True,True,0,0,0,0,0,,,,,531.0,3535.0,15.0,30.0,5.0
terrads_23a19c27838a,Zenodo/TerraDS,iac_benchmark/scenarios/terrads_23a19c27838a,True,True,0,0,0,0,0,,,,,590.0,3898.0,20.0,33.0,5.0
terrads_e95526baa3e1,Zenodo/TerraDS,iac_benchmark/scenarios/terrads_e95526baa3e1,True,True,0,0,0,0,0,,,,,459.0,4724.0,51.0,0.0,5.0
terrads_49571a27b346,Zenodo/TerraDS,iac_benchmark/scenarios/terrads_49571a27b346,True,True,0,0,0,0,0,,,,,614.0,4638.0,19.0,0.0,5.0
terrads_3a229b370332,Zenodo/TerraDS,iac_benchmark/scenarios/terrads_3a229b370332,True,True,0,0,0,0,0,,,,,665.0,4114.0,30.0,24.0,5.0
terrads_b4e2ca453030,Zenodo/TerraDS,iac_benchmark/scenarios/terrads_b4e2ca453030,True,True,0,0,0,0,0,,,,,505.0,2999.0,22.0,4.0,5.0
terrads_ec7b3b2783c6,Zenodo/TerraDS,iac_benchmark/scenarios/terrads_ec7b3b2783c6,True,True,0,0,0,0,0,,,,,545.0,3537.0,31.0,10.0,5.0
terrads_aaa19403dcdc,Zenodo/TerraDS,iac_benchmark/scenarios/terrads_aaa19403dcdc,True,True,0,0,0,0,0,,,,,882.0,5914.0,31.0,31.0,5.0
terrads_9c062f5478a7,Zenodo/TerraDS,iac_benchmark/scenarios/terrads_9c062f5478a7,True,True,0,0,0,0,0,,,,,448.0,3754.0,19.0,6.0,5.0
terrads_6c231ce220c6,Zenodo/TerraDS,iac_benchmark/scenarios/terrads_6c231ce220c6,True,True,0,0,0,0,0,,,,,1171.0,7951.0,81.0,10.0,5.0
terrads_8f6793bd01da,Zenodo/TerraDS,iac_benchmark/scenarios/terrads_8f6793bd01da,True,True,0,0,0,0,0,,,,,620.0,4501.0,14.0,3.0,5.0
terrads_68d8dacadedb,Zenodo/TerraDS,iac_benchmark/scenarios/terrads_68d8dacadedb,True,True,0,0,0,0,0,,,,,750.0,5953.0,41.0,39.0,5.0
terrads_3bfc95bc51e1,Zenodo/TerraDS,iac_benchmark/scenarios/terrads_3bfc95bc51e1,True,True,0,0,0,0,0,,,,,899.0,6465.0,46.0,0.0,5.0
terrads_697e2dda87ea,Zenodo/TerraDS,iac_benchmark/scenarios/terrads_697e2dda87ea,True,True,0,0,0,0,0,,,,,457.0,3209.0,26.0,33.0,5.0
terrads_24794d6248ed,Zenodo/TerraDS,iac_benchmark/scenarios/terrads_24794d6248ed,True,True,0,0,0,0,0,,,,,561.0,3459.0,21.0,21.0,5.0
terrads_e543748c3a81,Zenodo/TerraDS,iac_benchmark/scenarios/terrads_e543748c3a81,True,True,0,0,0,0,0,,,,,941.0,6302.0,23.0,19.0,5.0
terrads_f7676d28d833,Zenodo/TerraDS,iac_benchmark/scenarios/terrads_f7676d28d833,True,True,0,0,0,0,0,,,,,422.0,2463.0,17.0,11.0,5.0
terrads_23e5f2df6ce0,Zenodo/TerraDS,iac_benchmark/scenarios/terrads_23e5f2df6ce0,True,True,0,0,0,0,0,,,,,734.0,4903.0,25.0,1.0,5.0
terrads_22180cf94f82,Zenodo/TerraDS,iac_benchmark/scenarios/terrads_22180cf94f82,True,True,0,0,0,0,0,,,,,645.0,4902.0,44.0,14.0,5.0
terrads_f88105324327,Zenodo/TerraDS,iac_benchmark/scenarios/terrads_f88105324327,True,True,0,0,0,0,0,,,,,509.0,3404.0,23.0,23.0,5.0
terrads_ba5c25e27165,Zenodo/TerraDS,iac_benchmark/scenarios/terrads_ba5c25e27165,True,True,0,0,0,0,0,,,,,431.0,3390.0,25.0,9.0,5.0
terrads_05e1ab24f5fb,Zenodo/TerraDS,iac_benchmark/scenarios/terrads_05e1ab24f5fb,True,True,0,0,0,0,0,,,,,453.0,4594.0,22.0,0.0,5.0
terrads_ba30a41de537,Zenodo/TerraDS,iac_benchmark/scenarios/terrads_ba30a41de537,True,True,0,0,0,0,0,,,,,404.0,2347.0,16.0,17.0,5.0
terrads_d1fd8d93038c,Zenodo/TerraDS,iac_benchmark/scenarios/terrads_d1fd8d93038c,True,True,0,0,0,0,0,,,,,611.0,5509.0,15.0,2.0,5.0
terrads_57974b60f7db,Zenodo/TerraDS,iac_benchmark/scenarios/terrads_57974b60f7db,True,True,0,0,0,0,0,,,,,629.0,4043.0,24.0,11.0,5.0
terrads_a3225b1a94be,Zenodo/TerraDS,iac_benchmark/scenarios/terrads_a3225b1a94be,True,True,0,0,0,0,0,,,,,541.0,3526.0,24.0,16.0,5.0
terrads_ba5ded7fff04,Zenodo/TerraDS,iac_benchmark/scenarios/terrads_ba5ded7fff04,True,True,0,0,0,0,0,,,,,436.0,2794.0,18.0,11.0,5.0
terrads_39b59c4fded8,Zenodo/TerraDS,iac_benchmark/scenarios/terrads_39b59c4fded8,True,True,0,0,0,0,0,,,,,457.0,3209.0,26.0,33.0,5.0
terrads_dd9ae6aca8b6,Zenodo/TerraDS,iac_benchmark/scenarios/terrads_dd9ae6aca8b6,True,True,0,0,0,0,0,,,,,613.0,4724.0,18.0,16.0,5.0
terrads_833234208eef,Zenodo/TerraDS,iac_benchmark/scenarios/terrads_833234208eef,True,True,0,0,0,0,0,,,,,411.0,2866.0,24.0,9.0,5.0
terrads_ab906eda8ca8,Zenodo/TerraDS,iac_benchmark/scenarios/terrads_ab906eda8ca8,True,True,0,0,0,0,0,,,,,597.0,4729.0,17.0,19.0,5.0
terrads_e7bf2dd47f25,Zenodo/TerraDS,iac_benchmark/scenarios/terrads_e7bf2dd47f25,True,True,0,0,0,0,0,,,,,882.0,5914.0,31.0,31.0,5.0
terrads_dffe407a9278,Zenodo/TerraDS,iac_benchmark/scenarios/terrads_dffe407a9278,True,True,0,0,0,0,0,,,,,452.0,3046.0,28.0,2.0,5.0
terrads_894de7723dbd,Zenodo/TerraDS,iac_benchmark/scenarios/terrads_894de7723dbd,True,True,0,0,0,0,0,,,,,734.0,4903.0,25.0,1.0,5.0
terrads_adf6ad704b72,Zenodo/TerraDS,iac_benchmark/scenarios/terrads_adf6ad704b72,True,True,0,0,0,0,0,,,,,450.0,2802.0,22.0,9.0,5.0
terrads_026a1982f35c,Zenodo/TerraDS,iac_benchmark/scenarios/terrads_026a1982f35c,True,True,0,0,0,0,0,,,,,1072.0,6331.0,24.0,6.0,5.0
terrads_4d2add2f7642,Zenodo/TerraDS,iac_benchmark/scenarios/terrads_4d2add2f7642,True,True,0,0,0,0,0,,,,,447.0,2773.0,21.0,17.0,5.0
terrads_b9fd53b0840f,Zenodo/TerraDS,iac_benchmark/scenarios/terrads_b9fd53b0840f,True,True,0,0,0,0,0,,,,,669.0,5760.0,18.0,19.0,5.0
terrads_616b49d9c7dc,Zenodo/TerraDS,iac_benchmark/scenarios/terrads_616b49d9c7dc,True,True,0,0,0,0,0,,,,,477.0,3357.0,12.0,15.0,5.0
terrads_cfe41c227995,Zenodo/TerraDS,iac_benchmark/scenarios/terrads_cfe41c227995,True,True,0,0,0,0,0,,,,,661.0,4994.0,14.0,47.0,5.0
terrads_84ed0d080953,Zenodo/TerraDS,iac_benchmark/scenarios/terrads_84ed0d080953,True,True,0,0,0,0,0,,,,,853.0,6212.0,48.0,4.0,5.0
terrads_3384736b47bf,Zenodo/TerraDS,iac_benchmark/scenarios/terrads_3384736b47bf,True,True,0,0,0,0,0,,,,,734.0,4903.0,25.0,1.0,5.0
terrads_d9b16335ff4a,Zenodo/TerraDS,iac_benchmark/scenarios/terrads_d9b16335ff4a,True,True,0,0,0,0,0,,,,,443.0,3481.0,23.0,7.0,5.0
terrads_d77d46ecf652,Zenodo/TerraDS,iac_benchmark/scenarios/terrads_d77d46ecf652,True,True,0,0,0,0,0,,,,,452.0,3079.0,28.0,0.0,5.0
terrads_44a7cb9eb4ed,Zenodo/TerraDS,iac_benchmark/scenarios/terrads_44a7cb9eb4ed,True,True,0,0,0,0,0,,,,,485.0,3008.0,14.0,10.0,5.0
terrads_9beff4fa41cc,Zenodo/TerraDS,iac_benchmark/scenarios/terrads_9beff4fa41cc,True,True,0,0,0,0,0,,,,,510.0,4127.0,31.0,20.0,5.0
terrads_dd2c63467da1,Zenodo/TerraDS,iac_benchmark/scenarios/terrads_dd2c63467da1,True,True,0,0,0,0,0,,,,,565.0,4001.0,25.0,1.0,5.0
terrads_26489a61612a,Zenodo/TerraDS,iac_benchmark/scenarios/terrads_26489a61612a,True,True,0,0,0,0,0,,,,,548.0,3840.0,21.0,3.0,5.0
terrads_57fe4889867d,Zenodo/TerraDS,iac_benchmark/scenarios/terrads_57fe4889867d,True,True,0,0,0,0,0,,,,,558.0,3791.0,13.0,11.0,5.0
terrads_99ec09c99871,Zenodo/TerraDS,iac_benchmark/scenarios/terrads_99ec09c99871,True,True,0,0,0,0,0,,,,,662.0,4579.0,16.0,20.0,5.0
terrads_cc22368ac7c6,Zenodo/TerraDS,iac_benchmark/scenarios/terrads_cc22368ac7c6,True,True,0,0,0,0,0,,,,,568.0,3761.0,31.0,4.0,5.0
terrads_9cbd559fc97a,Zenodo/TerraDS,iac_benchmark/scenarios/terrads_9cbd559fc97a,True,True,0,0,0,0,0,,,,,475.0,2891.0,22.0,17.0,5.0
terrads_1df31fdb40e4,Zenodo/TerraDS,iac_benchmark/scenarios/terrads_1df31fdb40e4,True,True,0,0,0,0,0,,,,,980.0,6047.0,13.0,10.0,5.0
terrads_84b85186c1f7,Zenodo/TerraDS,iac_benchmark/scenarios/terrads_84b85186c1f7,True,True,0,0,0,0,0,,,,,450.0,2802.0,22.0,9.0,5.0
terrads_920b3246b337,Zenodo/TerraDS,iac_benchmark/scenarios/terrads_920b3246b337,True,True,0,0,0,0,0,,,,,516.0,3675.0,17.0,16.0,5.0
terrads_d5055b67b25a,Zenodo/TerraDS,iac_benchmark/scenarios/terrads_d5055b67b25a,True,True,0,0,0,0,0,,,,,651.0,4367.0,42.0,9.0,5.0
terrads_6037e7425390,Zenodo/TerraDS,iac_benchmark/scenarios/terrads_6037e7425390,True,True,0,0,0,0,0,,,,,666.0,4926.0,39.0,9.0,5.0
terrads_9439807315ab,Zenodo/TerraDS,iac_benchmark/scenarios/terrads_9439807315ab,True,True,0,0,0,0,0,,,,,781.0,5613.0,43.0,47.0,5.0
terrads_7ebd93696b48,Zenodo/TerraDS,iac_benchmark/scenarios/terrads_7ebd93696b48,True,True,0,0,0,0,0,,,,,452.0,3046.0,28.0,2.0,5.0
terrads_b6788622925f,Zenodo/TerraDS,iac_benchmark/scenarios/terrads_b6788622925f,True,True,0,0,0,0,0,,,,,440.0,2671.0,18.0,13.0,5.0
terrads_57c5124b024d,Zenodo/TerraDS,iac_benchmark/scenarios/terrads_57c5124b024d,True,True,0,0,0,0,0,,,,,567.0,3878.0,39.0,0.0,5.0
terrads_837fc403977f,Zenodo/TerraDS,iac_benchmark/scenarios/terrads_837fc403977f,True,True,0,0,0,0,0,,,,,542.0,3531.0,25.0,16.0,5.0
terrads_9baf9da597e6,Zenodo/TerraDS,iac_benchmark/scenarios/terrads_9baf9da597e6,True,True,0,0,0,0,0,,,,,456.0,3087.0,33.0,0.0,5.0
terrads_21305ff95588,Zenodo/TerraDS,iac_benchmark/scenarios/terrads_21305ff95588,True,True,0,0,0,0,0,,,,,447.0,3359.0,19.0,9.0,5.0
terrads_9bdf3f65ce31,Zenodo/TerraDS,iac_benchmark/scenarios/terrads_9bdf3f65ce31,True,True,0,0,0,0,0,,,,,539.0,3691.0,20.0,0.0,5.0
terrads_2201b6e4f965,Zenodo/TerraDS,iac_benchmark/scenarios/terrads_2201b6e4f965,True,True,0,0,0,0,0,,,,,449.0,3060.0,12.0,10.0,5.0
terrads_5d375f1e4671,Zenodo/TerraDS,iac_benchmark/scenarios/terrads_5d375f1e4671,True,True,0,0,0,0,0,,,,,754.0,7047.0,16.0,51.0,5.0
terrads_34a0f9c67671,Zenodo/TerraDS,iac_benchmark/scenarios/terrads_34a0f9c67671,True,True,0,0,0,0,0,,,,,638.0,4374.0,23.0,32.0,5.0
terrads_c972aaadaf99,Zenodo/TerraDS,iac_benchmark/scenarios/terrads_c972aaadaf99,True,True,0,0,0,0,0,,,,,771.0,5353.0,13.0,58.0,5.0
terrads_e793209afa60,Zenodo/TerraDS,iac_benchmark/scenarios/terrads_e793209afa60,True,True,0,0,0,0,0,,,,,452.0,2796.0,32.0,7.0,5.0
terrads_4279863dd54b,Zenodo/TerraDS,iac_benchmark/scenarios/terrads_4279863dd54b,True,True,0,0,0,0,0,,,,,731.0,4903.0,25.0,1.0,5.0
terrads_bc969683aee6,Zenodo/TerraDS,iac_benchmark/scenarios/terrads_bc969683aee6,True,True,0,0,0,0,0,,,,,935.0,7650.0,43.0,21.0,5.0
terrads_33dee32c9a3f,Zenodo/TerraDS,iac_benchmark/scenarios/terrads_33dee32c9a3f,True,True,0,0,0,0,0,,,,,683.0,4261.0,42.0,12.0,5.0
terrads_a59183cb006b,Zenodo/TerraDS,iac_benchmark/scenarios/terrads_a59183cb006b,True,True,0,0,0,0,0,,,,,410.0,3005.0,17.0,14.0,5.0
terrads_db4dfda31ea4,Zenodo/TerraDS,iac_benchmark/scenarios/terrads_db4dfda31ea4,True,True,0,0,0,0,0,,,,,541.0,3526.0,24.0,16.0,5.0
terrads_a8ee7805b005,Zenodo/TerraDS,iac_benchmark/scenarios/terrads_a8ee7805b005,True,True,0,0,0,0,0,,,,,464.0,3379.0,26.0,9.0,5.0
terrads_62f192f86efb,Zenodo/TerraDS,iac_benchmark/scenarios/terrads_62f192f86efb,True,True,0,0,0,0,0,,,,,878.0,5678.0,16.0,19.0,5.0
terrads_f305bb2139c7,Zenodo/TerraDS,iac_benchmark/scenarios/terrads_f305bb2139c7,True,True,0,0,0,0,0,,,,,613.0,4715.0,18.0,16.0,5.0
terrads_e021d1b281d3,Zenodo/TerraDS,iac_benchmark/scenarios/terrads_e021d1b281d3,True,True,0,0,0,0,0,,,,,440.0,2524.0,19.0,16.0,5.0
terrads_cc26120d1733,Zenodo/TerraDS,iac_benchmark/scenarios/terrads_cc26120d1733,True,True,0,0,0,0,0,,,,,882.0,5915.0,30.0,31.0,5.0
terrads_e8dd4f5723e2,Zenodo/TerraDS,iac_benchmark/scenarios/terrads_e8dd4f5723e2,True,True,0,0,0,0,0,,,,,933.0,6111.0,44.0,20.0,5.0
terrads_0a15beb079c0,Zenodo/TerraDS,iac_benchmark/scenarios/terrads_0a15beb079c0,True,True,0,0,0,0,0,,,,,639.0,5114.0,15.0,1.0,5.0
terrads_1cf5bc24d308,Zenodo/TerraDS,iac_benchmark/scenarios/terrads_1cf5bc24d308,True,True,0,0,0,0,0,,,,,422.0,2463.0,17.0,11.0,5.0
terrads_b9f97622abc8,Zenodo/TerraDS,iac_benchmark/scenarios/terrads_b9f97622abc8,True,True,0,0,0,0,0,,,,,417.0,2848.0,25.0,9.0,5.0
terrads_aa0d80288b73,Zenodo/TerraDS,iac_benchmark/scenarios/terrads_aa0d80288b73,True,True,0,0,0,0,0,,,,,450.0,2758.0,22.0,3.0,5.0
terrads_da15bd7473c8,Zenodo/TerraDS,iac_benchmark/scenarios/terrads_da15bd7473c8,True,True,0,0,0,0,0,,,,,450.0,2802.0,22.0,9.0,5.0
terrads_c59ad3061532,Zenodo/TerraDS,iac_benchmark/scenarios/terrads_c59ad3061532,True,True,0,0,0,0,0,,,,,511.0,2946.0,14.0,8.0,5.0
terrads_4c457b9b6dc0,Zenodo/TerraDS,iac_benchmark/scenarios/terrads_4c457b9b6dc0,True,True,0,0,0,0,0,,,,,489.0,3632.0,25.0,0.0,5.0
terrads_7bf9687d2fd7,Zenodo/TerraDS,iac_benchmark/scenarios/terrads_7bf9687d2fd7,True,True,0,0,0,0,0,,,,,492.0,3683.0,25.0,3.0,5.0
terrads_07b12b3ea042,Zenodo/TerraDS,iac_benchmark/scenarios/terrads_07b12b3ea042,True,True,0,0,0,0,0,,,,,440.0,3353.0,18.0,14.0,5.0
terrads_f1c061f82017,Zenodo/TerraDS,iac_benchmark/scenarios/terrads_f1c061f82017,True,True,0,0,0,0,0,,,,,641.0,3235.0,23.0,8.0,5.0
terrads_680dc818f87a,Zenodo/TerraDS,iac_benchmark/scenarios/terrads_680dc818f87a,True,True,0,0,0,0,0,,,,,515.0,3248.0,22.0,0.0,5.0
terrads_48e0a8c31c60,Zenodo/TerraDS,iac_benchmark/scenarios/terrads_48e0a8c31c60,True,True,0,0,0,0,0,,,,,517.0,3440.0,22.0,17.0,5.0
terrads_3ea3c9855921,Zenodo/TerraDS,iac_benchmark/scenarios/terrads_3ea3c9855921,True,True,0,0,0,0,0,,,,,443.0,2946.0,29.0,1.0,5.0
terrads_496f419c1585,Zenodo/TerraDS,iac_benchmark/scenarios/terrads_496f419c1585,True,True,0,0,0,0,0,,,,,402.0,2533.0,24.0,0.0,5.0
terrads_6dd4f273902a,Zenodo/TerraDS,iac_benchmark/scenarios/terrads_6dd4f273902a,True,True,0,0,0,0,0,,,,,610.0,4166.0,18.0,16.0,5.0
terrads_d03508b7accd,Zenodo/TerraDS,iac_benchmark/scenarios/terrads_d03508b7accd,True,True,0,0,0,0,0,,,,,450.0,2802.0,22.0,9.0,5.0
terrads_24b7163f0d10,Zenodo/TerraDS,iac_benchmark/scenarios/terrads_24b7163f0d10,True,True,0,0,0,0,0,,,,,407.0,2385.0,15.0,8.0,5.0
terrads_3fbf5e8808fd,Zenodo/TerraDS,iac_benchmark/scenarios/terrads_3fbf5e8808fd,True,True,0,0,0,0,0,,,,,563.0,3448.0,23.0,10.0,5.0
terrads_a96f24970486,Zenodo/TerraDS,iac_benchmark/scenarios/terrads_a96f24970486,True,True,0,0,0,0,0,,,,,963.0,7065.0,24.0,7.0,5.0
terrads_d5836f95087d,Zenodo/TerraDS,iac_benchmark/scenarios/terrads_d5836f95087d,True,True,0,0,0,0,0,,,,,601.0,3828.0,20.0,8.0,5.0
terrads_71d3f753e842,Zenodo/TerraDS,iac_benchmark/scenarios/terrads_71d3f753e842,True,True,0,0,0,0,0,,,,,435.0,3000.0,19.0,30.0,5.0
terrads_ad6d12b26307,Zenodo/TerraDS,iac_benchmark/scenarios/terrads_ad6d12b26307,True,True,0,0,0,0,0,,,,,771.0,5270.0,20.0,45.0,5.0
terrads_295df6bdf2a4,Zenodo/TerraDS,iac_benchmark/scenarios/terrads_295df6bdf2a4,True,True,0,0,0,0,0,,,,,674.0,4343.0,16.0,30.0,5.0
terrads_8102853b574d,Zenodo/TerraDS,iac_benchmark/scenarios/terrads_8102853b574d,True,True,0,0,0,0,0,,,,,484.0,3242.0,23.0,6.0,5.0
terrads_303c48dfabac,Zenodo/TerraDS,iac_benchmark/scenarios/terrads_303c48dfabac,True,True,0,0,0,0,0,,,,,986.0,6944.0,20.0,10.0,5.0
gh_953974cf,Tianyi2/IRIS,iac_benchmark/scenarios/gh_953974cf,True,True,0,0,0,0,0,,,,,612.0,4217.0,22.0,15.0,5.0
terrads_41ff17355469,Zenodo/TerraDS,iac_benchmark/scenarios/terrads_41ff17355469,True,True,0,0,0,0,0,,,,,512.0,3487.0,17.0,23.0,5.0
terrads_a9e58327667d,Zenodo/TerraDS,iac_benchmark/scenarios/terrads_a9e58327667d,True,True,0,0,0,0,0,,,,,882.0,5914.0,31.0,31.0,5.0
terrads_af1e83a6d7dc,Zenodo/TerraDS,iac_benchmark/scenarios/terrads_af1e83a6d7dc,True,True,0,0,0,0,0,,,,,740.0,7167.0,32.0,11.0,5.0
terrads_01334dedc4eb,Zenodo/TerraDS,iac_benchmark/scenarios/terrads_01334dedc4eb,True,True,0,0,0,0,0,,,,,473.0,3766.0,19.0,10.0,5.0
terrads_5881d63fc558,Zenodo/TerraDS,iac_benchmark/scenarios/terrads_5881d63fc558,True,True,0,0,0,0,0,,,,,639.0,5841.0,58.0,1.0,5.0
terrads_85dd2e9dfbe4,Zenodo/TerraDS,iac_benchmark/scenarios/terrads_85dd2e9dfbe4,True,True,0,0,0,0,0,,,,,886.0,7089.0,55.0,13.0,5.0
terrads_1abe5cebdbe4,Zenodo/TerraDS,iac_benchmark/scenarios/terrads_1abe5cebdbe4,True,True,0,0,0,0,0,,,,,917.0,5672.0,30.0,14.0,5.0
terrads_99eb8a7402b5,Zenodo/TerraDS,iac_benchmark/scenarios/terrads_99eb8a7402b5,True,True,0,0,0,0,0,,,,,563.0,4783.0,37.0,8.0,5.0
terrads_2bdcdc747e5f,Zenodo/TerraDS,iac_benchmark/scenarios/terrads_2bdcdc747e5f,True,True,0,0,0,0,0,,,,,713.0,6844.0,16.0,18.0,5.0
terrads_f3fdcd1f311e,Zenodo/TerraDS,iac_benchmark/scenarios/terrads_f3fdcd1f311e,True,True,0,0,0,0,0,,,,,617.0,5008.0,37.0,0.0,5.0
terrads_1f077562ea81,Zenodo/TerraDS,iac_benchmark/scenarios/terrads_1f077562ea81,True,True,0,0,0,0,0,,,,,540.0,3525.0,25.0,16.0,5.0
gh_7c3f2797,antonputra/tutorials,iac_benchmark/scenarios/gh_7c3f2797,True,True,0,0,0,0,0,,,,,441.0,2701.0,28.0,0.0,5.0
terrads_5aec1f5b5c8c,Zenodo/TerraDS,iac_benchmark/scenarios/terrads_5aec1f5b5c8c,True,True,0,0,0,0,0,,,,,416.0,2553.0,15.0,15.0,5.0
terrads_242000651a2b,Zenodo/TerraDS,iac_benchmark/scenarios/terrads_242000651a2b,True,True,0,0,0,0,0,,,,,584.0,4139.0,23.0,16.0,5.0
terrads_d23dfbf1937f,Zenodo/TerraDS,iac_benchmark/scenarios/terrads_d23dfbf1937f,True,True,0,0,0,0,0,,,,,816.0,6204.0,32.0,23.0,5.0
terrads_9de3ac48f58e,Zenodo/TerraDS,iac_benchmark/scenarios/terrads_9de3ac48f58e,True,True,0,0,0,0,0,,,,,421.0,2838.0,29.0,0.0,5.0
terrads_de26240ac594,Zenodo/TerraDS,iac_benchmark/scenarios/terrads_de26240ac594,True,True,0,0,0,0,0,,,,,486.0,3550.0,17.0,13.0,5.0
terrads_5313a8495092,Zenodo/TerraDS,iac_benchmark/scenarios/terrads_5313a8495092,True,True,0,0,0,0,0,,,,,750.0,7301.0,24.0,39.0,5.0
terrads_3f6c64bae457,Zenodo/TerraDS,iac_benchmark/scenarios/terrads_3f6c64bae457,True,True,0,0,0,0,0,,,,,435.0,2906.0,12.0,18.0,5.0
terrads_cf90286f9f7a,Zenodo/TerraDS,iac_benchmark/scenarios/terrads_cf90286f9f7a,True,True,0,0,0,0,0,,,,,406.0,2969.0,20.0,5.0,5.0
gh_24f0b690,Tianyi2/IRIS,iac_benchmark/scenarios/gh_24f0b690,True,True,0,0,0,0,0,,,,,590.0,4375.0,32.0,11.0,5.0
terrads_5852b79a75fb,Zenodo/TerraDS,iac_benchmark/scenarios/terrads_5852b79a75fb,True,True,0,0,0,0,0,,,,,550.0,3843.0,19.0,20.0,5.0
terrads_f9e4156c97ae,Zenodo/TerraDS,iac_benchmark/scenarios/terrads_f9e4156c97ae,True,True,0,0,0,0,0,,,,,633.0,5962.0,16.0,18.0,5.0
terrads_dbd374cc47ff,Zenodo/TerraDS,iac_benchmark/scenarios/terrads_dbd374cc47ff,True,True,0,0,0,0,0,,,,,448.0,2837.0,19.0,17.0,5.0
terrads_a59f543ba203,Zenodo/TerraDS,iac_benchmark/scenarios/terrads_a59f543ba203,True,True,0,0,0,0,0,,,,,785.0,6471.0,23.0,32.0,5.0
terrads_8292d29adb53,Zenodo/TerraDS,iac_benchmark/scenarios/terrads_8292d29adb53,True,True,0,0,0,0,0,,,,,445.0,3211.0,25.0,0.0,5.0
terrads_ae6f708686f4,Zenodo/TerraDS,iac_benchmark/scenarios/terrads_ae6f708686f4,True,True,0,0,0,0,0,,,,,432.0,2673.0,28.0,0.0,5.0
terrads_b90086fecfd5,Zenodo/TerraDS,iac_benchmark/scenarios/terrads_b90086fecfd5,True,True,0,0,0,0,0,,,,,567.0,3878.0,39.0,0.0,5.0
terrads_070b95f4e03d,Zenodo/TerraDS,iac_benchmark/scenarios/terrads_070b95f4e03d,True,True,0,0,0,0,0,,,,,728.0,4893.0,25.0,1.0,5.0
terrads_03ad055b8b3e,Zenodo/TerraDS,iac_benchmark/scenarios/terrads_03ad055b8b3e,True,True,0,0,0,0,0,,,,,471.0,2712.0,15.0,34.0,5.0
terrads_64a10b918a74,Zenodo/TerraDS,iac_benchmark/scenarios/terrads_64a10b918a74,True,True,0,0,0,0,0,,,,,705.0,5497.0,19.0,22.0,5.0
terrads_0cf6f1ea3f48,Zenodo/TerraDS,iac_benchmark/scenarios/terrads_0cf6f1ea3f48,True,True,0,0,0,0,0,,,,,732.0,5504.0,37.0,3.0,5.0
terrads_d68dab79191d,Zenodo/TerraDS,iac_benchmark/scenarios/terrads_d68dab79191d,True,True,0,0,0,0,0,,,,,471.0,2944.0,36.0,0.0,5.0
terrads_81034b40b801,Zenodo/TerraDS,iac_benchmark/scenarios/terrads_81034b40b801,True,True,0,0,0,0,0,,,,,444.0,2877.0,19.0,2.0,5.0
terrads_6ecaaedfcb6d,Zenodo/TerraDS,iac_benchmark/scenarios/terrads_6ecaaedfcb6d,True,True,0,0,0,0,0,,,,,452.0,3046.0,28.0,2.0,5.0
terrads_8688cb8eecab,Zenodo/TerraDS,iac_benchmark/scenarios/terrads_8688cb8eecab,True,True,0,0,0,0,0,,,,,821.0,5329.0,28.0,56.0,5.0
terrads_1340a1245e63,Zenodo/TerraDS,iac_benchmark/scenarios/terrads_1340a1245e63,True,True,0,0,0,0,0,,,,,432.0,2959.0,15.0,12.0,5.0
terrads_05c168a9495b,Zenodo/TerraDS,iac_benchmark/scenarios/terrads_05c168a9495b,True,True,0,0,0,0,0,,,,,498.0,3302.0,26.0,9.0,5.0
terrads_ec2150d02ef3,Zenodo/TerraDS,iac_benchmark/scenarios/terrads_ec2150d02ef3,True,True,0,0,0,0,0,,,,,599.0,3740.0,22.0,4.0,5.0
terrads_4824bb491bf1,Zenodo/TerraDS,iac_benchmark/scenarios/terrads_4824bb491bf1,True,True,0,0,0,0,0,,,,,713.0,6844.0,16.0,18.0,5.0
terrads_bc45942e75c1,Zenodo/TerraDS,iac_benchmark/scenarios/terrads_bc45942e75c1,True,True,0,0,0,0,0,,,,,417.0,2691.0,24.0,25.0,5.0
terrads_4617fc7991ad,Zenodo/TerraDS,iac_benchmark/scenarios/terrads_4617fc7991ad,True,True,0,0,0,0,0,,,,,1238.0,7854.0,82.0,2.0,5.0
terrads_54a667b349d3,Zenodo/TerraDS,iac_benchmark/scenarios/terrads_54a667b349d3,True,True,0,0,0,0,0,,,,,734.0,4903.0,25.0,1.0,5.0
terrads_4a8ee4290211,Zenodo/TerraDS,iac_benchmark/scenarios/terrads_4a8ee4290211,True,True,0,0,0,0,0,,,,,422.0,2463.0,17.0,11.0,5.0
terrads_453e95fd652d,Zenodo/TerraDS,iac_benchmark/scenarios/terrads_453e95fd652d,True,True,0,0,0,0,0,,,,,451.0,2745.0,16.0,16.0,5.0
terrads_03a5b42c4baa,Zenodo/TerraDS,iac_benchmark/scenarios/terrads_03a5b42c4baa,True,True,0,0,0,0,0,,,,,419.0,2689.0,13.0,3.0,5.0
terrads_545a3d262053,Zenodo/TerraDS,iac_benchmark/scenarios/terrads_545a3d262053,True,True,0,0,0,0,0,,,,,452.0,3709.0,17.0,28.0,5.0
terrads_4ebb84efdfde,Zenodo/TerraDS,iac_benchmark/scenarios/terrads_4ebb84efdfde,True,True,0,0,0,0,0,,,,,677.0,5123.0,29.0,28.0,5.0
terrads_fe33b2a620db,Zenodo/TerraDS,iac_benchmark/scenarios/terrads_fe33b2a620db,True,True,0,0,0,0,0,,,,,477.0,3685.0,33.0,0.0,5.0
terrads_77a7c6216a6a,Zenodo/TerraDS,iac_benchmark/scenarios/terrads_77a7c6216a6a,True,True,0,0,0,0,0,,,,,551.0,3449.0,35.0,9.0,5.0
terrads_53bd17a55ee6,Zenodo/TerraDS,iac_benchmark/scenarios/terrads_53bd17a55ee6,True,True,0,0,0,0,0,,,,,544.0,3612.0,18.0,5.0,5.0
terrads_aadaf3a76ce8,Zenodo/TerraDS,iac_benchmark/scenarios/terrads_aadaf3a76ce8,True,True,0,0,0,0,0,,,,,899.0,6465.0,46.0,0.0,5.0
terrads_d5e5628fbd5d,Zenodo/TerraDS,iac_benchmark/scenarios/terrads_d5e5628fbd5d,True,True,0,0,0,0,0,,,,,582.0,3741.0,17.0,16.0,5.0
terrads_71bc6cb0453d,Zenodo/TerraDS,iac_benchmark/scenarios/terrads_71bc6cb0453d,True,True,0,0,0,0,0,,,,,412.0,2536.0,15.0,4.0,5.0
terrads_4eb66e2f398d,Zenodo/TerraDS,iac_benchmark/scenarios/terrads_4eb66e2f398d,True,True,0,0,0,0,0,,,,,739.0,5004.0,26.0,1.0,5.0
terrads_83843f230b60,Zenodo/TerraDS,iac_benchmark/scenarios/terrads_83843f230b60,True,True,0,0,0,0,0,,,,,678.0,5134.0,16.0,15.0,5.0
terrads_36fe3f332d41,Zenodo/TerraDS,iac_benchmark/scenarios/terrads_36fe3f332d41,True,True,0,0,0,0,0,,,,,1094.0,7853.0,58.0,35.0,5.0
terrads_2d2e12f8239c,Zenodo/TerraDS,iac_benchmark/scenarios/terrads_2d2e12f8239c,True,True,0,0,0,0,0,,,,,481.0,3478.0,14.0,22.0,5.0
terrads_e1cccdf52fb7,Zenodo/TerraDS,iac_benchmark/scenarios/terrads_e1cccdf52fb7,True,True,0,0,0,0,0,,,,,489.0,3632.0,25.0,0.0,5.0
terrads_e13553a0b2ad,Zenodo/TerraDS,iac_benchmark/scenarios/terrads_e13553a0b2ad,True,True,0,0,0,0,0,,,,,850.0,6938.0,36.0,6.0,5.0
terrads_5879d460abfa,Zenodo/TerraDS,iac_benchmark/scenarios/terrads_5879d460abfa,True,True,0,0,0,0,0,,,,,442.0,3020.0,13.0,20.0,5.0
terrads_dc4dc0b6289f,Zenodo/TerraDS,iac_benchmark/scenarios/terrads_dc4dc0b6289f,True,True,0,0,0,0,0,,,,,519.0,3934.0,17.0,20.0,5.0
terrads_b14fca9a695c,Zenodo/TerraDS,iac_benchmark/scenarios/terrads_b14fca9a695c,True,True,0,0,0,0,0,,,,,648.0,4275.0,26.0,20.0,5.0
terrads_8e901da1b1ca,Zenodo/TerraDS,iac_benchmark/scenarios/terrads_8e901da1b1ca,True,True,0,0,0,0,0,,,,,677.0,4802.0,32.0,34.0,5.0
terrads_8ec22bf7c1f3,Zenodo/TerraDS,iac_benchmark/scenarios/terrads_8ec22bf7c1f3,True,True,0,0,0,0,0,,,,,657.0,5503.0,21.0,36.0,5.0
terrads_9410eb02798d,Zenodo/TerraDS,iac_benchmark/scenarios/terrads_9410eb02798d,True,True,0,0,0,0,0,,,,,473.0,3244.0,17.0,5.0,5.0
terrads_7f7e472d9e53,Zenodo/TerraDS,iac_benchmark/scenarios/terrads_7f7e472d9e53,True,True,0,0,0,0,0,,,,,914.0,7019.0,14.0,30.0,5.0
terrads_906b3f5068f6,Zenodo/TerraDS,iac_benchmark/scenarios/terrads_906b3f5068f6,True,True,0,0,0,0,0,,,,,450.0,3152.0,26.0,2.0,5.0
terrads_3e7fd1802930,Zenodo/TerraDS,iac_benchmark/scenarios/terrads_3e7fd1802930,True,True,0,0,0,0,0,,,,,440.0,3399.0,21.0,2.0,5.0
terrads_d021474bdea2,Zenodo/TerraDS,iac_benchmark/scenarios/terrads_d021474bdea2,True,True,0,0,0,0,0,,,,,731.0,4903.0,25.0,1.0,5.0
terrads_ec542338e8b8,Zenodo/TerraDS,iac_benchmark/scenarios/terrads_ec542338e8b8,True,True,0,0,0,0,0,,,,,408.0,2523.0,15.0,17.0,5.0
terrads_bbf6baccb422,Zenodo/TerraDS,iac_benchmark/scenarios/terrads_bbf6baccb422,True,True,0,0,0,0,0,,,,,556.0,3582.0,30.0,9.0,5.0
terrads_36ead3f1d402,Zenodo/TerraDS,iac_benchmark/scenarios/terrads_36ead3f1d402,True,True,0,0,0,0,0,,,,,532.0,3623.0,14.0,32.0,5.0
terrads_50d674ff72d3,Zenodo/TerraDS,iac_benchmark/scenarios/terrads_50d674ff72d3,True,True,0,0,0,0,0,,,,,910.0,7760.0,31.0,6.0,5.0
terrads_743b45e50363,Zenodo/TerraDS,iac_benchmark/scenarios/terrads_743b45e50363,True,True,0,0,0,0,0,,,,,420.0,3370.0,12.0,15.0,5.0
terrads_13686cc4672d,Zenodo/TerraDS,iac_benchmark/scenarios/terrads_13686cc4672d,True,True,0,0,0,0,0,,,,,430.0,2874.0,25.0,18.0,5.0
gh_33d25bc9,Tianyi2/IRIS,iac_benchmark/scenarios/gh_33d25bc9,True,True,0,0,0,0,0,,,,,917.0,5672.0,30.0,14.0,5.0
terrads_534603e8f53c,Zenodo/TerraDS,iac_benchmark/scenarios/terrads_534603e8f53c,True,True,0,0,0,0,0,,,,,728.0,4893.0,25.0,1.0,5.0
terrads_d023ebab6b1d,Zenodo/TerraDS,iac_benchmark/scenarios/terrads_d023ebab6b1d,True,True,0,0,0,0,0,,,,,519.0,3492.0,16.0,29.0,5.0
terrads_c7aa396e54e0,Zenodo/TerraDS,iac_benchmark/scenarios/terrads_c7aa396e54e0,True,True,0,0,0,0,0,,,,,408.0,2873.0,26.0,10.0,5.0
terrads_316084f8e6df,Zenodo/TerraDS,iac_benchmark/scenarios/terrads_316084f8e6df,True,True,0,0,0,0,0,,,,,471.0,2944.0,36.0,0.0,5.0
terrads_3e63d224cd65,Zenodo/TerraDS,iac_benchmark/scenarios/terrads_3e63d224cd65,True,True,0,0,0,0,0,,,,,878.0,5932.0,43.0,11.0,5.0
terrads_2b6e06e37b59,Zenodo/TerraDS,iac_benchmark/scenarios/terrads_2b6e06e37b59,True,True,0,0,0,0,0,,,,,508.0,4527.0,15.0,9.0,5.0
terrads_81a1e0aa76a8,Zenodo/TerraDS,iac_benchmark/scenarios/terrads_81a1e0aa76a8,True,True,0,0,0,0,0,,,,,718.0,5441.0,18.0,18.0,5.0
terrads_871bb41d124b,Zenodo/TerraDS,iac_benchmark/scenarios/terrads_871bb41d124b,True,True,0,0,0,0,0,,,,,422.0,2741.0,12.0,14.0,5.0
terrads_b5fb663954b9,Zenodo/TerraDS,iac_benchmark/scenarios/terrads_b5fb663954b9,True,True,0,0,0,0,0,,,,,413.0,2889.0,13.0,21.0,5.0
terrads_43e316f44dfa,Zenodo/TerraDS,iac_benchmark/scenarios/terrads_43e316f44dfa,True,True,0,0,0,0,0,,,,,436.0,2794.0,18.0,11.0,5.0
terrads_60e787b4d530,Zenodo/TerraDS,iac_benchmark/scenarios/terrads_60e787b4d530,True,True,0,0,0,0,0,,,,,502.0,3284.0,19.0,14.0,5.0
terrads_859efc67702c,Zenodo/TerraDS,iac_benchmark/scenarios/terrads_859efc67702c,True,True,0,0,0,0,0,,,,,432.0,2673.0,28.0,0.0,5.0
terrads_3dc34f5a9250,Zenodo/TerraDS,iac_benchmark/scenarios/terrads_3dc34f5a9250,True,True,0,0,0,0,0,,,,,477.0,3685.0,33.0,0.0,5.0
terrads_0a7cf6cd08c3,Zenodo/TerraDS,iac_benchmark/scenarios/terrads_0a7cf6cd08c3,True,True,0,0,0,0,0,,,,,449.0,3261.0,26.0,5.0,5.0
terrads_925665f78140,Zenodo/TerraDS,iac_benchmark/scenarios/terrads_925665f78140,True,True,0,0,0,0,0,,,,,452.0,3046.0,28.0,2.0,5.0
terrads_4275c2c8ba39,Zenodo/TerraDS,iac_benchmark/scenarios/terrads_4275c2c8ba39,True,True,0,0,0,0,0,,,,,820.0,6982.0,71.0,6.0,5.0
terrads_42074eb55e4b,Zenodo/TerraDS,iac_benchmark/scenarios/terrads_42074eb55e4b,True,True,0,0,0,0,0,,,,,882.0,5916.0,29.0,31.0,5.0
gh_6ebc72f9,Tianyi2/IRIS,iac_benchmark/scenarios/gh_6ebc72f9,True,True,0,0,0,0,0,,,,,407.0,2814.0,13.0,33.0,5.0
terrads_06b0c1360d08,Zenodo/TerraDS,iac_benchmark/scenarios/terrads_06b0c1360d08,True,True,0,0,0,0,0,,,,,906.0,5824.0,42.0,41.0,5.0
terrads_31f2ca9f0edc,Zenodo/TerraDS,iac_benchmark/scenarios/terrads_31f2ca9f0edc,True,True,0,0,0,0,0,,,,,422.0,2860.0,13.0,20.0,5.0
terrads_094df15aab0c,Zenodo/TerraDS,iac_benchmark/scenarios/terrads_094df15aab0c,True,True,0,0,0,0,0,,,,,486.0,3307.0,38.0,1.0,5.0
terrads_79438daedb6b,Zenodo/TerraDS,iac_benchmark/scenarios/terrads_79438daedb6b,True,True,0,0,0,0,0,,,,,789.0,5510.0,32.0,14.0,5.0
terrads_61d63f1e1030,Zenodo/TerraDS,iac_benchmark/scenarios/terrads_61d63f1e1030,True,True,0,0,0,0,0,,,,,898.0,6483.0,12.0,49.0,5.0
terrads_a889feb8e8d4,Zenodo/TerraDS,iac_benchmark/scenarios/terrads_a889feb8e8d4,True,True,0,0,0,0,0,,,,,665.0,4415.0,25.0,17.0,5.0
terrads_2b45a5fc9e77,Zenodo/TerraDS,iac_benchmark/scenarios/terrads_2b45a5fc9e77,True,True,0,0,0,0,0,,,,,731.0,4903.0,25.0,1.0,5.0
terrads_dac5e697c118,Zenodo/TerraDS,iac_benchmark/scenarios/terrads_dac5e697c118,True,True,0,0,0,0,0,,,,,443.0,3341.0,33.0,4.0,5.0
terrads_cb07fc35d5e8,Zenodo/TerraDS,iac_benchmark/scenarios/terrads_cb07fc35d5e8,True,True,0,0,0,0,0,,,,,826.0,6534.0,12.0,42.0,5.0
terrads_cf1d3dce7785,Zenodo/TerraDS,iac_benchmark/scenarios/terrads_cf1d3dce7785,True,True,0,0,0,0,0,,,,,547.0,4346.0,33.0,14.0,5.0
terrads_adf420d7968a,Zenodo/TerraDS,iac_benchmark/scenarios/terrads_adf420d7968a,True,True,0,0,0,0,0,,,,,518.0,3467.0,31.0,0.0,5.0
terrads_81e5c5464a96,Zenodo/TerraDS,iac_benchmark/scenarios/terrads_81e5c5464a96,True,True,0,0,0,0,0,,,,,563.0,4342.0,23.0,18.0,5.0
terrads_d9c08aa4f657,Zenodo/TerraDS,iac_benchmark/scenarios/terrads_d9c08aa4f657,True,True,0,0,0,0,0,,,,,402.0,2632.0,19.0,12.0,5.0
terrads_6ae635ff6029,Zenodo/TerraDS,iac_benchmark/scenarios/terrads_6ae635ff6029,True,True,0,0,0,0,0,,,,,411.0,2550.0,15.0,17.0,5.0
terrads_a6093b1993db,Zenodo/TerraDS,iac_benchmark/scenarios/terrads_a6093b1993db,True,True,0,0,0,0,0,,,,,616.0,3990.0,19.0,49.0,5.0
terrads_6e79ede2d011,Zenodo/TerraDS,iac_benchmark/scenarios/terrads_6e79ede2d011,True,True,0,0,0,0,0,,,,,518.0,3467.0,31.0,0.0,5.0
terrads_661bda94a4d9,Zenodo/TerraDS,iac_benchmark/scenarios/terrads_661bda94a4d9,True,True,0,0,0,0,0,,,,,448.0,3055.0,27.0,9.0,5.0
terrads_48cbcc869ce1,Zenodo/TerraDS,iac_benchmark/scenarios/terrads_48cbcc869ce1,True,True,0,0,0,0,0,,,,,471.0,2712.0,15.0,34.0,5.0
terrads_cfec696cc5bb,Zenodo/TerraDS,iac_benchmark/scenarios/terrads_cfec696cc5bb,True,True,0,0,0,0,0,,,,,456.0,3087.0,33.0,0.0,5.0
gh_f7ac6b67,antonputra/tutorials,iac_benchmark/scenarios/gh_f7ac6b67,True,True,0,0,0,0,0,,,,,425.0,2732.0,26.0,0.0,5.0
terrads_0de9a4dfb549,Zenodo/TerraDS,iac_benchmark/scenarios/terrads_0de9a4dfb549,True,True,0,0,0,0,0,,,,,518.0,3467.0,31.0,0.0,5.0
terrads_674052ca46f4,Zenodo/TerraDS,iac_benchmark/scenarios/terrads_674052ca46f4,True,True,0,0,0,0,0,,,,,531.0,3238.0,18.0,4.0,5.0
terrads_c9d2ec46a9f3,Zenodo/TerraDS,iac_benchmark/scenarios/terrads_c9d2ec46a9f3,True,True,0,0,0,0,0,,,,,450.0,2802.0,22.0,9.0,5.0
terrads_ff2c5b57bf20,Zenodo/TerraDS,iac_benchmark/scenarios/terrads_ff2c5b57bf20,True,True,0,0,0,0,0,,,,,701.0,4843.0,43.0,41.0,5.0
terrads_650302ba9832,Zenodo/TerraDS,iac_benchmark/scenarios/terrads_650302ba9832,True,True,0,0,0,0,0,,,,,477.0,3685.0,33.0,0.0,5.0
terrads_60c295d29206,Zenodo/TerraDS,iac_benchmark/scenarios/terrads_60c295d29206,True,True,0,0,0,0,0,,,,,428.0,3009.0,16.0,10.0,5.0
terrads_33b5979dc70b,Zenodo/TerraDS,iac_benchmark/scenarios/terrads_33b5979dc70b,True,True,0,0,0,0,0,,,,,632.0,4311.0,23.0,31.0,5.0
terrads_a0cadf42266a,Zenodo/TerraDS,iac_benchmark/scenarios/terrads_a0cadf42266a,True,True,0,0,0,0,0,,,,,890.0,6023.0,21.0,20.0,5.0
terrads_56f802eff049,Zenodo/TerraDS,iac_benchmark/scenarios/terrads_56f802eff049,True,True,0,0,0,0,0,,,,,563.0,3915.0,35.0,0.0,5.0
terrads_fd20cb9f9ee7,Zenodo/TerraDS,iac_benchmark/scenarios/terrads_fd20cb9f9ee7,True,True,0,0,0,0,0,,,,,539.0,3691.0,20.0,0.0,5.0
terrads_a308ce1fafc3,Zenodo/TerraDS,iac_benchmark/scenarios/terrads_a308ce1fafc3,True,True,0,0,0,0,0,,,,,573.0,3756.0,24.0,23.0,5.0
terrads_5d2297b97055,Zenodo/TerraDS,iac_benchmark/scenarios/terrads_5d2297b97055,True,True,0,0,0,0,0,,,,,529.0,3366.0,21.0,8.0,5.0
terrads_2b7e6e6aabb5,Zenodo/TerraDS,iac_benchmark/scenarios/terrads_2b7e6e6aabb5,True,True,0,0,0,0,0,,,,,400.0,2689.0,18.0,21.0,5.0
terrads_855b5e4c0433,Zenodo/TerraDS,iac_benchmark/scenarios/terrads_855b5e4c0433,True,True,0,0,0,0,0,,,,,412.0,2535.0,27.0,0.0,5.0
terrads_c60adb534815,Zenodo/TerraDS,iac_benchmark/scenarios/terrads_c60adb534815,True,True,0,0,0,0,0,,,,,668.0,4884.0,21.0,22.0,5.0
terrads_98f88f898130,Zenodo/TerraDS,iac_benchmark/scenarios/terrads_98f88f898130,True,True,0,0,0,0,0,,,,,452.0,3046.0,28.0,2.0,5.0
gh_d2531b9a,Tianyi2/IRIS,iac_benchmark/scenarios/gh_d2531b9a,True,True,0,0,0,0,0,,,,,441.0,2701.0,28.0,0.0,5.0
terrads_ff5296430c87,Zenodo/TerraDS,iac_benchmark/scenarios/terrads_ff5296430c87,True,True,0,0,0,0,0,,,,,441.0,3160.0,40.0,6.0,5.0
terrads_4554b289379c,Zenodo/TerraDS,iac_benchmark/scenarios/terrads_4554b289379c,True,True,0,0,0,0,0,,,,,825.0,5498.0,16.0,17.0,5.0
terrads_5cbdfc2e4e05,Zenodo/TerraDS,iac_benchmark/scenarios/terrads_5cbdfc2e4e05,True,True,0,0,0,0,0,,,,,593.0,6470.0,28.0,17.0,5.0
terrads_537454cd39c2,Zenodo/TerraDS,iac_benchmark/scenarios/terrads_537454cd39c2,True,True,0,0,0,0,0,,,,,489.0,3632.0,25.0,0.0,5.0
terrads_fbbd9724284d,Zenodo/TerraDS,iac_benchmark/scenarios/terrads_fbbd9724284d,True,True,0,0,0,0,0,,,,,528.0,2971.0,17.0,4.0,5.0
terrads_2e3501f70bd7,Zenodo/TerraDS,iac_benchmark/scenarios/terrads_2e3501f70bd7,True,True,0,0,0,0,0,,,,,928.0,6622.0,17.0,43.0,5.0
terrads_7718e73e4e9e,Zenodo/TerraDS,iac_benchmark/scenarios/terrads_7718e73e4e9e,True,True,0,0,0,0,0,,,,,711.0,4948.0,16.0,40.0,5.0
terrads_c7009fd05565,Zenodo/TerraDS,iac_benchmark/scenarios/terrads_c7009fd05565,True,True,0,0,0,0,0,,,,,421.0,2430.0,14.0,4.0,5.0
terrads_0a1d63c767e4,Zenodo/TerraDS,iac_benchmark/scenarios/terrads_0a1d63c767e4,True,True,0,0,0,0,0,,,,,419.0,2911.0,12.0,17.0,5.0
terrads_6996a3bd5850,Zenodo/TerraDS,iac_benchmark/scenarios/terrads_6996a3bd5850,True,True,0,0,0,0,0,,,,,510.0,3439.0,13.0,17.0,5.0
terrads_4ed07eccd5ee,Zenodo/TerraDS,iac_benchmark/scenarios/terrads_4ed07eccd5ee,True,True,0,0,0,0,0,,,,,518.0,3220.0,17.0,9.0,5.0
terrads_882bc901da86,Zenodo/TerraDS,iac_benchmark/scenarios/terrads_882bc901da86,True,True,0,0,0,0,0,,,,,400.0,2450.0,21.0,6.0,5.0
terrads_ec17dc132f94,Zenodo/TerraDS,iac_benchmark/scenarios/terrads_ec17dc132f94,True,True,0,0,0,0,0,,,,,882.0,5914.0,31.0,31.0,5.0
terrads_5090fcd1af3c,Zenodo/TerraDS,iac_benchmark/scenarios/terrads_5090fcd1af3c,True,True,0,0,0,0,0,,,,,578.0,3879.0,22.0,13.0,5.0
terrads_04e6dd88c2b6,Zenodo/TerraDS,iac_benchmark/scenarios/terrads_04e6dd88c2b6,True,True,0,0,0,0,0,,,,,853.0,5486.0,51.0,11.0,5.0
terrads_b8c8e0a83095,Zenodo/TerraDS,iac_benchmark/scenarios/terrads_b8c8e0a83095,True,True,0,0,0,0,0,,,,,1089.0,6930.0,36.0,39.0,5.0
terrads_03ee97fdcc18,Zenodo/TerraDS,iac_benchmark/scenarios/terrads_03ee97fdcc18,True,True,0,0,0,0,0,,,,,754.0,6308.0,18.0,23.0,5.0
terrads_5b332ea89807,Zenodo/TerraDS,iac_benchmark/scenarios/terrads_5b332ea89807,True,True,0,0,0,0,0,,,,,741.0,5019.0,26.0,1.0,5.0
terrads_ff551118a91d,Zenodo/TerraDS,iac_benchmark/scenarios/terrads_ff551118a91d,True,True,0,0,0,0,0,,,,,504.0,3100.0,17.0,8.0,5.0
terrads_eced7244dff4,Zenodo/TerraDS,iac_benchmark/scenarios/terrads_eced7244dff4,True,True,0,0,0,0,0,,,,,595.0,4458.0,43.0,3.0,5.0
terrads_2df6858e5285,Zenodo/TerraDS,iac_benchmark/scenarios/terrads_2df6858e5285,True,True,0,0,0,0,0,,,,,464.0,3243.0,15.0,12.0,5.0
terrads_92ddc7bd4604,Zenodo/TerraDS,iac_benchmark/scenarios/terrads_92ddc7bd4604,True,True,0,0,0,0,0,,,,,510.0,4450.0,28.0,3.0,5.0
terrads_db9696c1f250,Zenodo/TerraDS,iac_benchmark/scenarios/terrads_db9696c1f250,True,True,0,0,0,0,0,,,,,446.0,3090.0,22.0,10.0,5.0
terrads_dac150144611,Zenodo/TerraDS,iac_benchmark/scenarios/terrads_dac150144611,True,True,0,0,0,0,0,,,,,611.0,4185.0,30.0,13.0,5.0
terrads_84f942ee5667,Zenodo/TerraDS,iac_benchmark/scenarios/terrads_84f942ee5667,True,True,0,0,0,0,0,,,,,605.0,4017.0,13.0,23.0,5.0
terrads_81ae6d92b62c,Zenodo/TerraDS,iac_benchmark/scenarios/terrads_81ae6d92b62c,True,True,0,0,0,0,0,,,,,597.0,4419.0,42.0,26.0,5.0
terrads_2c7e9dea4d4d,Zenodo/TerraDS,iac_benchmark/scenarios/terrads_2c7e9dea4d4d,True,True,0,0,0,0,0,,,,,610.0,4023.0,35.0,0.0,5.0
terrads_67f45348af32,Zenodo/TerraDS,iac_benchmark/scenarios/terrads_67f45348af32,True,True,0,0,0,0,0,,,,,421.0,2838.0,29.0,0.0,5.0
terrads_46f71fe6d8e6,Zenodo/TerraDS,iac_benchmark/scenarios/terrads_46f71fe6d8e6,True,True,0,0,0,0,0,,,,,543.0,4529.0,19.0,5.0,5.0
gh_0af6a640,Tianyi2/IRIS,iac_benchmark/scenarios/gh_0af6a640,True,True,0,0,0,0,0,,,,,1144.0,7177.0,56.0,60.0,5.0
terrads_739c3be55fcd,Zenodo/TerraDS,iac_benchmark/scenarios/terrads_739c3be55fcd,True,True,0,0,0,0,0,,,,,540.0,3525.0,25.0,16.0,5.0
terrads_afdfebcb5382,Zenodo/TerraDS,iac_benchmark/scenarios/terrads_afdfebcb5382,True,True,0,0,0,0,0,,,,,862.0,6464.0,60.0,4.0,5.0
terrads_9557731911dd,Zenodo/TerraDS,iac_benchmark/scenarios/terrads_9557731911dd,True,True,0,0,0,0,0,,,,,882.0,5915.0,30.0,31.0,5.0
terrads_92d61a375e39,Zenodo/TerraDS,iac_benchmark/scenarios/terrads_92d61a375e39,True,True,0,0,0,0,0,,,,,653.0,6004.0,23.0,18.0,5.0
terrads_48aed384d72b,Zenodo/TerraDS,iac_benchmark/scenarios/terrads_48aed384d72b,True,True,0,0,0,0,0,,,,,981.0,7743.0,19.0,8.0,5.0
terrads_8e38fa90dbff,Zenodo/TerraDS,iac_benchmark/scenarios/terrads_8e38fa90dbff,True,True,0,0,0,0,0,,,,,1003.0,7321.0,49.0,12.0,5.0
terrads_ca3bb248d7f4,Zenodo/TerraDS,iac_benchmark/scenarios/terrads_ca3bb248d7f4,True,True,0,0,0,0,0,,,,,889.0,6724.0,18.0,56.0,5.0
terrads_0c083235e36b,Zenodo/TerraDS,iac_benchmark/scenarios/terrads_0c083235e36b,True,True,0,0,0,0,0,,,,,626.0,4077.0,33.0,0.0,5.0
terrads_7099de50d7a1,Zenodo/TerraDS,iac_benchmark/scenarios/terrads_7099de50d7a1,True,True,0,0,0,0,0,,,,,414.0,2647.0,18.0,18.0,5.0
terrads_6aaa9c58e292,Zenodo/TerraDS,iac_benchmark/scenarios/terrads_6aaa9c58e292,True,True,0,0,0,0,0,,,,,416.0,2589.0,19.0,4.0,5.0
terrads_efb19d162fb3,Zenodo/TerraDS,iac_benchmark/scenarios/terrads_efb19d162fb3,True,True,0,0,0,0,0,,,,,632.0,4443.0,15.0,10.0,5.0
terrads_e050b18d4adc,Zenodo/TerraDS,iac_benchmark/scenarios/terrads_e050b18d4adc,True,True,0,0,0,0,0,,,,,972.0,6873.0,61.0,26.0,5.0
terrads_908e99a2a95f,Zenodo/TerraDS,iac_benchmark/scenarios/terrads_908e99a2a95f,True,True,0,0,0,0,0,,,,,745.0,5071.0,27.0,12.0,5.0
terrads_3b3c1ce482d1,Zenodo/TerraDS,iac_benchmark/scenarios/terrads_3b3c1ce482d1,True,True,0,0,0,0,0,,,,,421.0,2869.0,26.0,9.0,5.0
terrads_5203732c3d64,Zenodo/TerraDS,iac_benchmark/scenarios/terrads_5203732c3d64,True,True,0,0,0,0,0,,,,,728.0,4893.0,25.0,1.0,5.0
terrads_371150647fdc,Zenodo/TerraDS,iac_benchmark/scenarios/terrads_371150647fdc,True,True,0,0,0,0,0,,,,,661.0,4223.0,18.0,13.0,5.0
terrads_8374f771679a,Zenodo/TerraDS,iac_benchmark/scenarios/terrads_8374f771679a,True,True,0,0,0,0,0,,,,,605.0,4728.0,25.0,28.0,5.0
terrads_298b18bb20c5,Zenodo/TerraDS,iac_benchmark/scenarios/terrads_298b18bb20c5,True,True,0,0,0,0,0,,,,,409.0,2794.0,22.0,6.0,5.0
terrads_0dd6c5c40645,Zenodo/TerraDS,iac_benchmark/scenarios/terrads_0dd6c5c40645,True,True,0,0,0,0,0,,,,,489.0,3632.0,25.0,0.0,5.0
terrads_4f3858ef6e4c,Zenodo/TerraDS,iac_benchmark/scenarios/terrads_4f3858ef6e4c,True,True,0,0,0,0,0,,,,,573.0,3896.0,26.0,12.0,5.0
terrads_302b4dfdecde,Zenodo/TerraDS,iac_benchmark/scenarios/terrads_302b4dfdecde,True,True,0,0,0,0,0,,,,,772.0,6338.0,39.0,31.0,5.0
terrads_3026e0a3ffd5,Zenodo/TerraDS,iac_benchmark/scenarios/terrads_3026e0a3ffd5,True,True,0,0,0,0,0,,,,,458.0,3618.0,23.0,10.0,5.0
terrads_dae589ee789c,Zenodo/TerraDS,iac_benchmark/scenarios/terrads_dae589ee789c,True,True,0,0,0,0,0,,,,,495.0,3735.0,33.0,6.0,5.0
terrads_a14db1a6da6c,Zenodo/TerraDS,iac_benchmark/scenarios/terrads_a14db1a6da6c,True,True,0,0,0,0,0,,,,,438.0,2818.0,18.0,11.0,5.0
terrads_6c19028965f8,Zenodo/TerraDS,iac_benchmark/scenarios/terrads_6c19028965f8,True,True,0,0,0,0,0,,,,,454.0,3233.0,25.0,11.0,5.0
terrads_f757b8184cb5,Zenodo/TerraDS,iac_benchmark/scenarios/terrads_f757b8184cb5,True,True,0,0,0,0,0,,,,,1052.0,6120.0,25.0,17.0,5.0
terrads_8fea5c40046c,Zenodo/TerraDS,iac_benchmark/scenarios/terrads_8fea5c40046c,True,True,0,0,0,0,0,,,,,749.0,6720.0,49.0,2.0,5.0
terrads_af275dca9e5f,Zenodo/TerraDS,iac_benchmark/scenarios/terrads_af275dca9e5f,True,True,0,0,0,0,0,,,,,881.0,6949.0,33.0,21.0,5.0
terrads_5d9e14ee8d50,Zenodo/TerraDS,iac_benchmark/scenarios/terrads_5d9e14ee8d50,True,True,0,0,0,0,0,,,,,461.0,2983.0,29.0,10.0,5.0
terrads_eb80ed1275e2,Zenodo/TerraDS,iac_benchmark/scenarios/terrads_eb80ed1275e2,True,True,0,0,0,0,0,,,,,541.0,3526.0,24.0,16.0,5.0
terrads_79ac51438ecf,Zenodo/TerraDS,iac_benchmark/scenarios/terrads_79ac51438ecf,True,True,0,0,0,0,0,,,,,441.0,2701.0,28.0,0.0,5.0
terrads_1e7adcf3df89,Zenodo/TerraDS,iac_benchmark/scenarios/terrads_1e7adcf3df89,True,True,0,0,0,0,0,,,,,468.0,3168.0,34.0,18.0,5.0
terrads_a1000e4c75b2,Zenodo/TerraDS,iac_benchmark/scenarios/terrads_a1000e4c75b2,True,True,0,0,0,0,0,,,,,1046.0,7876.0,42.0,48.0,5.0
terrads_968dc0716e15,Zenodo/TerraDS,iac_benchmark/scenarios/terrads_968dc0716e15,True,True,0,0,0,0,0,,,,,482.0,3280.0,21.0,5.0,5.0
terrads_aca5650a16c0,Zenodo/TerraDS,iac_benchmark/scenarios/terrads_aca5650a16c0,True,True,0,0,0,0,0,,,,,581.0,4921.0,17.0,25.0,5.0
terrads_b542bf8b81e3,Zenodo/TerraDS,iac_benchmark/scenarios/terrads_b542bf8b81e3,True,True,0,0,0,0,0,,,,,452.0,3046.0,28.0,2.0,5.0
terrads_40b4ed0102ab,Zenodo/TerraDS,iac_benchmark/scenarios/terrads_40b4ed0102ab,True,True,0,0,0,0,0,,,,,765.0,5755.0,40.0,8.0,5.0
terrads_31053f1e559e,Zenodo/TerraDS,iac_benchmark/scenarios/terrads_31053f1e559e,True,True,0,0,0,0,0,,,,,826.0,6302.0,25.0,59.0,5.0
terrads_bac9b61cf2b3,Zenodo/TerraDS,iac_benchmark/scenarios/terrads_bac9b61cf2b3,True,True,0,0,0,0,0,,,,,749.0,5355.0,32.0,18.0,5.0
terrads_491cb5b5dd8a,Zenodo/TerraDS,iac_benchmark/scenarios/terrads_491cb5b5dd8a,True,True,0,0,0,0,0,,,,,429.0,3018.0,16.0,1.0,5.0
terrads_e79660e1aefd,Zenodo/TerraDS,iac_benchmark/scenarios/terrads_e79660e1aefd,True,True,0,0,0,0,0,,,,,739.0,5004.0,26.0,1.0,5.0
terrads_7df6c528d1e4,Zenodo/TerraDS,iac_benchmark/scenarios/terrads_7df6c528d1e4,True,True,0,0,0,0,0,,,,,540.0,3817.0,16.0,19.0,5.0
terrads_b5ec01e3604c,Zenodo/TerraDS,iac_benchmark/scenarios/terrads_b5ec01e3604c,True,True,0,0,0,0,0,,,,,456.0,3087.0,33.0,0.0,5.0
terrads_4ec07c49bcba,Zenodo/TerraDS,iac_benchmark/scenarios/terrads_4ec07c49bcba,True,True,0,0,0,0,0,,,,,441.0,2876.0,19.0,2.0,5.0
terrads_93fc35801927,Zenodo/TerraDS,iac_benchmark/scenarios/terrads_93fc35801927,True,True,0,0,0,0,0,,,,,882.0,5914.0,31.0,31.0,5.0
terrads_a74c73d73dd8,Zenodo/TerraDS,iac_benchmark/scenarios/terrads_a74c73d73dd8,True,True,0,0,0,0,0,,,,,822.0,5000.0,24.0,14.0,5.0
terrads_276a4b8cafa6,Zenodo/TerraDS,iac_benchmark/scenarios/terrads_276a4b8cafa6,True,True,0,0,0,0,0,,,,,444.0,2877.0,19.0,2.0,5.0
terrads_bbadaf13b485,Zenodo/TerraDS,iac_benchmark/scenarios/terrads_bbadaf13b485,True,True,0,0,0,0,0,,,,,553.0,3514.0,30.0,2.0,5.0
terrads_da2369962e2f,Zenodo/TerraDS,iac_benchmark/scenarios/terrads_da2369962e2f,True,True,0,0,0,0,0,,,,,541.0,3538.0,17.0,30.0,5.0
terrads_58f323922d9d,Zenodo/TerraDS,iac_benchmark/scenarios/terrads_58f323922d9d,True,True,0,0,0,0,0,,,,,441.0,2540.0,23.0,29.0,5.0
terrads_a121c2a3d4b9,Zenodo/TerraDS,iac_benchmark/scenarios/terrads_a121c2a3d4b9,True,True,0,0,0,0,0,,,,,684.0,4663.0,34.0,13.0,5.0
terrads_549d05dd16b3,Zenodo/TerraDS,iac_benchmark/scenarios/terrads_549d05dd16b3,True,True,0,0,0,0,0,,,,,420.0,3170.0,21.0,5.0,5.0
terrads_c0bb3de31605,Zenodo/TerraDS,iac_benchmark/scenarios/terrads_c0bb3de31605,True,True,0,0,0,0,0,,,,,456.0,3087.0,33.0,0.0,5.0
terrads_898619bde9e9,Zenodo/TerraDS,iac_benchmark/scenarios/terrads_898619bde9e9,True,True,0,0,0,0,0,,,,,524.0,3884.0,12.0,22.0,5.0
terrads_4a4706d8325f,Zenodo/TerraDS,iac_benchmark/scenarios/terrads_4a4706d8325f,True,True,0,0,0,0,0,,,,,977.0,6016.0,52.0,16.0,5.0
terrads_47690ef31318,Zenodo/TerraDS,iac_benchmark/scenarios/terrads_47690ef31318,True,True,0,0,0,0,0,,,,,431.0,3133.0,13.0,10.0,5.0
terrads_70d8be731d4e,Zenodo/TerraDS,iac_benchmark/scenarios/terrads_70d8be731d4e,True,True,0,0,0,0,0,,,,,754.0,5576.0,37.0,8.0,5.0
terrads_5b649d6ce4e8,Zenodo/TerraDS,iac_benchmark/scenarios/terrads_5b649d6ce4e8,True,True,0,0,0,0,0,,,,,600.0,5358.0,12.0,24.0,5.0
terrads_a181469117be,Zenodo/TerraDS,iac_benchmark/scenarios/terrads_a181469117be,True,True,0,0,0,0,0,,,,,701.0,4843.0,43.0,41.0,5.0
terrads_d85ca07b31c2,Zenodo/TerraDS,iac_benchmark/scenarios/terrads_d85ca07b31c2,True,True,0,0,0,0,0,,,,,431.0,3340.0,23.0,7.0,5.0
terrads_a59c94c4bd2f,Zenodo/TerraDS,iac_benchmark/scenarios/terrads_a59c94c4bd2f,True,True,0,0,0,0,0,,,,,445.0,2778.0,12.0,23.0,5.0
terrads_43fdfaf2911c,Zenodo/TerraDS,iac_benchmark/scenarios/terrads_43fdfaf2911c,True,True,0,0,0,0,0,,,,,692.0,4553.0,24.0,24.0,5.0
terrads_4d9becf4f1b0,Zenodo/TerraDS,iac_benchmark/scenarios/terrads_4d9becf4f1b0,True,True,0,0,0,0,0,,,,,479.0,3551.0,22.0,18.0,5.0
terrads_5ac0ce1d5d1e,Zenodo/TerraDS,iac_benchmark/scenarios/terrads_5ac0ce1d5d1e,True,True,0,0,0,0,0,,,,,561.0,3490.0,29.0,0.0,5.0
terrads_8436f55c4238,Zenodo/TerraDS,iac_benchmark/scenarios/terrads_8436f55c4238,True,True,0,0,0,0,0,,,,,411.0,2982.0,23.0,2.0,5.0
terrads_1b2bc7ab9d67,Zenodo/TerraDS,iac_benchmark/scenarios/terrads_1b2bc7ab9d67,True,True,0,0,0,0,0,,,,,656.0,5132.0,18.0,0.0,5.0
terrads_9da8243d7b4b,Zenodo/TerraDS,iac_benchmark/scenarios/terrads_9da8243d7b4b,True,True,0,0,0,0,0,,,,,582.0,4221.0,36.0,13.0,5.0
terrads_0a20b944eb8e,Zenodo/TerraDS,iac_benchmark/scenarios/terrads_0a20b944eb8e,True,True,0,0,0,0,0,,,,,519.0,3641.0,16.0,29.0,5.0
terrads_82b653af35ac,Zenodo/TerraDS,iac_benchmark/scenarios/terrads_82b653af35ac,True,True,0,0,0,0,0,,,,,450.0,2928.0,16.0,18.0,5.0
terrads_af19d5b8d659,Zenodo/TerraDS,iac_benchmark/scenarios/terrads_af19d5b8d659,True,True,0,0,0,0,0,,,,,960.0,7207.0,37.0,42.0,5.0
terrads_ddccaea1f9ca,Zenodo/TerraDS,iac_benchmark/scenarios/terrads_ddccaea1f9ca,True,True,0,0,0,0,0,,,,,442.0,2738.0,15.0,17.0,5.0
terrads_6f03d597d06c,Zenodo/TerraDS,iac_benchmark/scenarios/terrads_6f03d597d06c,True,True,0,0,0,0,0,,,,,1072.0,6986.0,51.0,17.0,5.0
terrads_577b67a731f8,Zenodo/TerraDS,iac_benchmark/scenarios/terrads_577b67a731f8,True,True,0,0,0,0,0,,,,,437.0,2937.0,16.0,18.0,5.0
terrads_7e168a20d66c,Zenodo/TerraDS,iac_benchmark/scenarios/terrads_7e168a20d66c,True,True,0,0,0,0,0,,,,,541.0,3858.0,24.0,24.0,5.0
terrads_aabc97491660,Zenodo/TerraDS,iac_benchmark/scenarios/terrads_aabc97491660,True,True,0,0,0,0,0,,,,,497.0,3455.0,24.0,12.0,5.0
terrads_2041381f27dd,Zenodo/TerraDS,iac_benchmark/scenarios/terrads_2041381f27dd,True,True,0,0,0,0,0,,,,,690.0,5120.0,24.0,36.0,5.0
terrads_d952d1cfd57d,Zenodo/TerraDS,iac_benchmark/scenarios/terrads_d952d1cfd57d,True,True,0,0,0,0,0,,,,,540.0,3525.0,25.0,16.0,5.0
terrads_88a3cd0d897a,Zenodo/TerraDS,iac_benchmark/scenarios/terrads_88a3cd0d897a,True,True,0,0,0,0,0,,,,,899.0,6465.0,46.0,0.0,5.0
terrads_e264b1aefdf7,Zenodo/TerraDS,iac_benchmark/scenarios/terrads_e264b1aefdf7,True,True,0,0,0,0,0,,,,,801.0,5397.0,14.0,14.0,5.0
terrads_da9323e3ba4b,Zenodo/TerraDS,iac_benchmark/scenarios/terrads_da9323e3ba4b,True,True,0,0,0,0,0,,,,,734.0,4903.0,25.0,1.0,5.0
terrads_7399af84782e,Zenodo/TerraDS,iac_benchmark/scenarios/terrads_7399af84782e,True,True,0,0,0,0,0,,,,,728.0,4893.0,25.0,1.0,5.0
terrads_fd56a0cb44b4,Zenodo/TerraDS,iac_benchmark/scenarios/terrads_fd56a0cb44b4,True,True,0,0,0,0,0,,,,,452.0,3046.0,28.0,2.0,5.0
terrads_3ec187ed013c,Zenodo/TerraDS,iac_benchmark/scenarios/terrads_3ec187ed013c,True,True,0,0,0,0,0,,,,,494.0,3181.0,20.0,28.0,5.0
terrads_f3159805f923,Zenodo/TerraDS,iac_benchmark/scenarios/terrads_f3159805f923,True,True,0,0,0,0,0,,,,,457.0,3209.0,26.0,33.0,5.0
terrads_ebdb95b07fde,Zenodo/TerraDS,iac_benchmark/scenarios/terrads_ebdb95b07fde,True,True,0,0,0,0,0,,,,,868.0,6013.0,26.0,48.0,5.0
terrads_cc0b56c4d5b4,Zenodo/TerraDS,iac_benchmark/scenarios/terrads_cc0b56c4d5b4,True,True,0,0,0,0,0,,,,,612.0,4195.0,17.0,14.0,5.0
terrads_c88f05011b07,Zenodo/TerraDS,iac_benchmark/scenarios/terrads_c88f05011b07,True,True,0,0,0,0,0,,,,,697.0,5490.0,23.0,0.0,5.0
terrads_f00341af0543,Zenodo/TerraDS,iac_benchmark/scenarios/terrads_f00341af0543,True,True,0,0,0,0,0,,,,,468.0,3104.0,23.0,23.0,5.0
terrads_160471ac64c4,Zenodo/TerraDS,iac_benchmark/scenarios/terrads_160471ac64c4,True,True,0,0,0,0,0,,,,,730.0,4903.0,25.0,1.0,5.0
terrads_9a002221935a,Zenodo/TerraDS,iac_benchmark/scenarios/terrads_9a002221935a,True,True,0,0,0,0,0,,,,,444.0,2877.0,19.0,2.0,5.0
terrads_8309629acdf1,Zenodo/TerraDS,iac_benchmark/scenarios/terrads_8309629acdf1,True,True,0,0,0,0,0,,,,,908.0,6316.0,38.0,0.0,5.0
terrads_30d793ac8e95,Zenodo/TerraDS,iac_benchmark/scenarios/terrads_30d793ac8e95,True,True,0,0,0,0,0,,,,,728.0,4893.0,25.0,1.0,5.0
terrads_c2253e667349,Zenodo/TerraDS,iac_benchmark/scenarios/terrads_c2253e667349,True,True,0,0,0,0,0,,,,,494.0,3217.0,28.0,8.0,5.0
terrads_a681744e0bed,Zenodo/TerraDS,iac_benchmark/scenarios/terrads_a681744e0bed,True,True,0,0,0,0,0,,,,,547.0,3865.0,19.0,34.0,5.0
terrads_7be8a1241bcf,Zenodo/TerraDS,iac_benchmark/scenarios/terrads_7be8a1241bcf,True,True,0,0,0,0,0,,,,,563.0,3633.0,17.0,15.0,5.0
terrads_2cd4495dbf1f,Zenodo/TerraDS,iac_benchmark/scenarios/terrads_2cd4495dbf1f,True,True,0,0,0,0,0,,,,,496.0,2964.0,23.0,11.0,5.0
terrads_8f98b7fe825d,Zenodo/TerraDS,iac_benchmark/scenarios/terrads_8f98b7fe825d,True,True,0,0,0,0,0,,,,,432.0,3533.0,18.0,7.0,5.0
terrads_8d5a1bb68a98,Zenodo/TerraDS,iac_benchmark/scenarios/terrads_8d5a1bb68a98,True,True,0,0,0,0,0,,,,,448.0,3055.0,27.0,9.0,5.0
gh_36d20547,Tianyi2/IRIS,iac_benchmark/scenarios/gh_36d20547,True,True,0,0,0,0,0,,,,,616.0,4884.0,33.0,22.0,5.0
terrads_a78270074008,Zenodo/TerraDS,iac_benchmark/scenarios/terrads_a78270074008,True,True,0,0,0,0,0,,,,,690.0,4915.0,23.0,21.0,5.0
terrads_caddd030d226,Zenodo/TerraDS,iac_benchmark/scenarios/terrads_caddd030d226,True,True,0,0,0,0,0,,,,,546.0,5021.0,15.0,8.0,5.0
terrads_69c7a6c16c8c,Zenodo/TerraDS,iac_benchmark/scenarios/terrads_69c7a6c16c8c,True,True,0,0,0,0,0,,,,,627.0,4965.0,20.0,8.0,5.0
gh_928b4495,Tianyi2/IRIS,iac_benchmark/scenarios/gh_928b4495,True,True,0,0,0,0,0,,,,,560.0,4761.0,24.0,7.0,5.0
terrads_088a3e919925,Zenodo/TerraDS,iac_benchmark/scenarios/terrads_088a3e919925,True,True,0,0,0,0,0,,,,,909.0,6698.0,23.0,26.0,5.0
terrads_3770dcfee702,Zenodo/TerraDS,iac_benchmark/scenarios/terrads_3770dcfee702,True,True,0,0,0,0,0,,,,,660.0,4595.0,22.0,13.0,5.0
terrads_ac7b6ea6ff10,Zenodo/TerraDS,iac_benchmark/scenarios/terrads_ac7b6ea6ff10,True,True,0,0,0,0,0,,,,,401.0,2891.0,12.0,17.0,5.0
terrads_a2936589a7c2,Zenodo/TerraDS,iac_benchmark/scenarios/terrads_a2936589a7c2,True,True,0,0,0,0,0,,,,,605.0,4191.0,33.0,4.0,5.0
terrads_705f449077f5,Zenodo/TerraDS,iac_benchmark/scenarios/terrads_705f449077f5,True,True,0,0,0,0,0,,,,,882.0,5914.0,31.0,31.0,5.0
terrads_eec3b79f4bda,Zenodo/TerraDS,iac_benchmark/scenarios/terrads_eec3b79f4bda,True,True,0,0,0,0,0,,,,,457.0,3209.0,26.0,33.0,5.0
terrads_cd976069478a,Zenodo/TerraDS,iac_benchmark/scenarios/terrads_cd976069478a,True,True,0,0,0,0,0,,,,,433.0,2577.0,37.0,30.0,5.0
terrads_653a7c0b4088,Zenodo/TerraDS,iac_benchmark/scenarios/terrads_653a7c0b4088,True,True,0,0,0,0,0,,,,,475.0,2986.0,20.0,17.0,5.0
terrads_8b99d2af586d,Zenodo/TerraDS,iac_benchmark/scenarios/terrads_8b99d2af586d,True,True,0,0,0,0,0,,,,,447.0,2838.0,18.0,11.0,5.0
terrads_f9b2903d523e,Zenodo/TerraDS,iac_benchmark/scenarios/terrads_f9b2903d523e,True,True,0,0,0,0,0,,,,,421.0,2791.0,20.0,1.0,5.0
terrads_42e90817cdc0,Zenodo/TerraDS,iac_benchmark/scenarios/terrads_42e90817cdc0,True,True,0,0,0,0,0,,,,,428.0,2484.0,20.0,6.0,5.0
terrads_52890c614798,Zenodo/TerraDS,iac_benchmark/scenarios/terrads_52890c614798,True,True,0,0,0,0,0,,,,,869.0,6534.0,37.0,33.0,5.0
terrads_796962db0e37,Zenodo/TerraDS,iac_benchmark/scenarios/terrads_796962db0e37,True,True,0,0,0,0,0,,,,,422.0,2463.0,17.0,11.0,5.0
terrads_2feefde411d4,Zenodo/TerraDS,iac_benchmark/scenarios/terrads_2feefde411d4,True,True,0,0,0,0,0,,,,,754.0,6014.0,13.0,41.0,5.0
terrads_41ebc2ed5d19,Zenodo/TerraDS,iac_benchmark/scenarios/terrads_41ebc2ed5d19,True,True,0,0,0,0,0,,,,,541.0,3526.0,24.0,16.0,5.0
terrads_a4354b045640,Zenodo/TerraDS,iac_benchmark/scenarios/terrads_a4354b045640,True,True,0,0,0,0,0,,,,,416.0,2553.0,15.0,15.0,5.0
terrads_7c4bbcdd0c5a,Zenodo/TerraDS,iac_benchmark/scenarios/terrads_7c4bbcdd0c5a,True,True,0,0,0,0,0,,,,,957.0,6696.0,28.0,6.0,5.0
terrads_88f252113bcc,Zenodo/TerraDS,iac_benchmark/scenarios/terrads_88f252113bcc,True,True,0,0,0,0,0,,,,,465.0,3546.0,12.0,4.0,5.0
terrads_58d3498d311e,Zenodo/TerraDS,iac_benchmark/scenarios/terrads_58d3498d311e,True,True,0,0,0,0,0,,,,,867.0,5281.0,39.0,4.0,5.0
terrads_04dda1009886,Zenodo/TerraDS,iac_benchmark/scenarios/terrads_04dda1009886,True,True,0,0,0,0,0,,,,,774.0,5615.0,18.0,0.0,5.0
terrads_8caab1cbee78,Zenodo/TerraDS,iac_benchmark/scenarios/terrads_8caab1cbee78,True,True,0,0,0,0,0,,,,,719.0,5396.0,20.0,29.0,5.0
terrads_b35d72f286ad,Zenodo/TerraDS,iac_benchmark/scenarios/terrads_b35d72f286ad,True,True,0,0,0,0,0,,,,,982.0,7391.0,43.0,8.0,5.0
terrads_bee1f3e51b75,Zenodo/TerraDS,iac_benchmark/scenarios/terrads_bee1f3e51b75,True,True,0,0,0,0,0,,,,,422.0,2463.0,17.0,11.0,5.0
terrads_0ac42caff4e9,Zenodo/TerraDS,iac_benchmark/scenarios/terrads_0ac42caff4e9,True,True,0,0,0,0,0,,,,,661.0,4461.0,37.0,0.0,5.0
terrads_31136ac5cb04,Zenodo/TerraDS,iac_benchmark/scenarios/terrads_31136ac5cb04,True,True,0,0,0,0,0,,,,,518.0,3467.0,31.0,0.0,5.0
terrads_629f400913aa,Zenodo/TerraDS,iac_benchmark/scenarios/terrads_629f400913aa,True,True,0,0,0,0,0,,,,,632.0,4200.0,35.0,12.0,5.0
terrads_f55233c1420e,Zenodo/TerraDS,iac_benchmark/scenarios/terrads_f55233c1420e,True,True,0,0,0,0,0,,,,,417.0,2691.0,24.0,25.0,5.0
terrads_9f973465b77f,Zenodo/TerraDS,iac_benchmark/scenarios/terrads_9f973465b77f,True,True,0,0,0,0,0,,,,,661.0,4369.0,34.0,13.0,5.0
terrads_88b6bf42f0ac,Zenodo/TerraDS,iac_benchmark/scenarios/terrads_88b6bf42f0ac,True,True,0,0,0,0,0,,,,,637.0,3948.0,13.0,28.0,5.0
terrads_8e399b9c56ec,Zenodo/TerraDS,iac_benchmark/scenarios/terrads_8e399b9c56ec,True,True,0,0,0,0,0,,,,,444.0,2877.0,19.0,2.0,5.0
terrads_fc9836414645,Zenodo/TerraDS,iac_benchmark/scenarios/terrads_fc9836414645,True,True,0,0,0,0,0,,,,,834.0,5185.0,36.0,26.0,5.0
terrads_9488cfb644c9,Zenodo/TerraDS,iac_benchmark/scenarios/terrads_9488cfb644c9,True,True,0,0,0,0,0,,,,,503.0,2786.0,19.0,6.0,5.0
terrads_29b821db313d,Zenodo/TerraDS,iac_benchmark/scenarios/terrads_29b821db313d,True,True,0,0,0,0,0,,,,,605.0,4466.0,28.0,7.0,5.0
terrads_b56db737b4ee,Zenodo/TerraDS,iac_benchmark/scenarios/terrads_b56db737b4ee,True,True,0,0,0,0,0,,,,,448.0,2853.0,19.0,8.0,5.0
terrads_25d3ded6df06,Zenodo/TerraDS,iac_benchmark/scenarios/terrads_25d3ded6df06,True,True,0,0,0,0,0,,,,,545.0,3536.0,25.0,16.0,5.0
terrads_c79cd481a606,Zenodo/TerraDS,iac_benchmark/scenarios/terrads_c79cd481a606,True,True,0,0,0,0,0,,,,,882.0,5914.0,31.0,31.0,5.0
terrads_317f84700064,Zenodo/TerraDS,iac_benchmark/scenarios/terrads_317f84700064,True,True,0,0,0,0,0,,,,,773.0,6170.0,36.0,13.0,5.0
terrads_31e1cd67b8bc,Zenodo/TerraDS,iac_benchmark/scenarios/terrads_31e1cd67b8bc,True,True,0,0,0,0,0,,,,,864.0,6738.0,16.0,0.0,5.0
terrads_a07606d28279,Zenodo/TerraDS,iac_benchmark/scenarios/terrads_a07606d28279,True,True,0,0,0,0,0,,,,,483.0,3430.0,23.0,8.0,5.0
terrads_9248ccec2356,Zenodo/TerraDS,iac_benchmark/scenarios/terrads_9248ccec2356,True,True,0,0,0,0,0,,,,,728.0,5136.0,38.0,22.0,5.0
gh_87191348,Tianyi2/IRIS,iac_benchmark/scenarios/gh_87191348,True,True,0,0,0,0,0,,,,,853.0,5486.0,51.0,11.0,5.0
terrads_42d13c143fac,Zenodo/TerraDS,iac_benchmark/scenarios/terrads_42d13c143fac,True,True,0,0,0,0,0,,,,,851.0,6208.0,48.0,4.0,5.0
gh_eaa109b4,Tianyi2/IRIS,iac_benchmark/scenarios/gh_eaa109b4,True,True,0,0,0,0,0,,,,,489.0,3632.0,25.0,0.0,5.0
terrads_afc2facf6b23,Zenodo/TerraDS,iac_benchmark/scenarios/terrads_afc2facf6b23,True,True,0,0,0,0,0,,,,,541.0,3526.0,24.0,16.0,5.0
terrads_f50b55512088,Zenodo/TerraDS,iac_benchmark/scenarios/terrads_f50b55512088,True,True,0,0,0,0,0,,,,,443.0,3305.0,38.0,10.0,5.0
terrads_740fe5a8f61b,Zenodo/TerraDS,iac_benchmark/scenarios/terrads_740fe5a8f61b,True,True,0,0,0,0,0,,,,,404.0,2891.0,24.0,4.0,5.0
terrads_ac9f0b671050,Zenodo/TerraDS,iac_benchmark/scenarios/terrads_ac9f0b671050,True,True,0,0,0,0,0,,,,,490.0,3052.0,29.0,1.0,5.0
terrads_8c37ece6a9a8,Zenodo/TerraDS,iac_benchmark/scenarios/terrads_8c37ece6a9a8,True,True,0,0,0,0,0,,,,,518.0,3770.0,16.0,19.0,5.0
terrads_46321fcd6582,Zenodo/TerraDS,iac_benchmark/scenarios/terrads_46321fcd6582,True,True,0,0,0,0,0,,,,,1073.0,6887.0,33.0,3.0,5.0
terrads_a5142dcedee2,Zenodo/TerraDS,iac_benchmark/scenarios/terrads_a5142dcedee2,True,True,0,0,0,0,0,,,,,510.0,3824.0,23.0,19.0,5.0
terrads_1ba83a1e665f,Zenodo/TerraDS,iac_benchmark/scenarios/terrads_1ba83a1e665f,True,True,0,0,0,0,0,,,,,443.0,2830.0,18.0,11.0,5.0
terrads_19803db8f355,Zenodo/TerraDS,iac_benchmark/scenarios/terrads_19803db8f355,True,True,0,0,0,0,0,,,,,464.0,4006.0,32.0,9.0,5.0
terrads_cad15746ae55,Zenodo/TerraDS,iac_benchmark/scenarios/terrads_cad15746ae55,True,True,0,0,0,0,0,,,,,500.0,4212.0,26.0,5.0,5.0
terrads_a7785a7e01bc,Zenodo/TerraDS,iac_benchmark/scenarios/terrads_a7785a7e01bc,True,True,0,0,0,0,0,,,,,483.0,2898.0,23.0,13.0,5.0
terrads_5252a622e511,Zenodo/TerraDS,iac_benchmark/scenarios/terrads_5252a622e511,True,True,0,0,0,0,0,,,,,441.0,2701.0,28.0,0.0,5.0
terrads_c1817beab1b5,Zenodo/TerraDS,iac_benchmark/scenarios/terrads_c1817beab1b5,True,True,0,0,0,0,0,,,,,441.0,2701.0,28.0,0.0,5.0
terrads_e03b45750d2d,Zenodo/TerraDS,iac_benchmark/scenarios/terrads_e03b45750d2d,True,True,0,0,0,0,0,,,,,778.0,6082.0,13.0,36.0,5.0
terrads_e2b1508cad1b,Zenodo/TerraDS,iac_benchmark/scenarios/terrads_e2b1508cad1b,True,True,0,0,0,0,0,,,,,637.0,4449.0,31.0,3.0,5.0
terrads_6757857c06de,Zenodo/TerraDS,iac_benchmark/scenarios/terrads_6757857c06de,True,True,0,0,0,0,0,,,,,450.0,2888.0,19.0,8.0,5.0
terrads_6e5cafbf0167,Zenodo/TerraDS,iac_benchmark/scenarios/terrads_6e5cafbf0167,True,True,0,0,0,0,0,,,,,966.0,7739.0,30.0,41.0,5.0
terrads_1eba79c1838d,Zenodo/TerraDS,iac_benchmark/scenarios/terrads_1eba79c1838d,True,True,0,0,0,0,0,,,,,536.0,3535.0,18.0,1.0,5.0
terrads_643090f8a710,Zenodo/TerraDS,iac_benchmark/scenarios/terrads_643090f8a710,True,True,0,0,0,0,0,,,,,665.0,4020.0,32.0,39.0,5.0
terrads_6e0adea2bfbe,Zenodo/TerraDS,iac_benchmark/scenarios/terrads_6e0adea2bfbe,True,True,0,0,0,0,0,,,,,420.0,2842.0,26.0,9.0,5.0
terrads_bc650c975768,Zenodo/TerraDS,iac_benchmark/scenarios/terrads_bc650c975768,True,True,0,0,0,0,0,,,,,435.0,2922.0,23.0,0.0,5.0
terrads_c160e9a7decd,Zenodo/TerraDS,iac_benchmark/scenarios/terrads_c160e9a7decd,True,True,0,0,0,0,0,,,,,628.0,4218.0,26.0,16.0,5.0
terrads_9ac4f15e9034,Zenodo/TerraDS,iac_benchmark/scenarios/terrads_9ac4f15e9034,True,True,0,0,0,0,0,,,,,561.0,3905.0,14.0,12.0,5.0
terrads_eae15fae9389,Zenodo/TerraDS,iac_benchmark/scenarios/terrads_eae15fae9389,True,True,0,0,0,0,0,,,,,404.0,3208.0,12.0,24.0,5.0
terrads_8bbe82a7865f,Zenodo/TerraDS,iac_benchmark/scenarios/terrads_8bbe82a7865f,True,True,0,0,0,0,0,,,,,1001.0,7635.0,13.0,82.0,5.0
terrads_e97942972444,Zenodo/TerraDS,iac_benchmark/scenarios/terrads_e97942972444,True,True,0,0,0,0,0,,,,,420.0,3858.0,31.0,23.0,5.0
terrads_8bf773cc5b4c,Zenodo/TerraDS,iac_benchmark/scenarios/terrads_8bf773cc5b4c,True,True,0,0,0,0,0,,,,,769.0,4343.0,29.0,7.0,5.0
terrads_4b180c061f22,Zenodo/TerraDS,iac_benchmark/scenarios/terrads_4b180c061f22,True,True,0,0,0,0,0,,,,,503.0,3497.0,23.0,0.0,5.0
terrads_a92960d8b1c5,Zenodo/TerraDS,iac_benchmark/scenarios/terrads_a92960d8b1c5,True,True,0,0,0,0,0,,,,,842.0,5619.0,38.0,4.0,5.0
terrads_cfa8e0e410fc,Zenodo/TerraDS,iac_benchmark/scenarios/terrads_cfa8e0e410fc,True,True,0,0,0,0,0,,,,,577.0,3755.0,31.0,15.0,5.0
terrads_d03ec6238159,Zenodo/TerraDS,iac_benchmark/scenarios/terrads_d03ec6238159,True,True,0,0,0,0,0,,,,,440.0,2671.0,18.0,13.0,5.0
terrads_49bd2b3617a5,Zenodo/TerraDS,iac_benchmark/scenarios/terrads_49bd2b3617a5,True,True,0,0,0,0,0,,,,,422.0,2463.0,17.0,11.0,5.0
terrads_d998537d2b46,Zenodo/TerraDS,iac_benchmark/scenarios/terrads_d998537d2b46,True,True,0,0,0,0,0,,,,,695.0,4535.0,43.0,5.0,5.0
terrads_edcb958d30c1,Zenodo/TerraDS,iac_benchmark/scenarios/terrads_edcb958d30c1,True,True,0,0,0,0,0,,,,,499.0,3293.0,20.0,17.0,5.0
terrads_b96685f834c3,Zenodo/TerraDS,iac_benchmark/scenarios/terrads_b96685f834c3,True,True,0,0,0,0,0,,,,,860.0,5739.0,29.0,31.0,5.0
terrads_fda2baf227b1,Zenodo/TerraDS,iac_benchmark/scenarios/terrads_fda2baf227b1,True,True,0,0,0,0,0,,,,,438.0,2689.0,19.0,10.0,5.0
terrads_297ae8ff84ee,Zenodo/TerraDS,iac_benchmark/scenarios/terrads_297ae8ff84ee,True,True,0,0,0,0,0,,,,,1008.0,7808.0,29.0,32.0,5.0
terrads_d03ba9fda409,Zenodo/TerraDS,iac_benchmark/scenarios/terrads_d03ba9fda409,True,True,0,0,0,0,0,,,,,440.0,3114.0,23.0,12.0,5.0
terrads_6aa9eb9036f2,Zenodo/TerraDS,iac_benchmark/scenarios/terrads_6aa9eb9036f2,True,True,0,0,0,0,0,,,,,1021.0,7257.0,38.0,18.0,5.0
terrads_283c6e26bc93,Zenodo/TerraDS,iac_benchmark/scenarios/terrads_283c6e26bc93,True,True,0,0,0,0,0,,,,,842.0,5619.0,38.0,4.0,5.0
terrads_c5a897037842,Zenodo/TerraDS,iac_benchmark/scenarios/terrads_c5a897037842,True,True,0,0,0,0,0,,,,,610.0,4023.0,35.0,0.0,5.0
terrads_0fb8cc9cc88e,Zenodo/TerraDS,iac_benchmark/scenarios/terrads_0fb8cc9cc88e,True,True,0,0,0,0,0,,,,,461.0,2802.0,31.0,3.0,5.0
terrads_558e4fb1dec1,Zenodo/TerraDS,iac_benchmark/scenarios/terrads_558e4fb1dec1,True,True,0,0,0,0,0,,,,,819.0,5382.0,14.0,7.0,5.0
terrads_4380d5c2ad35,Zenodo/TerraDS,iac_benchmark/scenarios/terrads_4380d5c2ad35,True,True,0,0,0,0,0,,,,,671.0,5394.0,34.0,14.0,5.0
terrads_bee25c387018,Zenodo/TerraDS,iac_benchmark/scenarios/terrads_bee25c387018,True,True,0,0,0,0,0,,,,,721.0,5418.0,46.0,2.0,5.0
terrads_3a2db2cd452f,Zenodo/TerraDS,iac_benchmark/scenarios/terrads_3a2db2cd452f,True,True,0,0,0,0,0,,,,,428.0,2922.0,20.0,14.0,5.0
terrads_8366394c5acd,Zenodo/TerraDS,iac_benchmark/scenarios/terrads_8366394c5acd,True,True,0,0,0,0,0,,,,,704.0,4526.0,22.0,25.0,5.0
terrads_1877801c18d5,Zenodo/TerraDS,iac_benchmark/scenarios/terrads_1877801c18d5,True,True,0,0,0,0,0,,,,,1127.0,7540.0,31.0,42.0,5.0
terrads_18c1c37ff842,Zenodo/TerraDS,iac_benchmark/scenarios/terrads_18c1c37ff842,True,True,0,0,0,0,0,,,,,882.0,5916.0,29.0,31.0,5.0
terrads_bf627e530609,Zenodo/TerraDS,iac_benchmark/scenarios/terrads_bf627e530609,True,True,0,0,0,0,0,,,,,929.0,7430.0,37.0,11.0,5.0
terrads_b3e67432e5f4,Zenodo/TerraDS,iac_benchmark/scenarios/terrads_b3e67432e5f4,True,True,0,0,0,0,0,,,,,1100.0,7491.0,29.0,0.0,5.0
terrads_91f1537ced4d,Zenodo/TerraDS,iac_benchmark/scenarios/terrads_91f1537ced4d,True,True,0,0,0,0,0,,,,,403.0,2498.0,15.0,4.0,5.0
terrads_f412cb55e73e,Zenodo/TerraDS,iac_benchmark/scenarios/terrads_f412cb55e73e,True,True,0,0,0,0,0,,,,,561.0,4414.0,13.0,46.0,5.0
terrads_9bd77b2cf2b3,Zenodo/TerraDS,iac_benchmark/scenarios/terrads_9bd77b2cf2b3,True,True,0,0,0,0,0,,,,,439.0,2563.0,17.0,13.0,5.0
terrads_d090732ffe34,Zenodo/TerraDS,iac_benchmark/scenarios/terrads_d090732ffe34,True,True,0,0,0,0,0,,,,,605.0,4728.0,25.0,28.0,5.0
terrads_777b9472d9a8,Zenodo/TerraDS,iac_benchmark/scenarios/terrads_777b9472d9a8,True,True,0,0,0,0,0,,,,,430.0,2405.0,18.0,6.0,5.0
terrads_d0db0cb99964,Zenodo/TerraDS,iac_benchmark/scenarios/terrads_d0db0cb99964,True,True,0,0,0,0,0,,,,,882.0,5914.0,31.0,31.0,5.0
terrads_938e84cdbef3,Zenodo/TerraDS,iac_benchmark/scenarios/terrads_938e84cdbef3,True,True,0,0,0,0,0,,,,,868.0,7065.0,29.0,11.0,5.0
terrads_e3809d5d6280,Zenodo/TerraDS,iac_benchmark/scenarios/terrads_e3809d5d6280,True,True,0,0,0,0,0,,,,,431.0,2644.0,15.0,17.0,5.0
terrads_da946a0c0955,Zenodo/TerraDS,iac_benchmark/scenarios/terrads_da946a0c0955,True,True,0,0,0,0,0,,,,,568.0,3916.0,16.0,0.0,5.0
terrads_4c926befb048,Zenodo/TerraDS,iac_benchmark/scenarios/terrads_4c926befb048,True,True,0,0,0,0,0,,,,,580.0,4686.0,14.0,30.0,5.0
terrads_3b8aff88f121,Zenodo/TerraDS,iac_benchmark/scenarios/terrads_3b8aff88f121,True,True,0,0,0,0,0,,,,,730.0,4903.0,25.0,1.0,5.0
terrads_bdb47f9ccbc1,Zenodo/TerraDS,iac_benchmark/scenarios/terrads_bdb47f9ccbc1,True,True,0,0,0,0,0,,,,,455.0,4878.0,22.0,0.0,5.0
terrads_209679b2e32d,Zenodo/TerraDS,iac_benchmark/scenarios/terrads_209679b2e32d,True,True,0,0,0,0,0,,,,,615.0,4094.0,18.0,11.0,5.0
terrads_d1392dc7d6e6,Zenodo/TerraDS,iac_benchmark/scenarios/terrads_d1392dc7d6e6,True,True,0,0,0,0,0,,,,,541.0,3526.0,24.0,16.0,5.0
terrads_ac53bb36b038,Zenodo/TerraDS,iac_benchmark/scenarios/terrads_ac53bb36b038,True,True,0,0,0,0,0,,,,,488.0,3095.0,23.0,36.0,5.0
terrads_eec58a2881a2,Zenodo/TerraDS,iac_benchmark/scenarios/terrads_eec58a2881a2,True,True,0,0,0,0,0,,,,,564.0,3896.0,38.0,5.0,5.0
terrads_3729941a330a,Zenodo/TerraDS,iac_benchmark/scenarios/terrads_3729941a330a,True,True,0,0,0,0,0,,,,,462.0,2535.0,12.0,28.0,5.0
terrads_5cc6f8895648,Zenodo/TerraDS,iac_benchmark/scenarios/terrads_5cc6f8895648,True,True,0,0,0,0,0,,,,,566.0,4137.0,36.0,14.0,5.0
terrads_af15b96d5d45,Zenodo/TerraDS,iac_benchmark/scenarios/terrads_af15b96d5d45,True,True,0,0,0,0,0,,,,,404.0,2943.0,34.0,3.0,5.0
terrads_94f24c4e71e3,Zenodo/TerraDS,iac_benchmark/scenarios/terrads_94f24c4e71e3,True,True,0,0,0,0,0,,,,,541.0,3526.0,24.0,16.0,5.0
terrads_e3b20775f55d,Zenodo/TerraDS,iac_benchmark/scenarios/terrads_e3b20775f55d,True,True,0,0,0,0,0,,,,,531.0,3824.0,18.0,12.0,5.0
terrads_d7f705f275a1,Zenodo/TerraDS,iac_benchmark/scenarios/terrads_d7f705f275a1,True,True,0,0,0,0,0,,,,,590.0,4266.0,12.0,5.0,5.0
terrads_2ebeb472b60e,Zenodo/TerraDS,iac_benchmark/scenarios/terrads_2ebeb472b60e,True,True,0,0,0,0,0,,,,,734.0,4903.0,25.0,1.0,5.0
terrads_d0086e00ecf6,Zenodo/TerraDS,iac_benchmark/scenarios/terrads_d0086e00ecf6,True,True,0,0,0,0,0,,,,,610.0,4023.0,35.0,0.0,5.0
terrads_6efb331bfcdf,Zenodo/TerraDS,iac_benchmark/scenarios/terrads_6efb331bfcdf,True,True,0,0,0,0,0,,,,,457.0,3077.0,24.0,21.0,5.0
terrads_c3ac41b978ef,Zenodo/TerraDS,iac_benchmark/scenarios/terrads_c3ac41b978ef,True,True,0,0,0,0,0,,,,,806.0,5120.0,16.0,23.0,5.0
terrads_51a35026dd4a,Zenodo/TerraDS,iac_benchmark/scenarios/terrads_51a35026dd4a,True,True,0,0,0,0,0,,,,,541.0,3526.0,24.0,16.0,5.0
terrads_9e0bf3f88e00,Zenodo/TerraDS,iac_benchmark/scenarios/terrads_9e0bf3f88e00,True,True,0,0,0,0,0,,,,,502.0,2887.0,12.0,36.0,5.0
terrads_55eb77541ef6,Zenodo/TerraDS,iac_benchmark/scenarios/terrads_55eb77541ef6,True,True,0,0,0,0,0,,,,,436.0,2794.0,18.0,11.0,5.0
terrads_7d3b3b785b52,Zenodo/TerraDS,iac_benchmark/scenarios/terrads_7d3b3b785b52,True,True,0,0,0,0,0,,,,,677.0,3834.0,24.0,12.0,5.0
terrads_7826955320c7,Zenodo/TerraDS,iac_benchmark/scenarios/terrads_7826955320c7,True,True,0,0,0,0,0,,,,,734.0,4903.0,25.0,1.0,5.0
terrads_e831d8d75ec3,Zenodo/TerraDS,iac_benchmark/scenarios/terrads_e831d8d75ec3,True,True,0,0,0,0,0,,,,,448.0,3055.0,27.0,9.0,5.0
terrads_6eaa13d7ded8,Zenodo/TerraDS,iac_benchmark/scenarios/terrads_6eaa13d7ded8,True,True,0,0,0,0,0,,,,,414.0,2813.0,21.0,18.0,5.0
terrads_9e5d02b85150,Zenodo/TerraDS,iac_benchmark/scenarios/terrads_9e5d02b85150,True,True,0,0,0,0,0,,,,,882.0,5914.0,31.0,31.0,5.0
terrads_924a96fcc34f,Zenodo/TerraDS,iac_benchmark/scenarios/terrads_924a96fcc34f,True,True,0,0,0,0,0,,,,,570.0,4719.0,15.0,18.0,5.0
terrads_12e302428c51,Zenodo/TerraDS,iac_benchmark/scenarios/terrads_12e302428c51,True,True,0,0,0,0,0,,,,,501.0,3712.0,20.0,10.0,5.0
terrads_dd1b6451c103,Zenodo/TerraDS,iac_benchmark/scenarios/terrads_dd1b6451c103,True,True,0,0,0,0,0,,,,,576.0,4323.0,19.0,47.0,5.0
terrads_67f26c00d636,Zenodo/TerraDS,iac_benchmark/scenarios/terrads_67f26c00d636,True,True,0,0,0,0,0,,,,,457.0,3209.0,26.0,33.0,5.0
terrads_b389216974ee,Zenodo/TerraDS,iac_benchmark/scenarios/terrads_b389216974ee,True,True,0,0,0,0,0,,,,,850.0,5987.0,32.0,53.0,5.0
terrads_7de50fd41e9c,Zenodo/TerraDS,iac_benchmark/scenarios/terrads_7de50fd41e9c,True,True,0,0,0,0,0,,,,,541.0,3526.0,24.0,16.0,5.0
terrads_337e2deaa7e5,Zenodo/TerraDS,iac_benchmark/scenarios/terrads_337e2deaa7e5,True,True,0,0,0,0,0,,,,,882.0,5914.0,31.0,31.0,5.0
terrads_b9341df267e6,Zenodo/TerraDS,iac_benchmark/scenarios/terrads_b9341df267e6,True,True,0,0,0,0,0,,,,,628.0,4811.0,17.0,0.0,5.0
terrads_5ca71edd6355,Zenodo/TerraDS,iac_benchmark/scenarios/terrads_5ca71edd6355,True,True,0,0,0,0,0,,,,,713.0,6844.0,16.0,18.0,5.0
terrads_ce02ee08940d,Zenodo/TerraDS,iac_benchmark/scenarios/terrads_ce02ee08940d,True,True,0,0,0,0,0,,,,,542.0,3525.0,23.0,16.0,5.0
terrads_5655fa01f8d0,Zenodo/TerraDS,iac_benchmark/scenarios/terrads_5655fa01f8d0,True,True,0,0,0,0,0,,,,,435.0,3032.0,19.0,0.0,5.0
terrads_41a09b50eeff,Zenodo/TerraDS,iac_benchmark/scenarios/terrads_41a09b50eeff,True,True,0,0,0,0,0,,,,,649.0,3906.0,22.0,82.0,5.0
terrads_6e3ad02847da,Zenodo/TerraDS,iac_benchmark/scenarios/terrads_6e3ad02847da,True,True,0,0,0,0,0,,,,,536.0,3766.0,23.0,6.0,5.0
terrads_f70b9934c4f2,Zenodo/TerraDS,iac_benchmark/scenarios/terrads_f70b9934c4f2,True,True,0,0,0,0,0,,,,,441.0,2876.0,19.0,2.0,5.0
terrads_4c644527e1b5,Zenodo/TerraDS,iac_benchmark/scenarios/terrads_4c644527e1b5,True,True,0,0,0,0,0,,,,,563.0,3915.0,35.0,0.0,5.0
terrads_495d66164e2f,Zenodo/TerraDS,iac_benchmark/scenarios/terrads_495d66164e2f,True,True,0,0,0,0,0,,,,,741.0,5019.0,26.0,1.0,5.0
terrads_c1379671bdd8,Zenodo/TerraDS,iac_benchmark/scenarios/terrads_c1379671bdd8,True,True,0,0,0,0,0,,,,,826.0,6567.0,26.0,12.0,5.0
gh_531d5378,Tianyi2/IRIS,iac_benchmark/scenarios/gh_531d5378,True,True,0,0,0,0,0,,,,,1149.0,7937.0,107.0,0.0,5.0
terrads_0ffd37f75ebc,Zenodo/TerraDS,iac_benchmark/scenarios/terrads_0ffd37f75ebc,True,True,0,0,0,0,0,,,,,1043.0,7184.0,48.0,27.0,5.0
terrads_e4957d4b4db3,Zenodo/TerraDS,iac_benchmark/scenarios/terrads_e4957d4b4db3,True,True,0,0,0,0,0,,,,,413.0,2747.0,24.0,12.0,5.0
terrads_c43fefe09788,Zenodo/TerraDS,iac_benchmark/scenarios/terrads_c43fefe09788,True,True,0,0,0,0,0,,,,,694.0,5033.0,27.0,17.0,5.0
terrads_f1c062a8cdf3,Zenodo/TerraDS,iac_benchmark/scenarios/terrads_f1c062a8cdf3,True,True,0,0,0,0,0,,,,,624.0,5016.0,38.0,10.0,5.0
terrads_96fc48ca4ca2,Zenodo/TerraDS,iac_benchmark/scenarios/terrads_96fc48ca4ca2,True,True,0,0,0,0,0,,,,,409.0,2723.0,17.0,33.0,5.0
terrads_6cd73f77b020,Zenodo/TerraDS,iac_benchmark/scenarios/terrads_6cd73f77b020,True,True,0,0,0,0,0,,,,,603.0,4751.0,32.0,9.0,5.0
terrads_494328f2cbc2,Zenodo/TerraDS,iac_benchmark/scenarios/terrads_494328f2cbc2,True,True,0,0,0,0,0,,,,,728.0,4893.0,25.0,1.0,5.0
terrads_b9e6d81d8727,Zenodo/TerraDS,iac_benchmark/scenarios/terrads_b9e6d81d8727,True,True,0,0,0,0,0,,,,,408.0,2873.0,26.0,10.0,5.0
terrads_f2c9b7390b19,Zenodo/TerraDS,iac_benchmark/scenarios/terrads_f2c9b7390b19,True,True,0,0,0,0,0,,,,,422.0,2463.0,17.0,11.0,5.0
gh_e3eecd63,Tianyi2/IRIS,iac_benchmark/scenarios/gh_e3eecd63,True,True,0,0,0,0,0,,,,,558.0,4374.0,39.0,2.0,5.0
terrads_6c606b5b7c75,Zenodo/TerraDS,iac_benchmark/scenarios/terrads_6c606b5b7c75,True,True,0,0,0,0,0,,,,,517.0,3001.0,19.0,14.0,5.0
terrads_58062ba88169,Zenodo/TerraDS,iac_benchmark/scenarios/terrads_58062ba88169,True,True,0,0,0,0,0,,,,,574.0,4601.0,33.0,18.0,5.0
terrads_c0cf7930f148,Zenodo/TerraDS,iac_benchmark/scenarios/terrads_c0cf7930f148,True,True,0,0,0,0,0,,,,,504.0,3926.0,14.0,25.0,5.0
terrads_5cdd05d23910,Zenodo/TerraDS,iac_benchmark/scenarios/terrads_5cdd05d23910,True,True,0,0,0,0,0,,,,,480.0,2986.0,18.0,6.0,5.0
terrads_bbde69f7927f,Zenodo/TerraDS,iac_benchmark/scenarios/terrads_bbde69f7927f,True,True,0,0,0,0,0,,,,,540.0,3525.0,25.0,16.0,5.0
terrads_1f2a2d7e88ea,Zenodo/TerraDS,iac_benchmark/scenarios/terrads_1f2a2d7e88ea,True,True,0,0,0,0,0,,,,,746.0,5762.0,24.0,6.0,5.0
terrads_6728218cff91,Zenodo/TerraDS,iac_benchmark/scenarios/terrads_6728218cff91,True,True,0,0,0,0,0,,,,,883.0,5918.0,31.0,31.0,5.0
terrads_2c283c056511,Zenodo/TerraDS,iac_benchmark/scenarios/terrads_2c283c056511,True,True,0,0,0,0,0,,,,,441.0,2876.0,19.0,2.0,5.0
terrads_2c043bb8305f,Zenodo/TerraDS,iac_benchmark/scenarios/terrads_2c043bb8305f,True,True,0,0,0,0,0,,,,,591.0,4232.0,19.0,14.0,5.0
terrads_60ef0c32e2bc,Zenodo/TerraDS,iac_benchmark/scenarios/terrads_60ef0c32e2bc,True,True,0,0,0,0,0,,,,,548.0,4100.0,22.0,11.0,5.0
terrads_8b776ca68a33,Zenodo/TerraDS,iac_benchmark/scenarios/terrads_8b776ca68a33,True,True,0,0,0,0,0,,,,,797.0,5087.0,38.0,1.0,5.0
terrads_d6123ed4492d,Zenodo/TerraDS,iac_benchmark/scenarios/terrads_d6123ed4492d,True,True,0,0,0,0,0,,,,,728.0,4893.0,25.0,1.0,5.0
terrads_79b299940e2e,Zenodo/TerraDS,iac_benchmark/scenarios/terrads_79b299940e2e,True,True,0,0,0,0,0,,,,,719.0,5396.0,20.0,29.0,5.0
terrads_16a16cb35f9d,Zenodo/TerraDS,iac_benchmark/scenarios/terrads_16a16cb35f9d,True,True,0,0,0,0,0,,,,,417.0,2691.0,24.0,25.0,5.0
terrads_3a2a24b05cc7,Zenodo/TerraDS,iac_benchmark/scenarios/terrads_3a2a24b05cc7,True,True,0,0,0,0,0,,,,,471.0,3561.0,27.0,15.0,5.0
terrads_69b963441444,Zenodo/TerraDS,iac_benchmark/scenarios/terrads_69b963441444,True,True,0,0,0,0,0,,,,,530.0,3808.0,43.0,8.0,5.0
terrads_f3b5ee2fe5a3,Zenodo/TerraDS,iac_benchmark/scenarios/terrads_f3b5ee2fe5a3,True,True,0,0,0,0,0,,,,,465.0,3383.0,29.0,5.0,5.0
terrads_a0350cb30248,Zenodo/TerraDS,iac_benchmark/scenarios/terrads_a0350cb30248,True,True,0,0,0,0,0,,,,,563.0,4652.0,25.0,5.0,5.0
terrads_0f40fc8b4aaa,Zenodo/TerraDS,iac_benchmark/scenarios/terrads_0f40fc8b4aaa,True,True,0,0,0,0,0,,,,,850.0,6938.0,36.0,6.0,5.0
terrads_e035db61d8f1,Zenodo/TerraDS,iac_benchmark/scenarios/terrads_e035db61d8f1,True,True,0,0,0,0,0,,,,,540.0,3525.0,25.0,16.0,5.0
terrads_b828e323bd13,Zenodo/TerraDS,iac_benchmark/scenarios/terrads_b828e323bd13,True,True,0,0,0,0,0,,,,,635.0,4618.0,19.0,23.0,5.0
terrads_622638355da2,Zenodo/TerraDS,iac_benchmark/scenarios/terrads_622638355da2,True,True,0,0,0,0,0,,,,,493.0,3146.0,19.0,12.0,5.0
terrads_270c06734ea9,Zenodo/TerraDS,iac_benchmark/scenarios/terrads_270c06734ea9,True,True,0,0,0,0,0,,,,,541.0,3526.0,24.0,16.0,5.0
terrads_d1a2286b6c0d,Zenodo/TerraDS,iac_benchmark/scenarios/terrads_d1a2286b6c0d,True,True,0,0,0,0,0,,,,,487.0,3566.0,31.0,4.0,5.0
terrads_cf634994f35f,Zenodo/TerraDS,iac_benchmark/scenarios/terrads_cf634994f35f,True,True,0,0,0,0,0,,,,,673.0,4411.0,19.0,41.0,5.0
terrads_3af258f374b8,Zenodo/TerraDS,iac_benchmark/scenarios/terrads_3af258f374b8,True,True,0,0,0,0,0,,,,,983.0,6644.0,27.0,13.0,5.0
terrads_19b5041bbc5d,Zenodo/TerraDS,iac_benchmark/scenarios/terrads_19b5041bbc5d,True,True,0,0,0,0,0,,,,,519.0,3120.0,17.0,10.0,5.0
terrads_cf33a1e76641,Zenodo/TerraDS,iac_benchmark/scenarios/terrads_cf33a1e76641,True,True,0,0,0,0,0,,,,,796.0,6425.0,64.0,4.0,5.0
terrads_d5a7a55f10b2,Zenodo/TerraDS,iac_benchmark/scenarios/terrads_d5a7a55f10b2,True,True,0,0,0,0,0,,,,,463.0,3021.0,19.0,7.0,5.0
terrads_e9cc7730b6f0,Zenodo/TerraDS,iac_benchmark/scenarios/terrads_e9cc7730b6f0,True,True,0,0,0,0,0,,,,,899.0,6465.0,46.0,0.0,5.0
terrads_16a7a225ed9a,Zenodo/TerraDS,iac_benchmark/scenarios/terrads_16a7a225ed9a,True,True,0,0,0,0,0,,,,,882.0,5916.0,29.0,31.0,5.0
terrads_59c8b29e7882,Zenodo/TerraDS,iac_benchmark/scenarios/terrads_59c8b29e7882,True,True,0,0,0,0,0,,,,,457.0,3209.0,26.0,33.0,5.0
terrads_79f4cd4ffe4f,Zenodo/TerraDS,iac_benchmark/scenarios/terrads_79f4cd4ffe4f,True,True,0,0,0,0,0,,,,,563.0,3915.0,35.0,0.0,5.0
terrads_b5b4bdb50fd1,Zenodo/TerraDS,iac_benchmark/scenarios/terrads_b5b4bdb50fd1,True,True,0,0,0,0,0,,,,,586.0,4424.0,41.0,2.0,5.0
terrads_fd6917168627,Zenodo/TerraDS,iac_benchmark/scenarios/terrads_fd6917168627,True,True,0,0,0,0,0,,,,,440.0,2905.0,19.0,10.0,5.0
terrads_9e096155e67d,Zenodo/TerraDS,iac_benchmark/scenarios/terrads_9e096155e67d,True,True,0,0,0,0,0,,,,,800.0,6232.0,18.0,1.0,5.0
terrads_3d1617b48360,Zenodo/TerraDS,iac_benchmark/scenarios/terrads_3d1617b48360,True,True,0,0,0,0,0,,,,,516.0,3040.0,13.0,52.0,5.0
terrads_9eb38b449d29,Zenodo/TerraDS,iac_benchmark/scenarios/terrads_9eb38b449d29,True,True,0,0,0,0,0,,,,,455.0,3339.0,29.0,5.0,5.0
terrads_60c155a1aaba,Zenodo/TerraDS,iac_benchmark/scenarios/terrads_60c155a1aaba,True,True,0,0,0,0,0,,,,,1104.0,7379.0,42.0,12.0,5.0
terrads_609a0baa9be3,Zenodo/TerraDS,iac_benchmark/scenarios/terrads_609a0baa9be3,True,True,0,0,0,0,0,,,,,467.0,3560.0,21.0,5.0,5.0
terrads_133f7e4e8ee8,Zenodo/TerraDS,iac_benchmark/scenarios/terrads_133f7e4e8ee8,True,True,0,0,0,0,0,,,,,490.0,3679.0,13.0,8.0,5.0
terrads_33a73ef26593,Zenodo/TerraDS,iac_benchmark/scenarios/terrads_33a73ef26593,True,True,0,0,0,0,0,,,,,565.0,4001.0,25.0,1.0,5.0
terrads_dc07c07478b1,Zenodo/TerraDS,iac_benchmark/scenarios/terrads_dc07c07478b1,True,True,0,0,0,0,0,,,,,450.0,2802.0,22.0,9.0,5.0
terrads_496df744f3b4,Zenodo/TerraDS,iac_benchmark/scenarios/terrads_496df744f3b4,True,True,0,0,0,0,0,,,,,408.0,2873.0,26.0,10.0,5.0
terrads_dd0d4caa1543,Zenodo/TerraDS,iac_benchmark/scenarios/terrads_dd0d4caa1543,True,True,0,0,0,0,0,,,,,800.0,7074.0,63.0,1.0,5.0
terrads_a251e3f64cdb,Zenodo/TerraDS,iac_benchmark/scenarios/terrads_a251e3f64cdb,True,True,0,0,0,0,0,,,,,412.0,2535.0,27.0,0.0,5.0
terrads_7458e2462c6c,Zenodo/TerraDS,iac_benchmark/scenarios/terrads_7458e2462c6c,True,True,0,0,0,0,0,,,,,453.0,2943.0,14.0,13.0,5.0
terrads_3db6115a5fee,Zenodo/TerraDS,iac_benchmark/scenarios/terrads_3db6115a5fee,True,True,0,0,0,0,0,,,,,630.0,4323.0,17.0,18.0,5.0
terrads_45bce0b9342e,Zenodo/TerraDS,iac_benchmark/scenarios/terrads_45bce0b9342e,True,True,0,0,0,0,0,,,,,516.0,3601.0,20.0,15.0,5.0
terrads_10c51b977b67,Zenodo/TerraDS,iac_benchmark/scenarios/terrads_10c51b977b67,True,True,0,0,0,0,0,,,,,489.0,3632.0,25.0,0.0,5.0
gh_1b333079,Tianyi2/IRIS,iac_benchmark/scenarios/gh_1b333079,True,True,0,0,0,0,0,,,,,407.0,2377.0,54.0,0.0,5.0
terrads_32b94357be17,Zenodo/TerraDS,iac_benchmark/scenarios/terrads_32b94357be17,True,True,0,0,0,0,0,,,,,441.0,2701.0,28.0,0.0,5.0
terrads_2ebe6a484d17,Zenodo/TerraDS,iac_benchmark/scenarios/terrads_2ebe6a484d17,True,True,0,0,0,0,0,,,,,890.0,5809.0,43.0,3.0,5.0
terrads_35c7d2aee1b9,Zenodo/TerraDS,iac_benchmark/scenarios/terrads_35c7d2aee1b9,True,True,0,0,0,0,0,,,,,431.0,3101.0,20.0,9.0,5.0
gh_87a0767e,Tianyi2/IRIS,iac_benchmark/scenarios/gh_87a0767e,True,True,0,0,0,0,0,,,,,496.0,3505.0,22.0,18.0,5.0
terrads_dbc776fe5dbf,Zenodo/TerraDS,iac_benchmark/scenarios/terrads_dbc776fe5dbf,True,True,0,0,0,0,0,,,,,434.0,2913.0,29.0,0.0,5.0
terrads_9e5aaed8384a,Zenodo/TerraDS,iac_benchmark/scenarios/terrads_9e5aaed8384a,True,True,0,0,0,0,0,,,,,883.0,6498.0,43.0,27.0,5.0
terrads_285c0d17a5e2,Zenodo/TerraDS,iac_benchmark/scenarios/terrads_285c0d17a5e2,True,True,0,0,0,0,0,,,,,481.0,3177.0,37.0,21.0,5.0
terrads_d020ea627a9b,Zenodo/TerraDS,iac_benchmark/scenarios/terrads_d020ea627a9b,True,True,0,0,0,0,0,,,,,411.0,2982.0,23.0,2.0,5.0
terrads_80d80c996618,Zenodo/TerraDS,iac_benchmark/scenarios/terrads_80d80c996618,True,True,0,0,0,0,0,,,,,919.0,7065.0,14.0,24.0,5.0
terrads_b23ae6cd1f48,Zenodo/TerraDS,iac_benchmark/scenarios/terrads_b23ae6cd1f48,True,True,0,0,0,0,0,,,,,686.0,5564.0,18.0,6.0,5.0
terrads_12d299395ae2,Zenodo/TerraDS,iac_benchmark/scenarios/terrads_12d299395ae2,True,True,0,0,0,0,0,,,,,742.0,5019.0,26.0,1.0,5.0
terrads_672558874735,Zenodo/TerraDS,iac_benchmark/scenarios/terrads_672558874735,True,True,0,0,0,0,0,,,,,464.0,3043.0,15.0,14.0,5.0
terrads_ba447c248b67,Zenodo/TerraDS,iac_benchmark/scenarios/terrads_ba447c248b67,True,True,0,0,0,0,0,,,,,563.0,4783.0,37.0,8.0,5.0
terrads_9777e1a370b3,Zenodo/TerraDS,iac_benchmark/scenarios/terrads_9777e1a370b3,True,True,0,0,0,0,0,,,,,411.0,2550.0,15.0,17.0,5.0
terrads_0a045b9d1a7b,Zenodo/TerraDS,iac_benchmark/scenarios/terrads_0a045b9d1a7b,True,True,0,0,0,0,0,,,,,984.0,7047.0,13.0,18.0,5.0
terrads_5572142fcb8e,Zenodo/TerraDS,iac_benchmark/scenarios/terrads_5572142fcb8e,True,True,0,0,0,0,0,,,,,462.0,2859.0,26.0,0.0,5.0
terrads_aca929522f14,Zenodo/TerraDS,iac_benchmark/scenarios/terrads_aca929522f14,True,True,0,0,0,0,0,,,,,502.0,3400.0,14.0,15.0,5.0
terrads_11a81b981cbf,Zenodo/TerraDS,iac_benchmark/scenarios/terrads_11a81b981cbf,True,True,0,0,0,0,0,,,,,819.0,6397.0,12.0,34.0,5.0
terrads_c71b2f7e8490,Zenodo/TerraDS,iac_benchmark/scenarios/terrads_c71b2f7e8490,True,True,0,0,0,0,0,,,,,475.0,3499.0,20.0,15.0,5.0
terrads_39b9782e7acd,Zenodo/TerraDS,iac_benchmark/scenarios/terrads_39b9782e7acd,True,True,0,0,0,0,0,,,,,401.0,2922.0,30.0,0.0,5.0
terrads_19bca131ada9,Zenodo/TerraDS,iac_benchmark/scenarios/terrads_19bca131ada9,True,True,0,0,0,0,0,,,,,477.0,2908.0,27.0,9.0,5.0
terrads_9218a3eb0524,Zenodo/TerraDS,iac_benchmark/scenarios/terrads_9218a3eb0524,True,True,0,0,0,0,0,,,,,567.0,3878.0,39.0,0.0,5.0
terrads_5a273b2f5b3c,Zenodo/TerraDS,iac_benchmark/scenarios/terrads_5a273b2f5b3c,True,True,0,0,0,0,0,,,,,452.0,3046.0,28.0,2.0,5.0
terrads_d3dc76d983ba,Zenodo/TerraDS,iac_benchmark/scenarios/terrads_d3dc76d983ba,True,True,0,0,0,0,0,,,,,596.0,5361.0,15.0,1.0,5.0
terrads_27ef2e9d1d4f,Zenodo/TerraDS,iac_benchmark/scenarios/terrads_27ef2e9d1d4f,True,True,0,0,0,0,0,,,,,732.0,4903.0,25.0,1.0,5.0
terrads_c723ce582862,Zenodo/TerraDS,iac_benchmark/scenarios/terrads_c723ce582862,True,True,0,0,0,0,0,,,,,452.0,3046.0,28.0,2.0,5.0
terrads_8bad01c5fde3,Zenodo/TerraDS,iac_benchmark/scenarios/terrads_8bad01c5fde3,True,True,0,0,0,0,0,,,,,643.0,3667.0,30.0,2.0,5.0
terrads_e06653ef6162,Zenodo/TerraDS,iac_benchmark/scenarios/terrads_e06653ef6162,True,True,0,0,0,0,0,,,,,1014.0,6705.0,21.0,96.0,5.0
gh_b4f47229,Tianyi2/IRIS,iac_benchmark/scenarios/gh_b4f47229,True,True,0,0,0,0,0,,,,,1193.0,7158.0,29.0,23.0,5.0
terrads_6d4720fec62d,Zenodo/TerraDS,iac_benchmark/scenarios/terrads_6d4720fec62d,True,True,0,0,0,0,0,,,,,829.0,5425.0,45.0,18.0,5.0
terrads_e916a68162a6,Zenodo/TerraDS,iac_benchmark/scenarios/terrads_e916a68162a6,True,True,0,0,0,0,0,,,,,460.0,2814.0,27.0,10.0,5.0
terrads_40409e4016f4,Zenodo/TerraDS,iac_benchmark/scenarios/terrads_40409e4016f4,True,True,0,0,0,0,0,,,,,476.0,3356.0,32.0,18.0,5.0
terrads_d3f4d8591743,Zenodo/TerraDS,iac_benchmark/scenarios/terrads_d3f4d8591743,True,True,0,0,0,0,0,,,,,441.0,2701.0,28.0,0.0,5.0
terrads_5656a591c47a,Zenodo/TerraDS,iac_benchmark/scenarios/terrads_5656a591c47a,True,True,0,0,0,0,0,,,,,432.0,2484.0,12.0,11.0,5.0
terrads_ed592db1bb5f,Zenodo/TerraDS,iac_benchmark/scenarios/terrads_ed592db1bb5f,True,True,0,0,0,0,0,,,,,485.0,3363.0,24.0,4.0,5.0
terrads_8dcf43214c86,Zenodo/TerraDS,iac_benchmark/scenarios/terrads_8dcf43214c86,True,True,0,0,0,0,0,,,,,716.0,6166.0,13.0,45.0,5.0
terrads_fa61ea5af395,Zenodo/TerraDS,iac_benchmark/scenarios/terrads_fa61ea5af395,True,True,0,0,0,0,0,,,,,489.0,3084.0,16.0,14.0,5.0
terrads_573582b3b0c9,Zenodo/TerraDS,iac_benchmark/scenarios/terrads_573582b3b0c9,True,True,0,0,0,0,0,,,,,728.0,4893.0,25.0,1.0,5.0
terrads_01db15f54a71,Zenodo/TerraDS,iac_benchmark/scenarios/terrads_01db15f54a71,True,True,0,0,0,0,0,,,,,813.0,6155.0,43.0,25.0,5.0
terrads_8f17ec33b50b,Zenodo/TerraDS,iac_benchmark/scenarios/terrads_8f17ec33b50b,True,True,0,0,0,0,0,,,,,1167.0,7936.0,81.0,10.0,5.0
terrads_ef320043fcf9,Zenodo/TerraDS,iac_benchmark/scenarios/terrads_ef320043fcf9,True,True,0,0,0,0,0,,,,,1159.0,7679.0,43.0,27.0,5.0
terrads_657bb0779575,Zenodo/TerraDS,iac_benchmark/scenarios/terrads_657bb0779575,True,True,0,0,0,0,0,,,,,732.0,4903.0,25.0,1.0,5.0
terrads_2e35b53a6133,Zenodo/TerraDS,iac_benchmark/scenarios/terrads_2e35b53a6133,True,True,0,0,0,0,0,,,,,856.0,6807.0,14.0,53.0,5.0
terrads_8e800f697ea1,Zenodo/TerraDS,iac_benchmark/scenarios/terrads_8e800f697ea1,True,True,0,0,0,0,0,,,,,997.0,7487.0,16.0,34.0,5.0
terrads_64527809683a,Zenodo/TerraDS,iac_benchmark/scenarios/terrads_64527809683a,True,True,0,0,0,0,0,,,,,697.0,4924.0,61.0,4.0,5.0
terrads_3678babc11c3,Zenodo/TerraDS,iac_benchmark/scenarios/terrads_3678babc11c3,True,True,0,0,0,0,0,,,,,450.0,2802.0,22.0,9.0,5.0
terrads_4907151d540f,Zenodo/TerraDS,iac_benchmark/scenarios/terrads_4907151d540f,True,True,0,0,0,0,0,,,,,445.0,2794.0,17.0,5.0,5.0
terrads_b735c73865e8,Zenodo/TerraDS,iac_benchmark/scenarios/terrads_b735c73865e8,True,True,0,0,0,0,0,,,,,512.0,3187.0,12.0,33.0,5.0
terrads_0b2160d2b42d,Zenodo/TerraDS,iac_benchmark/scenarios/terrads_0b2160d2b42d,True,True,0,0,0,0,0,,,,,1069.0,7736.0,25.0,20.0,5.0
terrads_930d959352cd,Zenodo/TerraDS,iac_benchmark/scenarios/terrads_930d959352cd,True,True,0,0,0,0,0,,,,,613.0,4057.0,29.0,13.0,5.0
terrads_7e71a2855f55,Zenodo/TerraDS,iac_benchmark/scenarios/terrads_7e71a2855f55,True,True,0,0,0,0,0,,,,,882.0,5916.0,30.0,31.0,5.0
terrads_6af3e61dd145,Zenodo/TerraDS,iac_benchmark/scenarios/terrads_6af3e61dd145,True,True,0,0,0,0,0,,,,,464.0,3685.0,24.0,16.0,5.0
terrads_8002de607e5f,Zenodo/TerraDS,iac_benchmark/scenarios/terrads_8002de607e5f,True,True,0,0,0,0,0,,,,,457.0,3209.0,26.0,33.0,5.0
terrads_dc74c55c3133,Zenodo/TerraDS,iac_benchmark/scenarios/terrads_dc74c55c3133,True,True,0,0,0,0,0,,,,,502.0,3736.0,19.0,15.0,5.0
terrads_54999299ac45,Zenodo/TerraDS,iac_benchmark/scenarios/terrads_54999299ac45,True,True,0,0,0,0,0,,,,,432.0,2904.0,15.0,11.0,5.0
terrads_4688705bed99,Zenodo/TerraDS,iac_benchmark/scenarios/terrads_4688705bed99,True,True,0,0,0,0,0,,,,,432.0,2673.0,28.0,0.0,5.0
terrads_fe63ed1b9cd6,Zenodo/TerraDS,iac_benchmark/scenarios/terrads_fe63ed1b9cd6,True,True,0,0,0,0,0,,,,,535.0,3629.0,15.0,26.0,5.0
terrads_ad03c8145da7,Zenodo/TerraDS,iac_benchmark/scenarios/terrads_ad03c8145da7,True,True,0,0,0,0,0,,,,,436.0,3725.0,13.0,17.0,5.0
terrads_fe71bd724e91,Zenodo/TerraDS,iac_benchmark/scenarios/terrads_fe71bd724e91,True,True,0,0,0,0,0,,,,,735.0,6310.0,48.0,4.0,5.0
gh_1aebeb76,antonputra/tutorials,iac_benchmark/scenarios/gh_1aebeb76,True,True,0,0,0,0,0,,,,,567.0,3878.0,39.0,0.0,5.0
terrads_fc10013ff6c4,Zenodo/TerraDS,iac_benchmark/scenarios/terrads_fc10013ff6c4,True,True,0,0,0,0,0,,,,,684.0,4542.0,25.0,15.0,5.0
terrads_eb71f5f6f73e,Zenodo/TerraDS,iac_benchmark/scenarios/terrads_eb71f5f6f73e,True,True,0,0,0,0,0,,,,,639.0,4008.0,33.0,45.0,5.0
terrads_5dee1e6afaf8,Zenodo/TerraDS,iac_benchmark/scenarios/terrads_5dee1e6afaf8,True,True,0,0,0,0,0,,,,,539.0,4295.0,12.0,17.0,5.0
gh_1b88b00f,Tianyi2/IRIS,iac_benchmark/scenarios/gh_1b88b00f,True,True,0,0,0,0,0,,,,,548.0,4088.0,27.0,4.0,5.0
terrads_883e5ac11a6a,Zenodo/TerraDS,iac_benchmark/scenarios/terrads_883e5ac11a6a,True,True,0,0,0,0,0,,,,,708.0,4503.0,51.0,11.0,5.0
terrads_516c5aa81148,Zenodo/TerraDS,iac_benchmark/scenarios/terrads_516c5aa81148,True,True,0,0,0,0,0,,,,,612.0,4148.0,17.0,33.0,5.0
terrads_6a5365945925,Zenodo/TerraDS,iac_benchmark/scenarios/terrads_6a5365945925,True,True,0,0,0,0,0,,,,,574.0,4601.0,33.0,18.0,5.0
terrads_0c4ffa3ca83b,Zenodo/TerraDS,iac_benchmark/scenarios/terrads_0c4ffa3ca83b,True,True,0,0,0,0,0,,,,,556.0,4023.0,28.0,18.0,5.0
terrads_a17636c45071,Zenodo/TerraDS,iac_benchmark/scenarios/terrads_a17636c45071,True,True,0,0,0,0,0,,,,,728.0,4893.0,25.0,1.0,5.0
terrads_beef73ad44c3,Zenodo/TerraDS,iac_benchmark/scenarios/terrads_beef73ad44c3,True,True,0,0,0,0,0,,,,,533.0,4070.0,29.0,8.0,5.0
terrads_09c79df7932b,Zenodo/TerraDS,iac_benchmark/scenarios/terrads_09c79df7932b,True,True,0,0,0,0,0,,,,,463.0,2858.0,16.0,14.0,5.0
terrads_ccc81e80486f,Zenodo/TerraDS,iac_benchmark/scenarios/terrads_ccc81e80486f,True,True,0,0,0,0,0,,,,,910.0,5707.0,41.0,13.0,5.0
terrads_f77ba7bdf3a6,Zenodo/TerraDS,iac_benchmark/scenarios/terrads_f77ba7bdf3a6,True,True,0,0,0,0,0,,,,,462.0,3592.0,17.0,10.0,5.0
gh_8538a02e,Tianyi2/IRIS,iac_benchmark/scenarios/gh_8538a02e,True,True,0,0,0,0,0,,,,,523.0,3826.0,17.0,19.0,5.0
terrads_af7629aa9746,Zenodo/TerraDS,iac_benchmark/scenarios/terrads_af7629aa9746,True,True,0,0,0,0,0,,,,,735.0,7126.0,19.0,19.0,5.0
terrads_8b4e746230c0,Zenodo/TerraDS,iac_benchmark/scenarios/terrads_8b4e746230c0,True,True,0,0,0,0,0,,,,,416.0,3720.0,12.0,22.0,5.0
terrads_e0b438101f3a,Zenodo/TerraDS,iac_benchmark/scenarios/terrads_e0b438101f3a,True,True,0,0,0,0,0,,,,,687.0,4922.0,25.0,35.0,5.0
terrads_2ed9be1222f3,Zenodo/TerraDS,iac_benchmark/scenarios/terrads_2ed9be1222f3,True,True,0,0,0,0,0,,,,,659.0,4732.0,40.0,12.0,5.0
terrads_ba62c42de642,Zenodo/TerraDS,iac_benchmark/scenarios/terrads_ba62c42de642,True,True,0,0,0,0,0,,,,,610.0,5497.0,15.0,1.0,5.0
terrads_f0ea35a5d2e0,Zenodo/TerraDS,iac_benchmark/scenarios/terrads_f0ea35a5d2e0,True,True,0,0,0,0,0,,,,,418.0,2851.0,21.0,15.0,5.0
terrads_dfb26acad354,Zenodo/TerraDS,iac_benchmark/scenarios/terrads_dfb26acad354,True,True,0,0,0,0,0,,,,,882.0,5916.0,30.0,31.0,5.0
terrads_fe97fc1d8d97,Zenodo/TerraDS,iac_benchmark/scenarios/terrads_fe97fc1d8d97,True,True,0,0,0,0,0,,,,,564.0,3880.0,12.0,34.0,5.0
gh_b80fa182,Tianyi2/IRIS,iac_benchmark/scenarios/gh_b80fa182,True,True,0,0,0,0,0,,,,,511.0,4093.0,16.0,12.0,5.0
terrads_c43b8d0dc1da,Zenodo/TerraDS,iac_benchmark/scenarios/terrads_c43b8d0dc1da,True,True,0,0,0,0,0,,,,,437.0,2948.0,24.0,9.0,5.0
terrads_295f72bb9257,Zenodo/TerraDS,iac_benchmark/scenarios/terrads_295f72bb9257,True,True,0,0,0,0,0,,,,,441.0,2876.0,19.0,2.0,5.0
terrads_49af183743c2,Zenodo/TerraDS,iac_benchmark/scenarios/terrads_49af183743c2,True,True,0,0,0,0,0,,,,,824.0,6145.0,50.0,1.0,5.0
terrads_a1ba241dcbe8,Zenodo/TerraDS,iac_benchmark/scenarios/terrads_a1ba241dcbe8,True,True,0,0,0,0,0,,,,,567.0,3878.0,39.0,0.0,5.0
terrads_3c0a5bda677d,Zenodo/TerraDS,iac_benchmark/scenarios/terrads_3c0a5bda677d,True,True,0,0,0,0,0,,,,,769.0,5608.0,30.0,9.0,5.0
terrads_2c8ec19e87d1,Zenodo/TerraDS,iac_benchmark/scenarios/terrads_2c8ec19e87d1,True,True,0,0,0,0,0,,,,,452.0,3046.0,28.0,2.0,5.0
terrads_1c60dbd7df72,Zenodo/TerraDS,iac_benchmark/scenarios/terrads_1c60dbd7df72,True,True,0,0,0,0,0,,,,,966.0,6174.0,41.0,38.0,5.0
terrads_2caec699e2e2,Zenodo/TerraDS,iac_benchmark/scenarios/terrads_2caec699e2e2,True,True,0,0,0,0,0,,,,,513.0,3545.0,26.0,15.0,5.0
terrads_c223960f4ced,Zenodo/TerraDS,iac_benchmark/scenarios/terrads_c223960f4ced,True,True,0,0,0,0,0,,,,,741.0,5019.0,26.0,1.0,5.0
terrads_7306dda46429,Zenodo/TerraDS,iac_benchmark/scenarios/terrads_7306dda46429,True,True,0,0,0,0,0,,,,,882.0,5914.0,31.0,31.0,5.0
terrads_6a3904a493ab,Zenodo/TerraDS,iac_benchmark/scenarios/terrads_6a3904a493ab,True,True,0,0,0,0,0,,,,,878.0,6107.0,45.0,18.0,5.0
terrads_5cfb97e70644,Zenodo/TerraDS,iac_benchmark/scenarios/terrads_5cfb97e70644,True,True,0,0,0,0,0,,,,,741.0,5019.0,26.0,1.0,5.0
terrads_38b5fd35337f,Zenodo/TerraDS,iac_benchmark/scenarios/terrads_38b5fd35337f,True,True,0,0,0,0,0,,,,,1072.0,6822.0,32.0,38.0,5.0
terrads_989a8d4f8d85,Zenodo/TerraDS,iac_benchmark/scenarios/terrads_989a8d4f8d85,True,True,0,0,0,0,0,,,,,537.0,3579.0,22.0,10.0,5.0
terrads_6065caea41c1,Zenodo/TerraDS,iac_benchmark/scenarios/terrads_6065caea41c1,True,True,0,0,0,0,0,,,,,450.0,3047.0,16.0,5.0,5.0
terrads_2e11d77f569a,Zenodo/TerraDS,iac_benchmark/scenarios/terrads_2e11d77f569a,True,True,0,0,0,0,0,,,,,538.0,4610.0,19.0,16.0,5.0
terrads_2a2e6e2f43a2,Zenodo/TerraDS,iac_benchmark/scenarios/terrads_2a2e6e2f43a2,True,True,0,0,0,0,0,,,,,565.0,4001.0,25.0,1.0,5.0
terrads_588f0f5313b5,Zenodo/TerraDS,iac_benchmark/scenarios/terrads_588f0f5313b5,True,True,0,0,0,0,0,,,,,634.0,4217.0,30.0,6.0,5.0
terrads_adae6b931906,Zenodo/TerraDS,iac_benchmark/scenarios/terrads_adae6b931906,True,True,0,0,0,0,0,,,,,603.0,4656.0,15.0,36.0,5.0
terrads_28e3b2276c00,Zenodo/TerraDS,iac_benchmark/scenarios/terrads_28e3b2276c00,True,True,0,0,0,0,0,,,,,815.0,7411.0,31.0,51.0,5.0
terrads_889aabc64040,Zenodo/TerraDS,iac_benchmark/scenarios/terrads_889aabc64040,True,True,0,0,0,0,0,,,,,733.0,4942.0,25.0,1.0,5.0
terrads_2353179fd8e6,Zenodo/TerraDS,iac_benchmark/scenarios/terrads_2353179fd8e6,True,True,0,0,0,0,0,,,,,473.0,3616.0,12.0,21.0,5.0
terrads_dc7c461dde33,Zenodo/TerraDS,iac_benchmark/scenarios/terrads_dc7c461dde33,True,True,0,0,0,0,0,,,,,675.0,4900.0,20.0,34.0,5.0
terrads_55d6f3a2d62e,Zenodo/TerraDS,iac_benchmark/scenarios/terrads_55d6f3a2d62e,True,True,0,0,0,0,0,,,,,629.0,4928.0,18.0,14.0,5.0
terrads_057c2cafe9e7,Zenodo/TerraDS,iac_benchmark/scenarios/terrads_057c2cafe9e7,True,True,0,0,0,0,0,,,,,411.0,2550.0,15.0,17.0,5.0
terrads_797b14381a40,Zenodo/TerraDS,iac_benchmark/scenarios/terrads_797b14381a40,True,True,0,0,0,0,0,,,,,428.0,3497.0,15.0,17.0,5.0
terrads_01b6a799a26f,Zenodo/TerraDS,iac_benchmark/scenarios/terrads_01b6a799a26f,True,True,0,0,0,0,0,,,,,609.0,4133.0,15.0,7.0,5.0
terrads_d6ba7f2f2281,Zenodo/TerraDS,iac_benchmark/scenarios/terrads_d6ba7f2f2281,True,True,0,0,0,0,0,,,,,642.0,4162.0,23.0,25.0,5.0
terrads_af76b648bbe3,Zenodo/TerraDS,iac_benchmark/scenarios/terrads_af76b648bbe3,True,True,0,0,0,0,0,,,,,509.0,4169.0,25.0,12.0,5.0
terrads_8294b0b39b83,Zenodo/TerraDS,iac_benchmark/scenarios/terrads_8294b0b39b83,True,True,0,0,0,0,0,,,,,882.0,5914.0,31.0,31.0,5.0
terrads_3a793ee32656,Zenodo/TerraDS,iac_benchmark/scenarios/terrads_3a793ee32656,True,True,0,0,0,0,0,,,,,618.0,4155.0,18.0,16.0,5.0
terrads_90589bb85a20,Zenodo/TerraDS,iac_benchmark/scenarios/terrads_90589bb85a20,True,True,0,0,0,0,0,,,,,521.0,3291.0,18.0,10.0,5.0
terrads_b74e12a9b8e4,Zenodo/TerraDS,iac_benchmark/scenarios/terrads_b74e12a9b8e4,True,True,0,0,0,0,0,,,,,879.0,6304.0,12.0,30.0,5.0
terrads_fa8720ff95db,Zenodo/TerraDS,iac_benchmark/scenarios/terrads_fa8720ff95db,True,True,0,0,0,0,0,,,,,854.0,7725.0,65.0,23.0,5.0
terrads_0e8e1fa03a0a,Zenodo/TerraDS,iac_benchmark/scenarios/terrads_0e8e1fa03a0a,True,True,0,0,0,0,0,,,,,781.0,6383.0,35.0,13.0,5.0
terrads_e4a6fb67317f,Zenodo/TerraDS,iac_benchmark/scenarios/terrads_e4a6fb67317f,True,True,0,0,0,0,0,,,,,552.0,3539.0,16.0,18.0,5.0
terrads_62a770010985,Zenodo/TerraDS,iac_benchmark/scenarios/terrads_62a770010985,True,True,0,0,0,0,0,,,,,1088.0,7848.0,51.0,7.0,5.0
gh_40ebb39a,antonputra/tutorials,iac_benchmark/scenarios/gh_40ebb39a,True,True,0,0,0,0,0,,,,,462.0,2859.0,26.0,0.0,5.0
terrads_ee0c49d2ac16,Zenodo/TerraDS,iac_benchmark/scenarios/terrads_ee0c49d2ac16,True,True,0,0,0,0,0,,,,,568.0,4585.0,16.0,17.0,5.0
terrads_fb036b8d2400,Zenodo/TerraDS,iac_benchmark/scenarios/terrads_fb036b8d2400,True,True,0,0,0,0,0,,,,,493.0,3238.0,23.0,6.0,5.0
gh_bb69e458,Tianyi2/IRIS,iac_benchmark/scenarios/gh_bb69e458,True,True,0,0,0,0,0,,,,,1190.0,7405.0,24.0,2.0,5.0
terrads_aee0af0043a2,Zenodo/TerraDS,iac_benchmark/scenarios/terrads_aee0af0043a2,True,True,0,0,0,0,0,,,,,493.0,3490.0,33.0,16.0,5.0
terrads_adbfb5db06d6,Zenodo/TerraDS,iac_benchmark/scenarios/terrads_adbfb5db06d6,True,True,0,0,0,0,0,,,,,649.0,4812.0,27.0,2.0,5.0
terrads_c8c4d41661da,Zenodo/TerraDS,iac_benchmark/scenarios/terrads_c8c4d41661da,True,True,0,0,0,0,0,,,,,545.0,3328.0,19.0,16.0,5.0
terrads_4028251304cf,Zenodo/TerraDS,iac_benchmark/scenarios/terrads_4028251304cf,True,True,0,0,0,0,0,,,,,456.0,3087.0,33.0,0.0,5.0
terrads_a25f35d29043,Zenodo/TerraDS,iac_benchmark/scenarios/terrads_a25f35d29043,True,True,0,0,0,0,0,,,,,580.0,4584.0,21.0,10.0,5.0
terrads_60262f9b781f,Zenodo/TerraDS,iac_benchmark/scenarios/terrads_60262f9b781f,True,True,0,0,0,0,0,,,,,477.0,3685.0,33.0,0.0,5.0
terrads_ca27c9efc6c0,Zenodo/TerraDS,iac_benchmark/scenarios/terrads_ca27c9efc6c0,True,True,0,0,0,0,0,,,,,714.0,4598.0,20.0,20.0,5.0
terrads_83e65a049250,Zenodo/TerraDS,iac_benchmark/scenarios/terrads_83e65a049250,True,True,0,0,0,0,0,,,,,610.0,4137.0,28.0,2.0,5.0
terrads_6830a0a5ed08,Zenodo/TerraDS,iac_benchmark/scenarios/terrads_6830a0a5ed08,True,True,0,0,0,0,0,,,,,785.0,5759.0,43.0,47.0,5.0
terrads_5f9ff589c7e0,Zenodo/TerraDS,iac_benchmark/scenarios/terrads_5f9ff589c7e0,True,True,0,0,0,0,0,,,,,527.0,3790.0,35.0,10.0,5.0
terrads_8a0c51826623,Zenodo/TerraDS,iac_benchmark/scenarios/terrads_8a0c51826623,True,True,0,0,0,0,0,,,,,850.0,5777.0,14.0,14.0,5.0
terrads_97afdd3f91f3,Zenodo/TerraDS,iac_benchmark/scenarios/terrads_97afdd3f91f3,True,True,0,0,0,0,0,,,,,432.0,2673.0,28.0,0.0,5.0
terrads_caa3d82aca64,Zenodo/TerraDS,iac_benchmark/scenarios/terrads_caa3d82aca64,True,True,0,0,0,0,0,,,,,440.0,2756.0,18.0,8.0,5.0
terrads_d6880578e71d,Zenodo/TerraDS,iac_benchmark/scenarios/terrads_d6880578e71d,True,True,0,0,0,0,0,,,,,988.0,5896.0,44.0,6.0,5.0
terrads_8370f70d1e49,Zenodo/TerraDS,iac_benchmark/scenarios/terrads_8370f70d1e49,True,True,0,0,0,0,0,,,,,882.0,5916.0,29.0,31.0,5.0
terrads_fd7953cacdcb,Zenodo/TerraDS,iac_benchmark/scenarios/terrads_fd7953cacdcb,True,True,0,0,0,0,0,,,,,729.0,4903.0,25.0,1.0,5.0
terrads_7381bf7feb48,Zenodo/TerraDS,iac_benchmark/scenarios/terrads_7381bf7feb48,True,True,0,0,0,0,0,,,,,435.0,3000.0,19.0,30.0,5.0
terrads_9352813c9aac,Zenodo/TerraDS,iac_benchmark/scenarios/terrads_9352813c9aac,True,True,0,0,0,0,0,,,,,493.0,2850.0,16.0,11.0,5.0
terrads_c23a1849d754,Zenodo/TerraDS,iac_benchmark/scenarios/terrads_c23a1849d754,True,True,0,0,0,0,0,,,,,547.0,4099.0,22.0,11.0,5.0
terrads_6380123aa8c1,Zenodo/TerraDS,iac_benchmark/scenarios/terrads_6380123aa8c1,True,True,0,0,0,0,0,,,,,727.0,5152.0,27.0,29.0,5.0
terrads_971031cf4a1a,Zenodo/TerraDS,iac_benchmark/scenarios/terrads_971031cf4a1a,True,True,0,0,0,0,0,,,,,467.0,3560.0,21.0,5.0,5.0
terrads_0f88e77c1572,Zenodo/TerraDS,iac_benchmark/scenarios/terrads_0f88e77c1572,True,True,0,0,0,0,0,,,,,563.0,3915.0,35.0,0.0,5.0
terrads_3e1b2ac863db,Zenodo/TerraDS,iac_benchmark/scenarios/terrads_3e1b2ac863db,True,True,0,0,0,0,0,,,,,687.0,5315.0,32.0,13.0,5.0
terrads_6131ae16fbc2,Zenodo/TerraDS,iac_benchmark/scenarios/terrads_6131ae16fbc2,True,True,0,0,0,0,0,,,,,553.0,3833.0,31.0,2.0,5.0
terrads_eb09fbb55c2d,Zenodo/TerraDS,iac_benchmark/scenarios/terrads_eb09fbb55c2d,True,True,0,0,0,0,0,,,,,592.0,3993.0,24.0,11.0,5.0
terrads_02bf6d771f7f,Zenodo/TerraDS,iac_benchmark/scenarios/terrads_02bf6d771f7f,True,True,0,0,0,0,0,,,,,425.0,2732.0,26.0,0.0,5.0
terrads_3378457f0cd9,Zenodo/TerraDS,iac_benchmark/scenarios/terrads_3378457f0cd9,True,True,0,0,0,0,0,,,,,565.0,4713.0,19.0,38.0,5.0
terrads_32535f76a4fc,Zenodo/TerraDS,iac_benchmark/scenarios/terrads_32535f76a4fc,True,True,0,0,0,0,0,,,,,423.0,2790.0,17.0,9.0,5.0
terrads_d8fbf2cc2194,Zenodo/TerraDS,iac_benchmark/scenarios/terrads_d8fbf2cc2194,True,True,0,0,0,0,0,,,,,431.0,3015.0,22.0,10.0,5.0
terrads_5c354ad89fe0,Zenodo/TerraDS,iac_benchmark/scenarios/terrads_5c354ad89fe0,True,True,0,0,0,0,0,,,,,975.0,7282.0,58.0,2.0,5.0
terrads_9fc5569fb2f6,Zenodo/TerraDS,iac_benchmark/scenarios/terrads_9fc5569fb2f6,True,True,0,0,0,0,0,,,,,402.0,2727.0,17.0,6.0,5.0
terrads_c64eaff3ccfd,Zenodo/TerraDS,iac_benchmark/scenarios/terrads_c64eaff3ccfd,True,True,0,0,0,0,0,,,,,651.0,4694.0,27.0,16.0,5.0
terrads_296bb3267b19,Zenodo/TerraDS,iac_benchmark/scenarios/terrads_296bb3267b19,True,True,0,0,0,0,0,,,,,840.0,6015.0,14.0,40.0,5.0
terrads_f84f4a619b1b,Zenodo/TerraDS,iac_benchmark/scenarios/terrads_f84f4a619b1b,True,True,0,0,0,0,0,,,,,489.0,3632.0,25.0,0.0,5.0
terrads_e372c1d0f710,Zenodo/TerraDS,iac_benchmark/scenarios/terrads_e372c1d0f710,True,True,0,0,0,0,0,,,,,433.0,2390.0,19.0,14.0,5.0
terrads_cc093993ad24,Zenodo/TerraDS,iac_benchmark/scenarios/terrads_cc093993ad24,True,True,0,0,0,0,0,,,,,405.0,2050.0,13.0,17.0,5.0
terrads_e9b780bb3713,Zenodo/TerraDS,iac_benchmark/scenarios/terrads_e9b780bb3713,True,True,0,0,0,0,0,,,,,418.0,3028.0,15.0,8.0,5.0
terrads_17b2f74528df,Zenodo/TerraDS,iac_benchmark/scenarios/terrads_17b2f74528df,True,True,0,0,0,0,0,,,,,563.0,3915.0,35.0,0.0,5.0
terrads_779112aa3c7e,Zenodo/TerraDS,iac_benchmark/scenarios/terrads_779112aa3c7e,True,True,0,0,0,0,0,,,,,441.0,3894.0,12.0,0.0,5.0
terrads_2111726cdfa1,Zenodo/TerraDS,iac_benchmark/scenarios/terrads_2111726cdfa1,True,True,0,0,0,0,0,,,,,444.0,2877.0,19.0,2.0,5.0
terrads_3fd65168d071,Zenodo/TerraDS,iac_benchmark/scenarios/terrads_3fd65168d071,True,True,0,0,0,0,0,,,,,441.0,2701.0,28.0,0.0,5.0
terrads_50381f5f9d86,Zenodo/TerraDS,iac_benchmark/scenarios/terrads_50381f5f9d86,True,True,0,0,0,0,0,,,,,639.0,4008.0,33.0,45.0,5.0
terrads_079b1906c892,Zenodo/TerraDS,iac_benchmark/scenarios/terrads_079b1906c892,True,True,0,0,0,0,0,,,,,457.0,3214.0,24.0,13.0,5.0
terrads_c32dd46f4923,Zenodo/TerraDS,iac_benchmark/scenarios/terrads_c32dd46f4923,True,True,0,0,0,0,0,,,,,524.0,3527.0,20.0,7.0,5.0
terrads_194e03801e9f,Zenodo/TerraDS,iac_benchmark/scenarios/terrads_194e03801e9f,True,True,0,0,0,0,0,,,,,574.0,3520.0,16.0,24.0,5.0
terrads_047dbf153bf3,Zenodo/TerraDS,iac_benchmark/scenarios/terrads_047dbf153bf3,True,True,0,0,0,0,0,,,,,882.0,5914.0,31.0,31.0,5.0
terrads_2a1be736302f,Zenodo/TerraDS,iac_benchmark/scenarios/terrads_2a1be736302f,True,True,0,0,0,0,0,,,,,555.0,3500.0,21.0,0.0,5.0
terrads_932f68c895c2,Zenodo/TerraDS,iac_benchmark/scenarios/terrads_932f68c895c2,True,True,0,0,0,0,0,,,,,575.0,4201.0,39.0,8.0,5.0
terrads_b8ae7493ea13,Zenodo/TerraDS,iac_benchmark/scenarios/terrads_b8ae7493ea13,True,True,0,0,0,0,0,,,,,629.0,4874.0,28.0,0.0,5.0
terrads_ba51e3183559,Zenodo/TerraDS,iac_benchmark/scenarios/terrads_ba51e3183559,True,True,0,0,0,0,0,,,,,524.0,3645.0,15.0,10.0,5.0
terrads_414fde6a6fbb,Zenodo/TerraDS,iac_benchmark/scenarios/terrads_414fde6a6fbb,True,True,0,0,0,0,0,,,,,416.0,3103.0,22.0,4.0,5.0
terrads_ff7d59b0d93c,Zenodo/TerraDS,iac_benchmark/scenarios/terrads_ff7d59b0d93c,True,True,0,0,0,0,0,,,,,778.0,6322.0,36.0,27.0,5.0
terrads_862e80845f96,Zenodo/TerraDS,iac_benchmark/scenarios/terrads_862e80845f96,True,True,0,0,0,0,0,,,,,870.0,6867.0,39.0,37.0,5.0
terrads_14931f15f115,Zenodo/TerraDS,iac_benchmark/scenarios/terrads_14931f15f115,True,True,0,0,0,0,0,,,,,588.0,4196.0,24.0,9.0,5.0
terrads_2abc2bf92c6f,Zenodo/TerraDS,iac_benchmark/scenarios/terrads_2abc2bf92c6f,True,True,0,0,0,0,0,,,,,468.0,3345.0,28.0,13.0,5.0
terrads_160858a33eca,Zenodo/TerraDS,iac_benchmark/scenarios/terrads_160858a33eca,True,True,0,0,0,0,0,,,,,630.0,5005.0,12.0,32.0,5.0
terrads_d68dccbe43ea,Zenodo/TerraDS,iac_benchmark/scenarios/terrads_d68dccbe43ea,True,True,0,0,0,0,0,,,,,681.0,4908.0,31.0,18.0,5.0
terrads_a498b4ac194e,Zenodo/TerraDS,iac_benchmark/scenarios/terrads_a498b4ac194e,True,True,0,0,0,0,0,,,,,412.0,3070.0,12.0,9.0,5.0
terrads_bb33b0b11660,Zenodo/TerraDS,iac_benchmark/scenarios/terrads_bb33b0b11660,True,True,0,0,0,0,0,,,,,600.0,4378.0,25.0,23.0,5.0
terrads_90ed9da6f88a,Zenodo/TerraDS,iac_benchmark/scenarios/terrads_90ed9da6f88a,True,True,0,0,0,0,0,,,,,474.0,3290.0,13.0,28.0,5.0
terrads_fa726956b110,Zenodo/TerraDS,iac_benchmark/scenarios/terrads_fa726956b110,True,True,0,0,0,0,0,,,,,440.0,2756.0,18.0,8.0,5.0
terrads_ddb60688d5dd,Zenodo/TerraDS,iac_benchmark/scenarios/terrads_ddb60688d5dd,True,True,0,0,0,0,0,,,,,707.0,4754.0,29.0,17.0,5.0
terrads_d1d609cd13ff,Zenodo/TerraDS,iac_benchmark/scenarios/terrads_d1d609cd13ff,True,True,0,0,0,0,0,,,,,987.0,5934.0,44.0,6.0,5.0
terrads_f794f4e4c556,Zenodo/TerraDS,iac_benchmark/scenarios/terrads_f794f4e4c556,True,True,0,0,0,0,0,,,,,477.0,2860.0,26.0,16.0,5.0
terrads_2781228e6536,Zenodo/TerraDS,iac_benchmark/scenarios/terrads_2781228e6536,True,True,0,0,0,0,0,,,,,933.0,6111.0,44.0,20.0,5.0
terrads_6f6d8c19b895,Zenodo/TerraDS,iac_benchmark/scenarios/terrads_6f6d8c19b895,True,True,0,0,0,0,0,,,,,544.0,3674.0,29.0,7.0,5.0
terrads_43e084ef20a6,Zenodo/TerraDS,iac_benchmark/scenarios/terrads_43e084ef20a6,True,True,0,0,0,0,0,,,,,444.0,2877.0,19.0,2.0,5.0
terrads_e56e1d482a7f,Zenodo/TerraDS,iac_benchmark/scenarios/terrads_e56e1d482a7f,True,True,0,0,0,0,0,,,,,688.0,4860.0,26.0,7.0,5.0
terrads_7bb67acddb48,Zenodo/TerraDS,iac_benchmark/scenarios/terrads_7bb67acddb48,True,True,0,0,0,0,0,,,,,540.0,3525.0,25.0,16.0,5.0
terrads_c0c0e36f0db2,Zenodo/TerraDS,iac_benchmark/scenarios/terrads_c0c0e36f0db2,True,True,0,0,0,0,0,,,,,592.0,4676.0,16.0,34.0,5.0
terrads_783fc6ec9be1,Zenodo/TerraDS,iac_benchmark/scenarios/terrads_783fc6ec9be1,True,True,0,0,0,0,0,,,,,528.0,3644.0,16.0,30.0,5.0
terrads_adf831d0040b,Zenodo/TerraDS,iac_benchmark/scenarios/terrads_adf831d0040b,True,True,0,0,0,0,0,,,,,629.0,4518.0,17.0,24.0,5.0
terrads_255149b7c6d0,Zenodo/TerraDS,iac_benchmark/scenarios/terrads_255149b7c6d0,True,True,0,0,0,0,0,,,,,1077.0,7958.0,38.0,3.0,5.0
terrads_571269166bae,Zenodo/TerraDS,iac_benchmark/scenarios/terrads_571269166bae,True,True,0,0,0,0,0,,,,,730.0,4903.0,25.0,1.0,5.0
terrads_1d627fc5999b,Zenodo/TerraDS,iac_benchmark/scenarios/terrads_1d627fc5999b,True,True,0,0,0,0,0,,,,,403.0,2873.0,12.0,16.0,5.0
terrads_716aad38c19a,Zenodo/TerraDS,iac_benchmark/scenarios/terrads_716aad38c19a,True,True,0,0,0,0,0,,,,,937.0,6948.0,36.0,43.0,5.0
terrads_c0da69d95c77,Zenodo/TerraDS,iac_benchmark/scenarios/terrads_c0da69d95c77,True,True,0,0,0,0,0,,,,,723.0,5181.0,26.0,19.0,5.0
terrads_7e5b51c13e80,Zenodo/TerraDS,iac_benchmark/scenarios/terrads_7e5b51c13e80,True,True,0,0,0,0,0,,,,,649.0,4340.0,62.0,62.0,5.0
terrads_0fc46dec58fc,Zenodo/TerraDS,iac_benchmark/scenarios/terrads_0fc46dec58fc,True,True,0,0,0,0,0,,,,,520.0,3422.0,16.0,12.0,5.0
terrads_ea06457e8006,Zenodo/TerraDS,iac_benchmark/scenarios/terrads_ea06457e8006,True,True,0,0,0,0,0,,,,,734.0,4903.0,25.0,1.0,5.0
terrads_fa9a683411a8,Zenodo/TerraDS,iac_benchmark/scenarios/terrads_fa9a683411a8,True,True,0,0,0,0,0,,,,,555.0,3429.0,16.0,30.0,5.0
terrads_8e8bfdc7e86a,Zenodo/TerraDS,iac_benchmark/scenarios/terrads_8e8bfdc7e86a,True,True,0,0,0,0,0,,,,,434.0,2918.0,22.0,0.0,5.0
terrads_070f3449a62a,Zenodo/TerraDS,iac_benchmark/scenarios/terrads_070f3449a62a,True,True,0,0,0,0,0,,,,,1021.0,7514.0,54.0,7.0,5.0
terrads_68a3587c307e,Zenodo/TerraDS,iac_benchmark/scenarios/terrads_68a3587c307e,True,True,0,0,0,0,0,,,,,455.0,3106.0,19.0,0.0,5.0
terrads_9ba1fac9cfab,Zenodo/TerraDS,iac_benchmark/scenarios/terrads_9ba1fac9cfab,True,True,0,0,0,0,0,,,,,412.0,5473.0,23.0,1.0,5.0
terrads_39cbce3859c1,Zenodo/TerraDS,iac_benchmark/scenarios/terrads_39cbce3859c1,True,True,0,0,0,0,0,,,,,415.0,3004.0,24.0,0.0,5.0
terrads_c4243630fe32,Zenodo/TerraDS,iac_benchmark/scenarios/terrads_c4243630fe32,True,True,0,0,0,0,0,,,,,575.0,4376.0,31.0,1.0,5.0
terrads_dd3b25f0d05c,Zenodo/TerraDS,iac_benchmark/scenarios/terrads_dd3b25f0d05c,True,True,0,0,0,0,0,,,,,433.0,2656.0,13.0,14.0,5.0
terrads_181acdcc23f7,Zenodo/TerraDS,iac_benchmark/scenarios/terrads_181acdcc23f7,True,True,0,0,0,0,0,,,,,600.0,4400.0,31.0,20.0,5.0
terrads_6284a4056ebc,Zenodo/TerraDS,iac_benchmark/scenarios/terrads_6284a4056ebc,True,True,0,0,0,0,0,,,,,475.0,4065.0,14.0,16.0,5.0
terrads_3dbea3f3b159,Zenodo/TerraDS,iac_benchmark/scenarios/terrads_3dbea3f3b159,True,True,0,0,0,0,0,,,,,424.0,2854.0,26.0,10.0,5.0
terrads_ef6ae713a481,Zenodo/TerraDS,iac_benchmark/scenarios/terrads_ef6ae713a481,True,True,0,0,0,0,0,,,,,432.0,3529.0,30.0,5.0,5.0
terrads_fc9c357aca32,Zenodo/TerraDS,iac_benchmark/scenarios/terrads_fc9c357aca32,True,True,0,0,0,0,0,,,,,842.0,6766.0,42.0,0.0,5.0
terrads_eaa091cab12d,Zenodo/TerraDS,iac_benchmark/scenarios/terrads_eaa091cab12d,True,True,0,0,0,0,0,,,,,812.0,6047.0,39.0,19.0,5.0
terrads_a418dd0d7aad,Zenodo/TerraDS,iac_benchmark/scenarios/terrads_a418dd0d7aad,True,True,0,0,0,0,0,,,,,462.0,2859.0,26.0,0.0,5.0
terrads_5aaa2fadca99,Zenodo/TerraDS,iac_benchmark/scenarios/terrads_5aaa2fadca99,True,True,0,0,0,0,0,,,,,400.0,2596.0,22.0,5.0,5.0
terrads_edcd5282dcc3,Zenodo/TerraDS,iac_benchmark/scenarios/terrads_edcd5282dcc3,True,True,0,0,0,0,0,,,,,734.0,4903.0,25.0,1.0,5.0
terrads_a56e9b54a8f4,Zenodo/TerraDS,iac_benchmark/scenarios/terrads_a56e9b54a8f4,True,True,0,0,0,0,0,,,,,823.0,6848.0,38.0,6.0,5.0
terrads_f2074a54d08d,Zenodo/TerraDS,iac_benchmark/scenarios/terrads_f2074a54d08d,True,True,0,0,0,0,0,,,,,650.0,4078.0,16.0,53.0,5.0
terrads_a94b7b3cbb15,Zenodo/TerraDS,iac_benchmark/scenarios/terrads_a94b7b3cbb15,True,True,0,0,0,0,0,,,,,899.0,6465.0,46.0,0.0,5.0
terrads_a27a37865879,Zenodo/TerraDS,iac_benchmark/scenarios/terrads_a27a37865879,True,True,0,0,0,0,0,,,,,610.0,4023.0,35.0,0.0,5.0
terrads_4619971a02ce,Zenodo/TerraDS,iac_benchmark/scenarios/terrads_4619971a02ce,True,True,0,0,0,0,0,,,,,741.0,5417.0,19.0,34.0,5.0
terrads_ccf4eb91dadd,Zenodo/TerraDS,iac_benchmark/scenarios/terrads_ccf4eb91dadd,True,True,0,0,0,0,0,,,,,643.0,4990.0,12.0,41.0,5.0
terrads_17f57b9f8e08,Zenodo/TerraDS,iac_benchmark/scenarios/terrads_17f57b9f8e08,True,True,0,0,0,0,0,,,,,441.0,2876.0,19.0,2.0,5.0
terrads_449c9fd85272,Zenodo/TerraDS,iac_benchmark/scenarios/terrads_449c9fd85272,True,True,0,0,0,0,0,,,,,719.0,6428.0,46.0,4.0,5.0
terrads_566b32fa8060,Zenodo/TerraDS,iac_benchmark/scenarios/terrads_566b32fa8060,True,True,0,0,0,0,0,,,,,567.0,3878.0,39.0,0.0,5.0
terrads_aa739a8a89f7,Zenodo/TerraDS,iac_benchmark/scenarios/terrads_aa739a8a89f7,True,True,0,0,0,0,0,,,,,883.0,5918.0,31.0,31.0,5.0
terrads_ff84e12689b8,Zenodo/TerraDS,iac_benchmark/scenarios/terrads_ff84e12689b8,True,True,0,0,0,0,0,,,,,433.0,2816.0,23.0,0.0,5.0
terrads_00adb0862301,Zenodo/TerraDS,iac_benchmark/scenarios/terrads_00adb0862301,True,True,0,0,0,0,0,,,,,497.0,3962.0,15.0,7.0,5.0
terrads_e641fb65ecee,Zenodo/TerraDS,iac_benchmark/scenarios/terrads_e641fb65ecee,True,True,0,0,0,0,0,,,,,518.0,3467.0,31.0,0.0,5.0
terrads_b96b55f4d505,Zenodo/TerraDS,iac_benchmark/scenarios/terrads_b96b55f4d505,True,True,0,0,0,0,0,,,,,477.0,2837.0,17.0,22.0,5.0
terrads_2ef776761c5e,Zenodo/TerraDS,iac_benchmark/scenarios/terrads_2ef776761c5e,True,True,0,0,0,0,0,,,,,594.0,4182.0,43.0,24.0,5.0
terrads_867eb505458c,Zenodo/TerraDS,iac_benchmark/scenarios/terrads_867eb505458c,True,True,0,0,0,0,0,,,,,954.0,7902.0,13.0,83.0,5.0
gh_60d73c1b,Tianyi2/IRIS,iac_benchmark/scenarios/gh_60d73c1b,True,True,0,0,0,0,0,,,,,658.0,5138.0,19.0,16.0,5.0
terrads_fe836aa932d5,Zenodo/TerraDS,iac_benchmark/scenarios/terrads_fe836aa932d5,True,True,0,0,0,0,0,,,,,435.0,2635.0,27.0,6.0,5.0
terrads_0e9c60de2aa3,Zenodo/TerraDS,iac_benchmark/scenarios/terrads_0e9c60de2aa3,True,True,0,0,0,0,0,,,,,450.0,2802.0,22.0,9.0,5.0
terrads_fc82bbe51d2e,Zenodo/TerraDS,iac_benchmark/scenarios/terrads_fc82bbe51d2e,True,True,0,0,0,0,0,,,,,487.0,4359.0,12.0,35.0,5.0
terrads_b9b1f592baa7,Zenodo/TerraDS,iac_benchmark/scenarios/terrads_b9b1f592baa7,True,True,0,0,0,0,0,,,,,888.0,6173.0,28.0,8.0,5.0
terrads_b4e1bb060f4f,Zenodo/TerraDS,iac_benchmark/scenarios/terrads_b4e1bb060f4f,True,True,0,0,0,0,0,,,,,441.0,3211.0,25.0,0.0,5.0
terrads_e43697720e19,Zenodo/TerraDS,iac_benchmark/scenarios/terrads_e43697720e19,True,True,0,0,0,0,0,,,,,502.0,3209.0,26.0,17.0,5.0
terrads_2c284a914de6,Zenodo/TerraDS,iac_benchmark/scenarios/terrads_2c284a914de6,True,True,0,0,0,0,0,,,,,559.0,3441.0,39.0,9.0,5.0
terrads_4e7707072ebd,Zenodo/TerraDS,iac_benchmark/scenarios/terrads_4e7707072ebd,True,True,0,0,0,0,0,,,,,1083.0,7103.0,42.0,9.0,5.0
terrads_c2e4a813403e,Zenodo/TerraDS,iac_benchmark/scenarios/terrads_c2e4a813403e,True,True,0,0,0,0,0,,,,,412.0,2535.0,27.0,0.0,5.0
terrads_e7fa3ae1fa6a,Zenodo/TerraDS,iac_benchmark/scenarios/terrads_e7fa3ae1fa6a,True,True,0,0,0,0,0,,,,,732.0,4903.0,25.0,1.0,5.0
terrads_1878186df4ce,Zenodo/TerraDS,iac_benchmark/scenarios/terrads_1878186df4ce,True,True,0,0,0,0,0,,,,,412.0,3514.0,14.0,38.0,5.0
terrads_d7dc65dbe041,Zenodo/TerraDS,iac_benchmark/scenarios/terrads_d7dc65dbe041,True,True,0,0,0,0,0,,,,,444.0,2877.0,19.0,2.0,5.0
terrads_a0c2d40802dd,Zenodo/TerraDS,iac_benchmark/scenarios/terrads_a0c2d40802dd,True,True,0,0,0,0,0,,,,,780.0,5728.0,32.0,48.0,5.0
terrads_4cdf47ae726a,Zenodo/TerraDS,iac_benchmark/scenarios/terrads_4cdf47ae726a,True,True,0,0,0,0,0,,,,,455.0,2817.0,18.0,13.0,5.0
terrads_07893d94a304,Zenodo/TerraDS,iac_benchmark/scenarios/terrads_07893d94a304,True,True,0,0,0,0,0,,,,,610.0,4023.0,35.0,0.0,5.0
terrads_a468a2eaa19c,Zenodo/TerraDS,iac_benchmark/scenarios/terrads_a468a2eaa19c,True,True,0,0,0,0,0,,,,,494.0,3506.0,22.0,8.0,5.0
terrads_8a4cde5dc8d6,Zenodo/TerraDS,iac_benchmark/scenarios/terrads_8a4cde5dc8d6,True,True,0,0,0,0,0,,,,,467.0,3987.0,36.0,2.0,5.0
terrads_9af6fb942818,Zenodo/TerraDS,iac_benchmark/scenarios/terrads_9af6fb942818,True,True,0,0,0,0,0,,,,,734.0,4903.0,25.0,1.0,5.0
terrads_2c9bb8804554,Zenodo/TerraDS,iac_benchmark/scenarios/terrads_2c9bb8804554,True,True,0,0,0,0,0,,,,,581.0,3740.0,28.0,20.0,5.0
terrads_9c7ba63160a2,Zenodo/TerraDS,iac_benchmark/scenarios/terrads_9c7ba63160a2,True,True,0,0,0,0,0,,,,,483.0,3400.0,26.0,7.0,5.0
terrads_48c4857dd22f,Zenodo/TerraDS,iac_benchmark/scenarios/terrads_48c4857dd22f,True,True,0,0,0,0,0,,,,,488.0,2999.0,28.0,12.0,5.0
terrads_8ebec7966d20,Zenodo/TerraDS,iac_benchmark/scenarios/terrads_8ebec7966d20,True,True,0,0,0,0,0,,,,,405.0,3086.0,39.0,6.0,5.0
terrads_f0a75817bbeb,Zenodo/TerraDS,iac_benchmark/scenarios/terrads_f0a75817bbeb,True,True,0,0,0,0,0,,,,,476.0,3301.0,34.0,9.0,5.0
terrads_b5aa3fc81074,Zenodo/TerraDS,iac_benchmark/scenarios/terrads_b5aa3fc81074,True,True,0,0,0,0,0,,,,,630.0,4451.0,38.0,8.0,5.0
terrads_b0440542e83f,Zenodo/TerraDS,iac_benchmark/scenarios/terrads_b0440542e83f,True,True,0,0,0,0,0,,,,,605.0,4478.0,42.0,21.0,5.0
terrads_6e0aa0f9a534,Zenodo/TerraDS,iac_benchmark/scenarios/terrads_6e0aa0f9a534,True,True,0,0,0,0,0,,,,,574.0,4089.0,35.0,8.0,5.0
terrads_ea4e54fc373e,Zenodo/TerraDS,iac_benchmark/scenarios/terrads_ea4e54fc373e,True,True,0,0,0,0,0,,,,,411.0,2982.0,23.0,2.0,5.0
terrads_e55dbde0e14b,Zenodo/TerraDS,iac_benchmark/scenarios/terrads_e55dbde0e14b,True,True,0,0,0,0,0,,,,,588.0,4833.0,25.0,6.0,5.0
terrads_f02f749ef1d7,Zenodo/TerraDS,iac_benchmark/scenarios/terrads_f02f749ef1d7,True,True,0,0,0,0,0,,,,,411.0,2567.0,14.0,14.0,5.0
terrads_8fda0d2d1fa8,Zenodo/TerraDS,iac_benchmark/scenarios/terrads_8fda0d2d1fa8,True,True,0,0,0,0,0,,,,,444.0,3420.0,28.0,4.0,5.0
gh_dc11251a,Tianyi2/IRIS,iac_benchmark/scenarios/gh_dc11251a,True,True,0,0,0,0,0,,,,,718.0,5053.0,16.0,39.0,5.0
terrads_3856c428e962,Zenodo/TerraDS,iac_benchmark/scenarios/terrads_3856c428e962,True,True,0,0,0,0,0,,,,,694.0,4883.0,26.0,7.0,5.0
terrads_e86696c2a1c2,Zenodo/TerraDS,iac_benchmark/scenarios/terrads_e86696c2a1c2,True,True,0,0,0,0,0,,,,,739.0,5349.0,17.0,8.0,5.0
terrads_32558cd6a0f7,Zenodo/TerraDS,iac_benchmark/scenarios/terrads_32558cd6a0f7,True,True,0,0,0,0,0,,,,,739.0,5004.0,26.0,1.0,5.0
terrads_2ce86a2da3f9,Zenodo/TerraDS,iac_benchmark/scenarios/terrads_2ce86a2da3f9,True,True,0,0,0,0,0,,,,,535.0,3677.0,35.0,15.0,5.0
terrads_be2721f87a78,Zenodo/TerraDS,iac_benchmark/scenarios/terrads_be2721f87a78,True,True,0,0,0,0,0,,,,,443.0,3430.0,13.0,0.0,5.0
terrads_9694e5361ce0,Zenodo/TerraDS,iac_benchmark/scenarios/terrads_9694e5361ce0,True,True,0,0,0,0,0,,,,,722.0,5872.0,27.0,12.0,5.0
terrads_c282eb70c872,Zenodo/TerraDS,iac_benchmark/scenarios/terrads_c282eb70c872,True,True,0,0,0,0,0,,,,,440.0,2892.0,13.0,15.0,5.0
terrads_f8b62af92483,Zenodo/TerraDS,iac_benchmark/scenarios/terrads_f8b62af92483,True,True,0,0,0,0,0,,,,,417.0,2793.0,22.0,1.0,5.0
terrads_dddd8c547ef3,Zenodo/TerraDS,iac_benchmark/scenarios/terrads_dddd8c547ef3,True,True,0,0,0,0,0,,,,,764.0,5925.0,25.0,9.0,5.0
terrads_757b3cf2069f,Zenodo/TerraDS,iac_benchmark/scenarios/terrads_757b3cf2069f,True,True,0,0,0,0,0,,,,,415.0,3004.0,24.0,0.0,5.0
terrads_8725501d7725,Zenodo/TerraDS,iac_benchmark/scenarios/terrads_8725501d7725,True,True,0,0,0,0,0,,,,,443.0,2946.0,29.0,1.0,5.0
terrads_9f35323c0424,Zenodo/TerraDS,iac_benchmark/scenarios/terrads_9f35323c0424,True,True,0,0,0,0,0,,,,,433.0,2656.0,13.0,14.0,5.0
terrads_705cf0ef298f,Zenodo/TerraDS,iac_benchmark/scenarios/terrads_705cf0ef298f,True,True,0,0,0,0,0,,,,,436.0,2794.0,18.0,11.0,5.0
terrads_d983edf5b16d,Zenodo/TerraDS,iac_benchmark/scenarios/terrads_d983edf5b16d,True,True,0,0,0,0,0,,,,,485.0,4054.0,34.0,26.0,5.0
terrads_26bbc781e9a6,Zenodo/TerraDS,iac_benchmark/scenarios/terrads_26bbc781e9a6,True,True,0,0,0,0,0,,,,,400.0,2596.0,22.0,5.0,5.0
terrads_af37775cd2ac,Zenodo/TerraDS,iac_benchmark/scenarios/terrads_af37775cd2ac,True,True,0,0,0,0,0,,,,,699.0,4749.0,25.0,18.0,5.0
terrads_0c7509c9d3e7,Zenodo/TerraDS,iac_benchmark/scenarios/terrads_0c7509c9d3e7,True,True,0,0,0,0,0,,,,,729.0,4903.0,25.0,1.0,5.0
terrads_26ad111c3e72,Zenodo/TerraDS,iac_benchmark/scenarios/terrads_26ad111c3e72,True,True,0,0,0,0,0,,,,,581.0,4047.0,23.0,8.0,5.0
terrads_3ea9cec8b93c,Zenodo/TerraDS,iac_benchmark/scenarios/terrads_3ea9cec8b93c,True,True,0,0,0,0,0,,,,,739.0,5004.0,26.0,1.0,5.0
terrads_29bab6d8ca13,Zenodo/TerraDS,iac_benchmark/scenarios/terrads_29bab6d8ca13,True,True,0,0,0,0,0,,,,,665.0,4204.0,17.0,31.0,5.0
terrads_f3b15c85ca10,Zenodo/TerraDS,iac_benchmark/scenarios/terrads_f3b15c85ca10,True,True,0,0,0,0,0,,,,,804.0,6432.0,31.0,30.0,5.0
terrads_b8c50e3a771d,Zenodo/TerraDS,iac_benchmark/scenarios/terrads_b8c50e3a771d,True,True,0,0,0,0,0,,,,,411.0,2550.0,15.0,17.0,5.0
terrads_2c8c253c33f1,Zenodo/TerraDS,iac_benchmark/scenarios/terrads_2c8c253c33f1,True,True,0,0,0,0,0,,,,,1022.0,7393.0,21.0,36.0,5.0
terrads_11b072443af4,Zenodo/TerraDS,iac_benchmark/scenarios/terrads_11b072443af4,True,True,0,0,0,0,0,,,,,654.0,3880.0,41.0,11.0,5.0
gh_75ea9c71,Tianyi2/IRIS,iac_benchmark/scenarios/gh_75ea9c71,True,True,0,0,0,0,0,,,,,594.0,4434.0,15.0,22.0,5.0
terrads_6e0a94d02ab0,Zenodo/TerraDS,iac_benchmark/scenarios/terrads_6e0a94d02ab0,True,True,0,0,0,0,0,,,,,473.0,3336.0,25.0,12.0,5.0
terrads_e8884ae66562,Zenodo/TerraDS,iac_benchmark/scenarios/terrads_e8884ae66562,True,True,0,0,0,0,0,,,,,899.0,6465.0,46.0,0.0,5.0
terrads_b74ec02e1afe,Zenodo/TerraDS,iac_benchmark/scenarios/terrads_b74ec02e1afe,True,True,0,0,0,0,0,,,,,542.0,3529.0,25.0,16.0,5.0
terrads_ba3ce15b2e3e,Zenodo/TerraDS,iac_benchmark/scenarios/terrads_ba3ce15b2e3e,True,True,0,0,0,0,0,,,,,1004.0,7493.0,57.0,14.0,5.0
terrads_8f32f9101156,Zenodo/TerraDS,iac_benchmark/scenarios/terrads_8f32f9101156,True,True,0,0,0,0,0,,,,,471.0,2712.0,15.0,34.0,5.0
terrads_d9419236dd28,Zenodo/TerraDS,iac_benchmark/scenarios/terrads_d9419236dd28,True,True,0,0,0,0,0,,,,,400.0,2784.0,29.0,2.0,5.0
terrads_f4c6d8f1cb38,Zenodo/TerraDS,iac_benchmark/scenarios/terrads_f4c6d8f1cb38,True,True,0,0,0,0,0,,,,,1038.0,7717.0,31.0,43.0,5.0
terrads_242f983797ea,Zenodo/TerraDS,iac_benchmark/scenarios/terrads_242f983797ea,True,True,0,0,0,0,0,,,,,673.0,4036.0,34.0,7.0,5.0
terrads_e471f1acead6,Zenodo/TerraDS,iac_benchmark/scenarios/terrads_e471f1acead6,True,True,0,0,0,0,0,,,,,984.0,6738.0,38.0,50.0,5.0
terrads_ea34d41526a5,Zenodo/TerraDS,iac_benchmark/scenarios/terrads_ea34d41526a5,True,True,0,0,0,0,0,,,,,605.0,4190.0,20.0,30.0,5.0
terrads_959546cacfdf,Zenodo/TerraDS,iac_benchmark/scenarios/terrads_959546cacfdf,True,True,0,0,0,0,0,,,,,824.0,4335.0,24.0,3.0,5.0
terrads_c6714934e39a,Zenodo/TerraDS,iac_benchmark/scenarios/terrads_c6714934e39a,True,True,0,0,0,0,0,,,,,786.0,5730.0,38.0,5.0,5.0
terrads_9fd8b428c8cf,Zenodo/TerraDS,iac_benchmark/scenarios/terrads_9fd8b428c8cf,True,True,0,0,0,0,0,,,,,490.0,3476.0,25.0,5.0,5.0
terrads_1302a76c6688,Zenodo/TerraDS,iac_benchmark/scenarios/terrads_1302a76c6688,True,True,0,0,0,0,0,,,,,841.0,6555.0,12.0,75.0,5.0
terrads_0ce95464a4ca,Zenodo/TerraDS,iac_benchmark/scenarios/terrads_0ce95464a4ca,True,True,0,0,0,0,0,,,,,882.0,5914.0,31.0,31.0,5.0
terrads_9a99337a0c77,Zenodo/TerraDS,iac_benchmark/scenarios/terrads_9a99337a0c77,True,True,0,0,0,0,0,,,,,444.0,4656.0,19.0,33.0,5.0
terrads_a7b70e7d45fb,Zenodo/TerraDS,iac_benchmark/scenarios/terrads_a7b70e7d45fb,True,True,0,0,0,0,0,,,,,422.0,2463.0,17.0,11.0,5.0
terrads_c72015234d54,Zenodo/TerraDS,iac_benchmark/scenarios/terrads_c72015234d54,True,True,0,0,0,0,0,,,,,766.0,5300.0,32.0,17.0,5.0
terrads_ca980576dea7,Zenodo/TerraDS,iac_benchmark/scenarios/terrads_ca980576dea7,True,True,0,0,0,0,0,,,,,483.0,4125.0,17.0,18.0,5.0
terrads_cf2a15a0a700,Zenodo/TerraDS,iac_benchmark/scenarios/terrads_cf2a15a0a700,True,True,0,0,0,0,0,,,,,583.0,5044.0,22.0,27.0,5.0
terrads_9f18c7500a39,Zenodo/TerraDS,iac_benchmark/scenarios/terrads_9f18c7500a39,True,True,0,0,0,0,0,,,,,622.0,4717.0,30.0,13.0,5.0
terrads_c8081d2fce1f,Zenodo/TerraDS,iac_benchmark/scenarios/terrads_c8081d2fce1f,True,True,0,0,0,0,0,,,,,410.0,2602.0,16.0,5.0,5.0
terrads_807fe08d3bfd,Zenodo/TerraDS,iac_benchmark/scenarios/terrads_807fe08d3bfd,True,True,0,0,0,0,0,,,,,400.0,2186.0,18.0,28.0,5.0
terrads_3650f9296abd,Zenodo/TerraDS,iac_benchmark/scenarios/terrads_3650f9296abd,True,True,0,0,0,0,0,,,,,816.0,5748.0,35.0,17.0,5.0
terrads_5bd8cbb36639,Zenodo/TerraDS,iac_benchmark/scenarios/terrads_5bd8cbb36639,True,True,0,0,0,0,0,,,,,797.0,5941.0,43.0,47.0,5.0
terrads_0246a768bc7a,Zenodo/TerraDS,iac_benchmark/scenarios/terrads_0246a768bc7a,True,True,0,0,0,0,0,,,,,534.0,4139.0,23.0,33.0,5.0
terrads_0cd3bb006d1f,Zenodo/TerraDS,iac_benchmark/scenarios/terrads_0cd3bb006d1f,True,True,0,0,0,0,0,,,,,670.0,6506.0,33.0,0.0,5.0
terrads_01d04d611b22,Zenodo/TerraDS,iac_benchmark/scenarios/terrads_01d04d611b22,True,True,0,0,0,0,0,,,,,423.0,2887.0,14.0,11.0,5.0
terrads_fa1af6246675,Zenodo/TerraDS,iac_benchmark/scenarios/terrads_fa1af6246675,True,True,0,0,0,0,0,,,,,452.0,3350.0,14.0,23.0,5.0
terrads_9fe3cdc08c39,Zenodo/TerraDS,iac_benchmark/scenarios/terrads_9fe3cdc08c39,True,True,0,0,0,0,0,,,,,632.0,4049.0,31.0,1.0,5.0
terrads_7d74a6f0b206,Zenodo/TerraDS,iac_benchmark/scenarios/terrads_7d74a6f0b206,True,True,0,0,0,0,0,,,,,697.0,4924.0,61.0,4.0,5.0
terrads_e0d5a8bdda75,Zenodo/TerraDS,iac_benchmark/scenarios/terrads_e0d5a8bdda75,True,True,0,0,0,0,0,,,,,463.0,3326.0,24.0,23.0,5.0
terrads_4499cd5ea14f,Zenodo/TerraDS,iac_benchmark/scenarios/terrads_4499cd5ea14f,True,True,0,0,0,0,0,,,,,522.0,3571.0,25.0,8.0,5.0
terrads_f35df793ed34,Zenodo/TerraDS,iac_benchmark/scenarios/terrads_f35df793ed34,True,True,0,0,0,0,0,,,,,749.0,5458.0,30.0,9.0,5.0
terrads_32e6ebc3fd20,Zenodo/TerraDS,iac_benchmark/scenarios/terrads_32e6ebc3fd20,True,True,0,0,0,0,0,,,,,601.0,4439.0,19.0,20.0,5.0
terrads_d64e3bed1853,Zenodo/TerraDS,iac_benchmark/scenarios/terrads_d64e3bed1853,True,True,0,0,0,0,0,,,,,463.0,3035.0,34.0,16.0,5.0
gh_792731e5,Tianyi2/IRIS,iac_benchmark/scenarios/gh_792731e5,True,True,0,0,0,0,0,,,,,772.0,5475.0,17.0,23.0,5.0
terrads_c3094b249b96,Zenodo/TerraDS,iac_benchmark/scenarios/terrads_c3094b249b96,True,True,0,0,0,0,0,,,,,458.0,2686.0,17.0,14.0,5.0
terrads_57d42f8e2423,Zenodo/TerraDS,iac_benchmark/scenarios/terrads_57d42f8e2423,True,True,0,0,0,0,0,,,,,594.0,3903.0,29.0,7.0,5.0
terrads_d325b2b93618,Zenodo/TerraDS,iac_benchmark/scenarios/terrads_d325b2b93618,True,True,0,0,0,0,0,,,,,463.0,3404.0,28.0,9.0,5.0
terrads_1b9afee8e95a,Zenodo/TerraDS,iac_benchmark/scenarios/terrads_1b9afee8e95a,True,True,0,0,0,0,0,,,,,453.0,3110.0,19.0,13.0,5.0
terrads_3ceda5fce7c2,Zenodo/TerraDS,iac_benchmark/scenarios/terrads_3ceda5fce7c2,True,True,0,0,0,0,0,,,,,729.0,4903.0,25.0,1.0,5.0
terrads_190b86c2b6ce,Zenodo/TerraDS,iac_benchmark/scenarios/terrads_190b86c2b6ce,True,True,0,0,0,0,0,,,,,1045.0,7871.0,42.0,48.0,5.0
terrads_b42ed87d1f30,Zenodo/TerraDS,iac_benchmark/scenarios/terrads_b42ed87d1f30,True,True,0,0,0,0,0,,,,,626.0,5424.0,17.0,24.0,5.0
terrads_4909752e2300,Zenodo/TerraDS,iac_benchmark/scenarios/terrads_4909752e2300,True,True,0,0,0,0,0,,,,,825.0,5504.0,50.0,0.0,5.0
terrads_af49218c3e3c,Zenodo/TerraDS,iac_benchmark/scenarios/terrads_af49218c3e3c,True,True,0,0,0,0,0,,,,,741.0,5019.0,26.0,1.0,5.0
terrads_518afe78b7ba,Zenodo/TerraDS,iac_benchmark/scenarios/terrads_518afe78b7ba,True,True,0,0,0,0,0,,,,,506.0,3818.0,18.0,7.0,5.0
terrads_a0c907f96337,Zenodo/TerraDS,iac_benchmark/scenarios/terrads_a0c907f96337,True,True,0,0,0,0,0,,,,,540.0,3525.0,25.0,16.0,5.0
terrads_54dfa4d39522,Zenodo/TerraDS,iac_benchmark/scenarios/terrads_54dfa4d39522,True,True,0,0,0,0,0,,,,,579.0,4731.0,19.0,19.0,5.0
terrads_3704a7b2ea34,Zenodo/TerraDS,iac_benchmark/scenarios/terrads_3704a7b2ea34,True,True,0,0,0,0,0,,,,,882.0,5914.0,31.0,31.0,5.0
terrads_619027e2d13b,Zenodo/TerraDS,iac_benchmark/scenarios/terrads_619027e2d13b,True,True,0,0,0,0,0,,,,,430.0,2646.0,18.0,14.0,5.0
terrads_3095411f2ae2,Zenodo/TerraDS,iac_benchmark/scenarios/terrads_3095411f2ae2,True,True,0,0,0,0,0,,,,,447.0,3770.0,28.0,8.0,5.0
terrads_80191cc2a976,Zenodo/TerraDS,iac_benchmark/scenarios/terrads_80191cc2a976,True,True,0,0,0,0,0,,,,,649.0,4115.0,22.0,13.0,5.0
terrads_2cbfcc70f9ce,Zenodo/TerraDS,iac_benchmark/scenarios/terrads_2cbfcc70f9ce,True,True,0,0,0,0,0,,,,,420.0,2517.0,14.0,10.0,5.0
terrads_531756dd0935,Zenodo/TerraDS,iac_benchmark/scenarios/terrads_531756dd0935,True,True,0,0,0,0,0,,,,,863.0,6208.0,20.0,17.0,5.0
terrads_bb4bfab6e422,Zenodo/TerraDS,iac_benchmark/scenarios/terrads_bb4bfab6e422,True,True,0,0,0,0,0,,,,,512.0,4251.0,19.0,11.0,5.0
terrads_109ad61c0691,Zenodo/TerraDS,iac_benchmark/scenarios/terrads_109ad61c0691,True,True,0,0,0,0,0,,,,,466.0,3196.0,24.0,9.0,5.0
terrads_0e22ecc46a9b,Zenodo/TerraDS,iac_benchmark/scenarios/terrads_0e22ecc46a9b,True,True,0,0,0,0,0,,,,,1028.0,7339.0,15.0,65.0,5.0
terrads_c22a8280d0dc,Zenodo/TerraDS,iac_benchmark/scenarios/terrads_c22a8280d0dc,True,True,0,0,0,0,0,,,,,485.0,3272.0,17.0,24.0,5.0
terrads_d0c698e15ca0,Zenodo/TerraDS,iac_benchmark/scenarios/terrads_d0c698e15ca0,True,True,0,0,0,0,0,,,,,831.0,5384.0,36.0,19.0,5.0
terrads_698afde210ee,Zenodo/TerraDS,iac_benchmark/scenarios/terrads_698afde210ee,True,True,0,0,0,0,0,,,,,545.0,4205.0,13.0,13.0,5.0
terrads_ad80f4eaebdc,Zenodo/TerraDS,iac_benchmark/scenarios/terrads_ad80f4eaebdc,True,True,0,0,0,0,0,,,,,734.0,5080.0,37.0,10.0,5.0
terrads_29e7d2574ec3,Zenodo/TerraDS,iac_benchmark/scenarios/terrads_29e7d2574ec3,True,True,0,0,0,0,0,,,,,672.0,3761.0,19.0,14.0,5.0
terrads_a7b1f977a21d,Zenodo/TerraDS,iac_benchmark/scenarios/terrads_a7b1f977a21d,True,True,0,0,0,0,0,,,,,459.0,2902.0,21.0,29.0,5.0
terrads_3532f91f7490,Zenodo/TerraDS,iac_benchmark/scenarios/terrads_3532f91f7490,True,True,0,0,0,0,0,,,,,513.0,3794.0,37.0,2.0,5.0
terrads_605ddbe7f14b,Zenodo/TerraDS,iac_benchmark/scenarios/terrads_605ddbe7f14b,True,True,0,0,0,0,0,,,,,444.0,2877.0,19.0,2.0,5.0
terrads_1653c66db702,Zenodo/TerraDS,iac_benchmark/scenarios/terrads_1653c66db702,True,True,0,0,0,0,0,,,,,609.0,4604.0,42.0,21.0,5.0
terrads_ab9ba02f8e42,Zenodo/TerraDS,iac_benchmark/scenarios/terrads_ab9ba02f8e42,True,True,0,0,0,0,0,,,,,752.0,5603.0,36.0,12.0,5.0
terrads_9aba66ccd218,Zenodo/TerraDS,iac_benchmark/scenarios/terrads_9aba66ccd218,True,True,0,0,0,0,0,,,,,958.0,7251.0,37.0,42.0,5.0
terrads_f918934949e5,Zenodo/TerraDS,iac_benchmark/scenarios/terrads_f918934949e5,True,True,0,0,0,0,0,,,,,412.0,2928.0,23.0,1.0,5.0
terrads_2f67154b5566,Zenodo/TerraDS,iac_benchmark/scenarios/terrads_2f67154b5566,True,True,0,0,0,0,0,,,,,406.0,2698.0,23.0,8.0,5.0
terrads_26097aee5f81,Zenodo/TerraDS,iac_benchmark/scenarios/terrads_26097aee5f81,True,True,0,0,0,0,0,,,,,520.0,4758.0,20.0,0.0,5.0
terrads_6d5b24e38bf4,Zenodo/TerraDS,iac_benchmark/scenarios/terrads_6d5b24e38bf4,True,True,0,0,0,0,0,,,,,701.0,4843.0,43.0,41.0,5.0
terrads_44381794d683,Zenodo/TerraDS,iac_benchmark/scenarios/terrads_44381794d683,True,True,0,0,0,0,0,,,,,447.0,3321.0,16.0,11.0,5.0
terrads_ca40d27af539,Zenodo/TerraDS,iac_benchmark/scenarios/terrads_ca40d27af539,True,True,0,0,0,0,0,,,,,855.0,7169.0,30.0,33.0,5.0
terrads_e3be5bf67d1d,Zenodo/TerraDS,iac_benchmark/scenarios/terrads_e3be5bf67d1d,True,True,0,0,0,0,0,,,,,422.0,2463.0,17.0,11.0,5.0
terrads_bf0d1e56cac9,Zenodo/TerraDS,iac_benchmark/scenarios/terrads_bf0d1e56cac9,True,True,0,0,0,0,0,,,,,567.0,3878.0,39.0,0.0,5.0
terrads_d0d64d44d3a3,Zenodo/TerraDS,iac_benchmark/scenarios/terrads_d0d64d44d3a3,True,True,0,0,0,0,0,,,,,633.0,4301.0,32.0,10.0,5.0
terrads_9067907bd5cd,Zenodo/TerraDS,iac_benchmark/scenarios/terrads_9067907bd5cd,True,True,0,0,0,0,0,,,,,919.0,6191.0,23.0,22.0,5.0
terrads_387413930201,Zenodo/TerraDS,iac_benchmark/scenarios/terrads_387413930201,True,True,0,0,0,0,0,,,,,545.0,4070.0,16.0,15.0,5.0
terrads_7c7bd862ccb9,Zenodo/TerraDS,iac_benchmark/scenarios/terrads_7c7bd862ccb9,True,True,0,0,0,0,0,,,,,407.0,2834.0,18.0,1.0,5.0
terrads_5b02da815657,Zenodo/TerraDS,iac_benchmark/scenarios/terrads_5b02da815657,True,True,0,0,0,0,0,,,,,487.0,4178.0,24.0,10.0,5.0
terrads_28eeb1076308,Zenodo/TerraDS,iac_benchmark/scenarios/terrads_28eeb1076308,True,True,0,0,0,0,0,,,,,853.0,5433.0,38.0,14.0,5.0
terrads_6f15281dfdfe,Zenodo/TerraDS,iac_benchmark/scenarios/terrads_6f15281dfdfe,True,True,0,0,0,0,0,,,,,456.0,3087.0,33.0,0.0,5.0
terrads_e21bd8aa2667,Zenodo/TerraDS,iac_benchmark/scenarios/terrads_e21bd8aa2667,True,True,0,0,0,0,0,,,,,795.0,7999.0,30.0,8.0,5.0
terrads_039a88f23571,Zenodo/TerraDS,iac_benchmark/scenarios/terrads_039a88f23571,True,True,0,0,0,0,0,,,,,882.0,5914.0,31.0,31.0,5.0
terrads_3d9f7282a9d3,Zenodo/TerraDS,iac_benchmark/scenarios/terrads_3d9f7282a9d3,True,True,0,0,0,0,0,,,,,622.0,4140.0,32.0,27.0,5.0
terrads_92b7c4037030,Zenodo/TerraDS,iac_benchmark/scenarios/terrads_92b7c4037030,True,True,0,0,0,0,0,,,,,611.0,4519.0,12.0,25.0,5.0
terrads_16d545042060,Zenodo/TerraDS,iac_benchmark/scenarios/terrads_16d545042060,True,True,0,0,0,0,0,,,,,576.0,4108.0,24.0,20.0,5.0
terrads_8f1b020d02f3,Zenodo/TerraDS,iac_benchmark/scenarios/terrads_8f1b020d02f3,True,True,0,0,0,0,0,,,,,882.0,5914.0,31.0,31.0,5.0
terrads_210c2d0521e6,Zenodo/TerraDS,iac_benchmark/scenarios/terrads_210c2d0521e6,True,True,0,0,0,0,0,,,,,573.0,3827.0,33.0,10.0,5.0
terrads_fe7fc84b2cd5,Zenodo/TerraDS,iac_benchmark/scenarios/terrads_fe7fc84b2cd5,True,True,0,0,0,0,0,,,,,1140.0,7624.0,49.0,1.0,5.0
terrads_12aeb485c224,Zenodo/TerraDS,iac_benchmark/scenarios/terrads_12aeb485c224,True,True,0,0,0,0,0,,,,,583.0,4215.0,18.0,10.0,5.0
terrads_897a7cc592fe,Zenodo/TerraDS,iac_benchmark/scenarios/terrads_897a7cc592fe,True,True,0,0,0,0,0,,,,,435.0,3000.0,19.0,30.0,5.0
terrads_7db16adf88b5,Zenodo/TerraDS,iac_benchmark/scenarios/terrads_7db16adf88b5,True,True,0,0,0,0,0,,,,,421.0,2838.0,29.0,0.0,5.0
terrads_58b146853e95,Zenodo/TerraDS,iac_benchmark/scenarios/terrads_58b146853e95,True,True,0,0,0,0,0,,,,,1028.0,6634.0,63.0,18.0,5.0
terrads_58f2a7721237,Zenodo/TerraDS,iac_benchmark/scenarios/terrads_58f2a7721237,True,True,0,0,0,0,0,,,,,533.0,4092.0,28.0,29.0,5.0
terrads_475428a216e7,Zenodo/TerraDS,iac_benchmark/scenarios/terrads_475428a216e7,True,True,0,0,0,0,0,,,,,676.0,4902.0,42.0,23.0,5.0
terrads_b04301428940,Zenodo/TerraDS,iac_benchmark/scenarios/terrads_b04301428940,True,True,0,0,0,0,0,,,,,499.0,3306.0,12.0,1.0,5.0
terrads_4e96d849cd7c,Zenodo/TerraDS,iac_benchmark/scenarios/terrads_4e96d849cd7c,True,True,0,0,0,0,0,,,,,750.0,5191.0,22.0,15.0,5.0
gh_41d9da4e,Tianyi2/IRIS,iac_benchmark/scenarios/gh_41d9da4e,True,True,0,0,0,0,0,,,,,451.0,2883.0,47.0,0.0,5.0
terrads_7bbe63b2f150,Zenodo/TerraDS,iac_benchmark/scenarios/terrads_7bbe63b2f150,True,True,0,0,0,0,0,,,,,516.0,3752.0,30.0,1.0,5.0
terrads_ea5bb3f55cf7,Zenodo/TerraDS,iac_benchmark/scenarios/terrads_ea5bb3f55cf7,True,True,0,0,0,0,0,,,,,1001.0,7125.0,16.0,19.0,5.0
terrads_28d0315e7efe,Zenodo/TerraDS,iac_benchmark/scenarios/terrads_28d0315e7efe,True,True,0,0,0,0,0,,,,,489.0,3632.0,25.0,0.0,5.0
terrads_f9d1933c97f6,Zenodo/TerraDS,iac_benchmark/scenarios/terrads_f9d1933c97f6,True,True,0,0,0,0,0,,,,,605.0,4728.0,25.0,28.0,5.0
terrads_9018d22f359d,Zenodo/TerraDS,iac_benchmark/scenarios/terrads_9018d22f359d,True,True,0,0,0,0,0,,,,,552.0,3514.0,16.0,8.0,5.0
terrads_31fee359f19f,Zenodo/TerraDS,iac_benchmark/scenarios/terrads_31fee359f19f,True,True,0,0,0,0,0,,,,,469.0,3057.0,13.0,0.0,5.0
terrads_5c5538cb6e74,Zenodo/TerraDS,iac_benchmark/scenarios/terrads_5c5538cb6e74,True,True,0,0,0,0,0,,,,,482.0,3048.0,18.0,20.0,5.0
terrads_e715e4f73593,Zenodo/TerraDS,iac_benchmark/scenarios/terrads_e715e4f73593,True,True,0,0,0,0,0,,,,,457.0,3077.0,28.0,2.0,5.0
terrads_ba5f8cabe029,Zenodo/TerraDS,iac_benchmark/scenarios/terrads_ba5f8cabe029,True,True,0,0,0,0,0,,,,,450.0,2802.0,22.0,9.0,5.0
terrads_819617736f32,Zenodo/TerraDS,iac_benchmark/scenarios/terrads_819617736f32,True,True,0,0,0,0,0,,,,,438.0,2818.0,18.0,11.0,5.0
terrads_6d974ec2d8bc,Zenodo/TerraDS,iac_benchmark/scenarios/terrads_6d974ec2d8bc,True,True,0,0,0,0,0,,,,,435.0,2967.0,17.0,1.0,5.0
terrads_bd3dd41e6ac4,Zenodo/TerraDS,iac_benchmark/scenarios/terrads_bd3dd41e6ac4,True,True,0,0,0,0,0,,,,,546.0,3770.0,27.0,29.0,5.0
terrads_232b46c085ae,Zenodo/TerraDS,iac_benchmark/scenarios/terrads_232b46c085ae,True,True,0,0,0,0,0,,,,,594.0,3832.0,14.0,18.0,5.0
terrads_8c5471c0fbd7,Zenodo/TerraDS,iac_benchmark/scenarios/terrads_8c5471c0fbd7,True,True,0,0,0,0,0,,,,,1048.0,6798.0,36.0,32.0,5.0
terrads_33edd0815a1e,Zenodo/TerraDS,iac_benchmark/scenarios/terrads_33edd0815a1e,True,True,0,0,0,0,0,,,,,418.0,3074.0,12.0,26.0,5.0
terrads_84ac1525daef,Zenodo/TerraDS,iac_benchmark/scenarios/terrads_84ac1525daef,True,True,0,0,0,0,0,,,,,728.0,4893.0,25.0,1.0,5.0
terrads_a1263093d014,Zenodo/TerraDS,iac_benchmark/scenarios/terrads_a1263093d014,True,True,0,0,0,0,0,,,,,411.0,2982.0,23.0,2.0,5.0
terrads_90c21bc7fa5f,Zenodo/TerraDS,iac_benchmark/scenarios/terrads_90c21bc7fa5f,True,True,0,0,0,0,0,,,,,477.0,4372.0,13.0,22.0,5.0
terrads_61b8f9c91920,Zenodo/TerraDS,iac_benchmark/scenarios/terrads_61b8f9c91920,True,True,0,0,0,0,0,,,,,813.0,5872.0,24.0,8.0,5.0
terrads_06e9c3cd4524,Zenodo/TerraDS,iac_benchmark/scenarios/terrads_06e9c3cd4524,True,True,0,0,0,0,0,,,,,563.0,4783.0,37.0,8.0,5.0
terrads_3edd66ef0100,Zenodo/TerraDS,iac_benchmark/scenarios/terrads_3edd66ef0100,True,True,0,0,0,0,0,,,,,443.0,2946.0,29.0,1.0,5.0
terrads_1ab76bfa6a1a,Zenodo/TerraDS,iac_benchmark/scenarios/terrads_1ab76bfa6a1a,True,True,0,0,0,0,0,,,,,837.0,6215.0,36.0,18.0,5.0
terrads_c6327542c24c,Zenodo/TerraDS,iac_benchmark/scenarios/terrads_c6327542c24c,True,True,0,0,0,0,0,,,,,448.0,3007.0,28.0,9.0,5.0
terrads_e6f40adacf3d,Zenodo/TerraDS,iac_benchmark/scenarios/terrads_e6f40adacf3d,True,True,0,0,0,0,0,,,,,882.0,5915.0,30.0,31.0,5.0
terrads_c6fe685c4308,Zenodo/TerraDS,iac_benchmark/scenarios/terrads_c6fe685c4308,True,True,0,0,0,0,0,,,,,734.0,4903.0,25.0,1.0,5.0
terrads_cd6d9e773120,Zenodo/TerraDS,iac_benchmark/scenarios/terrads_cd6d9e773120,True,True,0,0,0,0,0,,,,,510.0,3619.0,24.0,13.0,5.0
terrads_cd59785238b5,Zenodo/TerraDS,iac_benchmark/scenarios/terrads_cd59785238b5,True,True,0,0,0,0,0,,,,,425.0,2865.0,18.0,5.0,5.0
terrads_372c19d13c18,Zenodo/TerraDS,iac_benchmark/scenarios/terrads_372c19d13c18,True,True,0,0,0,0,0,,,,,719.0,4540.0,20.0,28.0,5.0
terrads_10508cd2d0b1,Zenodo/TerraDS,iac_benchmark/scenarios/terrads_10508cd2d0b1,True,True,0,0,0,0,0,,,,,457.0,2707.0,16.0,11.0,5.0
terrads_7f373812d72a,Zenodo/TerraDS,iac_benchmark/scenarios/terrads_7f373812d72a,True,True,0,0,0,0,0,,,,,443.0,2946.0,29.0,1.0,5.0
terrads_96eb6c56a138,Zenodo/TerraDS,iac_benchmark/scenarios/terrads_96eb6c56a138,True,True,0,0,0,0,0,,,,,538.0,3710.0,20.0,11.0,5.0
terrads_2cc00dffefa0,Zenodo/TerraDS,iac_benchmark/scenarios/terrads_2cc00dffefa0,True,True,0,0,0,0,0,,,,,411.0,2982.0,23.0,2.0,5.0
terrads_6de8eeaa5b41,Zenodo/TerraDS,iac_benchmark/scenarios/terrads_6de8eeaa5b41,True,True,0,0,0,0,0,,,,,707.0,4321.0,23.0,11.0,5.0
terrads_c669b5a439c6,Zenodo/TerraDS,iac_benchmark/scenarios/terrads_c669b5a439c6,True,True,0,0,0,0,0,,,,,588.0,4019.0,18.0,12.0,5.0
terrads_ca64fb3f10cc,Zenodo/TerraDS,iac_benchmark/scenarios/terrads_ca64fb3f10cc,True,True,0,0,0,0,0,,,,,554.0,4555.0,45.0,3.0,5.0
terrads_4cf86d3a7620,Zenodo/TerraDS,iac_benchmark/scenarios/terrads_4cf86d3a7620,True,True,0,0,0,0,0,,,,,562.0,3614.0,19.0,12.0,5.0
terrads_586d0b11f561,Zenodo/TerraDS,iac_benchmark/scenarios/terrads_586d0b11f561,True,True,0,0,0,0,0,,,,,407.0,3534.0,31.0,8.0,5.0
terrads_44dbda0bafbc,Zenodo/TerraDS,iac_benchmark/scenarios/terrads_44dbda0bafbc,True,True,0,0,0,0,0,,,,,771.0,5063.0,40.0,20.0,5.0
terrads_1d5281f3bc59,Zenodo/TerraDS,iac_benchmark/scenarios/terrads_1d5281f3bc59,True,True,0,0,0,0,0,,,,,574.0,3002.0,24.0,18.0,5.0
terrads_cca5fbeee3f4,Zenodo/TerraDS,iac_benchmark/scenarios/terrads_cca5fbeee3f4,True,True,0,0,0,0,0,,,,,660.0,5214.0,28.0,30.0,5.0
terrads_427514d916a4,Zenodo/TerraDS,iac_benchmark/scenarios/terrads_427514d916a4,True,True,0,0,0,0,0,,,,,438.0,2818.0,18.0,11.0,5.0
terrads_fea761479f9c,Zenodo/TerraDS,iac_benchmark/scenarios/terrads_fea761479f9c,True,True,0,0,0,0,0,,,,,659.0,5035.0,12.0,29.0,5.0
terrads_f333bd2458c7,Zenodo/TerraDS,iac_benchmark/scenarios/terrads_f333bd2458c7,True,True,0,0,0,0,0,,,,,495.0,3749.0,34.0,1.0,5.0
terrads_e10922e3a0e8,Zenodo/TerraDS,iac_benchmark/scenarios/terrads_e10922e3a0e8,True,True,0,0,0,0,0,,,,,549.0,3642.0,40.0,0.0,5.0
terrads_ce80bce93c48,Zenodo/TerraDS,iac_benchmark/scenarios/terrads_ce80bce93c48,True,True,0,0,0,0,0,,,,,443.0,2858.0,20.0,12.0,5.0
terrads_dea0c79f02ca,Zenodo/TerraDS,iac_benchmark/scenarios/terrads_dea0c79f02ca,True,True,0,0,0,0,0,,,,,520.0,3327.0,20.0,9.0,5.0
terrads_3ad220e3772c,Zenodo/TerraDS,iac_benchmark/scenarios/terrads_3ad220e3772c,True,True,0,0,0,0,0,,,,,539.0,3691.0,20.0,0.0,5.0
terrads_343cc3ac94d3,Zenodo/TerraDS,iac_benchmark/scenarios/terrads_343cc3ac94d3,True,True,0,0,0,0,0,,,,,540.0,3525.0,25.0,16.0,5.0
terrads_e457d7c56701,Zenodo/TerraDS,iac_benchmark/scenarios/terrads_e457d7c56701,True,True,0,0,0,0,0,,,,,512.0,3852.0,25.0,8.0,5.0
terrads_98c1e12e1c40,Zenodo/TerraDS,iac_benchmark/scenarios/terrads_98c1e12e1c40,True,True,0,0,0,0,0,,,,,446.0,4274.0,20.0,0.0,5.0
terrads_cd00772a8116,Zenodo/TerraDS,iac_benchmark/scenarios/terrads_cd00772a8116,True,True,0,0,0,0,0,,,,,528.0,3859.0,15.0,35.0,5.0
terrads_75f908a6815d,Zenodo/TerraDS,iac_benchmark/scenarios/terrads_75f908a6815d,True,True,0,0,0,0,0,,,,,728.0,4893.0,25.0,1.0,5.0
terrads_e3f5925eeace,Zenodo/TerraDS,iac_benchmark/scenarios/terrads_e3f5925eeace,True,True,0,0,0,0,0,,,,,489.0,3632.0,25.0,0.0,5.0
terrads_5973af7ef8cd,Zenodo/TerraDS,iac_benchmark/scenarios/terrads_5973af7ef8cd,True,True,0,0,0,0,0,,,,,580.0,3524.0,26.0,5.0,5.0
terrads_41318b58a98c,Zenodo/TerraDS,iac_benchmark/scenarios/terrads_41318b58a98c,True,True,0,0,0,0,0,,,,,671.0,4303.0,29.0,22.0,5.0
terrads_7ee4fdeee8c3,Zenodo/TerraDS,iac_benchmark/scenarios/terrads_7ee4fdeee8c3,True,True,0,0,0,0,0,,,,,885.0,6251.0,36.0,15.0,5.0
terrads_2712c129fa30,Zenodo/TerraDS,iac_benchmark/scenarios/terrads_2712c129fa30,True,True,0,0,0,0,0,,,,,593.0,3268.0,21.0,59.0,5.0
terrads_7758f3b7e705,Zenodo/TerraDS,iac_benchmark/scenarios/terrads_7758f3b7e705,True,True,0,0,0,0,0,,,,,493.0,3238.0,23.0,6.0,5.0
terrads_9fd5d02a0d63,Zenodo/TerraDS,iac_benchmark/scenarios/terrads_9fd5d02a0d63,True,True,0,0,0,0,0,,,,,402.0,2550.0,19.0,1.0,5.0
terrads_1bf6a7a41640,Zenodo/TerraDS,iac_benchmark/scenarios/terrads_1bf6a7a41640,True,True,0,0,0,0,0,,,,,539.0,3691.0,20.0,0.0,5.0
terrads_e25a0c1ead72,Zenodo/TerraDS,iac_benchmark/scenarios/terrads_e25a0c1ead72,True,True,0,0,0,0,0,,,,,457.0,2999.0,20.0,20.0,5.0
terrads_7f5f2655fb85,Zenodo/TerraDS,iac_benchmark/scenarios/terrads_7f5f2655fb85,True,True,0,0,0,0,0,,,,,608.0,4049.0,23.0,16.0,5.0
terrads_2ec1838493fe,Zenodo/TerraDS,iac_benchmark/scenarios/terrads_2ec1838493fe,True,True,0,0,0,0,0,,,,,734.0,4903.0,25.0,1.0,5.0
terrads_e86edc756367,Zenodo/TerraDS,iac_benchmark/scenarios/terrads_e86edc756367,True,True,0,0,0,0,0,,,,,761.0,5400.0,26.0,15.0,5.0
terrads_d19ceb448a93,Zenodo/TerraDS,iac_benchmark/scenarios/terrads_d19ceb448a93,True,True,0,0,0,0,0,,,,,1108.0,7689.0,41.0,31.0,5.0
terrads_827dba7e2f7d,Zenodo/TerraDS,iac_benchmark/scenarios/terrads_827dba7e2f7d,True,True,0,0,0,0,0,,,,,729.0,4903.0,25.0,1.0,5.0
terrads_9a54232373d7,Zenodo/TerraDS,iac_benchmark/scenarios/terrads_9a54232373d7,True,True,0,0,0,0,0,,,,,865.0,6196.0,20.0,14.0,5.0
terrads_b4f76f0afe4b,Zenodo/TerraDS,iac_benchmark/scenarios/terrads_b4f76f0afe4b,True,True,0,0,0,0,0,,,,,708.0,4616.0,19.0,28.0,5.0
terrads_373d661bcf0f,Zenodo/TerraDS,iac_benchmark/scenarios/terrads_373d661bcf0f,True,True,0,0,0,0,0,,,,,567.0,3878.0,39.0,0.0,5.0
terrads_703ec6555720,Zenodo/TerraDS,iac_benchmark/scenarios/terrads_703ec6555720,True,True,0,0,0,0,0,,,,,559.0,3865.0,29.0,38.0,5.0
terrads_5c47221ec9f1,Zenodo/TerraDS,iac_benchmark/scenarios/terrads_5c47221ec9f1,True,True,0,0,0,0,0,,,,,522.0,4457.0,21.0,19.0,5.0
terrads_717fec551ed3,Zenodo/TerraDS,iac_benchmark/scenarios/terrads_717fec551ed3,True,True,0,0,0,0,0,,,,,506.0,2970.0,12.0,31.0,5.0
terrads_7138a5707ef4,Zenodo/TerraDS,iac_benchmark/scenarios/terrads_7138a5707ef4,True,True,0,0,0,0,0,,,,,641.0,4568.0,16.0,16.0,5.0
terrads_3d4d472c92cb,Zenodo/TerraDS,iac_benchmark/scenarios/terrads_3d4d472c92cb,True,True,0,0,0,0,0,,,,,767.0,6801.0,36.0,21.0,5.0
terrads_81269d4ab371,Zenodo/TerraDS,iac_benchmark/scenarios/terrads_81269d4ab371,True,True,0,0,0,0,0,,,,,752.0,4416.0,27.0,33.0,5.0
gh_d8014e87,Tianyi2/IRIS,iac_benchmark/scenarios/gh_d8014e87,True,True,0,0,0,0,0,,,,,525.0,4250.0,18.0,18.0,5.0
terrads_a1286c168d95,Zenodo/TerraDS,iac_benchmark/scenarios/terrads_a1286c168d95,True,True,0,0,0,0,0,,,,,965.0,6371.0,30.0,32.0,5.0
terrads_3ec255c1e99c,Zenodo/TerraDS,iac_benchmark/scenarios/terrads_3ec255c1e99c,True,True,0,0,0,0,0,,,,,518.0,3220.0,17.0,9.0,5.0
terrads_2c1e151e1502,Zenodo/TerraDS,iac_benchmark/scenarios/terrads_2c1e151e1502,True,True,0,0,0,0,0,,,,,471.0,2944.0,36.0,0.0,5.0
terrads_e92cf71eb829,Zenodo/TerraDS,iac_benchmark/scenarios/terrads_e92cf71eb829,True,True,0,0,0,0,0,,,,,1168.0,6967.0,36.0,0.0,5.0
terrads_f3a738770071,Zenodo/TerraDS,iac_benchmark/scenarios/terrads_f3a738770071,True,True,0,0,0,0,0,,,,,733.0,5541.0,67.0,0.0,5.0
terrads_ee8964c56920,Zenodo/TerraDS,iac_benchmark/scenarios/terrads_ee8964c56920,True,True,0,0,0,0,0,,,,,570.0,3327.0,19.0,14.0,5.0
terrads_5d9af7bdc60d,Zenodo/TerraDS,iac_benchmark/scenarios/terrads_5d9af7bdc60d,True,True,0,0,0,0,0,,,,,625.0,4036.0,24.0,11.0,5.0
terrads_8f65c6168cc3,Zenodo/TerraDS,iac_benchmark/scenarios/terrads_8f65c6168cc3,True,True,0,0,0,0,0,,,,,452.0,2892.0,17.0,14.0,5.0
terrads_00ce55e975af,Zenodo/TerraDS,iac_benchmark/scenarios/terrads_00ce55e975af,True,True,0,0,0,0,0,,,,,691.0,5174.0,12.0,36.0,5.0
terrads_ae805f356e2b,Zenodo/TerraDS,iac_benchmark/scenarios/terrads_ae805f356e2b,True,True,0,0,0,0,0,,,,,500.0,3363.0,36.0,5.0,5.0
terrads_68621bbb05db,Zenodo/TerraDS,iac_benchmark/scenarios/terrads_68621bbb05db,True,True,0,0,0,0,0,,,,,536.0,3120.0,18.0,13.0,5.0
terrads_ce2e5e8935ad,Zenodo/TerraDS,iac_benchmark/scenarios/terrads_ce2e5e8935ad,True,True,0,0,0,0,0,,,,,766.0,4674.0,16.0,11.0,5.0
terrads_61b12524182b,Zenodo/TerraDS,iac_benchmark/scenarios/terrads_61b12524182b,True,True,0,0,0,0,0,,,,,1145.0,7560.0,66.0,37.0,5.0
terrads_6f2c985b3469,Zenodo/TerraDS,iac_benchmark/scenarios/terrads_6f2c985b3469,True,True,0,0,0,0,0,,,,,502.0,3516.0,27.0,11.0,5.0
terrads_884e4c699c87,Zenodo/TerraDS,iac_benchmark/scenarios/terrads_884e4c699c87,True,True,0,0,0,0,0,,,,,541.0,3526.0,24.0,16.0,5.0
terrads_1783b3ef09ac,Zenodo/TerraDS,iac_benchmark/scenarios/terrads_1783b3ef09ac,True,True,0,0,0,0,0,,,,,1023.0,7777.0,63.0,25.0,5.0
terrads_d2b51b0f9bb4,Zenodo/TerraDS,iac_benchmark/scenarios/terrads_d2b51b0f9bb4,True,True,0,0,0,0,0,,,,,491.0,3107.0,30.0,3.0,5.0
terrads_62f390c168f9,Zenodo/TerraDS,iac_benchmark/scenarios/terrads_62f390c168f9,True,True,0,0,0,0,0,,,,,627.0,4609.0,25.0,3.0,5.0
terrads_7c3f5ced01fd,Zenodo/TerraDS,iac_benchmark/scenarios/terrads_7c3f5ced01fd,True,True,0,0,0,0,0,,,,,947.0,6378.0,35.0,31.0,5.0
terrads_3d648f471818,Zenodo/TerraDS,iac_benchmark/scenarios/terrads_3d648f471818,True,True,0,0,0,0,0,,,,,728.0,4893.0,25.0,1.0,5.0
terrads_ece4a133746b,Zenodo/TerraDS,iac_benchmark/scenarios/terrads_ece4a133746b,True,True,0,0,0,0,0,,,,,432.0,2612.0,12.0,26.0,5.0
terrads_cf7cf31d8cac,Zenodo/TerraDS,iac_benchmark/scenarios/terrads_cf7cf31d8cac,True,True,0,0,0,0,0,,,,,574.0,3921.0,21.0,6.0,5.0
terrads_684f3791bc48,Zenodo/TerraDS,iac_benchmark/scenarios/terrads_684f3791bc48,True,True,0,0,0,0,0,,,,,1103.0,5905.0,33.0,22.0,5.0
terrads_b7be3e80899a,Zenodo/TerraDS,iac_benchmark/scenarios/terrads_b7be3e80899a,True,True,0,0,0,0,0,,,,,845.0,5199.0,41.0,16.0,5.0
terrads_e9bd86270cdf,Zenodo/TerraDS,iac_benchmark/scenarios/terrads_e9bd86270cdf,True,True,0,0,0,0,0,,,,,854.0,5748.0,42.0,17.0,5.0
terrads_5232a027d1a7,Zenodo/TerraDS,iac_benchmark/scenarios/terrads_5232a027d1a7,True,True,0,0,0,0,0,,,,,576.0,4266.0,31.0,2.0,5.0
terrads_3662e0b23e51,Zenodo/TerraDS,iac_benchmark/scenarios/terrads_3662e0b23e51,True,True,0,0,0,0,0,,,,,548.0,4088.0,27.0,4.0,5.0
terrads_ce690c3d18da,Zenodo/TerraDS,iac_benchmark/scenarios/terrads_ce690c3d18da,True,True,0,0,0,0,0,,,,,462.0,3313.0,22.0,5.0,5.0
terrads_ffef7274ddec,Zenodo/TerraDS,iac_benchmark/scenarios/terrads_ffef7274ddec,True,True,0,0,0,0,0,,,,,1041.0,6817.0,37.0,60.0,5.0
terrads_6d71bd2eb6cc,Zenodo/TerraDS,iac_benchmark/scenarios/terrads_6d71bd2eb6cc,True,True,0,0,0,0,0,,,,,541.0,3526.0,24.0,16.0,5.0
terrads_dd7c751868ab,Zenodo/TerraDS,iac_benchmark/scenarios/terrads_dd7c751868ab,True,True,0,0,0,0,0,,,,,423.0,2488.0,13.0,0.0,5.0
terrads_6ea22803889d,Zenodo/TerraDS,iac_benchmark/scenarios/terrads_6ea22803889d,True,True,0,0,0,0,0,,,,,601.0,4408.0,31.0,20.0,5.0
terrads_e93e4d5fcd8b,Zenodo/TerraDS,iac_benchmark/scenarios/terrads_e93e4d5fcd8b,True,True,0,0,0,0,0,,,,,447.0,2880.0,25.0,12.0,5.0
terrads_9aeb1987ce40,Zenodo/TerraDS,iac_benchmark/scenarios/terrads_9aeb1987ce40,True,True,0,0,0,0,0,,,,,440.0,2671.0,18.0,13.0,5.0
terrads_2a9b711d0026,Zenodo/TerraDS,iac_benchmark/scenarios/terrads_2a9b711d0026,True,True,0,0,0,0,0,,,,,542.0,4050.0,27.0,4.0,5.0
terrads_640b9e5ed00a,Zenodo/TerraDS,iac_benchmark/scenarios/terrads_640b9e5ed00a,True,True,0,0,0,0,0,,,,,688.0,4927.0,40.0,13.0,5.0
terrads_277a6c157adc,Zenodo/TerraDS,iac_benchmark/scenarios/terrads_277a6c157adc,True,True,0,0,0,0,0,,,,,616.0,3923.0,13.0,7.0,5.0
terrads_db77ef6e3a6c,Zenodo/TerraDS,iac_benchmark/scenarios/terrads_db77ef6e3a6c,True,True,0,0,0,0,0,,,,,542.0,3529.0,25.0,16.0,5.0
terrads_55d71fafc77f,Zenodo/TerraDS,iac_benchmark/scenarios/terrads_55d71fafc77f,True,True,0,0,0,0,0,,,,,488.0,3204.0,33.0,23.0,5.0
terrads_5bb1991e64c7,Zenodo/TerraDS,iac_benchmark/scenarios/terrads_5bb1991e64c7,True,True,0,0,0,0,0,,,,,540.0,3525.0,25.0,16.0,5.0
terrads_898c156a7418,Zenodo/TerraDS,iac_benchmark/scenarios/terrads_898c156a7418,True,True,0,0,0,0,0,,,,,439.0,3163.0,27.0,13.0,5.0
terrads_1da67f20c69c,Zenodo/TerraDS,iac_benchmark/scenarios/terrads_1da67f20c69c,True,True,0,0,0,0,0,,,,,694.0,5109.0,21.0,10.0,5.0
terrads_1f4495315781,Zenodo/TerraDS,iac_benchmark/scenarios/terrads_1f4495315781,True,True,0,0,0,0,0,,,,,449.0,3350.0,19.0,18.0,5.0
terrads_5592d0be4e33,Zenodo/TerraDS,iac_benchmark/scenarios/terrads_5592d0be4e33,True,True,0,0,0,0,0,,,,,441.0,3247.0,21.0,8.0,5.0
terrads_38552541f0c5,Zenodo/TerraDS,iac_benchmark/scenarios/terrads_38552541f0c5,True,True,0,0,0,0,0,,,,,640.0,4908.0,17.0,42.0,5.0
terrads_06a01ccdd5d8,Zenodo/TerraDS,iac_benchmark/scenarios/terrads_06a01ccdd5d8,True,True,0,0,0,0,0,,,,,936.0,6995.0,36.0,43.0,5.0
terrads_cdac931a1f04,Zenodo/TerraDS,iac_benchmark/scenarios/terrads_cdac931a1f04,True,True,0,0,0,0,0,,,,,483.0,3451.0,18.0,8.0,5.0
terrads_f4a8b2edf016,Zenodo/TerraDS,iac_benchmark/scenarios/terrads_f4a8b2edf016,True,True,0,0,0,0,0,,,,,477.0,3685.0,33.0,0.0,5.0
terrads_46448bd51653,Zenodo/TerraDS,iac_benchmark/scenarios/terrads_46448bd51653,True,True,0,0,0,0,0,,,,,878.0,6107.0,45.0,18.0,5.0
terrads_e986b92d876e,Zenodo/TerraDS,iac_benchmark/scenarios/terrads_e986b92d876e,True,True,0,0,0,0,0,,,,,964.0,7953.0,14.0,72.0,5.0
terrads_31bdfabee21d,Zenodo/TerraDS,iac_benchmark/scenarios/terrads_31bdfabee21d,True,True,0,0,0,0,0,,,,,578.0,3796.0,24.0,23.0,5.0
terrads_72ab3a76ae54,Zenodo/TerraDS,iac_benchmark/scenarios/terrads_72ab3a76ae54,True,True,0,0,0,0,0,,,,,462.0,2859.0,26.0,0.0,5.0
terrads_a642fa7a0b05,Zenodo/TerraDS,iac_benchmark/scenarios/terrads_a642fa7a0b05,True,True,0,0,0,0,0,,,,,472.0,3235.0,22.0,7.0,5.0
terrads_6c196fe5bd69,Zenodo/TerraDS,iac_benchmark/scenarios/terrads_6c196fe5bd69,True,True,0,0,0,0,0,,,,,878.0,6107.0,45.0,18.0,5.0
terrads_7689a2b5c296,Zenodo/TerraDS,iac_benchmark/scenarios/terrads_7689a2b5c296,True,True,0,0,0,0,0,,,,,882.0,5914.0,31.0,31.0,5.0
terrads_69d7ae14aa26,Zenodo/TerraDS,iac_benchmark/scenarios/terrads_69d7ae14aa26,True,True,0,0,0,0,0,,,,,922.0,6486.0,30.0,5.0,5.0
terrads_29d8a2f7e1f8,Zenodo/TerraDS,iac_benchmark/scenarios/terrads_29d8a2f7e1f8,True,True,0,0,0,0,0,,,,,827.0,7549.0,54.0,9.0,5.0
terrads_98354806d294,Zenodo/TerraDS,iac_benchmark/scenarios/terrads_98354806d294,True,True,0,0,0,0,0,,,,,614.0,3869.0,52.0,15.0,5.0
gh_1fefbe5b,Tianyi2/IRIS,iac_benchmark/scenarios/gh_1fefbe5b,True,True,0,0,0,0,0,,,,,549.0,3681.0,25.0,7.0,5.0
terrads_42437f9951d9,Zenodo/TerraDS,iac_benchmark/scenarios/terrads_42437f9951d9,True,True,0,0,0,0,0,,,,,463.0,3530.0,35.0,10.0,5.0
terrads_dc8e1c28245a,Zenodo/TerraDS,iac_benchmark/scenarios/terrads_dc8e1c28245a,True,True,0,0,0,0,0,,,,,856.0,6167.0,39.0,11.0,5.0
terrads_3ad53a8a0231,Zenodo/TerraDS,iac_benchmark/scenarios/terrads_3ad53a8a0231,True,True,0,0,0,0,0,,,,,693.0,4626.0,26.0,12.0,5.0
terrads_1811f8d5ac26,Zenodo/TerraDS,iac_benchmark/scenarios/terrads_1811f8d5ac26,True,True,0,0,0,0,0,,,,,859.0,6514.0,42.0,22.0,5.0
terrads_ded3cb931396,Zenodo/TerraDS,iac_benchmark/scenarios/terrads_ded3cb931396,True,True,0,0,0,0,0,,,,,539.0,3524.0,16.0,1.0,5.0
terrads_bf5f670cbb6d,Zenodo/TerraDS,iac_benchmark/scenarios/terrads_bf5f670cbb6d,True,True,0,0,0,0,0,,,,,422.0,2463.0,17.0,11.0,5.0
terrads_a4972d71f4ef,Zenodo/TerraDS,iac_benchmark/scenarios/terrads_a4972d71f4ef,True,True,0,0,0,0,0,,,,,462.0,2884.0,13.0,33.0,5.0
terrads_07f56e93b4d0,Zenodo/TerraDS,iac_benchmark/scenarios/terrads_07f56e93b4d0,True,True,0,0,0,0,0,,,,,649.0,4340.0,62.0,62.0,5.0
terrads_7a8b2431db9a,Zenodo/TerraDS,iac_benchmark/scenarios/terrads_7a8b2431db9a,True,True,0,0,0,0,0,,,,,1171.0,7951.0,81.0,10.0,5.0
terrads_019314866c9e,Zenodo/TerraDS,iac_benchmark/scenarios/terrads_019314866c9e,True,True,0,0,0,0,0,,,,,471.0,2944.0,36.0,0.0,5.0
terrads_432f14d77064,Zenodo/TerraDS,iac_benchmark/scenarios/terrads_432f14d77064,True,True,0,0,0,0,0,,,,,518.0,3467.0,31.0,0.0,5.0
terrads_59c7a602867f,Zenodo/TerraDS,iac_benchmark/scenarios/terrads_59c7a602867f,True,True,0,0,0,0,0,,,,,882.0,5914.0,31.0,31.0,5.0
terrads_d89cb7d1eb4e,Zenodo/TerraDS,iac_benchmark/scenarios/terrads_d89cb7d1eb4e,True,True,0,0,0,0,0,,,,,432.0,2673.0,28.0,0.0,5.0
terrads_885cafde6fe0,Zenodo/TerraDS,iac_benchmark/scenarios/terrads_885cafde6fe0,True,True,0,0,0,0,0,,,,,706.0,4390.0,20.0,20.0,5.0
terrads_e8fce04cc16e,Zenodo/TerraDS,iac_benchmark/scenarios/terrads_e8fce04cc16e,True,True,0,0,0,0,0,,,,,590.0,3883.0,13.0,37.0,5.0
terrads_9c36eb7a874a,Zenodo/TerraDS,iac_benchmark/scenarios/terrads_9c36eb7a874a,True,True,0,0,0,0,0,,,,,908.0,6044.0,57.0,0.0,5.0
terrads_da015644ed22,Zenodo/TerraDS,iac_benchmark/scenarios/terrads_da015644ed22,True,True,0,0,0,0,0,,,,,531.0,3469.0,32.0,10.0,5.0
terrads_154ce6000d8f,Zenodo/TerraDS,iac_benchmark/scenarios/terrads_154ce6000d8f,True,True,0,0,0,0,0,,,,,556.0,3637.0,21.0,14.0,5.0
terrads_d35223c15b5c,Zenodo/TerraDS,iac_benchmark/scenarios/terrads_d35223c15b5c,True,True,0,0,0,0,0,,,,,742.0,5019.0,26.0,1.0,5.0
terrads_679fd52a57e0,Zenodo/TerraDS,iac_benchmark/scenarios/terrads_679fd52a57e0,True,True,0,0,0,0,0,,,,,440.0,2671.0,18.0,13.0,5.0
terrads_c488e88c9e10,Zenodo/TerraDS,iac_benchmark/scenarios/terrads_c488e88c9e10,True,True,0,0,0,0,0,,,,,882.0,5914.0,31.0,31.0,5.0
terrads_c980abde6ccb,Zenodo/TerraDS,iac_benchmark/scenarios/terrads_c980abde6ccb,True,True,0,0,0,0,0,,,,,442.0,2828.0,20.0,14.0,5.0
terrads_734393023a1f,Zenodo/TerraDS,iac_benchmark/scenarios/terrads_734393023a1f,True,True,0,0,0,0,0,,,,,493.0,3105.0,22.0,0.0,5.0
terrads_a2e3d1343490,Zenodo/TerraDS,iac_benchmark/scenarios/terrads_a2e3d1343490,True,True,0,0,0,0,0,,,,,836.0,5620.0,28.0,27.0,5.0
terrads_7e477efdbbf8,Zenodo/TerraDS,iac_benchmark/scenarios/terrads_7e477efdbbf8,True,True,0,0,0,0,0,,,,,746.0,6044.0,36.0,27.0,5.0
terrads_2eb1c0604102,Zenodo/TerraDS,iac_benchmark/scenarios/terrads_2eb1c0604102,True,True,0,0,0,0,0,,,,,465.0,3102.0,14.0,26.0,5.0
terrads_60a2a208bbd4,Zenodo/TerraDS,iac_benchmark/scenarios/terrads_60a2a208bbd4,True,True,0,0,0,0,0,,,,,732.0,4878.0,15.0,21.0,5.0
terrads_15dfe4dc8ce3,Zenodo/TerraDS,iac_benchmark/scenarios/terrads_15dfe4dc8ce3,True,True,0,0,0,0,0,,,,,498.0,3782.0,25.0,14.0,5.0
terrads_a00907f7f017,Zenodo/TerraDS,iac_benchmark/scenarios/terrads_a00907f7f017,True,True,0,0,0,0,0,,,,,831.0,5759.0,26.0,5.0,5.0
terrads_1b520bb7f2df,Zenodo/TerraDS,iac_benchmark/scenarios/terrads_1b520bb7f2df,True,True,0,0,0,0,0,,,,,502.0,4630.0,22.0,20.0,5.0
terrads_8752ddab55bd,Zenodo/TerraDS,iac_benchmark/scenarios/terrads_8752ddab55bd,True,True,0,0,0,0,0,,,,,443.0,2946.0,29.0,1.0,5.0
gh_4ddbc9d6,antonputra/tutorials,iac_benchmark/scenarios/gh_4ddbc9d6,True,True,0,0,0,0,0,,,,,539.0,3691.0,20.0,0.0,5.0
terrads_fbdece1a955b,Zenodo/TerraDS,iac_benchmark/scenarios/terrads_fbdece1a955b,True,True,0,0,0,0,0,,,,,540.0,3525.0,25.0,16.0,5.0
terrads_7a722a922310,Zenodo/TerraDS,iac_benchmark/scenarios/terrads_7a722a922310,True,True,0,0,0,0,0,,,,,567.0,3878.0,39.0,0.0,5.0
terrads_77073199c928,Zenodo/TerraDS,iac_benchmark/scenarios/terrads_77073199c928,True,True,0,0,0,0,0,,,,,713.0,5030.0,17.0,20.0,5.0
terrads_d9735559671a,Zenodo/TerraDS,iac_benchmark/scenarios/terrads_d9735559671a,True,True,0,0,0,0,0,,,,,632.0,4139.0,40.0,5.0,5.0
terrads_fe49aa4e4a85,Zenodo/TerraDS,iac_benchmark/scenarios/terrads_fe49aa4e4a85,True,True,0,0,0,0,0,,,,,598.0,5145.0,61.0,2.0,5.0
terrads_749eb9bb8931,Zenodo/TerraDS,iac_benchmark/scenarios/terrads_749eb9bb8931,True,True,0,0,0,0,0,,,,,724.0,5127.0,44.0,14.0,5.0
terrads_d0c03d0ed86d,Zenodo/TerraDS,iac_benchmark/scenarios/terrads_d0c03d0ed86d,True,True,0,0,0,0,0,,,,,540.0,3525.0,25.0,16.0,5.0
terrads_28a1be624256,Zenodo/TerraDS,iac_benchmark/scenarios/terrads_28a1be624256,True,True,0,0,0,0,0,,,,,510.0,3566.0,12.0,15.0,5.0
terrads_1409b0a0dc75,Zenodo/TerraDS,iac_benchmark/scenarios/terrads_1409b0a0dc75,True,True,0,0,0,0,0,,,,,707.0,4499.0,28.0,19.0,5.0
terrads_c00acbe604c9,Zenodo/TerraDS,iac_benchmark/scenarios/terrads_c00acbe604c9,True,True,0,0,0,0,0,,,,,539.0,3691.0,20.0,0.0,5.0
terrads_c8e354b3ea37,Zenodo/TerraDS,iac_benchmark/scenarios/terrads_c8e354b3ea37,True,True,0,0,0,0,0,,,,,415.0,3054.0,30.0,0.0,5.0
terrads_17b075df5dd3,Zenodo/TerraDS,iac_benchmark/scenarios/terrads_17b075df5dd3,True,True,0,0,0,0,0,,,,,1072.0,7988.0,26.0,15.0,5.0
terrads_cd9a6bdd9f1b,Zenodo/TerraDS,iac_benchmark/scenarios/terrads_cd9a6bdd9f1b,True,True,0,0,0,0,0,,,,,681.0,4455.0,33.0,12.0,5.0
terrads_b6f582db88ad,Zenodo/TerraDS,iac_benchmark/scenarios/terrads_b6f582db88ad,True,True,0,0,0,0,0,,,,,563.0,4783.0,37.0,8.0,5.0
terrads_a699930241b7,Zenodo/TerraDS,iac_benchmark/scenarios/terrads_a699930241b7,True,True,0,0,0,0,0,,,,,882.0,5914.0,31.0,31.0,5.0
terrads_5199e3e49428,Zenodo/TerraDS,iac_benchmark/scenarios/terrads_5199e3e49428,True,True,0,0,0,0,0,,,,,729.0,6130.0,12.0,49.0,5.0
terrads_35153c04e98a,Zenodo/TerraDS,iac_benchmark/scenarios/terrads_35153c04e98a,True,True,0,0,0,0,0,,,,,486.0,3123.0,28.0,13.0,5.0
terrads_4d913ff1291f,Zenodo/TerraDS,iac_benchmark/scenarios/terrads_4d913ff1291f,True,True,0,0,0,0,0,,,,,882.0,5914.0,31.0,31.0,5.0
terrads_9f6c5bee991f,Zenodo/TerraDS,iac_benchmark/scenarios/terrads_9f6c5bee991f,True,True,0,0,0,0,0,,,,,565.0,3952.0,17.0,21.0,5.0
terrads_0ca4204eae7c,Zenodo/TerraDS,iac_benchmark/scenarios/terrads_0ca4204eae7c,True,True,0,0,0,0,0,,,,,734.0,4903.0,25.0,1.0,5.0
terrads_227cb3f69b7a,Zenodo/TerraDS,iac_benchmark/scenarios/terrads_227cb3f69b7a,True,True,0,0,0,0,0,,,,,728.0,5200.0,31.0,4.0,5.0
terrads_89fdbba3c992,Zenodo/TerraDS,iac_benchmark/scenarios/terrads_89fdbba3c992,True,True,0,0,0,0,0,,,,,605.0,4728.0,25.0,28.0,5.0
terrads_d358d65c167c,Zenodo/TerraDS,iac_benchmark/scenarios/terrads_d358d65c167c,True,True,0,0,0,0,0,,,,,432.0,2673.0,28.0,0.0,5.0
terrads_1feeddce6e4a,Zenodo/TerraDS,iac_benchmark/scenarios/terrads_1feeddce6e4a,True,True,0,0,0,0,0,,,,,741.0,5873.0,23.0,25.0,5.0
terrads_222162449656,Zenodo/TerraDS,iac_benchmark/scenarios/terrads_222162449656,True,True,0,0,0,0,0,,,,,437.0,3283.0,22.0,17.0,5.0
terrads_c792423da8fc,Zenodo/TerraDS,iac_benchmark/scenarios/terrads_c792423da8fc,True,True,0,0,0,0,0,,,,,563.0,3915.0,35.0,0.0,5.0
terrads_a930def8a0b2,Zenodo/TerraDS,iac_benchmark/scenarios/terrads_a930def8a0b2,True,True,0,0,0,0,0,,,,,517.0,3350.0,28.0,13.0,5.0
terrads_2035903118cd,Zenodo/TerraDS,iac_benchmark/scenarios/terrads_2035903118cd,True,True,0,0,0,0,0,,,,,631.0,4540.0,21.0,20.0,5.0
terrads_f8ad30d5f411,Zenodo/TerraDS,iac_benchmark/scenarios/terrads_f8ad30d5f411,True,True,0,0,0,0,0,,,,,804.0,5510.0,33.0,18.0,5.0
terrads_bc68d76f3da5,Zenodo/TerraDS,iac_benchmark/scenarios/terrads_bc68d76f3da5,True,True,0,0,0,0,0,,,,,467.0,3063.0,17.0,13.0,5.0
terrads_f4fb7e71ee74,Zenodo/TerraDS,iac_benchmark/scenarios/terrads_f4fb7e71ee74,True,True,0,0,0,0,0,,,,,639.0,4008.0,33.0,45.0,5.0
terrads_f9c17f374629,Zenodo/TerraDS,iac_benchmark/scenarios/terrads_f9c17f374629,True,True,0,0,0,0,0,,,,,501.0,2926.0,17.0,21.0,5.0
terrads_5210ec01b135,Zenodo/TerraDS,iac_benchmark/scenarios/terrads_5210ec01b135,True,True,0,0,0,0,0,,,,,893.0,7023.0,30.0,6.0,5.0
terrads_20ea0ead3125,Zenodo/TerraDS,iac_benchmark/scenarios/terrads_20ea0ead3125,True,True,0,0,0,0,0,,,,,819.0,6559.0,38.0,35.0,5.0
terrads_ef580425865c,Zenodo/TerraDS,iac_benchmark/scenarios/terrads_ef580425865c,True,True,0,0,0,0,0,,,,,480.0,3409.0,32.0,12.0,5.0
terrads_5423e6627d3d,Zenodo/TerraDS,iac_benchmark/scenarios/terrads_5423e6627d3d,True,True,0,0,0,0,0,,,,,411.0,2550.0,15.0,17.0,5.0
terrads_62ed70034e65,Zenodo/TerraDS,iac_benchmark/scenarios/terrads_62ed70034e65,True,True,0,0,0,0,0,,,,,801.0,5331.0,26.0,38.0,5.0
terrads_55e6b1e6ab6d,Zenodo/TerraDS,iac_benchmark/scenarios/terrads_55e6b1e6ab6d,True,True,0,0,0,0,0,,,,,540.0,3525.0,25.0,16.0,5.0
terrads_9091a0b4d053,Zenodo/TerraDS,iac_benchmark/scenarios/terrads_9091a0b4d053,True,True,0,0,0,0,0,,,,,547.0,3907.0,17.0,30.0,5.0
terrads_9af11edede11,Zenodo/TerraDS,iac_benchmark/scenarios/terrads_9af11edede11,True,True,0,0,0,0,0,,,,,480.0,3289.0,32.0,13.0,5.0
terrads_533081966114,Zenodo/TerraDS,iac_benchmark/scenarios/terrads_533081966114,True,True,0,0,0,0,0,,,,,570.0,3107.0,14.0,11.0,5.0
terrads_0ac6c2b0c297,Zenodo/TerraDS,iac_benchmark/scenarios/terrads_0ac6c2b0c297,True,True,0,0,0,0,0,,,,,450.0,2802.0,22.0,9.0,5.0
terrads_f4d3810b486a,Zenodo/TerraDS,iac_benchmark/scenarios/terrads_f4d3810b486a,True,True,0,0,0,0,0,,,,,1121.0,7928.0,21.0,18.0,5.0
terrads_182b854d686c,Zenodo/TerraDS,iac_benchmark/scenarios/terrads_182b854d686c,True,True,0,0,0,0,0,,,,,742.0,5019.0,26.0,1.0,5.0
terrads_e4f34936fd30,Zenodo/TerraDS,iac_benchmark/scenarios/terrads_e4f34936fd30,True,True,0,0,0,0,0,,,,,899.0,6465.0,46.0,0.0,5.0
terrads_03c0ca67ca86,Zenodo/TerraDS,iac_benchmark/scenarios/terrads_03c0ca67ca86,True,True,0,0,0,0,0,,,,,420.0,3552.0,31.0,0.0,5.0
terrads_a013e9f8c264,Zenodo/TerraDS,iac_benchmark/scenarios/terrads_a013e9f8c264,True,True,0,0,0,0,0,,,,,739.0,5004.0,26.0,1.0,5.0
terrads_82e56db9d67b,Zenodo/TerraDS,iac_benchmark/scenarios/terrads_82e56db9d67b,True,True,0,0,0,0,0,,,,,899.0,7582.0,48.0,45.0,5.0
terrads_df78383585e5,Zenodo/TerraDS,iac_benchmark/scenarios/terrads_df78383585e5,True,True,0,0,0,0,0,,,,,559.0,3302.0,21.0,21.0,5.0
terrads_c70f17442af5,Zenodo/TerraDS,iac_benchmark/scenarios/terrads_c70f17442af5,True,True,0,0,0,0,0,,,,,915.0,6079.0,57.0,0.0,5.0
terrads_84c81f4dd506,Zenodo/TerraDS,iac_benchmark/scenarios/terrads_84c81f4dd506,True,True,0,0,0,0,0,,,,,441.0,2701.0,28.0,0.0,5.0
terrads_e2ef15aea6a7,Zenodo/TerraDS,iac_benchmark/scenarios/terrads_e2ef15aea6a7,True,True,0,0,0,0,0,,,,,408.0,2523.0,15.0,17.0,5.0
terrads_aa72234b31c1,Zenodo/TerraDS,iac_benchmark/scenarios/terrads_aa72234b31c1,True,True,0,0,0,0,0,,,,,414.0,3131.0,12.0,9.0,5.0
terrads_c9b714e2b066,Zenodo/TerraDS,iac_benchmark/scenarios/terrads_c9b714e2b066,True,True,0,0,0,0,0,,,,,764.0,4990.0,32.0,20.0,5.0
terrads_3ac3bd25ac90,Zenodo/TerraDS,iac_benchmark/scenarios/terrads_3ac3bd25ac90,True,True,0,0,0,0,0,,,,,610.0,4023.0,35.0,0.0,5.0
terrads_e8f5bfe62c9b,Zenodo/TerraDS,iac_benchmark/scenarios/terrads_e8f5bfe62c9b,True,True,0,0,0,0,0,,,,,705.0,5606.0,12.0,44.0,5.0
terrads_50de7addc51b,Zenodo/TerraDS,iac_benchmark/scenarios/terrads_50de7addc51b,True,True,0,0,0,0,0,,,,,541.0,3527.0,24.0,16.0,5.0
terrads_711d16a9a565,Zenodo/TerraDS,iac_benchmark/scenarios/terrads_711d16a9a565,True,True,0,0,0,0,0,,,,,968.0,6569.0,41.0,19.0,5.0
terrads_ecb32b205609,Zenodo/TerraDS,iac_benchmark/scenarios/terrads_ecb32b205609,True,True,0,0,0,0,0,,,,,541.0,3527.0,24.0,16.0,5.0
terrads_17158ade2597,Zenodo/TerraDS,iac_benchmark/scenarios/terrads_17158ade2597,True,True,0,0,0,0,0,,,,,764.0,5435.0,16.0,45.0,5.0
terrads_dcfd05f3ba14,Zenodo/TerraDS,iac_benchmark/scenarios/terrads_dcfd05f3ba14,True,True,0,0,0,0,0,,,,,697.0,4924.0,61.0,4.0,5.0
terrads_1bf8250fab0b,Zenodo/TerraDS,iac_benchmark/scenarios/terrads_1bf8250fab0b,True,True,0,0,0,0,0,,,,,610.0,4023.0,35.0,0.0,5.0
terrads_b68a7987dcc1,Zenodo/TerraDS,iac_benchmark/scenarios/terrads_b68a7987dcc1,True,True,0,0,0,0,0,,,,,882.0,5914.0,31.0,31.0,5.0
terrads_298f7d24f33e,Zenodo/TerraDS,iac_benchmark/scenarios/terrads_298f7d24f33e,True,True,0,0,0,0,0,,,,,499.0,3193.0,15.0,20.0,5.0
terrads_1575b4a91291,Zenodo/TerraDS,iac_benchmark/scenarios/terrads_1575b4a91291,True,True,0,0,0,0,0,,,,,551.0,4027.0,19.0,20.0,5.0
terrads_e2719e0ac94f,Zenodo/TerraDS,iac_benchmark/scenarios/terrads_e2719e0ac94f,True,True,0,0,0,0,0,,,,,580.0,3596.0,21.0,22.0,5.0
terrads_6a1cdc7bcca5,Zenodo/TerraDS,iac_benchmark/scenarios/terrads_6a1cdc7bcca5,True,True,0,0,0,0,0,,,,,725.0,5132.0,13.0,29.0,5.0
terrads_6e7c4fac8535,Zenodo/TerraDS,iac_benchmark/scenarios/terrads_6e7c4fac8535,True,True,0,0,0,0,0,,,,,418.0,3277.0,17.0,15.0,5.0
terrads_eda598aca819,Zenodo/TerraDS,iac_benchmark/scenarios/terrads_eda598aca819,True,True,0,0,0,0,0,,,,,734.0,4903.0,25.0,1.0,5.0
terrads_46a3e08552f4,Zenodo/TerraDS,iac_benchmark/scenarios/terrads_46a3e08552f4,True,True,0,0,0,0,0,,,,,491.0,3159.0,30.0,11.0,5.0
terrads_2c75d77acdda,Zenodo/TerraDS,iac_benchmark/scenarios/terrads_2c75d77acdda,True,True,0,0,0,0,0,,,,,625.0,4345.0,32.0,11.0,5.0
terrads_32a900ed079f,Zenodo/TerraDS,iac_benchmark/scenarios/terrads_32a900ed079f,True,True,0,0,0,0,0,,,,,620.0,4600.0,29.0,11.0,5.0
terrads_74cdbe59cb3a,Zenodo/TerraDS,iac_benchmark/scenarios/terrads_74cdbe59cb3a,True,True,0,0,0,0,0,,,,,852.0,7070.0,41.0,26.0,5.0
terrads_d185fe90b03f,Zenodo/TerraDS,iac_benchmark/scenarios/terrads_d185fe90b03f,True,True,0,0,0,0,0,,,,,422.0,2463.0,17.0,11.0,5.0
terrads_6274e9abcc8b,Zenodo/TerraDS,iac_benchmark/scenarios/terrads_6274e9abcc8b,True,True,0,0,0,0,0,,,,,636.0,4581.0,21.0,20.0,5.0
terrads_1dd00dac17e0,Zenodo/TerraDS,iac_benchmark/scenarios/terrads_1dd00dac17e0,True,True,0,0,0,0,0,,,,,633.0,5436.0,16.0,35.0,5.0
terrads_1b2eea6df1a9,Zenodo/TerraDS,iac_benchmark/scenarios/terrads_1b2eea6df1a9,True,True,0,0,0,0,0,,,,,596.0,4159.0,19.0,28.0,5.0
gh_46ef5905,Tianyi2/IRIS,iac_benchmark/scenarios/gh_46ef5905,True,True,0,0,0,0,0,,,,,774.0,5424.0,39.0,25.0,5.0
terrads_5e3ee43a1f71,Zenodo/TerraDS,iac_benchmark/scenarios/terrads_5e3ee43a1f71,True,True,0,0,0,0,0,,,,,742.0,5019.0,26.0,1.0,5.0
terrads_7b0fe547dd6c,Zenodo/TerraDS,iac_benchmark/scenarios/terrads_7b0fe547dd6c,True,True,0,0,0,0,0,,,,,817.0,6135.0,54.0,12.0,5.0
terrads_5346886b18da,Zenodo/TerraDS,iac_benchmark/scenarios/terrads_5346886b18da,True,True,0,0,0,0,0,,,,,529.0,3382.0,12.0,11.0,5.0
terrads_8b7a0e20b508,Zenodo/TerraDS,iac_benchmark/scenarios/terrads_8b7a0e20b508,True,True,0,0,0,0,0,,,,,633.0,4756.0,33.0,14.0,5.0
terrads_180a550409f1,Zenodo/TerraDS,iac_benchmark/scenarios/terrads_180a550409f1,True,True,0,0,0,0,0,,,,,507.0,3506.0,29.0,19.0,5.0
terrads_17ac4e089a4a,Zenodo/TerraDS,iac_benchmark/scenarios/terrads_17ac4e089a4a,True,True,0,0,0,0,0,,,,,842.0,5899.0,35.0,17.0,5.0
terrads_bbefd08a30d1,Zenodo/TerraDS,iac_benchmark/scenarios/terrads_bbefd08a30d1,True,True,0,0,0,0,0,,,,,723.0,5730.0,39.0,11.0,5.0
terrads_a98a98404a00,Zenodo/TerraDS,iac_benchmark/scenarios/terrads_a98a98404a00,True,True,0,0,0,0,0,,,,,937.0,7000.0,36.0,43.0,5.0
terrads_4716b2d213de,Zenodo/TerraDS,iac_benchmark/scenarios/terrads_4716b2d213de,True,True,0,0,0,0,0,,,,,894.0,6161.0,46.0,10.0,5.0
gh_b9c85240,Tianyi2/IRIS,iac_benchmark/scenarios/gh_b9c85240,True,True,0,0,0,0,0,,,,,882.0,5914.0,31.0,31.0,5.0
terrads_6f773115982e,Zenodo/TerraDS,iac_benchmark/scenarios/terrads_6f773115982e,True,True,0,0,0,0,0,,,,,424.0,2401.0,25.0,7.0,5.0
terrads_bb721d27683c,Zenodo/TerraDS,iac_benchmark/scenarios/terrads_bb721d27683c,True,True,0,0,0,0,0,,,,,539.0,3691.0,20.0,0.0,5.0
gh_ec7291e1,Tianyi2/IRIS,iac_benchmark/scenarios/gh_ec7291e1,True,True,0,0,0,0,0,,,,,905.0,6952.0,43.0,22.0,5.0
terrads_8d8aba24c8d6,Zenodo/TerraDS,iac_benchmark/scenarios/terrads_8d8aba24c8d6,True,True,0,0,0,0,0,,,,,837.0,5795.0,19.0,66.0,5.0
terrads_d1ced0cec982,Zenodo/TerraDS,iac_benchmark/scenarios/terrads_d1ced0cec982,True,True,0,0,0,0,0,,,,,1139.0,7784.0,48.0,16.0,5.0
terrads_365be2252750,Zenodo/TerraDS,iac_benchmark/scenarios/terrads_365be2252750,True,True,0,0,0,0,0,,,,,480.0,3025.0,16.0,19.0,5.0
terrads_e456ae34008d,Zenodo/TerraDS,iac_benchmark/scenarios/terrads_e456ae34008d,True,True,0,0,0,0,0,,,,,401.0,2701.0,27.0,1.0,5.0
terrads_aef022e2a251,Zenodo/TerraDS,iac_benchmark/scenarios/terrads_aef022e2a251,True,True,0,0,0,0,0,,,,,612.0,4399.0,25.0,33.0,5.0
terrads_ddb4a2199dd9,Zenodo/TerraDS,iac_benchmark/scenarios/terrads_ddb4a2199dd9,True,True,0,0,0,0,0,,,,,540.0,3525.0,25.0,16.0,5.0
terrads_54155f8ecc56,Zenodo/TerraDS,iac_benchmark/scenarios/terrads_54155f8ecc56,True,True,0,0,0,0,0,,,,,947.0,7289.0,85.0,3.0,5.0
terrads_239be19cdb03,Zenodo/TerraDS,iac_benchmark/scenarios/terrads_239be19cdb03,True,True,0,0,0,0,0,,,,,548.0,3722.0,29.0,9.0,5.0
terrads_0f008a0fab11,Zenodo/TerraDS,iac_benchmark/scenarios/terrads_0f008a0fab11,True,True,0,0,0,0,0,,,,,638.0,4253.0,24.0,17.0,5.0
terrads_15a8104f2cd8,Zenodo/TerraDS,iac_benchmark/scenarios/terrads_15a8104f2cd8,True,True,0,0,0,0,0,,,,,574.0,4695.0,18.0,20.0,5.0
terrads_ba8bd6655956,Zenodo/TerraDS,iac_benchmark/scenarios/terrads_ba8bd6655956,True,True,0,0,0,0,0,,,,,506.0,3450.0,30.0,14.0,5.0
terrads_8fb4a0eea033,Zenodo/TerraDS,iac_benchmark/scenarios/terrads_8fb4a0eea033,True,True,0,0,0,0,0,,,,,677.0,5196.0,44.0,8.0,5.0
gh_853df6c5,futurice/terraform-examples,iac_benchmark/scenarios/gh_853df6c5,True,True,0,0,0,0,0,,,,,882.0,5914.0,31.0,31.0,5.0
terrads_28a0128221ff,Zenodo/TerraDS,iac_benchmark/scenarios/terrads_28a0128221ff,True,True,0,0,0,0,0,,,,,734.0,4903.0,25.0,1.0,5.0
terrads_0b0e3cc6d218,Zenodo/TerraDS,iac_benchmark/scenarios/terrads_0b0e3cc6d218,True,True,0,0,0,0,0,,,,,644.0,5581.0,30.0,19.0,5.0
terrads_154458bd5871,Zenodo/TerraDS,iac_benchmark/scenarios/terrads_154458bd5871,True,True,0,0,0,0,0,,,,,443.0,2946.0,29.0,1.0,5.0
terrads_b627f4f22899,Zenodo/TerraDS,iac_benchmark/scenarios/terrads_b627f4f22899,True,True,0,0,0,0,0,,,,,597.0,4661.0,31.0,0.0,5.0
terrads_950ffa29978a,Zenodo/TerraDS,iac_benchmark/scenarios/terrads_950ffa29978a,True,True,0,0,0,0,0,,,,,471.0,2944.0,36.0,0.0,5.0
terrads_3c84172939f0,Zenodo/TerraDS,iac_benchmark/scenarios/terrads_3c84172939f0,True,True,0,0,0,0,0,,,,,605.0,4728.0,25.0,28.0,5.0
terrads_b52191e7143b,Zenodo/TerraDS,iac_benchmark/scenarios/terrads_b52191e7143b,True,True,0,0,0,0,0,,,,,609.0,4583.0,19.0,11.0,5.0
terrads_f4d91d403bfe,Zenodo/TerraDS,iac_benchmark/scenarios/terrads_f4d91d403bfe,True,True,0,0,0,0,0,,,,,483.0,3233.0,14.0,8.0,5.0
terrads_1a1312ae7b93,Zenodo/TerraDS,iac_benchmark/scenarios/terrads_1a1312ae7b93,True,True,0,0,0,0,0,,,,,540.0,3525.0,25.0,16.0,5.0
terrads_dc3da9716216,Zenodo/TerraDS,iac_benchmark/scenarios/terrads_dc3da9716216,True,True,0,0,0,0,0,,,,,530.0,3204.0,29.0,13.0,5.0
terrads_5b0b45e030bb,Zenodo/TerraDS,iac_benchmark/scenarios/terrads_5b0b45e030bb,True,True,0,0,0,0,0,,,,,725.0,7120.0,35.0,0.0,5.0
terrads_2346fa337f7a,Zenodo/TerraDS,iac_benchmark/scenarios/terrads_2346fa337f7a,True,True,0,0,0,0,0,,,,,670.0,4700.0,27.0,18.0,5.0
gh_b465b250,Tianyi2/IRIS,iac_benchmark/scenarios/gh_b465b250,True,True,0,0,0,0,0,,,,,405.0,2817.0,22.0,15.0,5.0
terrads_8ef2131b09f4,Zenodo/TerraDS,iac_benchmark/scenarios/terrads_8ef2131b09f4,True,True,0,0,0,0,0,,,,,432.0,2673.0,28.0,0.0,5.0
terrads_a2c8b73c07c7,Zenodo/TerraDS,iac_benchmark/scenarios/terrads_a2c8b73c07c7,True,True,0,0,0,0,0,,,,,419.0,3324.0,18.0,15.0,5.0
terrads_42f26498f123,Zenodo/TerraDS,iac_benchmark/scenarios/terrads_42f26498f123,True,True,0,0,0,0,0,,,,,752.0,5465.0,34.0,12.0,5.0
terrads_ef5bae4fffb2,Zenodo/TerraDS,iac_benchmark/scenarios/terrads_ef5bae4fffb2,True,True,0,0,0,0,0,,,,,406.0,2738.0,21.0,0.0,5.0
terrads_187ba9276d60,Zenodo/TerraDS,iac_benchmark/scenarios/terrads_187ba9276d60,True,True,0,0,0,0,0,,,,,598.0,4719.0,13.0,8.0,5.0
terrads_0b63cd0c5a26,Zenodo/TerraDS,iac_benchmark/scenarios/terrads_0b63cd0c5a26,True,True,0,0,0,0,0,,,,,414.0,3084.0,18.0,8.0,5.0
terrads_2b342ece7f3b,Zenodo/TerraDS,iac_benchmark/scenarios/terrads_2b342ece7f3b,True,True,0,0,0,0,0,,,,,916.0,6766.0,17.0,31.0,5.0
terrads_371d7599d6a8,Zenodo/TerraDS,iac_benchmark/scenarios/terrads_371d7599d6a8,True,True,0,0,0,0,0,,,,,711.0,5065.0,35.0,35.0,5.0
terrads_725c75fb48a1,Zenodo/TerraDS,iac_benchmark/scenarios/terrads_725c75fb48a1,True,True,0,0,0,0,0,,,,,748.0,5028.0,38.0,12.0,5.0
terrads_3f6055eda5f2,Zenodo/TerraDS,iac_benchmark/scenarios/terrads_3f6055eda5f2,True,True,0,0,0,0,0,,,,,471.0,2712.0,15.0,34.0,5.0
terrads_5cd4ab51442d,Zenodo/TerraDS,iac_benchmark/scenarios/terrads_5cd4ab51442d,True,True,0,0,0,0,0,,,,,734.0,4903.0,25.0,1.0,5.0
terrads_9446a39a9792,Zenodo/TerraDS,iac_benchmark/scenarios/terrads_9446a39a9792,True,True,0,0,0,0,0,,,,,537.0,5078.0,14.0,47.0,5.0
terrads_661aa3bda676,Zenodo/TerraDS,iac_benchmark/scenarios/terrads_661aa3bda676,True,True,0,0,0,0,0,,,,,422.0,2463.0,17.0,11.0,5.0
terrads_5b1965a57f67,Zenodo/TerraDS,iac_benchmark/scenarios/terrads_5b1965a57f67,True,True,0,0,0,0,0,,,,,466.0,3396.0,32.0,11.0,5.0
terrads_9002dfe22eb4,Zenodo/TerraDS,iac_benchmark/scenarios/terrads_9002dfe22eb4,True,True,0,0,0,0,0,,,,,742.0,5019.0,26.0,1.0,5.0
terrads_c55eefd22dd6,Zenodo/TerraDS,iac_benchmark/scenarios/terrads_c55eefd22dd6,True,True,0,0,0,0,0,,,,,638.0,3235.0,23.0,8.0,5.0
terrads_91472f4bb2c1,Zenodo/TerraDS,iac_benchmark/scenarios/terrads_91472f4bb2c1,True,True,0,0,0,0,0,,,,,734.0,4903.0,25.0,1.0,5.0
terrads_c7e5a495d72e,Zenodo/TerraDS,iac_benchmark/scenarios/terrads_c7e5a495d72e,True,True,0,0,0,0,0,,,,,899.0,6465.0,46.0,0.0,5.0
terrads_592d18277da7,Zenodo/TerraDS,iac_benchmark/scenarios/terrads_592d18277da7,True,True,0,0,0,0,0,,,,,443.0,2946.0,29.0,1.0,5.0
terrads_9f7b5d1415fe,Zenodo/TerraDS,iac_benchmark/scenarios/terrads_9f7b5d1415fe,True,True,0,0,0,0,0,,,,,502.0,3367.0,30.0,15.0,5.0
terrads_03835e61d99b,Zenodo/TerraDS,iac_benchmark/scenarios/terrads_03835e61d99b,True,True,0,0,0,0,0,,,,,484.0,3451.0,23.0,8.0,5.0
terrads_5702de5068e9,Zenodo/TerraDS,iac_benchmark/scenarios/terrads_5702de5068e9,True,True,0,0,0,0,0,,,,,719.0,4598.0,12.0,7.0,5.0
terrads_163d063ceeb9,Zenodo/TerraDS,iac_benchmark/scenarios/terrads_163d063ceeb9,True,True,0,0,0,0,0,,,,,528.0,3917.0,21.0,29.0,5.0
terrads_e375244894dc,Zenodo/TerraDS,iac_benchmark/scenarios/terrads_e375244894dc,True,True,0,0,0,0,0,,,,,452.0,2736.0,29.0,6.0,5.0
terrads_6baf4778b5fd,Zenodo/TerraDS,iac_benchmark/scenarios/terrads_6baf4778b5fd,True,True,0,0,0,0,0,,,,,440.0,2671.0,18.0,13.0,5.0
terrads_cde4ebfd2fc9,Zenodo/TerraDS,iac_benchmark/scenarios/terrads_cde4ebfd2fc9,True,True,0,0,0,0,0,,,,,473.0,3537.0,16.0,23.0,5.0
terrads_fc6a3c867e3f,Zenodo/TerraDS,iac_benchmark/scenarios/terrads_fc6a3c867e3f,True,True,0,0,0,0,0,,,,,444.0,2978.0,22.0,23.0,5.0
terrads_0dfd717be17a,Zenodo/TerraDS,iac_benchmark/scenarios/terrads_0dfd717be17a,True,True,0,0,0,0,0,,,,,641.0,4625.0,52.0,0.0,5.0
terrads_cd7b1fb36bf0,Zenodo/TerraDS,iac_benchmark/scenarios/terrads_cd7b1fb36bf0,True,True,0,0,0,0,0,,,,,870.0,5401.0,23.0,10.0,5.0
terrads_f121ea3c3eaf,Zenodo/TerraDS,iac_benchmark/scenarios/terrads_f121ea3c3eaf,True,True,0,0,0,0,0,,,,,416.0,3051.0,16.0,14.0,5.0
terrads_ff7908e96e77,Zenodo/TerraDS,iac_benchmark/scenarios/terrads_ff7908e96e77,True,True,0,0,0,0,0,,,,,1042.0,7272.0,31.0,39.0,5.0
terrads_69dc1cfcae56,Zenodo/TerraDS,iac_benchmark/scenarios/terrads_69dc1cfcae56,True,True,0,0,0,0,0,,,,,489.0,3632.0,25.0,0.0,5.0
terrads_a8cbe9157f65,Zenodo/TerraDS,iac_benchmark/scenarios/terrads_a8cbe9157f65,True,True,0,0,0,0,0,,,,,485.0,3235.0,23.0,0.0,5.0
terrads_d3b647ade8e0,Zenodo/TerraDS,iac_benchmark/scenarios/terrads_d3b647ade8e0,True,True,0,0,0,0,0,,,,,565.0,4001.0,25.0,1.0,5.0
terrads_7e6f7adf8bd5,Zenodo/TerraDS,iac_benchmark/scenarios/terrads_7e6f7adf8bd5,True,True,0,0,0,0,0,,,,,551.0,3530.0,29.0,3.0,5.0
terrads_3a2e9cadbd56,Zenodo/TerraDS,iac_benchmark/scenarios/terrads_3a2e9cadbd56,True,True,0,0,0,0,0,,,,,731.0,4903.0,25.0,1.0,5.0
terrads_b7119a5f42ed,Zenodo/TerraDS,iac_benchmark/scenarios/terrads_b7119a5f42ed,True,True,0,0,0,0,0,,,,,796.0,6034.0,32.0,23.0,5.0
terrads_e4ce2992fe35,Zenodo/TerraDS,iac_benchmark/scenarios/terrads_e4ce2992fe35,True,True,0,0,0,0,0,,,,,438.0,2875.0,15.0,19.0,5.0
terrads_72796af3aade,Zenodo/TerraDS,iac_benchmark/scenarios/terrads_72796af3aade,True,True,0,0,0,0,0,,,,,415.0,3004.0,24.0,0.0,5.0
terrads_b0a68ef0b430,Zenodo/TerraDS,iac_benchmark/scenarios/terrads_b0a68ef0b430,True,True,0,0,0,0,0,,,,,481.0,2714.0,29.0,6.0,5.0
terrads_55fcf80feb47,Zenodo/TerraDS,iac_benchmark/scenarios/terrads_55fcf80feb47,True,True,0,0,0,0,0,,,,,527.0,3289.0,13.0,32.0,5.0
terrads_8f4a6952d011,Zenodo/TerraDS,iac_benchmark/scenarios/terrads_8f4a6952d011,True,True,0,0,0,0,0,,,,,591.0,4490.0,14.0,33.0,5.0
terrads_4c7a377af698,Zenodo/TerraDS,iac_benchmark/scenarios/terrads_4c7a377af698,True,True,0,0,0,0,0,,,,,540.0,3525.0,25.0,16.0,5.0
terrads_78a1c44ff02a,Zenodo/TerraDS,iac_benchmark/scenarios/terrads_78a1c44ff02a,True,True,0,0,0,0,0,,,,,952.0,6486.0,39.0,18.0,5.0
terrads_e6d95cbf449a,Zenodo/TerraDS,iac_benchmark/scenarios/terrads_e6d95cbf449a,True,True,0,0,0,0,0,,,,,422.0,2626.0,17.0,24.0,5.0
terrads_8293ec958837,Zenodo/TerraDS,iac_benchmark/scenarios/terrads_8293ec958837,True,True,0,0,0,0,0,,,,,456.0,3087.0,33.0,0.0,5.0
terrads_39bb4f8c6e92,Zenodo/TerraDS,iac_benchmark/scenarios/terrads_39bb4f8c6e92,True,True,0,0,0,0,0,,,,,654.0,4188.0,18.0,22.0,5.0
terrads_3a4c35070e34,Zenodo/TerraDS,iac_benchmark/scenarios/terrads_3a4c35070e34,True,True,0,0,0,0,0,,,,,839.0,5556.0,29.0,42.0,5.0
terrads_04b8179b38db,Zenodo/TerraDS,iac_benchmark/scenarios/terrads_04b8179b38db,True,True,0,0,0,0,0,,,,,748.0,5847.0,17.0,20.0,5.0
terrads_945528da46a6,Zenodo/TerraDS,iac_benchmark/scenarios/terrads_945528da46a6,True,True,0,0,0,0,0,,,,,839.0,6256.0,13.0,24.0,5.0
terrads_8a709fbc92a2,Zenodo/TerraDS,iac_benchmark/scenarios/terrads_8a709fbc92a2,True,True,0,0,0,0,0,,,,,551.0,3957.0,35.0,2.0,5.0
terrads_61de6b9b3a5c,Zenodo/TerraDS,iac_benchmark/scenarios/terrads_61de6b9b3a5c,True,True,0,0,0,0,0,,,,,958.0,7126.0,23.0,30.0,5.0
terrads_a766e0b370da,Zenodo/TerraDS,iac_benchmark/scenarios/terrads_a766e0b370da,True,True,0,0,0,0,0,,,,,680.0,5575.0,12.0,39.0,5.0
terrads_1f228199d2eb,Zenodo/TerraDS,iac_benchmark/scenarios/terrads_1f228199d2eb,True,True,0,0,0,0,0,,,,,763.0,5437.0,12.0,41.0,5.0
terrads_78ac627866dd,Zenodo/TerraDS,iac_benchmark/scenarios/terrads_78ac627866dd,True,True,0,0,0,0,0,,,,,450.0,2838.0,18.0,5.0,5.0
terrads_90b9772fcf59,Zenodo/TerraDS,iac_benchmark/scenarios/terrads_90b9772fcf59,True,True,0,0,0,0,0,,,,,816.0,6204.0,32.0,23.0,5.0
terrads_e6c90eb53c7e,Zenodo/TerraDS,iac_benchmark/scenarios/terrads_e6c90eb53c7e,True,True,0,0,0,0,0,,,,,608.0,3819.0,13.0,22.0,5.0
terrads_2b5d0ecf86d1,Zenodo/TerraDS,iac_benchmark/scenarios/terrads_2b5d0ecf86d1,True,True,0,0,0,0,0,,,,,515.0,2698.0,13.0,3.0,5.0
terrads_d53780c2c2c8,Zenodo/TerraDS,iac_benchmark/scenarios/terrads_d53780c2c2c8,True,True,0,0,0,0,0,,,,,696.0,5471.0,24.0,19.0,5.0
terrads_e2fc01e597c1,Zenodo/TerraDS,iac_benchmark/scenarios/terrads_e2fc01e597c1,True,True,0,0,0,0,0,,,,,805.0,5878.0,44.0,3.0,5.0
terrads_e8350ae90746,Zenodo/TerraDS,iac_benchmark/scenarios/terrads_e8350ae90746,True,True,0,0,0,0,0,,,,,403.0,2761.0,22.0,5.0,5.0
terrads_456366cea8f0,Zenodo/TerraDS,iac_benchmark/scenarios/terrads_456366cea8f0,True,True,0,0,0,0,0,,,,,514.0,3459.0,25.0,13.0,5.0
terrads_ceaa17360d18,Zenodo/TerraDS,iac_benchmark/scenarios/terrads_ceaa17360d18,True,True,0,0,0,0,0,,,,,796.0,5344.0,24.0,7.0,5.0
terrads_cee23943d1d2,Zenodo/TerraDS,iac_benchmark/scenarios/terrads_cee23943d1d2,True,True,0,0,0,0,0,,,,,813.0,5460.0,28.0,31.0,5.0
terrads_d12f00868c3e,Zenodo/TerraDS,iac_benchmark/scenarios/terrads_d12f00868c3e,True,True,0,0,0,0,0,,,,,794.0,7002.0,15.0,24.0,5.0
terrads_39f9e461ea88,Zenodo/TerraDS,iac_benchmark/scenarios/terrads_39f9e461ea88,True,True,0,0,0,0,0,,,,,733.0,6018.0,17.0,28.0,5.0
terrads_de534aac9ba0,Zenodo/TerraDS,iac_benchmark/scenarios/terrads_de534aac9ba0,True,True,0,0,0,0,0,,,,,876.0,5737.0,46.0,18.0,5.0
terrads_c2be4918a509,Zenodo/TerraDS,iac_benchmark/scenarios/terrads_c2be4918a509,True,True,0,0,0,0,0,,,,,429.0,2425.0,17.0,16.0,5.0
terrads_e67184666fdd,Zenodo/TerraDS,iac_benchmark/scenarios/terrads_e67184666fdd,True,True,0,0,0,0,0,,,,,425.0,2751.0,13.0,23.0,5.0
terrads_b5529fa8e43e,Zenodo/TerraDS,iac_benchmark/scenarios/terrads_b5529fa8e43e,True,True,0,0,0,0,0,,,,,652.0,5189.0,48.0,9.0,5.0
terrads_59818b595f33,Zenodo/TerraDS,iac_benchmark/scenarios/terrads_59818b595f33,True,True,0,0,0,0,0,,,,,620.0,4314.0,34.0,0.0,5.0
terrads_d025e4dcaac2,Zenodo/TerraDS,iac_benchmark/scenarios/terrads_d025e4dcaac2,True,True,0,0,0,0,0,,,,,563.0,4047.0,38.0,19.0,5.0
terrads_a4980b733a35,Zenodo/TerraDS,iac_benchmark/scenarios/terrads_a4980b733a35,True,True,0,0,0,0,0,,,,,1238.0,7863.0,82.0,2.0,5.0
terrads_65bd180c3f04,Zenodo/TerraDS,iac_benchmark/scenarios/terrads_65bd180c3f04,True,True,0,0,0,0,0,,,,,576.0,4550.0,14.0,34.0,5.0
terrads_23252f1db1be,Zenodo/TerraDS,iac_benchmark/scenarios/terrads_23252f1db1be,True,True,0,0,0,0,0,,,,,665.0,3998.0,38.0,5.0,5.0
terrads_f89f07bc4e27,Zenodo/TerraDS,iac_benchmark/scenarios/terrads_f89f07bc4e27,True,True,0,0,0,0,0,,,,,717.0,7213.0,55.0,6.0,5.0
terrads_d8cbff6ec0af,Zenodo/TerraDS,iac_benchmark/scenarios/terrads_d8cbff6ec0af,True,True,0,0,0,0,0,,,,,694.0,4419.0,34.0,10.0,5.0
terrads_009130b9c6d5,Zenodo/TerraDS,iac_benchmark/scenarios/terrads_009130b9c6d5,True,True,0,0,0,0,0,,,,,728.0,4491.0,36.0,7.0,5.0
terrads_28747fdaff0d,Zenodo/TerraDS,iac_benchmark/scenarios/terrads_28747fdaff0d,True,True,0,0,0,0,0,,,,,1110.0,7657.0,59.0,44.0,5.0
terrads_b475baad8625,Zenodo/TerraDS,iac_benchmark/scenarios/terrads_b475baad8625,True,True,0,0,0,0,0,,,,,507.0,3832.0,12.0,32.0,5.0
terrads_ec84fa604db9,Zenodo/TerraDS,iac_benchmark/scenarios/terrads_ec84fa604db9,True,True,0,0,0,0,0,,,,,566.0,3867.0,25.0,22.0,5.0
terrads_ba3997ff07e3,Zenodo/TerraDS,iac_benchmark/scenarios/terrads_ba3997ff07e3,True,True,0,0,0,0,0,,,,,875.0,5921.0,37.0,32.0,5.0
gh_1354f8c5,Tianyi2/IRIS,iac_benchmark/scenarios/gh_1354f8c5,True,True,0,0,0,0,0,,,,,694.0,5101.0,36.0,36.0,5.0
terrads_d355cfa93203,Zenodo/TerraDS,iac_benchmark/scenarios/terrads_d355cfa93203,True,True,0,0,0,0,0,,,,,765.0,5189.0,47.0,7.0,5.0
gh_421d61a8,Tianyi2/IRIS,iac_benchmark/scenarios/gh_421d61a8,True,True,0,0,0,0,0,,,,,535.0,3929.0,23.0,20.0,5.0
terrads_858ee649d233,Zenodo/TerraDS,iac_benchmark/scenarios/terrads_858ee649d233,True,True,0,0,0,0,0,,,,,605.0,4728.0,25.0,28.0,5.0
terrads_2b4650406372,Zenodo/TerraDS,iac_benchmark/scenarios/terrads_2b4650406372,True,True,0,0,0,0,0,,,,,730.0,4698.0,33.0,41.0,5.0
terrads_0918946eb57d,Zenodo/TerraDS,iac_benchmark/scenarios/terrads_0918946eb57d,True,True,0,0,0,0,0,,,,,425.0,2675.0,25.0,6.0,5.0
terrads_49e1db912928,Zenodo/TerraDS,iac_benchmark/scenarios/terrads_49e1db912928,True,True,0,0,0,0,0,,,,,540.0,4979.0,15.0,9.0,5.0
terrads_8b3dc777d6aa,Zenodo/TerraDS,iac_benchmark/scenarios/terrads_8b3dc777d6aa,True,True,0,0,0,0,0,,,,,540.0,3525.0,25.0,16.0,5.0
terrads_7bf784495a02,Zenodo/TerraDS,iac_benchmark/scenarios/terrads_7bf784495a02,True,True,0,0,0,0,0,,,,,539.0,3671.0,16.0,21.0,5.0
terrads_0fd0c9546e8f,Zenodo/TerraDS,iac_benchmark/scenarios/terrads_0fd0c9546e8f,True,True,0,0,0,0,0,,,,,624.0,4833.0,53.0,6.0,5.0
terrads_d343080f9235,Zenodo/TerraDS,iac_benchmark/scenarios/terrads_d343080f9235,True,True,0,0,0,0,0,,,,,816.0,5252.0,51.0,14.0,5.0
terrads_31f98966591f,Zenodo/TerraDS,iac_benchmark/scenarios/terrads_31f98966591f,True,True,0,0,0,0,0,,,,,489.0,3632.0,25.0,0.0,5.0
terrads_8f17a1ba5d8f,Zenodo/TerraDS,iac_benchmark/scenarios/terrads_8f17a1ba5d8f,True,True,0,0,0,0,0,,,,,646.0,4111.0,20.0,12.0,5.0
terrads_143827043f4e,Zenodo/TerraDS,iac_benchmark/scenarios/terrads_143827043f4e,True,True,0,0,0,0,0,,,,,1067.0,6802.0,34.0,39.0,5.0
terrads_8a4a2bef5646,Zenodo/TerraDS,iac_benchmark/scenarios/terrads_8a4a2bef5646,True,True,0,0,0,0,0,,,,,966.0,7739.0,30.0,41.0,5.0
terrads_7ed20d06a531,Zenodo/TerraDS,iac_benchmark/scenarios/terrads_7ed20d06a531,True,True,0,0,0,0,0,,,,,437.0,2671.0,15.0,4.0,5.0
terrads_85f0b8a5b009,Zenodo/TerraDS,iac_benchmark/scenarios/terrads_85f0b8a5b009,True,True,0,0,0,0,0,,,,,516.0,3253.0,24.0,33.0,5.0
terrads_88bf0d4cfe5a,Zenodo/TerraDS,iac_benchmark/scenarios/terrads_88bf0d4cfe5a,True,True,0,0,0,0,0,,,,,400.0,2960.0,24.0,5.0,5.0
terrads_375e81039f24,Zenodo/TerraDS,iac_benchmark/scenarios/terrads_375e81039f24,True,True,0,0,0,0,0,,,,,523.0,3485.0,22.0,7.0,5.0
gh_f5fbae50,antonputra/tutorials,iac_benchmark/scenarios/gh_f5fbae50,True,True,0,0,0,0,0,,,,,477.0,3685.0,33.0,0.0,5.0
terrads_12e2ff47dd70,Zenodo/TerraDS,iac_benchmark/scenarios/terrads_12e2ff47dd70,True,True,0,0,0,0,0,,,,,936.0,7005.0,36.0,43.0,5.0
terrads_1d36b4fd33da,Zenodo/TerraDS,iac_benchmark/scenarios/terrads_1d36b4fd33da,True,True,0,0,0,0,0,,,,,471.0,2712.0,15.0,34.0,5.0
terrads_957421202e8c,Zenodo/TerraDS,iac_benchmark/scenarios/terrads_957421202e8c,True,True,0,0,0,0,0,,,,,605.0,4728.0,25.0,28.0,5.0
terrads_476389a343ed,Zenodo/TerraDS,iac_benchmark/scenarios/terrads_476389a343ed,True,True,0,0,0,0,0,,,,,625.0,4703.0,28.0,15.0,5.0
terrads_ad5dd9886394,Zenodo/TerraDS,iac_benchmark/scenarios/terrads_ad5dd9886394,True,True,0,0,0,0,0,,,,,484.0,3851.0,15.0,14.0,5.0
terrads_c2d600a84e71,Zenodo/TerraDS,iac_benchmark/scenarios/terrads_c2d600a84e71,True,True,0,0,0,0,0,,,,,944.0,7168.0,22.0,1.0,5.0
terrads_4be20431874b,Zenodo/TerraDS,iac_benchmark/scenarios/terrads_4be20431874b,True,True,0,0,0,0,0,,,,,638.0,3968.0,13.0,22.0,5.0
terrads_389990fbc7b3,Zenodo/TerraDS,iac_benchmark/scenarios/terrads_389990fbc7b3,True,True,0,0,0,0,0,,,,,562.0,3892.0,31.0,7.0,5.0
terrads_33f975765414,Zenodo/TerraDS,iac_benchmark/scenarios/terrads_33f975765414,True,True,0,0,0,0,0,,,,,508.0,3569.0,15.0,12.0,5.0
terrads_96c1fa8cbf5b,Zenodo/TerraDS,iac_benchmark/scenarios/terrads_96c1fa8cbf5b,True,True,0,0,0,0,0,,,,,513.0,3257.0,20.0,1.0,5.0
terrads_8ee9d008b9d5,Zenodo/TerraDS,iac_benchmark/scenarios/terrads_8ee9d008b9d5,True,True,0,0,0,0,0,,,,,701.0,5396.0,38.0,9.0,5.0
terrads_30b12a5f6fe6,Zenodo/TerraDS,iac_benchmark/scenarios/terrads_30b12a5f6fe6,True,True,0,0,0,0,0,,,,,654.0,4546.0,20.0,20.0,5.0
gh_d942b9f4,Tianyi2/IRIS,iac_benchmark/scenarios/gh_d942b9f4,True,True,0,0,0,0,0,,,,,433.0,3019.0,14.0,13.0,5.0
terrads_bd984d01d8e2,Zenodo/TerraDS,iac_benchmark/scenarios/terrads_bd984d01d8e2,True,True,0,0,0,0,0,,,,,741.0,5019.0,26.0,1.0,5.0
terrads_8c4e3ea66521,Zenodo/TerraDS,iac_benchmark/scenarios/terrads_8c4e3ea66521,True,True,0,0,0,0,0,,,,,548.0,3853.0,27.0,20.0,5.0
terrads_44a635b92242,Zenodo/TerraDS,iac_benchmark/scenarios/terrads_44a635b92242,True,True,0,0,0,0,0,,,,,477.0,3685.0,33.0,0.0,5.0
terrads_19cfa444a823,Zenodo/TerraDS,iac_benchmark/scenarios/terrads_19cfa444a823,True,True,0,0,0,0,0,,,,,424.0,3177.0,20.0,22.0,5.0
terrads_13a523d9bdd2,Zenodo/TerraDS,iac_benchmark/scenarios/terrads_13a523d9bdd2,True,True,0,0,0,0,0,,,,,779.0,5522.0,24.0,26.0,5.0
terrads_d88c2ab9d2ac,Zenodo/TerraDS,iac_benchmark/scenarios/terrads_d88c2ab9d2ac,True,True,0,0,0,0,0,,,,,734.0,4903.0,25.0,1.0,5.0
terrads_48b27659331c,Zenodo/TerraDS,iac_benchmark/scenarios/terrads_48b27659331c,True,True,0,0,0,0,0,,,,,923.0,6927.0,53.0,8.0,5.0
terrads_4ec710a55f77,Zenodo/TerraDS,iac_benchmark/scenarios/terrads_4ec710a55f77,True,True,0,0,0,0,0,,,,,503.0,3145.0,25.0,20.0,5.0
terrads_b96eb21be122,Zenodo/TerraDS,iac_benchmark/scenarios/terrads_b96eb21be122,True,True,0,0,0,0,0,,,,,1115.0,7089.0,33.0,5.0,5.0
terrads_091fcd4baa4c,Zenodo/TerraDS,iac_benchmark/scenarios/terrads_091fcd4baa4c,True,True,0,0,0,0,0,,,,,752.0,5369.0,37.0,36.0,5.0
terrads_c25e141793f5,Zenodo/TerraDS,iac_benchmark/scenarios/terrads_c25e141793f5,True,True,0,0,0,0,0,,,,,610.0,4023.0,35.0,0.0,5.0
terrads_97f47ed59aac,Zenodo/TerraDS,iac_benchmark/scenarios/terrads_97f47ed59aac,True,True,0,0,0,0,0,,,,,540.0,3525.0,25.0,16.0,5.0
terrads_21bcdeaf8beb,Zenodo/TerraDS,iac_benchmark/scenarios/terrads_21bcdeaf8beb,True,True,0,0,0,0,0,,,,,898.0,5215.0,26.0,18.0,5.0
terrads_b009978dd7ad,Zenodo/TerraDS,iac_benchmark/scenarios/terrads_b009978dd7ad,True,True,0,0,0,0,0,,,,,405.0,2817.0,22.0,15.0,5.0
terrads_695c5d4ec674,Zenodo/TerraDS,iac_benchmark/scenarios/terrads_695c5d4ec674,True,True,0,0,0,0,0,,,,,445.0,2894.0,28.0,0.0,5.0
terrads_cd99a11beb11,Zenodo/TerraDS,iac_benchmark/scenarios/terrads_cd99a11beb11,True,True,0,0,0,0,0,,,,,686.0,4094.0,35.0,32.0,5.0
terrads_30b9b447ed41,Zenodo/TerraDS,iac_benchmark/scenarios/terrads_30b9b447ed41,True,True,0,0,0,0,0,,,,,436.0,2936.0,28.0,4.0,5.0
terrads_a9bce3bbc069,Zenodo/TerraDS,iac_benchmark/scenarios/terrads_a9bce3bbc069,True,True,0,0,0,0,0,,,,,404.0,2579.0,29.0,5.0,5.0
terrads_165575898be2,Zenodo/TerraDS,iac_benchmark/scenarios/terrads_165575898be2,True,True,0,0,0,0,0,,,,,422.0,2463.0,17.0,11.0,5.0
terrads_aad9d753e816,Zenodo/TerraDS,iac_benchmark/scenarios/terrads_aad9d753e816,True,True,0,0,0,0,0,,,,,425.0,2993.0,19.0,8.0,5.0
terrads_fb0d88afb807,Zenodo/TerraDS,iac_benchmark/scenarios/terrads_fb0d88afb807,True,True,0,0,0,0,0,,,,,518.0,3467.0,31.0,0.0,5.0
terrads_c94e1b2c347f,Zenodo/TerraDS,iac_benchmark/scenarios/terrads_c94e1b2c347f,True,True,0,0,0,0,0,,,,,656.0,5503.0,21.0,36.0,5.0
gh_b26de1f5,Tianyi2/IRIS,iac_benchmark/scenarios/gh_b26de1f5,True,True,0,0,0,0,0,,,,,867.0,7136.0,38.0,33.0,5.0
terrads_679aa88e5358,Zenodo/TerraDS,iac_benchmark/scenarios/terrads_679aa88e5358,True,True,0,0,0,0,0,,,,,885.0,5946.0,31.0,31.0,5.0
gh_641f9b1b,aws-cloudformation/iac-model-evaluation,iac_benchmark/scenarios/gh_641f9b1b,True,True,0,0,0,0,0,,,,,689.0,5712.0,38.0,0.0,5.0
terrads_ca0043affef4,Zenodo/TerraDS,iac_benchmark/scenarios/terrads_ca0043affef4,True,True,0,0,0,0,0,,,,,479.0,3423.0,29.0,8.0,5.0
terrads_c4a0e2115f37,Zenodo/TerraDS,iac_benchmark/scenarios/terrads_c4a0e2115f37,True,True,0,0,0,0,0,,,,,714.0,5249.0,19.0,15.0,5.0
terrads_d4ddfb19fb0e,Zenodo/TerraDS,iac_benchmark/scenarios/terrads_d4ddfb19fb0e,True,True,0,0,0,0,0,,,,,747.0,5519.0,13.0,39.0,5.0
terrads_ce0d0bc69278,Zenodo/TerraDS,iac_benchmark/scenarios/terrads_ce0d0bc69278,True,True,0,0,0,0,0,,,,,438.0,2818.0,18.0,11.0,5.0
terrads_7169eb9960ba,Zenodo/TerraDS,iac_benchmark/scenarios/terrads_7169eb9960ba,True,True,0,0,0,0,0,,,,,486.0,3123.0,28.0,13.0,5.0
terrads_26e4e0143323,Zenodo/TerraDS,iac_benchmark/scenarios/terrads_26e4e0143323,True,True,0,0,0,0,0,,,,,1136.0,7777.0,78.0,0.0,5.0
terrads_aea87caa2998,Zenodo/TerraDS,iac_benchmark/scenarios/terrads_aea87caa2998,True,True,0,0,0,0,0,,,,,748.0,5488.0,28.0,5.0,5.0
terrads_b981422cff12,Zenodo/TerraDS,iac_benchmark/scenarios/terrads_b981422cff12,True,True,0,0,0,0,0,,,,,586.0,4112.0,14.0,22.0,5.0
terrads_de2dfe21b26c,Zenodo/TerraDS,iac_benchmark/scenarios/terrads_de2dfe21b26c,True,True,0,0,0,0,0,,,,,765.0,5443.0,49.0,0.0,5.0
terrads_50292232b617,Zenodo/TerraDS,iac_benchmark/scenarios/terrads_50292232b617,True,True,0,0,0,0,0,,,,,565.0,4001.0,25.0,1.0,5.0
terrads_645e2af1f645,Zenodo/TerraDS,iac_benchmark/scenarios/terrads_645e2af1f645,True,True,0,0,0,0,0,,,,,489.0,3632.0,25.0,0.0,5.0
terrads_0eb8684595d0,Zenodo/TerraDS,iac_benchmark/scenarios/terrads_0eb8684595d0,True,True,0,0,0,0,0,,,,,505.0,3326.0,18.0,12.0,5.0
terrads_6bfc6f557aff,Zenodo/TerraDS,iac_benchmark/scenarios/terrads_6bfc6f557aff,True,True,0,0,0,0,0,,,,,623.0,5011.0,38.0,10.0,5.0
terrads_ca5e1fe37f6f,Zenodo/TerraDS,iac_benchmark/scenarios/terrads_ca5e1fe37f6f,True,True,0,0,0,0,0,,,,,540.0,3525.0,25.0,16.0,5.0
terrads_02f902b086dc,Zenodo/TerraDS,iac_benchmark/scenarios/terrads_02f902b086dc,True,True,0,0,0,0,0,,,,,606.0,4419.0,24.0,9.0,5.0
terrads_131f26b64f97,Zenodo/TerraDS,iac_benchmark/scenarios/terrads_131f26b64f97,True,True,0,0,0,0,0,,,,,436.0,2990.0,22.0,5.0,5.0
terrads_f77bfc355c60,Zenodo/TerraDS,iac_benchmark/scenarios/terrads_f77bfc355c60,True,True,0,0,0,0,0,,,,,538.0,4406.0,45.0,7.0,5.0
terrads_6f2476a27e70,Zenodo/TerraDS,iac_benchmark/scenarios/terrads_6f2476a27e70,True,True,0,0,0,0,0,,,,,1104.0,7636.0,35.0,4.0,5.0
terrads_31a50d17d770,Zenodo/TerraDS,iac_benchmark/scenarios/terrads_31a50d17d770,True,True,0,0,0,0,0,,,,,907.0,7682.0,15.0,27.0,5.0
terrads_ffd0f8b780a0,Zenodo/TerraDS,iac_benchmark/scenarios/terrads_ffd0f8b780a0,True,True,0,0,0,0,0,,,,,877.0,5834.0,40.0,29.0,5.0
terrads_8f10708913b3,Zenodo/TerraDS,iac_benchmark/scenarios/terrads_8f10708913b3,True,True,0,0,0,0,0,,,,,541.0,3526.0,24.0,16.0,5.0
terrads_5b08868183d0,Zenodo/TerraDS,iac_benchmark/scenarios/terrads_5b08868183d0,True,True,0,0,0,0,0,,,,,489.0,3697.0,23.0,6.0,5.0
terrads_2d8fb9039af8,Zenodo/TerraDS,iac_benchmark/scenarios/terrads_2d8fb9039af8,True,True,0,0,0,0,0,,,,,688.0,5136.0,14.0,16.0,5.0
terrads_abf51eac2b01,Zenodo/TerraDS,iac_benchmark/scenarios/terrads_abf51eac2b01,True,True,0,0,0,0,0,,,,,462.0,4134.0,12.0,25.0,5.0
terrads_e05756466b14,Zenodo/TerraDS,iac_benchmark/scenarios/terrads_e05756466b14,True,True,0,0,0,0,0,,,,,639.0,4007.0,33.0,45.0,5.0
terrads_2ce82e72b0db,Zenodo/TerraDS,iac_benchmark/scenarios/terrads_2ce82e72b0db,True,True,0,0,0,0,0,,,,,624.0,4305.0,29.0,4.0,5.0
terrads_9bfc18ce7cec,Zenodo/TerraDS,iac_benchmark/scenarios/terrads_9bfc18ce7cec,True,True,0,0,0,0,0,,,,,597.0,3632.0,15.0,23.0,5.0
terrads_aa84697a3b65,Zenodo/TerraDS,iac_benchmark/scenarios/terrads_aa84697a3b65,True,True,0,0,0,0,0,,,,,746.0,5398.0,46.0,15.0,5.0
terrads_4c7da472437a,Zenodo/TerraDS,iac_benchmark/scenarios/terrads_4c7da472437a,True,True,0,0,0,0,0,,,,,402.0,3071.0,24.0,9.0,5.0
terrads_e2c9ecb235ee,Zenodo/TerraDS,iac_benchmark/scenarios/terrads_e2c9ecb235ee,True,True,0,0,0,0,0,,,,,997.0,7111.0,23.0,45.0,5.0
terrads_1f8982a3cac5,Zenodo/TerraDS,iac_benchmark/scenarios/terrads_1f8982a3cac5,True,True,0,0,0,0,0,,,,,636.0,5104.0,16.0,44.0,5.0
terrads_524c2657cc35,Zenodo/TerraDS,iac_benchmark/scenarios/terrads_524c2657cc35,True,True,0,0,0,0,0,,,,,649.0,4516.0,14.0,11.0,5.0
terrads_e39677c5ddec,Zenodo/TerraDS,iac_benchmark/scenarios/terrads_e39677c5ddec,True,True,0,0,0,0,0,,,,,548.0,3573.0,31.0,18.0,5.0
terrads_ce7f5b349dc7,Zenodo/TerraDS,iac_benchmark/scenarios/terrads_ce7f5b349dc7,True,True,0,0,0,0,0,,,,,728.0,4893.0,25.0,1.0,5.0
terrads_1bfd0e8b258c,Zenodo/TerraDS,iac_benchmark/scenarios/terrads_1bfd0e8b258c,True,True,0,0,0,0,0,,,,,447.0,3460.0,37.0,21.0,5.0
terrads_aa1f8da69a0b,Zenodo/TerraDS,iac_benchmark/scenarios/terrads_aa1f8da69a0b,True,True,0,0,0,0,0,,,,,877.0,5834.0,40.0,29.0,5.0
terrads_be480e12526e,Zenodo/TerraDS,iac_benchmark/scenarios/terrads_be480e12526e,True,True,0,0,0,0,0,,,,,422.0,3105.0,35.0,15.0,5.0
terrads_f411e642ec28,Zenodo/TerraDS,iac_benchmark/scenarios/terrads_f411e642ec28,True,True,0,0,0,0,0,,,,,1045.0,7879.0,42.0,48.0,5.0
terrads_023365f3760b,Zenodo/TerraDS,iac_benchmark/scenarios/terrads_023365f3760b,True,True,0,0,0,0,0,,,,,561.0,3850.0,13.0,10.0,5.0
terrads_6e5a11cafdcc,Zenodo/TerraDS,iac_benchmark/scenarios/terrads_6e5a11cafdcc,True,True,0,0,0,0,0,,,,,422.0,3106.0,24.0,6.0,5.0
terrads_9d787f9c5820,Zenodo/TerraDS,iac_benchmark/scenarios/terrads_9d787f9c5820,True,True,0,0,0,0,0,,,,,408.0,3065.0,18.0,7.0,5.0
gh_f2a71284,Tianyi2/IRIS,iac_benchmark/scenarios/gh_f2a71284,True,True,0,0,0,0,0,,,,,458.0,2879.0,31.0,14.0,5.0
terrads_dac19a0d9d4a,Zenodo/TerraDS,iac_benchmark/scenarios/terrads_dac19a0d9d4a,True,True,0,0,0,0,0,,,,,603.0,4837.0,21.0,22.0,5.0
terrads_2410acbb42bb,Zenodo/TerraDS,iac_benchmark/scenarios/terrads_2410acbb42bb,True,True,0,0,0,0,0,,,,,615.0,3601.0,17.0,5.0,5.0
terrads_3f7723c38c64,Zenodo/TerraDS,iac_benchmark/scenarios/terrads_3f7723c38c64,True,True,0,0,0,0,0,,,,,421.0,2857.0,26.0,9.0,5.0
terrads_46d8a548a695,Zenodo/TerraDS,iac_benchmark/scenarios/terrads_46d8a548a695,True,True,0,0,0,0,0,,,,,864.0,6506.0,36.0,10.0,5.0
terrads_3e7fbceaac15,Zenodo/TerraDS,iac_benchmark/scenarios/terrads_3e7fbceaac15,True,True,0,0,0,0,0,,,,,659.0,4276.0,20.0,21.0,5.0
terrads_986de7f32280,Zenodo/TerraDS,iac_benchmark/scenarios/terrads_986de7f32280,True,True,0,0,0,0,0,,,,,459.0,3019.0,32.0,3.0,5.0
terrads_dd8c722ca12e,Zenodo/TerraDS,iac_benchmark/scenarios/terrads_dd8c722ca12e,True,True,0,0,0,0,0,,,,,574.0,3939.0,39.0,19.0,5.0
terrads_ba512c0b769c,Zenodo/TerraDS,iac_benchmark/scenarios/terrads_ba512c0b769c,True,True,0,0,0,0,0,,,,,450.0,2802.0,22.0,9.0,5.0
terrads_35322b5fd289,Zenodo/TerraDS,iac_benchmark/scenarios/terrads_35322b5fd289,True,True,0,0,0,0,0,,,,,416.0,3044.0,27.0,5.0,5.0
terrads_618b469eb73b,Zenodo/TerraDS,iac_benchmark/scenarios/terrads_618b469eb73b,True,True,0,0,0,0,0,,,,,412.0,2535.0,27.0,0.0,5.0
terrads_72a29082fbff,Zenodo/TerraDS,iac_benchmark/scenarios/terrads_72a29082fbff,True,True,0,0,0,0,0,,,,,558.0,3805.0,18.0,23.0,5.0
terrads_1e482feb59df,Zenodo/TerraDS,iac_benchmark/scenarios/terrads_1e482feb59df,True,True,0,0,0,0,0,,,,,882.0,5914.0,31.0,31.0,5.0
terrads_bdd51a4ede00,Zenodo/TerraDS,iac_benchmark/scenarios/terrads_bdd51a4ede00,True,True,0,0,0,0,0,,,,,413.0,2721.0,18.0,2.0,5.0
terrads_75612d8e8194,Zenodo/TerraDS,iac_benchmark/scenarios/terrads_75612d8e8194,True,True,0,0,0,0,0,,,,,896.0,6453.0,47.0,20.0,5.0
terrads_6462c2eb3420,Zenodo/TerraDS,iac_benchmark/scenarios/terrads_6462c2eb3420,True,True,0,0,0,0,0,,,,,487.0,3189.0,12.0,54.0,5.0
terrads_97c0431bc7d5,Zenodo/TerraDS,iac_benchmark/scenarios/terrads_97c0431bc7d5,True,True,0,0,0,0,0,,,,,516.0,4133.0,33.0,9.0,5.0
terrads_d4917994f776,Zenodo/TerraDS,iac_benchmark/scenarios/terrads_d4917994f776,True,True,0,0,0,0,0,,,,,639.0,4596.0,12.0,3.0,5.0
terrads_a9aba67d2fba,Zenodo/TerraDS,iac_benchmark/scenarios/terrads_a9aba67d2fba,True,True,0,0,0,0,0,,,,,457.0,3209.0,26.0,33.0,5.0
terrads_ac640a6aceca,Zenodo/TerraDS,iac_benchmark/scenarios/terrads_ac640a6aceca,True,True,0,0,0,0,0,,,,,882.0,5914.0,31.0,31.0,5.0
terrads_09b719d7af2d,Zenodo/TerraDS,iac_benchmark/scenarios/terrads_09b719d7af2d,True,True,0,0,0,0,0,,,,,567.0,3878.0,39.0,0.0,5.0
terrads_87b8b1ab3543,Zenodo/TerraDS,iac_benchmark/scenarios/terrads_87b8b1ab3543,True,True,0,0,0,0,0,,,,,520.0,3092.0,20.0,2.0,5.0
terrads_2b78c0f83f37,Zenodo/TerraDS,iac_benchmark/scenarios/terrads_2b78c0f83f37,True,True,0,0,0,0,0,,,,,787.0,6389.0,36.0,28.0,5.0
terrads_80425e09ab60,Zenodo/TerraDS,iac_benchmark/scenarios/terrads_80425e09ab60,True,True,0,0,0,0,0,,,,,860.0,5316.0,23.0,23.0,5.0
terrads_f0fb81001944,Zenodo/TerraDS,iac_benchmark/scenarios/terrads_f0fb81001944,True,True,0,0,0,0,0,,,,,444.0,3634.0,12.0,3.0,5.0
terrads_3c86901721a2,Zenodo/TerraDS,iac_benchmark/scenarios/terrads_3c86901721a2,True,True,0,0,0,0,0,,,,,804.0,5259.0,43.0,0.0,5.0
terrads_f99cbfbc81a6,Zenodo/TerraDS,iac_benchmark/scenarios/terrads_f99cbfbc81a6,True,True,0,0,0,0,0,,,,,462.0,2859.0,26.0,0.0,5.0
terrads_a5948016ee35,Zenodo/TerraDS,iac_benchmark/scenarios/terrads_a5948016ee35,True,True,0,0,0,0,0,,,,,804.0,6911.0,14.0,42.0,5.0
terrads_bd76faf2f0f5,Zenodo/TerraDS,iac_benchmark/scenarios/terrads_bd76faf2f0f5,True,True,0,0,0,0,0,,,,,494.0,3738.0,47.0,0.0,5.0
terrads_60f0f375a829,Zenodo/TerraDS,iac_benchmark/scenarios/terrads_60f0f375a829,True,True,0,0,0,0,0,,,,,475.0,3297.0,15.0,6.0,5.0
terrads_d765f146a371,Zenodo/TerraDS,iac_benchmark/scenarios/terrads_d765f146a371,True,True,0,0,0,0,0,,,,,447.0,3274.0,20.0,24.0,5.0
terrads_2b7929a68699,Zenodo/TerraDS,iac_benchmark/scenarios/terrads_2b7929a68699,True,True,0,0,0,0,0,,,,,598.0,4538.0,37.0,9.0,5.0
terrads_58ba46001242,Zenodo/TerraDS,iac_benchmark/scenarios/terrads_58ba46001242,True,True,0,0,0,0,0,,,,,420.0,2426.0,20.0,0.0,5.0
terrads_6a9972e0ed70,Zenodo/TerraDS,iac_benchmark/scenarios/terrads_6a9972e0ed70,True,True,0,0,0,0,0,,,,,441.0,2876.0,19.0,2.0,5.0
terrads_b71fcf67b6f9,Zenodo/TerraDS,iac_benchmark/scenarios/terrads_b71fcf67b6f9,True,True,0,0,0,0,0,,,,,897.0,6717.0,16.0,19.0,5.0
terrads_d32971104f19,Zenodo/TerraDS,iac_benchmark/scenarios/terrads_d32971104f19,True,True,0,0,0,0,0,,,,,1159.0,7983.0,23.0,86.0,5.0
terrads_53e069a901f2,Zenodo/TerraDS,iac_benchmark/scenarios/terrads_53e069a901f2,True,True,0,0,0,0,0,,,,,412.0,2535.0,27.0,0.0,5.0
terrads_076dfa048465,Zenodo/TerraDS,iac_benchmark/scenarios/terrads_076dfa048465,True,True,0,0,0,0,0,,,,,504.0,3153.0,30.0,6.0,5.0
terrads_82708e11e38d,Zenodo/TerraDS,iac_benchmark/scenarios/terrads_82708e11e38d,True,True,0,0,0,0,0,,,,,757.0,4984.0,16.0,21.0,5.0
terrads_3596cae20abc,Zenodo/TerraDS,iac_benchmark/scenarios/terrads_3596cae20abc,True,True,0,0,0,0,0,,,,,658.0,5727.0,28.0,19.0,5.0
terrads_550340682546,Zenodo/TerraDS,iac_benchmark/scenarios/terrads_550340682546,True,True,0,0,0,0,0,,,,,523.0,3538.0,21.0,26.0,5.0
terrads_012a691d1651,Zenodo/TerraDS,iac_benchmark/scenarios/terrads_012a691d1651,True,True,0,0,0,0,0,,,,,475.0,2595.0,33.0,13.0,5.0
terrads_99671e2c9d22,Zenodo/TerraDS,iac_benchmark/scenarios/terrads_99671e2c9d22,True,True,0,0,0,0,0,,,,,460.0,3195.0,19.0,14.0,5.0
terrads_8f96428cc29a,Zenodo/TerraDS,iac_benchmark/scenarios/terrads_8f96428cc29a,True,True,0,0,0,0,0,,,,,1027.0,7032.0,44.0,20.0,5.0
terrads_dfda7e0831db,Zenodo/TerraDS,iac_benchmark/scenarios/terrads_dfda7e0831db,True,True,0,0,0,0,0,,,,,539.0,4092.0,30.0,16.0,5.0
terrads_29feb28f3988,Zenodo/TerraDS,iac_benchmark/scenarios/terrads_29feb28f3988,True,True,0,0,0,0,0,,,,,570.0,4916.0,34.0,6.0,5.0
terrads_b57944377180,Zenodo/TerraDS,iac_benchmark/scenarios/terrads_b57944377180,True,True,0,0,0,0,0,,,,,896.0,5008.0,42.0,2.0,5.0
terrads_dd71c0c50079,Zenodo/TerraDS,iac_benchmark/scenarios/terrads_dd71c0c50079,True,True,0,0,0,0,0,,,,,752.0,4416.0,27.0,33.0,5.0
terrads_7448a4b556d4,Zenodo/TerraDS,iac_benchmark/scenarios/terrads_7448a4b556d4,True,True,0,0,0,0,0,,,,,477.0,3685.0,33.0,0.0,5.0
terrads_4f5069432640,Zenodo/TerraDS,iac_benchmark/scenarios/terrads_4f5069432640,True,True,0,0,0,0,0,,,,,636.0,4806.0,27.0,19.0,5.0
terrads_244e7376eec5,Zenodo/TerraDS,iac_benchmark/scenarios/terrads_244e7376eec5,True,True,0,0,0,0,0,,,,,1117.0,7349.0,66.0,3.0,5.0
terrads_f65a6583afcf,Zenodo/TerraDS,iac_benchmark/scenarios/terrads_f65a6583afcf,True,True,0,0,0,0,0,,,,,541.0,3526.0,24.0,16.0,5.0
terrads_9fbe0c8be86e,Zenodo/TerraDS,iac_benchmark/scenarios/terrads_9fbe0c8be86e,True,True,0,0,0,0,0,,,,,888.0,6658.0,15.0,19.0,5.0
terrads_94a957339fe3,Zenodo/TerraDS,iac_benchmark/scenarios/terrads_94a957339fe3,True,True,0,0,0,0,0,,,,,527.0,3738.0,29.0,10.0,5.0
terrads_4b0c72c98925,Zenodo/TerraDS,iac_benchmark/scenarios/terrads_4b0c72c98925,True,True,0,0,0,0,0,,,,,446.0,3571.0,28.0,8.0,5.0
terrads_c4edcaa95fd4,Zenodo/TerraDS,iac_benchmark/scenarios/terrads_c4edcaa95fd4,True,True,0,0,0,0,0,,,,,974.0,5864.0,41.0,18.0,5.0
terrads_0293148a190f,Zenodo/TerraDS,iac_benchmark/scenarios/terrads_0293148a190f,True,True,0,0,0,0,0,,,,,642.0,4037.0,36.0,13.0,5.0
terrads_5aed167334f9,Zenodo/TerraDS,iac_benchmark/scenarios/terrads_5aed167334f9,True,True,0,0,0,0,0,,,,,456.0,3087.0,33.0,0.0,5.0
terrads_f56f3c13b2ef,Zenodo/TerraDS,iac_benchmark/scenarios/terrads_f56f3c13b2ef,True,True,0,0,0,0,0,,,,,731.0,4903.0,25.0,1.0,5.0
terrads_402f57b774c5,Zenodo/TerraDS,iac_benchmark/scenarios/terrads_402f57b774c5,True,True,0,0,0,0,0,,,,,855.0,7670.0,24.0,57.0,5.0
terrads_8a2332849f0c,Zenodo/TerraDS,iac_benchmark/scenarios/terrads_8a2332849f0c,True,True,0,0,0,0,0,,,,,951.0,6712.0,24.0,6.0,5.0
terrads_ca760d633ce7,Zenodo/TerraDS,iac_benchmark/scenarios/terrads_ca760d633ce7,True,True,0,0,0,0,0,,,,,433.0,2915.0,24.0,4.0,5.0
terrads_53d1c5834650,Zenodo/TerraDS,iac_benchmark/scenarios/terrads_53d1c5834650,True,True,0,0,0,0,0,,,,,516.0,3818.0,14.0,12.0,5.0
terrads_259f74676e97,Zenodo/TerraDS,iac_benchmark/scenarios/terrads_259f74676e97,True,True,0,0,0,0,0,,,,,672.0,4608.0,13.0,15.0,5.0
terrads_8440ae59e089,Zenodo/TerraDS,iac_benchmark/scenarios/terrads_8440ae59e089,True,True,0,0,0,0,0,,,,,944.0,6446.0,46.0,10.0,5.0
terrads_fb46bd9541be,Zenodo/TerraDS,iac_benchmark/scenarios/terrads_fb46bd9541be,True,True,0,0,0,0,0,,,,,495.0,3749.0,34.0,1.0,5.0
terrads_6783fdc2bb8f,Zenodo/TerraDS,iac_benchmark/scenarios/terrads_6783fdc2bb8f,True,True,0,0,0,0,0,,,,,932.0,6509.0,49.0,11.0,5.0
terrads_5662d79f0577,Zenodo/TerraDS,iac_benchmark/scenarios/terrads_5662d79f0577,True,True,0,0,0,0,0,,,,,405.0,2586.0,24.0,7.0,5.0
terrads_03f0e02c526a,Zenodo/TerraDS,iac_benchmark/scenarios/terrads_03f0e02c526a,True,True,0,0,0,0,0,,,,,622.0,5523.0,18.0,11.0,5.0
terrads_d78c60ad378c,Zenodo/TerraDS,iac_benchmark/scenarios/terrads_d78c60ad378c,True,True,0,0,0,0,0,,,,,517.0,3069.0,16.0,27.0,5.0
terrads_0cbc59d337e1,Zenodo/TerraDS,iac_benchmark/scenarios/terrads_0cbc59d337e1,True,True,0,0,0,0,0,,,,,607.0,3819.0,18.0,24.0,5.0
terrads_48e0cbc9d414,Zenodo/TerraDS,iac_benchmark/scenarios/terrads_48e0cbc9d414,True,True,0,0,0,0,0,,,,,483.0,2864.0,14.0,21.0,5.0
terrads_f6aa1953fa93,Zenodo/TerraDS,iac_benchmark/scenarios/terrads_f6aa1953fa93,True,True,0,0,0,0,0,,,,,644.0,4346.0,33.0,7.0,5.0
terrads_832deaa94c79,Zenodo/TerraDS,iac_benchmark/scenarios/terrads_832deaa94c79,True,True,0,0,0,0,0,,,,,489.0,3355.0,26.0,24.0,5.0
terrads_5264a0ff50b8,Zenodo/TerraDS,iac_benchmark/scenarios/terrads_5264a0ff50b8,True,True,0,0,0,0,0,,,,,484.0,4081.0,16.0,24.0,5.0
terrads_1d14886304ae,Zenodo/TerraDS,iac_benchmark/scenarios/terrads_1d14886304ae,True,True,0,0,0,0,0,,,,,770.0,5462.0,34.0,9.0,5.0
terrads_e702e2d819b0,Zenodo/TerraDS,iac_benchmark/scenarios/terrads_e702e2d819b0,True,True,0,0,0,0,0,,,,,540.0,3525.0,25.0,16.0,5.0
terrads_928ae956e3f7,Zenodo/TerraDS,iac_benchmark/scenarios/terrads_928ae956e3f7,True,True,0,0,0,0,0,,,,,452.0,3046.0,28.0,2.0,5.0
terrads_f8e0c108d808,Zenodo/TerraDS,iac_benchmark/scenarios/terrads_f8e0c108d808,True,True,0,0,0,0,0,,,,,518.0,3315.0,23.0,16.0,5.0
terrads_349e32cf4117,Zenodo/TerraDS,iac_benchmark/scenarios/terrads_349e32cf4117,True,True,0,0,0,0,0,,,,,733.0,4965.0,44.0,13.0,5.0
terrads_38cfd61f54b8,Zenodo/TerraDS,iac_benchmark/scenarios/terrads_38cfd61f54b8,True,True,0,0,0,0,0,,,,,513.0,3747.0,12.0,28.0,5.0
terrads_24d28f4930a4,Zenodo/TerraDS,iac_benchmark/scenarios/terrads_24d28f4930a4,True,True,0,0,0,0,0,,,,,421.0,2928.0,15.0,9.0,5.0
terrads_3143bb058d76,Zenodo/TerraDS,iac_benchmark/scenarios/terrads_3143bb058d76,True,True,0,0,0,0,0,,,,,448.0,3234.0,28.0,0.0,5.0
terrads_0f398dc9fee0,Zenodo/TerraDS,iac_benchmark/scenarios/terrads_0f398dc9fee0,True,True,0,0,0,0,0,,,,,859.0,6523.0,42.0,22.0,5.0
terrads_5665d8dac513,Zenodo/TerraDS,iac_benchmark/scenarios/terrads_5665d8dac513,True,True,0,0,0,0,0,,,,,686.0,4814.0,26.0,7.0,5.0
terrads_432af65e198e,Zenodo/TerraDS,iac_benchmark/scenarios/terrads_432af65e198e,True,True,0,0,0,0,0,,,,,865.0,5723.0,14.0,30.0,5.0
gh_3ebba848,Tianyi2/IRIS,iac_benchmark/scenarios/gh_3ebba848,True,True,0,0,0,0,0,,,,,449.0,2732.0,19.0,9.0,5.0
terrads_c779f52248f3,Zenodo/TerraDS,iac_benchmark/scenarios/terrads_c779f52248f3,True,True,0,0,0,0,0,,,,,410.0,2901.0,31.0,8.0,5.0
terrads_6058783290ca,Zenodo/TerraDS,iac_benchmark/scenarios/terrads_6058783290ca,True,True,0,0,0,0,0,,,,,744.0,5458.0,23.0,6.0,5.0
terrads_9bbf9559d8d5,Zenodo/TerraDS,iac_benchmark/scenarios/terrads_9bbf9559d8d5,True,True,0,0,0,0,0,,,,,992.0,6830.0,64.0,33.0,5.0
terrads_fbaca40a38e7,Zenodo/TerraDS,iac_benchmark/scenarios/terrads_fbaca40a38e7,True,True,0,0,0,0,0,,,,,402.0,2533.0,23.0,4.0,5.0
terrads_730b0e58544b,Zenodo/TerraDS,iac_benchmark/scenarios/terrads_730b0e58544b,True,True,0,0,0,0,0,,,,,444.0,2877.0,19.0,2.0,5.0
terrads_f4982b18c924,Zenodo/TerraDS,iac_benchmark/scenarios/terrads_f4982b18c924,True,True,0,0,0,0,0,,,,,525.0,3322.0,13.0,29.0,5.0
terrads_5059df5e7025,Zenodo/TerraDS,iac_benchmark/scenarios/terrads_5059df5e7025,True,True,0,0,0,0,0,,,,,1238.0,7863.0,82.0,2.0,5.0
terrads_08d8f5861d21,Zenodo/TerraDS,iac_benchmark/scenarios/terrads_08d8f5861d21,True,True,0,0,0,0,0,,,,,593.0,3837.0,15.0,20.0,5.0
terrads_c1cbfcd1d7ba,Zenodo/TerraDS,iac_benchmark/scenarios/terrads_c1cbfcd1d7ba,True,True,0,0,0,0,0,,,,,521.0,3339.0,17.0,44.0,5.0
terrads_c82cc6f15aad,Zenodo/TerraDS,iac_benchmark/scenarios/terrads_c82cc6f15aad,True,True,0,0,0,0,0,,,,,581.0,3782.0,16.0,14.0,5.0
terrads_db55c70a1f57,Zenodo/TerraDS,iac_benchmark/scenarios/terrads_db55c70a1f57,True,True,0,0,0,0,0,,,,,997.0,6239.0,34.0,11.0,5.0
terrads_46ec5e3040a6,Zenodo/TerraDS,iac_benchmark/scenarios/terrads_46ec5e3040a6,True,True,0,0,0,0,0,,,,,486.0,3263.0,20.0,6.0,5.0
terrads_3037956faa4c,Zenodo/TerraDS,iac_benchmark/scenarios/terrads_3037956faa4c,True,True,0,0,0,0,0,,,,,448.0,3055.0,27.0,9.0,5.0
terrads_0b816f4da2a3,Zenodo/TerraDS,iac_benchmark/scenarios/terrads_0b816f4da2a3,True,True,0,0,0,0,0,,,,,504.0,3654.0,30.0,2.0,5.0
terrads_73d178990d5d,Zenodo/TerraDS,iac_benchmark/scenarios/terrads_73d178990d5d,True,True,0,0,0,0,0,,,,,836.0,6344.0,32.0,24.0,5.0
terrads_14733e1c1351,Zenodo/TerraDS,iac_benchmark/scenarios/terrads_14733e1c1351,True,True,0,0,0,0,0,,,,,578.0,3793.0,24.0,23.0,5.0
terrads_16457796a5c5,Zenodo/TerraDS,iac_benchmark/scenarios/terrads_16457796a5c5,True,True,0,0,0,0,0,,,,,489.0,3632.0,25.0,0.0,5.0
terrads_d55e41af9f7d,Zenodo/TerraDS,iac_benchmark/scenarios/terrads_d55e41af9f7d,True,True,0,0,0,0,0,,,,,408.0,2873.0,26.0,10.0,5.0
terrads_585f68b9c3b6,Zenodo/TerraDS,iac_benchmark/scenarios/terrads_585f68b9c3b6,True,True,0,0,0,0,0,,,,,578.0,4615.0,33.0,19.0,5.0
terrads_88879ec21abc,Zenodo/TerraDS,iac_benchmark/scenarios/terrads_88879ec21abc,True,True,0,0,0,0,0,,,,,471.0,2944.0,36.0,0.0,5.0
terrads_8441bb015e9f,Zenodo/TerraDS,iac_benchmark/scenarios/terrads_8441bb015e9f,True,True,0,0,0,0,0,,,,,415.0,3811.0,12.0,21.0,5.0
gh_36dbad13,Tianyi2/IRIS,iac_benchmark/scenarios/gh_36dbad13,True,True,0,0,0,0,0,,,,,1008.0,7743.0,41.0,42.0,5.0
terrads_52e1437deb2c,Zenodo/TerraDS,iac_benchmark/scenarios/terrads_52e1437deb2c,True,True,0,0,0,0,0,,,,,479.0,3437.0,19.0,7.0,5.0
terrads_130058b1bf40,Zenodo/TerraDS,iac_benchmark/scenarios/terrads_130058b1bf40,True,True,0,0,0,0,0,,,,,551.0,5258.0,42.0,0.0,5.0
terrads_6d987b071b25,Zenodo/TerraDS,iac_benchmark/scenarios/terrads_6d987b071b25,True,True,0,0,0,0,0,,,,,466.0,2878.0,22.0,9.0,5.0
terrads_58244250bb38,Zenodo/TerraDS,iac_benchmark/scenarios/terrads_58244250bb38,True,True,0,0,0,0,0,,,,,408.0,2699.0,15.0,7.0,5.0
terrads_1b26f7d89a88,Zenodo/TerraDS,iac_benchmark/scenarios/terrads_1b26f7d89a88,True,True,0,0,0,0,0,,,,,456.0,3087.0,33.0,0.0,5.0
terrads_5bf59d4f4ddb,Zenodo/TerraDS,iac_benchmark/scenarios/terrads_5bf59d4f4ddb,True,True,0,0,0,0,0,,,,,673.0,5022.0,12.0,6.0,5.0
terrads_3b7bbfc0f957,Zenodo/TerraDS,iac_benchmark/scenarios/terrads_3b7bbfc0f957,True,True,0,0,0,0,0,,,,,660.0,5158.0,21.0,37.0,5.0
terrads_04e446cd5210,Zenodo/TerraDS,iac_benchmark/scenarios/terrads_04e446cd5210,True,True,0,0,0,0,0,,,,,690.0,5188.0,37.0,13.0,5.0
gh_de3bd915,Tianyi2/IRIS,iac_benchmark/scenarios/gh_de3bd915,True,True,0,0,0,0,0,,,,,435.0,3000.0,19.0,30.0,5.0
terrads_5dcac49abbd4,Zenodo/TerraDS,iac_benchmark/scenarios/terrads_5dcac49abbd4,True,True,0,0,0,0,0,,,,,569.0,4002.0,28.0,5.0,5.0
terrads_7bfd62e5a4a5,Zenodo/TerraDS,iac_benchmark/scenarios/terrads_7bfd62e5a4a5,True,True,0,0,0,0,0,,,,,730.0,5452.0,13.0,53.0,5.0
terrads_e3973913cfc4,Zenodo/TerraDS,iac_benchmark/scenarios/terrads_e3973913cfc4,True,True,0,0,0,0,0,,,,,500.0,5084.0,20.0,36.0,5.0
terrads_ae6063423b69,Zenodo/TerraDS,iac_benchmark/scenarios/terrads_ae6063423b69,True,True,0,0,0,0,0,,,,,433.0,3261.0,22.0,5.0,5.0
terrads_458a6ba600b1,Zenodo/TerraDS,iac_benchmark/scenarios/terrads_458a6ba600b1,True,True,0,0,0,0,0,,,,,470.0,3347.0,15.0,6.0,5.0
terrads_a65896027e8d,Zenodo/TerraDS,iac_benchmark/scenarios/terrads_a65896027e8d,True,True,0,0,0,0,0,,,,,689.0,5681.0,49.0,7.0,5.0
terrads_492ea4a53925,Zenodo/TerraDS,iac_benchmark/scenarios/terrads_492ea4a53925,True,True,0,0,0,0,0,,,,,461.0,3062.0,15.0,5.0,5.0
terrads_b29fcdfab5ab,Zenodo/TerraDS,iac_benchmark/scenarios/terrads_b29fcdfab5ab,True,True,0,0,0,0,0,,,,,553.0,3522.0,18.0,15.0,5.0
terrads_cffb62b6d97b,Zenodo/TerraDS,iac_benchmark/scenarios/terrads_cffb62b6d97b,True,True,0,0,0,0,0,,,,,541.0,3526.0,24.0,16.0,5.0
gh_c940265b,antonputra/tutorials,iac_benchmark/scenarios/gh_c940265b,True,True,0,0,0,0,0,,,,,912.0,6067.0,57.0,0.0,5.0
terrads_fbb98b0b6293,Zenodo/TerraDS,iac_benchmark/scenarios/terrads_fbb98b0b6293,True,True,0,0,0,0,0,,,,,464.0,3685.0,24.0,16.0,5.0
terrads_83dffdef9b5f,Zenodo/TerraDS,iac_benchmark/scenarios/terrads_83dffdef9b5f,True,True,0,0,0,0,0,,,,,608.0,3911.0,12.0,0.0,5.0
terrads_f39deb6318f7,Zenodo/TerraDS,iac_benchmark/scenarios/terrads_f39deb6318f7,True,True,0,0,0,0,0,,,,,522.0,3427.0,18.0,12.0,5.0
terrads_78c3e50eda63,Zenodo/TerraDS,iac_benchmark/scenarios/terrads_78c3e50eda63,True,True,0,0,0,0,0,,,,,496.0,3322.0,19.0,21.0,5.0
terrads_00ad05d9c758,Zenodo/TerraDS,iac_benchmark/scenarios/terrads_00ad05d9c758,True,True,0,0,0,0,0,,,,,496.0,3325.0,23.0,17.0,5.0
terrads_589b4fa45ef4,Zenodo/TerraDS,iac_benchmark/scenarios/terrads_589b4fa45ef4,True,True,0,0,0,0,0,,,,,539.0,3691.0,20.0,0.0,5.0
terrads_d1f50b0bb609,Zenodo/TerraDS,iac_benchmark/scenarios/terrads_d1f50b0bb609,True,True,0,0,0,0,0,,,,,426.0,2766.0,21.0,3.0,5.0
terrads_6a4bee9c5cde,Zenodo/TerraDS,iac_benchmark/scenarios/terrads_6a4bee9c5cde,True,True,0,0,0,0,0,,,,,421.0,2838.0,29.0,0.0,5.0
terrads_ac35c03ec767,Zenodo/TerraDS,iac_benchmark/scenarios/terrads_ac35c03ec767,True,True,0,0,0,0,0,,,,,691.0,5480.0,19.0,13.0,5.0
gh_830a9195,Tianyi2/IRIS,iac_benchmark/scenarios/gh_830a9195,True,True,0,0,0,0,0,,,,,872.0,6480.0,44.0,27.0,5.0
terrads_93058c6a6423,Zenodo/TerraDS,iac_benchmark/scenarios/terrads_93058c6a6423,True,True,0,0,0,0,0,,,,,1008.0,6854.0,25.0,32.0,5.0
terrads_dfb172a97e74,Zenodo/TerraDS,iac_benchmark/scenarios/terrads_dfb172a97e74,True,True,0,0,0,0,0,,,,,563.0,3915.0,35.0,0.0,5.0
terrads_137846960e6b,Zenodo/TerraDS,iac_benchmark/scenarios/terrads_137846960e6b,True,True,0,0,0,0,0,,,,,661.0,4226.0,22.0,20.0,5.0
terrads_44c83c1b864b,Zenodo/TerraDS,iac_benchmark/scenarios/terrads_44c83c1b864b,True,True,0,0,0,0,0,,,,,1120.0,7894.0,19.0,16.0,5.0
terrads_6be33b643f1e,Zenodo/TerraDS,iac_benchmark/scenarios/terrads_6be33b643f1e,True,True,0,0,0,0,0,,,,,882.0,5914.0,31.0,31.0,5.0
terrads_d4582c128858,Zenodo/TerraDS,iac_benchmark/scenarios/terrads_d4582c128858,True,True,0,0,0,0,0,,,,,540.0,3525.0,25.0,16.0,5.0
terrads_7c9f8b38bb8b,Zenodo/TerraDS,iac_benchmark/scenarios/terrads_7c9f8b38bb8b,True,True,0,0,0,0,0,,,,,540.0,3525.0,25.0,16.0,5.0
terrads_9906e93e80a7,Zenodo/TerraDS,iac_benchmark/scenarios/terrads_9906e93e80a7,True,True,0,0,0,0,0,,,,,452.0,3515.0,46.0,1.0,5.0
terrads_5148bd883051,Zenodo/TerraDS,iac_benchmark/scenarios/terrads_5148bd883051,True,True,0,0,0,0,0,,,,,552.0,3753.0,20.0,21.0,5.0
terrads_20eb9d2966f8,Zenodo/TerraDS,iac_benchmark/scenarios/terrads_20eb9d2966f8,True,True,0,0,0,0,0,,,,,838.0,7134.0,23.0,13.0,5.0
terrads_1260c47224da,Zenodo/TerraDS,iac_benchmark/scenarios/terrads_1260c47224da,True,True,0,0,0,0,0,,,,,404.0,3699.0,35.0,14.0,5.0
terrads_f47a207b5e56,Zenodo/TerraDS,iac_benchmark/scenarios/terrads_f47a207b5e56,True,True,0,0,0,0,0,,,,,510.0,3161.0,15.0,12.0,5.0
terrads_fde5d47b87fe,Zenodo/TerraDS,iac_benchmark/scenarios/terrads_fde5d47b87fe,True,True,0,0,0,0,0,,,,,491.0,3373.0,15.0,18.0,5.0
terrads_a8d8c8eb41ee,Zenodo/TerraDS,iac_benchmark/scenarios/terrads_a8d8c8eb41ee,True,True,0,0,0,0,0,,,,,559.0,4056.0,33.0,5.0,5.0
terrads_9d94a7708ff0,Zenodo/TerraDS,iac_benchmark/scenarios/terrads_9d94a7708ff0,True,True,0,0,0,0,0,,,,,798.0,5835.0,37.0,8.0,5.0
terrads_d9301f04e9b9,Zenodo/TerraDS,iac_benchmark/scenarios/terrads_d9301f04e9b9,True,True,0,0,0,0,0,,,,,441.0,2876.0,19.0,2.0,5.0
terrads_08f0ca80072c,Zenodo/TerraDS,iac_benchmark/scenarios/terrads_08f0ca80072c,True,True,0,0,0,0,0,,,,,563.0,4783.0,37.0,8.0,5.0
terrads_50d1bcdec4af,Zenodo/TerraDS,iac_benchmark/scenarios/terrads_50d1bcdec4af,True,True,0,0,0,0,0,,,,,424.0,3867.0,29.0,3.0,5.0
terrads_8c1f0420adf1,Zenodo/TerraDS,iac_benchmark/scenarios/terrads_8c1f0420adf1,True,True,0,0,0,0,0,,,,,859.0,6377.0,28.0,46.0,5.0
terrads_c5968a02575a,Zenodo/TerraDS,iac_benchmark/scenarios/terrads_c5968a02575a,True,True,0,0,0,0,0,,,,,469.0,2896.0,31.0,0.0,5.0
terrads_6a2cfc45d078,Zenodo/TerraDS,iac_benchmark/scenarios/terrads_6a2cfc45d078,True,True,0,0,0,0,0,,,,,489.0,3632.0,25.0,0.0,5.0
terrads_2269e7f64999,Zenodo/TerraDS,iac_benchmark/scenarios/terrads_2269e7f64999,True,True,0,0,0,0,0,,,,,642.0,4569.0,24.0,18.0,5.0
terrads_3d464e180369,Zenodo/TerraDS,iac_benchmark/scenarios/terrads_3d464e180369,True,True,0,0,0,0,0,,,,,505.0,3485.0,32.0,0.0,5.0
terrads_2f8543237f6e,Zenodo/TerraDS,iac_benchmark/scenarios/terrads_2f8543237f6e,True,True,0,0,0,0,0,,,,,882.0,5914.0,31.0,31.0,5.0
terrads_561d02c67488,Zenodo/TerraDS,iac_benchmark/scenarios/terrads_561d02c67488,True,True,0,0,0,0,0,,,,,480.0,3193.0,31.0,3.0,5.0
terrads_cf4369b90716,Zenodo/TerraDS,iac_benchmark/scenarios/terrads_cf4369b90716,True,True,0,0,0,0,0,,,,,594.0,3967.0,16.0,8.0,5.0
terrads_b875eb6c5174,Zenodo/TerraDS,iac_benchmark/scenarios/terrads_b875eb6c5174,True,True,0,0,0,0,0,,,,,455.0,2789.0,19.0,4.0,5.0
terrads_bb5b452d10d2,Zenodo/TerraDS,iac_benchmark/scenarios/terrads_bb5b452d10d2,True,True,0,0,0,0,0,,,,,523.0,3299.0,15.0,12.0,5.0
terrads_979529260fc4,Zenodo/TerraDS,iac_benchmark/scenarios/terrads_979529260fc4,True,True,0,0,0,0,0,,,,,450.0,2783.0,20.0,7.0,5.0
terrads_f8a7272f7843,Zenodo/TerraDS,iac_benchmark/scenarios/terrads_f8a7272f7843,True,True,0,0,0,0,0,,,,,1075.0,7678.0,64.0,26.0,5.0
terrads_82b8f004cee9,Zenodo/TerraDS,iac_benchmark/scenarios/terrads_82b8f004cee9,True,True,0,0,0,0,0,,,,,519.0,3929.0,26.0,23.0,5.0
terrads_104f9037f79d,Zenodo/TerraDS,iac_benchmark/scenarios/terrads_104f9037f79d,True,True,0,0,0,0,0,,,,,475.0,3101.0,13.0,38.0,5.0
terrads_71e81fd1d1d3,Zenodo/TerraDS,iac_benchmark/scenarios/terrads_71e81fd1d1d3,True,True,0,0,0,0,0,,,,,882.0,5914.0,31.0,31.0,5.0
terrads_1941e66f77b7,Zenodo/TerraDS,iac_benchmark/scenarios/terrads_1941e66f77b7,True,True,0,0,0,0,0,,,,,404.0,2539.0,14.0,10.0,5.0
terrads_3409d6ee8e56,Zenodo/TerraDS,iac_benchmark/scenarios/terrads_3409d6ee8e56,True,True,0,0,0,0,0,,,,,799.0,5702.0,48.0,12.0,5.0
terrads_201f31d45134,Zenodo/TerraDS,iac_benchmark/scenarios/terrads_201f31d45134,True,True,0,0,0,0,0,,,,,422.0,2463.0,17.0,11.0,5.0
terrads_254f62339474,Zenodo/TerraDS,iac_benchmark/scenarios/terrads_254f62339474,True,True,0,0,0,0,0,,,,,528.0,3595.0,36.0,5.0,5.0
terrads_c0c99a3b0d4a,Zenodo/TerraDS,iac_benchmark/scenarios/terrads_c0c99a3b0d4a,True,True,0,0,0,0,0,,,,,457.0,3209.0,26.0,33.0,5.0
terrads_de921287a514,Zenodo/TerraDS,iac_benchmark/scenarios/terrads_de921287a514,True,True,0,0,0,0,0,,,,,492.0,3208.0,23.0,19.0,5.0
terrads_9fea6d625d76,Zenodo/TerraDS,iac_benchmark/scenarios/terrads_9fea6d625d76,True,True,0,0,0,0,0,,,,,443.0,2946.0,29.0,1.0,5.0
terrads_78372fbf5a2f,Zenodo/TerraDS,iac_benchmark/scenarios/terrads_78372fbf5a2f,True,True,0,0,0,0,0,,,,,418.0,2605.0,17.0,10.0,5.0
terrads_b9830fa575d1,Zenodo/TerraDS,iac_benchmark/scenarios/terrads_b9830fa575d1,True,True,0,0,0,0,0,,,,,729.0,4903.0,25.0,1.0,5.0
terrads_f5741972c77b,Zenodo/TerraDS,iac_benchmark/scenarios/terrads_f5741972c77b,True,True,0,0,0,0,0,,,,,457.0,3209.0,26.0,33.0,5.0
terrads_3524c78043c9,Zenodo/TerraDS,iac_benchmark/scenarios/terrads_3524c78043c9,True,True,0,0,0,0,0,,,,,411.0,2982.0,23.0,2.0,5.0
terrads_a5976b234da8,Zenodo/TerraDS,iac_benchmark/scenarios/terrads_a5976b234da8,True,True,0,0,0,0,0,,,,,533.0,4028.0,19.0,21.0,5.0
terrads_eaa3e61b68c2,Zenodo/TerraDS,iac_benchmark/scenarios/terrads_eaa3e61b68c2,True,True,0,0,0,0,0,,,,,441.0,2876.0,19.0,2.0,5.0
terrads_80264feb77b5,Zenodo/TerraDS,iac_benchmark/scenarios/terrads_80264feb77b5,True,True,0,0,0,0,0,,,,,518.0,3467.0,31.0,0.0,5.0
terrads_1bb1bdc0c723,Zenodo/TerraDS,iac_benchmark/scenarios/terrads_1bb1bdc0c723,True,True,0,0,0,0,0,,,,,731.0,4653.0,23.0,46.0,5.0
terrads_f890dd2233cc,Zenodo/TerraDS,iac_benchmark/scenarios/terrads_f890dd2233cc,True,True,0,0,0,0,0,,,,,694.0,5293.0,16.0,0.0,5.0
gh_4e77e001,Tianyi2/IRIS,iac_benchmark/scenarios/gh_4e77e001,True,True,0,0,0,0,0,,,,,685.0,4789.0,43.0,41.0,5.0
terrads_7ab846526f4a,Zenodo/TerraDS,iac_benchmark/scenarios/terrads_7ab846526f4a,True,True,0,0,0,0,0,,,,,456.0,3087.0,33.0,0.0,5.0
terrads_d98c25236883,Zenodo/TerraDS,iac_benchmark/scenarios/terrads_d98c25236883,True,True,0,0,0,0,0,,,,,441.0,2701.0,28.0,0.0,5.0
terrads_ab4a14ff090a,Zenodo/TerraDS,iac_benchmark/scenarios/terrads_ab4a14ff090a,True,True,0,0,0,0,0,,,,,696.0,5203.0,52.0,28.0,5.0
terrads_58a3a3d641c9,Zenodo/TerraDS,iac_benchmark/scenarios/terrads_58a3a3d641c9,True,True,0,0,0,0,0,,,,,462.0,2859.0,26.0,0.0,5.0
terrads_52cf9cbeca04,Zenodo/TerraDS,iac_benchmark/scenarios/terrads_52cf9cbeca04,True,True,0,0,0,0,0,,,,,648.0,4243.0,19.0,32.0,5.0
terrads_5ee8806816ba,Zenodo/TerraDS,iac_benchmark/scenarios/terrads_5ee8806816ba,True,True,0,0,0,0,0,,,,,441.0,2876.0,19.0,2.0,5.0
terrads_41695365891f,Zenodo/TerraDS,iac_benchmark/scenarios/terrads_41695365891f,True,True,0,0,0,0,0,,,,,522.0,3325.0,20.0,33.0,5.0
terrads_0f3b29e1690c,Zenodo/TerraDS,iac_benchmark/scenarios/terrads_0f3b29e1690c,True,True,0,0,0,0,0,,,,,882.0,5916.0,30.0,31.0,5.0
terrads_6e1c3bf8bec0,Zenodo/TerraDS,iac_benchmark/scenarios/terrads_6e1c3bf8bec0,True,True,0,0,0,0,0,,,,,429.0,3032.0,20.0,2.0,5.0
terrads_dac7c151194f,Zenodo/TerraDS,iac_benchmark/scenarios/terrads_dac7c151194f,True,True,0,0,0,0,0,,,,,440.0,2671.0,18.0,13.0,5.0
terrads_feae5e083134,Zenodo/TerraDS,iac_benchmark/scenarios/terrads_feae5e083134,True,True,0,0,0,0,0,,,,,734.0,4903.0,25.0,1.0,5.0
terrads_336079b18a46,Zenodo/TerraDS,iac_benchmark/scenarios/terrads_336079b18a46,True,True,0,0,0,0,0,,,,,734.0,4903.0,25.0,1.0,5.0
terrads_0ef0a8b411e2,Zenodo/TerraDS,iac_benchmark/scenarios/terrads_0ef0a8b411e2,True,True,0,0,0,0,0,,,,,560.0,4061.0,28.0,25.0,5.0
terrads_1224b47426a6,Zenodo/TerraDS,iac_benchmark/scenarios/terrads_1224b47426a6,True,True,0,0,0,0,0,,,,,732.0,4903.0,25.0,1.0,5.0
terrads_7af6b6ca678d,Zenodo/TerraDS,iac_benchmark/scenarios/terrads_7af6b6ca678d,True,True,0,0,0,0,0,,,,,489.0,3632.0,25.0,0.0,5.0
terrads_7ed956024d61,Zenodo/TerraDS,iac_benchmark/scenarios/terrads_7ed956024d61,True,True,0,0,0,0,0,,,,,615.0,4463.0,27.0,14.0,5.0
terrads_d2190c9ffa30,Zenodo/TerraDS,iac_benchmark/scenarios/terrads_d2190c9ffa30,True,True,0,0,0,0,0,,,,,401.0,2908.0,13.0,19.0,5.0
terrads_3ce1c8969586,Zenodo/TerraDS,iac_benchmark/scenarios/terrads_3ce1c8969586,True,True,0,0,0,0,0,,,,,734.0,4903.0,25.0,1.0,5.0
terrads_9846c3321629,Zenodo/TerraDS,iac_benchmark/scenarios/terrads_9846c3321629,True,True,0,0,0,0,0,,,,,874.0,6678.0,27.0,59.0,5.0
terrads_e4930032d367,Zenodo/TerraDS,iac_benchmark/scenarios/terrads_e4930032d367,True,True,0,0,0,0,0,,,,,536.0,3777.0,21.0,25.0,5.0
terrads_0b12385ad253,Zenodo/TerraDS,iac_benchmark/scenarios/terrads_0b12385ad253,True,True,0,0,0,0,0,,,,,504.0,3429.0,38.0,0.0,5.0
terrads_2c85b2214729,Zenodo/TerraDS,iac_benchmark/scenarios/terrads_2c85b2214729,True,True,0,0,0,0,0,,,,,452.0,3148.0,31.0,0.0,5.0
terrads_783696c7ccab,Zenodo/TerraDS,iac_benchmark/scenarios/terrads_783696c7ccab,True,True,0,0,0,0,0,,,,,827.0,5446.0,25.0,18.0,5.0
terrads_bd4fab04cf02,Zenodo/TerraDS,iac_benchmark/scenarios/terrads_bd4fab04cf02,True,True,0,0,0,0,0,,,,,548.0,4056.0,16.0,19.0,5.0
terrads_6c5855d6b70a,Zenodo/TerraDS,iac_benchmark/scenarios/terrads_6c5855d6b70a,True,True,0,0,0,0,0,,,,,540.0,3525.0,25.0,16.0,5.0
terrads_5b39824e3c0e,Zenodo/TerraDS,iac_benchmark/scenarios/terrads_5b39824e3c0e,True,True,0,0,0,0,0,,,,,408.0,2892.0,26.0,25.0,5.0
terrads_da1b31733e94,Zenodo/TerraDS,iac_benchmark/scenarios/terrads_da1b31733e94,True,True,0,0,0,0,0,,,,,440.0,2671.0,18.0,13.0,5.0
terrads_5704e7655b84,Zenodo/TerraDS,iac_benchmark/scenarios/terrads_5704e7655b84,True,True,0,0,0,0,0,,,,,563.0,3578.0,21.0,17.0,5.0
terrads_9aa506cdf27c,Zenodo/TerraDS,iac_benchmark/scenarios/terrads_9aa506cdf27c,True,True,0,0,0,0,0,,,,,473.0,3257.0,27.0,12.0,5.0
terrads_3f8fb8d8e9de,Zenodo/TerraDS,iac_benchmark/scenarios/terrads_3f8fb8d8e9de,True,True,0,0,0,0,0,,,,,797.0,4983.0,25.0,27.0,5.0
terrads_930be6dd8b59,Zenodo/TerraDS,iac_benchmark/scenarios/terrads_930be6dd8b59,True,True,0,0,0,0,0,,,,,621.0,4346.0,33.0,20.0,5.0
terrads_d3833a900c25,Zenodo/TerraDS,iac_benchmark/scenarios/terrads_d3833a900c25,True,True,0,0,0,0,0,,,,,546.0,3789.0,20.0,28.0,5.0
terrads_a07afbc7f16e,Zenodo/TerraDS,iac_benchmark/scenarios/terrads_a07afbc7f16e,True,True,0,0,0,0,0,,,,,438.0,2534.0,21.0,9.0,5.0
terrads_297678232738,Zenodo/TerraDS,iac_benchmark/scenarios/terrads_297678232738,True,True,0,0,0,0,0,,,,,678.0,5154.0,16.0,7.0,5.0
terrads_f0fbf856f84c,Zenodo/TerraDS,iac_benchmark/scenarios/terrads_f0fbf856f84c,True,True,0,0,0,0,0,,,,,546.0,3525.0,25.0,16.0,5.0
terrads_ff217ef88711,Zenodo/TerraDS,iac_benchmark/scenarios/terrads_ff217ef88711,True,True,0,0,0,0,0,,,,,781.0,5488.0,50.0,8.0,5.0
terrads_e04ca4ea5acf,Zenodo/TerraDS,iac_benchmark/scenarios/terrads_e04ca4ea5acf,True,True,0,0,0,0,0,,,,,424.0,2849.0,26.0,8.0,5.0
terrads_301305964d86,Zenodo/TerraDS,iac_benchmark/scenarios/terrads_301305964d86,True,True,0,0,0,0,0,,,,,486.0,2920.0,18.0,14.0,5.0
terrads_23904ea28abf,Zenodo/TerraDS,iac_benchmark/scenarios/terrads_23904ea28abf,True,True,0,0,0,0,0,,,,,960.0,7115.0,37.0,14.0,5.0
terrads_18a7221f7827,Zenodo/TerraDS,iac_benchmark/scenarios/terrads_18a7221f7827,True,True,0,0,0,0,0,,,,,510.0,4145.0,14.0,14.0,5.0
terrads_aa1938db484f,Zenodo/TerraDS,iac_benchmark/scenarios/terrads_aa1938db484f,True,True,0,0,0,0,0,,,,,604.0,4694.0,28.0,28.0,5.0
terrads_bed2193c1065,Zenodo/TerraDS,iac_benchmark/scenarios/terrads_bed2193c1065,True,True,0,0,0,0,0,,,,,708.0,4711.0,15.0,35.0,5.0
terrads_36530858376a,Zenodo/TerraDS,iac_benchmark/scenarios/terrads_36530858376a,True,True,0,0,0,0,0,,,,,605.0,4728.0,25.0,28.0,5.0
terrads_abd319b9b84e,Zenodo/TerraDS,iac_benchmark/scenarios/terrads_abd319b9b84e,True,True,0,0,0,0,0,,,,,527.0,5837.0,24.0,38.0,5.0
terrads_a483ce5d1819,Zenodo/TerraDS,iac_benchmark/scenarios/terrads_a483ce5d1819,True,True,0,0,0,0,0,,,,,468.0,3223.0,20.0,5.0,5.0
terrads_5502086a68cf,Zenodo/TerraDS,iac_benchmark/scenarios/terrads_5502086a68cf,True,True,0,0,0,0,0,,,,,739.0,5004.0,26.0,1.0,5.0
terrads_4a1604302c7a,Zenodo/TerraDS,iac_benchmark/scenarios/terrads_4a1604302c7a,True,True,0,0,0,0,0,,,,,713.0,4619.0,41.0,9.0,5.0
terrads_d153fdff1b5d,Zenodo/TerraDS,iac_benchmark/scenarios/terrads_d153fdff1b5d,True,True,0,0,0,0,0,,,,,735.0,4942.0,27.0,10.0,5.0
terrads_a697898e52a5,Zenodo/TerraDS,iac_benchmark/scenarios/terrads_a697898e52a5,True,True,0,0,0,0,0,,,,,458.0,3077.0,28.0,23.0,5.0
terrads_41be84e4d705,Zenodo/TerraDS,iac_benchmark/scenarios/terrads_41be84e4d705,True,True,0,0,0,0,0,,,,,739.0,5004.0,26.0,1.0,5.0
terrads_f04fabd5d271,Zenodo/TerraDS,iac_benchmark/scenarios/terrads_f04fabd5d271,True,True,0,0,0,0,0,,,,,506.0,3730.0,25.0,25.0,5.0
terrads_c6931c3deaf8,Zenodo/TerraDS,iac_benchmark/scenarios/terrads_c6931c3deaf8,True,True,0,0,0,0,0,,,,,512.0,3720.0,26.0,18.0,5.0
terrads_7c0a97d457f6,Zenodo/TerraDS,iac_benchmark/scenarios/terrads_7c0a97d457f6,True,True,0,0,0,0,0,,,,,471.0,2712.0,15.0,34.0,5.0
terrads_da15d3a8f003,Zenodo/TerraDS,iac_benchmark/scenarios/terrads_da15d3a8f003,True,True,0,0,0,0,0,,,,,732.0,4903.0,25.0,1.0,5.0
terrads_647cb076fa8e,Zenodo/TerraDS,iac_benchmark/scenarios/terrads_647cb076fa8e,True,True,0,0,0,0,0,,,,,578.0,4057.0,17.0,24.0,5.0
terrads_6020edb27441,Zenodo/TerraDS,iac_benchmark/scenarios/terrads_6020edb27441,True,True,0,0,0,0,0,,,,,541.0,3526.0,24.0,16.0,5.0
terrads_924c2997f6be,Zenodo/TerraDS,iac_benchmark/scenarios/terrads_924c2997f6be,True,True,0,0,0,0,0,,,,,439.0,2592.0,30.0,2.0,5.0
terrads_4276f463a63d,Zenodo/TerraDS,iac_benchmark/scenarios/terrads_4276f463a63d,True,True,0,0,0,0,0,,,,,415.0,2792.0,26.0,0.0,5.0
terrads_ccb6502b7d02,Zenodo/TerraDS,iac_benchmark/scenarios/terrads_ccb6502b7d02,True,True,0,0,0,0,0,,,,,412.0,2535.0,27.0,0.0,5.0
terrads_f118462f11be,Zenodo/TerraDS,iac_benchmark/scenarios/terrads_f118462f11be,True,True,0,0,0,0,0,,,,,525.0,3114.0,21.0,15.0,5.0
terrads_a533f6ad8de6,Zenodo/TerraDS,iac_benchmark/scenarios/terrads_a533f6ad8de6,True,True,0,0,0,0,0,,,,,526.0,3501.0,20.0,19.0,5.0
terrads_daa1273d62b8,Zenodo/TerraDS,iac_benchmark/scenarios/terrads_daa1273d62b8,True,True,0,0,0,0,0,,,,,414.0,3002.0,21.0,11.0,5.0
terrads_01b97c27012e,Zenodo/TerraDS,iac_benchmark/scenarios/terrads_01b97c27012e,True,True,0,0,0,0,0,,,,,741.0,5019.0,26.0,1.0,5.0
terrads_920d1d8f0059,Zenodo/TerraDS,iac_benchmark/scenarios/terrads_920d1d8f0059,True,True,0,0,0,0,0,,,,,673.0,3872.0,18.0,20.0,5.0
terrads_d1a691a1594b,Zenodo/TerraDS,iac_benchmark/scenarios/terrads_d1a691a1594b,True,True,0,0,0,0,0,,,,,422.0,2463.0,17.0,11.0,5.0
terrads_4d224f6098f8,Zenodo/TerraDS,iac_benchmark/scenarios/terrads_4d224f6098f8,True,True,0,0,0,0,0,,,,,937.0,7510.0,75.0,0.0,5.0
terrads_bc7931820691,Zenodo/TerraDS,iac_benchmark/scenarios/terrads_bc7931820691,True,True,0,0,0,0,0,,,,,579.0,3789.0,20.0,19.0,5.0
terrads_aa2d9e9e0055,Zenodo/TerraDS,iac_benchmark/scenarios/terrads_aa2d9e9e0055,True,True,0,0,0,0,0,,,,,514.0,3033.0,19.0,13.0,5.0
terrads_b8eff477b6dc,Zenodo/TerraDS,iac_benchmark/scenarios/terrads_b8eff477b6dc,True,True,0,0,0,0,0,,,,,638.0,4149.0,20.0,9.0,5.0
terrads_6d780a816fc8,Zenodo/TerraDS,iac_benchmark/scenarios/terrads_6d780a816fc8,True,True,0,0,0,0,0,,,,,489.0,3843.0,28.0,0.0,5.0
terrads_cc5d941f7652,Zenodo/TerraDS,iac_benchmark/scenarios/terrads_cc5d941f7652,True,True,0,0,0,0,0,,,,,539.0,3691.0,20.0,0.0,5.0
terrads_ffa30631e134,Zenodo/TerraDS,iac_benchmark/scenarios/terrads_ffa30631e134,True,True,0,0,0,0,0,,,,,415.0,3040.0,25.0,3.0,5.0
terrads_99461b9b2abb,Zenodo/TerraDS,iac_benchmark/scenarios/terrads_99461b9b2abb,True,True,0,0,0,0,0,,,,,814.0,6233.0,23.0,47.0,5.0
terrads_fc022da3769f,Zenodo/TerraDS,iac_benchmark/scenarios/terrads_fc022da3769f,True,True,0,0,0,0,0,,,,,656.0,5503.0,21.0,36.0,5.0
terrads_fc7efb3906ac,Zenodo/TerraDS,iac_benchmark/scenarios/terrads_fc7efb3906ac,True,True,0,0,0,0,0,,,,,563.0,3915.0,35.0,0.0,5.0
terrads_64917cd72539,Zenodo/TerraDS,iac_benchmark/scenarios/terrads_64917cd72539,True,True,0,0,0,0,0,,,,,1005.0,7511.0,57.0,14.0,5.0
terrads_03633834b7e5,Zenodo/TerraDS,iac_benchmark/scenarios/terrads_03633834b7e5,True,True,0,0,0,0,0,,,,,421.0,2838.0,29.0,0.0,5.0
terrads_d304d5f7a675,Zenodo/TerraDS,iac_benchmark/scenarios/terrads_d304d5f7a675,True,True,0,0,0,0,0,,,,,1137.0,6920.0,49.0,26.0,5.0
terrads_3b23b1be1517,Zenodo/TerraDS,iac_benchmark/scenarios/terrads_3b23b1be1517,True,True,0,0,0,0,0,,,,,557.0,3890.0,15.0,11.0,5.0
terrads_39919237c70c,Zenodo/TerraDS,iac_benchmark/scenarios/terrads_39919237c70c,True,True,0,0,0,0,0,,,,,403.0,2479.0,24.0,11.0,5.0
terrads_48fb362a4212,Zenodo/TerraDS,iac_benchmark/scenarios/terrads_48fb362a4212,True,True,0,0,0,0,0,,,,,415.0,2733.0,16.0,6.0,5.0
terrads_25b34b129fb0,Zenodo/TerraDS,iac_benchmark/scenarios/terrads_25b34b129fb0,True,True,0,0,0,0,0,,,,,564.0,4326.0,16.0,8.0,5.0
terrads_f10c485bf60a,Zenodo/TerraDS,iac_benchmark/scenarios/terrads_f10c485bf60a,True,True,0,0,0,0,0,,,,,486.0,3376.0,28.0,5.0,5.0
terrads_1f4523764fc5,Zenodo/TerraDS,iac_benchmark/scenarios/terrads_1f4523764fc5,True,True,0,0,0,0,0,,,,,467.0,3193.0,19.0,20.0,5.0
terrads_ef71806b8ad7,Zenodo/TerraDS,iac_benchmark/scenarios/terrads_ef71806b8ad7,True,True,0,0,0,0,0,,,,,514.0,3238.0,18.0,16.0,5.0
terrads_4b86218b1d80,Zenodo/TerraDS,iac_benchmark/scenarios/terrads_4b86218b1d80,True,True,0,0,0,0,0,,,,,470.0,3799.0,39.0,0.0,5.0
terrads_b56c41ab94f9,Zenodo/TerraDS,iac_benchmark/scenarios/terrads_b56c41ab94f9,True,True,0,0,0,0,0,,,,,441.0,2701.0,28.0,0.0,5.0
terrads_8606cc88caa5,Zenodo/TerraDS,iac_benchmark/scenarios/terrads_8606cc88caa5,True,True,0,0,0,0,0,,,,,471.0,2712.0,15.0,34.0,5.0
terrads_c62c18ee8609,Zenodo/TerraDS,iac_benchmark/scenarios/terrads_c62c18ee8609,True,True,0,0,0,0,0,,,,,882.0,5914.0,31.0,31.0,5.0
terrads_1b9b87194282,Zenodo/TerraDS,iac_benchmark/scenarios/terrads_1b9b87194282,True,True,0,0,0,0,0,,,,,506.0,3824.0,13.0,30.0,5.0
terrads_9cd5a3e7989f,Zenodo/TerraDS,iac_benchmark/scenarios/terrads_9cd5a3e7989f,True,True,0,0,0,0,0,,,,,446.0,3124.0,17.0,20.0,5.0
terrads_576d81ea96a6,Zenodo/TerraDS,iac_benchmark/scenarios/terrads_576d81ea96a6,True,True,0,0,0,0,0,,,,,408.0,2935.0,20.0,7.0,5.0
terrads_5bf52f743ab3,Zenodo/TerraDS,iac_benchmark/scenarios/terrads_5bf52f743ab3,True,True,0,0,0,0,0,,,,,456.0,2951.0,22.0,18.0,5.0
terrads_69664574ff8d,Zenodo/TerraDS,iac_benchmark/scenarios/terrads_69664574ff8d,True,True,0,0,0,0,0,,,,,570.0,4710.0,27.0,23.0,5.0
terrads_443c9a6ca4ca,Zenodo/TerraDS,iac_benchmark/scenarios/terrads_443c9a6ca4ca,True,True,0,0,0,0,0,,,,,575.0,3726.0,12.0,10.0,5.0
terrads_3a511a9c2360,Zenodo/TerraDS,iac_benchmark/scenarios/terrads_3a511a9c2360,True,True,0,0,0,0,0,,,,,552.0,3529.0,25.0,10.0,5.0
terrads_88ab73b31f79,Zenodo/TerraDS,iac_benchmark/scenarios/terrads_88ab73b31f79,True,True,0,0,0,0,0,,,,,440.0,3918.0,34.0,9.0,5.0
terrads_3e282090b7e6,Zenodo/TerraDS,iac_benchmark/scenarios/terrads_3e282090b7e6,True,True,0,0,0,0,0,,,,,695.0,5772.0,15.0,11.0,5.0
terrads_eea7df388673,Zenodo/TerraDS,iac_benchmark/scenarios/terrads_eea7df388673,True,True,0,0,0,0,0,,,,,437.0,2930.0,18.0,10.0,5.0
terrads_163cf56a8bf5,Zenodo/TerraDS,iac_benchmark/scenarios/terrads_163cf56a8bf5,True,True,0,0,0,0,0,,,,,433.0,3589.0,16.0,21.0,5.0
terrads_02ece906d320,Zenodo/TerraDS,iac_benchmark/scenarios/terrads_02ece906d320,True,True,0,0,0,0,0,,,,,576.0,3787.0,20.0,21.0,5.0
terrads_f0fa4c6b302d,Zenodo/TerraDS,iac_benchmark/scenarios/terrads_f0fa4c6b302d,True,True,0,0,0,0,0,,,,,472.0,3515.0,12.0,25.0,5.0
terrads_1b0cb70c8ae4,Zenodo/TerraDS,iac_benchmark/scenarios/terrads_1b0cb70c8ae4,True,True,0,0,0,0,0,,,,,468.0,3862.0,16.0,9.0,5.0
terrads_6a09677652cb,Zenodo/TerraDS,iac_benchmark/scenarios/terrads_6a09677652cb,True,True,0,0,0,0,0,,,,,432.0,2673.0,28.0,0.0,5.0
terrads_6e1b97cb235c,Zenodo/TerraDS,iac_benchmark/scenarios/terrads_6e1b97cb235c,True,True,0,0,0,0,0,,,,,734.0,4903.0,25.0,1.0,5.0
terrads_1e0c6ad7f488,Zenodo/TerraDS,iac_benchmark/scenarios/terrads_1e0c6ad7f488,True,True,0,0,0,0,0,,,,,958.0,7246.0,37.0,42.0,5.0
terrads_cf2bbb93e9a0,Zenodo/TerraDS,iac_benchmark/scenarios/terrads_cf2bbb93e9a0,True,True,0,0,0,0,0,,,,,762.0,4676.0,22.0,22.0,5.0
terrads_85ecbf73a0f2,Zenodo/TerraDS,iac_benchmark/scenarios/terrads_85ecbf73a0f2,True,True,0,0,0,0,0,,,,,435.0,3115.0,29.0,0.0,5.0
terrads_ce24773eaf58,Zenodo/TerraDS,iac_benchmark/scenarios/terrads_ce24773eaf58,True,True,0,0,0,0,0,,,,,501.0,3700.0,39.0,24.0,5.0
terrads_2e4683fb8e40,Zenodo/TerraDS,iac_benchmark/scenarios/terrads_2e4683fb8e40,True,True,0,0,0,0,0,,,,,482.0,3420.0,30.0,9.0,5.0
terrads_0ec8ba2d173e,Zenodo/TerraDS,iac_benchmark/scenarios/terrads_0ec8ba2d173e,True,True,0,0,0,0,0,,,,,457.0,3209.0,26.0,33.0,5.0
terrads_8cd163c7fda8,Zenodo/TerraDS,iac_benchmark/scenarios/terrads_8cd163c7fda8,True,True,0,0,0,0,0,,,,,479.0,3105.0,33.0,14.0,5.0
terrads_b5eaba60494d,Zenodo/TerraDS,iac_benchmark/scenarios/terrads_b5eaba60494d,True,True,0,0,0,0,0,,,,,694.0,5336.0,39.0,13.0,5.0
terrads_d2a1f53489c9,Zenodo/TerraDS,iac_benchmark/scenarios/terrads_d2a1f53489c9,True,True,0,0,0,0,0,,,,,543.0,3411.0,13.0,14.0,5.0
terrads_9009705ff4d0,Zenodo/TerraDS,iac_benchmark/scenarios/terrads_9009705ff4d0,True,True,0,0,0,0,0,,,,,414.0,2394.0,13.0,47.0,5.0
terrads_eb8329f35811,Zenodo/TerraDS,iac_benchmark/scenarios/terrads_eb8329f35811,True,True,0,0,0,0,0,,,,,981.0,6894.0,34.0,60.0,5.0
terrads_a78efc939ef5,Zenodo/TerraDS,iac_benchmark/scenarios/terrads_a78efc939ef5,True,True,0,0,0,0,0,,,,,639.0,4216.0,19.0,14.0,5.0
terrads_9589a6b3ecf2,Zenodo/TerraDS,iac_benchmark/scenarios/terrads_9589a6b3ecf2,True,True,0,0,0,0,0,,,,,561.0,3905.0,14.0,12.0,5.0
terrads_d60b3b7fbfa2,Zenodo/TerraDS,iac_benchmark/scenarios/terrads_d60b3b7fbfa2,True,True,0,0,0,0,0,,,,,718.0,6181.0,74.0,7.0,5.0
terrads_c0dbead792bd,Zenodo/TerraDS,iac_benchmark/scenarios/terrads_c0dbead792bd,True,True,0,0,0,0,0,,,,,646.0,4283.0,34.0,20.0,5.0
gh_a52e5747,Tianyi2/IRIS,iac_benchmark/scenarios/gh_a52e5747,True,True,0,0,0,0,0,,,,,986.0,7530.0,42.0,43.0,5.0
terrads_12e4d64eaeaf,Zenodo/TerraDS,iac_benchmark/scenarios/terrads_12e4d64eaeaf,True,True,0,0,0,0,0,,,,,597.0,4326.0,15.0,15.0,5.0
terrads_74c19c7251c9,Zenodo/TerraDS,iac_benchmark/scenarios/terrads_74c19c7251c9,True,True,0,0,0,0,0,,,,,905.0,7658.0,39.0,8.0,5.0
gh_49d31a5d,Tianyi2/IRIS,iac_benchmark/scenarios/gh_49d31a5d,True,True,0,0,0,0,0,,,,,486.0,3123.0,28.0,13.0,5.0
terrads_8381fdee68a4,Zenodo/TerraDS,iac_benchmark/scenarios/terrads_8381fdee68a4,True,True,0,0,0,0,0,,,,,514.0,3894.0,25.0,8.0,5.0
terrads_d763f1f185a1,Zenodo/TerraDS,iac_benchmark/scenarios/terrads_d763f1f185a1,True,True,0,0,0,0,0,,,,,518.0,3467.0,31.0,0.0,5.0
terrads_5c9f8263ee33,Zenodo/TerraDS,iac_benchmark/scenarios/terrads_5c9f8263ee33,True,True,0,0,0,0,0,,,,,446.0,3385.0,18.0,15.0,5.0
terrads_797bff00fcdf,Zenodo/TerraDS,iac_benchmark/scenarios/terrads_797bff00fcdf,True,True,0,0,0,0,0,,,,,671.0,4303.0,29.0,22.0,5.0
terrads_6ccf3688452e,Zenodo/TerraDS,iac_benchmark/scenarios/terrads_6ccf3688452e,True,True,0,0,0,0,0,,,,,611.0,3912.0,21.0,9.0,5.0
terrads_f21091746a46,Zenodo/TerraDS,iac_benchmark/scenarios/terrads_f21091746a46,True,True,0,0,0,0,0,,,,,861.0,5689.0,30.0,17.0,5.0
terrads_8bac194cd1a1,Zenodo/TerraDS,iac_benchmark/scenarios/terrads_8bac194cd1a1,True,True,0,0,0,0,0,,,,,720.0,5832.0,19.0,15.0,5.0
terrads_df366b3fdb6c,Zenodo/TerraDS,iac_benchmark/scenarios/terrads_df366b3fdb6c,True,True,0,0,0,0,0,,,,,417.0,2691.0,24.0,25.0,5.0
terrads_ca814660f122,Zenodo/TerraDS,iac_benchmark/scenarios/terrads_ca814660f122,True,True,0,0,0,0,0,,,,,468.0,3723.0,31.0,8.0,5.0
terrads_43bd602f086d,Zenodo/TerraDS,iac_benchmark/scenarios/terrads_43bd602f086d,True,True,0,0,0,0,0,,,,,450.0,2802.0,22.0,9.0,5.0
terrads_83b303c27ebb,Zenodo/TerraDS,iac_benchmark/scenarios/terrads_83b303c27ebb,True,True,0,0,0,0,0,,,,,677.0,4518.0,12.0,49.0,5.0
terrads_390ec1c6f813,Zenodo/TerraDS,iac_benchmark/scenarios/terrads_390ec1c6f813,True,True,0,0,0,0,0,,,,,899.0,6465.0,46.0,0.0,5.0
terrads_edc338840137,Zenodo/TerraDS,iac_benchmark/scenarios/terrads_edc338840137,True,True,0,0,0,0,0,,,,,489.0,3632.0,25.0,0.0,5.0
terrads_15d9c4c36519,Zenodo/TerraDS,iac_benchmark/scenarios/terrads_15d9c4c36519,True,True,0,0,0,0,0,,,,,453.0,3186.0,19.0,11.0,5.0
terrads_505bc537acf7,Zenodo/TerraDS,iac_benchmark/scenarios/terrads_505bc537acf7,True,True,0,0,0,0,0,,,,,809.0,5337.0,33.0,14.0,5.0
terrads_2765caa04866,Zenodo/TerraDS,iac_benchmark/scenarios/terrads_2765caa04866,True,True,0,0,0,0,0,,,,,477.0,3685.0,33.0,0.0,5.0
terrads_075616b1cd9a,Zenodo/TerraDS,iac_benchmark/scenarios/terrads_075616b1cd9a,True,True,0,0,0,0,0,,,,,668.0,3896.0,35.0,9.0,5.0
terrads_75d100631036,Zenodo/TerraDS,iac_benchmark/scenarios/terrads_75d100631036,True,True,0,0,0,0,0,,,,,444.0,2877.0,19.0,2.0,5.0
terrads_61b8739bc707,Zenodo/TerraDS,iac_benchmark/scenarios/terrads_61b8739bc707,True,True,0,0,0,0,0,,,,,553.0,3328.0,28.0,4.0,5.0
terrads_50f47182f06d,Zenodo/TerraDS,iac_benchmark/scenarios/terrads_50f47182f06d,True,True,0,0,0,0,0,,,,,570.0,4303.0,33.0,14.0,5.0
terrads_473f2dfb69fe,Zenodo/TerraDS,iac_benchmark/scenarios/terrads_473f2dfb69fe,True,True,0,0,0,0,0,,,,,421.0,2499.0,22.0,16.0,5.0
terrads_35bada1e89d3,Zenodo/TerraDS,iac_benchmark/scenarios/terrads_35bada1e89d3,True,True,0,0,0,0,0,,,,,499.0,3484.0,30.0,4.0,5.0
terrads_ed336f8ab351,Zenodo/TerraDS,iac_benchmark/scenarios/terrads_ed336f8ab351,True,True,0,0,0,0,0,,,,,489.0,3811.0,24.0,20.0,5.0
terrads_690efda1ff48,Zenodo/TerraDS,iac_benchmark/scenarios/terrads_690efda1ff48,True,True,0,0,0,0,0,,,,,1058.0,7388.0,30.0,62.0,5.0
terrads_4af5b9eab987,Zenodo/TerraDS,iac_benchmark/scenarios/terrads_4af5b9eab987,True,True,0,0,0,0,0,,,,,444.0,2877.0,19.0,2.0,5.0
terrads_2083a925ef4b,Zenodo/TerraDS,iac_benchmark/scenarios/terrads_2083a925ef4b,True,True,0,0,0,0,0,,,,,409.0,3016.0,21.0,17.0,5.0
terrads_a055e1d134f4,Zenodo/TerraDS,iac_benchmark/scenarios/terrads_a055e1d134f4,True,True,0,0,0,0,0,,,,,596.0,4607.0,15.0,35.0,5.0
terrads_19997174cfb1,Zenodo/TerraDS,iac_benchmark/scenarios/terrads_19997174cfb1,True,True,0,0,0,0,0,,,,,517.0,3428.0,30.0,13.0,5.0
terrads_11cd1bb68b4b,Zenodo/TerraDS,iac_benchmark/scenarios/terrads_11cd1bb68b4b,True,True,0,0,0,0,0,,,,,479.0,4546.0,13.0,12.0,5.0
terrads_6698681ee00c,Zenodo/TerraDS,iac_benchmark/scenarios/terrads_6698681ee00c,True,True,0,0,0,0,0,,,,,433.0,3444.0,36.0,5.0,5.0
terrads_c7b65d5f685b,Zenodo/TerraDS,iac_benchmark/scenarios/terrads_c7b65d5f685b,True,True,0,0,0,0,0,,,,,518.0,3467.0,31.0,0.0,5.0
terrads_021fd0eaf1e4,Zenodo/TerraDS,iac_benchmark/scenarios/terrads_021fd0eaf1e4,True,True,0,0,0,0,0,,,,,882.0,5914.0,31.0,31.0,5.0
gh_e55bb100,Tianyi2/IRIS,iac_benchmark/scenarios/gh_e55bb100,True,True,0,0,0,0,0,,,,,400.0,2894.0,22.0,0.0,5.0
terrads_f34d0e97003f,Zenodo/TerraDS,iac_benchmark/scenarios/terrads_f34d0e97003f,True,True,0,0,0,0,0,,,,,658.0,4722.0,35.0,4.0,5.0
terrads_ca89bb0f16a8,Zenodo/TerraDS,iac_benchmark/scenarios/terrads_ca89bb0f16a8,True,True,0,0,0,0,0,,,,,508.0,3396.0,33.0,11.0,5.0
terrads_bd0f57c9f4bc,Zenodo/TerraDS,iac_benchmark/scenarios/terrads_bd0f57c9f4bc,True,True,0,0,0,0,0,,,,,915.0,6226.0,47.0,22.0,5.0
terrads_40083af52e3d,Zenodo/TerraDS,iac_benchmark/scenarios/terrads_40083af52e3d,True,True,0,0,0,0,0,,,,,477.0,3685.0,33.0,0.0,5.0
gh_cc518bcc,Tianyi2/IRIS,iac_benchmark/scenarios/gh_cc518bcc,True,True,0,0,0,0,0,,,,,1014.0,6705.0,21.0,96.0,5.0
terrads_e0f07c5872de,Zenodo/TerraDS,iac_benchmark/scenarios/terrads_e0f07c5872de,True,True,0,0,0,0,0,,,,,591.0,3819.0,14.0,3.0,5.0
terrads_2f8d62535e34,Zenodo/TerraDS,iac_benchmark/scenarios/terrads_2f8d62535e34,True,True,0,0,0,0,0,,,,,447.0,3052.0,12.0,5.0,5.0
terrads_fd03cc1de599,Zenodo/TerraDS,iac_benchmark/scenarios/terrads_fd03cc1de599,True,True,0,0,0,0,0,,,,,489.0,3632.0,25.0,0.0,5.0
terrads_5bfedb676b9c,Zenodo/TerraDS,iac_benchmark/scenarios/terrads_5bfedb676b9c,True,True,0,0,0,0,0,,,,,742.0,6983.0,17.0,2.0,5.0
terrads_67a44225300a,Zenodo/TerraDS,iac_benchmark/scenarios/terrads_67a44225300a,True,True,0,0,0,0,0,,,,,970.0,6884.0,61.0,26.0,5.0
terrads_0509287ad29f,Zenodo/TerraDS,iac_benchmark/scenarios/terrads_0509287ad29f,True,True,0,0,0,0,0,,,,,667.0,4392.0,25.0,9.0,5.0
terrads_f5146eaa417f,Zenodo/TerraDS,iac_benchmark/scenarios/terrads_f5146eaa417f,True,True,0,0,0,0,0,,,,,453.0,3070.0,33.0,0.0,5.0
terrads_e2c91203ebcb,Zenodo/TerraDS,iac_benchmark/scenarios/terrads_e2c91203ebcb,True,True,0,0,0,0,0,,,,,565.0,4001.0,25.0,1.0,5.0
terrads_54296d243cca,Zenodo/TerraDS,iac_benchmark/scenarios/terrads_54296d243cca,True,True,0,0,0,0,0,,,,,449.0,3078.0,27.0,7.0,5.0
terrads_1d709c80f829,Zenodo/TerraDS,iac_benchmark/scenarios/terrads_1d709c80f829,True,True,0,0,0,0,0,,,,,452.0,3046.0,28.0,2.0,5.0
terrads_bfd02741e0fe,Zenodo/TerraDS,iac_benchmark/scenarios/terrads_bfd02741e0fe,True,True,0,0,0,0,0,,,,,603.0,4812.0,25.0,9.0,5.0
terrads_447d5a8a5585,Zenodo/TerraDS,iac_benchmark/scenarios/terrads_447d5a8a5585,True,True,0,0,0,0,0,,,,,494.0,3295.0,14.0,12.0,5.0
terrads_a8d4c66ee0ba,Zenodo/TerraDS,iac_benchmark/scenarios/terrads_a8d4c66ee0ba,True,True,0,0,0,0,0,,,,,441.0,2701.0,28.0,0.0,5.0
terrads_5ecd0fb57d3d,Zenodo/TerraDS,iac_benchmark/scenarios/terrads_5ecd0fb57d3d,True,True,0,0,0,0,0,,,,,752.0,5603.0,36.0,12.0,5.0
terrads_3a1b777f3448,Zenodo/TerraDS,iac_benchmark/scenarios/terrads_3a1b777f3448,True,True,0,0,0,0,0,,,,,457.0,3209.0,26.0,33.0,5.0
terrads_9caf0fb1e0c2,Zenodo/TerraDS,iac_benchmark/scenarios/terrads_9caf0fb1e0c2,True,True,0,0,0,0,0,,,,,412.0,2535.0,27.0,0.0,5.0
terrads_b749a208f02a,Zenodo/TerraDS,iac_benchmark/scenarios/terrads_b749a208f02a,True,True,0,0,0,0,0,,,,,484.0,2855.0,16.0,24.0,5.0
terrads_089291312435,Zenodo/TerraDS,iac_benchmark/scenarios/terrads_089291312435,True,True,0,0,0,0,0,,,,,739.0,5789.0,43.0,34.0,5.0
terrads_9b73c5a1df74,Zenodo/TerraDS,iac_benchmark/scenarios/terrads_9b73c5a1df74,True,True,0,0,0,0,0,,,,,539.0,3691.0,20.0,0.0,5.0
terrads_310a3ec9ef0a,Zenodo/TerraDS,iac_benchmark/scenarios/terrads_310a3ec9ef0a,True,True,0,0,0,0,0,,,,,1014.0,7125.0,16.0,4.0,5.0
terrads_c98bbb8016f2,Zenodo/TerraDS,iac_benchmark/scenarios/terrads_c98bbb8016f2,True,True,0,0,0,0,0,,,,,1127.0,7719.0,42.0,61.0,5.0
terrads_50b798ce90f7,Zenodo/TerraDS,iac_benchmark/scenarios/terrads_50b798ce90f7,True,True,0,0,0,0,0,,,,,899.0,6717.0,23.0,21.0,5.0
terrads_a3ef2f099c3d,Zenodo/TerraDS,iac_benchmark/scenarios/terrads_a3ef2f099c3d,True,True,0,0,0,0,0,,,,,837.0,5842.0,30.0,41.0,5.0
terrads_afb11861958a,Zenodo/TerraDS,iac_benchmark/scenarios/terrads_afb11861958a,True,True,0,0,0,0,0,,,,,503.0,3300.0,18.0,11.0,5.0
terrads_40d44127bf42,Zenodo/TerraDS,iac_benchmark/scenarios/terrads_40d44127bf42,True,True,0,0,0,0,0,,,,,840.0,6524.0,34.0,12.0,5.0
terrads_49ca78568587,Zenodo/TerraDS,iac_benchmark/scenarios/terrads_49ca78568587,True,True,0,0,0,0,0,,,,,1122.0,7906.0,21.0,8.0,5.0
terrads_9e0e7347a1f4,Zenodo/TerraDS,iac_benchmark/scenarios/terrads_9e0e7347a1f4,True,True,0,0,0,0,0,,,,,416.0,2879.0,16.0,18.0,5.0
terrads_5720292c24bf,Zenodo/TerraDS,iac_benchmark/scenarios/terrads_5720292c24bf,True,True,0,0,0,0,0,,,,,563.0,3915.0,35.0,0.0,5.0
terrads_e345a5a3ebb7,Zenodo/TerraDS,iac_benchmark/scenarios/terrads_e345a5a3ebb7,True,True,0,0,0,0,0,,,,,432.0,2673.0,28.0,0.0,5.0
terrads_4be0accc7dc7,Zenodo/TerraDS,iac_benchmark/scenarios/terrads_4be0accc7dc7,True,True,0,0,0,0,0,,,,,688.0,5567.0,57.0,9.0,5.0
terrads_5d35faac3085,Zenodo/TerraDS,iac_benchmark/scenarios/terrads_5d35faac3085,True,True,0,0,0,0,0,,,,,882.0,5914.0,31.0,31.0,5.0
terrads_5cc623fb0d44,Zenodo/TerraDS,iac_benchmark/scenarios/terrads_5cc623fb0d44,True,True,0,0,0,0,0,,,,,587.0,3918.0,20.0,14.0,5.0
terrads_8c19e6ecd839,Zenodo/TerraDS,iac_benchmark/scenarios/terrads_8c19e6ecd839,True,True,0,0,0,0,0,,,,,432.0,2773.0,20.0,12.0,5.0
terrads_22d99dbca021,Zenodo/TerraDS,iac_benchmark/scenarios/terrads_22d99dbca021,True,True,0,0,0,0,0,,,,,503.0,4177.0,22.0,6.0,5.0
terrads_be9e32f9fc5c,Zenodo/TerraDS,iac_benchmark/scenarios/terrads_be9e32f9fc5c,True,True,0,0,0,0,0,,,,,509.0,3384.0,12.0,7.0,5.0
terrads_61cc38ddf7d7,Zenodo/TerraDS,iac_benchmark/scenarios/terrads_61cc38ddf7d7,True,True,0,0,0,0,0,,,,,649.0,4340.0,62.0,62.0,5.0
terrads_3caaccbcc4f7,Zenodo/TerraDS,iac_benchmark/scenarios/terrads_3caaccbcc4f7,True,True,0,0,0,0,0,,,,,764.0,5390.0,14.0,10.0,5.0
terrads_f46cc7abd6e8,Zenodo/TerraDS,iac_benchmark/scenarios/terrads_f46cc7abd6e8,True,True,0,0,0,0,0,,,,,832.0,6057.0,27.0,17.0,5.0
terrads_882edcbf9163,Zenodo/TerraDS,iac_benchmark/scenarios/terrads_882edcbf9163,True,True,0,0,0,0,0,,,,,715.0,5634.0,38.0,28.0,5.0
terrads_c4daceb0552b,Zenodo/TerraDS,iac_benchmark/scenarios/terrads_c4daceb0552b,True,True,0,0,0,0,0,,,,,500.0,3721.0,34.0,15.0,5.0
terrads_9f117a0667b7,Zenodo/TerraDS,iac_benchmark/scenarios/terrads_9f117a0667b7,True,True,0,0,0,0,0,,,,,489.0,3632.0,25.0,0.0,5.0
terrads_a168ac558beb,Zenodo/TerraDS,iac_benchmark/scenarios/terrads_a168ac558beb,True,True,0,0,0,0,0,,,,,571.0,3390.0,27.0,2.0,5.0
terrads_b6c9ec082bdf,Zenodo/TerraDS,iac_benchmark/scenarios/terrads_b6c9ec082bdf,True,True,0,0,0,0,0,,,,,734.0,4903.0,25.0,1.0,5.0
terrads_272ed9612506,Zenodo/TerraDS,iac_benchmark/scenarios/terrads_272ed9612506,True,True,0,0,0,0,0,,,,,858.0,6511.0,42.0,22.0,5.0
terrads_ee98e8bdc345,Zenodo/TerraDS,iac_benchmark/scenarios/terrads_ee98e8bdc345,True,True,0,0,0,0,0,,,,,441.0,3211.0,25.0,0.0,5.0
gh_468be49a,Tianyi2/IRIS,iac_benchmark/scenarios/gh_468be49a,True,True,0,0,0,0,0,,,,,984.0,7544.0,42.0,43.0,5.0
terrads_7724e41e484b,Zenodo/TerraDS,iac_benchmark/scenarios/terrads_7724e41e484b,True,True,0,0,0,0,0,,,,,795.0,5232.0,25.0,5.0,5.0
terrads_09626b04b04d,Zenodo/TerraDS,iac_benchmark/scenarios/terrads_09626b04b04d,True,True,0,0,0,0,0,,,,,894.0,6409.0,15.0,18.0,5.0
terrads_702942e4730b,Zenodo/TerraDS,iac_benchmark/scenarios/terrads_702942e4730b,True,True,0,0,0,0,0,,,,,944.0,6862.0,14.0,48.0,5.0
terrads_e6419a46c5b6,Zenodo/TerraDS,iac_benchmark/scenarios/terrads_e6419a46c5b6,True,True,0,0,0,0,0,,,,,882.0,5914.0,31.0,31.0,5.0
terrads_5d206b6bcec1,Zenodo/TerraDS,iac_benchmark/scenarios/terrads_5d206b6bcec1,True,True,0,0,0,0,0,,,,,567.0,3729.0,40.0,0.0,5.0
terrads_09ed56ecabf6,Zenodo/TerraDS,iac_benchmark/scenarios/terrads_09ed56ecabf6,True,True,0,0,0,0,0,,,,,541.0,3526.0,24.0,16.0,5.0
terrads_7f8d423d21ed,Zenodo/TerraDS,iac_benchmark/scenarios/terrads_7f8d423d21ed,True,True,0,0,0,0,0,,,,,446.0,3103.0,13.0,7.0,5.0
terrads_1f237da51b28,Zenodo/TerraDS,iac_benchmark/scenarios/terrads_1f237da51b28,True,True,0,0,0,0,0,,,,,405.0,3771.0,22.0,0.0,5.0
terrads_b8ca361ae5dd,Zenodo/TerraDS,iac_benchmark/scenarios/terrads_b8ca361ae5dd,True,True,0,0,0,0,0,,,,,441.0,2701.0,28.0,0.0,5.0
terrads_350a508c965b,Zenodo/TerraDS,iac_benchmark/scenarios/terrads_350a508c965b,True,True,0,0,0,0,0,,,,,516.0,4427.0,34.0,9.0,5.0
terrads_84d1c2b61469,Zenodo/TerraDS,iac_benchmark/scenarios/terrads_84d1c2b61469,True,True,0,0,0,0,0,,,,,478.0,3229.0,18.0,21.0,5.0
terrads_fc9feb613b2b,Zenodo/TerraDS,iac_benchmark/scenarios/terrads_fc9feb613b2b,True,True,0,0,0,0,0,,,,,757.0,5191.0,22.0,39.0,5.0
terrads_ab44be0b0907,Zenodo/TerraDS,iac_benchmark/scenarios/terrads_ab44be0b0907,True,True,0,0,0,0,0,,,,,528.0,3371.0,33.0,5.0,5.0
terrads_b9f7d416f8db,Zenodo/TerraDS,iac_benchmark/scenarios/terrads_b9f7d416f8db,True,True,0,0,0,0,0,,,,,563.0,3915.0,35.0,0.0,5.0
terrads_85583b18743c,Zenodo/TerraDS,iac_benchmark/scenarios/terrads_85583b18743c,True,True,0,0,0,0,0,,,,,499.0,3118.0,16.0,18.0,5.0
terrads_a5264e3660a4,Zenodo/TerraDS,iac_benchmark/scenarios/terrads_a5264e3660a4,True,True,0,0,0,0,0,,,,,653.0,4199.0,18.0,19.0,5.0
terrads_b7a9dca7e79b,Zenodo/TerraDS,iac_benchmark/scenarios/terrads_b7a9dca7e79b,True,True,0,0,0,0,0,,,,,716.0,5515.0,17.0,25.0,5.0
terrads_637bb73c11d0,Zenodo/TerraDS,iac_benchmark/scenarios/terrads_637bb73c11d0,True,True,0,0,0,0,0,,,,,446.0,3288.0,16.0,10.0,5.0
terrads_4f85c5304e9a,Zenodo/TerraDS,iac_benchmark/scenarios/terrads_4f85c5304e9a,True,True,0,0,0,0,0,,,,,690.0,6997.0,35.0,0.0,5.0
terrads_c67c98b7c774,Zenodo/TerraDS,iac_benchmark/scenarios/terrads_c67c98b7c774,True,True,0,0,0,0,0,,,,,581.0,3876.0,24.0,13.0,5.0
terrads_0d57d9a1aa19,Zenodo/TerraDS,iac_benchmark/scenarios/terrads_0d57d9a1aa19,True,True,0,0,0,0,0,,,,,523.0,3574.0,16.0,5.0,5.0
terrads_dca5faffe545,Zenodo/TerraDS,iac_benchmark/scenarios/terrads_dca5faffe545,True,True,0,0,0,0,0,,,,,488.0,3108.0,14.0,4.0,5.0
terrads_2484f9ceb6e1,Zenodo/TerraDS,iac_benchmark/scenarios/terrads_2484f9ceb6e1,True,True,0,0,0,0,0,,,,,501.0,3514.0,38.0,3.0,5.0
terrads_514e59b98b5b,Zenodo/TerraDS,iac_benchmark/scenarios/terrads_514e59b98b5b,True,True,0,0,0,0,0,,,,,679.0,4477.0,19.0,32.0,5.0
terrads_c3b37d0d097f,Zenodo/TerraDS,iac_benchmark/scenarios/terrads_c3b37d0d097f,True,True,0,0,0,0,0,,,,,603.0,4168.0,22.0,26.0,5.0
terrads_13e072a020bf,Zenodo/TerraDS,iac_benchmark/scenarios/terrads_13e072a020bf,True,True,0,0,0,0,0,,,,,408.0,2060.0,13.0,17.0,5.0
terrads_761221920bee,Zenodo/TerraDS,iac_benchmark/scenarios/terrads_761221920bee,True,True,0,0,0,0,0,,,,,404.0,2709.0,16.0,11.0,5.0
terrads_c9524b1c5b2e,Zenodo/TerraDS,iac_benchmark/scenarios/terrads_c9524b1c5b2e,True,True,0,0,0,0,0,,,,,775.0,5056.0,45.0,8.0,5.0
terrads_5c9bf0f380be,Zenodo/TerraDS,iac_benchmark/scenarios/terrads_5c9bf0f380be,True,True,0,0,0,0,0,,,,,1115.0,7132.0,33.0,52.0,5.0
terrads_165a021aa7f1,Zenodo/TerraDS,iac_benchmark/scenarios/terrads_165a021aa7f1,True,True,0,0,0,0,0,,,,,403.0,2074.0,13.0,17.0,5.0
terrads_ddaff83baacd,Zenodo/TerraDS,iac_benchmark/scenarios/terrads_ddaff83baacd,True,True,0,0,0,0,0,,,,,612.0,4195.0,17.0,14.0,5.0
terrads_7c66cdee9367,Zenodo/TerraDS,iac_benchmark/scenarios/terrads_7c66cdee9367,True,True,0,0,0,0,0,,,,,435.0,2575.0,12.0,25.0,5.0
terrads_44838a391b95,Zenodo/TerraDS,iac_benchmark/scenarios/terrads_44838a391b95,True,True,0,0,0,0,0,,,,,457.0,3209.0,26.0,33.0,5.0
terrads_f0c2d2e44f39,Zenodo/TerraDS,iac_benchmark/scenarios/terrads_f0c2d2e44f39,True,True,0,0,0,0,0,,,,,471.0,2712.0,15.0,34.0,5.0
terrads_455f210b84d0,Zenodo/TerraDS,iac_benchmark/scenarios/terrads_455f210b84d0,True,True,0,0,0,0,0,,,,,1027.0,6219.0,25.0,39.0,5.0
terrads_41a82e1a8d6c,Zenodo/TerraDS,iac_benchmark/scenarios/terrads_41a82e1a8d6c,True,True,0,0,0,0,0,,,,,541.0,3481.0,22.0,27.0,5.0
terrads_13263f08385c,Zenodo/TerraDS,iac_benchmark/scenarios/terrads_13263f08385c,True,True,0,0,0,0,0,,,,,450.0,2802.0,22.0,9.0,5.0
terrads_585113b0b712,Zenodo/TerraDS,iac_benchmark/scenarios/terrads_585113b0b712,True,True,0,0,0,0,0,,,,,729.0,5944.0,34.0,26.0,5.0
terrads_332ecfd43bc2,Zenodo/TerraDS,iac_benchmark/scenarios/terrads_332ecfd43bc2,True,True,0,0,0,0,0,,,,,408.0,2523.0,15.0,17.0,5.0
terrads_77cc20da2ebb,Zenodo/TerraDS,iac_benchmark/scenarios/terrads_77cc20da2ebb,True,True,0,0,0,0,0,,,,,507.0,3209.0,19.0,12.0,5.0
terrads_205c63f85227,Zenodo/TerraDS,iac_benchmark/scenarios/terrads_205c63f85227,True,True,0,0,0,0,0,,,,,1023.0,7940.0,29.0,13.0,5.0
terrads_7f6146fb3310,Zenodo/TerraDS,iac_benchmark/scenarios/terrads_7f6146fb3310,True,True,0,0,0,0,0,,,,,490.0,3283.0,16.0,17.0,5.0
terrads_e4cb347a6377,Zenodo/TerraDS,iac_benchmark/scenarios/terrads_e4cb347a6377,True,True,0,0,0,0,0,,,,,507.0,3396.0,13.0,14.0,5.0
gh_83b35308,Tianyi2/IRIS,iac_benchmark/scenarios/gh_83b35308,True,True,0,0,0,0,0,,,,,805.0,5226.0,20.0,2.0,5.0
terrads_144a4e991068,Zenodo/TerraDS,iac_benchmark/scenarios/terrads_144a4e991068,True,True,0,0,0,0,0,,,,,529.0,3073.0,18.0,6.0,5.0
terrads_7348b120f8dc,Zenodo/TerraDS,iac_benchmark/scenarios/terrads_7348b120f8dc,True,True,0,0,0,0,0,,,,,454.0,3018.0,28.0,7.0,5.0
terrads_c5d1357e6d50,Zenodo/TerraDS,iac_benchmark/scenarios/terrads_c5d1357e6d50,True,True,0,0,0,0,0,,,,,479.0,2932.0,25.0,12.0,5.0
terrads_e1ee96bb8adc,Zenodo/TerraDS,iac_benchmark/scenarios/terrads_e1ee96bb8adc,True,True,0,0,0,0,0,,,,,480.0,3169.0,37.0,2.0,5.0
terrads_c057730de31c,Zenodo/TerraDS,iac_benchmark/scenarios/terrads_c057730de31c,True,True,0,0,0,0,0,,,,,842.0,6501.0,24.0,55.0,5.0
terrads_e24f18e3822d,Zenodo/TerraDS,iac_benchmark/scenarios/terrads_e24f18e3822d,True,True,0,0,0,0,0,,,,,537.0,4964.0,29.0,0.0,5.0
terrads_2b8265c98782,Zenodo/TerraDS,iac_benchmark/scenarios/terrads_2b8265c98782,True,True,0,0,0,0,0,,,,,713.0,5189.0,31.0,14.0,5.0
terrads_d9e3c102e8ab,Zenodo/TerraDS,iac_benchmark/scenarios/terrads_d9e3c102e8ab,True,True,0,0,0,0,0,,,,,456.0,3056.0,24.0,7.0,5.0
terrads_11307642db73,Zenodo/TerraDS,iac_benchmark/scenarios/terrads_11307642db73,True,True,0,0,0,0,0,,,,,913.0,6092.0,52.0,8.0,5.0
terrads_e189af681057,Zenodo/TerraDS,iac_benchmark/scenarios/terrads_e189af681057,True,True,0,0,0,0,0,,,,,1120.0,7878.0,29.0,20.0,5.0
terrads_83b666fcef02,Zenodo/TerraDS,iac_benchmark/scenarios/terrads_83b666fcef02,True,True,0,0,0,0,0,,,,,761.0,5107.0,26.0,29.0,5.0
terrads_a3ffc0521dc7,Zenodo/TerraDS,iac_benchmark/scenarios/terrads_a3ffc0521dc7,True,True,0,0,0,0,0,,,,,1145.0,7752.0,19.0,18.0,5.0
terrads_c544ba970bc1,Zenodo/TerraDS,iac_benchmark/scenarios/terrads_c544ba970bc1,True,True,0,0,0,0,0,,,,,734.0,4903.0,25.0,1.0,5.0
terrads_d2851de4b237,Zenodo/TerraDS,iac_benchmark/scenarios/terrads_d2851de4b237,True,True,0,0,0,0,0,,,,,882.0,5916.0,29.0,31.0,5.0
terrads_972efaa17329,Zenodo/TerraDS,iac_benchmark/scenarios/terrads_972efaa17329,True,True,0,0,0,0,0,,,,,489.0,3658.0,33.0,11.0,5.0
terrads_257a3d5d7560,Zenodo/TerraDS,iac_benchmark/scenarios/terrads_257a3d5d7560,True,True,0,0,0,0,0,,,,,647.0,5433.0,15.0,10.0,5.0
terrads_371eceb8c28b,Zenodo/TerraDS,iac_benchmark/scenarios/terrads_371eceb8c28b,True,True,0,0,0,0,0,,,,,442.0,2912.0,17.0,15.0,5.0
terrads_da97c79ca427,Zenodo/TerraDS,iac_benchmark/scenarios/terrads_da97c79ca427,True,True,0,0,0,0,0,,,,,734.0,4903.0,25.0,1.0,5.0
terrads_1a0149965ef3,Zenodo/TerraDS,iac_benchmark/scenarios/terrads_1a0149965ef3,True,True,0,0,0,0,0,,,,,562.0,3896.0,13.0,42.0,5.0
terrads_03ed05da638f,Zenodo/TerraDS,iac_benchmark/scenarios/terrads_03ed05da638f,True,True,0,0,0,0,0,,,,,848.0,7542.0,43.0,31.0,5.0
terrads_b9d403517e5f,Zenodo/TerraDS,iac_benchmark/scenarios/terrads_b9d403517e5f,True,True,0,0,0,0,0,,,,,728.0,4893.0,25.0,1.0,5.0
terrads_cb87bf959d7f,Zenodo/TerraDS,iac_benchmark/scenarios/terrads_cb87bf959d7f,True,True,0,0,0,0,0,,,,,406.0,2385.0,20.0,1.0,5.0
terrads_adbc42e00925,Zenodo/TerraDS,iac_benchmark/scenarios/terrads_adbc42e00925,True,True,0,0,0,0,0,,,,,694.0,5454.0,43.0,3.0,5.0
terrads_e8787635e9c7,Zenodo/TerraDS,iac_benchmark/scenarios/terrads_e8787635e9c7,True,True,0,0,0,0,0,,,,,565.0,4001.0,25.0,1.0,5.0
terrads_3230752c4181,Zenodo/TerraDS,iac_benchmark/scenarios/terrads_3230752c4181,True,True,0,0,0,0,0,,,,,975.0,7132.0,33.0,9.0,5.0
terrads_69f58f1f4420,Zenodo/TerraDS,iac_benchmark/scenarios/terrads_69f58f1f4420,True,True,0,0,0,0,0,,,,,772.0,5646.0,35.0,18.0,5.0
terrads_ce38d5aae0f9,Zenodo/TerraDS,iac_benchmark/scenarios/terrads_ce38d5aae0f9,True,True,0,0,0,0,0,,,,,638.0,4674.0,29.0,22.0,5.0
terrads_cb8f84f322e7,Zenodo/TerraDS,iac_benchmark/scenarios/terrads_cb8f84f322e7,True,True,0,0,0,0,0,,,,,936.0,6373.0,30.0,44.0,5.0
terrads_ce8b97f509eb,Zenodo/TerraDS,iac_benchmark/scenarios/terrads_ce8b97f509eb,True,True,0,0,0,0,0,,,,,741.0,5019.0,26.0,1.0,5.0
terrads_57771371e133,Zenodo/TerraDS,iac_benchmark/scenarios/terrads_57771371e133,True,True,0,0,0,0,0,,,,,728.0,4893.0,25.0,1.0,5.0
terrads_f14ea6ea5584,Zenodo/TerraDS,iac_benchmark/scenarios/terrads_f14ea6ea5584,True,True,0,0,0,0,0,,,,,742.0,5019.0,26.0,1.0,5.0
terrads_3cc742290d7a,Zenodo/TerraDS,iac_benchmark/scenarios/terrads_3cc742290d7a,True,True,0,0,0,0,0,,,,,565.0,4001.0,25.0,1.0,5.0
terrads_f1f7376c1631,Zenodo/TerraDS,iac_benchmark/scenarios/terrads_f1f7376c1631,True,True,0,0,0,0,0,,,,,450.0,2802.0,22.0,9.0,5.0
terrads_5bcc89087378,Zenodo/TerraDS,iac_benchmark/scenarios/terrads_5bcc89087378,True,True,0,0,0,0,0,,,,,410.0,3179.0,15.0,10.0,5.0
terrads_edad6a92dfb3,Zenodo/TerraDS,iac_benchmark/scenarios/terrads_edad6a92dfb3,True,True,0,0,0,0,0,,,,,471.0,3123.0,28.0,16.0,5.0
terrads_4d9cd0f353e8,Zenodo/TerraDS,iac_benchmark/scenarios/terrads_4d9cd0f353e8,True,True,0,0,0,0,0,,,,,479.0,2685.0,13.0,5.0,5.0
terrads_8c79429559e0,Zenodo/TerraDS,iac_benchmark/scenarios/terrads_8c79429559e0,True,True,0,0,0,0,0,,,,,412.0,2535.0,27.0,0.0,5.0
terrads_e4dae83d4022,Zenodo/TerraDS,iac_benchmark/scenarios/terrads_e4dae83d4022,True,True,0,0,0,0,0,,,,,980.0,7684.0,13.0,70.0,5.0
terrads_8ce29c3d3036,Zenodo/TerraDS,iac_benchmark/scenarios/terrads_8ce29c3d3036,True,True,0,0,0,0,0,,,,,796.0,5623.0,18.0,2.0,5.0
terrads_c3b90607dca7,Zenodo/TerraDS,iac_benchmark/scenarios/terrads_c3b90607dca7,True,True,0,0,0,0,0,,,,,605.0,4731.0,24.0,11.0,5.0
terrads_fcabd8eedaa5,Zenodo/TerraDS,iac_benchmark/scenarios/terrads_fcabd8eedaa5,True,True,0,0,0,0,0,,,,,939.0,6152.0,45.0,25.0,5.0
terrads_d951002f4da0,Zenodo/TerraDS,iac_benchmark/scenarios/terrads_d951002f4da0,True,True,0,0,0,0,0,,,,,649.0,4451.0,18.0,21.0,5.0
terrads_c3012203e280,Zenodo/TerraDS,iac_benchmark/scenarios/terrads_c3012203e280,True,True,0,0,0,0,0,,,,,518.0,3139.0,13.0,42.0,5.0
terrads_9f05ae7008d1,Zenodo/TerraDS,iac_benchmark/scenarios/terrads_9f05ae7008d1,True,True,0,0,0,0,0,,,,,686.0,4489.0,33.0,15.0,5.0
terrads_66b4f49157ca,Zenodo/TerraDS,iac_benchmark/scenarios/terrads_66b4f49157ca,True,True,0,0,0,0,0,,,,,509.0,3021.0,20.0,22.0,5.0
terrads_4136b9f16060,Zenodo/TerraDS,iac_benchmark/scenarios/terrads_4136b9f16060,True,True,0,0,0,0,0,,,,,441.0,2876.0,19.0,2.0,5.0
terrads_f3b57c607f9d,Zenodo/TerraDS,iac_benchmark/scenarios/terrads_f3b57c607f9d,True,True,0,0,0,0,0,,,,,649.0,4332.0,62.0,62.0,5.0
terrads_bacc59c860a0,Zenodo/TerraDS,iac_benchmark/scenarios/terrads_bacc59c860a0,True,True,0,0,0,0,0,,,,,767.0,4776.0,20.0,16.0,5.0
terrads_56dc8d940527,Zenodo/TerraDS,iac_benchmark/scenarios/terrads_56dc8d940527,True,True,0,0,0,0,0,,,,,730.0,4903.0,25.0,1.0,5.0
terrads_3301ce0266b6,Zenodo/TerraDS,iac_benchmark/scenarios/terrads_3301ce0266b6,True,True,0,0,0,0,0,,,,,882.0,5914.0,31.0,31.0,5.0
terrads_2247656b9cac,Zenodo/TerraDS,iac_benchmark/scenarios/terrads_2247656b9cac,True,True,0,0,0,0,0,,,,,839.0,5894.0,27.0,25.0,5.0
terrads_043745483cb9,Zenodo/TerraDS,iac_benchmark/scenarios/terrads_043745483cb9,True,True,0,0,0,0,0,,,,,847.0,6417.0,32.0,24.0,5.0
terrads_6a80e265d348,Zenodo/TerraDS,iac_benchmark/scenarios/terrads_6a80e265d348,True,True,0,0,0,0,0,,,,,435.0,3000.0,19.0,30.0,5.0
terrads_5b859c6bf575,Zenodo/TerraDS,iac_benchmark/scenarios/terrads_5b859c6bf575,True,True,0,0,0,0,0,,,,,466.0,3382.0,18.0,19.0,5.0
terrads_7bb93ec55c34,Zenodo/TerraDS,iac_benchmark/scenarios/terrads_7bb93ec55c34,True,True,0,0,0,0,0,,,,,882.0,5914.0,31.0,31.0,5.0
terrads_0d4347db9e74,Zenodo/TerraDS,iac_benchmark/scenarios/terrads_0d4347db9e74,True,True,0,0,0,0,0,,,,,858.0,6171.0,34.0,23.0,5.0
terrads_decb5cd82599,Zenodo/TerraDS,iac_benchmark/scenarios/terrads_decb5cd82599,True,True,0,0,0,0,0,,,,,482.0,3308.0,19.0,10.0,5.0
terrads_6b90d6175f6c,Zenodo/TerraDS,iac_benchmark/scenarios/terrads_6b90d6175f6c,True,True,0,0,0,0,0,,,,,678.0,5237.0,18.0,15.0,5.0
terrads_d52e667abd21,Zenodo/TerraDS,iac_benchmark/scenarios/terrads_d52e667abd21,True,True,0,0,0,0,0,,,,,461.0,3335.0,39.0,14.0,5.0
terrads_ce0c11b82af9,Zenodo/TerraDS,iac_benchmark/scenarios/terrads_ce0c11b82af9,True,True,0,0,0,0,0,,,,,430.0,3418.0,20.0,13.0,5.0
terrads_b1025e9d1e8f,Zenodo/TerraDS,iac_benchmark/scenarios/terrads_b1025e9d1e8f,True,True,0,0,0,0,0,,,,,601.0,3861.0,25.0,13.0,5.0
terrads_565f27f833ae,Zenodo/TerraDS,iac_benchmark/scenarios/terrads_565f27f833ae,True,True,0,0,0,0,0,,,,,689.0,5712.0,38.0,0.0,5.0
terrads_0ac032f99f50,Zenodo/TerraDS,iac_benchmark/scenarios/terrads_0ac032f99f50,True,True,0,0,0,0,0,,,,,597.0,4923.0,18.0,27.0,5.0
terrads_53f8b2557591,Zenodo/TerraDS,iac_benchmark/scenarios/terrads_53f8b2557591,True,True,0,0,0,0,0,,,,,432.0,2673.0,28.0,0.0,5.0
terrads_c6bb0f4f9d44,Zenodo/TerraDS,iac_benchmark/scenarios/terrads_c6bb0f4f9d44,True,True,0,0,0,0,0,,,,,425.0,2874.0,18.0,13.0,5.0
terrads_b3a5cb884e69,Zenodo/TerraDS,iac_benchmark/scenarios/terrads_b3a5cb884e69,True,True,0,0,0,0,0,,,,,447.0,2709.0,15.0,6.0,5.0
terrads_d51339358972,Zenodo/TerraDS,iac_benchmark/scenarios/terrads_d51339358972,True,True,0,0,0,0,0,,,,,882.0,5916.0,29.0,31.0,5.0
terrads_ac94fc19af37,Zenodo/TerraDS,iac_benchmark/scenarios/terrads_ac94fc19af37,True,True,0,0,0,0,0,,,,,571.0,3572.0,21.0,10.0,5.0
terrads_0a663f03e74c,Zenodo/TerraDS,iac_benchmark/scenarios/terrads_0a663f03e74c,True,True,0,0,0,0,0,,,,,495.0,3749.0,34.0,1.0,5.0
terrads_98e92ffb0557,Zenodo/TerraDS,iac_benchmark/scenarios/terrads_98e92ffb0557,True,True,0,0,0,0,0,,,,,462.0,2859.0,26.0,0.0,5.0
terrads_a5c57d844850,Zenodo/TerraDS,iac_benchmark/scenarios/terrads_a5c57d844850,True,True,0,0,0,0,0,,,,,477.0,3685.0,33.0,0.0,5.0
terrads_b8701b50f063,Zenodo/TerraDS,iac_benchmark/scenarios/terrads_b8701b50f063,True,True,0,0,0,0,0,,,,,425.0,2630.0,17.0,5.0,5.0
terrads_25db2ba69779,Zenodo/TerraDS,iac_benchmark/scenarios/terrads_25db2ba69779,True,True,0,0,0,0,0,,,,,423.0,2744.0,20.0,18.0,5.0
terrads_f26f639bea81,Zenodo/TerraDS,iac_benchmark/scenarios/terrads_f26f639bea81,True,True,0,0,0,0,0,,,,,649.0,4340.0,62.0,62.0,5.0
terrads_64070068631b,Zenodo/TerraDS,iac_benchmark/scenarios/terrads_64070068631b,True,True,0,0,0,0,0,,,,,842.0,5168.0,38.0,22.0,5.0
terrads_bb6f4a436cbb,Zenodo/TerraDS,iac_benchmark/scenarios/terrads_bb6f4a436cbb,True,True,0,0,0,0,0,,,,,489.0,3632.0,25.0,0.0,5.0
terrads_5ccd8b71e70f,Zenodo/TerraDS,iac_benchmark/scenarios/terrads_5ccd8b71e70f,True,True,0,0,0,0,0,,,,,541.0,3423.0,27.0,11.0,5.0
terrads_01ee4474cb70,Zenodo/TerraDS,iac_benchmark/scenarios/terrads_01ee4474cb70,True,True,0,0,0,0,0,,,,,563.0,4783.0,37.0,8.0,5.0
terrads_e762ec281c51,Zenodo/TerraDS,iac_benchmark/scenarios/terrads_e762ec281c51,True,True,0,0,0,0,0,,,,,430.0,3090.0,21.0,9.0,5.0
terrads_34441363d60a,Zenodo/TerraDS,iac_benchmark/scenarios/terrads_34441363d60a,True,True,0,0,0,0,0,,,,,435.0,3000.0,19.0,30.0,5.0
terrads_136fdd3e0c86,Zenodo/TerraDS,iac_benchmark/scenarios/terrads_136fdd3e0c86,True,True,0,0,0,0,0,,,,,935.0,7650.0,43.0,21.0,5.0
terrads_3e317d4f7985,Zenodo/TerraDS,iac_benchmark/scenarios/terrads_3e317d4f7985,True,True,0,0,0,0,0,,,,,518.0,3393.0,29.0,12.0,5.0
terrads_5a6655533f8d,Zenodo/TerraDS,iac_benchmark/scenarios/terrads_5a6655533f8d,True,True,0,0,0,0,0,,,,,1061.0,6898.0,62.0,31.0,5.0
terrads_ade81f174ceb,Zenodo/TerraDS,iac_benchmark/scenarios/terrads_ade81f174ceb,True,True,0,0,0,0,0,,,,,557.0,4048.0,12.0,23.0,5.0
terrads_208fcf321eda,Zenodo/TerraDS,iac_benchmark/scenarios/terrads_208fcf321eda,True,True,0,0,0,0,0,,,,,436.0,3363.0,30.0,13.0,5.0
terrads_7c9a2b702259,Zenodo/TerraDS,iac_benchmark/scenarios/terrads_7c9a2b702259,True,True,0,0,0,0,0,,,,,410.0,2624.0,32.0,0.0,5.0
terrads_715251acbaf2,Zenodo/TerraDS,iac_benchmark/scenarios/terrads_715251acbaf2,True,True,0,0,0,0,0,,,,,489.0,3632.0,25.0,0.0,5.0
terrads_c64f750eb11d,Zenodo/TerraDS,iac_benchmark/scenarios/terrads_c64f750eb11d,True,True,0,0,0,0,0,,,,,1031.0,6730.0,36.0,20.0,5.0
terrads_b3f6b9c4e434,Zenodo/TerraDS,iac_benchmark/scenarios/terrads_b3f6b9c4e434,True,True,0,0,0,0,0,,,,,1036.0,7780.0,43.0,48.0,5.0
terrads_ce40e07bec29,Zenodo/TerraDS,iac_benchmark/scenarios/terrads_ce40e07bec29,True,True,0,0,0,0,0,,,,,593.0,4182.0,16.0,26.0,5.0
terrads_440da6456c21,Zenodo/TerraDS,iac_benchmark/scenarios/terrads_440da6456c21,True,True,0,0,0,0,0,,,,,734.0,4903.0,25.0,1.0,5.0
terrads_db0614226224,Zenodo/TerraDS,iac_benchmark/scenarios/terrads_db0614226224,True,True,0,0,0,0,0,,,,,446.0,2646.0,15.0,17.0,5.0
terrads_280d489caf70,Zenodo/TerraDS,iac_benchmark/scenarios/terrads_280d489caf70,True,True,0,0,0,0,0,,,,,642.0,4318.0,12.0,15.0,5.0
terrads_efbcaa8de4ba,Zenodo/TerraDS,iac_benchmark/scenarios/terrads_efbcaa8de4ba,True,True,0,0,0,0,0,,,,,622.0,5523.0,18.0,11.0,5.0
terrads_af0d7a6c263d,Zenodo/TerraDS,iac_benchmark/scenarios/terrads_af0d7a6c263d,True,True,0,0,0,0,0,,,,,838.0,5767.0,44.0,18.0,5.0
terrads_d453045561df,Zenodo/TerraDS,iac_benchmark/scenarios/terrads_d453045561df,True,True,0,0,0,0,0,,,,,402.0,2370.0,15.0,6.0,5.0
terrads_a8b5186fef53,Zenodo/TerraDS,iac_benchmark/scenarios/terrads_a8b5186fef53,True,True,0,0,0,0,0,,,,,678.0,4009.0,18.0,12.0,5.0
terrads_44ca6b642f34,Zenodo/TerraDS,iac_benchmark/scenarios/terrads_44ca6b642f34,True,True,0,0,0,0,0,,,,,723.0,6317.0,20.0,33.0,5.0
terrads_c2bf3242b6ab,Zenodo/TerraDS,iac_benchmark/scenarios/terrads_c2bf3242b6ab,True,True,0,0,0,0,0,,,,,422.0,2463.0,17.0,11.0,5.0
terrads_8c718df37a7e,Zenodo/TerraDS,iac_benchmark/scenarios/terrads_8c718df37a7e,True,True,0,0,0,0,0,,,,,504.0,3289.0,29.0,10.0,5.0
terrads_d71a73a0ca00,Zenodo/TerraDS,iac_benchmark/scenarios/terrads_d71a73a0ca00,True,True,0,0,0,0,0,,,,,532.0,3633.0,34.0,1.0,5.0
terrads_eafeec006f65,Zenodo/TerraDS,iac_benchmark/scenarios/terrads_eafeec006f65,True,True,0,0,0,0,0,,,,,479.0,3182.0,13.0,10.0,5.0
terrads_1e363ac842d4,Zenodo/TerraDS,iac_benchmark/scenarios/terrads_1e363ac842d4,True,True,0,0,0,0,0,,,,,835.0,5521.0,28.0,26.0,5.0
terrads_c91de0909214,Zenodo/TerraDS,iac_benchmark/scenarios/terrads_c91de0909214,True,True,0,0,0,0,0,,,,,582.0,3940.0,40.0,7.0,5.0
terrads_49c202cdbafa,Zenodo/TerraDS,iac_benchmark/scenarios/terrads_49c202cdbafa,True,True,0,0,0,0,0,,,,,732.0,4903.0,25.0,1.0,5.0
terrads_f81d4fa8201d,Zenodo/TerraDS,iac_benchmark/scenarios/terrads_f81d4fa8201d,True,True,0,0,0,0,0,,,,,432.0,2930.0,24.0,11.0,5.0
terrads_6e46cab2348c,Zenodo/TerraDS,iac_benchmark/scenarios/terrads_6e46cab2348c,True,True,0,0,0,0,0,,,,,623.0,4044.0,25.0,17.0,5.0
terrads_26b30ec21803,Zenodo/TerraDS,iac_benchmark/scenarios/terrads_26b30ec21803,True,True,0,0,0,0,0,,,,,493.0,3992.0,25.0,9.0,5.0
terrads_fbce75f2fb25,Zenodo/TerraDS,iac_benchmark/scenarios/terrads_fbce75f2fb25,True,True,0,0,0,0,0,,,,,769.0,5265.0,28.0,11.0,5.0
terrads_617790013fad,Zenodo/TerraDS,iac_benchmark/scenarios/terrads_617790013fad,True,True,0,0,0,0,0,,,,,547.0,3441.0,19.0,9.0,5.0
terrads_63d55ae98858,Zenodo/TerraDS,iac_benchmark/scenarios/terrads_63d55ae98858,True,True,0,0,0,0,0,,,,,585.0,4005.0,30.0,10.0,5.0
terrads_f2ab527f09fd,Zenodo/TerraDS,iac_benchmark/scenarios/terrads_f2ab527f09fd,True,True,0,0,0,0,0,,,,,732.0,4903.0,25.0,1.0,5.0
terrads_dfadac028a46,Zenodo/TerraDS,iac_benchmark/scenarios/terrads_dfadac028a46,True,True,0,0,0,0,0,,,,,487.0,2640.0,14.0,6.0,5.0
terrads_3d53dee2bfbb,Zenodo/TerraDS,iac_benchmark/scenarios/terrads_3d53dee2bfbb,True,True,0,0,0,0,0,,,,,610.0,4023.0,35.0,0.0,5.0
terrads_b36a4111f266,Zenodo/TerraDS,iac_benchmark/scenarios/terrads_b36a4111f266,True,True,0,0,0,0,0,,,,,457.0,3209.0,26.0,33.0,5.0
terrads_a153457e7421,Zenodo/TerraDS,iac_benchmark/scenarios/terrads_a153457e7421,True,True,0,0,0,0,0,,,,,922.0,7047.0,61.0,19.0,5.0
terrads_7928c525bcff,Zenodo/TerraDS,iac_benchmark/scenarios/terrads_7928c525bcff,True,True,0,0,0,0,0,,,,,443.0,2946.0,29.0,1.0,5.0
terrads_122f03e6b702,Zenodo/TerraDS,iac_benchmark/scenarios/terrads_122f03e6b702,True,True,0,0,0,0,0,,,,,457.0,3209.0,26.0,33.0,5.0
terrads_b8f5608784ed,Zenodo/TerraDS,iac_benchmark/scenarios/terrads_b8f5608784ed,True,True,0,0,0,0,0,,,,,696.0,5798.0,41.0,5.0,5.0
terrads_e2eb225f0e3b,Zenodo/TerraDS,iac_benchmark/scenarios/terrads_e2eb225f0e3b,True,True,0,0,0,0,0,,,,,441.0,3357.0,25.0,23.0,5.0
terrads_1f0dc18a22bf,Zenodo/TerraDS,iac_benchmark/scenarios/terrads_1f0dc18a22bf,True,True,0,0,0,0,0,,,,,855.0,6163.0,30.0,4.0,5.0
terrads_a310814ec9a3,Zenodo/TerraDS,iac_benchmark/scenarios/terrads_a310814ec9a3,True,True,0,0,0,0,0,,,,,738.0,4958.0,34.0,6.0,5.0
terrads_6b8aeb147828,Zenodo/TerraDS,iac_benchmark/scenarios/terrads_6b8aeb147828,True,True,0,0,0,0,0,,,,,487.0,3855.0,12.0,22.0,5.0
terrads_9482531999ac,Zenodo/TerraDS,iac_benchmark/scenarios/terrads_9482531999ac,True,True,0,0,0,0,0,,,,,444.0,2877.0,19.0,2.0,5.0
terrads_4aa8d6650ca4,Zenodo/TerraDS,iac_benchmark/scenarios/terrads_4aa8d6650ca4,True,True,0,0,0,0,0,,,,,671.0,4426.0,36.0,28.0,5.0
terrads_a9a1f2c1429a,Zenodo/TerraDS,iac_benchmark/scenarios/terrads_a9a1f2c1429a,True,True,0,0,0,0,0,,,,,693.0,5447.0,43.0,3.0,5.0
terrads_00bdb55aa5db,Zenodo/TerraDS,iac_benchmark/scenarios/terrads_00bdb55aa5db,True,True,0,0,0,0,0,,,,,477.0,3685.0,33.0,0.0,5.0
terrads_77dbeeb0546f,Zenodo/TerraDS,iac_benchmark/scenarios/terrads_77dbeeb0546f,True,True,0,0,0,0,0,,,,,700.0,4554.0,35.0,5.0,5.0
terrads_e1ccfeceb307,Zenodo/TerraDS,iac_benchmark/scenarios/terrads_e1ccfeceb307,True,True,0,0,0,0,0,,,,,667.0,4631.0,22.0,8.0,5.0
terrads_c8bae4f0008b,Zenodo/TerraDS,iac_benchmark/scenarios/terrads_c8bae4f0008b,True,True,0,0,0,0,0,,,,,492.0,3424.0,16.0,9.0,5.0
terrads_0def4888ba77,Zenodo/TerraDS,iac_benchmark/scenarios/terrads_0def4888ba77,True,True,0,0,0,0,0,,,,,579.0,4691.0,33.0,10.0,5.0
terrads_beffd07c816c,Zenodo/TerraDS,iac_benchmark/scenarios/terrads_beffd07c816c,True,True,0,0,0,0,0,,,,,400.0,2773.0,13.0,8.0,5.0
terrads_d029f75ba064,Zenodo/TerraDS,iac_benchmark/scenarios/terrads_d029f75ba064,True,True,0,0,0,0,0,,,,,980.0,6047.0,13.0,10.0,5.0
terrads_ab5dec794035,Zenodo/TerraDS,iac_benchmark/scenarios/terrads_ab5dec794035,True,True,0,0,0,0,0,,,,,644.0,4817.0,22.0,10.0,5.0
terrads_3a9402e00dad,Zenodo/TerraDS,iac_benchmark/scenarios/terrads_3a9402e00dad,True,True,0,0,0,0,0,,,,,565.0,4001.0,25.0,1.0,5.0
gh_56691312,Tianyi2/IRIS,iac_benchmark/scenarios/gh_56691312,True,True,0,0,0,0,0,,,,,606.0,3956.0,14.0,18.0,5.0
terrads_5885e53e6ca7,Zenodo/TerraDS,iac_benchmark/scenarios/terrads_5885e53e6ca7,True,True,0,0,0,0,0,,,,,457.0,3209.0,26.0,33.0,5.0
terrads_2ad553175f18,Zenodo/TerraDS,iac_benchmark/scenarios/terrads_2ad553175f18,True,True,0,0,0,0,0,,,,,804.0,6911.0,14.0,42.0,5.0
terrads_5e910029f979,Zenodo/TerraDS,iac_benchmark/scenarios/terrads_5e910029f979,True,True,0,0,0,0,0,,,,,429.0,4011.0,28.0,6.0,5.0
terrads_8f99d99abde2,Zenodo/TerraDS,iac_benchmark/scenarios/terrads_8f99d99abde2,True,True,0,0,0,0,0,,,,,541.0,3526.0,24.0,16.0,5.0
terrads_ab836477ea0e,Zenodo/TerraDS,iac_benchmark/scenarios/terrads_ab836477ea0e,True,True,0,0,0,0,0,,,,,727.0,4516.0,16.0,40.0,5.0
terrads_d3a69e4829c6,Zenodo/TerraDS,iac_benchmark/scenarios/terrads_d3a69e4829c6,True,True,0,0,0,0,0,,,,,882.0,5914.0,31.0,31.0,5.0
terrads_ecb830949177,Zenodo/TerraDS,iac_benchmark/scenarios/terrads_ecb830949177,True,True,0,0,0,0,0,,,,,1073.0,6903.0,34.0,39.0,5.0
terrads_6af3865b3215,Zenodo/TerraDS,iac_benchmark/scenarios/terrads_6af3865b3215,True,True,0,0,0,0,0,,,,,1107.0,7684.0,42.0,57.0,5.0
terrads_ec203ba2ae13,Zenodo/TerraDS,iac_benchmark/scenarios/terrads_ec203ba2ae13,True,True,0,0,0,0,0,,,,,426.0,2897.0,26.0,10.0,5.0
terrads_3d03df508121,Zenodo/TerraDS,iac_benchmark/scenarios/terrads_3d03df508121,True,True,0,0,0,0,0,,,,,602.0,3612.0,21.0,7.0,5.0
terrads_c2b8cedb4efd,Zenodo/TerraDS,iac_benchmark/scenarios/terrads_c2b8cedb4efd,True,True,0,0,0,0,0,,,,,882.0,5914.0,31.0,31.0,5.0
terrads_8ecb8d23c955,Zenodo/TerraDS,iac_benchmark/scenarios/terrads_8ecb8d23c955,True,True,0,0,0,0,0,,,,,668.0,3590.0,14.0,24.0,5.0
terrads_12375adfd79b,Zenodo/TerraDS,iac_benchmark/scenarios/terrads_12375adfd79b,True,True,0,0,0,0,0,,,,,438.0,2818.0,18.0,11.0,5.0
terrads_a987435b6f96,Zenodo/TerraDS,iac_benchmark/scenarios/terrads_a987435b6f96,True,True,0,0,0,0,0,,,,,993.0,7821.0,43.0,28.0,5.0
terrads_65dd9d826761,Zenodo/TerraDS,iac_benchmark/scenarios/terrads_65dd9d826761,True,True,0,0,0,0,0,,,,,954.0,7406.0,59.0,26.0,5.0
terrads_42ca48a248d6,Zenodo/TerraDS,iac_benchmark/scenarios/terrads_42ca48a248d6,True,True,0,0,0,0,0,,,,,840.0,6357.0,31.0,2.0,5.0
terrads_79180dc49280,Zenodo/TerraDS,iac_benchmark/scenarios/terrads_79180dc49280,True,True,0,0,0,0,0,,,,,907.0,6512.0,36.0,6.0,5.0
terrads_f6559e055ae7,Zenodo/TerraDS,iac_benchmark/scenarios/terrads_f6559e055ae7,True,True,0,0,0,0,0,,,,,416.0,3064.0,12.0,11.0,5.0
terrads_c8334503384c,Zenodo/TerraDS,iac_benchmark/scenarios/terrads_c8334503384c,True,True,0,0,0,0,0,,,,,948.0,5870.0,29.0,16.0,5.0
terrads_862f824f2856,Zenodo/TerraDS,iac_benchmark/scenarios/terrads_862f824f2856,True,True,0,0,0,0,0,,,,,436.0,2794.0,18.0,11.0,5.0
terrads_5e7b4931965c,Zenodo/TerraDS,iac_benchmark/scenarios/terrads_5e7b4931965c,True,True,0,0,0,0,0,,,,,882.0,5914.0,31.0,31.0,5.0
terrads_360da3b02341,Zenodo/TerraDS,iac_benchmark/scenarios/terrads_360da3b02341,True,True,0,0,0,0,0,,,,,407.0,3525.0,25.0,12.0,5.0
terrads_5fac3b163a50,Zenodo/TerraDS,iac_benchmark/scenarios/terrads_5fac3b163a50,True,True,0,0,0,0,0,,,,,431.0,3120.0,12.0,16.0,5.0
terrads_5f80361e2c5b,Zenodo/TerraDS,iac_benchmark/scenarios/terrads_5f80361e2c5b,True,True,0,0,0,0,0,,,,,574.0,3815.0,24.0,23.0,5.0
terrads_c3b3ba8ff655,Zenodo/TerraDS,iac_benchmark/scenarios/terrads_c3b3ba8ff655,True,True,0,0,0,0,0,,,,,467.0,3132.0,19.0,12.0,5.0
terrads_e7dbc89d76da,Zenodo/TerraDS,iac_benchmark/scenarios/terrads_e7dbc89d76da,True,True,0,0,0,0,0,,,,,720.0,4472.0,30.0,5.0,5.0
terrads_8ee986acfad4,Zenodo/TerraDS,iac_benchmark/scenarios/terrads_8ee986acfad4,True,True,0,0,0,0,0,,,,,571.0,2934.0,24.0,12.0,5.0
terrads_87cae2343c5a,Zenodo/TerraDS,iac_benchmark/scenarios/terrads_87cae2343c5a,True,True,0,0,0,0,0,,,,,639.0,4314.0,34.0,6.0,5.0
terrads_d1e356d63196,Zenodo/TerraDS,iac_benchmark/scenarios/terrads_d1e356d63196,True,True,0,0,0,0,0,,,,,444.0,2899.0,24.0,4.0,5.0
terrads_5814f1f52be3,Zenodo/TerraDS,iac_benchmark/scenarios/terrads_5814f1f52be3,True,True,0,0,0,0,0,,,,,577.0,4635.0,23.0,13.0,5.0
terrads_ba8fd5145785,Zenodo/TerraDS,iac_benchmark/scenarios/terrads_ba8fd5145785,True,True,0,0,0,0,0,,,,,905.0,7025.0,16.0,31.0,5.0
terrads_78145d2cf22e,Zenodo/TerraDS,iac_benchmark/scenarios/terrads_78145d2cf22e,True,True,0,0,0,0,0,,,,,886.0,7136.0,14.0,25.0,5.0
terrads_bfc89d9c8dbe,Zenodo/TerraDS,iac_benchmark/scenarios/terrads_bfc89d9c8dbe,True,True,0,0,0,0,0,,,,,412.0,2535.0,27.0,0.0,5.0
terrads_122dd4ae07fb,Zenodo/TerraDS,iac_benchmark/scenarios/terrads_122dd4ae07fb,True,True,0,0,0,0,0,,,,,446.0,3496.0,21.0,16.0,5.0
terrads_8d1e13e9dbfc,Zenodo/TerraDS,iac_benchmark/scenarios/terrads_8d1e13e9dbfc,True,True,0,0,0,0,0,,,,,489.0,3632.0,25.0,0.0,5.0
terrads_07997330643d,Zenodo/TerraDS,iac_benchmark/scenarios/terrads_07997330643d,True,True,0,0,0,0,0,,,,,608.0,3560.0,26.0,6.0,5.0
terrads_649603104103,Zenodo/TerraDS,iac_benchmark/scenarios/terrads_649603104103,True,True,0,0,0,0,0,,,,,406.0,3450.0,22.0,13.0,5.0
terrads_db8367b0a1b3,Zenodo/TerraDS,iac_benchmark/scenarios/terrads_db8367b0a1b3,True,True,0,0,0,0,0,,,,,541.0,3526.0,24.0,16.0,5.0
terrads_1bc25e73eaea,Zenodo/TerraDS,iac_benchmark/scenarios/terrads_1bc25e73eaea,True,True,0,0,0,0,0,,,,,471.0,2944.0,36.0,0.0,5.0
terrads_a3afcdfc83ae,Zenodo/TerraDS,iac_benchmark/scenarios/terrads_a3afcdfc83ae,True,True,0,0,0,0,0,,,,,538.0,4231.0,12.0,10.0,5.0
terrads_727972c6783e,Zenodo/TerraDS,iac_benchmark/scenarios/terrads_727972c6783e,True,True,0,0,0,0,0,,,,,602.0,3954.0,30.0,22.0,5.0
terrads_b3f5cc51f163,Zenodo/TerraDS,iac_benchmark/scenarios/terrads_b3f5cc51f163,True,True,0,0,0,0,0,,,,,646.0,4667.0,26.0,1.0,5.0
terrads_25fdf99903fb,Zenodo/TerraDS,iac_benchmark/scenarios/terrads_25fdf99903fb,True,True,0,0,0,0,0,,,,,534.0,3211.0,18.0,13.0,5.0
terrads_fe7c7571a76a,Zenodo/TerraDS,iac_benchmark/scenarios/terrads_fe7c7571a76a,True,True,0,0,0,0,0,,,,,706.0,5776.0,32.0,26.0,5.0
terrads_cd5f8e797290,Zenodo/TerraDS,iac_benchmark/scenarios/terrads_cd5f8e797290,True,True,0,0,0,0,0,,,,,916.0,6176.0,32.0,33.0,5.0
terrads_8c3095bfef19,Zenodo/TerraDS,iac_benchmark/scenarios/terrads_8c3095bfef19,True,True,0,0,0,0,0,,,,,734.0,4903.0,25.0,1.0,5.0
terrads_6aba522ddaf4,Zenodo/TerraDS,iac_benchmark/scenarios/terrads_6aba522ddaf4,True,True,0,0,0,0,0,,,,,804.0,5778.0,15.0,24.0,5.0
terrads_34df0adfb1f2,Zenodo/TerraDS,iac_benchmark/scenarios/terrads_34df0adfb1f2,True,True,0,0,0,0,0,,,,,632.0,3931.0,22.0,17.0,5.0
terrads_f52fcb289cc6,Zenodo/TerraDS,iac_benchmark/scenarios/terrads_f52fcb289cc6,True,True,0,0,0,0,0,,,,,823.0,6848.0,38.0,6.0,5.0
terrads_22b7bd6e0b4b,Zenodo/TerraDS,iac_benchmark/scenarios/terrads_22b7bd6e0b4b,True,True,0,0,0,0,0,,,,,741.0,5019.0,26.0,1.0,5.0
terrads_53ff97469e46,Zenodo/TerraDS,iac_benchmark/scenarios/terrads_53ff97469e46,True,True,0,0,0,0,0,,,,,568.0,4661.0,39.0,53.0,5.0
terrads_161bbe8880cc,Zenodo/TerraDS,iac_benchmark/scenarios/terrads_161bbe8880cc,True,True,0,0,0,0,0,,,,,418.0,2838.0,29.0,0.0,5.0
terrads_8b041f098dc0,Zenodo/TerraDS,iac_benchmark/scenarios/terrads_8b041f098dc0,True,True,0,0,0,0,0,,,,,422.0,2463.0,17.0,11.0,5.0
terrads_16fd9d96340d,Zenodo/TerraDS,iac_benchmark/scenarios/terrads_16fd9d96340d,True,True,0,0,0,0,0,,,,,449.0,2732.0,19.0,9.0,5.0
terrads_eecbea79ab99,Zenodo/TerraDS,iac_benchmark/scenarios/terrads_eecbea79ab99,True,True,0,0,0,0,0,,,,,639.0,4008.0,33.0,45.0,5.0
terrads_c526c55fb0d2,Zenodo/TerraDS,iac_benchmark/scenarios/terrads_c526c55fb0d2,True,True,0,0,0,0,0,,,,,452.0,3046.0,28.0,2.0,5.0
terrads_d0b3e01987ef,Zenodo/TerraDS,iac_benchmark/scenarios/terrads_d0b3e01987ef,True,True,0,0,0,0,0,,,,,521.0,3991.0,14.0,16.0,5.0
terrads_57b21e0d92d5,Zenodo/TerraDS,iac_benchmark/scenarios/terrads_57b21e0d92d5,True,True,0,0,0,0,0,,,,,610.0,4023.0,35.0,0.0,5.0
terrads_9baf1e784810,Zenodo/TerraDS,iac_benchmark/scenarios/terrads_9baf1e784810,True,True,0,0,0,0,0,,,,,409.0,2576.0,14.0,11.0,5.0
terrads_2aa55260cc79,Zenodo/TerraDS,iac_benchmark/scenarios/terrads_2aa55260cc79,True,True,0,0,0,0,0,,,,,452.0,3191.0,26.0,33.0,5.0
terrads_ed0c2b24efec,Zenodo/TerraDS,iac_benchmark/scenarios/terrads_ed0c2b24efec,True,True,0,0,0,0,0,,,,,788.0,5797.0,28.0,14.0,5.0
terrads_6616c6518763,Zenodo/TerraDS,iac_benchmark/scenarios/terrads_6616c6518763,True,True,0,0,0,0,0,,,,,412.0,2535.0,27.0,0.0,5.0
terrads_0db0935bda59,Zenodo/TerraDS,iac_benchmark/scenarios/terrads_0db0935bda59,True,True,0,0,0,0,0,,,,,728.0,4893.0,25.0,1.0,5.0
terrads_4422d5e8660a,Zenodo/TerraDS,iac_benchmark/scenarios/terrads_4422d5e8660a,True,True,0,0,0,0,0,,,,,920.0,5250.0,25.0,10.0,5.0
terrads_b3b1f53eed2c,Zenodo/TerraDS,iac_benchmark/scenarios/terrads_b3b1f53eed2c,True,True,0,0,0,0,0,,,,,846.0,7757.0,36.0,2.0,5.0
terrads_26f68dc446e1,Zenodo/TerraDS,iac_benchmark/scenarios/terrads_26f68dc446e1,True,True,0,0,0,0,0,,,,,821.0,5553.0,45.0,24.0,5.0
terrads_2e7f7a4d1282,Zenodo/TerraDS,iac_benchmark/scenarios/terrads_2e7f7a4d1282,True,True,0,0,0,0,0,,,,,411.0,2982.0,23.0,2.0,5.0
terrads_c86e063ba363,Zenodo/TerraDS,iac_benchmark/scenarios/terrads_c86e063ba363,True,True,0,0,0,0,0,,,,,971.0,7860.0,42.0,11.0,5.0
terrads_03d92c26d542,Zenodo/TerraDS,iac_benchmark/scenarios/terrads_03d92c26d542,True,True,0,0,0,0,0,,,,,1226.0,7560.0,64.0,17.0,5.0
terrads_f556a9a5336b,Zenodo/TerraDS,iac_benchmark/scenarios/terrads_f556a9a5336b,True,True,0,0,0,0,0,,,,,769.0,5260.0,45.0,6.0,5.0
terrads_48d1be36adcd,Zenodo/TerraDS,iac_benchmark/scenarios/terrads_48d1be36adcd,True,True,0,0,0,0,0,,,,,471.0,2944.0,36.0,0.0,5.0
terrads_02ea6a8b659d,Zenodo/TerraDS,iac_benchmark/scenarios/terrads_02ea6a8b659d,True,True,0,0,0,0,0,,,,,603.0,4232.0,27.0,25.0,5.0
terrads_0e4ac005b797,Zenodo/TerraDS,iac_benchmark/scenarios/terrads_0e4ac005b797,True,True,0,0,0,0,0,,,,,524.0,3655.0,19.0,15.0,5.0
terrads_fc46d8a0fb5e,Zenodo/TerraDS,iac_benchmark/scenarios/terrads_fc46d8a0fb5e,True,True,0,0,0,0,0,,,,,563.0,3915.0,35.0,0.0,5.0
terrads_149b598f5ad4,Zenodo/TerraDS,iac_benchmark/scenarios/terrads_149b598f5ad4,True,True,0,0,0,0,0,,,,,563.0,4783.0,37.0,8.0,5.0
terrads_01bcacef79a6,Zenodo/TerraDS,iac_benchmark/scenarios/terrads_01bcacef79a6,True,True,0,0,0,0,0,,,,,400.0,2598.0,22.0,5.0,5.0
terrads_72debe9274fd,Zenodo/TerraDS,iac_benchmark/scenarios/terrads_72debe9274fd,True,True,0,0,0,0,0,,,,,452.0,2850.0,18.0,17.0,5.0
terrads_e9ee10871093,Zenodo/TerraDS,iac_benchmark/scenarios/terrads_e9ee10871093,True,True,0,0,0,0,0,,,,,603.0,3958.0,38.0,6.0,5.0
terrads_a7073f3a2a10,Zenodo/TerraDS,iac_benchmark/scenarios/terrads_a7073f3a2a10,True,True,0,0,0,0,0,,,,,986.0,6944.0,20.0,10.0,5.0
terrads_0b1c5181a1a1,Zenodo/TerraDS,iac_benchmark/scenarios/terrads_0b1c5181a1a1,True,True,0,0,0,0,0,,,,,458.0,3444.0,15.0,5.0,5.0
terrads_b63eb8aa82b7,Zenodo/TerraDS,iac_benchmark/scenarios/terrads_b63eb8aa82b7,True,True,0,0,0,0,0,,,,,457.0,3209.0,26.0,33.0,5.0
terrads_0ec61b4c608f,Zenodo/TerraDS,iac_benchmark/scenarios/terrads_0ec61b4c608f,True,True,0,0,0,0,0,,,,,899.0,6465.0,46.0,0.0,5.0
terrads_1afdfd2bcb74,Zenodo/TerraDS,iac_benchmark/scenarios/terrads_1afdfd2bcb74,True,True,0,0,0,0,0,,,,,449.0,2550.0,15.0,12.0,5.0
terrads_eb0ed75db3b1,Zenodo/TerraDS,iac_benchmark/scenarios/terrads_eb0ed75db3b1,True,True,0,0,0,0,0,,,,,709.0,4659.0,22.0,2.0,5.0
terrads_a802ec3fcf11,Zenodo/TerraDS,iac_benchmark/scenarios/terrads_a802ec3fcf11,True,True,0,0,0,0,0,,,,,711.0,5944.0,19.0,12.0,5.0
gh_e69be28d,Tianyi2/IRIS,iac_benchmark/scenarios/gh_e69be28d,True,True,0,0,0,0,0,,,,,412.0,3313.0,18.0,8.0,5.0
terrads_bda740ad154f,Zenodo/TerraDS,iac_benchmark/scenarios/terrads_bda740ad154f,True,True,0,0,0,0,0,,,,,409.0,2556.0,13.0,45.0,5.0
terrads_77c0061771b6,Zenodo/TerraDS,iac_benchmark/scenarios/terrads_77c0061771b6,True,True,0,0,0,0,0,,,,,839.0,6090.0,41.0,28.0,5.0
terrads_8b7bae2d7266,Zenodo/TerraDS,iac_benchmark/scenarios/terrads_8b7bae2d7266,True,True,0,0,0,0,0,,,,,450.0,2802.0,22.0,9.0,5.0
terrads_6f4b4b47259e,Zenodo/TerraDS,iac_benchmark/scenarios/terrads_6f4b4b47259e,True,True,0,0,0,0,0,,,,,456.0,2561.0,13.0,1.0,5.0
terrads_0e598dc53831,Zenodo/TerraDS,iac_benchmark/scenarios/terrads_0e598dc53831,True,True,0,0,0,0,0,,,,,1053.0,6892.0,48.0,11.0,5.0
terrads_5353a6d80a8a,Zenodo/TerraDS,iac_benchmark/scenarios/terrads_5353a6d80a8a,True,True,0,0,0,0,0,,,,,638.0,4253.0,24.0,17.0,5.0
terrads_e35a80862f8b,Zenodo/TerraDS,iac_benchmark/scenarios/terrads_e35a80862f8b,True,True,0,0,0,0,0,,,,,471.0,2712.0,15.0,34.0,5.0
terrads_edff90630362,Zenodo/TerraDS,iac_benchmark/scenarios/terrads_edff90630362,True,True,0,0,0,0,0,,,,,836.0,7668.0,36.0,2.0,5.0
terrads_47988ec18c41,Zenodo/TerraDS,iac_benchmark/scenarios/terrads_47988ec18c41,True,True,0,0,0,0,0,,,,,464.0,2915.0,21.0,27.0,5.0
terrads_47ae8e9f68dc,Zenodo/TerraDS,iac_benchmark/scenarios/terrads_47ae8e9f68dc,True,True,0,0,0,0,0,,,,,497.0,3466.0,28.0,12.0,5.0
gh_007992e0,Tianyi2/IRIS,iac_benchmark/scenarios/gh_007992e0,True,True,0,0,0,0,0,,,,,426.0,3007.0,17.0,7.0,5.0
terrads_cd10ecc7d097,Zenodo/TerraDS,iac_benchmark/scenarios/terrads_cd10ecc7d097,True,True,0,0,0,0,0,,,,,521.0,3641.0,17.0,22.0,5.0
terrads_0491c7028df0,Zenodo/TerraDS,iac_benchmark/scenarios/terrads_0491c7028df0,True,True,0,0,0,0,0,,,,,882.0,5916.0,29.0,31.0,5.0
terrads_00c588f5c34b,Zenodo/TerraDS,iac_benchmark/scenarios/terrads_00c588f5c34b,True,True,0,0,0,0,0,,,,,461.0,3444.0,28.0,29.0,5.0
terrads_3368853dcfab,Zenodo/TerraDS,iac_benchmark/scenarios/terrads_3368853dcfab,True,True,0,0,0,0,0,,,,,688.0,5630.0,17.0,34.0,5.0
terrads_fa5c551d068f,Zenodo/TerraDS,iac_benchmark/scenarios/terrads_fa5c551d068f,True,True,0,0,0,0,0,,,,,474.0,2919.0,26.0,10.0,5.0
terrads_286e350c3bf2,Zenodo/TerraDS,iac_benchmark/scenarios/terrads_286e350c3bf2,True,True,0,0,0,0,0,,,,,434.0,2730.0,18.0,7.0,5.0
terrads_61bc49735440,Zenodo/TerraDS,iac_benchmark/scenarios/terrads_61bc49735440,True,True,0,0,0,0,0,,,,,670.0,3813.0,26.0,5.0,5.0
terrads_55975bb6b553,Zenodo/TerraDS,iac_benchmark/scenarios/terrads_55975bb6b553,True,True,0,0,0,0,0,,,,,417.0,2531.0,15.0,13.0,5.0
gh_b685f933,Tianyi2/IRIS,iac_benchmark/scenarios/gh_b685f933,True,True,0,0,0,0,0,,,,,467.0,3530.0,12.0,5.0,5.0
terrads_15b1d839d658,Zenodo/TerraDS,iac_benchmark/scenarios/terrads_15b1d839d658,True,True,0,0,0,0,0,,,,,415.0,3004.0,24.0,0.0,5.0
terrads_f6513ea99dbf,Zenodo/TerraDS,iac_benchmark/scenarios/terrads_f6513ea99dbf,True,True,0,0,0,0,0,,,,,513.0,3817.0,15.0,34.0,5.0
terrads_5968fadff984,Zenodo/TerraDS,iac_benchmark/scenarios/terrads_5968fadff984,True,True,0,0,0,0,0,,,,,882.0,5914.0,31.0,31.0,5.0
terrads_27e28c22d768,Zenodo/TerraDS,iac_benchmark/scenarios/terrads_27e28c22d768,True,True,0,0,0,0,0,,,,,713.0,6844.0,16.0,18.0,5.0
terrads_dc8485d506fc,Zenodo/TerraDS,iac_benchmark/scenarios/terrads_dc8485d506fc,True,True,0,0,0,0,0,,,,,441.0,2701.0,28.0,0.0,5.0
terrads_aac8755c8f7b,Zenodo/TerraDS,iac_benchmark/scenarios/terrads_aac8755c8f7b,True,True,0,0,0,0,0,,,,,908.0,7198.0,18.0,67.0,5.0
terrads_bdda5239abea,Zenodo/TerraDS,iac_benchmark/scenarios/terrads_bdda5239abea,True,True,0,0,0,0,0,,,,,575.0,4550.0,14.0,34.0,5.0
terrads_81df1ab72390,Zenodo/TerraDS,iac_benchmark/scenarios/terrads_81df1ab72390,True,True,0,0,0,0,0,,,,,829.0,5691.0,44.0,18.0,5.0
terrads_a9c456179719,Zenodo/TerraDS,iac_benchmark/scenarios/terrads_a9c456179719,True,True,0,0,0,0,0,,,,,994.0,6720.0,59.0,12.0,5.0
terrads_257e32a57920,Zenodo/TerraDS,iac_benchmark/scenarios/terrads_257e32a57920,True,True,0,0,0,0,0,,,,,450.0,2802.0,22.0,9.0,5.0
terrads_9ac6bce96e98,Zenodo/TerraDS,iac_benchmark/scenarios/terrads_9ac6bce96e98,True,True,0,0,0,0,0,,,,,766.0,5968.0,15.0,9.0,5.0
terrads_1ceebfb900f7,Zenodo/TerraDS,iac_benchmark/scenarios/terrads_1ceebfb900f7,True,True,0,0,0,0,0,,,,,882.0,5916.0,29.0,31.0,5.0
terrads_319d53ac4bbb,Zenodo/TerraDS,iac_benchmark/scenarios/terrads_319d53ac4bbb,True,True,0,0,0,0,0,,,,,621.0,3870.0,33.0,15.0,5.0
terrads_72f34cbc96ef,Zenodo/TerraDS,iac_benchmark/scenarios/terrads_72f34cbc96ef,True,True,0,0,0,0,0,,,,,713.0,4863.0,21.0,36.0,5.0
terrads_206b3c432b7b,Zenodo/TerraDS,iac_benchmark/scenarios/terrads_206b3c432b7b,True,True,0,0,0,0,0,,,,,605.0,4728.0,25.0,28.0,5.0
terrads_e793009893f5,Zenodo/TerraDS,iac_benchmark/scenarios/terrads_e793009893f5,True,True,0,0,0,0,0,,,,,785.0,5689.0,55.0,0.0,5.0
terrads_2387967ae8c1,Zenodo/TerraDS,iac_benchmark/scenarios/terrads_2387967ae8c1,True,True,0,0,0,0,0,,,,,728.0,5889.0,26.0,9.0,5.0
terrads_84523c3be5a3,Zenodo/TerraDS,iac_benchmark/scenarios/terrads_84523c3be5a3,True,True,0,0,0,0,0,,,,,729.0,4903.0,25.0,1.0,5.0
terrads_0de1fcabb575,Zenodo/TerraDS,iac_benchmark/scenarios/terrads_0de1fcabb575,True,True,0,0,0,0,0,,,,,741.0,5019.0,26.0,1.0,5.0
terrads_e9ae7c6396e7,Zenodo/TerraDS,iac_benchmark/scenarios/terrads_e9ae7c6396e7,True,True,0,0,0,0,0,,,,,441.0,2701.0,28.0,0.0,5.0
terrads_832503cf13a9,Zenodo/TerraDS,iac_benchmark/scenarios/terrads_832503cf13a9,True,True,0,0,0,0,0,,,,,794.0,5577.0,13.0,44.0,5.0
terrads_4bf55c6d9dc3,Zenodo/TerraDS,iac_benchmark/scenarios/terrads_4bf55c6d9dc3,True,True,0,0,0,0,0,,,,,477.0,3685.0,33.0,0.0,5.0
terrads_211602563cdb,Zenodo/TerraDS,iac_benchmark/scenarios/terrads_211602563cdb,True,True,0,0,0,0,0,,,,,669.0,4841.0,51.0,0.0,5.0
terrads_1ea8ff468aa3,Zenodo/TerraDS,iac_benchmark/scenarios/terrads_1ea8ff468aa3,True,True,0,0,0,0,0,,,,,522.0,3726.0,18.0,30.0,5.0
terrads_6d948a185cb0,Zenodo/TerraDS,iac_benchmark/scenarios/terrads_6d948a185cb0,True,True,0,0,0,0,0,,,,,477.0,3471.0,17.0,18.0,5.0
terrads_daa154193ced,Zenodo/TerraDS,iac_benchmark/scenarios/terrads_daa154193ced,True,True,0,0,0,0,0,,,,,572.0,3460.0,17.0,13.0,5.0
terrads_6afedb5e609e,Zenodo/TerraDS,iac_benchmark/scenarios/terrads_6afedb5e609e,True,True,0,0,0,0,0,,,,,444.0,2876.0,13.0,26.0,5.0
terrads_d755fe5a31fe,Zenodo/TerraDS,iac_benchmark/scenarios/terrads_d755fe5a31fe,True,True,0,0,0,0,0,,,,,497.0,3320.0,35.0,1.0,5.0
terrads_76421246f78b,Zenodo/TerraDS,iac_benchmark/scenarios/terrads_76421246f78b,True,True,0,0,0,0,0,,,,,939.0,6566.0,59.0,2.0,5.0
terrads_b891736c38bf,Zenodo/TerraDS,iac_benchmark/scenarios/terrads_b891736c38bf,True,True,0,0,0,0,0,,,,,802.0,6001.0,43.0,24.0,5.0
terrads_3efdcf815df9,Zenodo/TerraDS,iac_benchmark/scenarios/terrads_3efdcf815df9,True,True,0,0,0,0,0,,,,,626.0,5644.0,15.0,2.0,5.0
terrads_a8bf6ba1079a,Zenodo/TerraDS,iac_benchmark/scenarios/terrads_a8bf6ba1079a,True,True,0,0,0,0,0,,,,,671.0,5431.0,18.0,30.0,5.0
terrads_443eb61a2ecc,Zenodo/TerraDS,iac_benchmark/scenarios/terrads_443eb61a2ecc,True,True,0,0,0,0,0,,,,,428.0,3490.0,41.0,2.0,5.0
terrads_6acc4c9230ef,Zenodo/TerraDS,iac_benchmark/scenarios/terrads_6acc4c9230ef,True,True,0,0,0,0,0,,,,,530.0,3517.0,19.0,20.0,5.0
terrads_3ee75ff4b183,Zenodo/TerraDS,iac_benchmark/scenarios/terrads_3ee75ff4b183,True,True,0,0,0,0,0,,,,,951.0,7612.0,28.0,18.0,5.0
terrads_a8f355fc7f37,Zenodo/TerraDS,iac_benchmark/scenarios/terrads_a8f355fc7f37,True,True,0,0,0,0,0,,,,,584.0,3742.0,34.0,0.0,5.0
terrads_91888313d68a,Zenodo/TerraDS,iac_benchmark/scenarios/terrads_91888313d68a,True,True,0,0,0,0,0,,,,,598.0,4802.0,25.0,11.0,5.0
terrads_61f7f0a21d35,Zenodo/TerraDS,iac_benchmark/scenarios/terrads_61f7f0a21d35,True,True,0,0,0,0,0,,,,,422.0,2463.0,17.0,11.0,5.0
terrads_b4102d1c20c7,Zenodo/TerraDS,iac_benchmark/scenarios/terrads_b4102d1c20c7,True,True,0,0,0,0,0,,,,,441.0,2701.0,28.0,0.0,5.0
terrads_9312e638387b,Zenodo/TerraDS,iac_benchmark/scenarios/terrads_9312e638387b,True,True,0,0,0,0,0,,,,,486.0,3368.0,22.0,13.0,5.0
terrads_bae35d2d61b8,Zenodo/TerraDS,iac_benchmark/scenarios/terrads_bae35d2d61b8,True,True,0,0,0,0,0,,,,,444.0,2929.0,18.0,7.0,5.0
terrads_c42c81bb6a6d,Zenodo/TerraDS,iac_benchmark/scenarios/terrads_c42c81bb6a6d,True,True,0,0,0,0,0,,,,,496.0,3987.0,14.0,4.0,5.0
terrads_11b2885a536b,Zenodo/TerraDS,iac_benchmark/scenarios/terrads_11b2885a536b,True,True,0,0,0,0,0,,,,,533.0,3432.0,14.0,12.0,5.0
terrads_c5a516625295,Zenodo/TerraDS,iac_benchmark/scenarios/terrads_c5a516625295,True,True,0,0,0,0,0,,,,,509.0,3901.0,22.0,16.0,5.0
terrads_2db26369514b,Zenodo/TerraDS,iac_benchmark/scenarios/terrads_2db26369514b,True,True,0,0,0,0,0,,,,,452.0,3046.0,28.0,2.0,5.0
terrads_7f22efa9e1c8,Zenodo/TerraDS,iac_benchmark/scenarios/terrads_7f22efa9e1c8,True,True,0,0,0,0,0,,,,,471.0,2944.0,36.0,0.0,5.0
terrads_c0727086a681,Zenodo/TerraDS,iac_benchmark/scenarios/terrads_c0727086a681,True,True,0,0,0,0,0,,,,,489.0,3632.0,25.0,0.0,5.0
terrads_4ba62fc0f2f0,Zenodo/TerraDS,iac_benchmark/scenarios/terrads_4ba62fc0f2f0,True,True,0,0,0,0,0,,,,,423.0,4608.0,18.0,17.0,5.0
terrads_983fba4526f1,Zenodo/TerraDS,iac_benchmark/scenarios/terrads_983fba4526f1,True,True,0,0,0,0,0,,,,,435.0,3000.0,19.0,30.0,5.0
terrads_42daa74bf291,Zenodo/TerraDS,iac_benchmark/scenarios/terrads_42daa74bf291,True,True,0,0,0,0,0,,,,,739.0,4981.0,25.0,1.0,5.0
terrads_44a07f379c52,Zenodo/TerraDS,iac_benchmark/scenarios/terrads_44a07f379c52,True,True,0,0,0,0,0,,,,,608.0,3425.0,13.0,19.0,5.0
terrads_daca9ee576ef,Zenodo/TerraDS,iac_benchmark/scenarios/terrads_daca9ee576ef,True,True,0,0,0,0,0,,,,,512.0,3872.0,12.0,22.0,5.0
terrads_4b321d2f7fe1,Zenodo/TerraDS,iac_benchmark/scenarios/terrads_4b321d2f7fe1,True,True,0,0,0,0,0,,,,,543.0,3777.0,26.0,9.0,5.0
terrads_1ac8566b577f,Zenodo/TerraDS,iac_benchmark/scenarios/terrads_1ac8566b577f,True,True,0,0,0,0,0,,,,,514.0,3487.0,24.0,33.0,5.0
terrads_708d95ad4f82,Zenodo/TerraDS,iac_benchmark/scenarios/terrads_708d95ad4f82,True,True,0,0,0,0,0,,,,,498.0,3780.0,12.0,22.0,5.0
terrads_b46b229591af,Zenodo/TerraDS,iac_benchmark/scenarios/terrads_b46b229591af,True,True,0,0,0,0,0,,,,,777.0,5335.0,27.0,13.0,5.0
terrads_adf9e5e2e1e3,Zenodo/TerraDS,iac_benchmark/scenarios/terrads_adf9e5e2e1e3,True,True,0,0,0,0,0,,,,,662.0,4742.0,46.0,0.0,5.0
terrads_1e276698c0b1,Zenodo/TerraDS,iac_benchmark/scenarios/terrads_1e276698c0b1,True,True,0,0,0,0,0,,,,,846.0,7147.0,21.0,34.0,5.0
terrads_5fafc8427ab4,Zenodo/TerraDS,iac_benchmark/scenarios/terrads_5fafc8427ab4,True,True,0,0,0,0,0,,,,,401.0,2805.0,28.0,0.0,5.0
terrads_6c336487db5e,Zenodo/TerraDS,iac_benchmark/scenarios/terrads_6c336487db5e,True,True,0,0,0,0,0,,,,,563.0,3915.0,35.0,0.0,5.0
terrads_9c1a4c54720f,Zenodo/TerraDS,iac_benchmark/scenarios/terrads_9c1a4c54720f,True,True,0,0,0,0,0,,,,,441.0,2701.0,28.0,0.0,5.0
terrads_5d1056b24ff6,Zenodo/TerraDS,iac_benchmark/scenarios/terrads_5d1056b24ff6,True,True,0,0,0,0,0,,,,,615.0,4387.0,15.0,38.0,5.0
terrads_1963c228788d,Zenodo/TerraDS,iac_benchmark/scenarios/terrads_1963c228788d,True,True,0,0,0,0,0,,,,,486.0,3550.0,17.0,13.0,5.0
terrads_ce4913cc6401,Zenodo/TerraDS,iac_benchmark/scenarios/terrads_ce4913cc6401,True,True,0,0,0,0,0,,,,,526.0,5762.0,15.0,20.0,5.0
terrads_0ecbdf4cb0e0,Zenodo/TerraDS,iac_benchmark/scenarios/terrads_0ecbdf4cb0e0,True,True,0,0,0,0,0,,,,,659.0,4193.0,36.0,20.0,5.0
terrads_8e0f690b0a8a,Zenodo/TerraDS,iac_benchmark/scenarios/terrads_8e0f690b0a8a,True,True,0,0,0,0,0,,,,,625.0,4066.0,13.0,18.0,5.0
terrads_9fc2e6e98285,Zenodo/TerraDS,iac_benchmark/scenarios/terrads_9fc2e6e98285,True,True,0,0,0,0,0,,,,,448.0,3274.0,25.0,2.0,5.0
terrads_064263929414,Zenodo/TerraDS,iac_benchmark/scenarios/terrads_064263929414,True,True,0,0,0,0,0,,,,,456.0,3087.0,33.0,0.0,5.0
terrads_ed9dc8814022,Zenodo/TerraDS,iac_benchmark/scenarios/terrads_ed9dc8814022,True,True,0,0,0,0,0,,,,,591.0,5426.0,21.0,19.0,5.0
terrads_5a2d3c906bcd,Zenodo/TerraDS,iac_benchmark/scenarios/terrads_5a2d3c906bcd,True,True,0,0,0,0,0,,,,,464.0,3152.0,15.0,1.0,5.0
terrads_42300074e02b,Zenodo/TerraDS,iac_benchmark/scenarios/terrads_42300074e02b,True,True,0,0,0,0,0,,,,,892.0,7145.0,57.0,8.0,5.0
terrads_7501ee834e42,Zenodo/TerraDS,iac_benchmark/scenarios/terrads_7501ee834e42,True,True,0,0,0,0,0,,,,,481.0,3495.0,31.0,7.0,5.0
terrads_e7ad99ef70f4,Zenodo/TerraDS,iac_benchmark/scenarios/terrads_e7ad99ef70f4,True,True,0,0,0,0,0,,,,,507.0,3396.0,13.0,14.0,5.0
terrads_671f50cde048,Zenodo/TerraDS,iac_benchmark/scenarios/terrads_671f50cde048,True,True,0,0,0,0,0,,,,,565.0,4001.0,25.0,1.0,5.0
terrads_2489343d490d,Zenodo/TerraDS,iac_benchmark/scenarios/terrads_2489343d490d,True,True,0,0,0,0,0,,,,,787.0,6389.0,36.0,28.0,5.0
terrads_3de3827c73a7,Zenodo/TerraDS,iac_benchmark/scenarios/terrads_3de3827c73a7,True,True,0,0,0,0,0,,,,,814.0,5513.0,36.0,27.0,5.0
terrads_590de8a81cd0,Zenodo/TerraDS,iac_benchmark/scenarios/terrads_590de8a81cd0,True,True,0,0,0,0,0,,,,,539.0,3239.0,12.0,33.0,5.0
terrads_cb15ff96929f,Zenodo/TerraDS,iac_benchmark/scenarios/terrads_cb15ff96929f,True,True,0,0,0,0,0,,,,,980.0,6047.0,13.0,10.0,5.0
terrads_d10e6869631b,Zenodo/TerraDS,iac_benchmark/scenarios/terrads_d10e6869631b,True,True,0,0,0,0,0,,,,,571.0,4544.0,33.0,8.0,5.0
terrads_8560112515be,Zenodo/TerraDS,iac_benchmark/scenarios/terrads_8560112515be,True,True,0,0,0,0,0,,,,,648.0,4360.0,21.0,3.0,5.0
terrads_994009806770,Zenodo/TerraDS,iac_benchmark/scenarios/terrads_994009806770,True,True,0,0,0,0,0,,,,,655.0,5058.0,15.0,19.0,5.0
terrads_a9cf84622a06,Zenodo/TerraDS,iac_benchmark/scenarios/terrads_a9cf84622a06,True,True,0,0,0,0,0,,,,,444.0,2877.0,19.0,2.0,5.0
terrads_d82bcd1154c4,Zenodo/TerraDS,iac_benchmark/scenarios/terrads_d82bcd1154c4,True,True,0,0,0,0,0,,,,,424.0,2917.0,18.0,10.0,5.0
terrads_a57fde9a7909,Zenodo/TerraDS,iac_benchmark/scenarios/terrads_a57fde9a7909,True,True,0,0,0,0,0,,,,,740.0,5412.0,23.0,24.0,5.0
terrads_a11f54074b54,Zenodo/TerraDS,iac_benchmark/scenarios/terrads_a11f54074b54,True,True,0,0,0,0,0,,,,,453.0,3613.0,12.0,16.0,5.0
terrads_c45fa94c7026,Zenodo/TerraDS,iac_benchmark/scenarios/terrads_c45fa94c7026,True,True,0,0,0,0,0,,,,,815.0,7411.0,31.0,51.0,5.0
terrads_9abd84a01a35,Zenodo/TerraDS,iac_benchmark/scenarios/terrads_9abd84a01a35,True,True,0,0,0,0,0,,,,,672.0,6592.0,27.0,12.0,5.0
terrads_9b873c28a568,Zenodo/TerraDS,iac_benchmark/scenarios/terrads_9b873c28a568,True,True,0,0,0,0,0,,,,,581.0,4629.0,17.0,26.0,5.0
terrads_5932eb0434a9,Zenodo/TerraDS,iac_benchmark/scenarios/terrads_5932eb0434a9,True,True,0,0,0,0,0,,,,,512.0,3629.0,14.0,13.0,5.0
terrads_90ef7408c17c,Zenodo/TerraDS,iac_benchmark/scenarios/terrads_90ef7408c17c,True,True,0,0,0,0,0,,,,,483.0,2777.0,15.0,35.0,5.0
terrads_fc614ddad60b,Zenodo/TerraDS,iac_benchmark/scenarios/terrads_fc614ddad60b,True,True,0,0,0,0,0,,,,,608.0,4117.0,27.0,3.0,5.0
terrads_0cab184ba60e,Zenodo/TerraDS,iac_benchmark/scenarios/terrads_0cab184ba60e,True,True,0,0,0,0,0,,,,,542.0,4439.0,43.0,4.0,5.0
terrads_02c84138efd8,Zenodo/TerraDS,iac_benchmark/scenarios/terrads_02c84138efd8,True,True,0,0,0,0,0,,,,,518.0,3467.0,31.0,0.0,5.0
terrads_4c3522a00042,Zenodo/TerraDS,iac_benchmark/scenarios/terrads_4c3522a00042,True,True,0,0,0,0,0,,,,,1003.0,7579.0,30.0,10.0,5.0
terrads_4438144c260d,Zenodo/TerraDS,iac_benchmark/scenarios/terrads_4438144c260d,True,True,0,0,0,0,0,,,,,673.0,4801.0,26.0,12.0,5.0
terrads_6e4dbc1fcf17,Zenodo/TerraDS,iac_benchmark/scenarios/terrads_6e4dbc1fcf17,True,True,0,0,0,0,0,,,,,730.0,4903.0,25.0,1.0,5.0
terrads_59be4bcc47be,Zenodo/TerraDS,iac_benchmark/scenarios/terrads_59be4bcc47be,True,True,0,0,0,0,0,,,,,438.0,4234.0,16.0,23.0,5.0
terrads_70881075a801,Zenodo/TerraDS,iac_benchmark/scenarios/terrads_70881075a801,True,True,0,0,0,0,0,,,,,1190.0,7237.0,45.0,36.0,5.0
terrads_60fc71941f6d,Zenodo/TerraDS,iac_benchmark/scenarios/terrads_60fc71941f6d,True,True,0,0,0,0,0,,,,,493.0,3238.0,23.0,6.0,5.0
terrads_8c433d0e064f,Zenodo/TerraDS,iac_benchmark/scenarios/terrads_8c433d0e064f,True,True,0,0,0,0,0,,,,,441.0,3211.0,25.0,0.0,5.0
terrads_00030fbd84c7,Zenodo/TerraDS,iac_benchmark/scenarios/terrads_00030fbd84c7,True,True,0,0,0,0,0,,,,,452.0,3046.0,28.0,2.0,5.0
gh_a989db44,Tianyi2/IRIS,iac_benchmark/scenarios/gh_a989db44,True,True,0,0,0,0,0,,,,,401.0,2558.0,14.0,6.0,5.0
terrads_1aa4029baf24,Zenodo/TerraDS,iac_benchmark/scenarios/terrads_1aa4029baf24,True,True,0,0,0,0,0,,,,,420.0,2760.0,13.0,8.0,5.0
terrads_8f81e4f6885f,Zenodo/TerraDS,iac_benchmark/scenarios/terrads_8f81e4f6885f,True,True,0,0,0,0,0,,,,,829.0,7496.0,61.0,0.0,5.0
terrads_d9aab070860b,Zenodo/TerraDS,iac_benchmark/scenarios/terrads_d9aab070860b,True,True,0,0,0,0,0,,,,,513.0,3914.0,16.0,4.0,5.0
terrads_14ae3ea1ccb0,Zenodo/TerraDS,iac_benchmark/scenarios/terrads_14ae3ea1ccb0,True,True,0,0,0,0,0,,,,,450.0,3476.0,18.0,5.0,5.0
terrads_44af5e6c178f,Zenodo/TerraDS,iac_benchmark/scenarios/terrads_44af5e6c178f,True,True,0,0,0,0,0,,,,,436.0,2794.0,18.0,11.0,5.0
terrads_b053149168b3,Zenodo/TerraDS,iac_benchmark/scenarios/terrads_b053149168b3,True,True,0,0,0,0,0,,,,,731.0,4903.0,25.0,1.0,5.0
terrads_914e3329b346,Zenodo/TerraDS,iac_benchmark/scenarios/terrads_914e3329b346,True,True,0,0,0,0,0,,,,,587.0,3734.0,26.0,13.0,5.0
terrads_6f31e043df05,Zenodo/TerraDS,iac_benchmark/scenarios/terrads_6f31e043df05,True,True,0,0,0,0,0,,,,,712.0,4722.0,39.0,13.0,5.0
terrads_530c1ee791f4,Zenodo/TerraDS,iac_benchmark/scenarios/terrads_530c1ee791f4,True,True,0,0,0,0,0,,,,,510.0,3255.0,18.0,27.0,5.0
terrads_025f504d9bfe,Zenodo/TerraDS,iac_benchmark/scenarios/terrads_025f504d9bfe,True,True,0,0,0,0,0,,,,,621.0,4753.0,37.0,6.0,5.0
terrads_ecadcae1e5e4,Zenodo/TerraDS,iac_benchmark/scenarios/terrads_ecadcae1e5e4,True,True,0,0,0,0,0,,,,,934.0,6433.0,21.0,45.0,5.0
terrads_bb36e6675f4b,Zenodo/TerraDS,iac_benchmark/scenarios/terrads_bb36e6675f4b,True,True,0,0,0,0,0,,,,,631.0,4508.0,15.0,36.0,5.0
terrads_f64ab088279e,Zenodo/TerraDS,iac_benchmark/scenarios/terrads_f64ab088279e,True,True,0,0,0,0,0,,,,,439.0,3073.0,12.0,7.0,5.0
terrads_184d9b4b60c0,Zenodo/TerraDS,iac_benchmark/scenarios/terrads_184d9b4b60c0,True,True,0,0,0,0,0,,,,,494.0,3640.0,15.0,0.0,5.0
terrads_ffdaf992df61,Zenodo/TerraDS,iac_benchmark/scenarios/terrads_ffdaf992df61,True,True,0,0,0,0,0,,,,,516.0,4225.0,12.0,22.0,5.0
terrads_0362e533a870,Zenodo/TerraDS,iac_benchmark/scenarios/terrads_0362e533a870,True,True,0,0,0,0,0,,,,,420.0,3207.0,15.0,21.0,5.0
terrads_740ec9e1f14d,Zenodo/TerraDS,iac_benchmark/scenarios/terrads_740ec9e1f14d,True,True,0,0,0,0,0,,,,,865.0,6690.0,41.0,16.0,5.0
terrads_ac1d47def835,Zenodo/TerraDS,iac_benchmark/scenarios/terrads_ac1d47def835,True,True,0,0,0,0,0,,,,,897.0,5819.0,31.0,18.0,5.0
terrads_edf2e6164dc7,Zenodo/TerraDS,iac_benchmark/scenarios/terrads_edf2e6164dc7,True,True,0,0,0,0,0,,,,,600.0,4400.0,31.0,20.0,5.0
terrads_a93153f0cc55,Zenodo/TerraDS,iac_benchmark/scenarios/terrads_a93153f0cc55,True,True,0,0,0,0,0,,,,,540.0,3525.0,25.0,16.0,5.0
terrads_bdc552364ba3,Zenodo/TerraDS,iac_benchmark/scenarios/terrads_bdc552364ba3,True,True,0,0,0,0,0,,,,,465.0,3165.0,27.0,13.0,5.0
terrads_a5e59b1a5dbb,Zenodo/TerraDS,iac_benchmark/scenarios/terrads_a5e59b1a5dbb,True,True,0,0,0,0,0,,,,,636.0,4378.0,36.0,38.0,5.0
terrads_d41352a2de85,Zenodo/TerraDS,iac_benchmark/scenarios/terrads_d41352a2de85,True,True,0,0,0,0,0,,,,,479.0,2735.0,31.0,1.0,5.0
terrads_27a7db77abe1,Zenodo/TerraDS,iac_benchmark/scenarios/terrads_27a7db77abe1,True,True,0,0,0,0,0,,,,,422.0,2463.0,17.0,11.0,5.0
terrads_ce7ed34bd24a,Zenodo/TerraDS,iac_benchmark/scenarios/terrads_ce7ed34bd24a,True,True,0,0,0,0,0,,,,,420.0,2841.0,26.0,9.0,5.0
terrads_f688ef8cc3c3,Zenodo/TerraDS,iac_benchmark/scenarios/terrads_f688ef8cc3c3,True,True,0,0,0,0,0,,,,,673.0,4240.0,35.0,6.0,5.0
terrads_d65c2d57e544,Zenodo/TerraDS,iac_benchmark/scenarios/terrads_d65c2d57e544,True,True,0,0,0,0,0,,,,,432.0,2998.0,22.0,15.0,5.0
terrads_68e4a40101de,Zenodo/TerraDS,iac_benchmark/scenarios/terrads_68e4a40101de,True,True,0,0,0,0,0,,,,,504.0,4603.0,20.0,5.0,5.0
terrads_4bff008296cc,Zenodo/TerraDS,iac_benchmark/scenarios/terrads_4bff008296cc,True,True,0,0,0,0,0,,,,,408.0,2523.0,15.0,17.0,5.0
terrads_bce4cb888df8,Zenodo/TerraDS,iac_benchmark/scenarios/terrads_bce4cb888df8,True,True,0,0,0,0,0,,,,,518.0,3226.0,18.0,16.0,5.0
terrads_98cd8983b9b4,Zenodo/TerraDS,iac_benchmark/scenarios/terrads_98cd8983b9b4,True,True,0,0,0,0,0,,,,,622.0,4140.0,32.0,27.0,5.0
terrads_0e6b23146fee,Zenodo/TerraDS,iac_benchmark/scenarios/terrads_0e6b23146fee,True,True,0,0,0,0,0,,,,,490.0,3319.0,16.0,2.0,5.0
terrads_83828427334e,Zenodo/TerraDS,iac_benchmark/scenarios/terrads_83828427334e,True,True,0,0,0,0,0,,,,,433.0,3165.0,13.0,15.0,5.0
terrads_19dd08358270,Zenodo/TerraDS,iac_benchmark/scenarios/terrads_19dd08358270,True,True,0,0,0,0,0,,,,,404.0,2719.0,22.0,19.0,5.0
terrads_cddfda626be0,Zenodo/TerraDS,iac_benchmark/scenarios/terrads_cddfda626be0,True,True,0,0,0,0,0,,,,,586.0,4105.0,35.0,14.0,5.0
terrads_10e7eabf9ffb,Zenodo/TerraDS,iac_benchmark/scenarios/terrads_10e7eabf9ffb,True,True,0,0,0,0,0,,,,,879.0,4968.0,41.0,10.0,5.0
terrads_1505ba6e42dc,Zenodo/TerraDS,iac_benchmark/scenarios/terrads_1505ba6e42dc,True,True,0,0,0,0,0,,,,,432.0,2673.0,28.0,0.0,5.0
terrads_0677087e5db7,Zenodo/TerraDS,iac_benchmark/scenarios/terrads_0677087e5db7,True,True,0,0,0,0,0,,,,,566.0,3984.0,22.0,13.0,5.0
terrads_8eb7afaba668,Zenodo/TerraDS,iac_benchmark/scenarios/terrads_8eb7afaba668,True,True,0,0,0,0,0,,,,,638.0,5017.0,27.0,11.0,5.0
terrads_c7d525769f7f,Zenodo/TerraDS,iac_benchmark/scenarios/terrads_c7d525769f7f,True,True,0,0,0,0,0,,,,,1055.0,6478.0,40.0,9.0,5.0
terrads_19b98b9b18ee,Zenodo/TerraDS,iac_benchmark/scenarios/terrads_19b98b9b18ee,True,True,0,0,0,0,0,,,,,700.0,4983.0,48.0,9.0,5.0
terrads_f7cc592cb63f,Zenodo/TerraDS,iac_benchmark/scenarios/terrads_f7cc592cb63f,True,True,0,0,0,0,0,,,,,540.0,3525.0,25.0,16.0,5.0
terrads_63beaa92e042,Zenodo/TerraDS,iac_benchmark/scenarios/terrads_63beaa92e042,True,True,0,0,0,0,0,,,,,668.0,3993.0,31.0,7.0,5.0
terrads_337119dcd409,Zenodo/TerraDS,iac_benchmark/scenarios/terrads_337119dcd409,True,True,0,0,0,0,0,,,,,728.0,4893.0,25.0,1.0,5.0
terrads_317f951d5d7b,Zenodo/TerraDS,iac_benchmark/scenarios/terrads_317f951d5d7b,True,True,0,0,0,0,0,,,,,559.0,4126.0,25.0,0.0,5.0
terrads_1ae9eee25ff2,Zenodo/TerraDS,iac_benchmark/scenarios/terrads_1ae9eee25ff2,True,True,0,0,0,0,0,,,,,864.0,7002.0,36.0,2.0,5.0
terrads_2a111396d4e8,Zenodo/TerraDS,iac_benchmark/scenarios/terrads_2a111396d4e8,True,True,0,0,0,0,0,,,,,499.0,3434.0,16.0,1.0,5.0
terrads_4c606177b457,Zenodo/TerraDS,iac_benchmark/scenarios/terrads_4c606177b457,True,True,0,0,0,0,0,,,,,817.0,5308.0,25.0,61.0,5.0
terrads_0b94cfa3edf0,Zenodo/TerraDS,iac_benchmark/scenarios/terrads_0b94cfa3edf0,True,True,0,0,0,0,0,,,,,407.0,2618.0,16.0,6.0,5.0
terrads_b05e09b4fc1c,Zenodo/TerraDS,iac_benchmark/scenarios/terrads_b05e09b4fc1c,True,True,0,0,0,0,0,,,,,524.0,3884.0,12.0,22.0,5.0
terrads_3948b5470bf3,Zenodo/TerraDS,iac_benchmark/scenarios/terrads_3948b5470bf3,True,True,0,0,0,0,0,,,,,436.0,2984.0,24.0,12.0,5.0
terrads_deb0a8666da5,Zenodo/TerraDS,iac_benchmark/scenarios/terrads_deb0a8666da5,True,True,0,0,0,0,0,,,,,501.0,3700.0,39.0,24.0,5.0
terrads_e255226a5fe1,Zenodo/TerraDS,iac_benchmark/scenarios/terrads_e255226a5fe1,True,True,0,0,0,0,0,,,,,732.0,4903.0,25.0,1.0,5.0
terrads_1656567952d8,Zenodo/TerraDS,iac_benchmark/scenarios/terrads_1656567952d8,True,True,0,0,0,0,0,,,,,647.0,4335.0,27.0,13.0,5.0
terrads_bd7026d4dcf5,Zenodo/TerraDS,iac_benchmark/scenarios/terrads_bd7026d4dcf5,True,True,0,0,0,0,0,,,,,408.0,2059.0,13.0,17.0,5.0
terrads_59908a17e49a,Zenodo/TerraDS,iac_benchmark/scenarios/terrads_59908a17e49a,True,True,0,0,0,0,0,,,,,419.0,2827.0,35.0,10.0,5.0
terrads_0cd11e206d73,Zenodo/TerraDS,iac_benchmark/scenarios/terrads_0cd11e206d73,True,True,0,0,0,0,0,,,,,432.0,2673.0,28.0,0.0,5.0
terrads_5df8fc1e10e7,Zenodo/TerraDS,iac_benchmark/scenarios/terrads_5df8fc1e10e7,True,True,0,0,0,0,0,,,,,533.0,3693.0,19.0,17.0,5.0
terrads_b2af168982ee,Zenodo/TerraDS,iac_benchmark/scenarios/terrads_b2af168982ee,True,True,0,0,0,0,0,,,,,516.0,3284.0,19.0,8.0,5.0
terrads_863130f0fab0,Zenodo/TerraDS,iac_benchmark/scenarios/terrads_863130f0fab0,True,True,0,0,0,0,0,,,,,577.0,3893.0,17.0,18.0,5.0
terrads_d69f2ec010fd,Zenodo/TerraDS,iac_benchmark/scenarios/terrads_d69f2ec010fd,True,True,0,0,0,0,0,,,,,422.0,2463.0,17.0,11.0,5.0
terrads_30448589f9bd,Zenodo/TerraDS,iac_benchmark/scenarios/terrads_30448589f9bd,True,True,0,0,0,0,0,,,,,1098.0,7386.0,38.0,39.0,5.0
terrads_cc8b3d7c6bff,Zenodo/TerraDS,iac_benchmark/scenarios/terrads_cc8b3d7c6bff,True,True,0,0,0,0,0,,,,,441.0,2701.0,28.0,0.0,5.0
terrads_2878a523aec8,Zenodo/TerraDS,iac_benchmark/scenarios/terrads_2878a523aec8,True,True,0,0,0,0,0,,,,,541.0,3714.0,16.0,5.0,5.0
terrads_ee0a46c110af,Zenodo/TerraDS,iac_benchmark/scenarios/terrads_ee0a46c110af,True,True,0,0,0,0,0,,,,,680.0,5104.0,39.0,13.0,5.0
terrads_8ab2ff44d279,Zenodo/TerraDS,iac_benchmark/scenarios/terrads_8ab2ff44d279,True,True,0,0,0,0,0,,,,,732.0,4903.0,25.0,1.0,5.0
terrads_5ed01fa73ba0,Zenodo/TerraDS,iac_benchmark/scenarios/terrads_5ed01fa73ba0,True,True,0,0,0,0,0,,,,,441.0,2876.0,19.0,2.0,5.0
terrads_52458cdc2443,Zenodo/TerraDS,iac_benchmark/scenarios/terrads_52458cdc2443,True,True,0,0,0,0,0,,,,,864.0,7270.0,12.0,78.0,5.0
terrads_c5f296f6441a,Zenodo/TerraDS,iac_benchmark/scenarios/terrads_c5f296f6441a,True,True,0,0,0,0,0,,,,,630.0,4042.0,14.0,18.0,5.0
terrads_1d05c2046acc,Zenodo/TerraDS,iac_benchmark/scenarios/terrads_1d05c2046acc,True,True,0,0,0,0,0,,,,,746.0,6044.0,36.0,27.0,5.0
terrads_016be083d2d2,Zenodo/TerraDS,iac_benchmark/scenarios/terrads_016be083d2d2,True,True,0,0,0,0,0,,,,,563.0,4783.0,37.0,8.0,5.0
terrads_4f299f19fb5f,Zenodo/TerraDS,iac_benchmark/scenarios/terrads_4f299f19fb5f,True,True,0,0,0,0,0,,,,,729.0,4903.0,25.0,1.0,5.0
terrads_6c1c1fa57ba5,Zenodo/TerraDS,iac_benchmark/scenarios/terrads_6c1c1fa57ba5,True,True,0,0,0,0,0,,,,,579.0,3791.0,15.0,20.0,5.0
terrads_110b9bb88920,Zenodo/TerraDS,iac_benchmark/scenarios/terrads_110b9bb88920,True,True,0,0,0,0,0,,,,,437.0,3437.0,27.0,13.0,5.0
terrads_8ee681044cd6,Zenodo/TerraDS,iac_benchmark/scenarios/terrads_8ee681044cd6,True,True,0,0,0,0,0,,,,,453.0,3191.0,28.0,2.0,5.0
terrads_6f68c9de1b1b,Zenodo/TerraDS,iac_benchmark/scenarios/terrads_6f68c9de1b1b,True,True,0,0,0,0,0,,,,,518.0,3467.0,31.0,0.0,5.0
terrads_29ce5ccaeb14,Zenodo/TerraDS,iac_benchmark/scenarios/terrads_29ce5ccaeb14,True,True,0,0,0,0,0,,,,,415.0,2560.0,12.0,12.0,5.0
terrads_df88f48bb4f8,Zenodo/TerraDS,iac_benchmark/scenarios/terrads_df88f48bb4f8,True,True,0,0,0,0,0,,,,,915.0,6432.0,37.0,49.0,5.0
terrads_e9c646b19a1f,Zenodo/TerraDS,iac_benchmark/scenarios/terrads_e9c646b19a1f,True,True,0,0,0,0,0,,,,,711.0,5278.0,38.0,6.0,5.0
terrads_46128321df65,Zenodo/TerraDS,iac_benchmark/scenarios/terrads_46128321df65,True,True,0,0,0,0,0,,,,,803.0,6863.0,32.0,1.0,5.0
terrads_8fe631644560,Zenodo/TerraDS,iac_benchmark/scenarios/terrads_8fe631644560,True,True,0,0,0,0,0,,,,,423.0,3018.0,23.0,7.0,5.0
terrads_f17a214c93e5,Zenodo/TerraDS,iac_benchmark/scenarios/terrads_f17a214c93e5,True,True,0,0,0,0,0,,,,,418.0,2972.0,27.0,5.0,5.0
terrads_ca10bff69fb2,Zenodo/TerraDS,iac_benchmark/scenarios/terrads_ca10bff69fb2,True,True,0,0,0,0,0,,,,,934.0,6439.0,51.0,36.0,5.0
terrads_3c7729ba7bbd,Zenodo/TerraDS,iac_benchmark/scenarios/terrads_3c7729ba7bbd,True,True,0,0,0,0,0,,,,,456.0,3087.0,33.0,0.0,5.0
terrads_f1d438129f4a,Zenodo/TerraDS,iac_benchmark/scenarios/terrads_f1d438129f4a,True,True,0,0,0,0,0,,,,,1143.0,7966.0,35.0,27.0,5.0
terrads_e55d5d0d016a,Zenodo/TerraDS,iac_benchmark/scenarios/terrads_e55d5d0d016a,True,True,0,0,0,0,0,,,,,565.0,4121.0,15.0,34.0,5.0
terrads_71bad637a559,Zenodo/TerraDS,iac_benchmark/scenarios/terrads_71bad637a559,True,True,0,0,0,0,0,,,,,415.0,3730.0,16.0,11.0,5.0
terrads_fb9bbc3841f2,Zenodo/TerraDS,iac_benchmark/scenarios/terrads_fb9bbc3841f2,True,True,0,0,0,0,0,,,,,541.0,3526.0,24.0,16.0,5.0
terrads_319342595c31,Zenodo/TerraDS,iac_benchmark/scenarios/terrads_319342595c31,True,True,0,0,0,0,0,,,,,902.0,6838.0,18.0,50.0,5.0
terrads_9914c620a6f8,Zenodo/TerraDS,iac_benchmark/scenarios/terrads_9914c620a6f8,True,True,0,0,0,0,0,,,,,739.0,5004.0,26.0,1.0,5.0
terrads_7bc7eb296917,Zenodo/TerraDS,iac_benchmark/scenarios/terrads_7bc7eb296917,True,True,0,0,0,0,0,,,,,541.0,4047.0,32.0,18.0,5.0
terrads_6961beac3788,Zenodo/TerraDS,iac_benchmark/scenarios/terrads_6961beac3788,True,True,0,0,0,0,0,,,,,745.0,5534.0,66.0,2.0,5.0
terrads_98eb27a2e898,Zenodo/TerraDS,iac_benchmark/scenarios/terrads_98eb27a2e898,True,True,0,0,0,0,0,,,,,450.0,3582.0,12.0,11.0,5.0
terrads_add40094f366,Zenodo/TerraDS,iac_benchmark/scenarios/terrads_add40094f366,True,True,0,0,0,0,0,,,,,742.0,5019.0,26.0,1.0,5.0
terrads_a2b854e0f2ea,Zenodo/TerraDS,iac_benchmark/scenarios/terrads_a2b854e0f2ea,True,True,0,0,0,0,0,,,,,561.0,3559.0,32.0,10.0,5.0
terrads_b0af9694aacd,Zenodo/TerraDS,iac_benchmark/scenarios/terrads_b0af9694aacd,True,True,0,0,0,0,0,,,,,471.0,3394.0,16.0,32.0,5.0
gh_8274a7ec,Tianyi2/IRIS,iac_benchmark/scenarios/gh_8274a7ec,True,True,0,0,0,0,0,,,,,463.0,3540.0,20.0,18.0,5.0
terrads_c6dc681e5814,Zenodo/TerraDS,iac_benchmark/scenarios/terrads_c6dc681e5814,True,True,0,0,0,0,0,,,,,541.0,3526.0,24.0,16.0,5.0
terrads_e16a4c4a9d6a,Zenodo/TerraDS,iac_benchmark/scenarios/terrads_e16a4c4a9d6a,True,True,0,0,0,0,0,,,,,453.0,3534.0,25.0,6.0,5.0
terrads_d50f40e41af8,Zenodo/TerraDS,iac_benchmark/scenarios/terrads_d50f40e41af8,True,True,0,0,0,0,0,,,,,923.0,6085.0,46.0,24.0,5.0
terrads_f1ea1e939270,Zenodo/TerraDS,iac_benchmark/scenarios/terrads_f1ea1e939270,True,True,0,0,0,0,0,,,,,406.0,2697.0,23.0,8.0,5.0
terrads_9f12fa53ba68,Zenodo/TerraDS,iac_benchmark/scenarios/terrads_9f12fa53ba68,True,True,0,0,0,0,0,,,,,778.0,5700.0,47.0,15.0,5.0
terrads_40644a7ad8bc,Zenodo/TerraDS,iac_benchmark/scenarios/terrads_40644a7ad8bc,True,True,0,0,0,0,0,,,,,507.0,3591.0,20.0,0.0,5.0
terrads_7ec83a369e5e,Zenodo/TerraDS,iac_benchmark/scenarios/terrads_7ec83a369e5e,True,True,0,0,0,0,0,,,,,1091.0,7608.0,29.0,17.0,5.0
terrads_6080c37cc3b7,Zenodo/TerraDS,iac_benchmark/scenarios/terrads_6080c37cc3b7,True,True,0,0,0,0,0,,,,,734.0,4903.0,25.0,1.0,5.0
terrads_de89b8054d65,Zenodo/TerraDS,iac_benchmark/scenarios/terrads_de89b8054d65,True,True,0,0,0,0,0,,,,,903.0,6231.0,44.0,14.0,5.0
terrads_a3b457d913cb,Zenodo/TerraDS,iac_benchmark/scenarios/terrads_a3b457d913cb,True,True,0,0,0,0,0,,,,,576.0,4769.0,35.0,3.0,5.0
terrads_c213ad9402cb,Zenodo/TerraDS,iac_benchmark/scenarios/terrads_c213ad9402cb,True,True,0,0,0,0,0,,,,,616.0,4641.0,25.0,17.0,5.0
terrads_ff19b3d58f99,Zenodo/TerraDS,iac_benchmark/scenarios/terrads_ff19b3d58f99,True,True,0,0,0,0,0,,,,,452.0,3046.0,28.0,2.0,5.0
terrads_7d712763fd8f,Zenodo/TerraDS,iac_benchmark/scenarios/terrads_7d712763fd8f,True,True,0,0,0,0,0,,,,,471.0,2712.0,15.0,34.0,5.0
terrads_a9852a03ac97,Zenodo/TerraDS,iac_benchmark/scenarios/terrads_a9852a03ac97,True,True,0,0,0,0,0,,,,,730.0,4903.0,25.0,1.0,5.0
terrads_d0f9d465af69,Zenodo/TerraDS,iac_benchmark/scenarios/terrads_d0f9d465af69,True,True,0,0,0,0,0,,,,,414.0,3158.0,13.0,6.0,5.0
terrads_0aff4b6d2295,Zenodo/TerraDS,iac_benchmark/scenarios/terrads_0aff4b6d2295,True,True,0,0,0,0,0,,,,,450.0,2928.0,16.0,18.0,5.0
terrads_443d8adef070,Zenodo/TerraDS,iac_benchmark/scenarios/terrads_443d8adef070,True,True,0,0,0,0,0,,,,,839.0,6068.0,16.0,26.0,5.0
terrads_a7bceb6fe2c8,Zenodo/TerraDS,iac_benchmark/scenarios/terrads_a7bceb6fe2c8,True,True,0,0,0,0,0,,,,,422.0,2800.0,18.0,5.0,5.0
terrads_925ce874b7ce,Zenodo/TerraDS,iac_benchmark/scenarios/terrads_925ce874b7ce,True,True,0,0,0,0,0,,,,,649.0,4340.0,62.0,62.0,5.0
terrads_7da88a23aad2,Zenodo/TerraDS,iac_benchmark/scenarios/terrads_7da88a23aad2,True,True,0,0,0,0,0,,,,,458.0,3853.0,14.0,17.0,5.0
terrads_44a4a8a47619,Zenodo/TerraDS,iac_benchmark/scenarios/terrads_44a4a8a47619,True,True,0,0,0,0,0,,,,,507.0,3338.0,20.0,15.0,5.0
terrads_7bc5ca5f2e83,Zenodo/TerraDS,iac_benchmark/scenarios/terrads_7bc5ca5f2e83,True,True,0,0,0,0,0,,,,,412.0,3167.0,18.0,7.0,5.0
terrads_63c9b3b8ccad,Zenodo/TerraDS,iac_benchmark/scenarios/terrads_63c9b3b8ccad,True,True,0,0,0,0,0,,,,,533.0,3561.0,22.0,12.0,5.0
terrads_f9cf309e9093,Zenodo/TerraDS,iac_benchmark/scenarios/terrads_f9cf309e9093,True,True,0,0,0,0,0,,,,,1126.0,7350.0,40.0,28.0,5.0
terrads_00e58d109dbe,Zenodo/TerraDS,iac_benchmark/scenarios/terrads_00e58d109dbe,True,True,0,0,0,0,0,,,,,442.0,2608.0,20.0,16.0,5.0
terrads_32277a88d3a6,Zenodo/TerraDS,iac_benchmark/scenarios/terrads_32277a88d3a6,True,True,0,0,0,0,0,,,,,1203.0,7346.0,53.0,13.0,5.0
terrads_e7a17a366f5d,Zenodo/TerraDS,iac_benchmark/scenarios/terrads_e7a17a366f5d,True,True,0,0,0,0,0,,,,,882.0,5914.0,31.0,31.0,5.0
terrads_0d995134fc1c,Zenodo/TerraDS,iac_benchmark/scenarios/terrads_0d995134fc1c,True,True,0,0,0,0,0,,,,,554.0,4727.0,20.0,9.0,5.0
terrads_64672a4aa25b,Zenodo/TerraDS,iac_benchmark/scenarios/terrads_64672a4aa25b,True,True,0,0,0,0,0,,,,,422.0,2463.0,17.0,11.0,5.0
terrads_5bccdf5afbbf,Zenodo/TerraDS,iac_benchmark/scenarios/terrads_5bccdf5afbbf,True,True,0,0,0,0,0,,,,,899.0,6465.0,46.0,0.0,5.0
terrads_9ff27c835d03,Zenodo/TerraDS,iac_benchmark/scenarios/terrads_9ff27c835d03,True,True,0,0,0,0,0,,,,,415.0,2906.0,18.0,13.0,5.0
terrads_f614a79f9787,Zenodo/TerraDS,iac_benchmark/scenarios/terrads_f614a79f9787,True,True,0,0,0,0,0,,,,,478.0,3038.0,13.0,9.0,5.0
terrads_a31c88e64f33,Zenodo/TerraDS,iac_benchmark/scenarios/terrads_a31c88e64f33,True,True,0,0,0,0,0,,,,,1042.0,6615.0,21.0,32.0,5.0
terrads_339928199f51,Zenodo/TerraDS,iac_benchmark/scenarios/terrads_339928199f51,True,True,0,0,0,0,0,,,,,630.0,5002.0,12.0,32.0,5.0
terrads_6cdfc816827e,Zenodo/TerraDS,iac_benchmark/scenarios/terrads_6cdfc816827e,True,True,0,0,0,0,0,,,,,448.0,3055.0,27.0,9.0,5.0
gh_3fb5cfd1,Tianyi2/IRIS,iac_benchmark/scenarios/gh_3fb5cfd1,True,True,0,0,0,0,0,,,,,713.0,6844.0,16.0,18.0,5.0
terrads_a2184ee785b3,Zenodo/TerraDS,iac_benchmark/scenarios/terrads_a2184ee785b3,True,True,0,0,0,0,0,,,,,471.0,2944.0,36.0,0.0,5.0
terrads_78487354078e,Zenodo/TerraDS,iac_benchmark/scenarios/terrads_78487354078e,True,True,0,0,0,0,0,,,,,986.0,6944.0,20.0,10.0,5.0
terrads_b01afa86f0de,Zenodo/TerraDS,iac_benchmark/scenarios/terrads_b01afa86f0de,True,True,0,0,0,0,0,,,,,732.0,5437.0,26.0,29.0,5.0
gh_5194cf17,Tianyi2/IRIS,iac_benchmark/scenarios/gh_5194cf17,True,True,0,0,0,0,0,,,,,485.0,2941.0,18.0,14.0,5.0
terrads_171722bc2178,Zenodo/TerraDS,iac_benchmark/scenarios/terrads_171722bc2178,True,True,0,0,0,0,0,,,,,492.0,3345.0,12.0,29.0,5.0
terrads_51f677d71f20,Zenodo/TerraDS,iac_benchmark/scenarios/terrads_51f677d71f20,True,True,0,0,0,0,0,,,,,588.0,4228.0,28.0,0.0,5.0
terrads_1ca5096a4009,Zenodo/TerraDS,iac_benchmark/scenarios/terrads_1ca5096a4009,True,True,0,0,0,0,0,,,,,654.0,4403.0,27.0,3.0,5.0
terrads_212f3d0c0c6d,Zenodo/TerraDS,iac_benchmark/scenarios/terrads_212f3d0c0c6d,True,True,0,0,0,0,0,,,,,486.0,3434.0,40.0,3.0,5.0
terrads_fa50ab5fdcd2,Zenodo/TerraDS,iac_benchmark/scenarios/terrads_fa50ab5fdcd2,True,True,0,0,0,0,0,,,,,739.0,5004.0,26.0,1.0,5.0
terrads_6712a499302a,Zenodo/TerraDS,iac_benchmark/scenarios/terrads_6712a499302a,True,True,0,0,0,0,0,,,,,636.0,4098.0,13.0,39.0,5.0
terrads_aafd8c17de16,Zenodo/TerraDS,iac_benchmark/scenarios/terrads_aafd8c17de16,True,True,0,0,0,0,0,,,,,1054.0,7698.0,21.0,16.0,5.0
terrads_7eaec01cecdd,Zenodo/TerraDS,iac_benchmark/scenarios/terrads_7eaec01cecdd,True,True,0,0,0,0,0,,,,,414.0,2813.0,21.0,18.0,5.0
terrads_a5c6537ee3ac,Zenodo/TerraDS,iac_benchmark/scenarios/terrads_a5c6537ee3ac,True,True,0,0,0,0,0,,,,,636.0,4342.0,38.0,9.0,5.0
terrads_3306b80046ec,Zenodo/TerraDS,iac_benchmark/scenarios/terrads_3306b80046ec,True,True,0,0,0,0,0,,,,,400.0,2582.0,12.0,17.0,5.0
terrads_2d7ff55aec60,Zenodo/TerraDS,iac_benchmark/scenarios/terrads_2d7ff55aec60,True,True,0,0,0,0,0,,,,,513.0,3640.0,29.0,6.0,5.0
terrads_d02d15c4f0b8,Zenodo/TerraDS,iac_benchmark/scenarios/terrads_d02d15c4f0b8,True,True,0,0,0,0,0,,,,,731.0,4903.0,25.0,1.0,5.0
terrads_244cf22fddf3,Zenodo/TerraDS,iac_benchmark/scenarios/terrads_244cf22fddf3,True,True,0,0,0,0,0,,,,,729.0,4903.0,25.0,1.0,5.0
terrads_4037c2fdd5e2,Zenodo/TerraDS,iac_benchmark/scenarios/terrads_4037c2fdd5e2,True,True,0,0,0,0,0,,,,,731.0,4903.0,25.0,1.0,5.0
terrads_db297afe4bb2,Zenodo/TerraDS,iac_benchmark/scenarios/terrads_db297afe4bb2,True,True,0,0,0,0,0,,,,,471.0,2712.0,15.0,34.0,5.0
terrads_79049b0ca6da,Zenodo/TerraDS,iac_benchmark/scenarios/terrads_79049b0ca6da,True,True,0,0,0,0,0,,,,,456.0,3087.0,33.0,0.0,5.0
terrads_142a6a0df066,Zenodo/TerraDS,iac_benchmark/scenarios/terrads_142a6a0df066,True,True,0,0,0,0,0,,,,,440.0,2671.0,18.0,13.0,5.0
terrads_facc4d278881,Zenodo/TerraDS,iac_benchmark/scenarios/terrads_facc4d278881,True,True,0,0,0,0,0,,,,,541.0,3526.0,24.0,16.0,5.0
terrads_04888fed2cb9,Zenodo/TerraDS,iac_benchmark/scenarios/terrads_04888fed2cb9,True,True,0,0,0,0,0,,,,,430.0,3301.0,29.0,0.0,5.0
terrads_80d44c2f88a1,Zenodo/TerraDS,iac_benchmark/scenarios/terrads_80d44c2f88a1,True,True,0,0,0,0,0,,,,,464.0,2894.0,13.0,15.0,5.0
terrads_46391ecb4f8d,Zenodo/TerraDS,iac_benchmark/scenarios/terrads_46391ecb4f8d,True,True,0,0,0,0,0,,,,,739.0,5004.0,26.0,1.0,5.0
terrads_fa8a7b50996b,Zenodo/TerraDS,iac_benchmark/scenarios/terrads_fa8a7b50996b,True,True,0,0,0,0,0,,,,,817.0,4941.0,14.0,35.0,5.0
terrads_9fd1b5014481,Zenodo/TerraDS,iac_benchmark/scenarios/terrads_9fd1b5014481,True,True,0,0,0,0,0,,,,,414.0,3534.0,12.0,22.0,5.0
terrads_f4cb94027f01,Zenodo/TerraDS,iac_benchmark/scenarios/terrads_f4cb94027f01,True,True,0,0,0,0,0,,,,,471.0,2944.0,36.0,0.0,5.0
terrads_b654d5f0aa0f,Zenodo/TerraDS,iac_benchmark/scenarios/terrads_b654d5f0aa0f,True,True,0,0,0,0,0,,,,,420.0,2517.0,14.0,10.0,5.0
terrads_483c2c801dea,Zenodo/TerraDS,iac_benchmark/scenarios/terrads_483c2c801dea,True,True,0,0,0,0,0,,,,,531.0,4107.0,16.0,9.0,5.0
terrads_967b1752877e,Zenodo/TerraDS,iac_benchmark/scenarios/terrads_967b1752877e,True,True,0,0,0,0,0,,,,,752.0,5603.0,36.0,12.0,5.0
terrads_137b3e593357,Zenodo/TerraDS,iac_benchmark/scenarios/terrads_137b3e593357,True,True,0,0,0,0,0,,,,,671.0,4303.0,29.0,22.0,5.0
terrads_419e0e37caea,Zenodo/TerraDS,iac_benchmark/scenarios/terrads_419e0e37caea,True,True,0,0,0,0,0,,,,,559.0,4079.0,13.0,14.0,5.0
terrads_37b866d8a2b0,Zenodo/TerraDS,iac_benchmark/scenarios/terrads_37b866d8a2b0,True,True,0,0,0,0,0,,,,,720.0,5498.0,20.0,13.0,5.0
terrads_b9ccacd4575f,Zenodo/TerraDS,iac_benchmark/scenarios/terrads_b9ccacd4575f,True,True,0,0,0,0,0,,,,,415.0,3004.0,24.0,0.0,5.0
terrads_5f33ccbef9d9,Zenodo/TerraDS,iac_benchmark/scenarios/terrads_5f33ccbef9d9,True,True,0,0,0,0,0,,,,,682.0,5603.0,18.0,12.0,5.0
terrads_8e10ba5c42ab,Zenodo/TerraDS,iac_benchmark/scenarios/terrads_8e10ba5c42ab,True,True,0,0,0,0,0,,,,,405.0,2057.0,13.0,17.0,5.0
terrads_c2f41881c45c,Zenodo/TerraDS,iac_benchmark/scenarios/terrads_c2f41881c45c,True,True,0,0,0,0,0,,,,,872.0,6502.0,44.0,27.0,5.0
terrads_a033117984c7,Zenodo/TerraDS,iac_benchmark/scenarios/terrads_a033117984c7,True,True,0,0,0,0,0,,,,,539.0,3691.0,20.0,0.0,5.0
terrads_5b6a8fbf9e2b,Zenodo/TerraDS,iac_benchmark/scenarios/terrads_5b6a8fbf9e2b,True,True,0,0,0,0,0,,,,,541.0,3526.0,24.0,16.0,5.0
terrads_1ff58069d479,Zenodo/TerraDS,iac_benchmark/scenarios/terrads_1ff58069d479,True,True,0,0,0,0,0,,,,,1295.0,7895.0,42.0,8.0,5.0
terrads_31908e65d07e,Zenodo/TerraDS,iac_benchmark/scenarios/terrads_31908e65d07e,True,True,0,0,0,0,0,,,,,448.0,3162.0,17.0,0.0,5.0
terrads_b49ed8406f85,Zenodo/TerraDS,iac_benchmark/scenarios/terrads_b49ed8406f85,True,True,0,0,0,0,0,,,,,420.0,3552.0,31.0,0.0,5.0
terrads_d6d2c459c236,Zenodo/TerraDS,iac_benchmark/scenarios/terrads_d6d2c459c236,True,True,0,0,0,0,0,,,,,473.0,3172.0,33.0,0.0,5.0
terrads_10e1be1d9766,Zenodo/TerraDS,iac_benchmark/scenarios/terrads_10e1be1d9766,True,True,0,0,0,0,0,,,,,661.0,4853.0,30.0,11.0,5.0
terrads_bd7bc4182c98,Zenodo/TerraDS,iac_benchmark/scenarios/terrads_bd7bc4182c98,True,True,0,0,0,0,0,,,,,463.0,2831.0,16.0,14.0,5.0
terrads_911148d18f7f,Zenodo/TerraDS,iac_benchmark/scenarios/terrads_911148d18f7f,True,True,0,0,0,0,0,,,,,422.0,2463.0,17.0,11.0,5.0
terrads_61853a93968d,Zenodo/TerraDS,iac_benchmark/scenarios/terrads_61853a93968d,True,True,0,0,0,0,0,,,,,402.0,2756.0,27.0,10.0,5.0
terrads_e0de1c11d742,Zenodo/TerraDS,iac_benchmark/scenarios/terrads_e0de1c11d742,True,True,0,0,0,0,0,,,,,571.0,4788.0,28.0,23.0,5.0
terrads_15be6c93f37b,Zenodo/TerraDS,iac_benchmark/scenarios/terrads_15be6c93f37b,True,True,0,0,0,0,0,,,,,708.0,3912.0,22.0,13.0,5.0
terrads_8c671e591547,Zenodo/TerraDS,iac_benchmark/scenarios/terrads_8c671e591547,True,True,0,0,0,0,0,,,,,412.0,2535.0,27.0,0.0,5.0
terrads_50c6e64be8e3,Zenodo/TerraDS,iac_benchmark/scenarios/terrads_50c6e64be8e3,True,True,0,0,0,0,0,,,,,567.0,3878.0,39.0,0.0,5.0
terrads_57d24ca385ce,Zenodo/TerraDS,iac_benchmark/scenarios/terrads_57d24ca385ce,True,True,0,0,0,0,0,,,,,788.0,5803.0,47.0,15.0,5.0
terrads_fbd82379a439,Zenodo/TerraDS,iac_benchmark/scenarios/terrads_fbd82379a439,True,True,0,0,0,0,0,,,,,843.0,5673.0,27.0,18.0,5.0
terrads_67fdb44e6fbf,Zenodo/TerraDS,iac_benchmark/scenarios/terrads_67fdb44e6fbf,True,True,0,0,0,0,0,,,,,411.0,2567.0,14.0,14.0,5.0
terrads_20fa479d451a,Zenodo/TerraDS,iac_benchmark/scenarios/terrads_20fa479d451a,True,True,0,0,0,0,0,,,,,411.0,2886.0,18.0,18.0,5.0
terrads_b8e6f2a016cd,Zenodo/TerraDS,iac_benchmark/scenarios/terrads_b8e6f2a016cd,True,True,0,0,0,0,0,,,,,582.0,3596.0,34.0,25.0,5.0
terrads_ca5f7e989520,Zenodo/TerraDS,iac_benchmark/scenarios/terrads_ca5f7e989520,True,True,0,0,0,0,0,,,,,493.0,3323.0,22.0,7.0,5.0
terrads_febb9ce8f06d,Zenodo/TerraDS,iac_benchmark/scenarios/terrads_febb9ce8f06d,True,True,0,0,0,0,0,,,,,838.0,6322.0,15.0,12.0,5.0
terrads_d45129844b28,Zenodo/TerraDS,iac_benchmark/scenarios/terrads_d45129844b28,True,True,0,0,0,0,0,,,,,547.0,3901.0,17.0,30.0,5.0
terrads_ab4e355a5ded,Zenodo/TerraDS,iac_benchmark/scenarios/terrads_ab4e355a5ded,True,True,0,0,0,0,0,,,,,450.0,2802.0,22.0,9.0,5.0
terrads_f07517fe09cd,Zenodo/TerraDS,iac_benchmark/scenarios/terrads_f07517fe09cd,True,True,0,0,0,0,0,,,,,567.0,4114.0,39.0,4.0,5.0
gh_a5f4d414,Tianyi2/IRIS,iac_benchmark/scenarios/gh_a5f4d414,True,True,0,0,0,0,0,,,,,1171.0,7547.0,46.0,41.0,5.0
terrads_3d997c9195ce,Zenodo/TerraDS,iac_benchmark/scenarios/terrads_3d997c9195ce,True,True,0,0,0,0,0,,,,,437.0,2930.0,18.0,10.0,5.0
terrads_2f4c421d0868,Zenodo/TerraDS,iac_benchmark/scenarios/terrads_2f4c421d0868,True,True,0,0,0,0,0,,,,,807.0,5633.0,17.0,4.0,5.0
terrads_e5e5471edca1,Zenodo/TerraDS,iac_benchmark/scenarios/terrads_e5e5471edca1,True,True,0,0,0,0,0,,,,,725.0,4694.0,32.0,14.0,5.0
terrads_39f2a731b729,Zenodo/TerraDS,iac_benchmark/scenarios/terrads_39f2a731b729,True,True,0,0,0,0,0,,,,,899.0,6465.0,46.0,0.0,5.0
terrads_25c03f141dcc,Zenodo/TerraDS,iac_benchmark/scenarios/terrads_25c03f141dcc,True,True,0,0,0,0,0,,,,,406.0,2722.0,25.0,14.0,5.0
terrads_250222ed26a3,Zenodo/TerraDS,iac_benchmark/scenarios/terrads_250222ed26a3,True,True,0,0,0,0,0,,,,,474.0,3414.0,17.0,1.0,5.0
terrads_f6234d0e34cb,Zenodo/TerraDS,iac_benchmark/scenarios/terrads_f6234d0e34cb,True,True,0,0,0,0,0,,,,,412.0,3528.0,23.0,7.0,5.0
terrads_5d130e172966,Zenodo/TerraDS,iac_benchmark/scenarios/terrads_5d130e172966,True,True,0,0,0,0,0,,,,,457.0,3209.0,26.0,33.0,5.0
gh_7e359611,Tianyi2/IRIS,iac_benchmark/scenarios/gh_7e359611,True,True,0,0,0,0,0,,,,,503.0,3538.0,19.0,25.0,5.0
terrads_08e2c8a6558b,Zenodo/TerraDS,iac_benchmark/scenarios/terrads_08e2c8a6558b,True,True,0,0,0,0,0,,,,,460.0,3273.0,24.0,1.0,5.0
terrads_9ab95c223e38,Zenodo/TerraDS,iac_benchmark/scenarios/terrads_9ab95c223e38,True,True,0,0,0,0,0,,,,,1065.0,6806.0,34.0,39.0,5.0
terrads_0dd2a65ff41d,Zenodo/TerraDS,iac_benchmark/scenarios/terrads_0dd2a65ff41d,True,True,0,0,0,0,0,,,,,851.0,4929.0,29.0,4.0,5.0
terrads_97236bacbc04,Zenodo/TerraDS,iac_benchmark/scenarios/terrads_97236bacbc04,True,True,0,0,0,0,0,,,,,448.0,3021.0,27.0,9.0,5.0
terrads_77fbdd5a9f7d,Zenodo/TerraDS,iac_benchmark/scenarios/terrads_77fbdd5a9f7d,True,True,0,0,0,0,0,,,,,707.0,4700.0,13.0,23.0,5.0
terrads_c7fdcc5fe001,Zenodo/TerraDS,iac_benchmark/scenarios/terrads_c7fdcc5fe001,True,True,0,0,0,0,0,,,,,612.0,4195.0,17.0,14.0,5.0
terrads_bcd3d47bd6ef,Zenodo/TerraDS,iac_benchmark/scenarios/terrads_bcd3d47bd6ef,True,True,0,0,0,0,0,,,,,641.0,3927.0,27.0,19.0,5.0
terrads_aac6541b0961,Zenodo/TerraDS,iac_benchmark/scenarios/terrads_aac6541b0961,True,True,0,0,0,0,0,,,,,518.0,3380.0,26.0,13.0,5.0
terrads_58952d821ee7,Zenodo/TerraDS,iac_benchmark/scenarios/terrads_58952d821ee7,True,True,0,0,0,0,0,,,,,986.0,5629.0,13.0,35.0,5.0
terrads_09dbcd665182,Zenodo/TerraDS,iac_benchmark/scenarios/terrads_09dbcd665182,True,True,0,0,0,0,0,,,,,1121.0,7928.0,21.0,18.0,5.0
terrads_2dda322ee9c7,Zenodo/TerraDS,iac_benchmark/scenarios/terrads_2dda322ee9c7,True,True,0,0,0,0,0,,,,,1145.0,7560.0,66.0,37.0,5.0
terrads_dbe8cf292b93,Zenodo/TerraDS,iac_benchmark/scenarios/terrads_dbe8cf292b93,True,True,0,0,0,0,0,,,,,638.0,5017.0,27.0,11.0,5.0
terrads_d43a8dfa6e60,Zenodo/TerraDS,iac_benchmark/scenarios/terrads_d43a8dfa6e60,True,True,0,0,0,0,0,,,,,565.0,4001.0,25.0,1.0,5.0
terrads_774d88991d52,Zenodo/TerraDS,iac_benchmark/scenarios/terrads_774d88991d52,True,True,0,0,0,0,0,,,,,470.0,3087.0,29.0,10.0,5.0
terrads_656bd29816f6,Zenodo/TerraDS,iac_benchmark/scenarios/terrads_656bd29816f6,True,True,0,0,0,0,0,,,,,839.0,7797.0,15.0,47.0,5.0
terrads_40afb09fcdec,Zenodo/TerraDS,iac_benchmark/scenarios/terrads_40afb09fcdec,True,True,0,0,0,0,0,,,,,639.0,4008.0,33.0,45.0,5.0
terrads_449b59d660c6,Zenodo/TerraDS,iac_benchmark/scenarios/terrads_449b59d660c6,True,True,0,0,0,0,0,,,,,1082.0,7335.0,43.0,36.0,5.0
terrads_177c5c35738d,Zenodo/TerraDS,iac_benchmark/scenarios/terrads_177c5c35738d,True,True,0,0,0,0,0,,,,,571.0,3526.0,21.0,1.0,5.0
terrads_d8bc612be4e0,Zenodo/TerraDS,iac_benchmark/scenarios/terrads_d8bc612be4e0,True,True,0,0,0,0,0,,,,,635.0,4524.0,13.0,49.0,5.0
terrads_6387763a6a75,Zenodo/TerraDS,iac_benchmark/scenarios/terrads_6387763a6a75,True,True,0,0,0,0,0,,,,,807.0,4540.0,24.0,42.0,5.0
terrads_c4b096318eb8,Zenodo/TerraDS,iac_benchmark/scenarios/terrads_c4b096318eb8,True,True,0,0,0,0,0,,,,,403.0,3237.0,27.0,5.0,5.0
terrads_a92b83938390,Zenodo/TerraDS,iac_benchmark/scenarios/terrads_a92b83938390,True,True,0,0,0,0,0,,,,,1147.0,7624.0,49.0,42.0,5.0
terrads_e036017aec7f,Zenodo/TerraDS,iac_benchmark/scenarios/terrads_e036017aec7f,True,True,0,0,0,0,0,,,,,1005.0,5773.0,36.0,1.0,5.0
terrads_4d8a75a300bf,Zenodo/TerraDS,iac_benchmark/scenarios/terrads_4d8a75a300bf,True,True,0,0,0,0,0,,,,,493.0,3238.0,23.0,6.0,5.0
terrads_8578fe9173c1,Zenodo/TerraDS,iac_benchmark/scenarios/terrads_8578fe9173c1,True,True,0,0,0,0,0,,,,,545.0,3654.0,12.0,4.0,5.0
terrads_4a08cfdbd0c7,Zenodo/TerraDS,iac_benchmark/scenarios/terrads_4a08cfdbd0c7,True,True,0,0,0,0,0,,,,,819.0,6085.0,28.0,12.0,5.0
terrads_fbfda01bc885,Zenodo/TerraDS,iac_benchmark/scenarios/terrads_fbfda01bc885,True,True,0,0,0,0,0,,,,,1253.0,7753.0,24.0,1.0,5.0
terrads_0c8bdfa6f422,Zenodo/TerraDS,iac_benchmark/scenarios/terrads_0c8bdfa6f422,True,True,0,0,0,0,0,,,,,539.0,3691.0,20.0,0.0,5.0
terrads_c1a6092a4ca9,Zenodo/TerraDS,iac_benchmark/scenarios/terrads_c1a6092a4ca9,True,True,0,0,0,0,0,,,,,529.0,4629.0,32.0,16.0,5.0
terrads_a11892549c76,Zenodo/TerraDS,iac_benchmark/scenarios/terrads_a11892549c76,True,True,0,0,0,0,0,,,,,541.0,3476.0,32.0,1.0,5.0
terrads_0b1b33deb031,Zenodo/TerraDS,iac_benchmark/scenarios/terrads_0b1b33deb031,True,True,0,0,0,0,0,,,,,492.0,2695.0,15.0,31.0,5.0
terrads_e18ab6992a2f,Zenodo/TerraDS,iac_benchmark/scenarios/terrads_e18ab6992a2f,True,True,0,0,0,0,0,,,,,1084.0,7376.0,51.0,31.0,5.0
terrads_bbcc4785f2bc,Zenodo/TerraDS,iac_benchmark/scenarios/terrads_bbcc4785f2bc,True,True,0,0,0,0,0,,,,,728.0,5678.0,27.0,16.0,5.0
terrads_c0a26f8892d9,Zenodo/TerraDS,iac_benchmark/scenarios/terrads_c0a26f8892d9,True,True,0,0,0,0,0,,,,,536.0,3324.0,21.0,24.0,5.0
terrads_726448d8ab33,Zenodo/TerraDS,iac_benchmark/scenarios/terrads_726448d8ab33,True,True,0,0,0,0,0,,,,,800.0,5253.0,17.0,10.0,5.0
terrads_e36f92f5d4ba,Zenodo/TerraDS,iac_benchmark/scenarios/terrads_e36f92f5d4ba,True,True,0,0,0,0,0,,,,,820.0,5992.0,33.0,8.0,5.0
terrads_82192fbc1740,Zenodo/TerraDS,iac_benchmark/scenarios/terrads_82192fbc1740,True,True,0,0,0,0,0,,,,,653.0,4723.0,17.0,32.0,5.0
terrads_5b6324ac9924,Zenodo/TerraDS,iac_benchmark/scenarios/terrads_5b6324ac9924,True,True,0,0,0,0,0,,,,,553.0,4337.0,15.0,15.0,5.0
terrads_4f8ddb3cf761,Zenodo/TerraDS,iac_benchmark/scenarios/terrads_4f8ddb3cf761,True,True,0,0,0,0,0,,,,,741.0,5019.0,26.0,1.0,5.0
terrads_c0cf64012c0a,Zenodo/TerraDS,iac_benchmark/scenarios/terrads_c0cf64012c0a,True,True,0,0,0,0,0,,,,,531.0,3470.0,29.0,12.0,5.0
terrads_5d5a1fad3728,Zenodo/TerraDS,iac_benchmark/scenarios/terrads_5d5a1fad3728,True,True,0,0,0,0,0,,,,,558.0,4431.0,16.0,28.0,5.0
terrads_d0ccea8b6c52,Zenodo/TerraDS,iac_benchmark/scenarios/terrads_d0ccea8b6c52,True,True,0,0,0,0,0,,,,,477.0,3685.0,33.0,0.0,5.0
terrads_f7fcf00e7d8a,Zenodo/TerraDS,iac_benchmark/scenarios/terrads_f7fcf00e7d8a,True,True,0,0,0,0,0,,,,,612.0,4712.0,18.0,16.0,5.0
terrads_85048edb0a90,Zenodo/TerraDS,iac_benchmark/scenarios/terrads_85048edb0a90,True,True,0,0,0,0,0,,,,,567.0,3878.0,39.0,0.0,5.0
terrads_9b960652e0e6,Zenodo/TerraDS,iac_benchmark/scenarios/terrads_9b960652e0e6,True,True,0,0,0,0,0,,,,,789.0,6681.0,16.0,8.0,5.0
terrads_e472f320593c,Zenodo/TerraDS,iac_benchmark/scenarios/terrads_e472f320593c,True,True,0,0,0,0,0,,,,,805.0,5913.0,41.0,5.0,5.0
terrads_ba1c0b9e0dba,Zenodo/TerraDS,iac_benchmark/scenarios/terrads_ba1c0b9e0dba,True,True,0,0,0,0,0,,,,,728.0,4893.0,25.0,1.0,5.0
terrads_9e958bb11635,Zenodo/TerraDS,iac_benchmark/scenarios/terrads_9e958bb11635,True,True,0,0,0,0,0,,,,,457.0,3209.0,26.0,33.0,5.0
terrads_2bdb6f0c5f11,Zenodo/TerraDS,iac_benchmark/scenarios/terrads_2bdb6f0c5f11,True,True,0,0,0,0,0,,,,,857.0,5733.0,42.0,5.0,5.0
terrads_0c4c00099076,Zenodo/TerraDS,iac_benchmark/scenarios/terrads_0c4c00099076,True,True,0,0,0,0,0,,,,,728.0,4893.0,25.0,1.0,5.0
terrads_a4f9be4e6b9e,Zenodo/TerraDS,iac_benchmark/scenarios/terrads_a4f9be4e6b9e,True,True,0,0,0,0,0,,,,,1082.0,7312.0,46.0,12.0,5.0
terrads_c20ea4a18b76,Zenodo/TerraDS,iac_benchmark/scenarios/terrads_c20ea4a18b76,True,True,0,0,0,0,0,,,,,998.0,6984.0,28.0,50.0,5.0
terrads_acbd6c92ff26,Zenodo/TerraDS,iac_benchmark/scenarios/terrads_acbd6c92ff26,True,True,0,0,0,0,0,,,,,727.0,4781.0,45.0,0.0,5.0
terrads_a9b3fb3d5107,Zenodo/TerraDS,iac_benchmark/scenarios/terrads_a9b3fb3d5107,True,True,0,0,0,0,0,,,,,732.0,4903.0,25.0,1.0,5.0
terrads_8162eef688fe,Zenodo/TerraDS,iac_benchmark/scenarios/terrads_8162eef688fe,True,True,0,0,0,0,0,,,,,466.0,3131.0,17.0,19.0,5.0
terrads_299460b94afc,Zenodo/TerraDS,iac_benchmark/scenarios/terrads_299460b94afc,True,True,0,0,0,0,0,,,,,926.0,6515.0,38.0,9.0,5.0
terrads_5fd596b34696,Zenodo/TerraDS,iac_benchmark/scenarios/terrads_5fd596b34696,True,True,0,0,0,0,0,,,,,541.0,3525.0,25.0,16.0,5.0
terrads_3b16b7422b5d,Zenodo/TerraDS,iac_benchmark/scenarios/terrads_3b16b7422b5d,True,True,0,0,0,0,0,,,,,958.0,6033.0,48.0,24.0,5.0
terrads_963455b1715d,Zenodo/TerraDS,iac_benchmark/scenarios/terrads_963455b1715d,True,True,0,0,0,0,0,,,,,563.0,3915.0,35.0,0.0,5.0
terrads_33fd9b15e772,Zenodo/TerraDS,iac_benchmark/scenarios/terrads_33fd9b15e772,True,True,0,0,0,0,0,,,,,467.0,2936.0,13.0,6.0,5.0
terrads_47633fff83ab,Zenodo/TerraDS,iac_benchmark/scenarios/terrads_47633fff83ab,True,True,0,0,0,0,0,,,,,463.0,3695.0,12.0,20.0,5.0
terrads_34be33f581f2,Zenodo/TerraDS,iac_benchmark/scenarios/terrads_34be33f581f2,True,True,0,0,0,0,0,,,,,435.0,2782.0,17.0,33.0,5.0
terrads_89068443dccc,Zenodo/TerraDS,iac_benchmark/scenarios/terrads_89068443dccc,True,True,0,0,0,0,0,,,,,818.0,5436.0,38.0,13.0,5.0
terrads_94679b704471,Zenodo/TerraDS,iac_benchmark/scenarios/terrads_94679b704471,True,True,0,0,0,0,0,,,,,408.0,2873.0,26.0,10.0,5.0
terrads_ac886b9caf20,Zenodo/TerraDS,iac_benchmark/scenarios/terrads_ac886b9caf20,True,True,0,0,0,0,0,,,,,682.0,7719.0,40.0,7.0,5.0
terrads_06c64152e6bf,Zenodo/TerraDS,iac_benchmark/scenarios/terrads_06c64152e6bf,True,True,0,0,0,0,0,,,,,584.0,4578.0,20.0,11.0,5.0
terrads_1fce78f1ca3c,Zenodo/TerraDS,iac_benchmark/scenarios/terrads_1fce78f1ca3c,True,True,0,0,0,0,0,,,,,882.0,5915.0,30.0,31.0,5.0
terrads_a5f70ca278a4,Zenodo/TerraDS,iac_benchmark/scenarios/terrads_a5f70ca278a4,True,True,0,0,0,0,0,,,,,422.0,2463.0,17.0,11.0,5.0
terrads_e7c9d7a0f3e4,Zenodo/TerraDS,iac_benchmark/scenarios/terrads_e7c9d7a0f3e4,True,True,0,0,0,0,0,,,,,756.0,5481.0,30.0,8.0,5.0
gh_f90f5a3a,Tianyi2/IRIS,iac_benchmark/scenarios/gh_f90f5a3a,True,True,0,0,0,0,0,,,,,913.0,6427.0,20.0,5.0,5.0
terrads_af7e061f3617,Zenodo/TerraDS,iac_benchmark/scenarios/terrads_af7e061f3617,True,True,0,0,0,0,0,,,,,698.0,4123.0,18.0,3.0,5.0
terrads_bb8f78bbbfa2,Zenodo/TerraDS,iac_benchmark/scenarios/terrads_bb8f78bbbfa2,True,True,0,0,0,0,0,,,,,540.0,3525.0,25.0,16.0,5.0
terrads_e9ac720c74c1,Zenodo/TerraDS,iac_benchmark/scenarios/terrads_e9ac720c74c1,True,True,0,0,0,0,0,,,,,432.0,2673.0,28.0,0.0,5.0
terrads_a99a7c9b4d7a,Zenodo/TerraDS,iac_benchmark/scenarios/terrads_a99a7c9b4d7a,True,True,0,0,0,0,0,,,,,493.0,3601.0,26.0,25.0,5.0
terrads_a3b4efd2383d,Zenodo/TerraDS,iac_benchmark/scenarios/terrads_a3b4efd2383d,True,True,0,0,0,0,0,,,,,552.0,3807.0,21.0,3.0,5.0
terrads_d1aec1ea9598,Zenodo/TerraDS,iac_benchmark/scenarios/terrads_d1aec1ea9598,True,True,0,0,0,0,0,,,,,972.0,5877.0,40.0,0.0,5.0
terrads_ec76b0161455,Zenodo/TerraDS,iac_benchmark/scenarios/terrads_ec76b0161455,True,True,0,0,0,0,0,,,,,459.0,3428.0,29.0,4.0,5.0
terrads_3306b17cec80,Zenodo/TerraDS,iac_benchmark/scenarios/terrads_3306b17cec80,True,True,0,0,0,0,0,,,,,509.0,3448.0,26.0,9.0,5.0
terrads_3d1604edd6b3,Zenodo/TerraDS,iac_benchmark/scenarios/terrads_3d1604edd6b3,True,True,0,0,0,0,0,,,,,471.0,2712.0,15.0,34.0,5.0
terrads_c1e525e78ac1,Zenodo/TerraDS,iac_benchmark/scenarios/terrads_c1e525e78ac1,True,True,0,0,0,0,0,,,,,1119.0,7925.0,47.0,11.0,5.0
terrads_2dd2e50756e8,Zenodo/TerraDS,iac_benchmark/scenarios/terrads_2dd2e50756e8,True,True,0,0,0,0,0,,,,,463.0,3404.0,28.0,9.0,5.0
terrads_d0b9e896d532,Zenodo/TerraDS,iac_benchmark/scenarios/terrads_d0b9e896d532,True,True,0,0,0,0,0,,,,,858.0,5666.0,29.0,31.0,5.0
terrads_f699de0bea07,Zenodo/TerraDS,iac_benchmark/scenarios/terrads_f699de0bea07,True,True,0,0,0,0,0,,,,,464.0,2735.0,18.0,44.0,5.0
terrads_09d7041c2da2,Zenodo/TerraDS,iac_benchmark/scenarios/terrads_09d7041c2da2,True,True,0,0,0,0,0,,,,,649.0,3851.0,34.0,10.0,5.0
terrads_4cddf3fcb552,Zenodo/TerraDS,iac_benchmark/scenarios/terrads_4cddf3fcb552,True,True,0,0,0,0,0,,,,,425.0,3303.0,18.0,12.0,5.0
terrads_fc5aeecd131a,Zenodo/TerraDS,iac_benchmark/scenarios/terrads_fc5aeecd131a,True,True,0,0,0,0,0,,,,,451.0,2757.0,13.0,18.0,5.0
terrads_67be44274ac7,Zenodo/TerraDS,iac_benchmark/scenarios/terrads_67be44274ac7,True,True,0,0,0,0,0,,,,,1115.0,6794.0,46.0,26.0,5.0
terrads_0e0d384f0879,Zenodo/TerraDS,iac_benchmark/scenarios/terrads_0e0d384f0879,True,True,0,0,0,0,0,,,,,754.0,4343.0,37.0,3.0,5.0
terrads_e6471d1f3e52,Zenodo/TerraDS,iac_benchmark/scenarios/terrads_e6471d1f3e52,True,True,0,0,0,0,0,,,,,526.0,3473.0,27.0,4.0,5.0
terrads_7af33bd2d7a0,Zenodo/TerraDS,iac_benchmark/scenarios/terrads_7af33bd2d7a0,True,True,0,0,0,0,0,,,,,633.0,4301.0,32.0,10.0,5.0
terrads_c61a05c91232,Zenodo/TerraDS,iac_benchmark/scenarios/terrads_c61a05c91232,True,True,0,0,0,0,0,,,,,563.0,4783.0,37.0,8.0,5.0
terrads_3c0908c7d195,Zenodo/TerraDS,iac_benchmark/scenarios/terrads_3c0908c7d195,True,True,0,0,0,0,0,,,,,540.0,3525.0,25.0,16.0,5.0
terrads_6c1cece637e0,Zenodo/TerraDS,iac_benchmark/scenarios/terrads_6c1cece637e0,True,True,0,0,0,0,0,,,,,422.0,3105.0,35.0,15.0,5.0
terrads_c464dadec8c1,Zenodo/TerraDS,iac_benchmark/scenarios/terrads_c464dadec8c1,True,True,0,0,0,0,0,,,,,406.0,2565.0,29.0,5.0,5.0
terrads_ccae325a13e4,Zenodo/TerraDS,iac_benchmark/scenarios/terrads_ccae325a13e4,True,True,0,0,0,0,0,,,,,415.0,3004.0,24.0,0.0,5.0
terrads_3802b2c8a885,Zenodo/TerraDS,iac_benchmark/scenarios/terrads_3802b2c8a885,True,True,0,0,0,0,0,,,,,778.0,5232.0,44.0,12.0,5.0
terrads_380c799179b8,Zenodo/TerraDS,iac_benchmark/scenarios/terrads_380c799179b8,True,True,0,0,0,0,0,,,,,711.0,4194.0,19.0,25.0,5.0
terrads_731cfea49088,Zenodo/TerraDS,iac_benchmark/scenarios/terrads_731cfea49088,True,True,0,0,0,0,0,,,,,742.0,5019.0,26.0,1.0,5.0
terrads_980e72cff7dd,Zenodo/TerraDS,iac_benchmark/scenarios/terrads_980e72cff7dd,True,True,0,0,0,0,0,,,,,577.0,3368.0,13.0,12.0,5.0
terrads_7b85271d67fd,Zenodo/TerraDS,iac_benchmark/scenarios/terrads_7b85271d67fd,True,True,0,0,0,0,0,,,,,649.0,4340.0,62.0,62.0,5.0
terrads_84174630fded,Zenodo/TerraDS,iac_benchmark/scenarios/terrads_84174630fded,True,True,0,0,0,0,0,,,,,408.0,3065.0,18.0,7.0,5.0
terrads_793a2f65ac74,Zenodo/TerraDS,iac_benchmark/scenarios/terrads_793a2f65ac74,True,True,0,0,0,0,0,,,,,484.0,3451.0,23.0,8.0,5.0
terrads_42f0c0fc34bb,Zenodo/TerraDS,iac_benchmark/scenarios/terrads_42f0c0fc34bb,True,True,0,0,0,0,0,,,,,436.0,2794.0,18.0,11.0,5.0
terrads_adaddf11b05c,Zenodo/TerraDS,iac_benchmark/scenarios/terrads_adaddf11b05c,True,True,0,0,0,0,0,,,,,435.0,3000.0,19.0,30.0,5.0
terrads_6f263c72edaf,Zenodo/TerraDS,iac_benchmark/scenarios/terrads_6f263c72edaf,True,True,0,0,0,0,0,,,,,671.0,4303.0,29.0,22.0,5.0
terrads_f6a670fb7569,Zenodo/TerraDS,iac_benchmark/scenarios/terrads_f6a670fb7569,True,True,0,0,0,0,0,,,,,707.0,4402.0,28.0,23.0,5.0
terrads_fcaa1a9f937d,Zenodo/TerraDS,iac_benchmark/scenarios/terrads_fcaa1a9f937d,True,True,0,0,0,0,0,,,,,909.0,6448.0,47.0,16.0,5.0
terrads_6e22e4cb2751,Zenodo/TerraDS,iac_benchmark/scenarios/terrads_6e22e4cb2751,True,True,0,0,0,0,0,,,,,728.0,4893.0,25.0,1.0,5.0
terrads_8e1e138dc938,Zenodo/TerraDS,iac_benchmark/scenarios/terrads_8e1e138dc938,True,True,0,0,0,0,0,,,,,541.0,3526.0,24.0,16.0,5.0
terrads_367d606c5b71,Zenodo/TerraDS,iac_benchmark/scenarios/terrads_367d606c5b71,True,True,0,0,0,0,0,,,,,406.0,2676.0,24.0,8.0,5.0
terrads_2c16c4ef91e8,Zenodo/TerraDS,iac_benchmark/scenarios/terrads_2c16c4ef91e8,True,True,0,0,0,0,0,,,,,864.0,6506.0,36.0,10.0,5.0
terrads_54cf49b659a7,Zenodo/TerraDS,iac_benchmark/scenarios/terrads_54cf49b659a7,True,True,0,0,0,0,0,,,,,834.0,7354.0,30.0,23.0,5.0
terrads_19e613226d64,Zenodo/TerraDS,iac_benchmark/scenarios/terrads_19e613226d64,True,True,0,0,0,0,0,,,,,523.0,3531.0,13.0,29.0,5.0
terrads_5afb1216ad82,Zenodo/TerraDS,iac_benchmark/scenarios/terrads_5afb1216ad82,True,True,0,0,0,0,0,,,,,601.0,3852.0,19.0,20.0,5.0
terrads_8e9523ba0e3b,Zenodo/TerraDS,iac_benchmark/scenarios/terrads_8e9523ba0e3b,True,True,0,0,0,0,0,,,,,486.0,3634.0,27.0,15.0,5.0
terrads_dc3563108f24,Zenodo/TerraDS,iac_benchmark/scenarios/terrads_dc3563108f24,True,True,0,0,0,0,0,,,,,436.0,2794.0,18.0,11.0,5.0
terrads_b00746334934,Zenodo/TerraDS,iac_benchmark/scenarios/terrads_b00746334934,True,True,0,0,0,0,0,,,,,442.0,2960.0,29.0,1.0,5.0
terrads_e55633d3ba82,Zenodo/TerraDS,iac_benchmark/scenarios/terrads_e55633d3ba82,True,True,0,0,0,0,0,,,,,593.0,3819.0,27.0,22.0,5.0
terrads_956c7fefe7ab,Zenodo/TerraDS,iac_benchmark/scenarios/terrads_956c7fefe7ab,True,True,0,0,0,0,0,,,,,407.0,3017.0,20.0,11.0,5.0
terrads_09b5b6c9b36e,Zenodo/TerraDS,iac_benchmark/scenarios/terrads_09b5b6c9b36e,True,True,0,0,0,0,0,,,,,1002.0,7506.0,57.0,6.0,5.0
terrads_fffe3c5b9b80,Zenodo/TerraDS,iac_benchmark/scenarios/terrads_fffe3c5b9b80,True,True,0,0,0,0,0,,,,,436.0,2794.0,18.0,11.0,5.0
terrads_03a5fb276655,Zenodo/TerraDS,iac_benchmark/scenarios/terrads_03a5fb276655,True,True,0,0,0,0,0,,,,,419.0,3263.0,19.0,12.0,5.0
terrads_0717a9f9b8eb,Zenodo/TerraDS,iac_benchmark/scenarios/terrads_0717a9f9b8eb,True,True,0,0,0,0,0,,,,,878.0,5637.0,31.0,9.0,5.0
terrads_5a83eb26f3c6,Zenodo/TerraDS,iac_benchmark/scenarios/terrads_5a83eb26f3c6,True,True,0,0,0,0,0,,,,,1180.0,7187.0,22.0,3.0,5.0
terrads_b7748890c464,Zenodo/TerraDS,iac_benchmark/scenarios/terrads_b7748890c464,True,True,0,0,0,0,0,,,,,882.0,5914.0,31.0,31.0,5.0
terrads_3289b99915bd,Zenodo/TerraDS,iac_benchmark/scenarios/terrads_3289b99915bd,True,True,0,0,0,0,0,,,,,542.0,4399.0,24.0,6.0,5.0
terrads_1df990d25c4c,Zenodo/TerraDS,iac_benchmark/scenarios/terrads_1df990d25c4c,True,True,0,0,0,0,0,,,,,489.0,3632.0,25.0,0.0,5.0
terrads_8b5863dbb96f,Zenodo/TerraDS,iac_benchmark/scenarios/terrads_8b5863dbb96f,True,True,0,0,0,0,0,,,,,456.0,3087.0,33.0,0.0,5.0
terrads_9d6cca9aa28d,Zenodo/TerraDS,iac_benchmark/scenarios/terrads_9d6cca9aa28d,True,True,0,0,0,0,0,,,,,452.0,3348.0,14.0,15.0,5.0
terrads_8c662a0b3c06,Zenodo/TerraDS,iac_benchmark/scenarios/terrads_8c662a0b3c06,True,True,0,0,0,0,0,,,,,634.0,5126.0,12.0,29.0,5.0
terrads_c1e9df271565,Zenodo/TerraDS,iac_benchmark/scenarios/terrads_c1e9df271565,True,True,0,0,0,0,0,,,,,465.0,3684.0,17.0,16.0,5.0
terrads_afb1ab73498d,Zenodo/TerraDS,iac_benchmark/scenarios/terrads_afb1ab73498d,True,True,0,0,0,0,0,,,,,458.0,3304.0,36.0,3.0,5.0
terrads_6ec2e81cee5d,Zenodo/TerraDS,iac_benchmark/scenarios/terrads_6ec2e81cee5d,True,True,0,0,0,0,0,,,,,470.0,2289.0,12.0,9.0,5.0
terrads_3a0df4f324ee,Zenodo/TerraDS,iac_benchmark/scenarios/terrads_3a0df4f324ee,True,True,0,0,0,0,0,,,,,408.0,2810.0,28.0,9.0,5.0
terrads_6647920882c0,Zenodo/TerraDS,iac_benchmark/scenarios/terrads_6647920882c0,True,True,0,0,0,0,0,,,,,641.0,3240.0,23.0,8.0,5.0
terrads_714c8a5819c8,Zenodo/TerraDS,iac_benchmark/scenarios/terrads_714c8a5819c8,True,True,0,0,0,0,0,,,,,949.0,7191.0,15.0,27.0,5.0
terrads_f547f999456b,Zenodo/TerraDS,iac_benchmark/scenarios/terrads_f547f999456b,True,True,0,0,0,0,0,,,,,559.0,3645.0,46.0,12.0,5.0
terrads_4257897b408f,Zenodo/TerraDS,iac_benchmark/scenarios/terrads_4257897b408f,True,True,0,0,0,0,0,,,,,400.0,3057.0,17.0,5.0,5.0
terrads_75f68a84b2f3,Zenodo/TerraDS,iac_benchmark/scenarios/terrads_75f68a84b2f3,True,True,0,0,0,0,0,,,,,882.0,5914.0,31.0,31.0,5.0
terrads_8931b5dbb1fd,Zenodo/TerraDS,iac_benchmark/scenarios/terrads_8931b5dbb1fd,True,True,0,0,0,0,0,,,,,550.0,4352.0,21.0,21.0,5.0
terrads_616f41261d39,Zenodo/TerraDS,iac_benchmark/scenarios/terrads_616f41261d39,True,True,0,0,0,0,0,,,,,523.0,3246.0,21.0,5.0,5.0
terrads_e40d8b9ae21b,Zenodo/TerraDS,iac_benchmark/scenarios/terrads_e40d8b9ae21b,True,True,0,0,0,0,0,,,,,456.0,3102.0,15.0,14.0,5.0
terrads_5f3f2090cc56,Zenodo/TerraDS,iac_benchmark/scenarios/terrads_5f3f2090cc56,True,True,0,0,0,0,0,,,,,882.0,5914.0,31.0,31.0,5.0
terrads_7f563bab16d2,Zenodo/TerraDS,iac_benchmark/scenarios/terrads_7f563bab16d2,True,True,0,0,0,0,0,,,,,567.0,3380.0,27.0,7.0,5.0
terrads_374a17dbefcb,Zenodo/TerraDS,iac_benchmark/scenarios/terrads_374a17dbefcb,True,True,0,0,0,0,0,,,,,705.0,7753.0,89.0,26.0,5.0
terrads_810bd1ee5e07,Zenodo/TerraDS,iac_benchmark/scenarios/terrads_810bd1ee5e07,True,True,0,0,0,0,0,,,,,489.0,3632.0,25.0,0.0,5.0
terrads_a35bc6053eeb,Zenodo/TerraDS,iac_benchmark/scenarios/terrads_a35bc6053eeb,True,True,0,0,0,0,0,,,,,610.0,3682.0,20.0,14.0,5.0
terrads_b46d38abd0c5,Zenodo/TerraDS,iac_benchmark/scenarios/terrads_b46d38abd0c5,True,True,0,0,0,0,0,,,,,627.0,3878.0,13.0,39.0,5.0
terrads_9c4934609117,Zenodo/TerraDS,iac_benchmark/scenarios/terrads_9c4934609117,True,True,0,0,0,0,0,,,,,734.0,4895.0,16.0,62.0,5.0
terrads_fd8d1cb24a78,Zenodo/TerraDS,iac_benchmark/scenarios/terrads_fd8d1cb24a78,True,True,0,0,0,0,0,,,,,472.0,3194.0,30.0,11.0,5.0
terrads_24bfabfb39da,Zenodo/TerraDS,iac_benchmark/scenarios/terrads_24bfabfb39da,True,True,0,0,0,0,0,,,,,403.0,2858.0,21.0,17.0,5.0
terrads_75fd84aba153,Zenodo/TerraDS,iac_benchmark/scenarios/terrads_75fd84aba153,True,True,0,0,0,0,0,,,,,817.0,5309.0,31.0,28.0,5.0
terrads_b0527db8d381,Zenodo/TerraDS,iac_benchmark/scenarios/terrads_b0527db8d381,True,True,0,0,0,0,0,,,,,453.0,2917.0,14.0,10.0,5.0
terrads_b64341c77674,Zenodo/TerraDS,iac_benchmark/scenarios/terrads_b64341c77674,True,True,0,0,0,0,0,,,,,731.0,4903.0,25.0,1.0,5.0
terrads_079859d0718c,Zenodo/TerraDS,iac_benchmark/scenarios/terrads_079859d0718c,True,True,0,0,0,0,0,,,,,442.0,2788.0,18.0,8.0,5.0
terrads_7b234192d5a5,Zenodo/TerraDS,iac_benchmark/scenarios/terrads_7b234192d5a5,True,True,0,0,0,0,0,,,,,450.0,2802.0,22.0,9.0,5.0
terrads_670c4519d011,Zenodo/TerraDS,iac_benchmark/scenarios/terrads_670c4519d011,True,True,0,0,0,0,0,,,,,429.0,2941.0,21.0,13.0,5.0
terrads_6303d769d887,Zenodo/TerraDS,iac_benchmark/scenarios/terrads_6303d769d887,True,True,0,0,0,0,0,,,,,656.0,5503.0,21.0,36.0,5.0
terrads_c7ef863fbd35,Zenodo/TerraDS,iac_benchmark/scenarios/terrads_c7ef863fbd35,True,True,0,0,0,0,0,,,,,711.0,6232.0,25.0,17.0,5.0
terrads_bf93580e9cdb,Zenodo/TerraDS,iac_benchmark/scenarios/terrads_bf93580e9cdb,True,True,0,0,0,0,0,,,,,402.0,2839.0,41.0,2.0,5.0
terrads_3b2f061f20fc,Zenodo/TerraDS,iac_benchmark/scenarios/terrads_3b2f061f20fc,True,True,0,0,0,0,0,,,,,730.0,4903.0,25.0,1.0,5.0
terrads_26dbb917d558,Zenodo/TerraDS,iac_benchmark/scenarios/terrads_26dbb917d558,True,True,0,0,0,0,0,,,,,503.0,4325.0,12.0,1.0,5.0
terrads_000a80520261,Zenodo/TerraDS,iac_benchmark/scenarios/terrads_000a80520261,True,True,0,0,0,0,0,,,,,482.0,3079.0,29.0,12.0,5.0
terrads_d0e120497867,Zenodo/TerraDS,iac_benchmark/scenarios/terrads_d0e120497867,True,True,0,0,0,0,0,,,,,452.0,3046.0,28.0,2.0,5.0
terrads_5923e339341c,Zenodo/TerraDS,iac_benchmark/scenarios/terrads_5923e339341c,True,True,0,0,0,0,0,,,,,649.0,4529.0,36.0,5.0,5.0
terrads_24df9ee3f058,Zenodo/TerraDS,iac_benchmark/scenarios/terrads_24df9ee3f058,True,True,0,0,0,0,0,,,,,952.0,6486.0,39.0,18.0,5.0
terrads_ae984c7a56f8,Zenodo/TerraDS,iac_benchmark/scenarios/terrads_ae984c7a56f8,True,True,0,0,0,0,0,,,,,459.0,2525.0,24.0,12.0,5.0
terrads_b1edbcd7834d,Zenodo/TerraDS,iac_benchmark/scenarios/terrads_b1edbcd7834d,True,True,0,0,0,0,0,,,,,921.0,7612.0,31.0,15.0,5.0
terrads_8ea8ea6fe3ac,Zenodo/TerraDS,iac_benchmark/scenarios/terrads_8ea8ea6fe3ac,True,True,0,0,0,0,0,,,,,678.0,4143.0,35.0,13.0,5.0
gh_0e528d17,Tianyi2/IRIS,iac_benchmark/scenarios/gh_0e528d17,True,True,0,0,0,0,0,,,,,623.0,4350.0,33.0,20.0,5.0
terrads_89060ce557cb,Zenodo/TerraDS,iac_benchmark/scenarios/terrads_89060ce557cb,True,True,0,0,0,0,0,,,,,436.0,2794.0,18.0,11.0,5.0
terrads_9533bd3fd306,Zenodo/TerraDS,iac_benchmark/scenarios/terrads_9533bd3fd306,True,True,0,0,0,0,0,,,,,440.0,2671.0,18.0,13.0,5.0
terrads_f9b419c55e86,Zenodo/TerraDS,iac_benchmark/scenarios/terrads_f9b419c55e86,True,True,0,0,0,0,0,,,,,1063.0,6938.0,50.0,16.0,5.0
terrads_fbc6618b5f74,Zenodo/TerraDS,iac_benchmark/scenarios/terrads_fbc6618b5f74,True,True,0,0,0,0,0,,,,,607.0,4689.0,24.0,24.0,5.0
terrads_3ecedc04f60f,Zenodo/TerraDS,iac_benchmark/scenarios/terrads_3ecedc04f60f,True,True,0,0,0,0,0,,,,,476.0,3173.0,29.0,11.0,5.0
terrads_559ece196329,Zenodo/TerraDS,iac_benchmark/scenarios/terrads_559ece196329,True,True,0,0,0,0,0,,,,,588.0,3778.0,39.0,41.0,5.0
terrads_886decb5649b,Zenodo/TerraDS,iac_benchmark/scenarios/terrads_886decb5649b,True,True,0,0,0,0,0,,,,,427.0,3593.0,24.0,15.0,5.0
terrads_7931de3a37bf,Zenodo/TerraDS,iac_benchmark/scenarios/terrads_7931de3a37bf,True,True,0,0,0,0,0,,,,,675.0,4767.0,13.0,50.0,5.0
terrads_bf96a403a9bd,Zenodo/TerraDS,iac_benchmark/scenarios/terrads_bf96a403a9bd,True,True,0,0,0,0,0,,,,,624.0,3975.0,29.0,11.0,5.0
terrads_2aced3055def,Zenodo/TerraDS,iac_benchmark/scenarios/terrads_2aced3055def,True,True,0,0,0,0,0,,,,,732.0,6134.0,27.0,49.0,5.0
terrads_6c5da8acb128,Zenodo/TerraDS,iac_benchmark/scenarios/terrads_6c5da8acb128,True,True,0,0,0,0,0,,,,,453.0,3064.0,27.0,9.0,5.0
gh_58fce5b7,Tianyi2/IRIS,iac_benchmark/scenarios/gh_58fce5b7,True,True,0,0,0,0,0,,,,,605.0,3675.0,28.0,10.0,5.0
terrads_8a21fc0d08a5,Zenodo/TerraDS,iac_benchmark/scenarios/terrads_8a21fc0d08a5,True,True,0,0,0,0,0,,,,,467.0,3407.0,15.0,32.0,5.0
terrads_e66d714eb82e,Zenodo/TerraDS,iac_benchmark/scenarios/terrads_e66d714eb82e,True,True,0,0,0,0,0,,,,,476.0,3059.0,21.0,13.0,5.0
terrads_c7eb0f32c9c1,Zenodo/TerraDS,iac_benchmark/scenarios/terrads_c7eb0f32c9c1,True,True,0,0,0,0,0,,,,,408.0,3012.0,31.0,16.0,5.0
terrads_11b534d0501d,Zenodo/TerraDS,iac_benchmark/scenarios/terrads_11b534d0501d,True,True,0,0,0,0,0,,,,,401.0,2668.0,18.0,10.0,5.0
terrads_f6cce6c376f5,Zenodo/TerraDS,iac_benchmark/scenarios/terrads_f6cce6c376f5,True,True,0,0,0,0,0,,,,,516.0,4051.0,16.0,9.0,5.0
terrads_2f0200b99922,Zenodo/TerraDS,iac_benchmark/scenarios/terrads_2f0200b99922,True,True,0,0,0,0,0,,,,,563.0,4783.0,37.0,8.0,5.0
terrads_759997055cd6,Zenodo/TerraDS,iac_benchmark/scenarios/terrads_759997055cd6,True,True,0,0,0,0,0,,,,,504.0,3272.0,23.0,5.0,5.0
terrads_c782e5e44a6f,Zenodo/TerraDS,iac_benchmark/scenarios/terrads_c782e5e44a6f,True,True,0,0,0,0,0,,,,,436.0,2794.0,18.0,11.0,5.0
terrads_c150bc58a030,Zenodo/TerraDS,iac_benchmark/scenarios/terrads_c150bc58a030,True,True,0,0,0,0,0,,,,,605.0,3849.0,21.0,29.0,5.0
terrads_adeab3e14a67,Zenodo/TerraDS,iac_benchmark/scenarios/terrads_adeab3e14a67,True,True,0,0,0,0,0,,,,,682.0,5603.0,18.0,12.0,5.0
terrads_a25c80a0c362,Zenodo/TerraDS,iac_benchmark/scenarios/terrads_a25c80a0c362,True,True,0,0,0,0,0,,,,,680.0,4299.0,22.0,30.0,5.0
gh_f292597f,Tianyi2/IRIS,iac_benchmark/scenarios/gh_f292597f,True,True,0,0,0,0,0,,,,,745.0,5420.0,30.0,8.0,5.0
terrads_d2e846c9b3c6,Zenodo/TerraDS,iac_benchmark/scenarios/terrads_d2e846c9b3c6,True,True,0,0,0,0,0,,,,,408.0,2362.0,22.0,7.0,5.0
terrads_f1b4625d6e70,Zenodo/TerraDS,iac_benchmark/scenarios/terrads_f1b4625d6e70,True,True,0,0,0,0,0,,,,,448.0,3024.0,35.0,6.0,5.0
terrads_a814b1b5efbb,Zenodo/TerraDS,iac_benchmark/scenarios/terrads_a814b1b5efbb,True,True,0,0,0,0,0,,,,,448.0,3053.0,17.0,24.0,5.0
terrads_e0bac6c4ff54,Zenodo/TerraDS,iac_benchmark/scenarios/terrads_e0bac6c4ff54,True,True,0,0,0,0,0,,,,,806.0,5804.0,38.0,20.0,5.0
terrads_3710789fa761,Zenodo/TerraDS,iac_benchmark/scenarios/terrads_3710789fa761,True,True,0,0,0,0,0,,,,,463.0,2803.0,16.0,14.0,5.0
terrads_be731ee6cc73,Zenodo/TerraDS,iac_benchmark/scenarios/terrads_be731ee6cc73,True,True,0,0,0,0,0,,,,,882.0,5914.0,31.0,31.0,5.0
terrads_9348e2af3137,Zenodo/TerraDS,iac_benchmark/scenarios/terrads_9348e2af3137,True,True,0,0,0,0,0,,,,,486.0,2948.0,18.0,14.0,5.0
terrads_d79e58d69de2,Zenodo/TerraDS,iac_benchmark/scenarios/terrads_d79e58d69de2,True,True,0,0,0,0,0,,,,,1094.0,7930.0,66.0,19.0,5.0
terrads_870680890739,Zenodo/TerraDS,iac_benchmark/scenarios/terrads_870680890739,True,True,0,0,0,0,0,,,,,513.0,3198.0,21.0,6.0,5.0
terrads_121bbd841293,Zenodo/TerraDS,iac_benchmark/scenarios/terrads_121bbd841293,True,True,0,0,0,0,0,,,,,405.0,2049.0,13.0,17.0,5.0
terrads_fcede4e9191e,Zenodo/TerraDS,iac_benchmark/scenarios/terrads_fcede4e9191e,True,True,0,0,0,0,0,,,,,734.0,4903.0,25.0,1.0,5.0
terrads_2169c3252dbc,Zenodo/TerraDS,iac_benchmark/scenarios/terrads_2169c3252dbc,True,True,0,0,0,0,0,,,,,456.0,3087.0,33.0,0.0,5.0
terrads_7b507982cac6,Zenodo/TerraDS,iac_benchmark/scenarios/terrads_7b507982cac6,True,True,0,0,0,0,0,,,,,954.0,7811.0,14.0,28.0,5.0
terrads_0457ba13ecc1,Zenodo/TerraDS,iac_benchmark/scenarios/terrads_0457ba13ecc1,True,True,0,0,0,0,0,,,,,900.0,5915.0,22.0,11.0,5.0
terrads_72a0a325197e,Zenodo/TerraDS,iac_benchmark/scenarios/terrads_72a0a325197e,True,True,0,0,0,0,0,,,,,525.0,3114.0,21.0,15.0,5.0
terrads_570375c74476,Zenodo/TerraDS,iac_benchmark/scenarios/terrads_570375c74476,True,True,0,0,0,0,0,,,,,415.0,2918.0,25.0,7.0,5.0
terrads_598bd7b718dd,Zenodo/TerraDS,iac_benchmark/scenarios/terrads_598bd7b718dd,True,True,0,0,0,0,0,,,,,730.0,4903.0,25.0,1.0,5.0
terrads_375440666dab,Zenodo/TerraDS,iac_benchmark/scenarios/terrads_375440666dab,True,True,0,0,0,0,0,,,,,566.0,3255.0,13.0,5.0,5.0
terrads_e897eb93d182,Zenodo/TerraDS,iac_benchmark/scenarios/terrads_e897eb93d182,True,True,0,0,0,0,0,,,,,445.0,2551.0,13.0,16.0,5.0
terrads_9e16301657e6,Zenodo/TerraDS,iac_benchmark/scenarios/terrads_9e16301657e6,True,True,0,0,0,0,0,,,,,515.0,3613.0,13.0,21.0,5.0
terrads_4edea22656c8,Zenodo/TerraDS,iac_benchmark/scenarios/terrads_4edea22656c8,True,True,0,0,0,0,0,,,,,622.0,4606.0,26.0,12.0,5.0
terrads_57f30d5ba220,Zenodo/TerraDS,iac_benchmark/scenarios/terrads_57f30d5ba220,True,True,0,0,0,0,0,,,,,1145.0,7559.0,66.0,37.0,5.0
terrads_650ce12dc5cf,Zenodo/TerraDS,iac_benchmark/scenarios/terrads_650ce12dc5cf,True,True,0,0,0,0,0,,,,,645.0,4592.0,28.0,10.0,5.0
terrads_5b5060677008,Zenodo/TerraDS,iac_benchmark/scenarios/terrads_5b5060677008,True,True,0,0,0,0,0,,,,,462.0,2859.0,26.0,0.0,5.0
terrads_ce5000d7e76c,Zenodo/TerraDS,iac_benchmark/scenarios/terrads_ce5000d7e76c,True,True,0,0,0,0,0,,,,,444.0,2877.0,19.0,2.0,5.0
terrads_b1c77242652e,Zenodo/TerraDS,iac_benchmark/scenarios/terrads_b1c77242652e,True,True,0,0,0,0,0,,,,,638.0,4501.0,29.0,8.0,5.0
terrads_b6a373b3b1f8,Zenodo/TerraDS,iac_benchmark/scenarios/terrads_b6a373b3b1f8,True,True,0,0,0,0,0,,,,,440.0,2671.0,18.0,13.0,5.0
terrads_f59376cdbed5,Zenodo/TerraDS,iac_benchmark/scenarios/terrads_f59376cdbed5,True,True,0,0,0,0,0,,,,,816.0,5589.0,25.0,4.0,5.0
terrads_e3c8cc2134ff,Zenodo/TerraDS,iac_benchmark/scenarios/terrads_e3c8cc2134ff,True,True,0,0,0,0,0,,,,,630.0,4435.0,30.0,3.0,5.0
terrads_ce806b0d903a,Zenodo/TerraDS,iac_benchmark/scenarios/terrads_ce806b0d903a,True,True,0,0,0,0,0,,,,,439.0,2908.0,13.0,23.0,5.0
terrads_157a4078754c,Zenodo/TerraDS,iac_benchmark/scenarios/terrads_157a4078754c,True,True,0,0,0,0,0,,,,,759.0,5507.0,38.0,10.0,5.0
terrads_2173543275dc,Zenodo/TerraDS,iac_benchmark/scenarios/terrads_2173543275dc,True,True,0,0,0,0,0,,,,,400.0,2433.0,12.0,30.0,5.0
terrads_a140a96e1252,Zenodo/TerraDS,iac_benchmark/scenarios/terrads_a140a96e1252,True,True,0,0,0,0,0,,,,,656.0,4911.0,24.0,27.0,5.0
terrads_d774a7b89702,Zenodo/TerraDS,iac_benchmark/scenarios/terrads_d774a7b89702,True,True,0,0,0,0,0,,,,,441.0,2701.0,28.0,0.0,5.0
terrads_5da9973b1bf7,Zenodo/TerraDS,iac_benchmark/scenarios/terrads_5da9973b1bf7,True,True,0,0,0,0,0,,,,,432.0,3183.0,25.0,1.0,5.0
terrads_9aabb6ac125b,Zenodo/TerraDS,iac_benchmark/scenarios/terrads_9aabb6ac125b,True,True,0,0,0,0,0,,,,,541.0,3526.0,24.0,16.0,5.0
terrads_cd78cfc0b4ad,Zenodo/TerraDS,iac_benchmark/scenarios/terrads_cd78cfc0b4ad,True,True,0,0,0,0,0,,,,,422.0,3144.0,13.0,18.0,5.0
terrads_44df7ba18b4d,Zenodo/TerraDS,iac_benchmark/scenarios/terrads_44df7ba18b4d,True,True,0,0,0,0,0,,,,,619.0,4438.0,34.0,6.0,5.0
terrads_1ba55206c736,Zenodo/TerraDS,iac_benchmark/scenarios/terrads_1ba55206c736,True,True,0,0,0,0,0,,,,,471.0,2944.0,36.0,0.0,5.0
terrads_1c486cd031c3,Zenodo/TerraDS,iac_benchmark/scenarios/terrads_1c486cd031c3,True,True,0,0,0,0,0,,,,,471.0,2712.0,15.0,34.0,5.0
terrads_586187f2fe33,Zenodo/TerraDS,iac_benchmark/scenarios/terrads_586187f2fe33,True,True,0,0,0,0,0,,,,,492.0,4094.0,25.0,12.0,5.0
terrads_22ab871c47a6,Zenodo/TerraDS,iac_benchmark/scenarios/terrads_22ab871c47a6,True,True,0,0,0,0,0,,,,,860.0,6364.0,28.0,48.0,5.0
terrads_ce48b808e277,Zenodo/TerraDS,iac_benchmark/scenarios/terrads_ce48b808e277,True,True,0,0,0,0,0,,,,,489.0,3632.0,25.0,0.0,5.0
terrads_4e03b734abbe,Zenodo/TerraDS,iac_benchmark/scenarios/terrads_4e03b734abbe,True,True,0,0,0,0,0,,,,,688.0,5447.0,20.0,20.0,5.0
terrads_36ec75888171,Zenodo/TerraDS,iac_benchmark/scenarios/terrads_36ec75888171,True,True,0,0,0,0,0,,,,,696.0,4474.0,31.0,5.0,5.0
terrads_b2aa9832c3d1,Zenodo/TerraDS,iac_benchmark/scenarios/terrads_b2aa9832c3d1,True,True,0,0,0,0,0,,,,,1115.0,7640.0,41.0,53.0,5.0
terrads_a82959fe1ea4,Zenodo/TerraDS,iac_benchmark/scenarios/terrads_a82959fe1ea4,True,True,0,0,0,0,0,,,,,486.0,3782.0,34.0,5.0,5.0
terrads_23394615bba7,Zenodo/TerraDS,iac_benchmark/scenarios/terrads_23394615bba7,True,True,0,0,0,0,0,,,,,540.0,3525.0,25.0,16.0,5.0
terrads_b51c3fcd6d8e,Zenodo/TerraDS,iac_benchmark/scenarios/terrads_b51c3fcd6d8e,True,True,0,0,0,0,0,,,,,435.0,3500.0,25.0,0.0,5.0
terrads_fda616d3eff0,Zenodo/TerraDS,iac_benchmark/scenarios/terrads_fda616d3eff0,True,True,0,0,0,0,0,,,,,711.0,5234.0,23.0,22.0,5.0
terrads_0878bd2a4df6,Zenodo/TerraDS,iac_benchmark/scenarios/terrads_0878bd2a4df6,True,True,0,0,0,0,0,,,,,477.0,3685.0,33.0,0.0,5.0
terrads_0246febf5dc2,Zenodo/TerraDS,iac_benchmark/scenarios/terrads_0246febf5dc2,True,True,0,0,0,0,0,,,,,457.0,3209.0,26.0,33.0,5.0
terrads_00819ae6d45d,Zenodo/TerraDS,iac_benchmark/scenarios/terrads_00819ae6d45d,True,True,0,0,0,0,0,,,,,994.0,6734.0,37.0,19.0,5.0
terrads_ba86891f4569,Zenodo/TerraDS,iac_benchmark/scenarios/terrads_ba86891f4569,True,True,0,0,0,0,0,,,,,409.0,3256.0,15.0,20.0,5.0
terrads_35ccce35b0b2,Zenodo/TerraDS,iac_benchmark/scenarios/terrads_35ccce35b0b2,True,True,0,0,0,0,0,,,,,597.0,4714.0,33.0,20.0,5.0
terrads_ce124eac9f83,Zenodo/TerraDS,iac_benchmark/scenarios/terrads_ce124eac9f83,True,True,0,0,0,0,0,,,,,1118.0,7151.0,28.0,7.0,5.0
terrads_a13f7e607487,Zenodo/TerraDS,iac_benchmark/scenarios/terrads_a13f7e607487,True,True,0,0,0,0,0,,,,,489.0,3632.0,25.0,0.0,5.0
terrads_d6cf3f3e6401,Zenodo/TerraDS,iac_benchmark/scenarios/terrads_d6cf3f3e6401,True,True,0,0,0,0,0,,,,,445.0,3264.0,15.0,26.0,5.0
terrads_997ff65779ee,Zenodo/TerraDS,iac_benchmark/scenarios/terrads_997ff65779ee,True,True,0,0,0,0,0,,,,,899.0,6465.0,46.0,0.0,5.0
terrads_29b4dd4172a9,Zenodo/TerraDS,iac_benchmark/scenarios/terrads_29b4dd4172a9,True,True,0,0,0,0,0,,,,,450.0,2802.0,22.0,9.0,5.0
terrads_9111ec232269,Zenodo/TerraDS,iac_benchmark/scenarios/terrads_9111ec232269,True,True,0,0,0,0,0,,,,,813.0,5460.0,28.0,31.0,5.0
terrads_df72fdc7d1da,Zenodo/TerraDS,iac_benchmark/scenarios/terrads_df72fdc7d1da,True,True,0,0,0,0,0,,,,,565.0,4001.0,25.0,1.0,5.0
terrads_6d5283e43a43,Zenodo/TerraDS,iac_benchmark/scenarios/terrads_6d5283e43a43,True,True,0,0,0,0,0,,,,,732.0,4903.0,25.0,1.0,5.0
terrads_06e3c45df592,Zenodo/TerraDS,iac_benchmark/scenarios/terrads_06e3c45df592,True,True,0,0,0,0,0,,,,,758.0,6107.0,16.0,11.0,5.0
terrads_fe61084dc19a,Zenodo/TerraDS,iac_benchmark/scenarios/terrads_fe61084dc19a,True,True,0,0,0,0,0,,,,,641.0,3288.0,23.0,8.0,5.0
terrads_679d3eca1443,Zenodo/TerraDS,iac_benchmark/scenarios/terrads_679d3eca1443,True,True,0,0,0,0,0,,,,,876.0,7252.0,32.0,73.0,5.0
terrads_aca69479073b,Zenodo/TerraDS,iac_benchmark/scenarios/terrads_aca69479073b,True,True,0,0,0,0,0,,,,,477.0,2753.0,14.0,9.0,5.0
terrads_ca1a6a09c163,Zenodo/TerraDS,iac_benchmark/scenarios/terrads_ca1a6a09c163,True,True,0,0,0,0,0,,,,,601.0,4430.0,36.0,5.0,5.0
terrads_83f5193e5d51,Zenodo/TerraDS,iac_benchmark/scenarios/terrads_83f5193e5d51,True,True,0,0,0,0,0,,,,,432.0,2673.0,28.0,0.0,5.0
terrads_68e74268bb27,Zenodo/TerraDS,iac_benchmark/scenarios/terrads_68e74268bb27,True,True,0,0,0,0,0,,,,,628.0,4082.0,30.0,22.0,5.0
terrads_bae4aefea1d8,Zenodo/TerraDS,iac_benchmark/scenarios/terrads_bae4aefea1d8,True,True,0,0,0,0,0,,,,,541.0,3765.0,24.0,14.0,5.0
terrads_2b19a299de7e,Zenodo/TerraDS,iac_benchmark/scenarios/terrads_2b19a299de7e,True,True,0,0,0,0,0,,,,,659.0,5354.0,21.0,20.0,5.0
terrads_40773a14053f,Zenodo/TerraDS,iac_benchmark/scenarios/terrads_40773a14053f,True,True,0,0,0,0,0,,,,,421.0,2838.0,29.0,0.0,5.0
terrads_56c38e48ec4b,Zenodo/TerraDS,iac_benchmark/scenarios/terrads_56c38e48ec4b,True,True,0,0,0,0,0,,,,,511.0,3480.0,29.0,11.0,5.0
terrads_828a992a299b,Zenodo/TerraDS,iac_benchmark/scenarios/terrads_828a992a299b,True,True,0,0,0,0,0,,,,,636.0,4999.0,45.0,2.0,5.0
terrads_d95f439546fc,Zenodo/TerraDS,iac_benchmark/scenarios/terrads_d95f439546fc,True,True,0,0,0,0,0,,,,,745.0,4705.0,38.0,18.0,5.0
terrads_94f51cf84866,Zenodo/TerraDS,iac_benchmark/scenarios/terrads_94f51cf84866,True,True,0,0,0,0,0,,,,,882.0,5914.0,31.0,31.0,5.0
terrads_2dc7d16d5e56,Zenodo/TerraDS,iac_benchmark/scenarios/terrads_2dc7d16d5e56,True,True,0,0,0,0,0,,,,,882.0,5914.0,31.0,31.0,5.0
terrads_b9fd1586b30f,Zenodo/TerraDS,iac_benchmark/scenarios/terrads_b9fd1586b30f,True,True,0,0,0,0,0,,,,,1167.0,7936.0,81.0,10.0,5.0
terrads_afaa80f0538a,Zenodo/TerraDS,iac_benchmark/scenarios/terrads_afaa80f0538a,True,True,0,0,0,0,0,,,,,420.0,2743.0,17.0,8.0,5.0
terrads_70986ddb595b,Zenodo/TerraDS,iac_benchmark/scenarios/terrads_70986ddb595b,True,True,0,0,0,0,0,,,,,624.0,3857.0,33.0,8.0,5.0
terrads_0ddb4982b149,Zenodo/TerraDS,iac_benchmark/scenarios/terrads_0ddb4982b149,True,True,0,0,0,0,0,,,,,521.0,4472.0,12.0,2.0,5.0
terrads_12546297f2ad,Zenodo/TerraDS,iac_benchmark/scenarios/terrads_12546297f2ad,True,True,0,0,0,0,0,,,,,479.0,3632.0,29.0,10.0,5.0
terrads_1f1d65246863,Zenodo/TerraDS,iac_benchmark/scenarios/terrads_1f1d65246863,True,True,0,0,0,0,0,,,,,455.0,3187.0,18.0,0.0,5.0
terrads_bbb07f1829d4,Zenodo/TerraDS,iac_benchmark/scenarios/terrads_bbb07f1829d4,True,True,0,0,0,0,0,,,,,458.0,3585.0,16.0,0.0,5.0
terrads_f5d29248967d,Zenodo/TerraDS,iac_benchmark/scenarios/terrads_f5d29248967d,True,True,0,0,0,0,0,,,,,729.0,4903.0,25.0,1.0,5.0
terrads_02c9c1d562d2,Zenodo/TerraDS,iac_benchmark/scenarios/terrads_02c9c1d562d2,True,True,0,0,0,0,0,,,,,723.0,4780.0,16.0,21.0,5.0
terrads_f7adfdf24f4a,Zenodo/TerraDS,iac_benchmark/scenarios/terrads_f7adfdf24f4a,True,True,0,0,0,0,0,,,,,886.0,6462.0,57.0,17.0,5.0
terrads_e9e315fe90ba,Zenodo/TerraDS,iac_benchmark/scenarios/terrads_e9e315fe90ba,True,True,0,0,0,0,0,,,,,780.0,5365.0,39.0,22.0,5.0
terrads_11442a25ca77,Zenodo/TerraDS,iac_benchmark/scenarios/terrads_11442a25ca77,True,True,0,0,0,0,0,,,,,728.0,4893.0,25.0,1.0,5.0
terrads_9bab69ebec8e,Zenodo/TerraDS,iac_benchmark/scenarios/terrads_9bab69ebec8e,True,True,0,0,0,0,0,,,,,540.0,3525.0,25.0,16.0,5.0
terrads_a81dea5e7bde,Zenodo/TerraDS,iac_benchmark/scenarios/terrads_a81dea5e7bde,True,True,0,0,0,0,0,,,,,882.0,5916.0,29.0,31.0,5.0
terrads_98d31d4a04f5,Zenodo/TerraDS,iac_benchmark/scenarios/terrads_98d31d4a04f5,True,True,0,0,0,0,0,,,,,462.0,2859.0,26.0,0.0,5.0
terrads_5cc211d554d6,Zenodo/TerraDS,iac_benchmark/scenarios/terrads_5cc211d554d6,True,True,0,0,0,0,0,,,,,436.0,2794.0,18.0,11.0,5.0
terrads_fe6e7b661ddd,Zenodo/TerraDS,iac_benchmark/scenarios/terrads_fe6e7b661ddd,True,True,0,0,0,0,0,,,,,1100.0,7696.0,42.0,56.0,5.0
terrads_eed66e77dec4,Zenodo/TerraDS,iac_benchmark/scenarios/terrads_eed66e77dec4,True,True,0,0,0,0,0,,,,,605.0,4728.0,25.0,28.0,5.0
terrads_1881fe2c7497,Zenodo/TerraDS,iac_benchmark/scenarios/terrads_1881fe2c7497,True,True,0,0,0,0,0,,,,,729.0,4903.0,25.0,1.0,5.0
terrads_fbb3bfb5c67f,Zenodo/TerraDS,iac_benchmark/scenarios/terrads_fbb3bfb5c67f,True,True,0,0,0,0,0,,,,,617.0,4177.0,40.0,7.0,5.0
terrads_083c6640a673,Zenodo/TerraDS,iac_benchmark/scenarios/terrads_083c6640a673,True,True,0,0,0,0,0,,,,,520.0,3276.0,37.0,3.0,5.0
terrads_967b5442ed58,Zenodo/TerraDS,iac_benchmark/scenarios/terrads_967b5442ed58,True,True,0,0,0,0,0,,,,,617.0,4275.0,31.0,16.0,5.0
terrads_b9e5cfcf08ed,Zenodo/TerraDS,iac_benchmark/scenarios/terrads_b9e5cfcf08ed,True,True,0,0,0,0,0,,,,,424.0,3110.0,26.0,6.0,5.0
terrads_258406342d00,Zenodo/TerraDS,iac_benchmark/scenarios/terrads_258406342d00,True,True,0,0,0,0,0,,,,,400.0,2596.0,22.0,5.0,5.0
terrads_801ea8822aa2,Zenodo/TerraDS,iac_benchmark/scenarios/terrads_801ea8822aa2,True,True,0,0,0,0,0,,,,,471.0,2944.0,36.0,0.0,5.0
terrads_cbe87c35b15e,Zenodo/TerraDS,iac_benchmark/scenarios/terrads_cbe87c35b15e,True,True,0,0,0,0,0,,,,,489.0,3632.0,25.0,0.0,5.0
terrads_b46839f2df70,Zenodo/TerraDS,iac_benchmark/scenarios/terrads_b46839f2df70,True,True,0,0,0,0,0,,,,,536.0,3657.0,21.0,10.0,5.0
terrads_f0d7b5372be5,Zenodo/TerraDS,iac_benchmark/scenarios/terrads_f0d7b5372be5,True,True,0,0,0,0,0,,,,,441.0,3411.0,24.0,22.0,5.0
terrads_84fb7bd6afec,Zenodo/TerraDS,iac_benchmark/scenarios/terrads_84fb7bd6afec,True,True,0,0,0,0,0,,,,,477.0,3421.0,16.0,9.0,5.0
terrads_397cb9df6cb5,Zenodo/TerraDS,iac_benchmark/scenarios/terrads_397cb9df6cb5,True,True,0,0,0,0,0,,,,,539.0,3691.0,20.0,0.0,5.0
terrads_53e30b6cbd86,Zenodo/TerraDS,iac_benchmark/scenarios/terrads_53e30b6cbd86,True,True,0,0,0,0,0,,,,,882.0,5914.0,31.0,31.0,5.0
terrads_fce8970c8458,Zenodo/TerraDS,iac_benchmark/scenarios/terrads_fce8970c8458,True,True,0,0,0,0,0,,,,,1027.0,7278.0,58.0,1.0,5.0
terrads_534de717e0ea,Zenodo/TerraDS,iac_benchmark/scenarios/terrads_534de717e0ea,True,True,0,0,0,0,0,,,,,452.0,3046.0,28.0,2.0,5.0
terrads_47b2fa3aa514,Zenodo/TerraDS,iac_benchmark/scenarios/terrads_47b2fa3aa514,True,True,0,0,0,0,0,,,,,462.0,2859.0,26.0,0.0,5.0
terrads_3123ab213aec,Zenodo/TerraDS,iac_benchmark/scenarios/terrads_3123ab213aec,True,True,0,0,0,0,0,,,,,555.0,4131.0,22.0,11.0,5.0
terrads_0241f6e76cd4,Zenodo/TerraDS,iac_benchmark/scenarios/terrads_0241f6e76cd4,True,True,0,0,0,0,0,,,,,563.0,4783.0,37.0,8.0,5.0
terrads_c10bff3e6f44,Zenodo/TerraDS,iac_benchmark/scenarios/terrads_c10bff3e6f44,True,True,0,0,0,0,0,,,,,664.0,4391.0,35.0,20.0,5.0
terrads_0cbb0dcba0c6,Zenodo/TerraDS,iac_benchmark/scenarios/terrads_0cbb0dcba0c6,True,True,0,0,0,0,0,,,,,436.0,2755.0,13.0,14.0,5.0
terrads_a71726892d4a,Zenodo/TerraDS,iac_benchmark/scenarios/terrads_a71726892d4a,True,True,0,0,0,0,0,,,,,597.0,4399.0,27.0,13.0,5.0
terrads_6bfd7185d40c,Zenodo/TerraDS,iac_benchmark/scenarios/terrads_6bfd7185d40c,True,True,0,0,0,0,0,,,,,868.0,6030.0,34.0,2.0,5.0
terrads_f920dbe628f4,Zenodo/TerraDS,iac_benchmark/scenarios/terrads_f920dbe628f4,True,True,0,0,0,0,0,,,,,400.0,2482.0,22.0,14.0,5.0
terrads_faf84ed7d24c,Zenodo/TerraDS,iac_benchmark/scenarios/terrads_faf84ed7d24c,True,True,0,0,0,0,0,,,,,456.0,3087.0,33.0,0.0,5.0
terrads_451ca650a285,Zenodo/TerraDS,iac_benchmark/scenarios/terrads_451ca650a285,True,True,0,0,0,0,0,,,,,541.0,3526.0,24.0,16.0,5.0
terrads_e903c42028f6,Zenodo/TerraDS,iac_benchmark/scenarios/terrads_e903c42028f6,True,True,0,0,0,0,0,,,,,477.0,3289.0,24.0,6.0,5.0
terrads_f952ffe5e636,Zenodo/TerraDS,iac_benchmark/scenarios/terrads_f952ffe5e636,True,True,0,0,0,0,0,,,,,540.0,3525.0,25.0,16.0,5.0
terrads_8e2a0ff6ea16,Zenodo/TerraDS,iac_benchmark/scenarios/terrads_8e2a0ff6ea16,True,True,0,0,0,0,0,,,,,540.0,3525.0,25.0,16.0,5.0
terrads_bb3dde54a718,Zenodo/TerraDS,iac_benchmark/scenarios/terrads_bb3dde54a718,True,True,0,0,0,0,0,,,,,637.0,4292.0,22.0,22.0,5.0
terrads_797e3bbf40d9,Zenodo/TerraDS,iac_benchmark/scenarios/terrads_797e3bbf40d9,True,True,0,0,0,0,0,,,,,851.0,5647.0,20.0,10.0,5.0
terrads_40b749150c6d,Zenodo/TerraDS,iac_benchmark/scenarios/terrads_40b749150c6d,True,True,0,0,0,0,0,,,,,793.0,6184.0,12.0,44.0,5.0
terrads_b256471293ce,Zenodo/TerraDS,iac_benchmark/scenarios/terrads_b256471293ce,True,True,0,0,0,0,0,,,,,837.0,5596.0,38.0,38.0,5.0
terrads_499a5ac03224,Zenodo/TerraDS,iac_benchmark/scenarios/terrads_499a5ac03224,True,True,0,0,0,0,0,,,,,648.0,5522.0,34.0,22.0,5.0
terrads_4819ac85f496,Zenodo/TerraDS,iac_benchmark/scenarios/terrads_4819ac85f496,True,True,0,0,0,0,0,,,,,605.0,4728.0,25.0,28.0,5.0
terrads_84ca57f66fe9,Zenodo/TerraDS,iac_benchmark/scenarios/terrads_84ca57f66fe9,True,True,0,0,0,0,0,,,,,657.0,3428.0,19.0,11.0,5.0
terrads_c6e6739631cc,Zenodo/TerraDS,iac_benchmark/scenarios/terrads_c6e6739631cc,True,True,0,0,0,0,0,,,,,541.0,3526.0,24.0,16.0,5.0
terrads_386067dfe861,Zenodo/TerraDS,iac_benchmark/scenarios/terrads_386067dfe861,True,True,0,0,0,0,0,,,,,540.0,3525.0,25.0,16.0,5.0
terrads_7088dae0267d,Zenodo/TerraDS,iac_benchmark/scenarios/terrads_7088dae0267d,True,True,0,0,0,0,0,,,,,507.0,3595.0,23.0,9.0,5.0
terrads_c5154149f753,Zenodo/TerraDS,iac_benchmark/scenarios/terrads_c5154149f753,True,True,0,0,0,0,0,,,,,415.0,3004.0,24.0,0.0,5.0
terrads_a7d7037b0d53,Zenodo/TerraDS,iac_benchmark/scenarios/terrads_a7d7037b0d53,True,True,0,0,0,0,0,,,,,418.0,2591.0,33.0,5.0,5.0
terrads_460cd1bd72f2,Zenodo/TerraDS,iac_benchmark/scenarios/terrads_460cd1bd72f2,True,True,0,0,0,0,0,,,,,493.0,2850.0,16.0,11.0,5.0
terrads_f15719fee329,Zenodo/TerraDS,iac_benchmark/scenarios/terrads_f15719fee329,True,True,0,0,0,0,0,,,,,429.0,2905.0,23.0,6.0,5.0
terrads_57351d0bd5bc,Zenodo/TerraDS,iac_benchmark/scenarios/terrads_57351d0bd5bc,True,True,0,0,0,0,0,,,,,792.0,4993.0,27.0,13.0,5.0
terrads_dea5bbdb15af,Zenodo/TerraDS,iac_benchmark/scenarios/terrads_dea5bbdb15af,True,True,0,0,0,0,0,,,,,417.0,2691.0,24.0,25.0,5.0
terrads_90d7b0bd01cb,Zenodo/TerraDS,iac_benchmark/scenarios/terrads_90d7b0bd01cb,True,True,0,0,0,0,0,,,,,882.0,5914.0,31.0,31.0,5.0
terrads_a943f0d8f9ab,Zenodo/TerraDS,iac_benchmark/scenarios/terrads_a943f0d8f9ab,True,True,0,0,0,0,0,,,,,664.0,4070.0,24.0,10.0,5.0
terrads_64d563a1484e,Zenodo/TerraDS,iac_benchmark/scenarios/terrads_64d563a1484e,True,True,0,0,0,0,0,,,,,781.0,6671.0,12.0,42.0,5.0
terrads_7ef4bf8a8160,Zenodo/TerraDS,iac_benchmark/scenarios/terrads_7ef4bf8a8160,True,True,0,0,0,0,0,,,,,1009.0,7210.0,23.0,4.0,5.0
terrads_9f3ee3a550a2,Zenodo/TerraDS,iac_benchmark/scenarios/terrads_9f3ee3a550a2,True,True,0,0,0,0,0,,,,,432.0,2917.0,27.0,21.0,5.0
terrads_6d93144f4c2d,Zenodo/TerraDS,iac_benchmark/scenarios/terrads_6d93144f4c2d,True,True,0,0,0,0,0,,,,,1011.0,6430.0,51.0,21.0,5.0
terrads_fcbd03c1bdb7,Zenodo/TerraDS,iac_benchmark/scenarios/terrads_fcbd03c1bdb7,True,True,0,0,0,0,0,,,,,899.0,6465.0,46.0,0.0,5.0
terrads_daaed35c7bbd,Zenodo/TerraDS,iac_benchmark/scenarios/terrads_daaed35c7bbd,True,True,0,0,0,0,0,,,,,734.0,4903.0,25.0,1.0,5.0
terrads_838c634dc31d,Zenodo/TerraDS,iac_benchmark/scenarios/terrads_838c634dc31d,True,True,0,0,0,0,0,,,,,816.0,6638.0,42.0,0.0,5.0
terrads_4b452c8cb0b0,Zenodo/TerraDS,iac_benchmark/scenarios/terrads_4b452c8cb0b0,True,True,0,0,0,0,0,,,,,878.0,6850.0,18.0,35.0,5.0
terrads_c45f429e6fa5,Zenodo/TerraDS,iac_benchmark/scenarios/terrads_c45f429e6fa5,True,True,0,0,0,0,0,,,,,607.0,4489.0,33.0,0.0,5.0
terrads_dec50fa46300,Zenodo/TerraDS,iac_benchmark/scenarios/terrads_dec50fa46300,True,True,0,0,0,0,0,,,,,741.0,5019.0,26.0,1.0,5.0
terrads_8fe285e2f787,Zenodo/TerraDS,iac_benchmark/scenarios/terrads_8fe285e2f787,True,True,0,0,0,0,0,,,,,526.0,4321.0,13.0,24.0,5.0
terrads_1cce60211333,Zenodo/TerraDS,iac_benchmark/scenarios/terrads_1cce60211333,True,True,0,0,0,0,0,,,,,507.0,3396.0,13.0,14.0,5.0
terrads_6466d0529ef1,Zenodo/TerraDS,iac_benchmark/scenarios/terrads_6466d0529ef1,True,True,0,0,0,0,0,,,,,841.0,6371.0,43.0,25.0,5.0
terrads_5571f314614f,Zenodo/TerraDS,iac_benchmark/scenarios/terrads_5571f314614f,True,True,0,0,0,0,0,,,,,565.0,4001.0,25.0,1.0,5.0
terrads_5b14505b21cf,Zenodo/TerraDS,iac_benchmark/scenarios/terrads_5b14505b21cf,True,True,0,0,0,0,0,,,,,538.0,3312.0,12.0,22.0,5.0
terrads_9860babac933,Zenodo/TerraDS,iac_benchmark/scenarios/terrads_9860babac933,True,True,0,0,0,0,0,,,,,560.0,4725.0,12.0,26.0,5.0
terrads_84e9b3a694a7,Zenodo/TerraDS,iac_benchmark/scenarios/terrads_84e9b3a694a7,True,True,0,0,0,0,0,,,,,463.0,3266.0,30.0,8.0,5.0
terrads_4b61d50b99ff,Zenodo/TerraDS,iac_benchmark/scenarios/terrads_4b61d50b99ff,True,True,0,0,0,0,0,,,,,636.0,4342.0,38.0,9.0,5.0
terrads_b6dd01fd92f2,Zenodo/TerraDS,iac_benchmark/scenarios/terrads_b6dd01fd92f2,True,True,0,0,0,0,0,,,,,473.0,3179.0,18.0,3.0,5.0
terrads_8b3771dca29c,Zenodo/TerraDS,iac_benchmark/scenarios/terrads_8b3771dca29c,True,True,0,0,0,0,0,,,,,610.0,4023.0,35.0,0.0,5.0
terrads_0e06a7b264a0,Zenodo/TerraDS,iac_benchmark/scenarios/terrads_0e06a7b264a0,True,True,0,0,0,0,0,,,,,419.0,2966.0,12.0,9.0,5.0
terrads_8b883c22e8ae,Zenodo/TerraDS,iac_benchmark/scenarios/terrads_8b883c22e8ae,True,True,0,0,0,0,0,,,,,484.0,2904.0,21.0,8.0,5.0
terrads_c9214902f748,Zenodo/TerraDS,iac_benchmark/scenarios/terrads_c9214902f748,True,True,0,0,0,0,0,,,,,795.0,4884.0,23.0,17.0,5.0
terrads_85ce6d0b5ca0,Zenodo/TerraDS,iac_benchmark/scenarios/terrads_85ce6d0b5ca0,True,True,0,0,0,0,0,,,,,1112.0,7799.0,26.0,63.0,5.0
terrads_62937d14878d,Zenodo/TerraDS,iac_benchmark/scenarios/terrads_62937d14878d,True,True,0,0,0,0,0,,,,,692.0,7841.0,44.0,6.0,5.0
terrads_a7699237cde8,Zenodo/TerraDS,iac_benchmark/scenarios/terrads_a7699237cde8,True,True,0,0,0,0,0,,,,,444.0,2877.0,19.0,2.0,5.0
terrads_b84cd24a705e,Zenodo/TerraDS,iac_benchmark/scenarios/terrads_b84cd24a705e,True,True,0,0,0,0,0,,,,,986.0,6944.0,20.0,10.0,5.0
terrads_d21c10d88a76,Zenodo/TerraDS,iac_benchmark/scenarios/terrads_d21c10d88a76,True,True,0,0,0,0,0,,,,,739.0,5004.0,26.0,1.0,5.0
terrads_a84ea53531d5,Zenodo/TerraDS,iac_benchmark/scenarios/terrads_a84ea53531d5,True,True,0,0,0,0,0,,,,,463.0,3461.0,22.0,5.0,5.0
terrads_85d27a52d641,Zenodo/TerraDS,iac_benchmark/scenarios/terrads_85d27a52d641,True,True,0,0,0,0,0,,,,,433.0,2656.0,13.0,14.0,5.0
terrads_ecd5d9111403,Zenodo/TerraDS,iac_benchmark/scenarios/terrads_ecd5d9111403,True,True,0,0,0,0,0,,,,,543.0,3549.0,40.0,0.0,5.0
terrads_9fe09f3dee43,Zenodo/TerraDS,iac_benchmark/scenarios/terrads_9fe09f3dee43,True,True,0,0,0,0,0,,,,,436.0,2794.0,18.0,11.0,5.0
terrads_12c1e9a87c90,Zenodo/TerraDS,iac_benchmark/scenarios/terrads_12c1e9a87c90,True,True,0,0,0,0,0,,,,,578.0,4615.0,33.0,19.0,5.0
terrads_7f8dd6278aeb,Zenodo/TerraDS,iac_benchmark/scenarios/terrads_7f8dd6278aeb,True,True,0,0,0,0,0,,,,,420.0,2881.0,18.0,7.0,5.0
terrads_5727ec9f9c14,Zenodo/TerraDS,iac_benchmark/scenarios/terrads_5727ec9f9c14,True,True,0,0,0,0,0,,,,,406.0,2788.0,20.0,4.0,5.0
terrads_19b376b6958f,Zenodo/TerraDS,iac_benchmark/scenarios/terrads_19b376b6958f,True,True,0,0,0,0,0,,,,,684.0,4983.0,36.0,42.0,5.0
gh_8159ec72,Tianyi2/IRIS,iac_benchmark/scenarios/gh_8159ec72,True,True,0,0,0,0,0,,,,,924.0,6666.0,14.0,62.0,5.0
terrads_d7ed7267391d,Zenodo/TerraDS,iac_benchmark/scenarios/terrads_d7ed7267391d,True,True,0,0,0,0,0,,,,,405.0,2049.0,13.0,17.0,5.0
terrads_11889504f8d1,Zenodo/TerraDS,iac_benchmark/scenarios/terrads_11889504f8d1,True,True,0,0,0,0,0,,,,,474.0,3037.0,31.0,16.0,5.0
terrads_a516ba4dc59f,Zenodo/TerraDS,iac_benchmark/scenarios/terrads_a516ba4dc59f,True,True,0,0,0,0,0,,,,,865.0,5882.0,23.0,50.0,5.0
terrads_725ca477ba15,Zenodo/TerraDS,iac_benchmark/scenarios/terrads_725ca477ba15,True,True,0,0,0,0,0,,,,,438.0,3579.0,13.0,40.0,5.0
terrads_119c362aeee5,Zenodo/TerraDS,iac_benchmark/scenarios/terrads_119c362aeee5,True,True,0,0,0,0,0,,,,,608.0,4199.0,33.0,4.0,5.0
terrads_aa4e2502d49c,Zenodo/TerraDS,iac_benchmark/scenarios/terrads_aa4e2502d49c,True,True,0,0,0,0,0,,,,,658.0,4596.0,35.0,1.0,5.0
terrads_8cca5da8d3bc,Zenodo/TerraDS,iac_benchmark/scenarios/terrads_8cca5da8d3bc,True,True,0,0,0,0,0,,,,,472.0,3340.0,25.0,9.0,5.0
terrads_46899686e615,Zenodo/TerraDS,iac_benchmark/scenarios/terrads_46899686e615,True,True,0,0,0,0,0,,,,,1215.0,7776.0,58.0,14.0,5.0
terrads_2eca985748a0,Zenodo/TerraDS,iac_benchmark/scenarios/terrads_2eca985748a0,True,True,0,0,0,0,0,,,,,672.0,4826.0,27.0,18.0,5.0
terrads_675b4882a90d,Zenodo/TerraDS,iac_benchmark/scenarios/terrads_675b4882a90d,True,True,0,0,0,0,0,,,,,671.0,4303.0,29.0,22.0,5.0
terrads_49ffa83cba70,Zenodo/TerraDS,iac_benchmark/scenarios/terrads_49ffa83cba70,True,True,0,0,0,0,0,,,,,411.0,2982.0,23.0,2.0,5.0
gh_4eb5f2a8,Tianyi2/IRIS,iac_benchmark/scenarios/gh_4eb5f2a8,True,True,0,0,0,0,0,,,,,735.0,6332.0,17.0,2.0,5.0
terrads_551782f9208c,Zenodo/TerraDS,iac_benchmark/scenarios/terrads_551782f9208c,True,True,0,0,0,0,0,,,,,493.0,3170.0,20.0,10.0,5.0
terrads_11d2c4e3d884,Zenodo/TerraDS,iac_benchmark/scenarios/terrads_11d2c4e3d884,True,True,0,0,0,0,0,,,,,631.0,5221.0,17.0,50.0,5.0
terrads_99843f1a5c72,Zenodo/TerraDS,iac_benchmark/scenarios/terrads_99843f1a5c72,True,True,0,0,0,0,0,,,,,922.0,7176.0,61.0,19.0,5.0
terrads_2a22c4eb9481,Zenodo/TerraDS,iac_benchmark/scenarios/terrads_2a22c4eb9481,True,True,0,0,0,0,0,,,,,432.0,2673.0,28.0,0.0,5.0
terrads_9762194081e3,Zenodo/TerraDS,iac_benchmark/scenarios/terrads_9762194081e3,True,True,0,0,0,0,0,,,,,967.0,7271.0,39.0,17.0,5.0
terrads_48ad8a91b6a4,Zenodo/TerraDS,iac_benchmark/scenarios/terrads_48ad8a91b6a4,True,True,0,0,0,0,0,,,,,986.0,7492.0,16.0,35.0,5.0
terrads_cae3f77504e8,Zenodo/TerraDS,iac_benchmark/scenarios/terrads_cae3f77504e8,True,True,0,0,0,0,0,,,,,826.0,6616.0,22.0,30.0,5.0
terrads_8c5d7c857c29,Zenodo/TerraDS,iac_benchmark/scenarios/terrads_8c5d7c857c29,True,True,0,0,0,0,0,,,,,882.0,5914.0,31.0,31.0,5.0
terrads_4d3a0aa697ae,Zenodo/TerraDS,iac_benchmark/scenarios/terrads_4d3a0aa697ae,True,True,0,0,0,0,0,,,,,799.0,7731.0,51.0,24.0,5.0
terrads_18db30952dac,Zenodo/TerraDS,iac_benchmark/scenarios/terrads_18db30952dac,True,True,0,0,0,0,0,,,,,647.0,4911.0,20.0,12.0,5.0
gh_bedaef9e,antonputra/tutorials,iac_benchmark/scenarios/gh_bedaef9e,True,True,0,0,0,0,0,,,,,610.0,4023.0,35.0,0.0,5.0
terrads_8bc2e85943b6,Zenodo/TerraDS,iac_benchmark/scenarios/terrads_8bc2e85943b6,True,True,0,0,0,0,0,,,,,488.0,2703.0,16.0,2.0,5.0
terrads_f330fcb5267f,Zenodo/TerraDS,iac_benchmark/scenarios/terrads_f330fcb5267f,True,True,0,0,0,0,0,,,,,430.0,2863.0,12.0,17.0,5.0
terrads_4cea78784309,Zenodo/TerraDS,iac_benchmark/scenarios/terrads_4cea78784309,True,True,0,0,0,0,0,,,,,480.0,3129.0,22.0,8.0,5.0
terrads_1d9a059ae45a,Zenodo/TerraDS,iac_benchmark/scenarios/terrads_1d9a059ae45a,True,True,0,0,0,0,0,,,,,703.0,4609.0,52.0,25.0,5.0
terrads_8f77989c6a79,Zenodo/TerraDS,iac_benchmark/scenarios/terrads_8f77989c6a79,True,True,0,0,0,0,0,,,,,882.0,5914.0,31.0,31.0,5.0
terrads_da14e423fcdb,Zenodo/TerraDS,iac_benchmark/scenarios/terrads_da14e423fcdb,True,True,0,0,0,0,0,,,,,584.0,3660.0,30.0,19.0,5.0
terrads_fd19824839b5,Zenodo/TerraDS,iac_benchmark/scenarios/terrads_fd19824839b5,True,True,0,0,0,0,0,,,,,412.0,2666.0,18.0,9.0,5.0
terrads_c4b37277f4c0,Zenodo/TerraDS,iac_benchmark/scenarios/terrads_c4b37277f4c0,True,True,0,0,0,0,0,,,,,404.0,2692.0,22.0,7.0,5.0
terrads_5f603e9a4d99,Zenodo/TerraDS,iac_benchmark/scenarios/terrads_5f603e9a4d99,True,True,0,0,0,0,0,,,,,903.0,6912.0,23.0,50.0,5.0
terrads_159d2aa3e367,Zenodo/TerraDS,iac_benchmark/scenarios/terrads_159d2aa3e367,True,True,0,0,0,0,0,,,,,417.0,2691.0,24.0,25.0,5.0
terrads_2b4d9096634d,Zenodo/TerraDS,iac_benchmark/scenarios/terrads_2b4d9096634d,True,True,0,0,0,0,0,,,,,741.0,5200.0,31.0,16.0,5.0
terrads_48c8343d5ca7,Zenodo/TerraDS,iac_benchmark/scenarios/terrads_48c8343d5ca7,True,True,0,0,0,0,0,,,,,541.0,3538.0,17.0,30.0,5.0
terrads_02b2baeb6a06,Zenodo/TerraDS,iac_benchmark/scenarios/terrads_02b2baeb6a06,True,True,0,0,0,0,0,,,,,472.0,3160.0,12.0,3.0,5.0
terrads_fbb2007ccfa2,Zenodo/TerraDS,iac_benchmark/scenarios/terrads_fbb2007ccfa2,True,True,0,0,0,0,0,,,,,985.0,7195.0,38.0,17.0,5.0
terrads_029c0d0ae76c,Zenodo/TerraDS,iac_benchmark/scenarios/terrads_029c0d0ae76c,True,True,0,0,0,0,0,,,,,416.0,2746.0,17.0,8.0,5.0
terrads_8a5695669172,Zenodo/TerraDS,iac_benchmark/scenarios/terrads_8a5695669172,True,True,0,0,0,0,0,,,,,457.0,3209.0,26.0,33.0,5.0
terrads_ab8b328a2506,Zenodo/TerraDS,iac_benchmark/scenarios/terrads_ab8b328a2506,True,True,0,0,0,0,0,,,,,519.0,3501.0,19.0,3.0,5.0
terrads_353767ed72c4,Zenodo/TerraDS,iac_benchmark/scenarios/terrads_353767ed72c4,True,True,0,0,0,0,0,,,,,416.0,2850.0,18.0,16.0,5.0
terrads_17654625fe0e,Zenodo/TerraDS,iac_benchmark/scenarios/terrads_17654625fe0e,True,True,0,0,0,0,0,,,,,540.0,3525.0,25.0,16.0,5.0
terrads_e2510d006c24,Zenodo/TerraDS,iac_benchmark/scenarios/terrads_e2510d006c24,True,True,0,0,0,0,0,,,,,426.0,2644.0,20.0,1.0,5.0
terrads_451bca405155,Zenodo/TerraDS,iac_benchmark/scenarios/terrads_451bca405155,True,True,0,0,0,0,0,,,,,454.0,3231.0,25.0,11.0,5.0
gh_def70d99,Tianyi2/IRIS,iac_benchmark/scenarios/gh_def70d99,True,True,0,0,0,0,0,,,,,940.0,6923.0,31.0,39.0,5.0
terrads_30227eb7f79a,Zenodo/TerraDS,iac_benchmark/scenarios/terrads_30227eb7f79a,True,True,0,0,0,0,0,,,,,450.0,2802.0,22.0,9.0,5.0
terrads_250b1df924d3,Zenodo/TerraDS,iac_benchmark/scenarios/terrads_250b1df924d3,True,True,0,0,0,0,0,,,,,440.0,2756.0,18.0,8.0,5.0
terrads_279a3b132537,Zenodo/TerraDS,iac_benchmark/scenarios/terrads_279a3b132537,True,True,0,0,0,0,0,,,,,411.0,2982.0,23.0,2.0,5.0
terrads_c70785a93d29,Zenodo/TerraDS,iac_benchmark/scenarios/terrads_c70785a93d29,True,True,0,0,0,0,0,,,,,719.0,5396.0,20.0,29.0,5.0
gh_8401645b,Tianyi2/IRIS,iac_benchmark/scenarios/gh_8401645b,True,True,0,0,0,0,0,,,,,608.0,4632.0,14.0,19.0,5.0
terrads_6f490fec0939,Zenodo/TerraDS,iac_benchmark/scenarios/terrads_6f490fec0939,True,True,0,0,0,0,0,,,,,506.0,3685.0,35.0,4.0,5.0
terrads_073b3c7a95c7,Zenodo/TerraDS,iac_benchmark/scenarios/terrads_073b3c7a95c7,True,True,0,0,0,0,0,,,,,436.0,2794.0,18.0,11.0,5.0
terrads_2ca9c16d6ffa,Zenodo/TerraDS,iac_benchmark/scenarios/terrads_2ca9c16d6ffa,True,True,0,0,0,0,0,,,,,646.0,5589.0,21.0,16.0,5.0
terrads_cf67032e8043,Zenodo/TerraDS,iac_benchmark/scenarios/terrads_cf67032e8043,True,True,0,0,0,0,0,,,,,852.0,5724.0,40.0,8.0,5.0
terrads_50a552216577,Zenodo/TerraDS,iac_benchmark/scenarios/terrads_50a552216577,True,True,0,0,0,0,0,,,,,1193.0,7282.0,65.0,16.0,5.0
terrads_a79866b49a0a,Zenodo/TerraDS,iac_benchmark/scenarios/terrads_a79866b49a0a,True,True,0,0,0,0,0,,,,,468.0,2946.0,18.0,9.0,5.0
terrads_df6df94423d4,Zenodo/TerraDS,iac_benchmark/scenarios/terrads_df6df94423d4,True,True,0,0,0,0,0,,,,,713.0,6844.0,16.0,18.0,5.0
terrads_51053ddad25f,Zenodo/TerraDS,iac_benchmark/scenarios/terrads_51053ddad25f,True,True,0,0,0,0,0,,,,,729.0,4903.0,25.0,1.0,5.0
terrads_c33d61da93d0,Zenodo/TerraDS,iac_benchmark/scenarios/terrads_c33d61da93d0,True,True,0,0,0,0,0,,,,,886.0,6973.0,12.0,34.0,5.0
terrads_d74c41876eec,Zenodo/TerraDS,iac_benchmark/scenarios/terrads_d74c41876eec,True,True,0,0,0,0,0,,,,,541.0,3526.0,24.0,16.0,5.0
terrads_9fd54d587419,Zenodo/TerraDS,iac_benchmark/scenarios/terrads_9fd54d587419,True,True,0,0,0,0,0,,,,,408.0,2873.0,26.0,10.0,5.0
terrads_a5f2397b14e6,Zenodo/TerraDS,iac_benchmark/scenarios/terrads_a5f2397b14e6,True,True,0,0,0,0,0,,,,,462.0,3306.0,29.0,12.0,5.0
terrads_cc74a3fbb24f,Zenodo/TerraDS,iac_benchmark/scenarios/terrads_cc74a3fbb24f,True,True,0,0,0,0,0,,,,,633.0,4695.0,39.0,34.0,5.0
terrads_863bf0527823,Zenodo/TerraDS,iac_benchmark/scenarios/terrads_863bf0527823,True,True,0,0,0,0,0,,,,,660.0,4406.0,38.0,4.0,5.0
terrads_ba1f280556fb,Zenodo/TerraDS,iac_benchmark/scenarios/terrads_ba1f280556fb,True,True,0,0,0,0,0,,,,,414.0,3085.0,18.0,8.0,5.0
terrads_4b77950fa568,Zenodo/TerraDS,iac_benchmark/scenarios/terrads_4b77950fa568,True,True,0,0,0,0,0,,,,,701.0,4843.0,43.0,41.0,5.0
terrads_7e71c1aca379,Zenodo/TerraDS,iac_benchmark/scenarios/terrads_7e71c1aca379,True,True,0,0,0,0,0,,,,,535.0,4016.0,14.0,24.0,5.0
terrads_989ed2024a3b,Zenodo/TerraDS,iac_benchmark/scenarios/terrads_989ed2024a3b,True,True,0,0,0,0,0,,,,,864.0,5316.0,23.0,23.0,5.0
terrads_965081cfb23e,Zenodo/TerraDS,iac_benchmark/scenarios/terrads_965081cfb23e,True,True,0,0,0,0,0,,,,,494.0,3723.0,20.0,21.0,5.0
terrads_111fda13582c,Zenodo/TerraDS,iac_benchmark/scenarios/terrads_111fda13582c,True,True,0,0,0,0,0,,,,,1234.0,7895.0,41.0,41.0,5.0
terrads_09fe8df2cda0,Zenodo/TerraDS,iac_benchmark/scenarios/terrads_09fe8df2cda0,True,True,0,0,0,0,0,,,,,444.0,2877.0,19.0,2.0,5.0
terrads_f077ed667bd2,Zenodo/TerraDS,iac_benchmark/scenarios/terrads_f077ed667bd2,True,True,0,0,0,0,0,,,,,760.0,4780.0,27.0,11.0,5.0
terrads_52ebddbbcf6d,Zenodo/TerraDS,iac_benchmark/scenarios/terrads_52ebddbbcf6d,True,True,0,0,0,0,0,,,,,671.0,4303.0,29.0,22.0,5.0
terrads_5b2dd7f41884,Zenodo/TerraDS,iac_benchmark/scenarios/terrads_5b2dd7f41884,True,True,0,0,0,0,0,,,,,448.0,3493.0,16.0,8.0,5.0
terrads_f21add4236ad,Zenodo/TerraDS,iac_benchmark/scenarios/terrads_f21add4236ad,True,True,0,0,0,0,0,,,,,882.0,5914.0,31.0,31.0,5.0
terrads_1d06586aacf5,Zenodo/TerraDS,iac_benchmark/scenarios/terrads_1d06586aacf5,True,True,0,0,0,0,0,,,,,434.0,3227.0,30.0,1.0,5.0
terrads_5777348ea884,Zenodo/TerraDS,iac_benchmark/scenarios/terrads_5777348ea884,True,True,0,0,0,0,0,,,,,605.0,3942.0,14.0,19.0,5.0
terrads_2a8441819431,Zenodo/TerraDS,iac_benchmark/scenarios/terrads_2a8441819431,True,True,0,0,0,0,0,,,,,534.0,4051.0,28.0,15.0,5.0
terrads_12bf678d4ed0,Zenodo/TerraDS,iac_benchmark/scenarios/terrads_12bf678d4ed0,True,True,0,0,0,0,0,,,,,423.0,2540.0,19.0,7.0,5.0
terrads_63ad1ce6a745,Zenodo/TerraDS,iac_benchmark/scenarios/terrads_63ad1ce6a745,True,True,0,0,0,0,0,,,,,542.0,3778.0,16.0,28.0,5.0
terrads_2c0eaa125e24,Zenodo/TerraDS,iac_benchmark/scenarios/terrads_2c0eaa125e24,True,True,0,0,0,0,0,,,,,882.0,5914.0,31.0,31.0,5.0
terrads_6b9d23bf2e22,Zenodo/TerraDS,iac_benchmark/scenarios/terrads_6b9d23bf2e22,True,True,0,0,0,0,0,,,,,462.0,2859.0,26.0,0.0,5.0
terrads_40d34a82a4c0,Zenodo/TerraDS,iac_benchmark/scenarios/terrads_40d34a82a4c0,True,True,0,0,0,0,0,,,,,429.0,3184.0,23.0,9.0,5.0
terrads_06f7402bb001,Zenodo/TerraDS,iac_benchmark/scenarios/terrads_06f7402bb001,True,True,0,0,0,0,0,,,,,694.0,5101.0,36.0,36.0,5.0
terrads_221db280ceff,Zenodo/TerraDS,iac_benchmark/scenarios/terrads_221db280ceff,True,True,0,0,0,0,0,,,,,632.0,4348.0,12.0,59.0,5.0
terrads_f8f5f04a1aff,Zenodo/TerraDS,iac_benchmark/scenarios/terrads_f8f5f04a1aff,True,True,0,0,0,0,0,,,,,451.0,2743.0,12.0,4.0,5.0
terrads_3a5c53a7a9c3,Zenodo/TerraDS,iac_benchmark/scenarios/terrads_3a5c53a7a9c3,True,True,0,0,0,0,0,,,,,441.0,2723.0,15.0,16.0,5.0
terrads_40b5bbdc8bf2,Zenodo/TerraDS,iac_benchmark/scenarios/terrads_40b5bbdc8bf2,True,True,0,0,0,0,0,,,,,547.0,4083.0,27.0,4.0,5.0
terrads_2cda5395c14f,Zenodo/TerraDS,iac_benchmark/scenarios/terrads_2cda5395c14f,True,True,0,0,0,0,0,,,,,628.0,4528.0,28.0,6.0,5.0
terrads_caf8eb2153fe,Zenodo/TerraDS,iac_benchmark/scenarios/terrads_caf8eb2153fe,True,True,0,0,0,0,0,,,,,512.0,3883.0,16.0,9.0,5.0
terrads_291fad32842e,Zenodo/TerraDS,iac_benchmark/scenarios/terrads_291fad32842e,True,True,0,0,0,0,0,,,,,555.0,3860.0,35.0,6.0,5.0
terrads_10c1a75950ad,Zenodo/TerraDS,iac_benchmark/scenarios/terrads_10c1a75950ad,True,True,0,0,0,0,0,,,,,647.0,3907.0,15.0,21.0,5.0
terrads_767e7ebf590d,Zenodo/TerraDS,iac_benchmark/scenarios/terrads_767e7ebf590d,True,True,0,0,0,0,0,,,,,882.0,5914.0,31.0,31.0,5.0
terrads_91b79c00759a,Zenodo/TerraDS,iac_benchmark/scenarios/terrads_91b79c00759a,True,True,0,0,0,0,0,,,,,736.0,5043.0,32.0,16.0,5.0
terrads_4d4a67c59734,Zenodo/TerraDS,iac_benchmark/scenarios/terrads_4d4a67c59734,True,True,0,0,0,0,0,,,,,729.0,4903.0,25.0,1.0,5.0
terrads_5d3ef0659a67,Zenodo/TerraDS,iac_benchmark/scenarios/terrads_5d3ef0659a67,True,True,0,0,0,0,0,,,,,469.0,3728.0,31.0,8.0,5.0
terrads_ac101d0734f1,Zenodo/TerraDS,iac_benchmark/scenarios/terrads_ac101d0734f1,True,True,0,0,0,0,0,,,,,739.0,5004.0,26.0,1.0,5.0
terrads_fdf5cd7a3b4f,Zenodo/TerraDS,iac_benchmark/scenarios/terrads_fdf5cd7a3b4f,True,True,0,0,0,0,0,,,,,435.0,2905.0,24.0,15.0,5.0
terrads_a054695835a0,Zenodo/TerraDS,iac_benchmark/scenarios/terrads_a054695835a0,True,True,0,0,0,0,0,,,,,514.0,3978.0,12.0,26.0,5.0
terrads_292fe9a3a85d,Zenodo/TerraDS,iac_benchmark/scenarios/terrads_292fe9a3a85d,True,True,0,0,0,0,0,,,,,892.0,6096.0,47.0,15.0,5.0
terrads_b056550a2289,Zenodo/TerraDS,iac_benchmark/scenarios/terrads_b056550a2289,True,True,0,0,0,0,0,,,,,648.0,5072.0,12.0,19.0,5.0
terrads_b1316c79dfe4,Zenodo/TerraDS,iac_benchmark/scenarios/terrads_b1316c79dfe4,True,True,0,0,0,0,0,,,,,638.0,5355.0,29.0,15.0,5.0
terrads_59883fcc97ff,Zenodo/TerraDS,iac_benchmark/scenarios/terrads_59883fcc97ff,True,True,0,0,0,0,0,,,,,435.0,3041.0,25.0,13.0,5.0
terrads_cc4f69f29185,Zenodo/TerraDS,iac_benchmark/scenarios/terrads_cc4f69f29185,True,True,0,0,0,0,0,,,,,421.0,2363.0,21.0,17.0,5.0
terrads_8c77a22120a4,Zenodo/TerraDS,iac_benchmark/scenarios/terrads_8c77a22120a4,True,True,0,0,0,0,0,,,,,443.0,2946.0,29.0,1.0,5.0
terrads_f132ce1ca348,Zenodo/TerraDS,iac_benchmark/scenarios/terrads_f132ce1ca348,True,True,0,0,0,0,0,,,,,927.0,6823.0,39.0,9.0,5.0
terrads_143bbf9555c2,Zenodo/TerraDS,iac_benchmark/scenarios/terrads_143bbf9555c2,True,True,0,0,0,0,0,,,,,500.0,3737.0,27.0,21.0,5.0
terrads_95436eb763ea,Zenodo/TerraDS,iac_benchmark/scenarios/terrads_95436eb763ea,True,True,0,0,0,0,0,,,,,422.0,2463.0,17.0,11.0,5.0
terrads_1dfe47dc5b74,Zenodo/TerraDS,iac_benchmark/scenarios/terrads_1dfe47dc5b74,True,True,0,0,0,0,0,,,,,730.0,4903.0,25.0,1.0,5.0
terrads_2f12b5b1fd57,Zenodo/TerraDS,iac_benchmark/scenarios/terrads_2f12b5b1fd57,True,True,0,0,0,0,0,,,,,476.0,3193.0,12.0,21.0,5.0
terrads_9eab77581581,Zenodo/TerraDS,iac_benchmark/scenarios/terrads_9eab77581581,True,True,0,0,0,0,0,,,,,453.0,3079.0,17.0,25.0,5.0
terrads_18940dad4050,Zenodo/TerraDS,iac_benchmark/scenarios/terrads_18940dad4050,True,True,0,0,0,0,0,,,,,449.0,2895.0,29.0,3.0,5.0
terrads_123785db9fe2,Zenodo/TerraDS,iac_benchmark/scenarios/terrads_123785db9fe2,True,True,0,0,0,0,0,,,,,720.0,5017.0,28.0,8.0,5.0
terrads_ace94833615d,Zenodo/TerraDS,iac_benchmark/scenarios/terrads_ace94833615d,True,True,0,0,0,0,0,,,,,443.0,2946.0,29.0,1.0,5.0
terrads_9c33404950e1,Zenodo/TerraDS,iac_benchmark/scenarios/terrads_9c33404950e1,True,True,0,0,0,0,0,,,,,440.0,2671.0,18.0,13.0,5.0
terrads_d15f0d033d30,Zenodo/TerraDS,iac_benchmark/scenarios/terrads_d15f0d033d30,True,True,0,0,0,0,0,,,,,539.0,3691.0,20.0,0.0,5.0
terrads_375218f1f03c,Zenodo/TerraDS,iac_benchmark/scenarios/terrads_375218f1f03c,True,True,0,0,0,0,0,,,,,882.0,5914.0,31.0,31.0,5.0
gh_5286f662,Tianyi2/IRIS,iac_benchmark/scenarios/gh_5286f662,True,True,0,0,0,0,0,,,,,523.0,3914.0,12.0,0.0,5.0
terrads_aaa156f9e1d3,Zenodo/TerraDS,iac_benchmark/scenarios/terrads_aaa156f9e1d3,True,True,0,0,0,0,0,,,,,412.0,2535.0,27.0,0.0,5.0
terrads_352418d9acdc,Zenodo/TerraDS,iac_benchmark/scenarios/terrads_352418d9acdc,True,True,0,0,0,0,0,,,,,473.0,3372.0,25.0,18.0,5.0
terrads_dc643e804354,Zenodo/TerraDS,iac_benchmark/scenarios/terrads_dc643e804354,True,True,0,0,0,0,0,,,,,730.0,4903.0,25.0,1.0,5.0
terrads_249d44322c33,Zenodo/TerraDS,iac_benchmark/scenarios/terrads_249d44322c33,True,True,0,0,0,0,0,,,,,540.0,3525.0,25.0,16.0,5.0
terrads_f6baec87e0e7,Zenodo/TerraDS,iac_benchmark/scenarios/terrads_f6baec87e0e7,True,True,0,0,0,0,0,,,,,620.0,4079.0,19.0,41.0,5.0
terrads_88ada21ebcc2,Zenodo/TerraDS,iac_benchmark/scenarios/terrads_88ada21ebcc2,True,True,0,0,0,0,0,,,,,599.0,3904.0,28.0,11.0,5.0
terrads_e546b0fc5f7f,Zenodo/TerraDS,iac_benchmark/scenarios/terrads_e546b0fc5f7f,True,True,0,0,0,0,0,,,,,734.0,4903.0,25.0,1.0,5.0
terrads_ff27b09da5db,Zenodo/TerraDS,iac_benchmark/scenarios/terrads_ff27b09da5db,True,True,0,0,0,0,0,,,,,486.0,3908.0,16.0,17.0,5.0
terrads_323db9f7de6b,Zenodo/TerraDS,iac_benchmark/scenarios/terrads_323db9f7de6b,True,True,0,0,0,0,0,,,,,570.0,4146.0,16.0,35.0,5.0
terrads_d7938186f40f,Zenodo/TerraDS,iac_benchmark/scenarios/terrads_d7938186f40f,True,True,0,0,0,0,0,,,,,665.0,4020.0,32.0,39.0,5.0
terrads_7a7eb1bd2d6f,Zenodo/TerraDS,iac_benchmark/scenarios/terrads_7a7eb1bd2d6f,True,True,0,0,0,0,0,,,,,453.0,3060.0,19.0,11.0,5.0
terrads_03a379cdb004,Zenodo/TerraDS,iac_benchmark/scenarios/terrads_03a379cdb004,True,True,0,0,0,0,0,,,,,410.0,2383.0,23.0,8.0,5.0
terrads_cb0ceca419a0,Zenodo/TerraDS,iac_benchmark/scenarios/terrads_cb0ceca419a0,True,True,0,0,0,0,0,,,,,405.0,2372.0,15.0,9.0,5.0
terrads_45a116fd5692,Zenodo/TerraDS,iac_benchmark/scenarios/terrads_45a116fd5692,True,True,0,0,0,0,0,,,,,995.0,7294.0,22.0,3.0,5.0
terrads_3a51187187e9,Zenodo/TerraDS,iac_benchmark/scenarios/terrads_3a51187187e9,True,True,0,0,0,0,0,,,,,977.0,6803.0,48.0,8.0,5.0
terrads_b87336e9e011,Zenodo/TerraDS,iac_benchmark/scenarios/terrads_b87336e9e011,True,True,0,0,0,0,0,,,,,571.0,3752.0,15.0,0.0,5.0
terrads_83bb7d9f77f5,Zenodo/TerraDS,iac_benchmark/scenarios/terrads_83bb7d9f77f5,True,True,0,0,0,0,0,,,,,414.0,3085.0,18.0,8.0,5.0
terrads_9dbdae026559,Zenodo/TerraDS,iac_benchmark/scenarios/terrads_9dbdae026559,True,True,0,0,0,0,0,,,,,610.0,4296.0,24.0,17.0,5.0
terrads_eef1a30817d7,Zenodo/TerraDS,iac_benchmark/scenarios/terrads_eef1a30817d7,True,True,0,0,0,0,0,,,,,489.0,3632.0,25.0,0.0,5.0
terrads_b62d5026f09f,Zenodo/TerraDS,iac_benchmark/scenarios/terrads_b62d5026f09f,True,True,0,0,0,0,0,,,,,569.0,3506.0,16.0,34.0,5.0
terrads_777f302fd01f,Zenodo/TerraDS,iac_benchmark/scenarios/terrads_777f302fd01f,True,True,0,0,0,0,0,,,,,745.0,5035.0,26.0,1.0,5.0
terrads_a8e8f83041cf,Zenodo/TerraDS,iac_benchmark/scenarios/terrads_a8e8f83041cf,True,True,0,0,0,0,0,,,,,478.0,3297.0,27.0,14.0,5.0
terrads_bae9b4c9dfcf,Zenodo/TerraDS,iac_benchmark/scenarios/terrads_bae9b4c9dfcf,True,True,0,0,0,0,0,,,,,734.0,4903.0,25.0,1.0,5.0
terrads_111392aed69d,Zenodo/TerraDS,iac_benchmark/scenarios/terrads_111392aed69d,True,True,0,0,0,0,0,,,,,420.0,2820.0,20.0,8.0,5.0
terrads_ec691f816618,Zenodo/TerraDS,iac_benchmark/scenarios/terrads_ec691f816618,True,True,0,0,0,0,0,,,,,400.0,2485.0,29.0,10.0,5.0
terrads_f1438328c8d1,Zenodo/TerraDS,iac_benchmark/scenarios/terrads_f1438328c8d1,True,True,0,0,0,0,0,,,,,781.0,5063.0,17.0,36.0,5.0
terrads_898f18406965,Zenodo/TerraDS,iac_benchmark/scenarios/terrads_898f18406965,True,True,0,0,0,0,0,,,,,432.0,2673.0,28.0,0.0,5.0
terrads_ed50ec05233d,Zenodo/TerraDS,iac_benchmark/scenarios/terrads_ed50ec05233d,True,True,0,0,0,0,0,,,,,545.0,3536.0,25.0,16.0,5.0
terrads_2ca68a938aca,Zenodo/TerraDS,iac_benchmark/scenarios/terrads_2ca68a938aca,True,True,0,0,0,0,0,,,,,697.0,4924.0,61.0,4.0,5.0
terrads_dae5a60a084f,Zenodo/TerraDS,iac_benchmark/scenarios/terrads_dae5a60a084f,True,True,0,0,0,0,0,,,,,823.0,6124.0,33.0,48.0,5.0
terrads_3d9882ff15da,Zenodo/TerraDS,iac_benchmark/scenarios/terrads_3d9882ff15da,True,True,0,0,0,0,0,,,,,500.0,2829.0,15.0,5.0,5.0
terrads_5e8c879208c6,Zenodo/TerraDS,iac_benchmark/scenarios/terrads_5e8c879208c6,True,True,0,0,0,0,0,,,,,649.0,4332.0,62.0,62.0,5.0
terrads_8ca1be9bf9fd,Zenodo/TerraDS,iac_benchmark/scenarios/terrads_8ca1be9bf9fd,True,True,0,0,0,0,0,,,,,957.0,6643.0,42.0,25.0,5.0
terrads_07b2dd503f1d,Zenodo/TerraDS,iac_benchmark/scenarios/terrads_07b2dd503f1d,True,True,0,0,0,0,0,,,,,429.0,3510.0,16.0,13.0,5.0
terrads_1892980c2d12,Zenodo/TerraDS,iac_benchmark/scenarios/terrads_1892980c2d12,True,True,0,0,0,0,0,,,,,516.0,3798.0,23.0,9.0,5.0
terrads_ab1b1245f019,Zenodo/TerraDS,iac_benchmark/scenarios/terrads_ab1b1245f019,True,True,0,0,0,0,0,,,,,437.0,3263.0,28.0,18.0,5.0
terrads_ee855f9cb04a,Zenodo/TerraDS,iac_benchmark/scenarios/terrads_ee855f9cb04a,True,True,0,0,0,0,0,,,,,905.0,7226.0,42.0,5.0,5.0
terrads_9737e37f9063,Zenodo/TerraDS,iac_benchmark/scenarios/terrads_9737e37f9063,True,True,0,0,0,0,0,,,,,742.0,5019.0,26.0,1.0,5.0
terrads_a3a902e2b001,Zenodo/TerraDS,iac_benchmark/scenarios/terrads_a3a902e2b001,True,True,0,0,0,0,0,,,,,882.0,5914.0,31.0,31.0,5.0
terrads_692771349df9,Zenodo/TerraDS,iac_benchmark/scenarios/terrads_692771349df9,True,True,0,0,0,0,0,,,,,558.0,3495.0,26.0,12.0,5.0
terrads_3587a00589c2,Zenodo/TerraDS,iac_benchmark/scenarios/terrads_3587a00589c2,True,True,0,0,0,0,0,,,,,477.0,2908.0,27.0,9.0,5.0
terrads_3fb9f3fab4dc,Zenodo/TerraDS,iac_benchmark/scenarios/terrads_3fb9f3fab4dc,True,True,0,0,0,0,0,,,,,628.0,4126.0,12.0,58.0,5.0
terrads_f3cfb3a9cdb7,Zenodo/TerraDS,iac_benchmark/scenarios/terrads_f3cfb3a9cdb7,True,True,0,0,0,0,0,,,,,654.0,4580.0,28.0,6.0,5.0
terrads_2cf150f85716,Zenodo/TerraDS,iac_benchmark/scenarios/terrads_2cf150f85716,True,True,0,0,0,0,0,,,,,715.0,5164.0,20.0,23.0,5.0
terrads_f8d97515cb06,Zenodo/TerraDS,iac_benchmark/scenarios/terrads_f8d97515cb06,True,True,0,0,0,0,0,,,,,405.0,2049.0,13.0,17.0,5.0
terrads_4daccf0b8415,Zenodo/TerraDS,iac_benchmark/scenarios/terrads_4daccf0b8415,True,True,0,0,0,0,0,,,,,540.0,3525.0,25.0,16.0,5.0
terrads_4d67d8aab94d,Zenodo/TerraDS,iac_benchmark/scenarios/terrads_4d67d8aab94d,True,True,0,0,0,0,0,,,,,674.0,4619.0,33.0,18.0,5.0
terrads_b6f8b48628dc,Zenodo/TerraDS,iac_benchmark/scenarios/terrads_b6f8b48628dc,True,True,0,0,0,0,0,,,,,629.0,4609.0,44.0,0.0,5.0
terrads_3eb3820a8beb,Zenodo/TerraDS,iac_benchmark/scenarios/terrads_3eb3820a8beb,True,True,0,0,0,0,0,,,,,887.0,5768.0,33.0,23.0,5.0
terrads_4b3bbe7ca071,Zenodo/TerraDS,iac_benchmark/scenarios/terrads_4b3bbe7ca071,True,True,0,0,0,0,0,,,,,830.0,5426.0,45.0,10.0,5.0
terrads_fba6c857c2ce,Zenodo/TerraDS,iac_benchmark/scenarios/terrads_fba6c857c2ce,True,True,0,0,0,0,0,,,,,412.0,2762.0,20.0,6.0,5.0
terrads_f789ec79a41b,Zenodo/TerraDS,iac_benchmark/scenarios/terrads_f789ec79a41b,True,True,0,0,0,0,0,,,,,691.0,5111.0,35.0,11.0,5.0
terrads_be69a3932f45,Zenodo/TerraDS,iac_benchmark/scenarios/terrads_be69a3932f45,True,True,0,0,0,0,0,,,,,411.0,2567.0,14.0,14.0,5.0
terrads_4b180b60ff1f,Zenodo/TerraDS,iac_benchmark/scenarios/terrads_4b180b60ff1f,True,True,0,0,0,0,0,,,,,432.0,2673.0,28.0,0.0,5.0
terrads_47c28c47b82c,Zenodo/TerraDS,iac_benchmark/scenarios/terrads_47c28c47b82c,True,True,0,0,0,0,0,,,,,1048.0,6798.0,36.0,32.0,5.0
terrads_a756ef0f0de8,Zenodo/TerraDS,iac_benchmark/scenarios/terrads_a756ef0f0de8,True,True,0,0,0,0,0,,,,,728.0,4893.0,25.0,1.0,5.0
terrads_52926640612c,Zenodo/TerraDS,iac_benchmark/scenarios/terrads_52926640612c,True,True,0,0,0,0,0,,,,,731.0,4903.0,25.0,1.0,5.0
terrads_22d7fdc182d1,Zenodo/TerraDS,iac_benchmark/scenarios/terrads_22d7fdc182d1,True,True,0,0,0,0,0,,,,,740.0,7321.0,12.0,28.0,5.0
terrads_e1efcf43a6df,Zenodo/TerraDS,iac_benchmark/scenarios/terrads_e1efcf43a6df,True,True,0,0,0,0,0,,,,,508.0,3320.0,17.0,16.0,5.0
terrads_ef21737dfd37,Zenodo/TerraDS,iac_benchmark/scenarios/terrads_ef21737dfd37,True,True,0,0,0,0,0,,,,,563.0,4894.0,26.0,1.0,5.0
terrads_2f28ec5a517a,Zenodo/TerraDS,iac_benchmark/scenarios/terrads_2f28ec5a517a,True,True,0,0,0,0,0,,,,,563.0,4783.0,37.0,8.0,5.0
terrads_f2639e0cca43,Zenodo/TerraDS,iac_benchmark/scenarios/terrads_f2639e0cca43,True,True,0,0,0,0,0,,,,,540.0,3525.0,25.0,16.0,5.0
terrads_195f121c15ee,Zenodo/TerraDS,iac_benchmark/scenarios/terrads_195f121c15ee,True,True,0,0,0,0,0,,,,,452.0,3046.0,28.0,2.0,5.0
terrads_84439b0ecb65,Zenodo/TerraDS,iac_benchmark/scenarios/terrads_84439b0ecb65,True,True,0,0,0,0,0,,,,,661.0,4958.0,13.0,39.0,5.0
terrads_296fae3f4af4,Zenodo/TerraDS,iac_benchmark/scenarios/terrads_296fae3f4af4,True,True,0,0,0,0,0,,,,,863.0,5316.0,23.0,23.0,5.0
gh_ed129b0e,Tianyi2/IRIS,iac_benchmark/scenarios/gh_ed129b0e,True,True,0,0,0,0,0,,,,,823.0,6848.0,38.0,6.0,5.0
terrads_2f7ebc696fcb,Zenodo/TerraDS,iac_benchmark/scenarios/terrads_2f7ebc696fcb,True,True,0,0,0,0,0,,,,,924.0,6523.0,38.0,9.0,5.0
terrads_419b285c50d6,Zenodo/TerraDS,iac_benchmark/scenarios/terrads_419b285c50d6,True,True,0,0,0,0,0,,,,,1004.0,6900.0,38.0,12.0,5.0
terrads_f932679f6cae,Zenodo/TerraDS,iac_benchmark/scenarios/terrads_f932679f6cae,True,True,0,0,0,0,0,,,,,695.0,4443.0,13.0,34.0,5.0
terrads_bbf29fd83fd2,Zenodo/TerraDS,iac_benchmark/scenarios/terrads_bbf29fd83fd2,True,True,0,0,0,0,0,,,,,506.0,3589.0,35.0,0.0,5.0
terrads_4085966a352c,Zenodo/TerraDS,iac_benchmark/scenarios/terrads_4085966a352c,True,True,0,0,0,0,0,,,,,417.0,3008.0,32.0,2.0,5.0
terrads_14a12b68a369,Zenodo/TerraDS,iac_benchmark/scenarios/terrads_14a12b68a369,True,True,0,0,0,0,0,,,,,730.0,4903.0,25.0,1.0,5.0
terrads_279840193b75,Zenodo/TerraDS,iac_benchmark/scenarios/terrads_279840193b75,True,True,0,0,0,0,0,,,,,734.0,4903.0,25.0,1.0,5.0
terrads_5e987f02bee1,Zenodo/TerraDS,iac_benchmark/scenarios/terrads_5e987f02bee1,True,True,0,0,0,0,0,,,,,539.0,3691.0,20.0,0.0,5.0
terrads_d1a81c786370,Zenodo/TerraDS,iac_benchmark/scenarios/terrads_d1a81c786370,True,True,0,0,0,0,0,,,,,770.0,5392.0,41.0,7.0,5.0
terrads_36b3de4b0a3e,Zenodo/TerraDS,iac_benchmark/scenarios/terrads_36b3de4b0a3e,True,True,0,0,0,0,0,,,,,465.0,2909.0,34.0,4.0,5.0
terrads_3f77ef35ab6c,Zenodo/TerraDS,iac_benchmark/scenarios/terrads_3f77ef35ab6c,True,True,0,0,0,0,0,,,,,447.0,2958.0,24.0,6.0,5.0
terrads_60d9da018170,Zenodo/TerraDS,iac_benchmark/scenarios/terrads_60d9da018170,True,True,0,0,0,0,0,,,,,582.0,3532.0,18.0,6.0,5.0
terrads_24f66b128f92,Zenodo/TerraDS,iac_benchmark/scenarios/terrads_24f66b128f92,True,True,0,0,0,0,0,,,,,767.0,5507.0,38.0,10.0,5.0
terrads_bfba0d0868dd,Zenodo/TerraDS,iac_benchmark/scenarios/terrads_bfba0d0868dd,True,True,0,0,0,0,0,,,,,486.0,3478.0,24.0,28.0,5.0
terrads_f9dda318ad81,Zenodo/TerraDS,iac_benchmark/scenarios/terrads_f9dda318ad81,True,True,0,0,0,0,0,,,,,508.0,3452.0,25.0,16.0,5.0
terrads_b08b684c46e6,Zenodo/TerraDS,iac_benchmark/scenarios/terrads_b08b684c46e6,True,True,0,0,0,0,0,,,,,693.0,5694.0,32.0,22.0,5.0
terrads_c60718a64e7c,Zenodo/TerraDS,iac_benchmark/scenarios/terrads_c60718a64e7c,True,True,0,0,0,0,0,,,,,806.0,5458.0,21.0,22.0,5.0
terrads_4af40c9e3d14,Zenodo/TerraDS,iac_benchmark/scenarios/terrads_4af40c9e3d14,True,True,0,0,0,0,0,,,,,471.0,3585.0,24.0,11.0,5.0
terrads_2c800ea1262a,Zenodo/TerraDS,iac_benchmark/scenarios/terrads_2c800ea1262a,True,True,0,0,0,0,0,,,,,762.0,5313.0,24.0,10.0,5.0
terrads_2d3789e0533e,Zenodo/TerraDS,iac_benchmark/scenarios/terrads_2d3789e0533e,True,True,0,0,0,0,0,,,,,882.0,5914.0,31.0,31.0,5.0
terrads_9e5634140ba5,Zenodo/TerraDS,iac_benchmark/scenarios/terrads_9e5634140ba5,True,True,0,0,0,0,0,,,,,563.0,4783.0,37.0,8.0,5.0
terrads_2c403a69a52a,Zenodo/TerraDS,iac_benchmark/scenarios/terrads_2c403a69a52a,True,True,0,0,0,0,0,,,,,424.0,2859.0,26.0,3.0,5.0
terrads_a904565bd1e9,Zenodo/TerraDS,iac_benchmark/scenarios/terrads_a904565bd1e9,True,True,0,0,0,0,0,,,,,552.0,4503.0,14.0,44.0,5.0
terrads_40940e5ceeda,Zenodo/TerraDS,iac_benchmark/scenarios/terrads_40940e5ceeda,True,True,0,0,0,0,0,,,,,440.0,2671.0,18.0,13.0,5.0
terrads_81a3d2b67b9c,Zenodo/TerraDS,iac_benchmark/scenarios/terrads_81a3d2b67b9c,True,True,0,0,0,0,0,,,,,432.0,3035.0,13.0,11.0,5.0
terrads_644ff97ef5c8,Zenodo/TerraDS,iac_benchmark/scenarios/terrads_644ff97ef5c8,True,True,0,0,0,0,0,,,,,426.0,2645.0,27.0,1.0,5.0
terrads_10939eb24d6c,Zenodo/TerraDS,iac_benchmark/scenarios/terrads_10939eb24d6c,True,True,0,0,0,0,0,,,,,903.0,6968.0,23.0,50.0,5.0
terrads_bb34e06836d9,Zenodo/TerraDS,iac_benchmark/scenarios/terrads_bb34e06836d9,True,True,0,0,0,0,0,,,,,599.0,5047.0,37.0,8.0,5.0
terrads_ea64bd600acd,Zenodo/TerraDS,iac_benchmark/scenarios/terrads_ea64bd600acd,True,True,0,0,0,0,0,,,,,463.0,2835.0,17.0,17.0,5.0
terrads_3f10eda5060a,Zenodo/TerraDS,iac_benchmark/scenarios/terrads_3f10eda5060a,True,True,0,0,0,0,0,,,,,444.0,2877.0,19.0,2.0,5.0
terrads_1ba03a3d29ad,Zenodo/TerraDS,iac_benchmark/scenarios/terrads_1ba03a3d29ad,True,True,0,0,0,0,0,,,,,422.0,2463.0,17.0,11.0,5.0
terrads_0cc722fe771b,Zenodo/TerraDS,iac_benchmark/scenarios/terrads_0cc722fe771b,True,True,0,0,0,0,0,,,,,639.0,4258.0,12.0,21.0,5.0
terrads_2fbf471d0617,Zenodo/TerraDS,iac_benchmark/scenarios/terrads_2fbf471d0617,True,True,0,0,0,0,0,,,,,1003.0,6648.0,26.0,29.0,5.0
terrads_0c7366a0df74,Zenodo/TerraDS,iac_benchmark/scenarios/terrads_0c7366a0df74,True,True,0,0,0,0,0,,,,,473.0,3490.0,34.0,9.0,5.0
terrads_46dbd66d6399,Zenodo/TerraDS,iac_benchmark/scenarios/terrads_46dbd66d6399,True,True,0,0,0,0,0,,,,,495.0,3314.0,49.0,10.0,5.0
terrads_633e01740b58,Zenodo/TerraDS,iac_benchmark/scenarios/terrads_633e01740b58,True,True,0,0,0,0,0,,,,,594.0,3975.0,14.0,28.0,5.0
terrads_262fcaf9f761,Zenodo/TerraDS,iac_benchmark/scenarios/terrads_262fcaf9f761,True,True,0,0,0,0,0,,,,,1095.0,7041.0,56.0,21.0,5.0
terrads_72b1abc20929,Zenodo/TerraDS,iac_benchmark/scenarios/terrads_72b1abc20929,True,True,0,0,0,0,0,,,,,548.0,4440.0,45.0,7.0,5.0
terrads_35fdd65950e0,Zenodo/TerraDS,iac_benchmark/scenarios/terrads_35fdd65950e0,True,True,0,0,0,0,0,,,,,400.0,2595.0,29.0,9.0,5.0
terrads_2d917d2a648d,Zenodo/TerraDS,iac_benchmark/scenarios/terrads_2d917d2a648d,True,True,0,0,0,0,0,,,,,435.0,3011.0,24.0,13.0,5.0
terrads_f10568b83fb4,Zenodo/TerraDS,iac_benchmark/scenarios/terrads_f10568b83fb4,True,True,0,0,0,0,0,,,,,888.0,6658.0,15.0,19.0,5.0
terrads_34706596e6c3,Zenodo/TerraDS,iac_benchmark/scenarios/terrads_34706596e6c3,True,True,0,0,0,0,0,,,,,657.0,4735.0,31.0,5.0,5.0
terrads_e79b0502d73e,Zenodo/TerraDS,iac_benchmark/scenarios/terrads_e79b0502d73e,True,True,0,0,0,0,0,,,,,565.0,4001.0,25.0,1.0,5.0
terrads_589ac83e12d5,Zenodo/TerraDS,iac_benchmark/scenarios/terrads_589ac83e12d5,True,True,0,0,0,0,0,,,,,611.0,4868.0,17.0,50.0,5.0
terrads_32089ecb420e,Zenodo/TerraDS,iac_benchmark/scenarios/terrads_32089ecb420e,True,True,0,0,0,0,0,,,,,495.0,3237.0,24.0,0.0,5.0
terrads_2641b0bb7492,Zenodo/TerraDS,iac_benchmark/scenarios/terrads_2641b0bb7492,True,True,0,0,0,0,0,,,,,409.0,2956.0,15.0,19.0,5.0
terrads_f60a43b5a762,Zenodo/TerraDS,iac_benchmark/scenarios/terrads_f60a43b5a762,True,True,0,0,0,0,0,,,,,471.0,2944.0,36.0,0.0,5.0
terrads_e17e58aeea97,Zenodo/TerraDS,iac_benchmark/scenarios/terrads_e17e58aeea97,True,True,0,0,0,0,0,,,,,488.0,2910.0,12.0,21.0,5.0
terrads_3013379af11f,Zenodo/TerraDS,iac_benchmark/scenarios/terrads_3013379af11f,True,True,0,0,0,0,0,,,,,536.0,4057.0,14.0,11.0,5.0
terrads_1ae95652f3d6,Zenodo/TerraDS,iac_benchmark/scenarios/terrads_1ae95652f3d6,True,True,0,0,0,0,0,,,,,882.0,5914.0,31.0,31.0,5.0
terrads_01f1aa9f891c,Zenodo/TerraDS,iac_benchmark/scenarios/terrads_01f1aa9f891c,True,True,0,0,0,0,0,,,,,728.0,4893.0,25.0,1.0,5.0
terrads_17c371daae5b,Zenodo/TerraDS,iac_benchmark/scenarios/terrads_17c371daae5b,True,True,0,0,0,0,0,,,,,406.0,3655.0,25.0,28.0,5.0
terrads_f9c17d76881f,Zenodo/TerraDS,iac_benchmark/scenarios/terrads_f9c17d76881f,True,True,0,0,0,0,0,,,,,692.0,4683.0,25.0,20.0,5.0
terrads_c82455184299,Zenodo/TerraDS,iac_benchmark/scenarios/terrads_c82455184299,True,True,0,0,0,0,0,,,,,409.0,2613.0,21.0,6.0,5.0
terrads_5b120933f239,Zenodo/TerraDS,iac_benchmark/scenarios/terrads_5b120933f239,True,True,0,0,0,0,0,,,,,689.0,5038.0,15.0,21.0,5.0
terrads_0bb08b12773d,Zenodo/TerraDS,iac_benchmark/scenarios/terrads_0bb08b12773d,True,True,0,0,0,0,0,,,,,597.0,4543.0,25.0,19.0,5.0
terrads_9039c0f52718,Zenodo/TerraDS,iac_benchmark/scenarios/terrads_9039c0f52718,True,True,0,0,0,0,0,,,,,494.0,3555.0,19.0,30.0,5.0
terrads_d67f46b008ab,Zenodo/TerraDS,iac_benchmark/scenarios/terrads_d67f46b008ab,True,True,0,0,0,0,0,,,,,461.0,3430.0,21.0,8.0,5.0
terrads_0e03132fb6d1,Zenodo/TerraDS,iac_benchmark/scenarios/terrads_0e03132fb6d1,True,True,0,0,0,0,0,,,,,732.0,4903.0,25.0,1.0,5.0
terrads_120537a8300f,Zenodo/TerraDS,iac_benchmark/scenarios/terrads_120537a8300f,True,True,0,0,0,0,0,,,,,592.0,4239.0,41.0,15.0,5.0
terrads_1557c2421068,Zenodo/TerraDS,iac_benchmark/scenarios/terrads_1557c2421068,True,True,0,0,0,0,0,,,,,729.0,4903.0,25.0,1.0,5.0
terrads_b44bbf97e7cf,Zenodo/TerraDS,iac_benchmark/scenarios/terrads_b44bbf97e7cf,True,True,0,0,0,0,0,,,,,604.0,4193.0,31.0,16.0,5.0
terrads_8d7441255c1c,Zenodo/TerraDS,iac_benchmark/scenarios/terrads_8d7441255c1c,True,True,0,0,0,0,0,,,,,426.0,2929.0,21.0,11.0,5.0
terrads_db603d90df09,Zenodo/TerraDS,iac_benchmark/scenarios/terrads_db603d90df09,True,True,0,0,0,0,0,,,,,402.0,3211.0,16.0,21.0,5.0
terrads_da119e66ac45,Zenodo/TerraDS,iac_benchmark/scenarios/terrads_da119e66ac45,True,True,0,0,0,0,0,,,,,892.0,7145.0,57.0,8.0,5.0
terrads_73e6c86976bb,Zenodo/TerraDS,iac_benchmark/scenarios/terrads_73e6c86976bb,True,True,0,0,0,0,0,,,,,408.0,2874.0,26.0,10.0,5.0
terrads_dec09377311a,Zenodo/TerraDS,iac_benchmark/scenarios/terrads_dec09377311a,True,True,0,0,0,0,0,,,,,728.0,4893.0,25.0,1.0,5.0
terrads_a2a1c6720229,Zenodo/TerraDS,iac_benchmark/scenarios/terrads_a2a1c6720229,True,True,0,0,0,0,0,,,,,823.0,5536.0,28.0,31.0,5.0
terrads_b26e34cb7979,Zenodo/TerraDS,iac_benchmark/scenarios/terrads_b26e34cb7979,True,True,0,0,0,0,0,,,,,406.0,3108.0,39.0,6.0,5.0
terrads_36a5802453ec,Zenodo/TerraDS,iac_benchmark/scenarios/terrads_36a5802453ec,True,True,0,0,0,0,0,,,,,910.0,6489.0,14.0,40.0,5.0
terrads_3df48df1fe54,Zenodo/TerraDS,iac_benchmark/scenarios/terrads_3df48df1fe54,True,True,0,0,0,0,0,,,,,764.0,6472.0,44.0,0.0,5.0
terrads_70833d780902,Zenodo/TerraDS,iac_benchmark/scenarios/terrads_70833d780902,True,True,0,0,0,0,0,,,,,823.0,6642.0,36.0,29.0,5.0
terrads_399ec2708f68,Zenodo/TerraDS,iac_benchmark/scenarios/terrads_399ec2708f68,True,True,0,0,0,0,0,,,,,505.0,3485.0,32.0,0.0,5.0
terrads_e6799e19e2cf,Zenodo/TerraDS,iac_benchmark/scenarios/terrads_e6799e19e2cf,True,True,0,0,0,0,0,,,,,940.0,6944.0,49.0,9.0,5.0
terrads_477871e34d91,Zenodo/TerraDS,iac_benchmark/scenarios/terrads_477871e34d91,True,True,0,0,0,0,0,,,,,516.0,4084.0,23.0,13.0,5.0
terrads_faafc73daf72,Zenodo/TerraDS,iac_benchmark/scenarios/terrads_faafc73daf72,True,True,0,0,0,0,0,,,,,562.0,3690.0,16.0,34.0,5.0
terrads_459a749bd665,Zenodo/TerraDS,iac_benchmark/scenarios/terrads_459a749bd665,True,True,0,0,0,0,0,,,,,592.0,4062.0,15.0,10.0,5.0
terrads_43370930b0d8,Zenodo/TerraDS,iac_benchmark/scenarios/terrads_43370930b0d8,True,True,0,0,0,0,0,,,,,899.0,6465.0,46.0,0.0,5.0
terrads_b80269c8e20c,Zenodo/TerraDS,iac_benchmark/scenarios/terrads_b80269c8e20c,True,True,0,0,0,0,0,,,,,731.0,4903.0,25.0,1.0,5.0
terrads_c188762886f1,Zenodo/TerraDS,iac_benchmark/scenarios/terrads_c188762886f1,True,True,0,0,0,0,0,,,,,725.0,5345.0,15.0,28.0,5.0
terrads_7275ddf51c51,Zenodo/TerraDS,iac_benchmark/scenarios/terrads_7275ddf51c51,True,True,0,0,0,0,0,,,,,729.0,4903.0,25.0,1.0,5.0
terrads_bd3f70327c11,Zenodo/TerraDS,iac_benchmark/scenarios/terrads_bd3f70327c11,True,True,0,0,0,0,0,,,,,509.0,3273.0,22.0,6.0,5.0
terrads_f09631bee8b3,Zenodo/TerraDS,iac_benchmark/scenarios/terrads_f09631bee8b3,True,True,0,0,0,0,0,,,,,724.0,5501.0,18.0,41.0,5.0
terrads_82d39cfdb99f,Zenodo/TerraDS,iac_benchmark/scenarios/terrads_82d39cfdb99f,True,True,0,0,0,0,0,,,,,457.0,3209.0,26.0,33.0,5.0
terrads_64c256f95e78,Zenodo/TerraDS,iac_benchmark/scenarios/terrads_64c256f95e78,True,True,0,0,0,0,0,,,,,598.0,4048.0,28.0,5.0,5.0
terrads_3e4a0b3b803c,Zenodo/TerraDS,iac_benchmark/scenarios/terrads_3e4a0b3b803c,True,True,0,0,0,0,0,,,,,732.0,4906.0,47.0,1.0,5.0
terrads_95a85c06fbb4,Zenodo/TerraDS,iac_benchmark/scenarios/terrads_95a85c06fbb4,True,True,0,0,0,0,0,,,,,438.0,2802.0,18.0,11.0,5.0
terrads_041fac950688,Zenodo/TerraDS,iac_benchmark/scenarios/terrads_041fac950688,True,True,0,0,0,0,0,,,,,540.0,3525.0,25.0,16.0,5.0
terrads_995b2dccb015,Zenodo/TerraDS,iac_benchmark/scenarios/terrads_995b2dccb015,True,True,0,0,0,0,0,,,,,478.0,3106.0,17.0,21.0,5.0
terrads_69fce805a3c7,Zenodo/TerraDS,iac_benchmark/scenarios/terrads_69fce805a3c7,True,True,0,0,0,0,0,,,,,766.0,5281.0,34.0,38.0,5.0
terrads_61e3a45275dd,Zenodo/TerraDS,iac_benchmark/scenarios/terrads_61e3a45275dd,True,True,0,0,0,0,0,,,,,495.0,3350.0,12.0,27.0,5.0
terrads_f182a4990292,Zenodo/TerraDS,iac_benchmark/scenarios/terrads_f182a4990292,True,True,0,0,0,0,0,,,,,447.0,3083.0,27.0,10.0,5.0
terrads_ed03bde9333c,Zenodo/TerraDS,iac_benchmark/scenarios/terrads_ed03bde9333c,True,True,0,0,0,0,0,,,,,692.0,4442.0,20.0,13.0,5.0
terrads_0dadf5d61b6b,Zenodo/TerraDS,iac_benchmark/scenarios/terrads_0dadf5d61b6b,True,True,0,0,0,0,0,,,,,1104.0,7117.0,36.0,68.0,5.0
terrads_3bc729f6787a,Zenodo/TerraDS,iac_benchmark/scenarios/terrads_3bc729f6787a,True,True,0,0,0,0,0,,,,,976.0,7958.0,75.0,1.0,5.0
terrads_74db3ae56806,Zenodo/TerraDS,iac_benchmark/scenarios/terrads_74db3ae56806,True,True,0,0,0,0,0,,,,,692.0,5125.0,30.0,12.0,5.0
terrads_ab4cf4b78674,Zenodo/TerraDS,iac_benchmark/scenarios/terrads_ab4cf4b78674,True,True,0,0,0,0,0,,,,,600.0,3875.0,12.0,29.0,5.0
terrads_01e6849ff23a,Zenodo/TerraDS,iac_benchmark/scenarios/terrads_01e6849ff23a,True,True,0,0,0,0,0,,,,,530.0,3141.0,20.0,19.0,5.0
terrads_ea5af0a2aa52,Zenodo/TerraDS,iac_benchmark/scenarios/terrads_ea5af0a2aa52,True,True,0,0,0,0,0,,,,,527.0,3509.0,19.0,24.0,5.0
terrads_44c160dfa992,Zenodo/TerraDS,iac_benchmark/scenarios/terrads_44c160dfa992,True,True,0,0,0,0,0,,,,,882.0,5914.0,31.0,31.0,5.0
terrads_46f64ac6bfbd,Zenodo/TerraDS,iac_benchmark/scenarios/terrads_46f64ac6bfbd,True,True,0,0,0,0,0,,,,,518.0,3467.0,31.0,0.0,5.0
terrads_cba1530fb326,Zenodo/TerraDS,iac_benchmark/scenarios/terrads_cba1530fb326,True,True,0,0,0,0,0,,,,,882.0,5915.0,30.0,31.0,5.0
terrads_fbd5e42c56b6,Zenodo/TerraDS,iac_benchmark/scenarios/terrads_fbd5e42c56b6,True,True,0,0,0,0,0,,,,,565.0,2964.0,19.0,22.0,5.0
terrads_264394b2019d,Zenodo/TerraDS,iac_benchmark/scenarios/terrads_264394b2019d,True,True,0,0,0,0,0,,,,,452.0,3046.0,28.0,2.0,5.0
terrads_4737cf242812,Zenodo/TerraDS,iac_benchmark/scenarios/terrads_4737cf242812,True,True,0,0,0,0,0,,,,,882.0,5914.0,31.0,31.0,5.0
terrads_77e78c5b77f1,Zenodo/TerraDS,iac_benchmark/scenarios/terrads_77e78c5b77f1,True,True,0,0,0,0,0,,,,,635.0,4415.0,13.0,16.0,5.0
terrads_dac363c8632d,Zenodo/TerraDS,iac_benchmark/scenarios/terrads_dac363c8632d,True,True,0,0,0,0,0,,,,,1044.0,7227.0,45.0,11.0,5.0
terrads_a835b783700b,Zenodo/TerraDS,iac_benchmark/scenarios/terrads_a835b783700b,True,True,0,0,0,0,0,,,,,432.0,2634.0,14.0,12.0,5.0
terrads_fb19010d1ab3,Zenodo/TerraDS,iac_benchmark/scenarios/terrads_fb19010d1ab3,True,True,0,0,0,0,0,,,,,565.0,4482.0,33.0,17.0,5.0
terrads_b86793a16891,Zenodo/TerraDS,iac_benchmark/scenarios/terrads_b86793a16891,True,True,0,0,0,0,0,,,,,713.0,6844.0,16.0,18.0,5.0
terrads_0c2a64c07bce,Zenodo/TerraDS,iac_benchmark/scenarios/terrads_0c2a64c07bce,True,True,0,0,0,0,0,,,,,456.0,3087.0,33.0,0.0,5.0
terrads_78f3bc5812db,Zenodo/TerraDS,iac_benchmark/scenarios/terrads_78f3bc5812db,True,True,0,0,0,0,0,,,,,538.0,3207.0,41.0,6.0,5.0
terrads_4da8e1fe6997,Zenodo/TerraDS,iac_benchmark/scenarios/terrads_4da8e1fe6997,True,True,0,0,0,0,0,,,,,525.0,3609.0,26.0,11.0,5.0
terrads_ef68303e7616,Zenodo/TerraDS,iac_benchmark/scenarios/terrads_ef68303e7616,True,True,0,0,0,0,0,,,,,664.0,4585.0,31.0,37.0,5.0
terrads_888750961c4b,Zenodo/TerraDS,iac_benchmark/scenarios/terrads_888750961c4b,True,True,0,0,0,0,0,,,,,525.0,3449.0,24.0,4.0,5.0
terrads_debe0d9efe36,Zenodo/TerraDS,iac_benchmark/scenarios/terrads_debe0d9efe36,True,True,0,0,0,0,0,,,,,433.0,2656.0,13.0,14.0,5.0
terrads_0b9ee19fc294,Zenodo/TerraDS,iac_benchmark/scenarios/terrads_0b9ee19fc294,True,True,0,0,0,0,0,,,,,513.0,3356.0,29.0,11.0,5.0
terrads_cc8ff96ca9db,Zenodo/TerraDS,iac_benchmark/scenarios/terrads_cc8ff96ca9db,True,True,0,0,0,0,0,,,,,570.0,3418.0,17.0,21.0,5.0
terrads_895c9f588388,Zenodo/TerraDS,iac_benchmark/scenarios/terrads_895c9f588388,True,True,0,0,0,0,0,,,,,496.0,3991.0,23.0,7.0,5.0
terrads_e0f14cfea16e,Zenodo/TerraDS,iac_benchmark/scenarios/terrads_e0f14cfea16e,True,True,0,0,0,0,0,,,,,540.0,3525.0,25.0,16.0,5.0
terrads_9e885ca53311,Zenodo/TerraDS,iac_benchmark/scenarios/terrads_9e885ca53311,True,True,0,0,0,0,0,,,,,441.0,4134.0,12.0,15.0,5.0
terrads_1b8524ee06e8,Zenodo/TerraDS,iac_benchmark/scenarios/terrads_1b8524ee06e8,True,True,0,0,0,0,0,,,,,512.0,3216.0,25.0,16.0,5.0
terrads_ff0fd0d3032f,Zenodo/TerraDS,iac_benchmark/scenarios/terrads_ff0fd0d3032f,True,True,0,0,0,0,0,,,,,547.0,3949.0,18.0,17.0,5.0
terrads_4fbf7bafa868,Zenodo/TerraDS,iac_benchmark/scenarios/terrads_4fbf7bafa868,True,True,0,0,0,0,0,,,,,875.0,6740.0,27.0,42.0,5.0
terrads_24869858342c,Zenodo/TerraDS,iac_benchmark/scenarios/terrads_24869858342c,True,True,0,0,0,0,0,,,,,610.0,4023.0,35.0,0.0,5.0
terrads_bf3ef706d7fd,Zenodo/TerraDS,iac_benchmark/scenarios/terrads_bf3ef706d7fd,True,True,0,0,0,0,0,,,,,428.0,3179.0,17.0,7.0,5.0
terrads_599262fe50db,Zenodo/TerraDS,iac_benchmark/scenarios/terrads_599262fe50db,True,True,0,0,0,0,0,,,,,986.0,6944.0,20.0,10.0,5.0
terrads_e3dcda91616b,Zenodo/TerraDS,iac_benchmark/scenarios/terrads_e3dcda91616b,True,True,0,0,0,0,0,,,,,575.0,3868.0,30.0,3.0,5.0
terrads_dc392ecfd18e,Zenodo/TerraDS,iac_benchmark/scenarios/terrads_dc392ecfd18e,True,True,0,0,0,0,0,,,,,432.0,2673.0,28.0,0.0,5.0
terrads_65b416f75feb,Zenodo/TerraDS,iac_benchmark/scenarios/terrads_65b416f75feb,True,True,0,0,0,0,0,,,,,401.0,2888.0,12.0,17.0,5.0
terrads_16de36782471,Zenodo/TerraDS,iac_benchmark/scenarios/terrads_16de36782471,True,True,0,0,0,0,0,,,,,542.0,3706.0,31.0,22.0,5.0
terrads_ee7219450820,Zenodo/TerraDS,iac_benchmark/scenarios/terrads_ee7219450820,True,True,0,0,0,0,0,,,,,442.0,2676.0,12.0,17.0,5.0
terrads_cc0a3bdb4e11,Zenodo/TerraDS,iac_benchmark/scenarios/terrads_cc0a3bdb4e11,True,True,0,0,0,0,0,,,,,474.0,3097.0,21.0,10.0,5.0
terrads_dcccc5ced940,Zenodo/TerraDS,iac_benchmark/scenarios/terrads_dcccc5ced940,True,True,0,0,0,0,0,,,,,482.0,3483.0,21.0,19.0,5.0
terrads_35a22ba01657,Zenodo/TerraDS,iac_benchmark/scenarios/terrads_35a22ba01657,True,True,0,0,0,0,0,,,,,743.0,6445.0,20.0,34.0,5.0
terrads_fa1cbadcf0ac,Zenodo/TerraDS,iac_benchmark/scenarios/terrads_fa1cbadcf0ac,True,True,0,0,0,0,0,,,,,611.0,3791.0,33.0,12.0,5.0
terrads_2e5f70b5ca86,Zenodo/TerraDS,iac_benchmark/scenarios/terrads_2e5f70b5ca86,True,True,0,0,0,0,0,,,,,405.0,2676.0,18.0,13.0,5.0
terrads_9e45bcff4ab0,Zenodo/TerraDS,iac_benchmark/scenarios/terrads_9e45bcff4ab0,True,True,0,0,0,0,0,,,,,782.0,5357.0,27.0,31.0,5.0
terrads_63c852f1d7c3,Zenodo/TerraDS,iac_benchmark/scenarios/terrads_63c852f1d7c3,True,True,0,0,0,0,0,,,,,666.0,4923.0,25.0,5.0,5.0
terrads_13cb2bbd5683,Zenodo/TerraDS,iac_benchmark/scenarios/terrads_13cb2bbd5683,True,True,0,0,0,0,0,,,,,421.0,2839.0,29.0,0.0,5.0
terrads_47042ad707a2,Zenodo/TerraDS,iac_benchmark/scenarios/terrads_47042ad707a2,True,True,0,0,0,0,0,,,,,566.0,3946.0,34.0,10.0,5.0
terrads_641f859ed50e,Zenodo/TerraDS,iac_benchmark/scenarios/terrads_641f859ed50e,True,True,0,0,0,0,0,,,,,477.0,3685.0,33.0,0.0,5.0
terrads_b441ed5060ab,Zenodo/TerraDS,iac_benchmark/scenarios/terrads_b441ed5060ab,True,True,0,0,0,0,0,,,,,982.0,6777.0,25.0,6.0,5.0
terrads_728b9f768516,Zenodo/TerraDS,iac_benchmark/scenarios/terrads_728b9f768516,True,True,0,0,0,0,0,,,,,545.0,4382.0,14.0,25.0,5.0
terrads_fbfa8b36aaff,Zenodo/TerraDS,iac_benchmark/scenarios/terrads_fbfa8b36aaff,True,True,0,0,0,0,0,,,,,818.0,6600.0,20.0,3.0,5.0
terrads_01d2b6cff0af,Zenodo/TerraDS,iac_benchmark/scenarios/terrads_01d2b6cff0af,True,True,0,0,0,0,0,,,,,689.0,5462.0,14.0,32.0,5.0
terrads_a8b0ffee25f1,Zenodo/TerraDS,iac_benchmark/scenarios/terrads_a8b0ffee25f1,True,True,0,0,0,0,0,,,,,408.0,2523.0,15.0,17.0,5.0
terrads_f606d1a61f33,Zenodo/TerraDS,iac_benchmark/scenarios/terrads_f606d1a61f33,True,True,0,0,0,0,0,,,,,436.0,2794.0,18.0,11.0,5.0
terrads_12442efa3d54,Zenodo/TerraDS,iac_benchmark/scenarios/terrads_12442efa3d54,True,True,0,0,0,0,0,,,,,486.0,3127.0,21.0,8.0,5.0
terrads_7cbff9afbdea,Zenodo/TerraDS,iac_benchmark/scenarios/terrads_7cbff9afbdea,True,True,0,0,0,0,0,,,,,503.0,3538.0,19.0,25.0,5.0
terrads_c6a3e4ecedd7,Zenodo/TerraDS,iac_benchmark/scenarios/terrads_c6a3e4ecedd7,True,True,0,0,0,0,0,,,,,700.0,4547.0,26.0,31.0,5.0
terrads_1f0ac8eea47d,Zenodo/TerraDS,iac_benchmark/scenarios/terrads_1f0ac8eea47d,True,True,0,0,0,0,0,,,,,740.0,5521.0,20.0,29.0,5.0
terrads_b5ecf863a145,Zenodo/TerraDS,iac_benchmark/scenarios/terrads_b5ecf863a145,True,True,0,0,0,0,0,,,,,671.0,4303.0,29.0,22.0,5.0
terrads_a3b4a0cd2815,Zenodo/TerraDS,iac_benchmark/scenarios/terrads_a3b4a0cd2815,True,True,0,0,0,0,0,,,,,512.0,3951.0,26.0,4.0,5.0
gh_6a3f6381,hashicorp/terraform-guides,iac_benchmark/scenarios/gh_6a3f6381,True,True,0,0,0,0,0,,,,,563.0,4783.0,37.0,8.0,5.0
terrads_a3534618de42,Zenodo/TerraDS,iac_benchmark/scenarios/terrads_a3534618de42,True,True,0,0,0,0,0,,,,,882.0,5914.0,31.0,31.0,5.0
terrads_ec71928051a5,Zenodo/TerraDS,iac_benchmark/scenarios/terrads_ec71928051a5,True,True,0,0,0,0,0,,,,,883.0,6060.0,19.0,70.0,5.0
terrads_fa80256c5c5e,Zenodo/TerraDS,iac_benchmark/scenarios/terrads_fa80256c5c5e,True,True,0,0,0,0,0,,,,,414.0,2465.0,12.0,19.0,5.0
terrads_410d9f0cab35,Zenodo/TerraDS,iac_benchmark/scenarios/terrads_410d9f0cab35,True,True,0,0,0,0,0,,,,,646.0,4812.0,34.0,3.0,5.0
terrads_50f9eff01b10,Zenodo/TerraDS,iac_benchmark/scenarios/terrads_50f9eff01b10,True,True,0,0,0,0,0,,,,,653.0,4361.0,24.0,23.0,5.0
terrads_7c1eccd6dc6d,Zenodo/TerraDS,iac_benchmark/scenarios/terrads_7c1eccd6dc6d,True,True,0,0,0,0,0,,,,,800.0,5788.0,33.0,6.0,5.0
terrads_d51a1995d75c,Zenodo/TerraDS,iac_benchmark/scenarios/terrads_d51a1995d75c,True,True,0,0,0,0,0,,,,,518.0,3467.0,31.0,0.0,5.0
terrads_800132fd2ef8,Zenodo/TerraDS,iac_benchmark/scenarios/terrads_800132fd2ef8,True,True,0,0,0,0,0,,,,,582.0,4027.0,23.0,7.0,5.0
terrads_87497087d009,Zenodo/TerraDS,iac_benchmark/scenarios/terrads_87497087d009,True,True,0,0,0,0,0,,,,,622.0,3420.0,21.0,29.0,5.0
terrads_8236140dce75,Zenodo/TerraDS,iac_benchmark/scenarios/terrads_8236140dce75,True,True,0,0,0,0,0,,,,,432.0,2673.0,28.0,0.0,5.0
terrads_49f407060335,Zenodo/TerraDS,iac_benchmark/scenarios/terrads_49f407060335,True,True,0,0,0,0,0,,,,,408.0,2581.0,21.0,14.0,5.0
terrads_90faafb05b1e,Zenodo/TerraDS,iac_benchmark/scenarios/terrads_90faafb05b1e,True,True,0,0,0,0,0,,,,,624.0,4873.0,36.0,25.0,5.0
gh_e21a4aa4,Tianyi2/IRIS,iac_benchmark/scenarios/gh_e21a4aa4,True,True,0,0,0,0,0,,,,,747.0,5253.0,17.0,22.0,5.0
terrads_ed69155ba67f,Zenodo/TerraDS,iac_benchmark/scenarios/terrads_ed69155ba67f,True,True,0,0,0,0,0,,,,,412.0,2777.0,17.0,9.0,5.0
terrads_6c3ba07f87a0,Zenodo/TerraDS,iac_benchmark/scenarios/terrads_6c3ba07f87a0,True,True,0,0,0,0,0,,,,,421.0,2838.0,29.0,0.0,5.0
terrads_ce7850c0b9a8,Zenodo/TerraDS,iac_benchmark/scenarios/terrads_ce7850c0b9a8,True,True,0,0,0,0,0,,,,,690.0,4572.0,21.0,9.0,5.0
terrads_646087535b1b,Zenodo/TerraDS,iac_benchmark/scenarios/terrads_646087535b1b,True,True,0,0,0,0,0,,,,,421.0,2857.0,26.0,9.0,5.0
terrads_ab62e7109232,Zenodo/TerraDS,iac_benchmark/scenarios/terrads_ab62e7109232,True,True,0,0,0,0,0,,,,,544.0,3698.0,26.0,6.0,5.0
terrads_2efc2ba930c4,Zenodo/TerraDS,iac_benchmark/scenarios/terrads_2efc2ba930c4,True,True,0,0,0,0,0,,,,,683.0,4696.0,15.0,39.0,5.0
terrads_81ca92ae05d8,Zenodo/TerraDS,iac_benchmark/scenarios/terrads_81ca92ae05d8,True,True,0,0,0,0,0,,,,,516.0,3354.0,16.0,30.0,5.0
terrads_badd4546fb10,Zenodo/TerraDS,iac_benchmark/scenarios/terrads_badd4546fb10,True,True,0,0,0,0,0,,,,,463.0,2707.0,28.0,3.0,5.0
terrads_6c359f3b6e38,Zenodo/TerraDS,iac_benchmark/scenarios/terrads_6c359f3b6e38,True,True,0,0,0,0,0,,,,,440.0,2671.0,18.0,13.0,5.0
terrads_5082d61d3144,Zenodo/TerraDS,iac_benchmark/scenarios/terrads_5082d61d3144,True,True,0,0,0,0,0,,,,,435.0,3111.0,20.0,24.0,5.0
terrads_bdbf3fd6d085,Zenodo/TerraDS,iac_benchmark/scenarios/terrads_bdbf3fd6d085,True,True,0,0,0,0,0,,,,,767.0,4924.0,45.0,30.0,5.0
terrads_140877a8a397,Zenodo/TerraDS,iac_benchmark/scenarios/terrads_140877a8a397,True,True,0,0,0,0,0,,,,,692.0,4833.0,48.0,4.0,5.0
terrads_b26db08be605,Zenodo/TerraDS,iac_benchmark/scenarios/terrads_b26db08be605,True,True,0,0,0,0,0,,,,,472.0,3320.0,36.0,1.0,5.0
terrads_7af826daecff,Zenodo/TerraDS,iac_benchmark/scenarios/terrads_7af826daecff,True,True,0,0,0,0,0,,,,,540.0,3833.0,24.0,23.0,5.0
terrads_f35a31cf40a8,Zenodo/TerraDS,iac_benchmark/scenarios/terrads_f35a31cf40a8,True,True,0,0,0,0,0,,,,,536.0,3148.0,20.0,28.0,5.0
terrads_182ca6780b12,Zenodo/TerraDS,iac_benchmark/scenarios/terrads_182ca6780b12,True,True,0,0,0,0,0,,,,,530.0,3544.0,16.0,22.0,5.0
terrads_c14674ac4b1f,Zenodo/TerraDS,iac_benchmark/scenarios/terrads_c14674ac4b1f,True,True,0,0,0,0,0,,,,,909.0,6736.0,16.0,18.0,5.0
terrads_5aa37b37f768,Zenodo/TerraDS,iac_benchmark/scenarios/terrads_5aa37b37f768,True,True,0,0,0,0,0,,,,,882.0,5914.0,31.0,31.0,5.0
terrads_28ce0a498543,Zenodo/TerraDS,iac_benchmark/scenarios/terrads_28ce0a498543,True,True,0,0,0,0,0,,,,,917.0,6693.0,23.0,26.0,5.0
terrads_9b391b8fcbd0,Zenodo/TerraDS,iac_benchmark/scenarios/terrads_9b391b8fcbd0,True,True,0,0,0,0,0,,,,,730.0,5345.0,38.0,5.0,5.0
terrads_3cc614f1597c,Zenodo/TerraDS,iac_benchmark/scenarios/terrads_3cc614f1597c,True,True,0,0,0,0,0,,,,,478.0,3114.0,41.0,14.0,5.0
terrads_7e229e491340,Zenodo/TerraDS,iac_benchmark/scenarios/terrads_7e229e491340,True,True,0,0,0,0,0,,,,,400.0,2790.0,13.0,16.0,5.0
terrads_bde668f8326b,Zenodo/TerraDS,iac_benchmark/scenarios/terrads_bde668f8326b,True,True,0,0,0,0,0,,,,,722.0,4754.0,29.0,23.0,5.0
terrads_d4d677963b57,Zenodo/TerraDS,iac_benchmark/scenarios/terrads_d4d677963b57,True,True,0,0,0,0,0,,,,,874.0,5887.0,38.0,23.0,5.0
terrads_51221abc465c,Zenodo/TerraDS,iac_benchmark/scenarios/terrads_51221abc465c,True,True,0,0,0,0,0,,,,,457.0,3149.0,34.0,3.0,5.0
terrads_a0d5848e3e16,Zenodo/TerraDS,iac_benchmark/scenarios/terrads_a0d5848e3e16,True,True,0,0,0,0,0,,,,,723.0,6055.0,45.0,10.0,5.0
gh_a1397bf6,Tianyi2/IRIS,iac_benchmark/scenarios/gh_a1397bf6,True,True,0,0,0,0,0,,,,,446.0,2917.0,25.0,0.0,5.0
terrads_ed3a57cf0c64,Zenodo/TerraDS,iac_benchmark/scenarios/terrads_ed3a57cf0c64,True,True,0,0,0,0,0,,,,,570.0,4218.0,41.0,3.0,5.0
terrads_78e287bbd532,Zenodo/TerraDS,iac_benchmark/scenarios/terrads_78e287bbd532,True,True,0,0,0,0,0,,,,,418.0,2536.0,16.0,14.0,5.0
terrads_e75a352d4d23,Zenodo/TerraDS,iac_benchmark/scenarios/terrads_e75a352d4d23,True,True,0,0,0,0,0,,,,,422.0,2463.0,17.0,11.0,5.0
terrads_26b468454f05,Zenodo/TerraDS,iac_benchmark/scenarios/terrads_26b468454f05,True,True,0,0,0,0,0,,,,,497.0,3021.0,41.0,4.0,5.0
terrads_bb63e5ed2ce8,Zenodo/TerraDS,iac_benchmark/scenarios/terrads_bb63e5ed2ce8,True,True,0,0,0,0,0,,,,,402.0,2662.0,28.0,0.0,5.0
terrads_1b633f3cebce,Zenodo/TerraDS,iac_benchmark/scenarios/terrads_1b633f3cebce,True,True,0,0,0,0,0,,,,,408.0,2873.0,26.0,10.0,5.0
terrads_e996699129f1,Zenodo/TerraDS,iac_benchmark/scenarios/terrads_e996699129f1,True,True,0,0,0,0,0,,,,,409.0,2941.0,21.0,22.0,5.0
terrads_cb1784d2c184,Zenodo/TerraDS,iac_benchmark/scenarios/terrads_cb1784d2c184,True,True,0,0,0,0,0,,,,,450.0,2802.0,22.0,9.0,5.0
terrads_f387214a0c7d,Zenodo/TerraDS,iac_benchmark/scenarios/terrads_f387214a0c7d,True,True,0,0,0,0,0,,,,,456.0,3087.0,33.0,0.0,5.0
terrads_c2392b681393,Zenodo/TerraDS,iac_benchmark/scenarios/terrads_c2392b681393,True,True,0,0,0,0,0,,,,,996.0,5873.0,43.0,6.0,5.0
terrads_cc89992012ad,Zenodo/TerraDS,iac_benchmark/scenarios/terrads_cc89992012ad,True,True,0,0,0,0,0,,,,,681.0,5290.0,42.0,6.0,5.0
terrads_4a620ff58392,Zenodo/TerraDS,iac_benchmark/scenarios/terrads_4a620ff58392,True,True,0,0,0,0,0,,,,,910.0,7601.0,30.0,15.0,5.0
terrads_76566c53f064,Zenodo/TerraDS,iac_benchmark/scenarios/terrads_76566c53f064,True,True,0,0,0,0,0,,,,,755.0,4638.0,34.0,22.0,5.0
terrads_54169e532596,Zenodo/TerraDS,iac_benchmark/scenarios/terrads_54169e532596,True,True,0,0,0,0,0,,,,,471.0,3123.0,28.0,16.0,5.0
terrads_7a953c9c1934,Zenodo/TerraDS,iac_benchmark/scenarios/terrads_7a953c9c1934,True,True,0,0,0,0,0,,,,,600.0,4400.0,31.0,20.0,5.0
terrads_4e6dac4ef1e0,Zenodo/TerraDS,iac_benchmark/scenarios/terrads_4e6dac4ef1e0,True,True,0,0,0,0,0,,,,,490.0,3810.0,21.0,6.0,5.0
terrads_b3fbd9336759,Zenodo/TerraDS,iac_benchmark/scenarios/terrads_b3fbd9336759,True,True,0,0,0,0,0,,,,,646.0,4471.0,40.0,0.0,5.0
terrads_9bbe517b8d4e,Zenodo/TerraDS,iac_benchmark/scenarios/terrads_9bbe517b8d4e,True,True,0,0,0,0,0,,,,,698.0,5113.0,27.0,18.0,5.0
terrads_6b7657a32c85,Zenodo/TerraDS,iac_benchmark/scenarios/terrads_6b7657a32c85,True,True,0,0,0,0,0,,,,,518.0,3467.0,31.0,0.0,5.0
terrads_9853f3011570,Zenodo/TerraDS,iac_benchmark/scenarios/terrads_9853f3011570,True,True,0,0,0,0,0,,,,,1091.0,6976.0,35.0,39.0,5.0
terrads_2e33d29e9b63,Zenodo/TerraDS,iac_benchmark/scenarios/terrads_2e33d29e9b63,True,True,0,0,0,0,0,,,,,443.0,2946.0,29.0,1.0,5.0
terrads_9bd5c8114c7a,Zenodo/TerraDS,iac_benchmark/scenarios/terrads_9bd5c8114c7a,True,True,0,0,0,0,0,,,,,545.0,3908.0,24.0,4.0,5.0
terrads_aa63e74fba7c,Zenodo/TerraDS,iac_benchmark/scenarios/terrads_aa63e74fba7c,True,True,0,0,0,0,0,,,,,618.0,4076.0,46.0,9.0,5.0
terrads_f4cc788b76ac,Zenodo/TerraDS,iac_benchmark/scenarios/terrads_f4cc788b76ac,True,True,0,0,0,0,0,,,,,882.0,5914.0,31.0,31.0,5.0
terrads_f9baa35f044f,Zenodo/TerraDS,iac_benchmark/scenarios/terrads_f9baa35f044f,True,True,0,0,0,0,0,,,,,489.0,3632.0,25.0,0.0,5.0
terrads_fa0321d3426d,Zenodo/TerraDS,iac_benchmark/scenarios/terrads_fa0321d3426d,True,True,0,0,0,0,0,,,,,412.0,3454.0,18.0,14.0,5.0
terrads_cfc1a00b347e,Zenodo/TerraDS,iac_benchmark/scenarios/terrads_cfc1a00b347e,True,True,0,0,0,0,0,,,,,519.0,3668.0,13.0,19.0,5.0
terrads_5739aa371bee,Zenodo/TerraDS,iac_benchmark/scenarios/terrads_5739aa371bee,True,True,0,0,0,0,0,,,,,445.0,2752.0,19.0,15.0,5.0
terrads_9228f93050c6,Zenodo/TerraDS,iac_benchmark/scenarios/terrads_9228f93050c6,True,True,0,0,0,0,0,,,,,609.0,3918.0,20.0,6.0,5.0
terrads_24069b19f795,Zenodo/TerraDS,iac_benchmark/scenarios/terrads_24069b19f795,True,True,0,0,0,0,0,,,,,540.0,3525.0,25.0,16.0,5.0
terrads_9e15c6ba557c,Zenodo/TerraDS,iac_benchmark/scenarios/terrads_9e15c6ba557c,True,True,0,0,0,0,0,,,,,445.0,3860.0,23.0,12.0,5.0
terrads_1589ef0342ab,Zenodo/TerraDS,iac_benchmark/scenarios/terrads_1589ef0342ab,True,True,0,0,0,0,0,,,,,696.0,5795.0,19.0,12.0,5.0
terrads_39de42b08e5c,Zenodo/TerraDS,iac_benchmark/scenarios/terrads_39de42b08e5c,True,True,0,0,0,0,0,,,,,469.0,3034.0,25.0,26.0,5.0
terrads_9106f4c62092,Zenodo/TerraDS,iac_benchmark/scenarios/terrads_9106f4c62092,True,True,0,0,0,0,0,,,,,646.0,4405.0,20.0,29.0,5.0
terrads_3dab9cdaa4c6,Zenodo/TerraDS,iac_benchmark/scenarios/terrads_3dab9cdaa4c6,True,True,0,0,0,0,0,,,,,408.0,2060.0,13.0,17.0,5.0
terrads_c5c681326920,Zenodo/TerraDS,iac_benchmark/scenarios/terrads_c5c681326920,True,True,0,0,0,0,0,,,,,493.0,3757.0,13.0,8.0,5.0
terrads_c77dff2fee24,Zenodo/TerraDS,iac_benchmark/scenarios/terrads_c77dff2fee24,True,True,0,0,0,0,0,,,,,847.0,6854.0,25.0,23.0,5.0
terrads_00d3a43518e1,Zenodo/TerraDS,iac_benchmark/scenarios/terrads_00d3a43518e1,True,True,0,0,0,0,0,,,,,759.0,6313.0,24.0,22.0,5.0
terrads_f622a59d02f5,Zenodo/TerraDS,iac_benchmark/scenarios/terrads_f622a59d02f5,True,True,0,0,0,0,0,,,,,778.0,7089.0,28.0,12.0,5.0
terrads_5c7208dc966e,Zenodo/TerraDS,iac_benchmark/scenarios/terrads_5c7208dc966e,True,True,0,0,0,0,0,,,,,434.0,2586.0,23.0,12.0,5.0
terrads_fd482466c971,Zenodo/TerraDS,iac_benchmark/scenarios/terrads_fd482466c971,True,True,0,0,0,0,0,,,,,872.0,6954.0,12.0,34.0,5.0
terrads_ccb3fe277aaf,Zenodo/TerraDS,iac_benchmark/scenarios/terrads_ccb3fe277aaf,True,True,0,0,0,0,0,,,,,408.0,2873.0,26.0,10.0,5.0
gh_05edd832,Tianyi2/IRIS,iac_benchmark/scenarios/gh_05edd832,True,True,0,0,0,0,0,,,,,452.0,3046.0,28.0,2.0,5.0
terrads_b10ab81146b2,Zenodo/TerraDS,iac_benchmark/scenarios/terrads_b10ab81146b2,True,True,0,0,0,0,0,,,,,493.0,3587.0,15.0,21.0,5.0
terrads_2d7923019d0c,Zenodo/TerraDS,iac_benchmark/scenarios/terrads_2d7923019d0c,True,True,0,0,0,0,0,,,,,986.0,7492.0,16.0,35.0,5.0
terrads_79a1cf84029f,Zenodo/TerraDS,iac_benchmark/scenarios/terrads_79a1cf84029f,True,True,0,0,0,0,0,,,,,433.0,2656.0,13.0,14.0,5.0
terrads_356fafe8c444,Zenodo/TerraDS,iac_benchmark/scenarios/terrads_356fafe8c444,True,True,0,0,0,0,0,,,,,442.0,2869.0,30.0,6.0,5.0
terrads_5a330665d633,Zenodo/TerraDS,iac_benchmark/scenarios/terrads_5a330665d633,True,True,0,0,0,0,0,,,,,596.0,4547.0,35.0,0.0,5.0
terrads_8d9a3bbd801f,Zenodo/TerraDS,iac_benchmark/scenarios/terrads_8d9a3bbd801f,True,True,0,0,0,0,0,,,,,456.0,3007.0,13.0,30.0,5.0
terrads_3d0115bad786,Zenodo/TerraDS,iac_benchmark/scenarios/terrads_3d0115bad786,True,True,0,0,0,0,0,,,,,899.0,6465.0,46.0,0.0,5.0
terrads_dcf97fb2fb10,Zenodo/TerraDS,iac_benchmark/scenarios/terrads_dcf97fb2fb10,True,True,0,0,0,0,0,,,,,711.0,4559.0,40.0,6.0,5.0
terrads_5b86ba008a5f,Zenodo/TerraDS,iac_benchmark/scenarios/terrads_5b86ba008a5f,True,True,0,0,0,0,0,,,,,627.0,4620.0,25.0,3.0,5.0
terrads_232a1cab4320,Zenodo/TerraDS,iac_benchmark/scenarios/terrads_232a1cab4320,True,True,0,0,0,0,0,,,,,610.0,4023.0,35.0,0.0,5.0
terrads_fc59e9a3d29c,Zenodo/TerraDS,iac_benchmark/scenarios/terrads_fc59e9a3d29c,True,True,0,0,0,0,0,,,,,505.0,3399.0,28.0,11.0,5.0
terrads_5f89d2385edf,Zenodo/TerraDS,iac_benchmark/scenarios/terrads_5f89d2385edf,True,True,0,0,0,0,0,,,,,933.0,6637.0,20.0,5.0,5.0
terrads_d8b0fa0d0013,Zenodo/TerraDS,iac_benchmark/scenarios/terrads_d8b0fa0d0013,True,True,0,0,0,0,0,,,,,513.0,3353.0,29.0,11.0,5.0
terrads_0f9017e8463e,Zenodo/TerraDS,iac_benchmark/scenarios/terrads_0f9017e8463e,True,True,0,0,0,0,0,,,,,671.0,4303.0,29.0,22.0,5.0
terrads_200205447507,Zenodo/TerraDS,iac_benchmark/scenarios/terrads_200205447507,True,True,0,0,0,0,0,,,,,463.0,3685.0,24.0,16.0,5.0
terrads_a0c58af216e7,Zenodo/TerraDS,iac_benchmark/scenarios/terrads_a0c58af216e7,True,True,0,0,0,0,0,,,,,741.0,5019.0,26.0,1.0,5.0
terrads_a155a711988e,Zenodo/TerraDS,iac_benchmark/scenarios/terrads_a155a711988e,True,True,0,0,0,0,0,,,,,468.0,3398.0,15.0,4.0,5.0
terrads_56102dcff7f7,Zenodo/TerraDS,iac_benchmark/scenarios/terrads_56102dcff7f7,True,True,0,0,0,0,0,,,,,772.0,4689.0,48.0,12.0,5.0
terrads_b21f151cdfcf,Zenodo/TerraDS,iac_benchmark/scenarios/terrads_b21f151cdfcf,True,True,0,0,0,0,0,,,,,499.0,3334.0,21.0,20.0,5.0
terrads_2b58930bdcb7,Zenodo/TerraDS,iac_benchmark/scenarios/terrads_2b58930bdcb7,True,True,0,0,0,0,0,,,,,672.0,4138.0,47.0,25.0,5.0
terrads_69c6e3426d03,Zenodo/TerraDS,iac_benchmark/scenarios/terrads_69c6e3426d03,True,True,0,0,0,0,0,,,,,443.0,2946.0,29.0,1.0,5.0
terrads_12b4f0884742,Zenodo/TerraDS,iac_benchmark/scenarios/terrads_12b4f0884742,True,True,0,0,0,0,0,,,,,618.0,4877.0,75.0,0.0,5.0
terrads_c54470c44561,Zenodo/TerraDS,iac_benchmark/scenarios/terrads_c54470c44561,True,True,0,0,0,0,0,,,,,882.0,5916.0,29.0,31.0,5.0
terrads_0c8e1fa63ee0,Zenodo/TerraDS,iac_benchmark/scenarios/terrads_0c8e1fa63ee0,True,True,0,0,0,0,0,,,,,788.0,6140.0,42.0,18.0,5.0
terrads_ffed483310a6,Zenodo/TerraDS,iac_benchmark/scenarios/terrads_ffed483310a6,True,True,0,0,0,0,0,,,,,452.0,3129.0,28.0,10.0,5.0
terrads_2faf6a240cbd,Zenodo/TerraDS,iac_benchmark/scenarios/terrads_2faf6a240cbd,True,True,0,0,0,0,0,,,,,441.0,2701.0,28.0,0.0,5.0
terrads_3f40c3be8e05,Zenodo/TerraDS,iac_benchmark/scenarios/terrads_3f40c3be8e05,True,True,0,0,0,0,0,,,,,944.0,5934.0,20.0,9.0,5.0
terrads_e1008a2819b1,Zenodo/TerraDS,iac_benchmark/scenarios/terrads_e1008a2819b1,True,True,0,0,0,0,0,,,,,845.0,6513.0,71.0,6.0,5.0
terrads_b98ab87e1511,Zenodo/TerraDS,iac_benchmark/scenarios/terrads_b98ab87e1511,True,True,0,0,0,0,0,,,,,955.0,6865.0,31.0,43.0,5.0
terrads_6ebc171fd430,Zenodo/TerraDS,iac_benchmark/scenarios/terrads_6ebc171fd430,True,True,0,0,0,0,0,,,,,700.0,4162.0,19.0,9.0,5.0
terrads_1b51ae5d1dcd,Zenodo/TerraDS,iac_benchmark/scenarios/terrads_1b51ae5d1dcd,True,True,0,0,0,0,0,,,,,419.0,2763.0,13.0,23.0,5.0
terrads_4f11bf046290,Zenodo/TerraDS,iac_benchmark/scenarios/terrads_4f11bf046290,True,True,0,0,0,0,0,,,,,436.0,2794.0,18.0,11.0,5.0
terrads_7e8f6feb6ddf,Zenodo/TerraDS,iac_benchmark/scenarios/terrads_7e8f6feb6ddf,True,True,0,0,0,0,0,,,,,541.0,3527.0,24.0,16.0,5.0
terrads_2da7fcd03fdc,Zenodo/TerraDS,iac_benchmark/scenarios/terrads_2da7fcd03fdc,True,True,0,0,0,0,0,,,,,828.0,6268.0,32.0,23.0,5.0
terrads_04992df344f6,Zenodo/TerraDS,iac_benchmark/scenarios/terrads_04992df344f6,True,True,0,0,0,0,0,,,,,425.0,2732.0,26.0,0.0,5.0
terrads_199bce18d1b4,Zenodo/TerraDS,iac_benchmark/scenarios/terrads_199bce18d1b4,True,True,0,0,0,0,0,,,,,723.0,6055.0,45.0,10.0,5.0
terrads_e2ec7b1d979f,Zenodo/TerraDS,iac_benchmark/scenarios/terrads_e2ec7b1d979f,True,True,0,0,0,0,0,,,,,513.0,3797.0,29.0,8.0,5.0
terrads_0fc48716161e,Zenodo/TerraDS,iac_benchmark/scenarios/terrads_0fc48716161e,True,True,0,0,0,0,0,,,,,406.0,2627.0,19.0,2.0,5.0
terrads_1f94a69167aa,Zenodo/TerraDS,iac_benchmark/scenarios/terrads_1f94a69167aa,True,True,0,0,0,0,0,,,,,462.0,2859.0,26.0,0.0,5.0
terrads_74ee66a526dc,Zenodo/TerraDS,iac_benchmark/scenarios/terrads_74ee66a526dc,True,True,0,0,0,0,0,,,,,416.0,2553.0,15.0,15.0,5.0
terrads_881a83ae0404,Zenodo/TerraDS,iac_benchmark/scenarios/terrads_881a83ae0404,True,True,0,0,0,0,0,,,,,737.0,6290.0,24.0,3.0,5.0
terrads_5216ecb5d345,Zenodo/TerraDS,iac_benchmark/scenarios/terrads_5216ecb5d345,True,True,0,0,0,0,0,,,,,1089.0,7501.0,26.0,58.0,5.0
terrads_37ca194cf0a8,Zenodo/TerraDS,iac_benchmark/scenarios/terrads_37ca194cf0a8,True,True,0,0,0,0,0,,,,,610.0,4023.0,35.0,0.0,5.0
terrads_08308dd07b77,Zenodo/TerraDS,iac_benchmark/scenarios/terrads_08308dd07b77,True,True,0,0,0,0,0,,,,,782.0,6452.0,24.0,131.0,5.0
terrads_285284452082,Zenodo/TerraDS,iac_benchmark/scenarios/terrads_285284452082,True,True,0,0,0,0,0,,,,,520.0,3720.0,15.0,16.0,5.0
terrads_13f5ce54bad9,Zenodo/TerraDS,iac_benchmark/scenarios/terrads_13f5ce54bad9,True,True,0,0,0,0,0,,,,,429.0,3305.0,18.0,27.0,5.0
terrads_85acd1d5e86b,Zenodo/TerraDS,iac_benchmark/scenarios/terrads_85acd1d5e86b,True,True,0,0,0,0,0,,,,,440.0,2756.0,18.0,8.0,5.0
terrads_f8854c70ca53,Zenodo/TerraDS,iac_benchmark/scenarios/terrads_f8854c70ca53,True,True,0,0,0,0,0,,,,,615.0,4288.0,35.0,13.0,5.0
terrads_26afd90207e9,Zenodo/TerraDS,iac_benchmark/scenarios/terrads_26afd90207e9,True,True,0,0,0,0,0,,,,,667.0,5304.0,17.0,7.0,5.0
terrads_b754e365f3d9,Zenodo/TerraDS,iac_benchmark/scenarios/terrads_b754e365f3d9,True,True,0,0,0,0,0,,,,,442.0,2867.0,14.0,12.0,5.0
terrads_ef306c356c66,Zenodo/TerraDS,iac_benchmark/scenarios/terrads_ef306c356c66,True,True,0,0,0,0,0,,,,,527.0,6327.0,12.0,6.0,5.0
terrads_2571077529d7,Zenodo/TerraDS,iac_benchmark/scenarios/terrads_2571077529d7,True,True,0,0,0,0,0,,,,,742.0,5019.0,26.0,1.0,5.0
terrads_f031cc4b0a01,Zenodo/TerraDS,iac_benchmark/scenarios/terrads_f031cc4b0a01,True,True,0,0,0,0,0,,,,,544.0,4938.0,15.0,9.0,5.0
terrads_29c3da2f48ed,Zenodo/TerraDS,iac_benchmark/scenarios/terrads_29c3da2f48ed,True,True,0,0,0,0,0,,,,,523.0,3525.0,12.0,19.0,5.0
terrads_0352967b9f1d,Zenodo/TerraDS,iac_benchmark/scenarios/terrads_0352967b9f1d,True,True,0,0,0,0,0,,,,,729.0,4903.0,25.0,1.0,5.0
terrads_e6a9f5bc8f4b,Zenodo/TerraDS,iac_benchmark/scenarios/terrads_e6a9f5bc8f4b,True,True,0,0,0,0,0,,,,,563.0,4783.0,37.0,8.0,5.0
terrads_3eae34797801,Zenodo/TerraDS,iac_benchmark/scenarios/terrads_3eae34797801,True,True,0,0,0,0,0,,,,,990.0,6684.0,32.0,12.0,5.0
terrads_e545f7f78e19,Zenodo/TerraDS,iac_benchmark/scenarios/terrads_e545f7f78e19,True,True,0,0,0,0,0,,,,,882.0,5916.0,29.0,31.0,5.0
terrads_534fa6063e73,Zenodo/TerraDS,iac_benchmark/scenarios/terrads_534fa6063e73,True,True,0,0,0,0,0,,,,,739.0,5004.0,26.0,1.0,5.0
terrads_8a495cf7025f,Zenodo/TerraDS,iac_benchmark/scenarios/terrads_8a495cf7025f,True,True,0,0,0,0,0,,,,,411.0,2982.0,23.0,2.0,5.0
terrads_1f070fb845bd,Zenodo/TerraDS,iac_benchmark/scenarios/terrads_1f070fb845bd,True,True,0,0,0,0,0,,,,,752.0,5063.0,56.0,6.0,5.0
terrads_5aa4ba5a0c92,Zenodo/TerraDS,iac_benchmark/scenarios/terrads_5aa4ba5a0c92,True,True,0,0,0,0,0,,,,,731.0,4903.0,25.0,1.0,5.0
terrads_1fa7d143357a,Zenodo/TerraDS,iac_benchmark/scenarios/terrads_1fa7d143357a,True,True,0,0,0,0,0,,,,,771.0,4859.0,21.0,43.0,5.0
terrads_fa4d18bf571f,Zenodo/TerraDS,iac_benchmark/scenarios/terrads_fa4d18bf571f,True,True,0,0,0,0,0,,,,,603.0,4226.0,40.0,12.0,5.0
terrads_54f2df29ed39,Zenodo/TerraDS,iac_benchmark/scenarios/terrads_54f2df29ed39,True,True,0,0,0,0,0,,,,,609.0,3623.0,18.0,23.0,5.0
terrads_259ce41330ef,Zenodo/TerraDS,iac_benchmark/scenarios/terrads_259ce41330ef,True,True,0,0,0,0,0,,,,,471.0,3243.0,12.0,8.0,5.0
terrads_ea27d44d7a97,Zenodo/TerraDS,iac_benchmark/scenarios/terrads_ea27d44d7a97,True,True,0,0,0,0,0,,,,,758.0,7253.0,32.0,11.0,5.0
terrads_6bc966772840,Zenodo/TerraDS,iac_benchmark/scenarios/terrads_6bc966772840,True,True,0,0,0,0,0,,,,,697.0,4924.0,61.0,4.0,5.0
terrads_2fbfdc5fb772,Zenodo/TerraDS,iac_benchmark/scenarios/terrads_2fbfdc5fb772,True,True,0,0,0,0,0,,,,,739.0,5004.0,26.0,1.0,5.0
terrads_d718a7f0049e,Zenodo/TerraDS,iac_benchmark/scenarios/terrads_d718a7f0049e,True,True,0,0,0,0,0,,,,,605.0,4731.0,24.0,11.0,5.0
gh_f2891dc1,Tianyi2/IRIS,iac_benchmark/scenarios/gh_f2891dc1,True,True,0,0,0,0,0,,,,,476.0,3556.0,27.0,13.0,5.0
terrads_24a6544b8f33,Zenodo/TerraDS,iac_benchmark/scenarios/terrads_24a6544b8f33,True,True,0,0,0,0,0,,,,,541.0,3526.0,24.0,16.0,5.0
terrads_95839cea3a87,Zenodo/TerraDS,iac_benchmark/scenarios/terrads_95839cea3a87,True,True,0,0,0,0,0,,,,,753.0,4705.0,30.0,14.0,5.0
terrads_f263fbd06ae7,Zenodo/TerraDS,iac_benchmark/scenarios/terrads_f263fbd06ae7,True,True,0,0,0,0,0,,,,,401.0,2976.0,14.0,11.0,5.0
terrads_8b89ca2825a9,Zenodo/TerraDS,iac_benchmark/scenarios/terrads_8b89ca2825a9,True,True,0,0,0,0,0,,,,,901.0,6083.0,26.0,48.0,5.0
gh_5293acaf,antonputra/tutorials,iac_benchmark/scenarios/gh_5293acaf,True,True,0,0,0,0,0,,,,,412.0,2535.0,27.0,0.0,5.0
terrads_a35d1f798c15,Zenodo/TerraDS,iac_benchmark/scenarios/terrads_a35d1f798c15,True,True,0,0,0,0,0,,,,,701.0,5012.0,28.0,16.0,5.0
terrads_a7070d3cff43,Zenodo/TerraDS,iac_benchmark/scenarios/terrads_a7070d3cff43,True,True,0,0,0,0,0,,,,,713.0,6844.0,16.0,18.0,5.0
terrads_5e4ce4e9a45f,Zenodo/TerraDS,iac_benchmark/scenarios/terrads_5e4ce4e9a45f,True,True,0,0,0,0,0,,,,,428.0,3149.0,15.0,23.0,5.0
terrads_d49630b63f13,Zenodo/TerraDS,iac_benchmark/scenarios/terrads_d49630b63f13,True,True,0,0,0,0,0,,,,,439.0,3252.0,28.0,6.0,5.0
terrads_4941cba08bc1,Zenodo/TerraDS,iac_benchmark/scenarios/terrads_4941cba08bc1,True,True,0,0,0,0,0,,,,,813.0,6155.0,43.0,25.0,5.0
terrads_63fb4bd4d2e7,Zenodo/TerraDS,iac_benchmark/scenarios/terrads_63fb4bd4d2e7,True,True,0,0,0,0,0,,,,,558.0,3583.0,33.0,10.0,5.0
terrads_f34fde408eb3,Zenodo/TerraDS,iac_benchmark/scenarios/terrads_f34fde408eb3,True,True,0,0,0,0,0,,,,,882.0,5914.0,31.0,31.0,5.0
terrads_5d33e3d13930,Zenodo/TerraDS,iac_benchmark/scenarios/terrads_5d33e3d13930,True,True,0,0,0,0,0,,,,,605.0,4728.0,25.0,28.0,5.0
terrads_2e41dc6b0fa8,Zenodo/TerraDS,iac_benchmark/scenarios/terrads_2e41dc6b0fa8,True,True,0,0,0,0,0,,,,,403.0,2064.0,13.0,17.0,5.0
terrads_3bed97417ea6,Zenodo/TerraDS,iac_benchmark/scenarios/terrads_3bed97417ea6,True,True,0,0,0,0,0,,,,,472.0,4703.0,22.0,0.0,5.0
terrads_6d0adbd652da,Zenodo/TerraDS,iac_benchmark/scenarios/terrads_6d0adbd652da,True,True,0,0,0,0,0,,,,,1109.0,7740.0,56.0,37.0,5.0
terrads_7697f2c80496,Zenodo/TerraDS,iac_benchmark/scenarios/terrads_7697f2c80496,True,True,0,0,0,0,0,,,,,464.0,3529.0,12.0,23.0,5.0
terrads_7cb632a42229,Zenodo/TerraDS,iac_benchmark/scenarios/terrads_7cb632a42229,True,True,0,0,0,0,0,,,,,882.0,5914.0,31.0,31.0,5.0
terrads_c1adf8190f11,Zenodo/TerraDS,iac_benchmark/scenarios/terrads_c1adf8190f11,True,True,0,0,0,0,0,,,,,438.0,2399.0,17.0,0.0,5.0
terrads_1e9ead508340,Zenodo/TerraDS,iac_benchmark/scenarios/terrads_1e9ead508340,True,True,0,0,0,0,0,,,,,1238.0,7863.0,82.0,2.0,5.0
terrads_711d2274d504,Zenodo/TerraDS,iac_benchmark/scenarios/terrads_711d2274d504,True,True,0,0,0,0,0,,,,,462.0,3316.0,23.0,4.0,5.0
terrads_0162bd8f9cc4,Zenodo/TerraDS,iac_benchmark/scenarios/terrads_0162bd8f9cc4,True,True,0,0,0,0,0,,,,,926.0,7530.0,26.0,66.0,5.0
terrads_2d2562bd65e1,Zenodo/TerraDS,iac_benchmark/scenarios/terrads_2d2562bd65e1,True,True,0,0,0,0,0,,,,,991.0,7294.0,30.0,11.0,5.0
terrads_59a37e7d95f3,Zenodo/TerraDS,iac_benchmark/scenarios/terrads_59a37e7d95f3,True,True,0,0,0,0,0,,,,,441.0,2701.0,28.0,0.0,5.0
terrads_03314587ce78,Zenodo/TerraDS,iac_benchmark/scenarios/terrads_03314587ce78,True,True,0,0,0,0,0,,,,,441.0,3134.0,25.0,13.0,5.0
gh_1f9249f2,Tianyi2/IRIS,iac_benchmark/scenarios/gh_1f9249f2,True,True,0,0,0,0,0,,,,,472.0,3613.0,13.0,33.0,5.0
terrads_3e649e992c15,Zenodo/TerraDS,iac_benchmark/scenarios/terrads_3e649e992c15,True,True,0,0,0,0,0,,,,,438.0,2818.0,18.0,11.0,5.0
terrads_d03ad124c840,Zenodo/TerraDS,iac_benchmark/scenarios/terrads_d03ad124c840,True,True,0,0,0,0,0,,,,,610.0,4023.0,35.0,0.0,5.0
terrads_503db0ba3b8f,Zenodo/TerraDS,iac_benchmark/scenarios/terrads_503db0ba3b8f,True,True,0,0,0,0,0,,,,,641.0,3238.0,23.0,8.0,5.0
terrads_43d7cc8d5e58,Zenodo/TerraDS,iac_benchmark/scenarios/terrads_43d7cc8d5e58,True,True,0,0,0,0,0,,,,,457.0,3209.0,26.0,33.0,5.0
terrads_ce04c5cd8d45,Zenodo/TerraDS,iac_benchmark/scenarios/terrads_ce04c5cd8d45,True,True,0,0,0,0,0,,,,,937.0,7510.0,75.0,0.0,5.0
terrads_36974f83e1ae,Zenodo/TerraDS,iac_benchmark/scenarios/terrads_36974f83e1ae,True,True,0,0,0,0,0,,,,,725.0,4283.0,30.0,7.0,5.0
terrads_18d55b894691,Zenodo/TerraDS,iac_benchmark/scenarios/terrads_18d55b894691,True,True,0,0,0,0,0,,,,,539.0,4290.0,14.0,9.0,5.0
terrads_78749b8f9fc4,Zenodo/TerraDS,iac_benchmark/scenarios/terrads_78749b8f9fc4,True,True,0,0,0,0,0,,,,,546.0,3880.0,25.0,2.0,5.0
terrads_90cf25fd4c39,Zenodo/TerraDS,iac_benchmark/scenarios/terrads_90cf25fd4c39,True,True,0,0,0,0,0,,,,,410.0,2647.0,15.0,8.0,5.0
terrads_488575ae1774,Zenodo/TerraDS,iac_benchmark/scenarios/terrads_488575ae1774,True,True,0,0,0,0,0,,,,,502.0,3352.0,26.0,2.0,5.0
terrads_d54477329168,Zenodo/TerraDS,iac_benchmark/scenarios/terrads_d54477329168,True,True,0,0,0,0,0,,,,,677.0,4984.0,42.0,3.0,5.0
terrads_72fc5c5cc1a7,Zenodo/TerraDS,iac_benchmark/scenarios/terrads_72fc5c5cc1a7,True,True,0,0,0,0,0,,,,,457.0,3209.0,26.0,33.0,5.0
terrads_ba3185cb0274,Zenodo/TerraDS,iac_benchmark/scenarios/terrads_ba3185cb0274,True,True,0,0,0,0,0,,,,,401.0,2614.0,19.0,14.0,5.0
terrads_e2627a77775d,Zenodo/TerraDS,iac_benchmark/scenarios/terrads_e2627a77775d,True,True,0,0,0,0,0,,,,,596.0,4128.0,41.0,20.0,5.0
terrads_ee2c67e6a0e9,Zenodo/TerraDS,iac_benchmark/scenarios/terrads_ee2c67e6a0e9,True,True,0,0,0,0,0,,,,,441.0,2876.0,19.0,2.0,5.0
terrads_6808b7f0e86d,Zenodo/TerraDS,iac_benchmark/scenarios/terrads_6808b7f0e86d,True,True,0,0,0,0,0,,,,,404.0,2889.0,15.0,12.0,5.0
terrads_ada3c5b861c0,Zenodo/TerraDS,iac_benchmark/scenarios/terrads_ada3c5b861c0,True,True,0,0,0,0,0,,,,,695.0,4593.0,48.0,6.0,5.0
terrads_49561d4ac121,Zenodo/TerraDS,iac_benchmark/scenarios/terrads_49561d4ac121,True,True,0,0,0,0,0,,,,,541.0,3525.0,25.0,16.0,5.0
terrads_24ea557ac40d,Zenodo/TerraDS,iac_benchmark/scenarios/terrads_24ea557ac40d,True,True,0,0,0,0,0,,,,,568.0,3278.0,20.0,8.0,5.0
terrads_d59842d546a6,Zenodo/TerraDS,iac_benchmark/scenarios/terrads_d59842d546a6,True,True,0,0,0,0,0,,,,,450.0,2980.0,24.0,5.0,5.0
terrads_2ba977dbec28,Zenodo/TerraDS,iac_benchmark/scenarios/terrads_2ba977dbec28,True,True,0,0,0,0,0,,,,,518.0,3467.0,31.0,0.0,5.0
terrads_a56f6f11941d,Zenodo/TerraDS,iac_benchmark/scenarios/terrads_a56f6f11941d,True,True,0,0,0,0,0,,,,,575.0,3816.0,21.0,33.0,5.0
terrads_a21c48d1899c,Zenodo/TerraDS,iac_benchmark/scenarios/terrads_a21c48d1899c,True,True,0,0,0,0,0,,,,,477.0,3685.0,33.0,0.0,5.0
terrads_2c8fda508da8,Zenodo/TerraDS,iac_benchmark/scenarios/terrads_2c8fda508da8,True,True,0,0,0,0,0,,,,,1173.0,6934.0,28.0,22.0,5.0
terrads_34e19dc01f23,Zenodo/TerraDS,iac_benchmark/scenarios/terrads_34e19dc01f23,True,True,0,0,0,0,0,,,,,514.0,3553.0,23.0,10.0,5.0
terrads_1fb61dfdbfee,Zenodo/TerraDS,iac_benchmark/scenarios/terrads_1fb61dfdbfee,True,True,0,0,0,0,0,,,,,748.0,5241.0,32.0,5.0,5.0
terrads_06d016c85b62,Zenodo/TerraDS,iac_benchmark/scenarios/terrads_06d016c85b62,True,True,0,0,0,0,0,,,,,457.0,3209.0,26.0,33.0,5.0
terrads_a1cf673ab9b5,Zenodo/TerraDS,iac_benchmark/scenarios/terrads_a1cf673ab9b5,True,True,0,0,0,0,0,,,,,845.0,7102.0,36.0,35.0,5.0
terrads_22d90ea6c506,Zenodo/TerraDS,iac_benchmark/scenarios/terrads_22d90ea6c506,True,True,0,0,0,0,0,,,,,593.0,4233.0,16.0,24.0,5.0
terrads_294159f96c78,Zenodo/TerraDS,iac_benchmark/scenarios/terrads_294159f96c78,True,True,0,0,0,0,0,,,,,882.0,5914.0,31.0,31.0,5.0
terrads_d04e23c39cbd,Zenodo/TerraDS,iac_benchmark/scenarios/terrads_d04e23c39cbd,True,True,0,0,0,0,0,,,,,593.0,4670.0,14.0,44.0,5.0
terrads_dd25fa3a5cd3,Zenodo/TerraDS,iac_benchmark/scenarios/terrads_dd25fa3a5cd3,True,True,0,0,0,0,0,,,,,611.0,3921.0,36.0,4.0,5.0
terrads_4fa2dc5f1d33,Zenodo/TerraDS,iac_benchmark/scenarios/terrads_4fa2dc5f1d33,True,True,0,0,0,0,0,,,,,1054.0,7361.0,52.0,3.0,5.0
terrads_997208859a50,Zenodo/TerraDS,iac_benchmark/scenarios/terrads_997208859a50,True,True,0,0,0,0,0,,,,,540.0,3525.0,25.0,16.0,5.0
terrads_6b2de5381bc4,Zenodo/TerraDS,iac_benchmark/scenarios/terrads_6b2de5381bc4,True,True,0,0,0,0,0,,,,,423.0,3097.0,28.0,8.0,5.0
terrads_99762ee3542b,Zenodo/TerraDS,iac_benchmark/scenarios/terrads_99762ee3542b,True,True,0,0,0,0,0,,,,,465.0,2711.0,12.0,0.0,5.0
terrads_83419915eb23,Zenodo/TerraDS,iac_benchmark/scenarios/terrads_83419915eb23,True,True,0,0,0,0,0,,,,,1003.0,7485.0,57.0,14.0,5.0
terrads_d50c1190d2af,Zenodo/TerraDS,iac_benchmark/scenarios/terrads_d50c1190d2af,True,True,0,0,0,0,0,,,,,449.0,3393.0,26.0,21.0,5.0
terrads_50f30e38dab2,Zenodo/TerraDS,iac_benchmark/scenarios/terrads_50f30e38dab2,True,True,0,0,0,0,0,,,,,441.0,2701.0,28.0,0.0,5.0
terrads_280ae63d1118,Zenodo/TerraDS,iac_benchmark/scenarios/terrads_280ae63d1118,True,True,0,0,0,0,0,,,,,728.0,4893.0,25.0,1.0,5.0
terrads_6f3e60aa54e1,Zenodo/TerraDS,iac_benchmark/scenarios/terrads_6f3e60aa54e1,True,True,0,0,0,0,0,,,,,476.0,3129.0,15.0,15.0,5.0
terrads_7e82a4430104,Zenodo/TerraDS,iac_benchmark/scenarios/terrads_7e82a4430104,True,True,0,0,0,0,0,,,,,1069.0,7736.0,25.0,20.0,5.0
terrads_fb0256a45a53,Zenodo/TerraDS,iac_benchmark/scenarios/terrads_fb0256a45a53,True,True,0,0,0,0,0,,,,,515.0,3102.0,15.0,31.0,5.0
terrads_55ac5b200def,Zenodo/TerraDS,iac_benchmark/scenarios/terrads_55ac5b200def,True,True,0,0,0,0,0,,,,,766.0,5787.0,54.0,10.0,5.0
terrads_ab22a11aee2f,Zenodo/TerraDS,iac_benchmark/scenarios/terrads_ab22a11aee2f,True,True,0,0,0,0,0,,,,,1052.0,6681.0,20.0,20.0,5.0
terrads_c72cdad59891,Zenodo/TerraDS,iac_benchmark/scenarios/terrads_c72cdad59891,True,True,0,0,0,0,0,,,,,929.0,6290.0,22.0,25.0,5.0
terrads_2191f5c5a2ed,Zenodo/TerraDS,iac_benchmark/scenarios/terrads_2191f5c5a2ed,True,True,0,0,0,0,0,,,,,594.0,4143.0,33.0,9.0,5.0
terrads_abd534e7ad9a,Zenodo/TerraDS,iac_benchmark/scenarios/terrads_abd534e7ad9a,True,True,0,0,0,0,0,,,,,538.0,4405.0,45.0,7.0,5.0
terrads_80bce2181e61,Zenodo/TerraDS,iac_benchmark/scenarios/terrads_80bce2181e61,True,True,0,0,0,0,0,,,,,472.0,2994.0,39.0,6.0,5.0
terrads_cd2f34bc68f0,Zenodo/TerraDS,iac_benchmark/scenarios/terrads_cd2f34bc68f0,True,True,0,0,0,0,0,,,,,458.0,3076.0,16.0,21.0,5.0
terrads_8154b352434e,Zenodo/TerraDS,iac_benchmark/scenarios/terrads_8154b352434e,True,True,0,0,0,0,0,,,,,598.0,4567.0,29.0,16.0,5.0
terrads_fc2452651bf0,Zenodo/TerraDS,iac_benchmark/scenarios/terrads_fc2452651bf0,True,True,0,0,0,0,0,,,,,458.0,3084.0,28.0,23.0,5.0
gh_194c6408,Tianyi2/IRIS,iac_benchmark/scenarios/gh_194c6408,True,True,0,0,0,0,0,,,,,444.0,3634.0,12.0,3.0,5.0
terrads_982002539778,Zenodo/TerraDS,iac_benchmark/scenarios/terrads_982002539778,True,True,0,0,0,0,0,,,,,1033.0,6924.0,43.0,14.0,5.0
terrads_25f1696c47ab,Zenodo/TerraDS,iac_benchmark/scenarios/terrads_25f1696c47ab,True,True,0,0,0,0,0,,,,,451.0,2867.0,28.0,5.0,5.0
terrads_4148a38dc600,Zenodo/TerraDS,iac_benchmark/scenarios/terrads_4148a38dc600,True,True,0,0,0,0,0,,,,,436.0,2627.0,13.0,22.0,5.0
terrads_e03d1a5e924d,Zenodo/TerraDS,iac_benchmark/scenarios/terrads_e03d1a5e924d,True,True,0,0,0,0,0,,,,,683.0,4774.0,46.0,10.0,5.0
terrads_4327ef562976,Zenodo/TerraDS,iac_benchmark/scenarios/terrads_4327ef562976,True,True,0,0,0,0,0,,,,,778.0,5701.0,47.0,15.0,5.0
terrads_35209507963e,Zenodo/TerraDS,iac_benchmark/scenarios/terrads_35209507963e,True,True,0,0,0,0,0,,,,,688.0,4635.0,34.0,10.0,5.0
terrads_a289bd959f38,Zenodo/TerraDS,iac_benchmark/scenarios/terrads_a289bd959f38,True,True,0,0,0,0,0,,,,,441.0,3211.0,25.0,0.0,5.0
terrads_ffebce119af8,Zenodo/TerraDS,iac_benchmark/scenarios/terrads_ffebce119af8,True,True,0,0,0,0,0,,,,,653.0,4357.0,30.0,1.0,5.0
terrads_79fe824dc2da,Zenodo/TerraDS,iac_benchmark/scenarios/terrads_79fe824dc2da,True,True,0,0,0,0,0,,,,,713.0,6844.0,16.0,18.0,5.0
terrads_4ffdb22421a8,Zenodo/TerraDS,iac_benchmark/scenarios/terrads_4ffdb22421a8,True,True,0,0,0,0,0,,,,,933.0,7036.0,54.0,18.0,5.0
terrads_2a7195b66913,Zenodo/TerraDS,iac_benchmark/scenarios/terrads_2a7195b66913,True,True,0,0,0,0,0,,,,,422.0,2463.0,17.0,11.0,5.0
terrads_d18ff9d9932d,Zenodo/TerraDS,iac_benchmark/scenarios/terrads_d18ff9d9932d,True,True,0,0,0,0,0,,,,,745.0,4717.0,23.0,28.0,5.0
terrads_edb60594959e,Zenodo/TerraDS,iac_benchmark/scenarios/terrads_edb60594959e,True,True,0,0,0,0,0,,,,,882.0,5914.0,31.0,31.0,5.0
terrads_d18aec1d0e51,Zenodo/TerraDS,iac_benchmark/scenarios/terrads_d18aec1d0e51,True,True,0,0,0,0,0,,,,,1049.0,7835.0,17.0,71.0,5.0
terrads_b1d16a2e4df9,Zenodo/TerraDS,iac_benchmark/scenarios/terrads_b1d16a2e4df9,True,True,0,0,0,0,0,,,,,715.0,5458.0,19.0,38.0,5.0
terrads_9018117fc75a,Zenodo/TerraDS,iac_benchmark/scenarios/terrads_9018117fc75a,True,True,0,0,0,0,0,,,,,700.0,4648.0,47.0,0.0,5.0
terrads_b9e137692781,Zenodo/TerraDS,iac_benchmark/scenarios/terrads_b9e137692781,True,True,0,0,0,0,0,,,,,734.0,4903.0,25.0,1.0,5.0
terrads_24fd0451b878,Zenodo/TerraDS,iac_benchmark/scenarios/terrads_24fd0451b878,True,True,0,0,0,0,0,,,,,751.0,5568.0,38.0,10.0,5.0
terrads_fb2b2b2a157d,Zenodo/TerraDS,iac_benchmark/scenarios/terrads_fb2b2b2a157d,True,True,0,0,0,0,0,,,,,565.0,4001.0,25.0,1.0,5.0
terrads_e5e8572c5406,Zenodo/TerraDS,iac_benchmark/scenarios/terrads_e5e8572c5406,True,True,0,0,0,0,0,,,,,882.0,5914.0,31.0,31.0,5.0
terrads_4961d801636e,Zenodo/TerraDS,iac_benchmark/scenarios/terrads_4961d801636e,True,True,0,0,0,0,0,,,,,457.0,3209.0,26.0,33.0,5.0
terrads_369b7c3c4b0f,Zenodo/TerraDS,iac_benchmark/scenarios/terrads_369b7c3c4b0f,True,True,0,0,0,0,0,,,,,630.0,5720.0,71.0,2.0,5.0
terrads_533fde8a7de8,Zenodo/TerraDS,iac_benchmark/scenarios/terrads_533fde8a7de8,True,True,0,0,0,0,0,,,,,421.0,2838.0,29.0,0.0,5.0
terrads_7f45a6b2e97c,Zenodo/TerraDS,iac_benchmark/scenarios/terrads_7f45a6b2e97c,True,True,0,0,0,0,0,,,,,684.0,4742.0,37.0,12.0,5.0
terrads_ee05deed8f2a,Zenodo/TerraDS,iac_benchmark/scenarios/terrads_ee05deed8f2a,True,True,0,0,0,0,0,,,,,408.0,2892.0,26.0,25.0,5.0
terrads_8574842ab6ef,Zenodo/TerraDS,iac_benchmark/scenarios/terrads_8574842ab6ef,True,True,0,0,0,0,0,,,,,512.0,3885.0,24.0,25.0,5.0
terrads_5f2d724ad159,Zenodo/TerraDS,iac_benchmark/scenarios/terrads_5f2d724ad159,True,True,0,0,0,0,0,,,,,789.0,5836.0,24.0,42.0,5.0
terrads_bff2676bf3fd,Zenodo/TerraDS,iac_benchmark/scenarios/terrads_bff2676bf3fd,True,True,0,0,0,0,0,,,,,1093.0,7891.0,24.0,15.0,5.0
terrads_6f4815ac577b,Zenodo/TerraDS,iac_benchmark/scenarios/terrads_6f4815ac577b,True,True,0,0,0,0,0,,,,,440.0,2671.0,18.0,13.0,5.0
terrads_be1fbf5b7f48,Zenodo/TerraDS,iac_benchmark/scenarios/terrads_be1fbf5b7f48,True,True,0,0,0,0,0,,,,,427.0,2836.0,21.0,15.0,5.0
terrads_fba6b545d4b1,Zenodo/TerraDS,iac_benchmark/scenarios/terrads_fba6b545d4b1,True,True,0,0,0,0,0,,,,,489.0,3632.0,25.0,0.0,5.0
terrads_fcf72f95bdc0,Zenodo/TerraDS,iac_benchmark/scenarios/terrads_fcf72f95bdc0,True,True,0,0,0,0,0,,,,,911.0,6340.0,36.0,9.0,5.0
terrads_73cb6ac4fe1b,Zenodo/TerraDS,iac_benchmark/scenarios/terrads_73cb6ac4fe1b,True,True,0,0,0,0,0,,,,,496.0,3770.0,12.0,26.0,5.0
terrads_72d7835d6aff,Zenodo/TerraDS,iac_benchmark/scenarios/terrads_72d7835d6aff,True,True,0,0,0,0,0,,,,,541.0,3526.0,24.0,16.0,5.0
terrads_165301546fe9,Zenodo/TerraDS,iac_benchmark/scenarios/terrads_165301546fe9,True,True,0,0,0,0,0,,,,,409.0,2758.0,21.0,16.0,5.0
terrads_5d90fbef170f,Zenodo/TerraDS,iac_benchmark/scenarios/terrads_5d90fbef170f,True,True,0,0,0,0,0,,,,,595.0,4174.0,32.0,16.0,5.0
terrads_6aa1af70ae8b,Zenodo/TerraDS,iac_benchmark/scenarios/terrads_6aa1af70ae8b,True,True,0,0,0,0,0,,,,,452.0,3345.0,14.0,13.0,5.0
terrads_755a503f32b0,Zenodo/TerraDS,iac_benchmark/scenarios/terrads_755a503f32b0,True,True,0,0,0,0,0,,,,,540.0,3525.0,25.0,16.0,5.0
terrads_ca40d6864880,Zenodo/TerraDS,iac_benchmark/scenarios/terrads_ca40d6864880,True,True,0,0,0,0,0,,,,,770.0,4298.0,31.0,3.0,5.0
terrads_11cbc2df471e,Zenodo/TerraDS,iac_benchmark/scenarios/terrads_11cbc2df471e,True,True,0,0,0,0,0,,,,,440.0,3050.0,27.0,9.0,5.0
terrads_259f1eb6a3a3,Zenodo/TerraDS,iac_benchmark/scenarios/terrads_259f1eb6a3a3,True,True,0,0,0,0,0,,,,,568.0,4160.0,25.0,18.0,5.0
terrads_aa6b9f3512c1,Zenodo/TerraDS,iac_benchmark/scenarios/terrads_aa6b9f3512c1,True,True,0,0,0,0,0,,,,,450.0,2802.0,22.0,9.0,5.0
terrads_a81ca99fdbcc,Zenodo/TerraDS,iac_benchmark/scenarios/terrads_a81ca99fdbcc,True,True,0,0,0,0,0,,,,,565.0,4482.0,33.0,17.0,5.0
terrads_b7de082bfd16,Zenodo/TerraDS,iac_benchmark/scenarios/terrads_b7de082bfd16,True,True,0,0,0,0,0,,,,,730.0,4903.0,25.0,1.0,5.0
terrads_eace2e26069f,Zenodo/TerraDS,iac_benchmark/scenarios/terrads_eace2e26069f,True,True,0,0,0,0,0,,,,,882.0,5914.0,31.0,31.0,5.0
terrads_4026e4f30e66,Zenodo/TerraDS,iac_benchmark/scenarios/terrads_4026e4f30e66,True,True,0,0,0,0,0,,,,,783.0,6367.0,37.0,27.0,5.0
terrads_18f6a5bcc2bf,Zenodo/TerraDS,iac_benchmark/scenarios/terrads_18f6a5bcc2bf,True,True,0,0,0,0,0,,,,,636.0,4378.0,36.0,38.0,5.0
terrads_8a45f66ac626,Zenodo/TerraDS,iac_benchmark/scenarios/terrads_8a45f66ac626,True,True,0,0,0,0,0,,,,,512.0,3144.0,20.0,41.0,5.0
terrads_3ca30b084174,Zenodo/TerraDS,iac_benchmark/scenarios/terrads_3ca30b084174,True,True,0,0,0,0,0,,,,,442.0,3287.0,14.0,28.0,5.0
gh_d6cf5f8d,Tianyi2/IRIS,iac_benchmark/scenarios/gh_d6cf5f8d,True,True,0,0,0,0,0,,,,,497.0,3650.0,12.0,34.0,5.0
terrads_7973592ebe8e,Zenodo/TerraDS,iac_benchmark/scenarios/terrads_7973592ebe8e,True,True,0,0,0,0,0,,,,,861.0,6836.0,28.0,6.0,5.0
terrads_d7fb256c3592,Zenodo/TerraDS,iac_benchmark/scenarios/terrads_d7fb256c3592,True,True,0,0,0,0,0,,,,,429.0,3032.0,20.0,2.0,5.0
terrads_f93147439563,Zenodo/TerraDS,iac_benchmark/scenarios/terrads_f93147439563,True,True,0,0,0,0,0,,,,,730.0,4903.0,25.0,1.0,5.0
terrads_6c3146477763,Zenodo/TerraDS,iac_benchmark/scenarios/terrads_6c3146477763,True,True,0,0,0,0,0,,,,,596.0,4117.0,22.0,24.0,5.0
terrads_0b7b11fa2124,Zenodo/TerraDS,iac_benchmark/scenarios/terrads_0b7b11fa2124,True,True,0,0,0,0,0,,,,,905.0,6630.0,37.0,8.0,5.0
terrads_7d51142d707b,Zenodo/TerraDS,iac_benchmark/scenarios/terrads_7d51142d707b,True,True,0,0,0,0,0,,,,,450.0,2802.0,22.0,9.0,5.0
terrads_63ccd7766698,Zenodo/TerraDS,iac_benchmark/scenarios/terrads_63ccd7766698,True,True,0,0,0,0,0,,,,,674.0,4562.0,22.0,27.0,5.0
terrads_be63038538f4,Zenodo/TerraDS,iac_benchmark/scenarios/terrads_be63038538f4,True,True,0,0,0,0,0,,,,,658.0,4849.0,40.0,0.0,5.0
terrads_172a8c6502dc,Zenodo/TerraDS,iac_benchmark/scenarios/terrads_172a8c6502dc,True,True,0,0,0,0,0,,,,,580.0,4634.0,22.0,0.0,5.0
terrads_d4a2a0090bd1,Zenodo/TerraDS,iac_benchmark/scenarios/terrads_d4a2a0090bd1,True,True,0,0,0,0,0,,,,,684.0,5177.0,64.0,6.0,5.0
terrads_28cca03d2e1c,Zenodo/TerraDS,iac_benchmark/scenarios/terrads_28cca03d2e1c,True,True,0,0,0,0,0,,,,,557.0,4134.0,37.0,0.0,5.0
terrads_91afea0652c4,Zenodo/TerraDS,iac_benchmark/scenarios/terrads_91afea0652c4,True,True,0,0,0,0,0,,,,,519.0,4000.0,31.0,2.0,5.0
terrads_c12e6037837d,Zenodo/TerraDS,iac_benchmark/scenarios/terrads_c12e6037837d,True,True,0,0,0,0,0,,,,,541.0,3526.0,24.0,16.0,5.0
terrads_655569a98c9d,Zenodo/TerraDS,iac_benchmark/scenarios/terrads_655569a98c9d,True,True,0,0,0,0,0,,,,,569.0,4017.0,25.0,1.0,5.0
terrads_81a133491634,Zenodo/TerraDS,iac_benchmark/scenarios/terrads_81a133491634,True,True,0,0,0,0,0,,,,,534.0,3749.0,12.0,36.0,5.0
terrads_ee8f41f2c556,Zenodo/TerraDS,iac_benchmark/scenarios/terrads_ee8f41f2c556,True,True,0,0,0,0,0,,,,,446.0,3161.0,15.0,27.0,5.0
terrads_9d6fdccc2cb4,Zenodo/TerraDS,iac_benchmark/scenarios/terrads_9d6fdccc2cb4,True,True,0,0,0,0,0,,,,,400.0,2596.0,22.0,5.0,5.0
terrads_c41ab600b7dc,Zenodo/TerraDS,iac_benchmark/scenarios/terrads_c41ab600b7dc,True,True,0,0,0,0,0,,,,,759.0,4850.0,28.0,4.0,5.0
terrads_ab9bb10203a1,Zenodo/TerraDS,iac_benchmark/scenarios/terrads_ab9bb10203a1,True,True,0,0,0,0,0,,,,,443.0,2946.0,29.0,1.0,5.0
terrads_1ba173c8a255,Zenodo/TerraDS,iac_benchmark/scenarios/terrads_1ba173c8a255,True,True,0,0,0,0,0,,,,,441.0,2701.0,28.0,0.0,5.0
terrads_b5d947adc3ab,Zenodo/TerraDS,iac_benchmark/scenarios/terrads_b5d947adc3ab,True,True,0,0,0,0,0,,,,,899.0,6465.0,46.0,0.0,5.0
terrads_2c94068e1c67,Zenodo/TerraDS,iac_benchmark/scenarios/terrads_2c94068e1c67,True,True,0,0,0,0,0,,,,,503.0,3506.0,26.0,11.0,5.0
terrads_53e79a2104e1,Zenodo/TerraDS,iac_benchmark/scenarios/terrads_53e79a2104e1,True,True,0,0,0,0,0,,,,,539.0,4495.0,21.0,2.0,5.0
gh_478043f0,Tianyi2/IRIS,iac_benchmark/scenarios/gh_478043f0,True,True,0,0,0,0,0,,,,,725.0,5345.0,15.0,28.0,5.0
terrads_4c67178ac8aa,Zenodo/TerraDS,iac_benchmark/scenarios/terrads_4c67178ac8aa,True,True,0,0,0,0,0,,,,,573.0,3738.0,18.0,36.0,5.0
terrads_77bc3b0b0b8b,Zenodo/TerraDS,iac_benchmark/scenarios/terrads_77bc3b0b0b8b,True,True,0,0,0,0,0,,,,,883.0,6335.0,30.0,37.0,5.0
terrads_d9acb4a4e7b3,Zenodo/TerraDS,iac_benchmark/scenarios/terrads_d9acb4a4e7b3,True,True,0,0,0,0,0,,,,,456.0,3087.0,33.0,0.0,5.0
terrads_4da12703f59a,Zenodo/TerraDS,iac_benchmark/scenarios/terrads_4da12703f59a,True,True,0,0,0,0,0,,,,,676.0,4902.0,42.0,23.0,5.0
terrads_17520e8a4c59,Zenodo/TerraDS,iac_benchmark/scenarios/terrads_17520e8a4c59,True,True,0,0,0,0,0,,,,,557.0,3654.0,24.0,21.0,5.0
terrads_c07f52ff3a9f,Zenodo/TerraDS,iac_benchmark/scenarios/terrads_c07f52ff3a9f,True,True,0,0,0,0,0,,,,,417.0,2691.0,24.0,25.0,5.0
terrads_abbda6d138b5,Zenodo/TerraDS,iac_benchmark/scenarios/terrads_abbda6d138b5,True,True,0,0,0,0,0,,,,,487.0,3217.0,18.0,13.0,5.0
terrads_d890aeb2a603,Zenodo/TerraDS,iac_benchmark/scenarios/terrads_d890aeb2a603,True,True,0,0,0,0,0,,,,,782.0,5838.0,69.0,0.0,5.0
terrads_5794a76ff7b6,Zenodo/TerraDS,iac_benchmark/scenarios/terrads_5794a76ff7b6,True,True,0,0,0,0,0,,,,,545.0,3441.0,21.0,0.0,5.0
terrads_b9912ffbd649,Zenodo/TerraDS,iac_benchmark/scenarios/terrads_b9912ffbd649,True,True,0,0,0,0,0,,,,,470.0,4408.0,24.0,0.0,5.0
terrads_6013ed009d71,Zenodo/TerraDS,iac_benchmark/scenarios/terrads_6013ed009d71,True,True,0,0,0,0,0,,,,,987.0,5934.0,44.0,6.0,5.0
terrads_ea90df0b4310,Zenodo/TerraDS,iac_benchmark/scenarios/terrads_ea90df0b4310,True,True,0,0,0,0,0,,,,,471.0,2944.0,36.0,0.0,5.0
terrads_205f0fd99d36,Zenodo/TerraDS,iac_benchmark/scenarios/terrads_205f0fd99d36,True,True,0,0,0,0,0,,,,,443.0,3224.0,14.0,20.0,5.0
terrads_b5c85ba6fd65,Zenodo/TerraDS,iac_benchmark/scenarios/terrads_b5c85ba6fd65,True,True,0,0,0,0,0,,,,,928.0,5586.0,42.0,7.0,5.0
terrads_341ca4f94b5b,Zenodo/TerraDS,iac_benchmark/scenarios/terrads_341ca4f94b5b,True,True,0,0,0,0,0,,,,,430.0,2970.0,34.0,29.0,5.0
terrads_00cf150b1a10,Zenodo/TerraDS,iac_benchmark/scenarios/terrads_00cf150b1a10,True,True,0,0,0,0,0,,,,,541.0,3684.0,23.0,7.0,5.0
terrads_6a67d4ec5461,Zenodo/TerraDS,iac_benchmark/scenarios/terrads_6a67d4ec5461,True,True,0,0,0,0,0,,,,,407.0,2834.0,18.0,1.0,5.0
terrads_f3046b84a14c,Zenodo/TerraDS,iac_benchmark/scenarios/terrads_f3046b84a14c,True,True,0,0,0,0,0,,,,,489.0,3632.0,25.0,0.0,5.0
terrads_8b59adb72414,Zenodo/TerraDS,iac_benchmark/scenarios/terrads_8b59adb72414,True,True,0,0,0,0,0,,,,,563.0,3889.0,23.0,7.0,5.0
terrads_036590de1946,Zenodo/TerraDS,iac_benchmark/scenarios/terrads_036590de1946,True,True,0,0,0,0,0,,,,,651.0,4541.0,27.0,13.0,5.0
terrads_ccfd6186d5bd,Zenodo/TerraDS,iac_benchmark/scenarios/terrads_ccfd6186d5bd,True,True,0,0,0,0,0,,,,,713.0,6844.0,16.0,18.0,5.0
terrads_c55690b229cf,Zenodo/TerraDS,iac_benchmark/scenarios/terrads_c55690b229cf,True,True,0,0,0,0,0,,,,,717.0,4698.0,14.0,64.0,5.0
terrads_ca200c39eabb,Zenodo/TerraDS,iac_benchmark/scenarios/terrads_ca200c39eabb,True,True,0,0,0,0,0,,,,,510.0,4554.0,15.0,21.0,5.0
terrads_6ee7d123f7a3,Zenodo/TerraDS,iac_benchmark/scenarios/terrads_6ee7d123f7a3,True,True,0,0,0,0,0,,,,,430.0,2881.0,24.0,5.0,5.0
terrads_9de4d3f909a3,Zenodo/TerraDS,iac_benchmark/scenarios/terrads_9de4d3f909a3,True,True,0,0,0,0,0,,,,,723.0,6948.0,18.0,21.0,5.0
terrads_6821c8fee491,Zenodo/TerraDS,iac_benchmark/scenarios/terrads_6821c8fee491,True,True,0,0,0,0,0,,,,,407.0,3056.0,12.0,19.0,5.0
terrads_e602c2bdb5c3,Zenodo/TerraDS,iac_benchmark/scenarios/terrads_e602c2bdb5c3,True,True,0,0,0,0,0,,,,,1037.0,7723.0,43.0,48.0,5.0
terrads_baf47d6dd8ae,Zenodo/TerraDS,iac_benchmark/scenarios/terrads_baf47d6dd8ae,True,True,0,0,0,0,0,,,,,741.0,5019.0,26.0,1.0,5.0
terrads_160837b15681,Zenodo/TerraDS,iac_benchmark/scenarios/terrads_160837b15681,True,True,0,0,0,0,0,,,,,553.0,4047.0,35.0,2.0,5.0
terrads_106e4bf29351,Zenodo/TerraDS,iac_benchmark/scenarios/terrads_106e4bf29351,True,True,0,0,0,0,0,,,,,560.0,3998.0,22.0,12.0,5.0
terrads_12b411e3f115,Zenodo/TerraDS,iac_benchmark/scenarios/terrads_12b411e3f115,True,True,0,0,0,0,0,,,,,720.0,4563.0,25.0,18.0,5.0
terrads_bc19b5206425,Zenodo/TerraDS,iac_benchmark/scenarios/terrads_bc19b5206425,True,True,0,0,0,0,0,,,,,753.0,5375.0,28.0,27.0,5.0
terrads_817c2cca10ac,Zenodo/TerraDS,iac_benchmark/scenarios/terrads_817c2cca10ac,True,True,0,0,0,0,0,,,,,591.0,4503.0,13.0,1.0,5.0
terrads_768aab887cfa,Zenodo/TerraDS,iac_benchmark/scenarios/terrads_768aab887cfa,True,True,0,0,0,0,0,,,,,411.0,2857.0,17.0,24.0,5.0
terrads_0e9e7041448e,Zenodo/TerraDS,iac_benchmark/scenarios/terrads_0e9e7041448e,True,True,0,0,0,0,0,,,,,462.0,2859.0,26.0,0.0,5.0
terrads_11f0f304c1dd,Zenodo/TerraDS,iac_benchmark/scenarios/terrads_11f0f304c1dd,True,True,0,0,0,0,0,,,,,648.0,4741.0,17.0,48.0,5.0
terrads_ae216f79b8a7,Zenodo/TerraDS,iac_benchmark/scenarios/terrads_ae216f79b8a7,True,True,0,0,0,0,0,,,,,462.0,2859.0,26.0,0.0,5.0
terrads_ce00aea9ad6e,Zenodo/TerraDS,iac_benchmark/scenarios/terrads_ce00aea9ad6e,True,True,0,0,0,0,0,,,,,608.0,4301.0,14.0,0.0,5.0
terrads_1933a7af150a,Zenodo/TerraDS,iac_benchmark/scenarios/terrads_1933a7af150a,True,True,0,0,0,0,0,,,,,647.0,4177.0,32.0,0.0,5.0
terrads_b20cb3321abc,Zenodo/TerraDS,iac_benchmark/scenarios/terrads_b20cb3321abc,True,True,0,0,0,0,0,,,,,608.0,4506.0,30.0,30.0,5.0
terrads_45f9344d8697,Zenodo/TerraDS,iac_benchmark/scenarios/terrads_45f9344d8697,True,True,0,0,0,0,0,,,,,572.0,3540.0,21.0,18.0,5.0
terrads_9b4d2835d599,Zenodo/TerraDS,iac_benchmark/scenarios/terrads_9b4d2835d599,True,True,0,0,0,0,0,,,,,710.0,4623.0,62.0,62.0,5.0
terrads_3b8fd1a1d292,Zenodo/TerraDS,iac_benchmark/scenarios/terrads_3b8fd1a1d292,True,True,0,0,0,0,0,,,,,419.0,2811.0,13.0,11.0,5.0
terrads_d8cb246f8d53,Zenodo/TerraDS,iac_benchmark/scenarios/terrads_d8cb246f8d53,True,True,0,0,0,0,0,,,,,553.0,3834.0,31.0,2.0,5.0
terrads_7f9cc9b8bb3d,Zenodo/TerraDS,iac_benchmark/scenarios/terrads_7f9cc9b8bb3d,True,True,0,0,0,0,0,,,,,491.0,3516.0,21.0,12.0,5.0
terrads_c1e2ef55a789,Zenodo/TerraDS,iac_benchmark/scenarios/terrads_c1e2ef55a789,True,True,0,0,0,0,0,,,,,421.0,2838.0,29.0,0.0,5.0
terrads_ea37e42d89a5,Zenodo/TerraDS,iac_benchmark/scenarios/terrads_ea37e42d89a5,True,True,0,0,0,0,0,,,,,1015.0,7668.0,13.0,13.0,5.0
terrads_337dbf17ef83,Zenodo/TerraDS,iac_benchmark/scenarios/terrads_337dbf17ef83,True,True,0,0,0,0,0,,,,,743.0,5641.0,29.0,1.0,5.0
terrads_890b3d393fd9,Zenodo/TerraDS,iac_benchmark/scenarios/terrads_890b3d393fd9,True,True,0,0,0,0,0,,,,,729.0,4903.0,25.0,1.0,5.0
terrads_3460cbdc48ca,Zenodo/TerraDS,iac_benchmark/scenarios/terrads_3460cbdc48ca,True,True,0,0,0,0,0,,,,,697.0,4924.0,61.0,4.0,5.0
terrads_326897a2406e,Zenodo/TerraDS,iac_benchmark/scenarios/terrads_326897a2406e,True,True,0,0,0,0,0,,,,,485.0,2899.0,21.0,8.0,5.0
terrads_b16083eff2f7,Zenodo/TerraDS,iac_benchmark/scenarios/terrads_b16083eff2f7,True,True,0,0,0,0,0,,,,,423.0,2994.0,23.0,11.0,5.0
terrads_0e3cffbe9908,Zenodo/TerraDS,iac_benchmark/scenarios/terrads_0e3cffbe9908,True,True,0,0,0,0,0,,,,,670.0,5319.0,12.0,11.0,5.0
terrads_fa151455649e,Zenodo/TerraDS,iac_benchmark/scenarios/terrads_fa151455649e,True,True,0,0,0,0,0,,,,,455.0,3937.0,13.0,14.0,5.0
terrads_44f46c41ca52,Zenodo/TerraDS,iac_benchmark/scenarios/terrads_44f46c41ca52,True,True,0,0,0,0,0,,,,,513.0,3354.0,29.0,11.0,5.0
terrads_cd982410b99c,Zenodo/TerraDS,iac_benchmark/scenarios/terrads_cd982410b99c,True,True,0,0,0,0,0,,,,,882.0,5916.0,29.0,31.0,5.0
terrads_9d36dc0fcb0b,Zenodo/TerraDS,iac_benchmark/scenarios/terrads_9d36dc0fcb0b,True,True,0,0,0,0,0,,,,,473.0,3225.0,26.0,4.0,5.0
terrads_6bdb8e530d08,Zenodo/TerraDS,iac_benchmark/scenarios/terrads_6bdb8e530d08,True,True,0,0,0,0,0,,,,,586.0,4130.0,20.0,25.0,5.0
terrads_ce10db103666,Zenodo/TerraDS,iac_benchmark/scenarios/terrads_ce10db103666,True,True,0,0,0,0,0,,,,,764.0,5453.0,24.0,11.0,5.0
terrads_2d5246a64b98,Zenodo/TerraDS,iac_benchmark/scenarios/terrads_2d5246a64b98,True,True,0,0,0,0,0,,,,,604.0,7520.0,48.0,7.0,5.0
terrads_2d74a4f13bfe,Zenodo/TerraDS,iac_benchmark/scenarios/terrads_2d74a4f13bfe,True,True,0,0,0,0,0,,,,,454.0,2961.0,16.0,11.0,5.0
terrads_05b0f6cf8d83,Zenodo/TerraDS,iac_benchmark/scenarios/terrads_05b0f6cf8d83,True,True,0,0,0,0,0,,,,,514.0,3921.0,22.0,16.0,5.0
terrads_60b6d263cd14,Zenodo/TerraDS,iac_benchmark/scenarios/terrads_60b6d263cd14,True,True,0,0,0,0,0,,,,,412.0,3301.0,14.0,12.0,5.0
terrads_0f5a97eb4753,Zenodo/TerraDS,iac_benchmark/scenarios/terrads_0f5a97eb4753,True,True,0,0,0,0,0,,,,,429.0,2816.0,13.0,18.0,5.0
terrads_14819ddc5008,Zenodo/TerraDS,iac_benchmark/scenarios/terrads_14819ddc5008,True,True,0,0,0,0,0,,,,,457.0,3209.0,26.0,33.0,5.0
terrads_86770bbd7e86,Zenodo/TerraDS,iac_benchmark/scenarios/terrads_86770bbd7e86,True,True,0,0,0,0,0,,,,,636.0,4213.0,24.0,18.0,5.0
terrads_b1cf95fee10a,Zenodo/TerraDS,iac_benchmark/scenarios/terrads_b1cf95fee10a,True,True,0,0,0,0,0,,,,,961.0,7883.0,17.0,2.0,5.0
terrads_66789cc069e6,Zenodo/TerraDS,iac_benchmark/scenarios/terrads_66789cc069e6,True,True,0,0,0,0,0,,,,,444.0,2877.0,19.0,2.0,5.0
gh_b3217412,Tianyi2/IRIS,iac_benchmark/scenarios/gh_b3217412,True,True,0,0,0,0,0,,,,,959.0,6937.0,46.0,0.0,5.0
terrads_b29d86545c78,Zenodo/TerraDS,iac_benchmark/scenarios/terrads_b29d86545c78,True,True,0,0,0,0,0,,,,,644.0,5235.0,20.0,35.0,5.0
terrads_a2c060bd0dfe,Zenodo/TerraDS,iac_benchmark/scenarios/terrads_a2c060bd0dfe,True,True,0,0,0,0,0,,,,,411.0,2792.0,21.0,1.0,5.0
terrads_8f866c336cb7,Zenodo/TerraDS,iac_benchmark/scenarios/terrads_8f866c336cb7,True,True,0,0,0,0,0,,,,,849.0,6137.0,42.0,33.0,5.0
terrads_0816c9acdf54,Zenodo/TerraDS,iac_benchmark/scenarios/terrads_0816c9acdf54,True,True,0,0,0,0,0,,,,,489.0,3676.0,23.0,8.0,5.0
terrads_f6b40e7385a2,Zenodo/TerraDS,iac_benchmark/scenarios/terrads_f6b40e7385a2,True,True,0,0,0,0,0,,,,,420.0,3061.0,13.0,21.0,5.0
terrads_e40df2382d56,Zenodo/TerraDS,iac_benchmark/scenarios/terrads_e40df2382d56,True,True,0,0,0,0,0,,,,,795.0,5660.0,13.0,29.0,5.0
terrads_ebf2e7963b72,Zenodo/TerraDS,iac_benchmark/scenarios/terrads_ebf2e7963b72,True,True,0,0,0,0,0,,,,,615.0,5444.0,21.0,16.0,5.0
terrads_dc16df8bdbd5,Zenodo/TerraDS,iac_benchmark/scenarios/terrads_dc16df8bdbd5,True,True,0,0,0,0,0,,,,,882.0,5914.0,31.0,31.0,5.0
terrads_7ac22ef2657a,Zenodo/TerraDS,iac_benchmark/scenarios/terrads_7ac22ef2657a,True,True,0,0,0,0,0,,,,,518.0,3851.0,21.0,11.0,5.0
terrads_112a47c1a461,Zenodo/TerraDS,iac_benchmark/scenarios/terrads_112a47c1a461,True,True,0,0,0,0,0,,,,,513.0,3123.0,20.0,12.0,5.0
terrads_8ddc551f491c,Zenodo/TerraDS,iac_benchmark/scenarios/terrads_8ddc551f491c,True,True,0,0,0,0,0,,,,,899.0,6465.0,46.0,0.0,5.0
terrads_164011944f6a,Zenodo/TerraDS,iac_benchmark/scenarios/terrads_164011944f6a,True,True,0,0,0,0,0,,,,,840.0,4451.0,13.0,9.0,5.0
terrads_8fa8e802fe2d,Zenodo/TerraDS,iac_benchmark/scenarios/terrads_8fa8e802fe2d,True,True,0,0,0,0,0,,,,,456.0,3087.0,33.0,0.0,5.0
terrads_239dcca27688,Zenodo/TerraDS,iac_benchmark/scenarios/terrads_239dcca27688,True,True,0,0,0,0,0,,,,,835.0,6249.0,57.0,0.0,5.0
terrads_0cbd660a7705,Zenodo/TerraDS,iac_benchmark/scenarios/terrads_0cbd660a7705,True,True,0,0,0,0,0,,,,,750.0,7478.0,23.0,7.0,5.0
terrads_a538d0feaad4,Zenodo/TerraDS,iac_benchmark/scenarios/terrads_a538d0feaad4,True,True,0,0,0,0,0,,,,,788.0,5326.0,32.0,38.0,5.0
terrads_6cf64855d380,Zenodo/TerraDS,iac_benchmark/scenarios/terrads_6cf64855d380,True,True,0,0,0,0,0,,,,,452.0,3046.0,28.0,2.0,5.0
terrads_ead5257f652d,Zenodo/TerraDS,iac_benchmark/scenarios/terrads_ead5257f652d,True,True,0,0,0,0,0,,,,,605.0,4728.0,25.0,28.0,5.0
terrads_8de82d1397a4,Zenodo/TerraDS,iac_benchmark/scenarios/terrads_8de82d1397a4,True,True,0,0,0,0,0,,,,,444.0,2877.0,19.0,2.0,5.0
terrads_15da1661fc09,Zenodo/TerraDS,iac_benchmark/scenarios/terrads_15da1661fc09,True,True,0,0,0,0,0,,,,,804.0,6911.0,14.0,42.0,5.0
terrads_eeae46b0e73b,Zenodo/TerraDS,iac_benchmark/scenarios/terrads_eeae46b0e73b,True,True,0,0,0,0,0,,,,,851.0,6208.0,48.0,4.0,5.0
terrads_5c9ad8fda11c,Zenodo/TerraDS,iac_benchmark/scenarios/terrads_5c9ad8fda11c,True,True,0,0,0,0,0,,,,,958.0,7241.0,37.0,42.0,5.0
terrads_ac31732bfc26,Zenodo/TerraDS,iac_benchmark/scenarios/terrads_ac31732bfc26,True,True,0,0,0,0,0,,,,,1090.0,7120.0,35.0,3.0,5.0
terrads_ae7ca55d6226,Zenodo/TerraDS,iac_benchmark/scenarios/terrads_ae7ca55d6226,True,True,0,0,0,0,0,,,,,429.0,2853.0,17.0,10.0,5.0
terrads_ce2f5f856ad2,Zenodo/TerraDS,iac_benchmark/scenarios/terrads_ce2f5f856ad2,True,True,0,0,0,0,0,,,,,605.0,5008.0,27.0,11.0,5.0
terrads_f0c5497d8efb,Zenodo/TerraDS,iac_benchmark/scenarios/terrads_f0c5497d8efb,True,True,0,0,0,0,0,,,,,779.0,5352.0,14.0,14.0,5.0
terrads_3975b23fa423,Zenodo/TerraDS,iac_benchmark/scenarios/terrads_3975b23fa423,True,True,0,0,0,0,0,,,,,714.0,4799.0,18.0,9.0,5.0
terrads_9abb1c1f8e26,Zenodo/TerraDS,iac_benchmark/scenarios/terrads_9abb1c1f8e26,True,True,0,0,0,0,0,,,,,540.0,3525.0,25.0,16.0,5.0
terrads_86f0cecf2e52,Zenodo/TerraDS,iac_benchmark/scenarios/terrads_86f0cecf2e52,True,True,0,0,0,0,0,,,,,421.0,2838.0,29.0,0.0,5.0
terrads_46663c76a94a,Zenodo/TerraDS,iac_benchmark/scenarios/terrads_46663c76a94a,True,True,0,0,0,0,0,,,,,545.0,3536.0,25.0,16.0,5.0
terrads_b6deaaea1802,Zenodo/TerraDS,iac_benchmark/scenarios/terrads_b6deaaea1802,True,True,0,0,0,0,0,,,,,444.0,2877.0,19.0,2.0,5.0
terrads_b253095ffb19,Zenodo/TerraDS,iac_benchmark/scenarios/terrads_b253095ffb19,True,True,0,0,0,0,0,,,,,457.0,3209.0,26.0,33.0,5.0
terrads_38ae5e65f503,Zenodo/TerraDS,iac_benchmark/scenarios/terrads_38ae5e65f503,True,True,0,0,0,0,0,,,,,455.0,3282.0,21.0,7.0,5.0
terrads_5bfc020ab253,Zenodo/TerraDS,iac_benchmark/scenarios/terrads_5bfc020ab253,True,True,0,0,0,0,0,,,,,520.0,3092.0,20.0,2.0,5.0
terrads_36b0305d6f91,Zenodo/TerraDS,iac_benchmark/scenarios/terrads_36b0305d6f91,True,True,0,0,0,0,0,,,,,498.0,3354.0,13.0,24.0,5.0
terrads_fc76e2f31f30,Zenodo/TerraDS,iac_benchmark/scenarios/terrads_fc76e2f31f30,True,True,0,0,0,0,0,,,,,451.0,2860.0,15.0,16.0,5.0
terrads_387906979a05,Zenodo/TerraDS,iac_benchmark/scenarios/terrads_387906979a05,True,True,0,0,0,0,0,,,,,636.0,4378.0,36.0,38.0,5.0
terrads_cfd96686dda6,Zenodo/TerraDS,iac_benchmark/scenarios/terrads_cfd96686dda6,True,True,0,0,0,0,0,,,,,730.0,4962.0,33.0,18.0,5.0
terrads_65343b8024ae,Zenodo/TerraDS,iac_benchmark/scenarios/terrads_65343b8024ae,True,True,0,0,0,0,0,,,,,826.0,6210.0,21.0,24.0,5.0
terrads_2373bd72870a,Zenodo/TerraDS,iac_benchmark/scenarios/terrads_2373bd72870a,True,True,0,0,0,0,0,,,,,513.0,3699.0,29.0,33.0,5.0
terrads_66182aaba381,Zenodo/TerraDS,iac_benchmark/scenarios/terrads_66182aaba381,True,True,0,0,0,0,0,,,,,453.0,2935.0,29.0,14.0,5.0
terrads_0b43ed2f9b33,Zenodo/TerraDS,iac_benchmark/scenarios/terrads_0b43ed2f9b33,True,True,0,0,0,0,0,,,,,763.0,6245.0,36.0,6.0,5.0
terrads_53a6e7639c1c,Zenodo/TerraDS,iac_benchmark/scenarios/terrads_53a6e7639c1c,True,True,0,0,0,0,0,,,,,523.0,3817.0,22.0,20.0,5.0
terrads_7ce7ead6292b,Zenodo/TerraDS,iac_benchmark/scenarios/terrads_7ce7ead6292b,True,True,0,0,0,0,0,,,,,440.0,2671.0,18.0,13.0,5.0
terrads_4906a2ea5424,Zenodo/TerraDS,iac_benchmark/scenarios/terrads_4906a2ea5424,True,True,0,0,0,0,0,,,,,665.0,4308.0,21.0,5.0,5.0
terrads_68c07fad73f8,Zenodo/TerraDS,iac_benchmark/scenarios/terrads_68c07fad73f8,True,True,0,0,0,0,0,,,,,739.0,5206.0,15.0,21.0,5.0
terrads_74112241e826,Zenodo/TerraDS,iac_benchmark/scenarios/terrads_74112241e826,True,True,0,0,0,0,0,,,,,486.0,3301.0,19.0,26.0,5.0
terrads_a49138e2b5ce,Zenodo/TerraDS,iac_benchmark/scenarios/terrads_a49138e2b5ce,True,True,0,0,0,0,0,,,,,505.0,3485.0,32.0,0.0,5.0
terrads_48a92b2b5a01,Zenodo/TerraDS,iac_benchmark/scenarios/terrads_48a92b2b5a01,True,True,0,0,0,0,0,,,,,486.0,2981.0,28.0,0.0,5.0
terrads_212db19864e2,Zenodo/TerraDS,iac_benchmark/scenarios/terrads_212db19864e2,True,True,0,0,0,0,0,,,,,649.0,4972.0,58.0,0.0,5.0
terrads_d86b4200c557,Zenodo/TerraDS,iac_benchmark/scenarios/terrads_d86b4200c557,True,True,0,0,0,0,0,,,,,882.0,5914.0,31.0,31.0,5.0
terrads_1b10494b20cd,Zenodo/TerraDS,iac_benchmark/scenarios/terrads_1b10494b20cd,True,True,0,0,0,0,0,,,,,540.0,3525.0,25.0,16.0,5.0
terrads_ba90544edd65,Zenodo/TerraDS,iac_benchmark/scenarios/terrads_ba90544edd65,True,True,0,0,0,0,0,,,,,489.0,3405.0,12.0,35.0,5.0
terrads_d4eb345b68db,Zenodo/TerraDS,iac_benchmark/scenarios/terrads_d4eb345b68db,True,True,0,0,0,0,0,,,,,541.0,3526.0,24.0,16.0,5.0
terrads_c9a9b6929a4a,Zenodo/TerraDS,iac_benchmark/scenarios/terrads_c9a9b6929a4a,True,True,0,0,0,0,0,,,,,421.0,2838.0,29.0,0.0,5.0
terrads_56f5546fe1c2,Zenodo/TerraDS,iac_benchmark/scenarios/terrads_56f5546fe1c2,True,True,0,0,0,0,0,,,,,907.0,5804.0,50.0,6.0,5.0
terrads_07e03412379c,Zenodo/TerraDS,iac_benchmark/scenarios/terrads_07e03412379c,True,True,0,0,0,0,0,,,,,823.0,5774.0,19.0,21.0,5.0
terrads_95d990c006d9,Zenodo/TerraDS,iac_benchmark/scenarios/terrads_95d990c006d9,True,True,0,0,0,0,0,,,,,514.0,3816.0,13.0,6.0,5.0
terrads_da88f3d0199e,Zenodo/TerraDS,iac_benchmark/scenarios/terrads_da88f3d0199e,True,True,0,0,0,0,0,,,,,418.0,2853.0,18.0,21.0,5.0
terrads_1b8123f9974a,Zenodo/TerraDS,iac_benchmark/scenarios/terrads_1b8123f9974a,True,True,0,0,0,0,0,,,,,679.0,4735.0,20.0,27.0,5.0
terrads_5908b7c446b9,Zenodo/TerraDS,iac_benchmark/scenarios/terrads_5908b7c446b9,True,True,0,0,0,0,0,,,,,728.0,5932.0,33.0,10.0,5.0
terrads_013836d5117e,Zenodo/TerraDS,iac_benchmark/scenarios/terrads_013836d5117e,True,True,0,0,0,0,0,,,,,563.0,4783.0,37.0,8.0,5.0
terrads_c3f0144a9145,Zenodo/TerraDS,iac_benchmark/scenarios/terrads_c3f0144a9145,True,True,0,0,0,0,0,,,,,489.0,3331.0,31.0,2.0,5.0
terrads_1ee413f9632c,Zenodo/TerraDS,iac_benchmark/scenarios/terrads_1ee413f9632c,True,True,0,0,0,0,0,,,,,882.0,5916.0,29.0,31.0,5.0
terrads_aff6fdcd0f46,Zenodo/TerraDS,iac_benchmark/scenarios/terrads_aff6fdcd0f46,True,True,0,0,0,0,0,,,,,837.0,6648.0,56.0,11.0,5.0
terrads_5c2d2703b3c2,Zenodo/TerraDS,iac_benchmark/scenarios/terrads_5c2d2703b3c2,True,True,0,0,0,0,0,,,,,426.0,2524.0,22.0,5.0,5.0
terrads_2038932fc6b7,Zenodo/TerraDS,iac_benchmark/scenarios/terrads_2038932fc6b7,True,True,0,0,0,0,0,,,,,1238.0,7854.0,82.0,2.0,5.0
terrads_3a1544ce00b3,Zenodo/TerraDS,iac_benchmark/scenarios/terrads_3a1544ce00b3,True,True,0,0,0,0,0,,,,,547.0,4346.0,33.0,14.0,5.0
terrads_80f2b1eb7d7d,Zenodo/TerraDS,iac_benchmark/scenarios/terrads_80f2b1eb7d7d,True,True,0,0,0,0,0,,,,,443.0,2946.0,29.0,1.0,5.0
terrads_9c9946574ac6,Zenodo/TerraDS,iac_benchmark/scenarios/terrads_9c9946574ac6,True,True,0,0,0,0,0,,,,,489.0,3632.0,25.0,0.0,5.0
terrads_b431255309f1,Zenodo/TerraDS,iac_benchmark/scenarios/terrads_b431255309f1,True,True,0,0,0,0,0,,,,,648.0,5259.0,20.0,36.0,5.0
terrads_10a6deba292c,Zenodo/TerraDS,iac_benchmark/scenarios/terrads_10a6deba292c,True,True,0,0,0,0,0,,,,,408.0,2873.0,26.0,10.0,5.0
terrads_ce1064821890,Zenodo/TerraDS,iac_benchmark/scenarios/terrads_ce1064821890,True,True,0,0,0,0,0,,,,,631.0,5102.0,38.0,10.0,5.0
terrads_8cc329355f31,Zenodo/TerraDS,iac_benchmark/scenarios/terrads_8cc329355f31,True,True,0,0,0,0,0,,,,,564.0,3370.0,15.0,22.0,5.0
terrads_c9190df2b22a,Zenodo/TerraDS,iac_benchmark/scenarios/terrads_c9190df2b22a,True,True,0,0,0,0,0,,,,,458.0,2889.0,27.0,3.0,5.0
terrads_a1f5bd0388a9,Zenodo/TerraDS,iac_benchmark/scenarios/terrads_a1f5bd0388a9,True,True,0,0,0,0,0,,,,,475.0,2774.0,23.0,13.0,5.0
terrads_f59a2a1cad58,Zenodo/TerraDS,iac_benchmark/scenarios/terrads_f59a2a1cad58,True,True,0,0,0,0,0,,,,,438.0,3979.0,16.0,13.0,5.0
terrads_802aaff3e577,Zenodo/TerraDS,iac_benchmark/scenarios/terrads_802aaff3e577,True,True,0,0,0,0,0,,,,,748.0,4986.0,12.0,28.0,5.0
terrads_d36be19c406c,Zenodo/TerraDS,iac_benchmark/scenarios/terrads_d36be19c406c,True,True,0,0,0,0,0,,,,,450.0,2802.0,22.0,9.0,5.0
terrads_7025e95ec1f2,Zenodo/TerraDS,iac_benchmark/scenarios/terrads_7025e95ec1f2,True,True,0,0,0,0,0,,,,,459.0,2949.0,21.0,8.0,5.0
gh_a1426919,Tianyi2/IRIS,iac_benchmark/scenarios/gh_a1426919,True,True,0,0,0,0,0,,,,,654.0,3880.0,41.0,11.0,5.0
terrads_b689bf7f7055,Zenodo/TerraDS,iac_benchmark/scenarios/terrads_b689bf7f7055,True,True,0,0,0,0,0,,,,,683.0,4739.0,39.0,39.0,5.0
terrads_11cbe7e8989c,Zenodo/TerraDS,iac_benchmark/scenarios/terrads_11cbe7e8989c,True,True,0,0,0,0,0,,,,,425.0,3029.0,15.0,8.0,5.0
terrads_98fc82ef7cc8,Zenodo/TerraDS,iac_benchmark/scenarios/terrads_98fc82ef7cc8,True,True,0,0,0,0,0,,,,,676.0,4715.0,29.0,23.0,5.0
terrads_d0e8d2090a81,Zenodo/TerraDS,iac_benchmark/scenarios/terrads_d0e8d2090a81,True,True,0,0,0,0,0,,,,,567.0,3878.0,39.0,0.0,5.0
terrads_f17433a60920,Zenodo/TerraDS,iac_benchmark/scenarios/terrads_f17433a60920,True,True,0,0,0,0,0,,,,,879.0,5774.0,52.0,0.0,5.0
terrads_d9693b8a05c9,Zenodo/TerraDS,iac_benchmark/scenarios/terrads_d9693b8a05c9,True,True,0,0,0,0,0,,,,,768.0,6091.0,38.0,13.0,5.0
terrads_7455e6869d7d,Zenodo/TerraDS,iac_benchmark/scenarios/terrads_7455e6869d7d,True,True,0,0,0,0,0,,,,,748.0,5946.0,26.0,22.0,5.0
terrads_f4599ef1e703,Zenodo/TerraDS,iac_benchmark/scenarios/terrads_f4599ef1e703,True,True,0,0,0,0,0,,,,,422.0,2463.0,17.0,11.0,5.0
terrads_596e91be316b,Zenodo/TerraDS,iac_benchmark/scenarios/terrads_596e91be316b,True,True,0,0,0,0,0,,,,,741.0,5019.0,26.0,1.0,5.0
terrads_0e4e58bb7b86,Zenodo/TerraDS,iac_benchmark/scenarios/terrads_0e4e58bb7b86,True,True,0,0,0,0,0,,,,,425.0,4640.0,18.0,16.0,5.0
terrads_f3e7768c3379,Zenodo/TerraDS,iac_benchmark/scenarios/terrads_f3e7768c3379,True,True,0,0,0,0,0,,,,,474.0,3343.0,26.0,7.0,5.0
terrads_7f08410d03ba,Zenodo/TerraDS,iac_benchmark/scenarios/terrads_7f08410d03ba,True,True,0,0,0,0,0,,,,,444.0,2877.0,19.0,2.0,5.0
terrads_e45262acd831,Zenodo/TerraDS,iac_benchmark/scenarios/terrads_e45262acd831,True,True,0,0,0,0,0,,,,,659.0,4289.0,31.0,9.0,5.0
terrads_13951fe806f0,Zenodo/TerraDS,iac_benchmark/scenarios/terrads_13951fe806f0,True,True,0,0,0,0,0,,,,,436.0,2784.0,26.0,1.0,5.0
terrads_349e2c4948a6,Zenodo/TerraDS,iac_benchmark/scenarios/terrads_349e2c4948a6,True,True,0,0,0,0,0,,,,,859.0,5871.0,21.0,12.0,5.0
terrads_e1b85fca2ef0,Zenodo/TerraDS,iac_benchmark/scenarios/terrads_e1b85fca2ef0,True,True,0,0,0,0,0,,,,,484.0,3218.0,24.0,5.0,5.0
terrads_0895f4d7418c,Zenodo/TerraDS,iac_benchmark/scenarios/terrads_0895f4d7418c,True,True,0,0,0,0,0,,,,,901.0,7282.0,35.0,7.0,5.0
terrads_6969882ae48b,Zenodo/TerraDS,iac_benchmark/scenarios/terrads_6969882ae48b,True,True,0,0,0,0,0,,,,,480.0,3025.0,16.0,19.0,5.0
terrads_1d817c4dfc09,Zenodo/TerraDS,iac_benchmark/scenarios/terrads_1d817c4dfc09,True,True,0,0,0,0,0,,,,,515.0,3868.0,12.0,22.0,5.0
terrads_b0d9d5f04378,Zenodo/TerraDS,iac_benchmark/scenarios/terrads_b0d9d5f04378,True,True,0,0,0,0,0,,,,,736.0,5354.0,31.0,35.0,5.0
terrads_bc5d30c87742,Zenodo/TerraDS,iac_benchmark/scenarios/terrads_bc5d30c87742,True,True,0,0,0,0,0,,,,,571.0,3815.0,15.0,10.0,5.0
terrads_7b503db303f9,Zenodo/TerraDS,iac_benchmark/scenarios/terrads_7b503db303f9,True,True,0,0,0,0,0,,,,,503.0,3637.0,16.0,0.0,5.0
terrads_ec04d2ae6332,Zenodo/TerraDS,iac_benchmark/scenarios/terrads_ec04d2ae6332,True,True,0,0,0,0,0,,,,,454.0,2547.0,25.0,19.0,5.0
terrads_8567e2729fbd,Zenodo/TerraDS,iac_benchmark/scenarios/terrads_8567e2729fbd,True,True,0,0,0,0,0,,,,,742.0,5019.0,26.0,1.0,5.0
gh_a92d0318,fullstackhero/dotnet-starter-kit,../scenarios/gh_a92d0318,True,True,0,0,0,0,0,,,,,848.0,5336.0,15.0,50.0,5.0
gh_1f210e78,aws-ia/terraform-aws-eks-blueprints,../scenarios/gh_1f210e78,True,True,0,0,0,0,0,,,,,572.0,4084.0,14.0,2.0,5.0
gh_726b4265,fullstackhero/dotnet-starter-kit,../scenarios/gh_726b4265,True,True,0,0,0,0,0,,,,,527.0,3497.0,23.0,14.0,5.0
gh_5cbffbab,hashicorp/terraform-provider-aws,../scenarios/gh_5cbffbab,True,True,0,0,0,0,0,,,,,471.0,3139.0,31.0,1.0,5.0
gh_1a8466b0,github-aws-runners/terraform-aws-github-runner,../scenarios/gh_1a8466b0,True,True,0,0,0,0,0,,,,,427.0,3771.0,24.0,1.0,5.0
gh_4eb9f339,airbnb/streamalert,../scenarios/gh_4eb9f339,True,True,0,0,0,0,0,,,,,407.0,2814.0,13.0,33.0,5.0
gh_69b8f398,clong/DetectionLab,../scenarios/gh_69b8f398,True,True,0,0,0,0,0,,,,,513.0,3560.0,13.0,13.0,5.0
gh_9640e21d,airbnb/streamalert,../scenarios/gh_9640e21d,True,True,0,0,0,0,0,,,,,410.0,2428.0,12.0,12.0,5.0
gh_c2b14724,github-aws-runners/terraform-aws-github-runner,../scenarios/gh_c2b14724,True,True,0,0,0,0,0,,,,,651.0,5130.0,22.0,32.0,5.0
gh_bad01e6d,fullstackhero/dotnet-starter-kit,../scenarios/gh_bad01e6d,True,True,0,0,0,0,0,,,,,564.0,3845.0,16.0,21.0,5.0
gh_8ec02a64,tmknom/example-pragmatic-terraform-on-aws,../scenarios/gh_8ec02a64,True,True,0,0,0,0,0,,,,,511.0,3210.0,34.0,0.0,5.0
gh_b3e27910,PaloAltoNetworks/AWS-GWLB-VMSeries,../scenarios/gh_b3e27910,True,True,0,0,0,0,0,,,,,752.0,5603.0,36.0,12.0,5.0
gh_a8ae997e,coreos/tectonic-installer,../scenarios/gh_a8ae997e,True,True,0,0,0,0,0,,,,,523.0,3516.0,23.0,13.0,5.0
gh_9f4a93e3,chefgs/terraform_repo,../scenarios/gh_9f4a93e3,True,True,0,0,0,0,0,,,,,575.0,4049.0,14.0,14.0,5.0
gh_23793a45,kbst/terraform-kubestack,../scenarios/gh_23793a45,True,True,0,0,0,0,0,,,,,655.0,4557.0,25.0,2.0,5.0
gh_00de9485,awslabs/aft-blueprints,../scenarios/gh_00de9485,True,True,0,0,0,0,0,,,,,413.0,2980.0,18.0,15.0,5.0
gh_e688350e,40net-cloud/fortinet-azure-solutions,../scenarios/gh_e688350e,True,True,0,0,0,0,0,,,,,774.0,5423.0,39.0,25.0,5.0
gh_7c22b893,scholzj/terraform-aws-kubernetes,../scenarios/gh_7c22b893,True,True,0,0,0,0,0,,,,,499.0,3293.0,20.0,17.0,5.0
gh_7156cb7b,stacksimplify/devops-real-world-project-implementation-on-aws,../scenarios/gh_7156cb7b,True,True,0,0,0,0,0,,,,,766.0,5663.0,24.0,4.0,5.0
gh_074d9268,aws-samples/terraform-aws-pipeline,../scenarios/gh_074d9268,True,True,0,0,0,0,0,,,,,833.0,5449.0,23.0,21.0,5.0
gh_971c54a3,aws-samples/aws-network-hub-for-terraform,../scenarios/gh_971c54a3,True,True,0,0,0,0,0,,,,,431.0,3390.0,25.0,9.0,5.0
gh_c1ff173c,pxkundu/DevSecOps-Bootcamp,../scenarios/gh_c1ff173c,True,True,0,0,0,0,0,,,,,894.0,5326.0,28.0,39.0,5.0
gh_9f904b53,idealo/terraform-aws-mwaa,../scenarios/gh_9f904b53,True,True,0,0,0,0,0,,,,,584.0,4233.0,16.0,39.0,5.0
gh_8f9db91b,aws-ia/terraform-aws-transfer-family,../scenarios/gh_8f9db91b,True,True,0,0,0,0,0,,,,,584.0,4030.0,16.0,14.0,5.0
gh_42c2812d,inscapist/terraform-k3s-private-cloud,../scenarios/gh_42c2812d,True,True,0,0,0,0,0,,,,,529.0,3537.0,18.0,14.0,5.0
gh_0fedafb9,dsaidgovsg/terraform-modules,../scenarios/gh_0fedafb9,True,True,0,0,0,0,0,,,,,1014.0,6705.0,21.0,96.0,5.0
gh_8420272d,scribd/terraform-aws-datadog,../scenarios/gh_8420272d,True,True,0,0,0,0,0,,,,,469.0,3771.0,17.0,21.0,5.0
gh_13c7e160,Esri/arcgis-gitops,../scenarios/gh_13c7e160,True,True,0,0,0,0,0,,,,,690.0,6079.0,20.0,13.0,5.0
gh_5e351a16,Esri/arcgis-gitops,../scenarios/gh_5e351a16,True,True,0,0,0,0,0,,,,,711.0,6386.0,17.0,16.0,5.0
gh_6479d5a4,chkpwd/iac,../scenarios/gh_6479d5a4,True,True,0,0,0,0,0,,,,,655.0,4398.0,37.0,6.0,5.0
gh_60c1805a,cattle-ops/terraform-aws-gitlab-runner,../scenarios/gh_60c1805a,True,True,0,0,0,0,0,,,,,523.0,3826.0,17.0,19.0,5.0
terrads_1f95c27eb8bc,Zenodo/TerraDS,iac_benchmark/scenarios/terrads_1f95c27eb8bc,True,True,0,0,0,0,0,,,,,404.0,2133.0,14.0,21.0,5.0
gh_79d8cde8,aws-samples/aws-network-firewall-terraform,../scenarios/gh_79d8cde8,True,True,0,0,0,0,0,,,,,867.0,5972.0,46.0,4.0,5.0
gh_a4fe3b37,leek/terraform-aws-laravel,../scenarios/gh_a4fe3b37,True,True,0,0,0,0,0,,,,,1018.0,7129.0,18.0,13.0,5.0
gh_fa39d57f,marco-lancini/utils,../scenarios/gh_fa39d57f,True,True,0,0,0,0,0,,,,,485.0,2899.0,21.0,8.0,5.0
gh_1ec2dc72,ministryofjustice/modernisation-platform-environments,../scenarios/gh_1ec2dc72,True,True,0,0,0,0,0,,,,,890.0,6703.0,24.0,41.0,5.0
gh_a28b46a8,spicysomtam/k3s-aws-cluster,../scenarios/gh_a28b46a8,True,True,0,0,0,0,0,,,,,841.0,5806.0,28.0,31.0,5.0
gh_6006e337,PaloAltoNetworks/terraform-templates,../scenarios/gh_6006e337,True,True,0,0,0,0,0,,,,,402.0,3466.0,27.0,14.0,5.0
gh_96bc172f,dsaidgovsg/terraform-modules,../scenarios/gh_96bc172f,True,True,0,0,0,0,0,,,,,703.0,5617.0,12.0,43.0,5.0
gh_18359b2b,awslabs/aft-blueprints,../scenarios/gh_18359b2b,True,True,0,0,0,0,0,,,,,685.0,5252.0,30.0,17.0,5.0
gh_4b1dc6a2,RaJiska/terraform-aws-fck-nat,../scenarios/gh_4b1dc6a2,True,True,0,0,0,0,0,,,,,831.0,5736.0,12.0,33.0,5.0
gh_91466621,f5devcentral/f5-hybrid-security-architectures,../scenarios/gh_91466621,True,True,0,0,0,0,0,,,,,687.0,5315.0,32.0,13.0,5.0
gh_8a5c0653,ministryofjustice/modernisation-platform-environments,../scenarios/gh_8a5c0653,True,True,0,0,0,0,0,,,,,480.0,3668.0,13.0,34.0,5.0
gh_9a47938c,ViktorUJ/cks,../scenarios/gh_9a47938c,True,True,0,0,0,0,0,,,,,752.0,5151.0,17.0,23.0,5.0
gh_63fa38ab,PaloAltoNetworks/terraform-templates,../scenarios/gh_63fa38ab,True,True,0,0,0,0,0,,,,,408.0,3551.0,28.0,14.0,5.0
gh_ae58772d,tensult/terraform,../scenarios/gh_ae58772d,True,True,0,0,0,0,0,,,,,418.0,4012.0,16.0,9.0,5.0
gh_2de412d9,cookpad/terraform-aws-eks,../scenarios/gh_2de412d9,True,True,0,0,0,0,0,,,,,562.0,4167.0,17.0,20.0,5.0
gh_14323271,stacksimplify/devops-real-world-project-implementation-on-aws,../scenarios/gh_14323271,True,True,0,0,0,0,0,,,,,1003.0,6513.0,17.0,4.0,5.0
gh_3da76cfe,gnokoheat/ecs-with-codepipeline-example-by-terraform,../scenarios/gh_3da76cfe,True,True,0,0,0,0,0,,,,,987.0,5934.0,44.0,6.0,5.0
gh_008ca476,ruanbekker/terraformfiles,../scenarios/gh_008ca476,True,True,0,0,0,0,0,,,,,488.0,2910.0,12.0,21.0,5.0
gh_0b515011,opensible/opensible,../scenarios/gh_0b515011,True,True,0,0,0,0,0,,,,,793.0,6230.0,24.0,43.0,5.0
gh_d574dd85,fortinet/fortigate-terraform-deploy,../scenarios/gh_d574dd85,True,True,0,0,0,0,0,,,,,986.0,7530.0,42.0,43.0,5.0
gh_dc2f407e,clutchsecurity/federator,../scenarios/gh_dc2f407e,True,True,0,0,0,0,0,,,,,454.0,3518.0,13.0,5.0,5.0
terrads_e1a888db3623,Zenodo/TerraDS,iac_benchmark/scenarios/terrads_e1a888db3623,True,True,0,0,0,0,0,,,,,559.0,2609.0,15.0,10.0,5.0
gh_18bf7143,fortinet/fortigate-terraform-deploy,../scenarios/gh_18bf7143,True,True,0,0,0,0,0,,,,,789.0,6111.0,25.0,17.0,5.0
gh_f7a51103,dwmkerr/terraform-consul-cluster,../scenarios/gh_f7a51103,True,True,0,0,0,0,0,,,,,443.0,3108.0,20.0,12.0,5.0
gh_97ecf53f,fortinet/fortigate-terraform-deploy,../scenarios/gh_97ecf53f,True,True,0,0,0,0,0,,,,,552.0,3746.0,28.0,38.0,5.0
gh_6970a730,ViktorUJ/cks,../scenarios/gh_6970a730,True,True,0,0,0,0,0,,,,,713.0,5031.0,17.0,20.0,5.0
terrads_8e8415556ea6,Zenodo/TerraDS,iac_benchmark/scenarios/terrads_8e8415556ea6,True,True,0,0,0,0,0,,,,,486.0,2917.0,12.0,14.0,5.0
gh_6dfdfee3,ministryofjustice/modernisation-platform-environments,../scenarios/gh_6dfdfee3,True,True,0,0,0,0,0,,,,,809.0,6744.0,17.0,2.0,5.0
terrads_dceaa2143011,Zenodo/TerraDS,iac_benchmark/scenarios/terrads_dceaa2143011,True,True,0,0,0,0,0,,,,,857.0,5711.0,16.0,26.0,5.0
gh_c3fe23b3,aws-samples/sample-developer-environment,../scenarios/gh_c3fe23b3,True,True,0,0,0,0,0,,,,,562.0,4032.0,20.0,5.0,5.0
gh_700ecf94,vmware-archive/terraforming-aws,../scenarios/gh_700ecf94,True,True,0,0,0,0,0,,,,,837.0,5791.0,50.0,20.0,5.0
gh_66a8033f,fortinet/fortigate-terraform-deploy,../scenarios/gh_66a8033f,True,True,0,0,0,0,0,,,,,658.0,5138.0,19.0,16.0,5.0
gh_6c244942,fortinet/fortigate-terraform-deploy,../scenarios/gh_6c244942,True,True,0,0,0,0,0,,,,,782.0,5887.0,43.0,47.0,5.0
gh_c7f398ba,sebolabs/jenkins-bg-tf,../scenarios/gh_c7f398ba,True,True,0,0,0,0,0,,,,,628.0,4184.0,13.0,40.0,5.0
gh_b547722d,aws-samples/opensearch-in-vpc,../scenarios/gh_b547722d,True,True,0,0,0,0,0,,,,,767.0,4776.0,20.0,16.0,5.0
terrads_d05ba64bbf45,Zenodo/TerraDS,iac_benchmark/scenarios/terrads_d05ba64bbf45,True,True,0,0,0,0,0,,,,,521.0,3894.0,16.0,9.0,5.0
gh_542a0746,Twinuma/terraform-waf-owasp,../scenarios/gh_542a0746,True,True,0,0,0,0,0,,,,,846.0,4513.0,24.0,3.0,5.0
gh_046f92a9,ministryofjustice/modernisation-platform-environments,../scenarios/gh_046f92a9,True,True,0,0,0,0,0,,,,,532.0,3969.0,29.0,7.0,5.0
gh_2af4af61,tensult/terraform,../scenarios/gh_2af4af61,True,True,0,0,0,0,0,,,,,713.0,6844.0,16.0,18.0,5.0
gh_41996222,EngineerBetter/concourse-up,../scenarios/gh_41996222,True,True,0,0,0,0,0,,,,,686.0,4304.0,31.0,17.0,5.0
gh_af849b2f,jetbrains-infra/terraform-aws-ecs-cluster,../scenarios/gh_af849b2f,True,True,0,0,0,0,0,,,,,499.0,3493.0,17.0,19.0,5.0
gh_3f8ae880,aws-samples/aws-tf-nw-shared-svc,../scenarios/gh_3f8ae880,True,True,0,0,0,0,0,,,,,559.0,5852.0,15.0,5.0,5.0
gh_924339a7,greensheep/terraform-aws-rancher-server,../scenarios/gh_924339a7,True,True,0,0,0,0,0,,,,,553.0,3143.0,20.0,20.0,5.0
gh_71b3bc1d,fortinet/fortigate-terraform-deploy,../scenarios/gh_71b3bc1d,True,True,0,0,0,0,0,,,,,983.0,7564.0,41.0,41.0,5.0
gh_a46d1418,aws-samples/aws-proton-terraform-sample-templates,../scenarios/gh_a46d1418,True,True,0,0,0,0,0,,,,,734.0,4903.0,25.0,1.0,5.0
gh_bef1496f,TechToSpeech/terraform-aws-serverless-static-wordpress,../scenarios/gh_bef1496f,True,True,0,0,0,0,0,,,,,642.0,5164.0,31.0,21.0,5.0
gh_1df41468,aws-games/cloud-game-development-toolkit,../scenarios/gh_1df41468,True,True,0,0,0,0,0,,,,,763.0,5748.0,33.0,3.0,5.0
gh_3ab02bef,cloudposse/terraform-aws-multi-az-subnets,../scenarios/gh_3ab02bef,True,True,0,0,0,0,0,,,,,741.0,6147.0,13.0,34.0,5.0
gh_6adbf32b,aws-samples/aws-proton-terraform-sample-templates,../scenarios/gh_6adbf32b,True,True,0,0,0,0,0,,,,,732.0,4903.0,25.0,1.0,5.0
gh_7403331c,dsaidgovsg/terraform-modules,../scenarios/gh_7403331c,True,True,0,0,0,0,0,,,,,936.0,6373.0,30.0,44.0,5.0
gh_a7cc391b,aws-samples/localstack-terraform-test,../scenarios/gh_a7cc391b,True,True,0,0,0,0,0,,,,,444.0,3144.0,19.0,6.0,5.0
gh_49f777f9,rancher/harvester-cloud,../scenarios/gh_49f777f9,True,True,0,0,0,0,0,,,,,460.0,3698.0,18.0,13.0,5.0
gh_7ac759c4,aws-solutions-library-samples/guidance-for-developing-data-and-ai-foundation-with-amazon-sagemaker,../scenarios/gh_7ac759c4,True,True,0,0,0,0,0,,,,,598.0,3918.0,23.0,7.0,5.0
gh_740354c5,aws-samples/aws-proton-terraform-sample-templates,../scenarios/gh_740354c5,True,True,0,0,0,0,0,,,,,728.0,4893.0,25.0,1.0,5.0
gh_73db6dca,piyushsachdeva/Terraform-Full-Course-Aws,../scenarios/gh_73db6dca,True,True,0,0,0,0,0,,,,,650.0,4276.0,33.0,14.0,5.0
gh_305ad82b,binbashar/le-tf-infra-aws,../scenarios/gh_305ad82b,True,True,0,0,0,0,0,,,,,759.0,5596.0,14.0,39.0,5.0
gh_d753a0b9,msfidelis/ecs-microservices-orchestration,../scenarios/gh_d753a0b9,True,True,0,0,0,0,0,,,,,510.0,3173.0,19.0,36.0,5.0
gh_b834788a,aws-samples/aws-proton-terraform-sample-templates,../scenarios/gh_b834788a,True,True,0,0,0,0,0,,,,,728.0,4893.0,25.0,1.0,5.0
gh_9f12deb5,Esri/arcgis-gitops,../scenarios/gh_9f12deb5,True,True,0,0,0,0,0,,,,,837.0,6724.0,44.0,12.0,5.0
terrads_08dfc21e6184,Zenodo/TerraDS,iac_benchmark/scenarios/terrads_08dfc21e6184,True,True,0,0,0,0,0,,,,,461.0,2372.0,15.0,6.0,5.0
gh_d4dab535,pxkundu/DevSecOps-Bootcamp,../scenarios/gh_d4dab535,True,True,0,0,0,0,0,,,,,1004.0,6068.0,15.0,27.0,5.0
gh_d12803d6,ministryofjustice/modernisation-platform-environments,../scenarios/gh_d12803d6,True,True,0,0,0,0,0,,,,,574.0,4742.0,15.0,21.0,5.0
terrads_4d2838071d8d,Zenodo/TerraDS,iac_benchmark/scenarios/terrads_4d2838071d8d,True,True,0,0,0,0,0,,,,,549.0,3432.0,20.0,21.0,5.0
gh_54e73401,TeraSky-OSS/laze,../scenarios/gh_54e73401,True,True,0,0,0,0,0,,,,,465.0,2822.0,16.0,2.0,5.0
gh_f9355983,PaloAltoNetworks/terraform-aws-vmseries-modules,../scenarios/gh_f9355983,True,True,0,0,0,0,0,,,,,526.0,4321.0,13.0,24.0,5.0
gh_5affeab9,trussworks/terraform-aws-s3-private-bucket,../scenarios/gh_5affeab9,True,True,0,0,0,0,0,,,,,575.0,3915.0,13.0,26.0,5.0
gh_ba559913,tensult/terraform,../scenarios/gh_ba559913,True,True,0,0,0,0,0,,,,,417.0,2691.0,24.0,25.0,5.0
gh_3ad1623d,stacksimplify/devops-real-world-project-implementation-on-aws,../scenarios/gh_3ad1623d,True,True,0,0,0,0,0,,,,,1066.0,7834.0,26.0,13.0,5.0
gh_c2635f5d,CheckPointSW/CloudGuardIaaS,../scenarios/gh_c2635f5d,True,True,0,0,0,0,0,,,,,429.0,3252.0,18.0,15.0,5.0
gh_c7050d80,fortinet/fortigate-terraform-deploy,../scenarios/gh_c7050d80,True,True,0,0,0,0,0,,,,,1007.0,7151.0,62.0,26.0,5.0
gh_b299b1cf,yaalalabs/agent-kernel,../scenarios/gh_b299b1cf,True,True,0,0,0,0,0,,,,,706.0,4960.0,25.0,28.0,5.0
gh_78aa28cf,infrablocks/terraform-aws-ecs-cluster,../scenarios/gh_78aa28cf,True,True,0,0,0,0,0,,,,,677.0,4859.0,17.0,40.0,5.0
gh_452f7ad5,higakikeita/tfdrift-falco,../scenarios/gh_452f7ad5,True,True,0,0,0,0,0,,,,,1216.0,7548.0,39.0,14.0,5.0
gh_8c65fc29,ministryofjustice/modernisation-platform-environments,../scenarios/gh_8c65fc29,True,True,0,0,0,0,0,,,,,596.0,5509.0,13.0,2.0,5.0
gh_fb347c1d,nitinjain999/platform-skills,../scenarios/gh_fb347c1d,True,True,0,0,0,0,0,,,,,457.0,3008.0,16.0,9.0,5.0
gh_05cd9f10,fortinet/fortigate-terraform-deploy,../scenarios/gh_05cd9f10,True,True,0,0,0,0,0,,,,,983.0,7562.0,41.0,41.0,5.0
gh_1bf45261,cloudposse/terraform-aws-tfstate-backend,../scenarios/gh_1bf45261,True,True,0,0,0,0,0,,,,,1012.0,7865.0,14.0,53.0,5.0
gh_ce2024c3,gruntwork-io/terraform-aws-couchbase,../scenarios/gh_ce2024c3,True,True,0,0,0,0,0,,,,,899.0,7582.0,48.0,45.0,5.0
gh_28b1067c,CheckPointSW/CloudGuardIaaS,../scenarios/gh_28b1067c,True,True,0,0,0,0,0,,,,,598.0,5020.0,12.0,34.0,5.0
gh_a3c72731,hashicorp/terraform-aws-consul-ecs,../scenarios/gh_a3c72731,True,True,0,0,0,0,0,,,,,913.0,7353.0,23.0,37.0,5.0
gh_214e7ee4,tedilabs/terraform-aws-account,../scenarios/gh_214e7ee4,True,True,0,0,0,0,0,,,,,840.0,7129.0,15.0,15.0,5.0
gh_1a35f256,ministryofjustice/modernisation-platform-environments,../scenarios/gh_1a35f256,True,True,0,0,0,0,0,,,,,671.0,4567.0,24.0,23.0,5.0
gh_336af294,EngineerBetter/control-tower,../scenarios/gh_336af294,True,True,0,0,0,0,0,,,,,791.0,4905.0,37.0,18.0,5.0
gh_d25870b5,Young-ook/terraform-aws-eks,../scenarios/gh_d25870b5,True,True,0,0,0,0,0,,,,,711.0,5944.0,19.0,12.0,5.0
gh_70508211,aws-samples/aws-tf-nw-shared-svc,../scenarios/gh_70508211,True,True,0,0,0,0,0,,,,,641.0,5078.0,14.0,24.0,5.0
gh_6f503bc3,marco-lancini/utils,../scenarios/gh_6f503bc3,True,True,0,0,0,0,0,,,,,449.0,2732.0,19.0,9.0,5.0
gh_9d135dbf,the-momentum/healthstack,../scenarios/gh_9d135dbf,True,True,0,0,0,0,0,,,,,581.0,3890.0,25.0,7.0,5.0
gh_73dc8371,ModusCreateOrg/devops-infra-demo,../scenarios/gh_73dc8371,True,True,0,0,0,0,0,,,,,719.0,4642.0,23.0,21.0,5.0
gh_9ac096a7,awslabs/aft-blueprints,../scenarios/gh_9ac096a7,True,True,0,0,0,0,0,,,,,786.0,6360.0,40.0,9.0,5.0
gh_cbe0c51b,CheckPointSW/CloudGuardIaaS,../scenarios/gh_cbe0c51b,True,True,0,0,0,0,0,,,,,585.0,5573.0,17.0,32.0,5.0
gh_d661c70d,lgallard/terraform-aws-backup,../scenarios/gh_d661c70d,True,True,0,0,0,0,0,,,,,972.0,6997.0,16.0,21.0,5.0
gh_8370cd1e,RJPearson94/terraform-aws-open-next,../scenarios/gh_8370cd1e,True,True,0,0,0,0,0,,,,,532.0,3964.0,14.0,25.0,5.0
gh_e43f5879,fortinet/fortigate-terraform-deploy,../scenarios/gh_e43f5879,True,True,0,0,0,0,0,,,,,929.0,7281.0,29.0,49.0,5.0
gh_8148abe8,nhs-england-tools/terraform-aws-opennext,../scenarios/gh_8148abe8,True,True,0,0,0,0,0,,,,,491.0,2947.0,18.0,15.0,5.0
gh_97b7b726,dwmkerr/terraform-aws-openshift,../scenarios/gh_97b7b726,True,True,0,0,0,0,0,,,,,745.0,5420.0,30.0,8.0,5.0
gh_a13f73d4,terraform-aws-modules/terraform-aws-ecs,../scenarios/gh_a13f73d4,True,True,0,0,0,0,0,,,,,1134.0,7825.0,15.0,59.0,5.0
gh_a0f37f11,aws-samples/aws-tf-nw-shared-svc,../scenarios/gh_a0f37f11,True,True,0,0,0,0,0,,,,,468.0,3795.0,15.0,13.0,5.0
gh_0507ea80,fortinet/fortigate-terraform-deploy,../scenarios/gh_0507ea80,True,True,0,0,0,0,0,,,,,951.0,7494.0,29.0,50.0,5.0
gh_99a06392,aws-games/cloud-game-development-toolkit,../scenarios/gh_99a06392,True,True,0,0,0,0,0,,,,,839.0,6563.0,49.0,1.0,5.0
gh_94df149b,nitinjain999/platform-skills,../scenarios/gh_94df149b,True,True,0,0,0,0,0,,,,,454.0,3365.0,25.0,7.0,5.0
gh_8be7a7b8,auto1-oss/aws-ecs-jenkins-terraform,../scenarios/gh_8be7a7b8,True,True,0,0,0,0,0,,,,,729.0,4958.0,29.0,7.0,5.0
gh_ac59747b,mathesh-me/multi-tier-architecture-using-terraform,../scenarios/gh_ac59747b,True,True,0,0,0,0,0,,,,,639.0,4008.0,33.0,45.0,5.0
gh_8434858e,bradford-hamilton/terraform-ecs-fargate,../scenarios/gh_8434858e,True,True,0,0,0,0,0,,,,,420.0,2841.0,26.0,9.0,5.0
gh_c0682e25,build-on-aws/terraform-samples,../scenarios/gh_c0682e25,True,True,0,0,0,0,0,,,,,454.0,3399.0,21.0,16.0,5.0
gh_6467a39f,cogini/multi-env-deploy,../scenarios/gh_6467a39f,True,True,0,0,0,0,0,,,,,725.0,5345.0,15.0,28.0,5.0
gh_e62723b1,joestack/tfe-aws-bastion-ansible,../scenarios/gh_e62723b1,True,True,0,0,0,0,0,,,,,692.0,4704.0,34.0,10.0,5.0
gh_c9316856,turnerlabs/terraform-ecs-fargate-scheduled-task,../scenarios/gh_c9316856,True,True,0,0,0,0,0,,,,,1188.0,7706.0,39.0,16.0,5.0
gh_9ec2162a,cisco-open/forge,../scenarios/gh_9ec2162a,True,True,0,0,0,0,0,,,,,663.0,4831.0,17.0,7.0,5.0
gh_998602bd,fortinet/fortigate-terraform-deploy,../scenarios/gh_998602bd,True,True,0,0,0,0,0,,,,,622.0,4320.0,36.0,38.0,5.0
gh_7cb657cf,e2b-dev/infra,../scenarios/gh_7cb657cf,True,True,0,0,0,0,0,,,,,690.0,4182.0,43.0,6.0,5.0
gh_9a73b153,tmknom/example-pragmatic-terraform-on-aws,../scenarios/gh_9a73b153,True,True,0,0,0,0,0,,,,,514.0,3142.0,34.0,0.0,5.0
gh_dd2fd116,aws-solutions-library-samples/guidance-for-developing-data-and-ai-foundation-with-amazon-sagemaker,../scenarios/gh_dd2fd116,True,True,0,0,0,0,0,,,,,771.0,5261.0,23.0,16.0,5.0
gh_45109a78,piyushsachdeva/Terraform-Full-Course-Aws,../scenarios/gh_45109a78,True,True,0,0,0,0,0,,,,,574.0,3815.0,25.0,13.0,5.0
gh_09bd7ce5,PaloAltoNetworks/terraform-aws-swfw-modules,../scenarios/gh_09bd7ce5,True,True,0,0,0,0,0,,,,,560.0,4626.0,13.0,24.0,5.0
gh_2b0e484b,CheckPointSW/CloudGuardIaaS,../scenarios/gh_2b0e484b,True,True,0,0,0,0,0,,,,,599.0,5691.0,18.0,32.0,5.0
gh_91f16687,hashicorp/terraform-aws-consul-ecs,../scenarios/gh_91f16687,True,True,0,0,0,0,0,,,,,1079.0,7594.0,40.0,6.0,5.0
gh_a3d8bbd7,ViktorUJ/cks,../scenarios/gh_a3d8bbd7,True,True,0,0,0,0,0,,,,,881.0,6671.0,18.0,17.0,5.0
gh_c59d08c4,stacksimplify/devops-real-world-project-implementation-on-aws,../scenarios/gh_c59d08c4,True,True,0,0,0,0,0,,,,,766.0,5663.0,24.0,4.0,5.0
gh_698bc9bb,f5devcentral/f5-hybrid-security-architectures,../scenarios/gh_698bc9bb,True,True,0,0,0,0,0,,,,,548.0,4088.0,27.0,4.0,5.0
gh_839da3ba,stacksimplify/devops-real-world-project-implementation-on-aws,../scenarios/gh_839da3ba,True,True,0,0,0,0,0,,,,,766.0,5663.0,24.0,4.0,5.0
gh_e9c8281f,cloudposse/terraform-aws-named-subnets,../scenarios/gh_e9c8281f,True,True,0,0,0,0,0,,,,,708.0,5786.0,12.0,35.0,5.0
gh_242962f8,aws-games/cloud-game-development-toolkit,../scenarios/gh_242962f8,True,True,0,0,0,0,0,,,,,923.0,7749.0,25.0,24.0,5.0
gh_bbd5d08d,poseidon/typhoon,../scenarios/gh_bbd5d08d,True,True,0,0,0,0,0,,,,,1165.0,7820.0,55.0,33.0,5.0
gh_d4dde75d,aws-samples/aws-proton-terraform-sample-templates,../scenarios/gh_d4dde75d,True,True,0,0,0,0,0,,,,,730.0,4903.0,25.0,1.0,5.0
gh_6ecd026a,aws-ia/terraform-aws-mwaa,../scenarios/gh_6ecd026a,True,True,0,0,0,0,0,,,,,782.0,5797.0,12.0,39.0,5.0
gh_01fb3588,hajowieland/terraform-k8s-the-real-hard-way-aws,../scenarios/gh_01fb3588,True,True,0,0,0,0,0,,,,,1043.0,7184.0,48.0,27.0,5.0
gh_0b0407d1,Esri/arcgis-gitops,../scenarios/gh_0b0407d1,True,True,0,0,0,0,0,,,,,728.0,6373.0,21.0,13.0,5.0
gh_cfaa28dd,qtangs/tf-fraud-detection-using-machine-learning,../scenarios/gh_cfaa28dd,True,True,0,0,0,0,0,,,,,588.0,4196.0,24.0,9.0,5.0
gh_3e1e714f,cisco-open/forge,../scenarios/gh_3e1e714f,True,True,0,0,0,0,0,,,,,673.0,5047.0,18.0,9.0,5.0
gh_153feca2,aws-ia/terraform-aws-control_tower_account_factory,../scenarios/gh_153feca2,True,True,0,0,0,0,0,,,,,631.0,5013.0,33.0,23.0,5.0
gh_490abe80,fortinet/fortigate-terraform-deploy,../scenarios/gh_490abe80,True,True,0,0,0,0,0,,,,,675.0,5045.0,36.0,42.0,5.0
gh_a4829de0,nhs-england-tools/terraform-aws-opennext,../scenarios/gh_a4829de0,True,True,0,0,0,0,0,,,,,470.0,2949.0,12.0,26.0,5.0
gh_5a7555fa,csanquer/gitlab-setup,../scenarios/gh_5a7555fa,True,True,0,0,0,0,0,,,,,710.0,5196.0,28.0,23.0,5.0
gh_901a51d3,ministryofjustice/modernisation-platform,../scenarios/gh_901a51d3,True,True,0,0,0,0,0,,,,,966.0,7267.0,38.0,7.0,5.0
gh_900588e1,aws-samples/aws-network-firewall-terraform,../scenarios/gh_900588e1,True,True,0,0,0,0,0,,,,,834.0,6499.0,45.0,13.0,5.0
gh_aa3bca23,fortinet/fortigate-terraform-deploy,../scenarios/gh_aa3bca23,True,True,0,0,0,0,0,,,,,962.0,7318.0,42.0,42.0,5.0
gh_b2b2562f,chefgs/terraform_repo,../scenarios/gh_b2b2562f,True,True,0,0,0,0,0,,,,,920.0,5945.0,33.0,24.0,5.0
terrads_0b6d5f5999bc,Zenodo/TerraDS,iac_benchmark/scenarios/terrads_0b6d5f5999bc,True,True,0,0,0,0,0,,,,,727.0,3866.0,20.0,10.0,5.0
gh_e1e78661,fortinet/fortigate-terraform-deploy,../scenarios/gh_e1e78661,True,True,0,0,0,0,0,,,,,1005.0,7118.0,62.0,26.0,5.0
gh_bbdfb502,fortinet/fortigate-terraform-deploy,../scenarios/gh_bbdfb502,True,True,0,0,0,0,0,,,,,898.0,6947.0,29.0,43.0,5.0
gh_13353c37,in4it/terraform-modules,../scenarios/gh_13353c37,True,True,0,0,0,0,0,,,,,694.0,5101.0,36.0,36.0,5.0
gh_9f1cb4e8,stacksimplify/devops-real-world-project-implementation-on-aws,../scenarios/gh_9f1cb4e8,True,True,0,0,0,0,0,,,,,1003.0,6513.0,17.0,4.0,5.0
gh_d55dceba,ministryofjustice/modernisation-platform-environments,../scenarios/gh_d55dceba,True,True,0,0,0,0,0,,,,,753.0,5422.0,15.0,35.0,5.0
gh_db66343a,CheckPointSW/CloudGuardIaaS,../scenarios/gh_db66343a,True,True,0,0,0,0,0,,,,,429.0,3246.0,18.0,15.0,5.0
gh_5e5aa926,aws-samples/hub-and-spoke-with-shared-services-vpc-terraform,../scenarios/gh_5e5aa926,True,True,0,0,0,0,0,,,,,724.0,5552.0,16.0,6.0,5.0
gh_94225a5c,aws-solutions-library-samples/guidance-for-developing-data-and-ai-foundation-with-amazon-sagemaker,../scenarios/gh_94225a5c,True,True,0,0,0,0,0,,,,,737.0,5946.0,14.0,15.0,5.0
terrads_9d8aa2978866,Zenodo/TerraDS,iac_benchmark/scenarios/terrads_9d8aa2978866,True,True,0,0,0,0,0,,,,,554.0,3538.0,20.0,22.0,5.0
gh_e0f9e543,binbashar/le-tf-infra-aws,../scenarios/gh_e0f9e543,True,True,0,0,0,0,0,,,,,749.0,4444.0,17.0,21.0,5.0
gh_03505097,terraform-aws-modules/terraform-aws-dynamodb-table,../scenarios/gh_03505097,True,True,0,0,0,0,0,,,,,879.0,7137.0,12.0,39.0,5.0
gh_d164466c,the-momentum/healthstack,../scenarios/gh_d164466c,True,True,0,0,0,0,0,,,,,1055.0,7108.0,33.0,26.0,5.0
gh_91cd6e53,trussworks/terraform-layout-example,../scenarios/gh_91cd6e53,True,True,0,0,0,0,0,,,,,526.0,3856.0,13.0,6.0,5.0
gh_cb4a0f9c,dpetzold/terraform-aws-zappa,../scenarios/gh_cb4a0f9c,True,True,0,0,0,0,0,,,,,616.0,3869.0,14.0,28.0,5.0
gh_d4ccd042,moritzzimmer/terraform-aws-lambda,../scenarios/gh_d4ccd042,True,True,0,0,0,0,0,,,,,425.0,2692.0,17.0,1.0,5.0
gh_0dc02553,hashicorp/terraform-aws-consul-ecs,../scenarios/gh_0dc02553,True,True,0,0,0,0,0,,,,,747.0,5432.0,23.0,4.0,5.0
gh_4bebe6ed,ministryofjustice/modernisation-platform-environments,../scenarios/gh_4bebe6ed,True,True,0,0,0,0,0,,,,,619.0,5148.0,12.0,2.0,5.0
terrads_25a6b3273f05,Zenodo/TerraDS,iac_benchmark/scenarios/terrads_25a6b3273f05,True,True,0,0,0,0,0,,,,,624.0,4419.0,24.0,15.0,5.0
gh_111d8bb0,ricardbejarano/learn-aws,../scenarios/gh_111d8bb0,True,True,0,0,0,0,0,,,,,451.0,3378.0,43.0,1.0,5.0
gh_ce27872f,hashicorp/terraform-aws-consul-ecs,../scenarios/gh_ce27872f,True,True,0,0,0,0,0,,,,,623.0,4422.0,19.0,3.0,5.0
gh_f3f0bd73,aws-ia/terraform-aws-control_tower_account_factory,../scenarios/gh_f3f0bd73,True,True,0,0,0,0,0,,,,,940.0,7797.0,43.0,35.0,5.0
gh_ce08d18c,SebastianUA/terraform,../scenarios/gh_ce08d18c,True,True,0,0,0,0,0,,,,,849.0,6074.0,12.0,47.0,5.0
gh_87588fca,coreos/tectonic-installer,../scenarios/gh_87588fca,True,True,0,0,0,0,0,,,,,923.0,6779.0,57.0,18.0,5.0
gh_0b258129,cisco-open/forge,../scenarios/gh_0b258129,True,True,0,0,0,0,0,,,,,600.0,4354.0,24.0,8.0,5.0
gh_fa177dec,Esri/arcgis-gitops,../scenarios/gh_fa177dec,True,True,0,0,0,0,0,,,,,681.0,6115.0,13.0,15.0,5.0
gh_9723c576,rancher/terraform-k3s-aws-cluster,../scenarios/gh_9723c576,True,True,0,0,0,0,0,,,,,859.0,6377.0,28.0,46.0,5.0
gh_8692e9f3,fortinet/fortigate-terraform-deploy,../scenarios/gh_8692e9f3,True,True,0,0,0,0,0,,,,,916.0,6907.0,30.0,43.0,5.0
gh_303eb2d3,ViktorUJ/cks,../scenarios/gh_303eb2d3,True,True,0,0,0,0,0,,,,,772.0,5475.0,17.0,23.0,5.0
gh_1097059e,ViktorUJ/cks,../scenarios/gh_1097059e,True,True,0,0,0,0,0,,,,,942.0,7296.0,18.0,19.0,5.0
gh_32948908,fortinet/fortigate-terraform-deploy,../scenarios/gh_32948908,True,True,0,0,0,0,0,,,,,915.0,6893.0,30.0,43.0,5.0
gh_9ab30128,ministryofjustice/modernisation-platform-environments,../scenarios/gh_9ab30128,True,True,0,0,0,0,0,,,,,736.0,6403.0,29.0,14.0,5.0
gh_5db5e420,primeharbor/org-kickstart,../scenarios/gh_5db5e420,True,True,0,0,0,0,0,,,,,668.0,4946.0,21.0,4.0,5.0
gh_91b71e44,stacksimplify/devops-real-world-project-implementation-on-aws,../scenarios/gh_91b71e44,True,True,0,0,0,0,0,,,,,973.0,7247.0,22.0,13.0,5.0
gh_9b0c0f53,alphagov/gsp,iac_benchmark/scenarios/gh_9b0c0f53,True,True,0,0,0,0,0,,,,,927.0,6050.0,25.0,40.0,5.0
gh_409b19cb,localstack-samples/sample-terraform-ecs-apigateway,iac_benchmark/scenarios/gh_409b19cb,True,True,0,0,0,0,0,,,,,819.0,5717.0,57.0,8.0,5.0
terrads_79a94b0119ac,Zenodo/TerraDS,iac_benchmark/scenarios/terrads_79a94b0119ac,True,True,0,0,0,0,0,,,,,538.0,2832.0,18.0,3.0,5.0
gh_b8e420dc,lingrino/infra,../scenarios/gh_b8e420dc,True,True,0,0,0,0,0,,,,,534.0,3478.0,26.0,0.0,5.0
gh_7ffc9e2b,outerbounds/terraform-aws-metaflow,../scenarios/gh_7ffc9e2b,True,True,0,0,0,0,0,,,,,608.0,4632.0,14.0,19.0,5.0
gh_ddd43055,PaloAltoNetworks/cn-series-deploy,iac_benchmark/scenarios/gh_ddd43055,True,True,0,0,0,0,0,,,,,853.0,6212.0,48.0,4.0,5.0
gh_27a25e76,ariesyous/guacamole-aws,iac_benchmark/scenarios/gh_27a25e76,True,True,0,0,0,0,0,,,,,504.0,3538.0,33.0,10.0,5.0
gh_76423f05,aws-samples/aws-proton-terraform-sample-templates,../scenarios/gh_76423f05,True,True,0,0,0,0,0,,,,,741.0,5019.0,26.0,1.0,5.0
gh_5831540a,aws-solutions-library-samples/guidance-for-game-analytics-pipeline-on-aws,../scenarios/gh_5831540a,True,True,0,0,0,0,0,,,,,430.0,3320.0,13.0,11.0,5.0
gh_d5a2a13c,koshian2/terraform-aws-book,iac_benchmark/scenarios/gh_d5a2a13c,True,True,0,0,0,0,0,,,,,482.0,4437.0,22.0,5.0,5.0
gh_cc7a4418,Dzhuneyt/terraform-aws-ecs-cluster,iac_benchmark/scenarios/gh_cc7a4418,True,True,0,0,0,0,0,,,,,521.0,3683.0,17.0,15.0,5.0
gh_04114586,LondonAppDeveloper/devops-recipe-app-api,iac_benchmark/scenarios/gh_04114586,True,True,0,0,0,0,0,,,,,505.0,3394.0,24.0,4.0,5.0
gh_c8d68242,cds-snc/terraform-modules,iac_benchmark/scenarios/gh_c8d68242,True,True,0,0,0,0,0,,,,,480.0,3369.0,15.0,10.0,5.0
gh_528be2c6,fortinet/fortigate-terraform-deploy,../scenarios/gh_528be2c6,True,True,0,0,0,0,0,,,,,795.0,6143.0,26.0,17.0,5.0
gh_0def94d6,doublecloud/terraform-provider-doublecloud,iac_benchmark/scenarios/gh_0def94d6,True,True,0,0,0,0,0,,,,,727.0,5841.0,21.0,13.0,5.0
gh_0e972154,aws-quickstart/terraform-aws-vpc,iac_benchmark/scenarios/gh_0e972154,True,True,0,0,0,0,0,,,,,711.0,6232.0,25.0,17.0,5.0
gh_dcc222b3,joshuamkite/terraform-aws-ssh-bastion-service,../scenarios/gh_dcc222b3,True,True,0,0,0,0,0,,,,,960.0,6689.0,21.0,46.0,5.0
gh_578775b4,dewi-alliance/chirpstack-infrastructure,iac_benchmark/scenarios/gh_578775b4,True,True,0,0,0,0,0,,,,,552.0,3995.0,19.0,29.0,5.0
gh_3c428738,ministryofjustice/modernisation-platform-environments,../scenarios/gh_3c428738,True,True,0,0,0,0,0,,,,,538.0,4759.0,12.0,2.0,5.0
gh_ca1f02c4,gabrielPav/aws-security-foundation,iac_benchmark/scenarios/gh_ca1f02c4,True,True,0,0,0,0,0,,,,,887.0,6812.0,25.0,20.0,5.0
gh_add01c42,piyushsachdeva/Terraform-Full-Course-Aws,../scenarios/gh_add01c42,True,True,0,0,0,0,0,,,,,491.0,2986.0,22.0,2.0,5.0
gh_1574ee3b,PaloAltoNetworks/terraform-aws-vmseries-modules,../scenarios/gh_1574ee3b,True,True,0,0,0,0,0,,,,,691.0,5174.0,12.0,36.0,5.0
gh_9baf596c,wellcometrust/terraform-modules,iac_benchmark/scenarios/gh_9baf596c,True,True,0,0,0,0,0,,,,,600.0,3543.0,19.0,0.0,5.0
gh_bca69881,opsstation/terraform-aws-lambda,iac_benchmark/scenarios/gh_bca69881,True,True,0,0,0,0,0,,,,,807.0,6400.0,14.0,70.0,5.0
gh_2cc0237b,diodonfrost/terraform-aws-lambda-scheduler-stop-start,../scenarios/gh_2cc0237b,True,True,0,0,0,0,0,,,,,611.0,4260.0,18.0,24.0,5.0
gh_630b0d16,aws-samples/amazon-sagemaker-ml-pipeline-deploy-with-terraform,../scenarios/gh_630b0d16,True,True,0,0,0,0,0,,,,,477.0,2882.0,19.0,16.0,5.0
gh_84419f02,hashicorp/terraform-aws-consul-ecs,../scenarios/gh_84419f02,True,True,0,0,0,0,0,,,,,689.0,4841.0,13.0,3.0,5.0
gh_a6e2dd69,star3am/terraform-hashicorp-hashiqube,iac_benchmark/scenarios/gh_a6e2dd69,True,True,0,0,0,0,0,,,,,467.0,3880.0,15.0,19.0,5.0
gh_1d74b90d,notfoundsam/laravel-ecs-terraform,iac_benchmark/scenarios/gh_1d74b90d,True,True,0,0,0,0,0,,,,,477.0,3186.0,28.0,8.0,5.0
gh_6a0baa57,aws-ia/terraform-aws-transfer-family,../scenarios/gh_6a0baa57,True,True,0,0,0,0,0,,,,,798.0,5503.0,14.0,12.0,5.0
gh_79c7f17a,sudo-kraken/multiplatform-terraform-module-actions,iac_benchmark/scenarios/gh_79c7f17a,True,True,0,0,0,0,0,,,,,547.0,4172.0,18.0,14.0,5.0
gh_d54ca88c,zscaler/terraform-aws-cloud-connector-modules,../scenarios/gh_d54ca88c,True,True,0,0,0,0,0,,,,,621.0,6346.0,23.0,31.0,5.0
gh_0d622347,dwp/terraform-aws-kong-gateway,iac_benchmark/scenarios/gh_0d622347,True,True,0,0,0,0,0,,,,,968.0,6569.0,41.0,19.0,5.0
gh_1026a3b2,joevanhorn/okta-terraform-demo-template,iac_benchmark/scenarios/gh_1026a3b2,True,True,0,0,0,0,0,,,,,748.0,4540.0,17.0,22.0,5.0
gh_aca55155,aws-ia/terraform-aws-transfer-family,../scenarios/gh_aca55155,True,True,0,0,0,0,0,,,,,566.0,4024.0,17.0,7.0,5.0
gh_3c38efe6,navapbc/tf-ecs-example,iac_benchmark/scenarios/gh_3c38efe6,True,True,0,0,0,0,0,,,,,460.0,3297.0,14.0,13.0,5.0
gh_f247edd8,depot/terraform-aws-connection,iac_benchmark/scenarios/gh_f247edd8,True,True,0,0,0,0,0,,,,,527.0,4169.0,16.0,22.0,5.0
gh_0f5087ce,fortinet/fortigate-terraform-deploy,../scenarios/gh_0f5087ce,True,True,0,0,0,0,0,,,,,893.0,6900.0,29.0,42.0,5.0
gh_248b8be3,LondonAppDeveloper/devops-recipe-app-api,iac_benchmark/scenarios/gh_248b8be3,True,True,0,0,0,0,0,,,,,781.0,4781.0,46.0,10.0,5.0
gh_eada9bae,thepixelabs/terraform-aws-wordpress,iac_benchmark/scenarios/gh_eada9bae,True,True,0,0,0,0,0,,,,,651.0,4300.0,28.0,20.0,5.0
gh_2b8a976a,matihost/monorepo,iac_benchmark/scenarios/gh_2b8a976a,True,True,0,0,0,0,0,,,,,601.0,3836.0,28.0,4.0,5.0
gh_40a7e26e,tonyprawiro/aws-msad-terraform,iac_benchmark/scenarios/gh_40a7e26e,True,True,0,0,0,0,0,,,,,454.0,2547.0,25.0,19.0,5.0
gh_4f606093,saic-oss/terraform-aws-rke-rancher-master-cluster,iac_benchmark/scenarios/gh_4f606093,True,True,0,0,0,0,0,,,,,597.0,4729.0,17.0,19.0,5.0
gh_6bd6a860,sourcefuse/terraform-aws-arc-bootstrap,iac_benchmark/scenarios/gh_6bd6a860,True,True,0,0,0,0,0,,,,,548.0,3104.0,13.0,26.0,5.0
gh_26f9ac36,tbobm/terraform-aws-ecs,iac_benchmark/scenarios/gh_26f9ac36,True,True,0,0,0,0,0,,,,,431.0,2666.0,13.0,7.0,5.0
gh_e3bcf0a5,CheckPointSW/CloudGuardIaaS,../scenarios/gh_e3bcf0a5,True,True,0,0,0,0,0,,,,,599.0,5691.0,18.0,32.0,5.0
gh_4837408a,Element84/filmdrop-aws-tf-modules,iac_benchmark/scenarios/gh_4837408a,True,True,0,0,0,0,0,,,,,856.0,5708.0,17.0,39.0,5.0
gh_441bac48,GovWifi/govwifi-terraform,iac_benchmark/scenarios/gh_441bac48,True,True,0,0,0,0,0,,,,,483.0,2771.0,29.0,3.0,5.0
gh_cb1df9e7,CrowdStrike/terraform-aws-cloud-registration,iac_benchmark/scenarios/gh_cb1df9e7,True,True,0,0,0,0,0,,,,,923.0,7534.0,29.0,11.0,5.0
gh_21df12cc,becloudready/workshops,iac_benchmark/scenarios/gh_21df12cc,True,True,0,0,0,0,0,,,,,547.0,4057.0,21.0,7.0,5.0
gh_a56f727d,ArtiomL/aws-cloudfront-s3,iac_benchmark/scenarios/gh_a56f727d,True,True,0,0,0,0,0,,,,,515.0,3102.0,15.0,31.0,5.0
gh_d2158299,ministryofjustice/hmpps-delius-core-terraform,iac_benchmark/scenarios/gh_d2158299,True,True,0,0,0,0,0,,,,,686.0,5805.0,22.0,19.0,5.0
gh_028eef37,eldimious/real_time_streaming_analytics,iac_benchmark/scenarios/gh_028eef37,True,True,0,0,0,0,0,,,,,1085.0,7447.0,39.0,49.0,5.0
gh_5a70e4c7,in4it/terraform-modules,../scenarios/gh_5a70e4c7,True,True,0,0,0,0,0,,,,,480.0,3409.0,32.0,12.0,5.0
gh_cf803108,mkdev-me/terraform-aws-github-runner-lambda-microvms,iac_benchmark/scenarios/gh_cf803108,True,True,0,0,0,0,0,,,,,760.0,6568.0,15.0,19.0,5.0
gh_e83b339b,nozaq/terraform-aws-secure-vpc,iac_benchmark/scenarios/gh_e83b339b,True,True,0,0,0,0,0,,,,,430.0,2646.0,18.0,14.0,5.0
gh_3c47e3f2,liferaft/kubekit,iac_benchmark/scenarios/gh_3c47e3f2,True,True,0,0,0,0,0,,,,,521.0,4489.0,14.0,5.0,5.0
gh_3f69fa2e,aws-samples/use-github-and-terraform-to-deploy-web-applications,iac_benchmark/scenarios/gh_3f69fa2e,True,True,0,0,0,0,0,,,,,918.0,7102.0,42.0,12.0,5.0
gh_d4fc4c33,terrablocks/aws-sftp-server,iac_benchmark/scenarios/gh_d4fc4c33,True,True,0,0,0,0,0,,,,,518.0,4390.0,13.0,27.0,5.0
gh_3ffc9474,astronomer/terraform-aws-astronomer-aws,iac_benchmark/scenarios/gh_3ffc9474,True,True,0,0,0,0,0,,,,,916.0,6766.0,17.0,31.0,5.0
gh_6e8f573b,koshian2/terraform-aws-book,iac_benchmark/scenarios/gh_6e8f573b,True,True,0,0,0,0,0,,,,,559.0,4873.0,37.0,6.0,5.0
gh_3cc78048,coralogix/terraform-coralogix-aws,iac_benchmark/scenarios/gh_3cc78048,True,True,0,0,0,0,0,,,,,936.0,7476.0,13.0,35.0,5.0
gh_3ad67501,aws-ia/terraform-aws-transfer-family,../scenarios/gh_3ad67501,True,True,0,0,0,0,0,,,,,464.0,3935.0,12.0,9.0,5.0
gh_e0d00007,versa-networks/devops,iac_benchmark/scenarios/gh_e0d00007,True,True,0,0,0,0,0,,,,,411.0,2869.0,17.0,20.0,5.0
gh_9428f519,sil-org/terraform-aws-ecs-asg,iac_benchmark/scenarios/gh_9428f519,True,True,0,0,0,0,0,,,,,517.0,3046.0,12.0,32.0,5.0
gh_a727b8f6,aws-samples/web-hosting-architecture-examples-for-china-region-terraform,iac_benchmark/scenarios/gh_a727b8f6,True,True,0,0,0,0,0,,,,,568.0,3278.0,20.0,8.0,5.0
gh_ed12b73f,felix-lessoer/elastic-terraform-examples,iac_benchmark/scenarios/gh_ed12b73f,True,True,0,0,0,0,0,,,,,758.0,6107.0,16.0,11.0,5.0
gh_c319df83,tmobile/jazz-installer,iac_benchmark/scenarios/gh_c319df83,True,True,0,0,0,0,0,,,,,464.0,4084.0,13.0,23.0,5.0
gh_346f27f2,patheard/aws-ecs-zitadel,iac_benchmark/scenarios/gh_346f27f2,True,True,0,0,0,0,0,,,,,1081.0,7060.0,47.0,16.0,5.0
gh_f549965a,gravicore/terraform-gravicore-modules,iac_benchmark/scenarios/gh_f549965a,True,True,0,0,0,0,0,,,,,712.0,5048.0,31.0,26.0,5.0
gh_fc63c472,binbashar/terraform-aws-waf-owasp,../scenarios/gh_fc63c472,True,True,0,0,0,0,0,,,,,1193.0,7158.0,29.0,23.0,5.0
gh_4672e377,aws-ia/terraform-aws-ecs-fargate,iac_benchmark/scenarios/gh_4672e377,True,True,0,0,0,0,0,,,,,416.0,2553.0,15.0,15.0,5.0
gh_f60cab01,ruanbekker/terraformfiles,../scenarios/gh_f60cab01,True,True,0,0,0,0,0,,,,,680.0,4299.0,22.0,30.0,5.0
gh_c929fd7f,aws-samples/aws-proton-terraform-sample-templates,../scenarios/gh_c929fd7f,True,True,0,0,0,0,0,,,,,742.0,5019.0,26.0,1.0,5.0
gh_899a4317,deliveryhero/tf-aws-rds-aurora,iac_benchmark/scenarios/gh_899a4317,True,True,0,0,0,0,0,,,,,959.0,7780.0,26.0,70.0,5.0
gh_b59b862a,opsstation/terraform-aws-subnet,iac_benchmark/scenarios/gh_b59b862a,True,True,0,0,0,0,0,,,,,811.0,7353.0,19.0,51.0,5.0
gh_91a1fb65,dewi-alliance/chirpstack-infrastructure,iac_benchmark/scenarios/gh_91a1fb65,True,True,0,0,0,0,0,,,,,888.0,6079.0,20.0,28.0,5.0
gh_08d0c52d,cmdlabs/terraform-aws-eks,iac_benchmark/scenarios/gh_08d0c52d,True,True,0,0,0,0,0,,,,,938.0,6915.0,46.0,23.0,5.0
gh_2d2f3403,breezewish/terraform-up-tidb-aws,iac_benchmark/scenarios/gh_2d2f3403,True,True,0,0,0,0,0,,,,,455.0,3189.0,18.0,0.0,5.0
gh_8f33066a,f5devcentral/f5-hybrid-security-architectures,../scenarios/gh_8f33066a,True,True,0,0,0,0,0,,,,,465.0,3687.0,24.0,16.0,5.0
gh_acc72ebf,opsstation/terraform-aws-vpc,iac_benchmark/scenarios/gh_acc72ebf,True,True,0,0,0,0,0,,,,,863.0,7628.0,23.0,53.0,5.0
gh_6db78184,yaalalabs/agent-kernel,../scenarios/gh_6db78184,True,True,0,0,0,0,0,,,,,485.0,3764.0,13.0,24.0,5.0
gh_9c20cc6d,chgasparoto/curso-aws-com-terraform,../scenarios/gh_9c20cc6d,True,True,0,0,0,0,0,,,,,464.0,2925.0,28.0,5.0,5.0
gh_a9e3f849,dotLou/aws-eks-terraform,iac_benchmark/scenarios/gh_a9e3f849,True,True,0,0,0,0,0,,,,,403.0,3051.0,21.0,3.0,5.0
gh_43322bee,aws-solutions-library-samples/guidance-for-developing-data-and-ai-foundation-with-amazon-sagemaker,../scenarios/gh_43322bee,True,True,0,0,0,0,0,,,,,829.0,5478.0,24.0,23.0,5.0
gh_da7a374d,hpe-container-platform-community/hcp-demo-env-aws-terraform,iac_benchmark/scenarios/gh_da7a374d,True,True,0,0,0,0,0,,,,,549.0,3656.0,32.0,19.0,5.0
gh_d767772f,anmolnagpal/terraform-eks,../scenarios/gh_d767772f,True,True,0,0,0,0,0,,,,,498.0,4434.0,26.0,6.0,5.0
gh_d17d87ec,lanandra/terraform-template-aws,iac_benchmark/scenarios/gh_d17d87ec,True,True,0,0,0,0,0,,,,,486.0,3123.0,28.0,13.0,5.0
gh_38fe7572,ministryofjustice/modernisation-platform-ami-builds,iac_benchmark/scenarios/gh_38fe7572,True,True,0,0,0,0,0,,,,,640.0,5084.0,15.0,1.0,5.0
gh_6cfbcce2,msfidelis/awswaf-production-automation,iac_benchmark/scenarios/gh_6cfbcce2,True,True,0,0,0,0,0,,,,,657.0,3428.0,19.0,11.0,5.0
gh_8998fa7f,gravicore/terraform-gravicore-modules,iac_benchmark/scenarios/gh_8998fa7f,True,True,0,0,0,0,0,,,,,844.0,6942.0,15.0,75.0,5.0
gh_c37e731a,linuxtips/terraform-aws-eks,../scenarios/gh_c37e731a,True,True,0,0,0,0,0,,,,,495.0,3400.0,23.0,21.0,5.0
gh_254c2fd7,gabrielPav/aws-security-foundation,iac_benchmark/scenarios/gh_254c2fd7,True,True,0,0,0,0,0,,,,,515.0,3571.0,13.0,7.0,5.0
gh_1962079c,stelligent/config-lint,../scenarios/gh_1962079c,True,True,0,0,0,0,0,,,,,893.0,5168.0,55.0,4.0,5.0
gh_32158f7b,protofire/polkadot-failover-mechanism,iac_benchmark/scenarios/gh_32158f7b,True,True,0,0,0,0,0,,,,,807.0,4997.0,31.0,33.0,5.0
gh_9921e098,d3b-center/image-deid-etl,iac_benchmark/scenarios/gh_9921e098,True,True,0,0,0,0,0,,,,,1181.0,6805.0,39.0,69.0,5.0
gh_87c466cd,marco-lancini/utils,../scenarios/gh_87c466cd,True,True,0,0,0,0,0,,,,,888.0,5844.0,15.0,41.0,5.0
gh_ff411176,liferaft/kubekit,iac_benchmark/scenarios/gh_ff411176,True,True,0,0,0,0,0,,,,,565.0,4738.0,18.0,4.0,5.0
gh_a4a54baa,brockleyai/brockleyai,iac_benchmark/scenarios/gh_a4a54baa,True,True,0,0,0,0,0,,,,,602.0,4078.0,28.0,11.0,5.0
gh_46400966,koshian2/terraform-aws-book,iac_benchmark/scenarios/gh_46400966,True,True,0,0,0,0,0,,,,,667.0,5914.0,38.0,8.0,5.0
gh_6b36961d,aws-ia/terraform-aws-ec2-image-builder,iac_benchmark/scenarios/gh_6b36961d,True,True,0,0,0,0,0,,,,,419.0,3192.0,19.0,0.0,5.0
terrads_671d087b6051,Zenodo/TerraDS,iac_benchmark/scenarios/terrads_671d087b6051,True,True,0,0,0,0,0,,,,,418.0,2609.0,15.0,10.0,5.0
gh_d7327397,LeapBeyond/terraform-aws-config,../scenarios/gh_d7327397,True,True,0,0,0,0,0,,,,,424.0,2401.0,25.0,7.0,5.0
gh_3351a6e8,joevanhorn/okta-terraform-demo-template,iac_benchmark/scenarios/gh_3351a6e8,True,True,0,0,0,0,0,,,,,602.0,3808.0,25.0,14.0,5.0
gh_f345f0f3,skyscrapers/terraform-vault,iac_benchmark/scenarios/gh_f345f0f3,True,True,0,0,0,0,0,,,,,823.0,5734.0,25.0,26.0,5.0
gh_8b963f5d,provectus/data-quality-gate,../scenarios/gh_8b963f5d,True,True,0,0,0,0,0,,,,,945.0,6523.0,18.0,40.0,5.0
gh_b26a8b89,run-x/opta,../scenarios/gh_b26a8b89,True,True,0,0,0,0,0,,,,,713.0,5108.0,34.0,10.0,5.0
gh_db07b620,tedilabs/terraform-aws-account,../scenarios/gh_db07b620,True,True,0,0,0,0,0,,,,,595.0,4206.0,12.0,19.0,5.0
gh_e20d9c55,GovWifi/govwifi-terraform,iac_benchmark/scenarios/gh_e20d9c55,True,True,0,0,0,0,0,,,,,788.0,5426.0,33.0,18.0,5.0
gh_443b3069,notfoundsam/laravel-ecs-terraform,iac_benchmark/scenarios/gh_443b3069,True,True,0,0,0,0,0,,,,,447.0,2792.0,17.0,9.0,5.0
gh_64f01aea,higakikeita/tfdrift-falco,../scenarios/gh_64f01aea,True,True,0,0,0,0,0,,,,,427.0,2294.0,12.0,2.0,5.0
gh_a16bb7b8,koshian2/terraform-aws-book,iac_benchmark/scenarios/gh_a16bb7b8,True,True,0,0,0,0,0,,,,,471.0,4149.0,33.0,6.0,5.0
gh_20ff9637,datarootsio/terraform-aws-ecs-dagster,../scenarios/gh_20ff9637,True,True,0,0,0,0,0,,,,,732.0,5159.0,26.0,25.0,5.0
gh_066a4831,koshian2/terraform-aws-book,iac_benchmark/scenarios/gh_066a4831,True,True,0,0,0,0,0,,,,,436.0,3894.0,34.0,7.0,5.0
gh_615cff62,cloudposse/terraform-aws-ses-lambda-forwarder,iac_benchmark/scenarios/gh_615cff62,True,True,0,0,0,0,0,,,,,722.0,5323.0,16.0,30.0,5.0
gh_7f1f84ac,Panfactum/stack,../scenarios/gh_7f1f84ac,True,True,0,0,0,0,0,,,,,423.0,2645.0,14.0,2.0,5.0
gh_1ee1e778,aws-samples/aws-network-firewall-terraform,../scenarios/gh_1ee1e778,True,True,0,0,0,0,0,,,,,650.0,4800.0,38.0,9.0,5.0
gh_32b6ce40,aws-samples/aws-msk-cross-account-connectivity-sample,iac_benchmark/scenarios/gh_32b6ce40,True,True,0,0,0,0,0,,,,,448.0,3007.0,28.0,9.0,5.0
gh_7884f5ce,CiscoDevNet/cloud-cml,../scenarios/gh_7884f5ce,True,True,0,0,0,0,0,,,,,566.0,4947.0,26.0,1.0,5.0
gh_aa0a76b1,clouddrove/terraform-aws-elasticache,../scenarios/gh_aa0a76b1,True,True,0,0,0,0,0,,,,,825.0,7158.0,16.0,61.0,5.0
gh_37b6f2c6,atlassian-labs/data-center-terraform,iac_benchmark/scenarios/gh_37b6f2c6,True,True,0,0,0,0,0,,,,,751.0,5947.0,23.0,26.0,5.0
gh_752fbb78,GovWifi/govwifi-terraform,iac_benchmark/scenarios/gh_752fbb78,True,True,0,0,0,0,0,,,,,420.0,2710.0,23.0,9.0,5.0
gh_56284f14,CheckPointSW/CloudGuardIaaS,../scenarios/gh_56284f14,True,True,0,0,0,0,0,,,,,574.0,4588.0,12.0,32.0,5.0
gh_8c78518f,GovWifi/govwifi-terraform,iac_benchmark/scenarios/gh_8c78518f,True,True,0,0,0,0,0,,,,,670.0,4546.0,16.0,14.0,5.0
gh_4781c986,fortinet/fortigate-terraform-deploy,../scenarios/gh_4781c986,True,True,0,0,0,0,0,,,,,774.0,5924.0,25.0,17.0,5.0
gh_21745207,koshian2/terraform-aws-book,iac_benchmark/scenarios/gh_21745207,True,True,0,0,0,0,0,,,,,518.0,4640.0,28.0,5.0,5.0
gh_72d92fdc,cds-snc/terraform-modules,iac_benchmark/scenarios/gh_72d92fdc,True,True,0,0,0,0,0,,,,,540.0,3756.0,12.0,20.0,5.0
gh_aa21d044,fpco/terraform-aws-foundation,../scenarios/gh_aa21d044,True,True,0,0,0,0,0,,,,,644.0,4442.0,23.0,13.0,5.0
gh_24803c0a,GovWifi/govwifi-terraform,iac_benchmark/scenarios/gh_24803c0a,True,True,0,0,0,0,0,,,,,630.0,4340.0,29.0,3.0,5.0
gh_cce680b8,piyushsachdeva/Terraform-Full-Course-Aws,../scenarios/gh_cce680b8,True,True,0,0,0,0,0,,,,,630.0,4096.0,33.0,14.0,5.0
gh_686c4eb4,fortinet/fortigate-terraform-deploy,../scenarios/gh_686c4eb4,True,True,0,0,0,0,0,,,,,984.0,7544.0,42.0,43.0,5.0
gh_1ac32090,dewi-alliance/chirpstack-infrastructure,iac_benchmark/scenarios/gh_1ac32090,True,True,0,0,0,0,0,,,,,783.0,5290.0,19.0,4.0,5.0
gh_1cde5f31,u11d-com/terraform-aws-medusajs,iac_benchmark/scenarios/gh_1cde5f31,True,True,0,0,0,0,0,,,,,534.0,3068.0,20.0,14.0,5.0
gh_fb0986b8,joevanhorn/okta-terraform-demo-template,iac_benchmark/scenarios/gh_fb0986b8,True,True,0,0,0,0,0,,,,,768.0,4926.0,32.0,16.0,5.0
gh_75223200,CrowdStrike/terraform-aws-cloud-registration,iac_benchmark/scenarios/gh_75223200,True,True,0,0,0,0,0,,,,,851.0,6720.0,30.0,23.0,5.0
gh_fd6abc4a,aws-ia/ecs-blueprints,../scenarios/gh_fd6abc4a,True,True,0,0,0,0,0,,,,,607.0,3631.0,15.0,4.0,5.0
gh_fa44531d,tdmalone/coffee-shop-message,iac_benchmark/scenarios/gh_fa44531d,True,True,0,0,0,0,0,,,,,885.0,6251.0,36.0,15.0,5.0
gh_0d66f9c0,snowiow/green-blue-ecs-example,iac_benchmark/scenarios/gh_0d66f9c0,True,True,0,0,0,0,0,,,,,759.0,4367.0,31.0,3.0,5.0
gh_807e3bbd,ministryofjustice/hmpps-delius-core-terraform,iac_benchmark/scenarios/gh_807e3bbd,True,True,0,0,0,0,0,,,,,454.0,3724.0,12.0,11.0,5.0
gh_a8b3b95b,philips-software/terraform-aws-ecs,iac_benchmark/scenarios/gh_a8b3b95b,True,True,0,0,0,0,0,,,,,419.0,2763.0,13.0,23.0,5.0
gh_09e9fe16,elastisys/ck8s-cluster,iac_benchmark/scenarios/gh_09e9fe16,True,True,0,0,0,0,0,,,,,632.0,3850.0,32.0,8.0,5.0
gh_ad70bc4f,aws-solutions-library-samples/guidance-for-developing-data-and-ai-foundation-with-amazon-sagemaker,../scenarios/gh_ad70bc4f,True,True,0,0,0,0,0,,,,,504.0,3440.0,13.0,10.0,5.0
gh_e711f428,leek/terraform-aws-laravel,../scenarios/gh_e711f428,True,True,0,0,0,0,0,,,,,886.0,5318.0,12.0,32.0,5.0
gh_4773850a,fortinet/fortigate-terraform-deploy,../scenarios/gh_4773850a,True,True,0,0,0,0,0,,,,,1006.0,7744.0,41.0,42.0,5.0
gh_c12db903,adamjarret/react-terraform-starter-kit,iac_benchmark/scenarios/gh_c12db903,True,True,0,0,0,0,0,,,,,827.0,7309.0,46.0,16.0,5.0
gh_cff41490,cds-snc/forms-terraform,iac_benchmark/scenarios/gh_cff41490,True,True,0,0,0,0,0,,,,,407.0,2814.0,21.0,5.0,5.0
gh_58190ad4,vmware-archive/terraforming-aws,../scenarios/gh_58190ad4,True,True,0,0,0,0,0,,,,,505.0,3521.0,21.0,11.0,5.0
gh_9d1ff363,PaloAltoNetworks/terraform-aws-swfw-modules,../scenarios/gh_9d1ff363,True,True,0,0,0,0,0,,,,,939.0,7591.0,12.0,50.0,5.0
gh_fe439d9c,alphagov/prometheus-aws-configuration-beta,iac_benchmark/scenarios/gh_fe439d9c,True,True,0,0,0,0,0,,,,,448.0,2837.0,19.0,17.0,5.0
gh_9a21e25c,mpon/tf-ecs-fargate-pipeline-example,iac_benchmark/scenarios/gh_9a21e25c,True,True,0,0,0,0,0,,,,,1014.0,7016.0,48.0,5.0,5.0
gh_f91b79d9,aws-samples/terraform-eks-code,../scenarios/gh_f91b79d9,True,True,0,0,0,0,0,,,,,439.0,3252.0,28.0,6.0,5.0
gh_b1076d3a,koshian2/terraform-aws-book,iac_benchmark/scenarios/gh_b1076d3a,True,True,0,0,0,0,0,,,,,495.0,3869.0,18.0,7.0,5.0
gh_c2157949,edenlabllc/aws.provisioner.infra,iac_benchmark/scenarios/gh_c2157949,True,True,0,0,0,0,0,,,,,406.0,2807.0,13.0,16.0,5.0
gh_09fd81a7,turnerlabs/terraform-https-alb-lambda,iac_benchmark/scenarios/gh_09fd81a7,True,True,0,0,0,0,0,,,,,982.0,6343.0,31.0,19.0,5.0
gh_a22fb8f1,ministryofjustice/modernisation-platform-environments,../scenarios/gh_a22fb8f1,True,True,0,0,0,0,0,,,,,785.0,6450.0,21.0,2.0,5.0
gh_3f1435a5,nozaq/terraform-aws-secure-baseline,../scenarios/gh_3f1435a5,True,True,0,0,0,0,0,,,,,701.0,6419.0,32.0,21.0,5.0
gh_f88850ea,erankitcs/BookStoreAppOnEKS,../scenarios/gh_f88850ea,True,True,0,0,0,0,0,,,,,696.0,4533.0,16.0,8.0,5.0
gh_0a9a1846,rhythmictech/terraform-aws-nexus,iac_benchmark/scenarios/gh_0a9a1846,True,True,0,0,0,0,0,,,,,842.0,5465.0,30.0,41.0,5.0
gh_85a88dd1,ricardbejarano/learn-aws,../scenarios/gh_85a88dd1,True,True,0,0,0,0,0,,,,,486.0,3307.0,38.0,1.0,5.0
gh_c63675bf,vantage-sh/terraform-aws-vantage-integration,iac_benchmark/scenarios/gh_c63675bf,True,True,0,0,0,0,0,,,,,670.0,6379.0,23.0,19.0,5.0
gh_3fe61e5e,cisco-open/forge,../scenarios/gh_3fe61e5e,True,True,0,0,0,0,0,,,,,888.0,7998.0,12.0,11.0,5.0
gh_7030e61d,ministryofjustice/modernisation-platform-ami-builds,iac_benchmark/scenarios/gh_7030e61d,True,True,0,0,0,0,0,,,,,606.0,4586.0,12.0,1.0,5.0
gh_12b48e12,PaloAltoNetworks/terraform-templates,../scenarios/gh_12b48e12,True,True,0,0,0,0,0,,,,,535.0,3929.0,23.0,20.0,5.0
gh_662d2c01,aws-ia/terraform-aws-ec2-image-builder,iac_benchmark/scenarios/gh_662d2c01,True,True,0,0,0,0,0,,,,,419.0,3210.0,19.0,0.0,5.0
gh_b3947a5e,coralogix/terraform-coralogix-aws,iac_benchmark/scenarios/gh_b3947a5e,True,True,0,0,0,0,0,,,,,891.0,7281.0,16.0,36.0,5.0
gh_579da515,ViktorUJ/cks,../scenarios/gh_579da515,True,True,0,0,0,0,0,,,,,537.0,3579.0,22.0,10.0,5.0
gh_9960ed77,getamis/vishwakarma,../scenarios/gh_9960ed77,True,True,0,0,0,0,0,,,,,955.0,7504.0,23.0,55.0,5.0
gh_b563fe65,liatrio/lead-terraform,iac_benchmark/scenarios/gh_b563fe65,True,True,0,0,0,0,0,,,,,820.0,5619.0,20.0,28.0,5.0
gh_b64e7670,leek/terraform-aws-laravel,../scenarios/gh_b64e7670,True,True,0,0,0,0,0,,,,,897.0,5552.0,39.0,10.0,5.0
gh_b37555f9,bakins/kubernetes-coreos-terraform,../scenarios/gh_b37555f9,True,True,0,0,0,0,0,,,,,552.0,3753.0,20.0,21.0,5.0
gh_0127e0ed,clowdhaus/terraform-aws-vpc-v7,iac_benchmark/scenarios/gh_0127e0ed,True,True,0,0,0,0,0,,,,,1096.0,7888.0,22.0,45.0,5.0
gh_c0ce81d0,kirby-rocket/AWS-Solutions-Hub,../scenarios/gh_c0ce81d0,True,True,0,0,0,0,0,,,,,544.0,4938.0,15.0,9.0,5.0
gh_24b4b65e,localstack-samples/localstack-terraform-samples,../scenarios/gh_24b4b65e,True,True,0,0,0,0,0,,,,,412.0,2928.0,23.0,1.0,5.0
gh_0f9ea6cb,koshian2/terraform-aws-book,iac_benchmark/scenarios/gh_0f9ea6cb,True,True,0,0,0,0,0,,,,,601.0,5498.0,45.0,9.0,5.0
gh_04a53565,claranet/terraform-aws-aurora,../scenarios/gh_04a53565,True,True,0,0,0,0,0,,,,,558.0,4475.0,13.0,46.0,5.0
gh_c96881e4,aws-ia/terraform-aws-control_tower_account_factory,../scenarios/gh_c96881e4,True,True,0,0,0,0,0,,,,,547.0,4073.0,27.0,4.0,5.0
gh_768163e3,aws-ia/terraform-aws-amazonconnect,iac_benchmark/scenarios/gh_768163e3,True,True,0,0,0,0,0,,,,,1183.0,7161.0,15.0,36.0,5.0
gh_66adc687,hoangsonww/Post-Analyzer-Webserver,iac_benchmark/scenarios/gh_66adc687,True,True,0,0,0,0,0,,,,,416.0,3251.0,22.0,13.0,5.0
gh_1fcbc3a1,oliverschenk/aws-multi-account-multi-region-bootstrapping-terraform,iac_benchmark/scenarios/gh_1fcbc3a1,True,True,0,0,0,0,0,,,,,1158.0,7815.0,19.0,31.0,5.0
gh_6678f95e,nareshagrawal/Uber,iac_benchmark/scenarios/gh_6678f95e,True,True,0,0,0,0,0,,,,,541.0,3525.0,29.0,8.0,5.0
gh_ff60b16c,philips-software/terraform-aws-ecs-service,iac_benchmark/scenarios/gh_ff60b16c,True,True,0,0,0,0,0,,,,,902.0,6838.0,18.0,50.0,5.0
gh_9725ed18,sassoftware/viya4-iac-aws,../scenarios/gh_9725ed18,True,True,0,0,0,0,0,,,,,646.0,5797.0,18.0,27.0,5.0
gh_aef693e8,neiman-marcus/terraform-aws-jenkins-ha-agents,iac_benchmark/scenarios/gh_aef693e8,True,True,0,0,0,0,0,,,,,1127.0,7540.0,31.0,42.0,5.0
gh_586b214b,ministryofjustice/modernisation-platform-environments,../scenarios/gh_586b214b,True,True,0,0,0,0,0,,,,,729.0,5692.0,40.0,26.0,5.0
gh_21261446,asicsdigital/terraform-aws-vault,iac_benchmark/scenarios/gh_21261446,True,True,0,0,0,0,0,,,,,477.0,3471.0,17.0,18.0,5.0
gh_ee724e91,CircleCI-Public/server-terraform,iac_benchmark/scenarios/gh_ee724e91,True,True,0,0,0,0,0,,,,,511.0,3472.0,16.0,30.0,5.0
gh_efce5d19,cloudandthings/terraform-aws-github-runners,iac_benchmark/scenarios/gh_efce5d19,True,True,0,0,0,0,0,,,,,895.0,7261.0,21.0,37.0,5.0
gh_19bdfc02,thegreatsunra/aws-terraform-iot,iac_benchmark/scenarios/gh_19bdfc02,True,True,0,0,0,0,0,,,,,957.0,6010.0,38.0,25.0,5.0
gh_0cedf072,doublecloud/terraform-provider-doublecloud,iac_benchmark/scenarios/gh_0cedf072,True,True,0,0,0,0,0,,,,,834.0,7027.0,19.0,12.0,5.0
gh_3ddd4040,clay-good/mantissa-log,iac_benchmark/scenarios/gh_3ddd4040,True,True,0,0,0,0,0,,,,,599.0,3823.0,13.0,26.0,5.0
terrads_9a1b38198ad1,Zenodo/TerraDS,iac_benchmark/scenarios/terrads_9a1b38198ad1,True,True,0,0,0,0,0,,,,,1334.0,6999.0,49.0,5.0,5.0
gh_6925f6dd,exotel/aws-auto-scaling,iac_benchmark/scenarios/gh_6925f6dd,True,True,0,0,0,0,0,,,,,798.0,5769.0,35.0,46.0,5.0
gh_8f269d69,Amitabh-DevOps/aws-devops,iac_benchmark/scenarios/gh_8f269d69,True,True,0,0,0,0,0,,,,,1149.0,6875.0,40.0,14.0,5.0
gh_3a077e47,hoangsonww/WealthWise-Finance-Tracker,iac_benchmark/scenarios/gh_3a077e47,True,True,0,0,0,0,0,,,,,429.0,3152.0,12.0,15.0,5.0
gh_d0bd7b5b,clouddrove/terraform-aws-secure-baseline,iac_benchmark/scenarios/gh_d0bd7b5b,True,True,0,0,0,0,0,,,,,837.0,7354.0,30.0,23.0,5.0
gh_36c7e4cd,matihost/monorepo,iac_benchmark/scenarios/gh_36c7e4cd,True,True,0,0,0,0,0,,,,,709.0,4843.0,44.0,2.0,5.0
gh_00577664,CheckPointSW/CloudGuardIaaS,../scenarios/gh_00577664,True,True,0,0,0,0,0,,,,,566.0,4515.0,12.0,32.0,5.0
gh_1a39fba9,alphagov/prometheus-aws-configuration,iac_benchmark/scenarios/gh_1a39fba9,True,True,0,0,0,0,0,,,,,408.0,2632.0,24.0,12.0,5.0
gh_adff7a1d,ministryofjustice/modernisation-platform-environments,../scenarios/gh_adff7a1d,True,True,0,0,0,0,0,,,,,798.0,5626.0,26.0,26.0,5.0
gh_67c9a504,oceanosis/aws-apigw-lambda-mysql,iac_benchmark/scenarios/gh_67c9a504,True,True,0,0,0,0,0,,,,,603.0,4260.0,28.0,13.0,5.0
gh_70c1d8eb,telia-oss/terraform-aws-concourse,iac_benchmark/scenarios/gh_70c1d8eb,True,True,0,0,0,0,0,,,,,608.0,3927.0,13.0,37.0,5.0
gh_878853bf,relaxdiego/system-design,iac_benchmark/scenarios/gh_878853bf,True,True,0,0,0,0,0,,,,,755.0,4638.0,34.0,22.0,5.0
gh_1c6e0bf1,QinetiQ-Cyber-Intelligence/OpenCTI-Terraform,../scenarios/gh_1c6e0bf1,True,True,0,0,0,0,0,,,,,576.0,4108.0,24.0,20.0,5.0
gh_7cfd3b37,aws-samples/aws-network-firewall-terraform,../scenarios/gh_7cfd3b37,True,True,0,0,0,0,0,,,,,524.0,3730.0,28.0,6.0,5.0
gh_76561373,hashicorp/terraform-aws-consul-ecs,../scenarios/gh_76561373,True,True,0,0,0,0,0,,,,,603.0,4633.0,17.0,6.0,5.0
gh_c6c0270b,aws-samples/s3-presignedurl-staticips-endpoint-with-terraform,iac_benchmark/scenarios/gh_c6c0270b,True,True,0,0,0,0,0,,,,,436.0,2936.0,28.0,4.0,5.0
gh_44d711d6,yaalalabs/agent-kernel,../scenarios/gh_44d711d6,True,True,0,0,0,0,0,,,,,606.0,4141.0,12.0,32.0,5.0
gh_abedf65f,aws-ia/terraform-aws-rds-custom-for-oracle,iac_benchmark/scenarios/gh_abedf65f,True,True,0,0,0,0,0,,,,,457.0,2650.0,13.0,9.0,5.0
gh_35eda828,Indellient/vault-habitat,iac_benchmark/scenarios/gh_35eda828,True,True,0,0,0,0,0,,,,,503.0,3874.0,18.0,28.0,5.0
gh_144f3b44,DNXLabs/terraform-aws-openvpn,iac_benchmark/scenarios/gh_144f3b44,True,True,0,0,0,0,0,,,,,906.0,5824.0,42.0,41.0,5.0
gh_87c80e59,stacksimplify/devops-real-world-project-implementation-on-aws,../scenarios/gh_87c80e59,True,True,0,0,0,0,0,,,,,757.0,4754.0,25.0,23.0,5.0
gh_d4a9a920,kvendingoldo/aws-letsencrypt-lambda,iac_benchmark/scenarios/gh_d4a9a920,True,True,0,0,0,0,0,,,,,438.0,2910.0,18.0,21.0,5.0
gh_f70286aa,koshian2/terraform-aws-book,iac_benchmark/scenarios/gh_f70286aa,True,True,0,0,0,0,0,,,,,400.0,3702.0,27.0,6.0,5.0
gh_f4af074b,bjsscloud/terraform-aws-granted-approvals,iac_benchmark/scenarios/gh_f4af074b,True,True,0,0,0,0,0,,,,,882.0,6051.0,18.0,36.0,5.0
gh_14885b8f,Element84/filmdrop-aws-tf-modules,iac_benchmark/scenarios/gh_14885b8f,True,True,0,0,0,0,0,,,,,438.0,2942.0,13.0,5.0,5.0
gh_1efbfb31,dspace-group/dspace-reference-architecture-aws,iac_benchmark/scenarios/gh_1efbfb31,True,True,0,0,0,0,0,,,,,703.0,5917.0,28.0,28.0,5.0
gh_0e7efb8f,coralogix/terraform-coralogix-aws,iac_benchmark/scenarios/gh_0e7efb8f,True,True,0,0,0,0,0,,,,,514.0,4228.0,12.0,22.0,5.0
gh_85a635f2,ViktorUJ/cks,../scenarios/gh_85a635f2,True,True,0,0,0,0,0,,,,,747.0,5253.0,17.0,22.0,5.0
gh_0914319e,cds-snc/forms-terraform,iac_benchmark/scenarios/gh_0914319e,True,True,0,0,0,0,0,,,,,1055.0,6850.0,36.0,20.0,5.0
gh_1a83e8bd,Orange-Cyberdefense/GOAD,iac_benchmark/scenarios/gh_1a83e8bd,True,True,0,0,0,0,0,,,,,475.0,3201.0,30.0,11.0,5.0
gh_4deb6931,mjedrasz/oauth2-mlflow-aws,iac_benchmark/scenarios/gh_4deb6931,True,True,0,0,0,0,0,,,,,610.0,4296.0,24.0,17.0,5.0
gh_fb8e772d,aws-ia/terraform-aws-control_tower_account_factory,../scenarios/gh_fb8e772d,True,True,0,0,0,0,0,,,,,736.0,4957.0,71.0,71.0,5.0
gh_17c2c6ed,strvcom/terraform-aws-fargate,../scenarios/gh_17c2c6ed,True,True,0,0,0,0,0,,,,,967.0,7271.0,39.0,17.0,5.0
gh_d6b42d63,hashicorp/terraform-aws-terraform-enterprise,../scenarios/gh_d6b42d63,True,True,0,0,0,0,0,,,,,483.0,3206.0,12.0,18.0,5.0
gh_f50df474,Justinon/terraform-aws-foundryvtt,iac_benchmark/scenarios/gh_f50df474,True,True,0,0,0,0,0,,,,,971.0,7860.0,42.0,11.0,5.0
gh_13dab8fe,g-otn/GameServerEC2Discord,iac_benchmark/scenarios/gh_13dab8fe,True,True,0,0,0,0,0,,,,,941.0,7821.0,12.0,33.0,5.0
gh_34db5bd8,chadgeary/cloudblock,../scenarios/gh_34db5bd8,True,True,0,0,0,0,0,,,,,748.0,5997.0,27.0,23.0,5.0
gh_0d730711,DSGT-DLP/Deep-Learning-Playground,iac_benchmark/scenarios/gh_0d730711,True,True,0,0,0,0,0,,,,,613.0,4199.0,43.0,0.0,5.0
gh_304c2926,ministryofjustice/hmpps-delius-core-terraform,iac_benchmark/scenarios/gh_304c2926,True,True,0,0,0,0,0,,,,,578.0,4816.0,20.0,10.0,5.0
gh_f5752afc,runs-on/terraform-aws-runs-on,iac_benchmark/scenarios/gh_f5752afc,True,True,0,0,0,0,0,,,,,498.0,3274.0,14.0,13.0,5.0
gh_873e0caf,JashwanthMU/TerraSecure,iac_benchmark/scenarios/gh_873e0caf,True,True,0,0,0,0,0,,,,,673.0,4197.0,33.0,10.0,5.0
gh_ac181cc0,clouddrove/terraform-aws-secure-baseline,iac_benchmark/scenarios/gh_ac181cc0,True,True,0,0,0,0,0,,,,,488.0,3672.0,13.0,32.0,5.0
gh_7a597289,infrahouse/terraform-aws-openclaw,iac_benchmark/scenarios/gh_7a597289,True,True,0,0,0,0,0,,,,,1059.0,7805.0,15.0,20.0,5.0
gh_986ebf85,Altinity/terraform-aws-eks-clickhouse,iac_benchmark/scenarios/gh_986ebf85,True,True,0,0,0,0,0,,,,,766.0,5846.0,15.0,20.0,5.0
gh_563e8591,aws-samples/aws-proton-terraform-sample-templates,../scenarios/gh_563e8591,True,True,0,0,0,0,0,,,,,739.0,5004.0,26.0,1.0,5.0
gh_bb2e388f,pbar1/terraform-aws-vault,iac_benchmark/scenarios/gh_bb2e388f,True,True,0,0,0,0,0,,,,,463.0,2835.0,17.0,17.0,5.0
gh_768aabaa,harness-community/terraform-aws-harness-ccm,iac_benchmark/scenarios/gh_768aabaa,True,True,0,0,0,0,0,,,,,750.0,5652.0,24.0,19.0,5.0
gh_61047a46,scottslowe/learning-tools,../scenarios/gh_61047a46,True,True,0,0,0,0,0,,,,,560.0,4761.0,24.0,7.0,5.0
gh_436a09ec,willfarrell/terraform-aws-template,iac_benchmark/scenarios/gh_436a09ec,True,True,0,0,0,0,0,,,,,1100.0,7491.0,29.0,0.0,5.0
gh_218846ce,miqdigital/terraform-aws-eks-cluster,iac_benchmark/scenarios/gh_218846ce,True,True,0,0,0,0,0,,,,,759.0,5507.0,38.0,10.0,5.0
gh_ced58615,mineiros-io/terraform-aws-vpc,iac_benchmark/scenarios/gh_ced58615,True,True,0,0,0,0,0,,,,,907.0,7682.0,15.0,27.0,5.0
gh_37b2694f,ministryofjustice/modernisation-platform-environments,../scenarios/gh_37b2694f,True,True,0,0,0,0,0,,,,,756.0,6425.0,25.0,2.0,5.0
gh_e76d7e7f,mage-ai/mage-ai-terraform-templates,../scenarios/gh_e76d7e7f,True,True,0,0,0,0,0,,,,,699.0,4749.0,25.0,18.0,5.0
gh_10648565,diodonfrost/terraform-aws-examples,iac_benchmark/scenarios/gh_10648565,True,True,0,0,0,0,0,,,,,406.0,2633.0,22.0,5.0,5.0
gh_63150681,it-objects/terraform-aws-terra3,iac_benchmark/scenarios/gh_63150681,True,True,0,0,0,0,0,,,,,757.0,5891.0,24.0,16.0,5.0
gh_e40181b5,codewithmuh/01_devops-aws-terraform-ecs,iac_benchmark/scenarios/gh_e40181b5,True,True,0,0,0,0,0,,,,,597.0,4419.0,42.0,26.0,5.0
gh_645ff5ba,SebastianUA/terraform,../scenarios/gh_645ff5ba,True,True,0,0,0,0,0,,,,,924.0,6666.0,14.0,62.0,5.0
gh_9e92ca06,kwilczynski/terraform-templates,../scenarios/gh_9e92ca06,True,True,0,0,0,0,0,,,,,465.0,2704.0,14.0,25.0,5.0
gh_9c812f6f,squareops/terraform-aws-eks,iac_benchmark/scenarios/gh_9c812f6f,True,True,0,0,0,0,0,,,,,473.0,3638.0,14.0,28.0,5.0
gh_4a012f91,a-patel/terraform-aws-eks-workshop,../scenarios/gh_4a012f91,True,True,0,0,0,0,0,,,,,503.0,3749.0,34.0,8.0,5.0
gh_a2757617,terraform-aws-modules/terraform-aws-transit-gateway,../scenarios/gh_a2757617,True,True,0,0,0,0,0,,,,,534.0,4083.0,12.0,29.0,5.0
gh_7c99f279,skyscrapers/terraform-concourse,iac_benchmark/scenarios/gh_7c99f279,True,True,0,0,0,0,0,,,,,643.0,4990.0,12.0,41.0,5.0
gh_5dca71fc,mage-ai/mage-ai-terraform-templates,../scenarios/gh_5dca71fc,True,True,0,0,0,0,0,,,,,636.0,4189.0,26.0,15.0,5.0
gh_7a9799c1,jonrau1/AWS-ComplianceMachineDontStop,iac_benchmark/scenarios/gh_7a9799c1,True,True,0,0,0,0,0,,,,,733.0,5785.0,23.0,35.0,5.0
gh_549db31d,liatrio/lead-terraform,iac_benchmark/scenarios/gh_549db31d,True,True,0,0,0,0,0,,,,,418.0,2506.0,18.0,8.0,5.0
gh_a28c02db,braintrustdata/terraform-aws-braintrust-data-plane,iac_benchmark/scenarios/gh_a28c02db,True,True,0,0,0,0,0,,,,,628.0,5456.0,18.0,17.0,5.0
gh_d82ab0ce,outerbounds/terraform-aws-metaflow,../scenarios/gh_d82ab0ce,True,True,0,0,0,0,0,,,,,887.0,6497.0,35.0,25.0,5.0
gh_2217a4eb,CheckPointSW/CloudGuardIaaS,../scenarios/gh_2217a4eb,True,True,0,0,0,0,0,,,,,599.0,5692.0,18.0,32.0,5.0
gh_b2371fc8,tensult/terraform,../scenarios/gh_b2371fc8,True,True,0,0,0,0,0,,,,,452.0,3182.0,26.0,6.0,5.0
gh_de5ee80a,JassoftLtd/terraform-aws-concourse,iac_benchmark/scenarios/gh_de5ee80a,True,True,0,0,0,0,0,,,,,672.0,4738.0,31.0,22.0,5.0
gh_2d903728,iamgini/terraform-iac-usecases,iac_benchmark/scenarios/gh_2d903728,True,True,0,0,0,0,0,,,,,830.0,6302.0,24.0,15.0,5.0
gh_d9de155f,dspace-group/dspace-reference-architecture-aws,iac_benchmark/scenarios/gh_d9de155f,True,True,0,0,0,0,0,,,,,692.0,5489.0,24.0,28.0,5.0
gh_67a5638f,matihost/monorepo,iac_benchmark/scenarios/gh_67a5638f,True,True,0,0,0,0,0,,,,,458.0,2710.0,14.0,8.0,5.0
gh_66df995d,howdio/terraform-aws-eks,../scenarios/gh_66df995d,True,True,0,0,0,0,0,,,,,612.0,4195.0,17.0,14.0,5.0
gh_7d2e2dd9,tensult/terraform,../scenarios/gh_7d2e2dd9,True,True,0,0,0,0,0,,,,,435.0,3000.0,19.0,30.0,5.0
gh_8c8efa25,Lemmons/minecraft-spot,iac_benchmark/scenarios/gh_8c8efa25,True,True,0,0,0,0,0,,,,,906.0,6222.0,52.0,19.0,5.0
gh_5cad8b03,iamgini/terraform-iac-usecases,iac_benchmark/scenarios/gh_5cad8b03,True,True,0,0,0,0,0,,,,,448.0,3386.0,14.0,26.0,5.0
gh_74a622a9,uyuni-project/sumaform,../scenarios/gh_74a622a9,True,True,0,0,0,0,0,,,,,457.0,3210.0,24.0,13.0,5.0
gh_bf6f75a5,terraform-aws-modules/terraform-aws-app-runner,../scenarios/gh_bf6f75a5,True,True,0,0,0,0,0,,,,,1013.0,7042.0,16.0,40.0,5.0
gh_cfe4d735,tcanani/aws-terraform-library,iac_benchmark/scenarios/gh_cfe4d735,True,True,0,0,0,0,0,,,,,883.0,5606.0,19.0,25.0,5.0
gh_4a46a8d3,cloudposse/terraform-aws-dynamic-subnets,../scenarios/gh_4a46a8d3,True,True,0,0,0,0,0,,,,,753.0,6455.0,18.0,25.0,5.0
gh_3046976c,clouddrove/terraform-aws-lambda,iac_benchmark/scenarios/gh_3046976c,True,True,0,0,0,0,0,,,,,853.0,6755.0,14.0,75.0,5.0
gh_d21e0707,iknowjason/MacLab,iac_benchmark/scenarios/gh_d21e0707,True,True,0,0,0,0,0,,,,,538.0,3231.0,17.0,11.0,5.0
gh_2d658a01,ishuar/terraform-aws-eks,iac_benchmark/scenarios/gh_2d658a01,True,True,0,0,0,0,0,,,,,617.0,4590.0,32.0,0.0,5.0
gh_ac74a499,ishrivatsa/vcs-fitcycle-deployer,iac_benchmark/scenarios/gh_ac74a499,True,True,0,0,0,0,0,,,,,636.0,4806.0,27.0,19.0,5.0
gh_643df378,masterpointio/terraform-aws-nuke-bomber,../scenarios/gh_643df378,True,True,0,0,0,0,0,,,,,458.0,3853.0,14.0,17.0,5.0
gh_64bd0b6f,Element84/filmdrop-aws-tf-modules,iac_benchmark/scenarios/gh_64bd0b6f,True,True,0,0,0,0,0,,,,,706.0,6089.0,13.0,4.0,5.0
gh_0bcf6932,fortinet/fortigate-terraform-deploy,../scenarios/gh_0bcf6932,True,True,0,0,0,0,0,,,,,985.0,7518.0,41.0,41.0,5.0
gh_84eedb7b,fortinet/fortigate-terraform-deploy,../scenarios/gh_84eedb7b,True,True,0,0,0,0,0,,,,,607.0,4515.0,28.0,42.0,5.0
gh_952f9366,aws-samples/aws-proton-terraform-sample-templates,../scenarios/gh_952f9366,True,True,0,0,0,0,0,,,,,565.0,4001.0,25.0,1.0,5.0
gh_95597bf8,matihost/monorepo,iac_benchmark/scenarios/gh_95597bf8,True,True,0,0,0,0,0,,,,,1078.0,7641.0,41.0,19.0,5.0
gh_66491bf0,terraform-aws-modules/terraform-aws-appsync,../scenarios/gh_66491bf0,True,True,0,0,0,0,0,,,,,990.0,7808.0,12.0,50.0,5.0
gh_ca35df85,aws-samples/aws-systems-manager-lifecycle-management,iac_benchmark/scenarios/gh_ca35df85,True,True,0,0,0,0,0,,,,,670.0,3813.0,26.0,5.0,5.0
gh_1dd0aa09,amancevice/terraform-aws-slackbot,../scenarios/gh_1dd0aa09,True,True,0,0,0,0,0,,,,,622.0,3640.0,13.0,19.0,5.0
gh_9b585ec7,ordinaryexperts/terraform-aws-static-website-with-cicd,iac_benchmark/scenarios/gh_9b585ec7,True,True,0,0,0,0,0,,,,,1109.0,7418.0,32.0,29.0,5.0
gh_bf31a233,aws-ia/terraform-aws-amazon-vpc-lattice-module,iac_benchmark/scenarios/gh_bf31a233,True,True,0,0,0,0,0,,,,,582.0,5679.0,20.0,7.0,5.0
gh_7a5aa9d6,erankitcs/BookStoreAppOnEKS,../scenarios/gh_7a5aa9d6,True,True,0,0,0,0,0,,,,,716.0,6314.0,13.0,1.0,5.0
gh_1a879c4c,Element84/filmdrop-aws-tf-modules,iac_benchmark/scenarios/gh_1a879c4c,True,True,0,0,0,0,0,,,,,811.0,6618.0,19.0,32.0,5.0
gh_72d85e30,cds-snc/terraform-modules,iac_benchmark/scenarios/gh_72d85e30,True,True,0,0,0,0,0,,,,,770.0,5684.0,19.0,36.0,5.0
gh_c3218fca,aws-educate-tw/aws-educate-tpet-backend,iac_benchmark/scenarios/gh_c3218fca,True,True,0,0,0,0,0,,,,,476.0,3960.0,14.0,3.0,5.0
gh_9202febd,aws-ia/terraform-aws-transfer-family,../scenarios/gh_9202febd,True,True,0,0,0,0,0,,,,,942.0,6403.0,27.0,11.0,5.0
gh_f9fd7a93,y-miyazaki/terraform-aws-base,iac_benchmark/scenarios/gh_f9fd7a93,True,True,0,0,0,0,0,,,,,652.0,6374.0,12.0,14.0,5.0
gh_c1cdfafe,rhythmictech/terraform-aws-alb-ecs-task,iac_benchmark/scenarios/gh_c1cdfafe,True,True,0,0,0,0,0,,,,,523.0,3531.0,13.0,29.0,5.0
gh_76ba37c5,ibm-cloud-architecture/terraform-openshift4-aws,../scenarios/gh_76ba37c5,True,True,0,0,0,0,0,,,,,1167.0,7936.0,81.0,10.0,5.0
gh_99c9bd3f,piyushsachdeva/Terraform-Full-Course-Aws,../scenarios/gh_99c9bd3f,True,True,0,0,0,0,0,,,,,547.0,3646.0,17.0,5.0,5.0
gh_0f0b2c15,koshian2/terraform-aws-book,iac_benchmark/scenarios/gh_0f0b2c15,True,True,0,0,0,0,0,,,,,618.0,5349.0,30.0,5.0,5.0
gh_001f3ec6,jecnua/opentofu-aws-kubernetes,iac_benchmark/scenarios/gh_001f3ec6,True,True,0,0,0,0,0,,,,,819.0,6702.0,23.0,34.0,5.0
gh_2c910d8e,aws-samples/devsecops-terraform-dojo-codepipeline,iac_benchmark/scenarios/gh_2c910d8e,True,True,0,0,0,0,0,,,,,822.0,5000.0,24.0,14.0,5.0
gh_70afb097,aws-solutions-library-samples/guidance-for-developing-data-and-ai-foundation-with-amazon-sagemaker,../scenarios/gh_70afb097,True,True,0,0,0,0,0,,,,,628.0,4837.0,31.0,4.0,5.0
gh_84460a11,tideops/terraform-aws-eks,iac_benchmark/scenarios/gh_84460a11,True,True,0,0,0,0,0,,,,,693.0,5367.0,14.0,40.0,5.0
gh_f874c6f2,orbs-network/nebula,iac_benchmark/scenarios/gh_f874c6f2,True,True,0,0,0,0,0,,,,,774.0,5671.0,36.0,24.0,5.0
gh_3289565a,runs-on/terraform-aws-runs-on,iac_benchmark/scenarios/gh_3289565a,True,True,0,0,0,0,0,,,,,1035.0,7641.0,20.0,15.0,5.0
gh_d917e45c,appleboy/drone-terraform-in-aws,../scenarios/gh_d917e45c,True,True,0,0,0,0,0,,,,,751.0,4794.0,35.0,27.0,5.0
gh_edd4d591,yaalalabs/agent-kernel,../scenarios/gh_edd4d591,True,True,0,0,0,0,0,,,,,498.0,3870.0,13.0,29.0,5.0
gh_6e7de633,nicor88/dbt-serverless,../scenarios/gh_6e7de633,True,True,0,0,0,0,0,,,,,592.0,3908.0,32.0,11.0,5.0
gh_31002de7,f5devcentral/f5-hybrid-security-architectures,../scenarios/gh_31002de7,True,True,0,0,0,0,0,,,,,488.0,3811.0,24.0,20.0,5.0
gh_1a967333,tillkuhn/angkor,iac_benchmark/scenarios/gh_1a967333,True,True,0,0,0,0,0,,,,,432.0,3757.0,12.0,12.0,5.0
gh_66f71ca5,aws-ia/terraform-aws-storagegateway,iac_benchmark/scenarios/gh_66f71ca5,True,True,0,0,0,0,0,,,,,453.0,4288.0,19.0,17.0,5.0
gh_5cebf793,hashicorp/terraform-aws-terraform-enterprise,../scenarios/gh_5cebf793,True,True,0,0,0,0,0,,,,,594.0,4434.0,15.0,22.0,5.0
gh_e17d7a53,fortinet/fortigate-terraform-deploy,../scenarios/gh_e17d7a53,True,True,0,0,0,0,0,,,,,685.0,4789.0,43.0,41.0,5.0
gh_5d6c22c3,opsgang/terraform-aws-cis-fundamentals,iac_benchmark/scenarios/gh_5d6c22c3,True,True,0,0,0,0,0,,,,,954.0,7406.0,59.0,26.0,5.0
gh_2e1fce22,no10ds/DEPRECATED-rapid-infrastructure,iac_benchmark/scenarios/gh_2e1fce22,True,True,0,0,0,0,0,,,,,579.0,4691.0,33.0,10.0,5.0
gh_5b71a681,particuleio/terraform-aws-vault,iac_benchmark/scenarios/gh_5b71a681,True,True,0,0,0,0,0,,,,,935.0,6271.0,26.0,33.0,5.0
gh_266afd9b,alphagov/prometheus-aws-configuration-beta,iac_benchmark/scenarios/gh_266afd9b,True,True,0,0,0,0,0,,,,,805.0,5913.0,41.0,5.0,5.0
gh_d60ccacc,omerbsezer/Fast-Terraform,../scenarios/gh_d60ccacc,True,True,0,0,0,0,0,,,,,980.0,6047.0,13.0,10.0,5.0
gh_d90d92b8,aws-samples/ai-chat-accelerator,iac_benchmark/scenarios/gh_d90d92b8,True,True,0,0,0,0,0,,,,,874.0,5827.0,23.0,7.0,5.0
gh_37bf9e68,rhythmictech/terraform-aws-cis-cloudwatch-monitors,iac_benchmark/scenarios/gh_37bf9e68,True,True,0,0,0,0,0,,,,,699.0,6266.0,30.0,37.0,5.0
gh_407df1c8,liatrio/lead-terraform,iac_benchmark/scenarios/gh_407df1c8,True,True,0,0,0,0,0,,,,,674.0,4343.0,16.0,30.0,5.0
gh_2e1b6777,jzonthemtn/hashitalks2021-terraform-nlp,iac_benchmark/scenarios/gh_2e1b6777,True,True,0,0,0,0,0,,,,,562.0,3735.0,36.0,14.0,5.0
gh_02f9c6fc,binbashar/le-tf-infra-aws,../scenarios/gh_02f9c6fc,True,True,0,0,0,0,0,,,,,1171.0,7989.0,23.0,29.0,5.0
gh_91d70420,garystafford/terraform-msk-demo,iac_benchmark/scenarios/gh_91d70420,True,True,0,0,0,0,0,,,,,756.0,5180.0,41.0,8.0,5.0
gh_3a41efe9,ministryofjustice/modernisation-platform-terraform-baselines,iac_benchmark/scenarios/gh_3a41efe9,True,True,0,0,0,0,0,,,,,473.0,3196.0,12.0,15.0,5.0
gh_109db17e,tcanani/aws-terraform-library,iac_benchmark/scenarios/gh_109db17e,True,True,0,0,0,0,0,,,,,439.0,2790.0,12.0,12.0,5.0
gh_85902d41,zcemycl/aws-chromadb-terraform,iac_benchmark/scenarios/gh_85902d41,True,True,0,0,0,0,0,,,,,457.0,3196.0,30.0,8.0,5.0
gh_3aece499,ministryofjustice/modernisation-platform,../scenarios/gh_3aece499,True,True,0,0,0,0,0,,,,,891.0,7985.0,71.0,0.0,5.0
gh_481c3767,sloopstash/kickstart-terraform,iac_benchmark/scenarios/gh_481c3767,True,True,0,0,0,0,0,,,,,674.0,6172.0,45.0,2.0,5.0
gh_85bf981b,gravicore/terraform-gravicore-modules,iac_benchmark/scenarios/gh_85bf981b,True,True,0,0,0,0,0,,,,,743.0,5282.0,21.0,37.0,5.0
gh_5e3a4035,zoitech/terraform-aws-account,iac_benchmark/scenarios/gh_5e3a4035,True,True,0,0,0,0,0,,,,,462.0,2884.0,13.0,33.0,5.0
gh_b270b4e4,ministryofjustice/modernisation-platform-environments,../scenarios/gh_b270b4e4,True,True,0,0,0,0,0,,,,,451.0,3312.0,12.0,15.0,5.0
gh_27931cd6,aws-solutions-library-samples/guidance-for-developing-data-and-ai-foundation-with-amazon-sagemaker,../scenarios/gh_27931cd6,True,True,0,0,0,0,0,,,,,657.0,4580.0,24.0,13.0,5.0
gh_53d8a9ab,dwp/terraform-aws-kong-gateway,iac_benchmark/scenarios/gh_53d8a9ab,True,True,0,0,0,0,0,,,,,804.0,5161.0,40.0,19.0,5.0
gh_c6b19b53,shahinam2/AWS-DevOps-Projects,iac_benchmark/scenarios/gh_c6b19b53,True,True,0,0,0,0,0,,,,,861.0,6538.0,40.0,5.0,5.0
gh_5b0e2658,boldare/terraform-modules,iac_benchmark/scenarios/gh_5b0e2658,True,True,0,0,0,0,0,,,,,630.0,4323.0,17.0,18.0,5.0
gh_2b07e4fa,ajaen4/terraform-databricks-aws,iac_benchmark/scenarios/gh_2b07e4fa,True,True,0,0,0,0,0,,,,,618.0,4138.0,22.0,9.0,5.0
gh_f8f9725b,Oluwatobi-Mustapha/boundary,iac_benchmark/scenarios/gh_f8f9725b,True,True,0,0,0,0,0,,,,,975.0,7414.0,51.0,9.0,5.0
gh_80246024,aws-ia/terraform-aws-genai-document-ingestion-rag,iac_benchmark/scenarios/gh_80246024,True,True,0,0,0,0,0,,,,,697.0,5231.0,18.0,12.0,5.0
gh_675267d0,codefresh-io/eks-installer,iac_benchmark/scenarios/gh_675267d0,True,True,0,0,0,0,0,,,,,428.0,2991.0,21.0,5.0,5.0
gh_0f9e254e,reown-com/keys-server,iac_benchmark/scenarios/gh_0f9e254e,True,True,0,0,0,0,0,,,,,891.0,6401.0,25.0,35.0,5.0
gh_40c1a8b9,stacksimplify/devops-real-world-project-implementation-on-aws,../scenarios/gh_40c1a8b9,True,True,0,0,0,0,0,,,,,597.0,4091.0,16.0,26.0,5.0
gh_7a12cc6d,chadgeary/cloudblock,../scenarios/gh_7a12cc6d,True,True,0,0,0,0,0,,,,,993.0,7821.0,43.0,28.0,5.0
gh_737f86e7,chefgs/terraform_repo,../scenarios/gh_737f86e7,True,True,0,0,0,0,0,,,,,729.0,5247.0,12.0,38.0,5.0
gh_a3a3a489,the-momentum/healthstack,../scenarios/gh_a3a3a489,True,True,0,0,0,0,0,,,,,605.0,4827.0,24.0,11.0,5.0
gh_3f31fbcb,wbotelhos/aws-ecs-with-terraform,iac_benchmark/scenarios/gh_3f31fbcb,True,True,0,0,0,0,0,,,,,479.0,2735.0,31.0,1.0,5.0
gh_a3e6ce67,amancevice/terraform-aws-serverless-pypi,../scenarios/gh_a3e6ce67,True,True,0,0,0,0,0,,,,,571.0,3542.0,17.0,34.0,5.0
gh_0d2f0a78,gravicore/terraform-gravicore-modules,iac_benchmark/scenarios/gh_0d2f0a78,True,True,0,0,0,0,0,,,,,817.0,5727.0,17.0,61.0,5.0
gh_3cc94ae8,telia-oss/terraform-aws-ecs,iac_benchmark/scenarios/gh_3cc94ae8,True,True,0,0,0,0,0,,,,,541.0,4411.0,20.0,10.0,5.0
gh_a8f8cc6a,asicsdigital/terraform-aws-consul-cluster,iac_benchmark/scenarios/gh_a8f8cc6a,True,True,0,0,0,0,0,,,,,570.0,4146.0,16.0,35.0,5.0
gh_20d24135,dominis/mikado,../scenarios/gh_20d24135,True,True,0,0,0,0,0,,,,,445.0,2886.0,17.0,17.0,5.0
gh_a2f49051,clay-good/mantissa-log,iac_benchmark/scenarios/gh_a2f49051,True,True,0,0,0,0,0,,,,,961.0,6808.0,30.0,26.0,5.0
gh_13407596,mvisonneau/puppet-stack-terraform,iac_benchmark/scenarios/gh_13407596,True,True,0,0,0,0,0,,,,,716.0,5388.0,30.0,41.0,5.0
gh_5f60880d,y-miyazaki/terraform-aws-base,iac_benchmark/scenarios/gh_5f60880d,True,True,0,0,0,0,0,,,,,606.0,5097.0,15.0,12.0,5.0
gh_0a4c9f14,vmware-archive/terraforming-aws,../scenarios/gh_0a4c9f14,True,True,0,0,0,0,0,,,,,480.0,3047.0,22.0,14.0,5.0
gh_55779db8,aws-games/cloud-game-development-toolkit,../scenarios/gh_55779db8,True,True,0,0,0,0,0,,,,,765.0,5952.0,12.0,37.0,5.0
gh_949f83c1,orionstaking/terraform-aws-chainlink-node,iac_benchmark/scenarios/gh_949f83c1,True,True,0,0,0,0,0,,,,,973.0,7322.0,36.0,24.0,5.0
gh_19f983da,strongdm/terraform-sdm-onboarding,iac_benchmark/scenarios/gh_19f983da,True,True,0,0,0,0,0,,,,,471.0,2892.0,15.0,11.0,5.0
gh_32e06309,ViktorUJ/cks,../scenarios/gh_32e06309,True,True,0,0,0,0,0,,,,,665.0,4438.0,15.0,20.0,5.0
gh_7753a833,dewi-alliance/chirpstack-infrastructure,iac_benchmark/scenarios/gh_7753a833,True,True,0,0,0,0,0,,,,,714.0,5427.0,19.0,26.0,5.0
gh_daca2e3e,aws-ia/terraform-aws-ec2-image-builder,iac_benchmark/scenarios/gh_daca2e3e,True,True,0,0,0,0,0,,,,,524.0,3773.0,15.0,30.0,5.0
gh_67e24444,dwp/terraform-aws-kong-gateway,iac_benchmark/scenarios/gh_67e24444,True,True,0,0,0,0,0,,,,,1027.0,7032.0,44.0,20.0,5.0
gh_73627295,Vlaaaaaaad/terraform-aws-fargate-refinery,iac_benchmark/scenarios/gh_73627295,True,True,0,0,0,0,0,,,,,1112.0,7799.0,26.0,63.0,5.0
gh_b38d8fa9,coralogix/terraform-coralogix-aws,iac_benchmark/scenarios/gh_b38d8fa9,True,True,0,0,0,0,0,,,,,848.0,6060.0,15.0,28.0,5.0
gh_30ec11b6,aws-samples/terraform-eks-code,../scenarios/gh_30ec11b6,True,True,0,0,0,0,0,,,,,534.0,4688.0,23.0,5.0,5.0
gh_95846011,clay-good/mantissa-log,iac_benchmark/scenarios/gh_95846011,True,True,0,0,0,0,0,,,,,417.0,2230.0,18.0,6.0,5.0
gh_84e47b66,fortinet/fortigate-terraform-deploy,../scenarios/gh_84e47b66,True,True,0,0,0,0,0,,,,,876.0,6720.0,29.0,42.0,5.0
gh_d478c112,Esri/arcgis-gitops,../scenarios/gh_d478c112,True,True,0,0,0,0,0,,,,,803.0,6392.0,20.0,13.0,5.0
gh_294b59e1,newrelic/terraform-provider-newrelic,../scenarios/gh_294b59e1,True,True,0,0,0,0,0,,,,,427.0,3033.0,17.0,7.0,5.0
gh_f189d0d8,PaloAltoNetworks/AWS-GWLB-VMSeries,../scenarios/gh_f189d0d8,True,True,0,0,0,0,0,,,,,600.0,4400.0,31.0,20.0,5.0
gh_2b516fbb,DamianFigiel/any-blockchain-node-aws-terraform,iac_benchmark/scenarios/gh_2b516fbb,True,True,0,0,0,0,0,,,,,540.0,3267.0,14.0,18.0,5.0
gh_25247bb7,plus3it/terraform-aws-ldap-maintainer,iac_benchmark/scenarios/gh_25247bb7,True,True,0,0,0,0,0,,,,,406.0,2771.0,12.0,19.0,5.0
gh_4049d3b1,aws-ia/terraform-aws-control_tower_account_factory,../scenarios/gh_4049d3b1,True,True,0,0,0,0,0,,,,,458.0,4260.0,22.0,25.0,5.0
gh_3e9fcf89,Cloud-42/terraform-aws-jenkins,iac_benchmark/scenarios/gh_3e9fcf89,True,True,0,0,0,0,0,,,,,608.0,3988.0,15.0,58.0,5.0
gh_fa22bc79,GovWifi/govwifi-terraform,iac_benchmark/scenarios/gh_fa22bc79,True,True,0,0,0,0,0,,,,,830.0,6608.0,25.0,7.0,5.0
gh_f223e3c4,it-objects/terraform-aws-terra3,iac_benchmark/scenarios/gh_f223e3c4,True,True,0,0,0,0,0,,,,,455.0,3183.0,14.0,12.0,5.0
gh_f14cebe9,ukanhaupa/projx,iac_benchmark/scenarios/gh_f14cebe9,True,True,0,0,0,0,0,,,,,574.0,4062.0,16.0,39.0,5.0
gh_ded62e66,matihost/monorepo,iac_benchmark/scenarios/gh_ded62e66,True,True,0,0,0,0,0,,,,,515.0,3755.0,16.0,16.0,5.0
gh_5b10a620,sourcehawk/aws-org-billing-dashboard,iac_benchmark/scenarios/gh_5b10a620,True,True,0,0,0,0,0,,,,,435.0,2967.0,17.0,1.0,5.0
gh_9e3fb437,braintrustdata/terraform-aws-braintrust-data-plane,iac_benchmark/scenarios/gh_9e3fb437,True,True,0,0,0,0,0,,,,,941.0,7227.0,30.0,23.0,5.0
gh_385a1aa3,newrelic/terraform-provider-newrelic,../scenarios/gh_385a1aa3,True,True,0,0,0,0,0,,,,,412.0,3313.0,18.0,8.0,5.0
gh_86779626,Esri/arcgis-gitops,../scenarios/gh_86779626,True,True,0,0,0,0,0,,,,,563.0,4231.0,14.0,14.0,5.0
gh_7b157cf1,CheckPointSW/CloudGuardIaaS,../scenarios/gh_7b157cf1,True,True,0,0,0,0,0,,,,,566.0,4515.0,12.0,32.0,5.0
gh_f7cd282a,Panfactum/stack,../scenarios/gh_f7cd282a,True,True,0,0,0,0,0,,,,,853.0,6874.0,28.0,8.0,5.0
gh_a10f72c5,devopscorner/iac-terraform-emr,iac_benchmark/scenarios/gh_a10f72c5,True,True,0,0,0,0,0,,,,,1013.0,6468.0,21.0,20.0,5.0
gh_1b338c3c,alphagov/gsp,iac_benchmark/scenarios/gh_1b338c3c,True,True,0,0,0,0,0,,,,,727.0,5234.0,40.0,13.0,5.0
gh_48df1046,awslabs/aft-blueprints,../scenarios/gh_48df1046,True,True,0,0,0,0,0,,,,,627.0,4775.0,19.0,28.0,5.0
gh_a1a0c625,adamwshero/terraform-aws-api-gateway,iac_benchmark/scenarios/gh_a1a0c625,True,True,0,0,0,0,0,,,,,854.0,7225.0,21.0,61.0,5.0
gh_6b1cd70d,erankitcs/EventDrivenPythonAWS,iac_benchmark/scenarios/gh_6b1cd70d,True,True,0,0,0,0,0,,,,,573.0,4331.0,30.0,13.0,5.0
gh_a15c8414,cogini/multi-env-deploy,../scenarios/gh_a15c8414,True,True,0,0,0,0,0,,,,,846.0,7147.0,21.0,34.0,5.0
gh_7fe3a1b5,gmirsky/aws-azure-vpn,iac_benchmark/scenarios/gh_7fe3a1b5,True,True,0,0,0,0,0,,,,,782.0,5726.0,19.0,20.0,5.0
gh_39c56dd9,StratusGrid/terraform-aws-ecs-fargate-codepipeline,iac_benchmark/scenarios/gh_39c56dd9,True,True,0,0,0,0,0,,,,,673.0,5022.0,12.0,6.0,5.0
gh_9e9f8ed3,aws-games/cloud-game-development-toolkit,../scenarios/gh_9e9f8ed3,True,True,0,0,0,0,0,,,,,437.0,3576.0,15.0,0.0,5.0
gh_1c327109,piyushsachdeva/Terraform-Full-Course-Aws,../scenarios/gh_1c327109,True,True,0,0,0,0,0,,,,,559.0,3802.0,18.0,9.0,5.0
gh_a4291a82,aws-solutions-library-samples/guidance-for-developing-data-and-ai-foundation-with-amazon-sagemaker,../scenarios/gh_a4291a82,True,True,0,0,0,0,0,,,,,837.0,5626.0,23.0,16.0,5.0
gh_b409aac9,7Factor/terraform-aws-concourse,iac_benchmark/scenarios/gh_b409aac9,True,True,0,0,0,0,0,,,,,772.0,5371.0,22.0,43.0,5.0
gh_dde78425,chanzuckerberg/happy,iac_benchmark/scenarios/gh_dde78425,True,True,0,0,0,0,0,,,,,994.0,7895.0,28.0,33.0,5.0
gh_bdf548c2,aws-samples/terraform-aws-multi-account-pipeline,iac_benchmark/scenarios/gh_bdf548c2,True,True,0,0,0,0,0,,,,,960.0,5913.0,21.0,24.0,5.0
gh_5725bdf1,autotune/experienceddevops,../scenarios/gh_5725bdf1,True,True,0,0,0,0,0,,,,,454.0,3160.0,21.0,13.0,5.0
gh_12d2cd9d,nozaq/terraform-aws-remote-state-s3-backend,../scenarios/gh_12d2cd9d,True,True,0,0,0,0,0,,,,,816.0,5470.0,25.0,29.0,5.0
gh_64c8db5d,GeoscienceAustralia/terraform-ecs,iac_benchmark/scenarios/gh_64c8db5d,True,True,0,0,0,0,0,,,,,685.0,4831.0,31.0,36.0,5.0
gh_e91d7fad,opensible/opensible,../scenarios/gh_e91d7fad,True,True,0,0,0,0,0,,,,,460.0,3511.0,15.0,25.0,5.0
gh_d02fc7d2,bitflight-public/terraform-aws-app-mesh,iac_benchmark/scenarios/gh_d02fc7d2,True,True,0,0,0,0,0,,,,,471.0,3046.0,14.0,17.0,5.0
gh_76b45eb0,telia-oss/terraform-aws-jaeger,iac_benchmark/scenarios/gh_76b45eb0,True,True,0,0,0,0,0,,,,,694.0,5033.0,27.0,17.0,5.0
gh_debd6b3b,stakater/infrastructure-reference,iac_benchmark/scenarios/gh_debd6b3b,True,True,0,0,0,0,0,,,,,647.0,5222.0,22.0,0.0,5.0
gh_70c07a84,higakikeita/tfdrift-falco,../scenarios/gh_70c07a84,True,True,0,0,0,0,0,,,,,548.0,3487.0,14.0,21.0,5.0
gh_93a2ed03,turnerlabs/terraform-ecs-fargate-airflow,iac_benchmark/scenarios/gh_93a2ed03,True,True,0,0,0,0,0,,,,,1154.0,7470.0,33.0,16.0,5.0
gh_73fc1535,build-on-aws/cicd-pipeline-for-containers,iac_benchmark/scenarios/gh_73fc1535,True,True,0,0,0,0,0,,,,,762.0,4676.0,22.0,22.0,5.0
gh_0123c171,nitinda/terraform-grafana-prometheus-on-ecs,iac_benchmark/scenarios/gh_0123c171,True,True,0,0,0,0,0,,,,,475.0,3452.0,15.0,2.0,5.0
gh_68a4451e,genieincodebottle/rag-app-on-aws,../scenarios/gh_68a4451e,True,True,0,0,0,0,0,,,,,591.0,4118.0,35.0,14.0,5.0
gh_efbfcb9d,joevanhorn/okta-terraform-demo-template,iac_benchmark/scenarios/gh_efbfcb9d,True,True,0,0,0,0,0,,,,,476.0,3311.0,14.0,10.0,5.0
gh_bcaf2c3f,becloudready/workshops,iac_benchmark/scenarios/gh_bcaf2c3f,True,True,0,0,0,0,0,,,,,470.0,3143.0,15.0,10.0,5.0
gh_613a9d5b,FairwindsOps/terraform-vpc,../scenarios/gh_613a9d5b,True,True,0,0,0,0,0,,,,,542.0,3874.0,17.0,29.0,5.0
gh_c2e768c7,mpon/tf-ecs-fargate-pipeline-example,iac_benchmark/scenarios/gh_c2e768c7,True,True,0,0,0,0,0,,,,,1005.0,6976.0,48.0,5.0,5.0
gh_f782af2b,piyushsachdeva/Terraform-Full-Course-Aws,../scenarios/gh_f782af2b,True,True,0,0,0,0,0,,,,,483.0,3108.0,15.0,15.0,5.0
gh_059c584e,terraformita/terraform-aws-serverless-app,iac_benchmark/scenarios/gh_059c584e,True,True,0,0,0,0,0,,,,,952.0,6489.0,39.0,18.0,5.0
gh_78dd8ee7,terraform-aws-modules/terraform-aws-managed-service-grafana,../scenarios/gh_78dd8ee7,True,True,0,0,0,0,0,,,,,923.0,6377.0,13.0,56.0,5.0
gh_73722b41,cds-snc/forms-terraform,iac_benchmark/scenarios/gh_73722b41,True,True,0,0,0,0,0,,,,,758.0,5547.0,30.0,15.0,5.0
gh_e4bba984,rackspace-infrastructure-automation/aws-terraform-vpc_basenetwork,iac_benchmark/scenarios/gh_e4bba984,True,True,0,0,0,0,0,,,,,750.0,5541.0,26.0,34.0,5.0
gh_96f8fa64,ministryofjustice/modernisation-platform-terraform-bastion-linux,iac_benchmark/scenarios/gh_96f8fa64,True,True,0,0,0,0,0,,,,,673.0,4616.0,20.0,20.0,5.0
gh_74da5152,fscm/terraform-module-aws-zookeeper,iac_benchmark/scenarios/gh_74da5152,True,True,0,0,0,0,0,,,,,498.0,3753.0,13.0,20.0,5.0
gh_898c60c9,devopscorner/golang-adot,iac_benchmark/scenarios/gh_898c60c9,True,True,0,0,0,0,0,,,,,1013.0,6444.0,21.0,20.0,5.0
gh_4e897084,Panfactum/stack,../scenarios/gh_4e897084,True,True,0,0,0,0,0,,,,,994.0,7649.0,33.0,24.0,5.0
gh_162cf39d,nuuday/terraform-aws-cur,iac_benchmark/scenarios/gh_162cf39d,True,True,0,0,0,0,0,,,,,566.0,3997.0,17.0,17.0,5.0
gh_17d53713,higakikeita/tfdrift-falco,../scenarios/gh_17d53713,True,True,0,0,0,0,0,,,,,962.0,6060.0,49.0,0.0,5.0
gh_c410c0a8,aws-samples/aws-security-hub-glue-aggregator-terraform,iac_benchmark/scenarios/gh_c410c0a8,True,True,0,0,0,0,0,,,,,552.0,4626.0,16.0,4.0,5.0
gh_93b3051a,ministryofjustice/modernisation-platform-terraform-baselines,iac_benchmark/scenarios/gh_93b3051a,True,True,0,0,0,0,0,,,,,569.0,3530.0,30.0,8.0,5.0
gh_89802254,ivpoov/nest-aws-starter,iac_benchmark/scenarios/gh_89802254,True,True,0,0,0,0,0,,,,,815.0,6920.0,18.0,15.0,5.0
gh_e3cec907,no10ds/DEPRECATED-rapid-infrastructure,iac_benchmark/scenarios/gh_e3cec907,True,True,0,0,0,0,0,,,,,611.0,3963.0,37.0,14.0,5.0
gh_1e7e5b2b,pacphi/tf4k8s,iac_benchmark/scenarios/gh_1e7e5b2b,True,True,0,0,0,0,0,,,,,412.0,2921.0,19.0,10.0,5.0
gh_bace8486,gravicore/terraform-gravicore-modules,iac_benchmark/scenarios/gh_bace8486,True,True,0,0,0,0,0,,,,,488.0,3641.0,12.0,22.0,5.0
gh_ea54d5c4,aws-samples/ci-4-terraform-aws-developer-tools-terratest,../scenarios/gh_ea54d5c4,True,True,0,0,0,0,0,,,,,467.0,3080.0,21.0,14.0,5.0
gh_f2f2726d,fivexl/terraform-aws-softether-radius-vpn,iac_benchmark/scenarios/gh_f2f2726d,True,True,0,0,0,0,0,,,,,738.0,5500.0,16.0,36.0,5.0
gh_46028c26,gravicore/terraform-gravicore-modules,iac_benchmark/scenarios/gh_46028c26,True,True,0,0,0,0,0,,,,,607.0,4459.0,23.0,36.0,5.0
gh_590cdf79,aws-samples/aws-network-firewall-terraform,../scenarios/gh_590cdf79,True,True,0,0,0,0,0,,,,,846.0,6234.0,63.0,7.0,5.0
gh_7c9a7ad8,zscaler/terraform-aws-cloud-connector-modules,../scenarios/gh_7c9a7ad8,True,True,0,0,0,0,0,,,,,441.0,4407.0,23.0,16.0,5.0
gh_2e817d38,bridgecrewio/terraform-aws-session-manager,../scenarios/gh_2e817d38,True,True,0,0,0,0,0,,,,,658.0,4499.0,31.0,18.0,5.0
gh_fe5cc991,JudeQuintana/cloud-infra-lab,iac_benchmark/scenarios/gh_fe5cc991,True,True,0,0,0,0,0,,,,,789.0,6101.0,26.0,6.0,5.0
gh_98b35bab,stacksimplify/devops-real-world-project-implementation-on-aws,../scenarios/gh_98b35bab,True,True,0,0,0,0,0,,,,,727.0,5133.0,16.0,4.0,5.0
gh_34b44700,genieincodebottle/rag-app-on-aws,../scenarios/gh_34b44700,True,True,0,0,0,0,0,,,,,568.0,3680.0,12.0,21.0,5.0
gh_171daceb,aws-solutions-library-samples/guidance-for-developing-data-and-ai-foundation-with-amazon-sagemaker,../scenarios/gh_171daceb,True,True,0,0,0,0,0,,,,,443.0,2861.0,17.0,10.0,5.0
gh_b474c9e1,awslabs/genai-idp-terraform,iac_benchmark/scenarios/gh_b474c9e1,True,True,0,0,0,0,0,,,,,954.0,7745.0,15.0,25.0,5.0
gh_f4c0a92c,squareops/terraform-aws-elasticache-redis,iac_benchmark/scenarios/gh_f4c0a92c,True,True,0,0,0,0,0,,,,,860.0,7153.0,20.0,50.0,5.0
gh_e652d690,diogofiaminghi/terraform-application-auto-scaling,iac_benchmark/scenarios/gh_e652d690,True,True,0,0,0,0,0,,,,,462.0,3316.0,23.0,4.0,5.0
gh_d493be73,emanthen/Stacklift,iac_benchmark/scenarios/gh_d493be73,True,True,0,0,0,0,0,,,,,467.0,3569.0,12.0,20.0,5.0
gh_c7a56a8c,binbashar/le-tf-infra-aws,../scenarios/gh_c7a56a8c,True,True,0,0,0,0,0,,,,,771.0,4952.0,16.0,26.0,5.0
gh_d6062ca1,aleks-fofanov/terraform-aws-rds-lambda-db-provisioner,iac_benchmark/scenarios/gh_d6062ca1,True,True,0,0,0,0,0,,,,,612.0,4508.0,12.0,25.0,5.0
gh_6841c7bd,telia-oss/terraform-aws-ecs-fargate,../scenarios/gh_6841c7bd,True,True,0,0,0,0,0,,,,,792.0,5851.0,13.0,53.0,5.0
gh_b4cf0f33,GovWifi/govwifi-terraform,iac_benchmark/scenarios/gh_b4cf0f33,True,True,0,0,0,0,0,,,,,503.0,3241.0,19.0,12.0,5.0
gh_85503a4a,fortinet/fortigate-terraform-deploy,../scenarios/gh_85503a4a,True,True,0,0,0,0,0,,,,,894.0,6690.0,30.0,42.0,5.0
gh_7b4c9bff,vivekkhimani/agentic-fs,iac_benchmark/scenarios/gh_7b4c9bff,True,True,0,0,0,0,0,,,,,519.0,4245.0,18.0,20.0,5.0
gh_4d603ed9,Twinuma/terraform-waf-owasp,../scenarios/gh_4d603ed9,True,True,0,0,0,0,0,,,,,824.0,4335.0,24.0,3.0,5.0
gh_b5f59ab3,BishopFox/iam-vulnerable,../scenarios/gh_b5f59ab3,True,True,0,0,0,0,0,,,,,697.0,4924.0,61.0,4.0,5.0
gh_82803a3e,tcanani/aws-terraform-library,iac_benchmark/scenarios/gh_82803a3e,True,True,0,0,0,0,0,,,,,581.0,3403.0,13.0,15.0,5.0
gh_f4826dd3,graykode/aws-kubeadm-terraform,iac_benchmark/scenarios/gh_f4826dd3,True,True,0,0,0,0,0,,,,,566.0,3283.0,15.0,20.0,5.0
gh_f955df65,awslabs/knfsd-file-cache,iac_benchmark/scenarios/gh_f955df65,True,True,0,0,0,0,0,,,,,411.0,4135.0,15.0,5.0,5.0
gh_20b2fe1b,datamesh-architecture/terraform-aws-dataproduct-aws-athena,iac_benchmark/scenarios/gh_20b2fe1b,True,True,0,0,0,0,0,,,,,483.0,3400.0,26.0,7.0,5.0
gh_51455044,imgabrieldev/terraform-aws-self-managed-k8s,iac_benchmark/scenarios/gh_51455044,True,True,0,0,0,0,0,,,,,755.0,4883.0,32.0,7.0,5.0
gh_1f8ab8e1,cogini/multi-env-deploy,../scenarios/gh_1f8ab8e1,True,True,0,0,0,0,0,,,,,724.0,5684.0,22.0,29.0,5.0
gh_f33ed95d,aws-solutions-library-samples/guidance-for-game-analytics-pipeline-on-aws,../scenarios/gh_f33ed95d,True,True,0,0,0,0,0,,,,,669.0,5305.0,25.0,9.0,5.0
gh_3315efcf,JamesWoolfenden/terraform-aws-cloudtrail,iac_benchmark/scenarios/gh_3315efcf,True,True,0,0,0,0,0,,,,,664.0,4989.0,18.0,10.0,5.0
gh_4c7dce6c,aws-samples/aws-multi-region-cicd-with-terraform,../scenarios/gh_4c7dce6c,True,True,0,0,0,0,0,,,,,739.0,5197.0,19.0,12.0,5.0
gh_8b7b065a,matihost/monorepo,iac_benchmark/scenarios/gh_8b7b065a,True,True,0,0,0,0,0,,,,,793.0,5303.0,38.0,4.0,5.0
gh_9a50855e,Rayraegah/terraform-aws-hasura,../scenarios/gh_9a50855e,True,True,0,0,0,0,0,,,,,607.0,3976.0,27.0,21.0,5.0
gh_ea9d0cad,stacksimplify/devops-real-world-project-implementation-on-aws,../scenarios/gh_ea9d0cad,True,True,0,0,0,0,0,,,,,441.0,2955.0,14.0,16.0,5.0
gh_375efa5c,nicor88/aws-ecs-airflow,../scenarios/gh_375efa5c,True,True,0,0,0,0,0,,,,,924.0,6523.0,38.0,9.0,5.0
gh_f4448c44,AmanPathak-DevOps/EKS-Terraform-GitHub-Actions,../scenarios/gh_f4448c44,True,True,0,0,0,0,0,,,,,464.0,3285.0,26.0,33.0,5.0
gh_d0a699b9,leek/terraform-aws-laravel,../scenarios/gh_d0a699b9,True,True,0,0,0,0,0,,,,,1148.0,7883.0,12.0,62.0,5.0
gh_56774120,LeapBeyond/terraform-aws-cloudtrail,iac_benchmark/scenarios/gh_56774120,True,True,0,0,0,0,0,,,,,1021.0,7191.0,55.0,17.0,5.0
gh_17c8cd50,deadlysyn/terraform-keycloak-aws,../scenarios/gh_17c8cd50,True,True,0,0,0,0,0,,,,,562.0,3894.0,13.0,42.0,5.0
gh_8bc1837b,TeliaSoneraNorge/telia-terraform-modules,iac_benchmark/scenarios/gh_8bc1837b,True,True,0,0,0,0,0,,,,,416.0,4052.0,27.0,6.0,5.0
gh_923447f8,philips-software/terraform-aws-account-setup,iac_benchmark/scenarios/gh_923447f8,True,True,0,0,0,0,0,,,,,612.0,4399.0,25.0,33.0,5.0
gh_4cd34355,w3f/polkadot-deployer,../scenarios/gh_4cd34355,True,True,0,0,0,0,0,,,,,459.0,3432.0,26.0,7.0,5.0
gh_21088942,jhackshaw/iplocate,../scenarios/gh_21088942,True,True,0,0,0,0,0,,,,,520.0,2984.0,27.0,13.0,5.0
gh_b64da77f,ministryofjustice/modernisation-platform,../scenarios/gh_b64da77f,True,True,0,0,0,0,0,,,,,733.0,6156.0,46.0,14.0,5.0
terrads_689cdd969ded,Zenodo/TerraDS,iac_benchmark/scenarios/terrads_689cdd969ded,True,True,0,0,0,0,0,,,,,574.0,3606.0,26.0,7.0,5.0
terrads_76aeb217b422,Zenodo/TerraDS,iac_benchmark/scenarios/terrads_76aeb217b422,True,True,0,0,0,0,0,,,,,687.0,4891.0,14.0,50.0,5.0
gh_2f855d07,aws-samples/aws-network-hub-for-terraform,../scenarios/gh_2f855d07,True,True,0,0,0,0,0,,,,,616.0,5027.0,37.0,9.0,5.0
gh_f581f528,Element84/filmdrop-aws-tf-modules,iac_benchmark/scenarios/gh_f581f528,True,True,0,0,0,0,0,,,,,753.0,6425.0,31.0,30.0,5.0
gh_0d460acf,everydayhero/terraform-elasticsearch,iac_benchmark/scenarios/gh_0d460acf,True,True,0,0,0,0,0,,,,,518.0,3064.0,20.0,17.0,5.0
gh_433546f4,AdventielFr/terraform-aws-iam-rotate-credentials,iac_benchmark/scenarios/gh_433546f4,True,True,0,0,0,0,0,,,,,542.0,3802.0,17.0,12.0,5.0
gh_70d98cd6,DavidWittman/serverless-southwest-check-in,../scenarios/gh_70d98cd6,True,True,0,0,0,0,0,,,,,539.0,3416.0,23.0,4.0,5.0
gh_cc68ca10,derBroBro/TerraDepot,../scenarios/gh_cc68ca10,True,True,0,0,0,0,0,,,,,553.0,3879.0,43.0,5.0,5.0
gh_79509bbd,dannylinden/terraform-aws-website-serverless,iac_benchmark/scenarios/gh_79509bbd,True,True,0,0,0,0,0,,,,,619.0,3863.0,25.0,5.0,5.0
gh_977aa874,yaalalabs/agent-kernel,../scenarios/gh_977aa874,True,True,0,0,0,0,0,,,,,653.0,4649.0,17.0,51.0,5.0
gh_9040f7f7,exotel/aws-auto-scaling,iac_benchmark/scenarios/gh_9040f7f7,True,True,0,0,0,0,0,,,,,409.0,2488.0,20.0,13.0,5.0
gh_58ec102e,stacksimplify/devops-real-world-project-implementation-on-aws,../scenarios/gh_58ec102e,True,True,0,0,0,0,0,,,,,757.0,4754.0,25.0,23.0,5.0
gh_dc547169,genieincodebottle/rag-app-on-aws,../scenarios/gh_dc547169,True,True,0,0,0,0,0,,,,,430.0,2701.0,21.0,9.0,5.0
gh_da7b9456,areguera/terraform-aws-ssm,iac_benchmark/scenarios/gh_da7b9456,True,True,0,0,0,0,0,,,,,516.0,3798.0,23.0,9.0,5.0
gh_5a5d5894,FairwindsOps/terraform-bastion,iac_benchmark/scenarios/gh_5a5d5894,True,True,0,0,0,0,0,,,,,571.0,4688.0,13.0,25.0,5.0
gh_b5b68acf,suzuki-shunsuke/terraform-aws-tfaction,iac_benchmark/scenarios/gh_b5b68acf,True,True,0,0,0,0,0,,,,,438.0,3791.0,22.0,10.0,5.0
gh_f51eb234,jecnua/opentofu-aws-kubernetes,iac_benchmark/scenarios/gh_f51eb234,True,True,0,0,0,0,0,,,,,490.0,3809.0,13.0,24.0,5.0
gh_3582cef3,aws-ia/terraform-aws-transfer-family,../scenarios/gh_3582cef3,True,True,0,0,0,0,0,,,,,888.0,6237.0,24.0,11.0,5.0
gh_b1c39abf,claytonsilva/terraform-aws-rabbitmq-ec2,iac_benchmark/scenarios/gh_b1c39abf,True,True,0,0,0,0,0,,,,,612.0,4382.0,24.0,23.0,5.0
gh_fc3d67a7,psantus/terraform-aws-WAFJa3FingerPrintBlacklist,iac_benchmark/scenarios/gh_fc3d67a7,True,True,0,0,0,0,0,,,,,567.0,4172.0,23.0,16.0,5.0
gh_4b7c3ba5,aws-samples/aws-proton-terraform-sample-templates,../scenarios/gh_4b7c3ba5,True,True,0,0,0,0,0,,,,,734.0,4903.0,25.0,1.0,5.0
gh_463b551a,cds-snc/forms-terraform,iac_benchmark/scenarios/gh_463b551a,True,True,0,0,0,0,0,,,,,468.0,3178.0,23.0,2.0,5.0
gh_4ffb8d15,aws-ia/terraform-aws-transfer-family,../scenarios/gh_4ffb8d15,True,True,0,0,0,0,0,,,,,606.0,5030.0,12.0,15.0,5.0
gh_3af588a5,cds-snc/terraform-modules,iac_benchmark/scenarios/gh_3af588a5,True,True,0,0,0,0,0,,,,,516.0,3524.0,17.0,27.0,5.0
terrads_9ce344f083b9,Zenodo/TerraDS,iac_benchmark/scenarios/terrads_9ce344f083b9,True,True,0,0,0,0,0,,,,,428.0,2615.0,25.0,6.0,5.0
gh_e06c9ec2,LaurisNeimanis/gitops-karpenter-platform,iac_benchmark/scenarios/gh_e06c9ec2,True,True,0,0,0,0,0,,,,,830.0,5332.0,21.0,18.0,5.0
gh_23a50ed1,ivpoov/nest-aws-starter,iac_benchmark/scenarios/gh_23a50ed1,True,True,0,0,0,0,0,,,,,820.0,7105.0,39.0,13.0,5.0
gh_1d78b019,Hapag-Lloyd/terraform-aws-bastion-host-ssm,iac_benchmark/scenarios/gh_1d78b019,True,True,0,0,0,0,0,,,,,798.0,5701.0,24.0,15.0,5.0
gh_e61d057d,FormidableLabs/terraform-aws-serverless,../scenarios/gh_e61d057d,True,True,0,0,0,0,0,,,,,750.0,5643.0,17.0,16.0,5.0
gh_d33ed2e9,1Password/scim-examples,../scenarios/gh_d33ed2e9,True,True,0,0,0,0,0,,,,,421.0,3137.0,18.0,9.0,5.0
gh_c7b6ccb9,bitflight-public/terraform-aws-app-mesh,iac_benchmark/scenarios/gh_c7b6ccb9,True,True,0,0,0,0,0,,,,,429.0,3510.0,16.0,13.0,5.0
terrads_f4dda9c942e8,Zenodo/TerraDS,iac_benchmark/scenarios/terrads_f4dda9c942e8,True,True,0,0,0,0,0,,,,,953.0,5411.0,28.0,6.0,5.0
gh_79ac4d4e,miketwenty1/terraform-aws-bitcoind,iac_benchmark/scenarios/gh_79ac4d4e,True,True,0,0,0,0,0,,,,,409.0,3016.0,21.0,17.0,5.0
gh_914f48bc,ministryofjustice/modernisation-platform-environments,../scenarios/gh_914f48bc,True,True,0,0,0,0,0,,,,,652.0,4743.0,32.0,13.0,5.0
gh_9e89ea38,stacksimplify/devops-real-world-project-implementation-on-aws,../scenarios/gh_9e89ea38,True,True,0,0,0,0,0,,,,,597.0,4091.0,16.0,26.0,5.0
gh_698b0c4a,clouddrove/terraform-aws-ses,iac_benchmark/scenarios/gh_698b0c4a,True,True,0,0,0,0,0,,,,,428.0,3075.0,15.0,28.0,5.0
gh_1ff4e893,DevOps-Automations-and-Development/terraform-aws-eks,iac_benchmark/scenarios/gh_1ff4e893,True,True,0,0,0,0,0,,,,,441.0,3211.0,25.0,0.0,5.0
gh_43bb5dc3,Element84/filmdrop-aws-tf-modules,iac_benchmark/scenarios/gh_43bb5dc3,True,True,0,0,0,0,0,,,,,704.0,4697.0,12.0,32.0,5.0
gh_81b9e7bf,dwp/terraform-aws-kong-gateway,iac_benchmark/scenarios/gh_81b9e7bf,True,True,0,0,0,0,0,,,,,745.0,4705.0,38.0,18.0,5.0
gh_b912a0c9,y-miyazaki/terraform-aws-base,iac_benchmark/scenarios/gh_b912a0c9,True,True,0,0,0,0,0,,,,,961.0,6785.0,32.0,16.0,5.0
gh_54848b0a,telia-oss/terraform-aws-vpc,iac_benchmark/scenarios/gh_54848b0a,True,True,0,0,0,0,0,,,,,431.0,3221.0,17.0,20.0,5.0
gh_fe3eb3a0,LukeMwila/aws-eks-platform,iac_benchmark/scenarios/gh_fe3eb3a0,True,True,0,0,0,0,0,,,,,523.0,3817.0,22.0,20.0,5.0
gh_2c8aa61e,ministryofjustice/modernisation-platform-environments,../scenarios/gh_2c8aa61e,True,True,0,0,0,0,0,,,,,497.0,4484.0,19.0,12.0,5.0
gh_2f63765c,awslabs/genai-idp-terraform,iac_benchmark/scenarios/gh_2f63765c,True,True,0,0,0,0,0,,,,,582.0,4081.0,12.0,9.0,5.0
gh_c49d936e,aws-samples/terraform-eks-code,../scenarios/gh_c49d936e,True,True,0,0,0,0,0,,,,,805.0,5306.0,20.0,6.0,5.0
gh_2be4a54d,tarnover/mcp-sysoperator,iac_benchmark/scenarios/gh_2be4a54d,True,True,0,0,0,0,0,,,,,495.0,3164.0,16.0,8.0,5.0
gh_f440e35f,badri/openshift-terraform,iac_benchmark/scenarios/gh_f440e35f,True,True,0,0,0,0,0,,,,,486.0,3244.0,22.0,16.0,5.0
gh_4ed37f4c,iinsys/devops,iac_benchmark/scenarios/gh_4ed37f4c,True,True,0,0,0,0,0,,,,,446.0,2889.0,29.0,0.0,5.0
gh_6f689841,fortinet/fortigate-terraform-deploy,../scenarios/gh_6f689841,True,True,0,0,0,0,0,,,,,1044.0,7940.0,50.0,23.0,5.0
gh_93771098,ssatwik975/resume-site,iac_benchmark/scenarios/gh_93771098,True,True,0,0,0,0,0,,,,,570.0,3827.0,30.0,12.0,5.0
gh_b0c98ada,braintrustdata/terraform-aws-braintrust-data-plane,iac_benchmark/scenarios/gh_b0c98ada,True,True,0,0,0,0,0,,,,,554.0,3598.0,24.0,9.0,5.0
gh_6d91d6f1,no10ds/DEPRECATED-rapid-infrastructure,iac_benchmark/scenarios/gh_6d91d6f1,True,True,0,0,0,0,0,,,,,678.0,4009.0,18.0,12.0,5.0
gh_6918f020,cloudposse/terraform-aws-lambda-elasticsearch-cleanup,iac_benchmark/scenarios/gh_6918f020,True,True,0,0,0,0,0,,,,,647.0,5041.0,12.0,33.0,5.0
gh_79236fbf,stacksimplify/devops-real-world-project-implementation-on-aws,../scenarios/gh_79236fbf,True,True,0,0,0,0,0,,,,,1003.0,6513.0,17.0,4.0,5.0
gh_4549243e,ministryofjustice/modernisation-platform-environments,../scenarios/gh_4549243e,True,True,0,0,0,0,0,,,,,869.0,6692.0,38.0,14.0,5.0
gh_7fba09f8,GovWifi/govwifi-terraform,iac_benchmark/scenarios/gh_7fba09f8,True,True,0,0,0,0,0,,,,,477.0,2977.0,27.0,1.0,5.0
gh_371353d2,stroeer/terraform-aws-ecs-fargate,iac_benchmark/scenarios/gh_371353d2,True,True,0,0,0,0,0,,,,,662.0,4574.0,18.0,20.0,5.0
gh_6341c916,awslabs/genai-idp-terraform,iac_benchmark/scenarios/gh_6341c916,True,True,0,0,0,0,0,,,,,882.0,6932.0,18.0,24.0,5.0
gh_b8fbba9e,kjagiello/terraform-aws-codepipeline-slack-notifications,iac_benchmark/scenarios/gh_b8fbba9e,True,True,0,0,0,0,0,,,,,495.0,3417.0,12.0,23.0,5.0
gh_ab16724b,awslabs/aft-blueprints,../scenarios/gh_ab16724b,True,True,0,0,0,0,0,,,,,572.0,4458.0,12.0,24.0,5.0
gh_4bbc2a5f,aws-samples/terraform-aws-windows-workloads-on-aws,../scenarios/gh_4bbc2a5f,True,True,0,0,0,0,0,,,,,638.0,4105.0,16.0,26.0,5.0
terrads_4b8e24f9e94b,Zenodo/TerraDS,iac_benchmark/scenarios/terrads_4b8e24f9e94b,True,True,0,0,0,0,0,,,,,529.0,3128.0,12.0,15.0,5.0
gh_303fbec5,awslabs/genai-idp-terraform,iac_benchmark/scenarios/gh_303fbec5,True,True,0,0,0,0,0,,,,,442.0,3617.0,15.0,11.0,5.0
gh_0e14ebef,aws-ia/terraform-elastic-cloud,iac_benchmark/scenarios/gh_0e14ebef,True,True,0,0,0,0,0,,,,,753.0,5375.0,28.0,27.0,5.0
gh_a21746e9,build-on-aws/building-apache-kafka-connectors,../scenarios/gh_a21746e9,True,True,0,0,0,0,0,,,,,453.0,2947.0,24.0,4.0,5.0
gh_1ba09931,Element84/filmdrop-aws-tf-modules,iac_benchmark/scenarios/gh_1ba09931,True,True,0,0,0,0,0,,,,,1065.0,7438.0,13.0,43.0,5.0
gh_62a8c1d0,testdrivenio/django-ecs-terraform,../scenarios/gh_62a8c1d0,True,True,0,0,0,0,0,,,,,676.0,4902.0,42.0,23.0,5.0
gh_0ea52cdb,terraform-aws-modules/terraform-aws-apigateway-v2,../scenarios/gh_0ea52cdb,True,True,0,0,0,0,0,,,,,1042.0,7743.0,13.0,43.0,5.0
gh_8c5d34ca,rhythmictech/terraform-aws-awx,iac_benchmark/scenarios/gh_8c5d34ca,True,True,0,0,0,0,0,,,,,755.0,4610.0,37.0,15.0,5.0
gh_9f410360,Esri/arcgis-gitops,../scenarios/gh_9f410360,True,True,0,0,0,0,0,,,,,722.0,6508.0,17.0,17.0,5.0
gh_b440a93d,jenkins-x/terraform-aws-eks-jx,../scenarios/gh_b440a93d,True,True,0,0,0,0,0,,,,,937.0,7665.0,24.0,33.0,5.0
gh_42c0003d,skyscrapers/terraform-rds,iac_benchmark/scenarios/gh_42c0003d,True,True,0,0,0,0,0,,,,,851.0,6938.0,36.0,6.0,5.0
gh_eecd3687,sourcefuse/terraform-aws-arc-eks-saas,iac_benchmark/scenarios/gh_eecd3687,True,True,0,0,0,0,0,,,,,535.0,3904.0,17.0,17.0,5.0
gh_41ad6107,devopscorner/terraform-infra,iac_benchmark/scenarios/gh_41ad6107,True,True,0,0,0,0,0,,,,,1013.0,6468.0,21.0,20.0,5.0
gh_8975589b,erozedguy/CICD-Pipeline-for-Amazon-ECS-Fargate,iac_benchmark/scenarios/gh_8975589b,True,True,0,0,0,0,0,,,,,415.0,2500.0,21.0,7.0,5.0
gh_cb70c3c4,JeffGiroux/f5_terraform,../scenarios/gh_cb70c3c4,True,True,0,0,0,0,0,,,,,839.0,7797.0,15.0,47.0,5.0
gh_f27f4c89,aws-educate-tw/aws-educate-tpet-backend,iac_benchmark/scenarios/gh_f27f4c89,True,True,0,0,0,0,0,,,,,518.0,3729.0,17.0,16.0,5.0
gh_a5235d65,clay-good/mantissa-log,iac_benchmark/scenarios/gh_a5235d65,True,True,0,0,0,0,0,,,,,1040.0,6889.0,34.0,16.0,5.0
gh_45fe3626,tmknom/terraform-aws-vpc,iac_benchmark/scenarios/gh_45fe3626,True,True,0,0,0,0,0,,,,,461.0,3570.0,18.0,13.0,5.0
gh_2764bfee,gchamon/terraform-aws-firezone-vpn,iac_benchmark/scenarios/gh_2764bfee,True,True,0,0,0,0,0,,,,,451.0,2757.0,13.0,18.0,5.0
gh_770b31bf,cds-snc/forms-terraform,iac_benchmark/scenarios/gh_770b31bf,True,True,0,0,0,0,0,,,,,700.0,4701.0,13.0,22.0,5.0
gh_ef1666b2,aws-games/cloud-game-development-toolkit,../scenarios/gh_ef1666b2,True,True,0,0,0,0,0,,,,,445.0,3351.0,22.0,1.0,5.0
gh_0ff6ac7b,QinetiQ-Cyber-Intelligence/OpenCTI-Terraform,../scenarios/gh_0ff6ac7b,True,True,0,0,0,0,0,,,,,715.0,5458.0,19.0,38.0,5.0
gh_d725d600,aws-samples/aws-network-firewall-terraform,../scenarios/gh_d725d600,True,True,0,0,0,0,0,,,,,976.0,7004.0,56.0,9.0,5.0
gh_f09ae362,devsecblueprint/the-herald,iac_benchmark/scenarios/gh_f09ae362,True,True,0,0,0,0,0,,,,,497.0,2901.0,12.0,13.0,5.0
gh_e35563d4,mibeh/thunderdome,iac_benchmark/scenarios/gh_e35563d4,True,True,0,0,0,0,0,,,,,990.0,6684.0,32.0,12.0,5.0
gh_405206f5,opsstation/terraform-aws-elasticache,iac_benchmark/scenarios/gh_405206f5,True,True,0,0,0,0,0,,,,,774.0,6390.0,15.0,72.0,5.0
gh_2b9ac524,binbashar/le-tf-infra-aws,../scenarios/gh_2b9ac524,True,True,0,0,0,0,0,,,,,672.0,4326.0,13.0,14.0,5.0
gh_1b3cc37f,aws-solutions-library-samples/guidance-for-game-analytics-pipeline-on-aws,../scenarios/gh_1b3cc37f,True,True,0,0,0,0,0,,,,,815.0,7028.0,29.0,0.0,5.0
gh_725076d7,egeexyz/terraform-deploy-fargate,iac_benchmark/scenarios/gh_725076d7,True,True,0,0,0,0,0,,,,,441.0,3411.0,24.0,22.0,5.0
gh_e38c3d1c,MachineDotDev/nat-zero,iac_benchmark/scenarios/gh_e38c3d1c,True,True,0,0,0,0,0,,,,,731.0,5446.0,17.0,26.0,5.0
gh_d1f5cac2,FriendsOfTerraform/modules,iac_benchmark/scenarios/gh_d1f5cac2,True,True,0,0,0,0,0,,,,,897.0,7555.0,14.0,26.0,5.0
gh_c50552e5,aws-solutions-library-samples/guidance-for-developing-data-and-ai-foundation-with-amazon-sagemaker,../scenarios/gh_c50552e5,True,True,0,0,0,0,0,,,,,1205.0,7231.0,46.0,4.0,5.0
gh_9046d241,GiamPy5/terraform-aws-directus,iac_benchmark/scenarios/gh_9046d241,True,True,0,0,0,0,0,,,,,1056.0,7526.0,34.0,45.0,5.0
gh_93cc1967,clay-good/mantissa-log,iac_benchmark/scenarios/gh_93cc1967,True,True,0,0,0,0,0,,,,,687.0,4460.0,23.0,19.0,5.0
gh_8ebccbde,aws-samples/aws-network-firewall-terraform,../scenarios/gh_8ebccbde,True,True,0,0,0,0,0,,,,,834.0,6499.0,45.0,13.0,5.0
gh_a949b7ce,matihost/monorepo,iac_benchmark/scenarios/gh_a949b7ce,True,True,0,0,0,0,0,,,,,928.0,7034.0,37.0,17.0,5.0
gh_6a5bb7e0,clay-good/mantissa-log,iac_benchmark/scenarios/gh_6a5bb7e0,True,True,0,0,0,0,0,,,,,570.0,5153.0,51.0,22.0,5.0
gh_edf07c6d,binhoul/terraform-aws-waf,iac_benchmark/scenarios/gh_edf07c6d,True,True,0,0,0,0,0,,,,,1079.0,7629.0,39.0,26.0,5.0
gh_1f306e21,chgasparoto/curso-aws-com-terraform,../scenarios/gh_1f306e21,True,True,0,0,0,0,0,,,,,493.0,3238.0,23.0,6.0,5.0
gh_ad280af5,terraform-community-modules/tf_aws_ecs,../scenarios/gh_ad280af5,True,True,0,0,0,0,0,,,,,517.0,3776.0,15.0,35.0,5.0
gh_34c00310,christranv/aws-terrajet,../scenarios/gh_34c00310,True,True,0,0,0,0,0,,,,,459.0,2953.0,16.0,25.0,5.0
gh_37256b95,tenable/KaiMonkey,../scenarios/gh_37256b95,True,True,0,0,0,0,0,,,,,441.0,2876.0,19.0,2.0,5.0
gh_3ba53287,aws-samples/safeguarding-payments-fraud-detection-ai-ml-and-data-insights,iac_benchmark/scenarios/gh_3ba53287,True,True,0,0,0,0,0,,,,,441.0,3752.0,16.0,22.0,5.0
gh_ca50a97b,cds-snc/forms-terraform,iac_benchmark/scenarios/gh_ca50a97b,True,True,0,0,0,0,0,,,,,885.0,6212.0,23.0,62.0,5.0
gh_00998a9c,gold-crow-997/terraform-aws-secure-baseline,iac_benchmark/scenarios/gh_00998a9c,True,True,0,0,0,0,0,,,,,676.0,6407.0,32.0,22.0,5.0
gh_50b55982,cds-snc/terraform-modules,iac_benchmark/scenarios/gh_50b55982,True,True,0,0,0,0,0,,,,,611.0,4794.0,33.0,19.0,5.0
gh_96526038,yashpimple/Terraform-AWS-Architecture,iac_benchmark/scenarios/gh_96526038,True,True,0,0,0,0,0,,,,,908.0,6316.0,38.0,0.0,5.0
gh_6424dcab,braintrustdata/terraform-aws-braintrust-data-plane,iac_benchmark/scenarios/gh_6424dcab,True,True,0,0,0,0,0,,,,,744.0,5737.0,15.0,38.0,5.0
gh_a682de4f,protofire/polkadot-failover-mechanism,iac_benchmark/scenarios/gh_a682de4f,True,True,0,0,0,0,0,,,,,944.0,6557.0,24.0,29.0,5.0
gh_79590788,aws-samples/terraform-aws-codecommit-s3-backups,iac_benchmark/scenarios/gh_79590788,True,True,0,0,0,0,0,,,,,406.0,2328.0,16.0,4.0,5.0
gh_45f11f90,philips-labs/terraform-aws-github-runner,iac_benchmark/scenarios/gh_45f11f90,True,True,0,0,0,0,0,,,,,622.0,4889.0,22.0,30.0,5.0
gh_86609ad7,fortinet/fortigate-terraform-deploy,../scenarios/gh_86609ad7,True,True,0,0,0,0,0,,,,,952.0,7507.0,29.0,50.0,5.0
gh_3850d30a,F5Networks/terraform-aws-bigip-module,iac_benchmark/scenarios/gh_3850d30a,True,True,0,0,0,0,0,,,,,556.0,4769.0,12.0,19.0,5.0
gh_62983700,aws-solutions-library-samples/guidance-for-developing-data-and-ai-foundation-with-amazon-sagemaker,../scenarios/gh_62983700,True,True,0,0,0,0,0,,,,,442.0,2875.0,15.0,8.0,5.0
gh_cd0e8522,StratusGrid/terraform-aws-terraform-state-s3-bucket-centralized-with-roles,iac_benchmark/scenarios/gh_cd0e8522,True,True,0,0,0,0,0,,,,,496.0,3606.0,14.0,16.0,5.0
gh_5b7116ee,fortinet/fortigate-terraform-deploy,../scenarios/gh_5b7116ee,True,True,0,0,0,0,0,,,,,795.0,6141.0,26.0,17.0,5.0
gh_23f68e16,skyscrapers/terraform-elasticache,iac_benchmark/scenarios/gh_23f68e16,True,True,0,0,0,0,0,,,,,548.0,3722.0,29.0,9.0,5.0
gh_2c3d3929,obytes/terraform-aws-ecs-boomi,iac_benchmark/scenarios/gh_2c3d3929,True,True,0,0,0,0,0,,,,,707.0,4499.0,28.0,19.0,5.0
gh_2b4609ea,juanjoSanz/aws-pentesting-lab,../scenarios/gh_2b4609ea,True,True,0,0,0,0,0,,,,,1066.0,7608.0,13.0,13.0,5.0
gh_d680dbf5,NVIDIA/slack-to-jira,iac_benchmark/scenarios/gh_d680dbf5,True,True,0,0,0,0,0,,,,,820.0,6124.0,31.0,14.0,5.0
gh_f4ad3a4f,Element84/filmdrop-aws-tf-modules,iac_benchmark/scenarios/gh_f4ad3a4f,True,True,0,0,0,0,0,,,,,509.0,4106.0,22.0,13.0,5.0
gh_db4f208c,aws-samples/aws-proton-terraform-sample-templates,../scenarios/gh_db4f208c,True,True,0,0,0,0,0,,,,,729.0,4903.0,25.0,1.0,5.0
gh_85673a1d,ministryofjustice/modernisation-platform-environments,../scenarios/gh_85673a1d,True,True,0,0,0,0,0,,,,,772.0,6700.0,15.0,5.0,5.0
gh_7ae21b79,clouddrove/terraform-aws-security-group,iac_benchmark/scenarios/gh_7ae21b79,True,True,0,0,0,0,0,,,,,448.0,3954.0,12.0,21.0,5.0
gh_fb62a626,clay-good/mantissa-log,iac_benchmark/scenarios/gh_fb62a626,True,True,0,0,0,0,0,,,,,611.0,4150.0,16.0,31.0,5.0
gh_010b664e,skyscrapers/terraform-teleport,iac_benchmark/scenarios/gh_010b664e,True,True,0,0,0,0,0,,,,,683.0,5155.0,29.0,28.0,5.0
gh_a204a268,dod-iac/terraform-aws-kinesis-api-gateway,iac_benchmark/scenarios/gh_a204a268,True,True,0,0,0,0,0,,,,,849.0,6906.0,41.0,18.0,5.0
gh_90834ece,zcemycl/aws-chromadb-terraform,iac_benchmark/scenarios/gh_90834ece,True,True,0,0,0,0,0,,,,,412.0,3035.0,21.0,8.0,5.0
gh_425a1fdb,fortinet/fortigate-terraform-deploy,../scenarios/gh_425a1fdb,True,True,0,0,0,0,0,,,,,905.0,6952.0,43.0,22.0,5.0
gh_c5ff766f,AbdassalamAhmad/Deploying-AWS-webapp-with-Terraform-GitHub-Actions,../scenarios/gh_c5ff766f,True,True,0,0,0,0,0,,,,,494.0,3295.0,14.0,12.0,5.0
gh_cabda210,1nval1dctf/terraform-aws-ctfd,iac_benchmark/scenarios/gh_cabda210,True,True,0,0,0,0,0,,,,,566.0,3773.0,24.0,22.0,5.0
gh_1817e795,david4tech/gen-ai-devops,iac_benchmark/scenarios/gh_1817e795,True,True,0,0,0,0,0,,,,,483.0,2997.0,21.0,9.0,5.0
gh_1a14659e,shahinam2/AWS-DevOps-Projects,iac_benchmark/scenarios/gh_1a14659e,True,True,0,0,0,0,0,,,,,469.0,3121.0,17.0,6.0,5.0
gh_01c25ab1,hajowieland/terraform-aws-jitsi,iac_benchmark/scenarios/gh_01c25ab1,True,True,0,0,0,0,0,,,,,1115.0,7132.0,33.0,52.0,5.0
gh_c5466ac4,fpco/terraform-aws-foundation,../scenarios/gh_c5466ac4,True,True,0,0,0,0,0,,,,,918.0,7413.0,27.0,32.0,5.0
gh_23c20484,MinhKhoi3104/aws-end-to-end-data-lakehouse-analytics-platform,iac_benchmark/scenarios/gh_23c20484,True,True,0,0,0,0,0,,,,,434.0,2934.0,15.0,14.0,5.0
gh_cf940ecc,awslabs/genai-idp-terraform,iac_benchmark/scenarios/gh_cf940ecc,True,True,0,0,0,0,0,,,,,808.0,7344.0,16.0,15.0,5.0
gh_474c80ce,Snowflake-Labs/terraform-snowflake-api-integration-with-geff-aws,iac_benchmark/scenarios/gh_474c80ce,True,True,0,0,0,0,0,,,,,720.0,5214.0,26.0,18.0,5.0
gh_1403af88,stacksimplify/devops-real-world-project-implementation-on-aws,../scenarios/gh_1403af88,True,True,0,0,0,0,0,,,,,766.0,5663.0,24.0,4.0,5.0
gh_e6fdc995,LeapBeyond/terraform-aws-bastion,iac_benchmark/scenarios/gh_e6fdc995,True,True,0,0,0,0,0,,,,,773.0,5436.0,44.0,17.0,5.0
gh_1291f8d2,cloudposse/terraform-aws-iam-assumed-roles,../scenarios/gh_1291f8d2,True,True,0,0,0,0,0,,,,,471.0,3585.0,24.0,11.0,5.0
gh_20964d89,aws-ia/terraform-aws-guardduty,iac_benchmark/scenarios/gh_20964d89,True,True,0,0,0,0,0,,,,,998.0,7355.0,22.0,25.0,5.0
gh_218ccf57,Guimove/terraform-aws-bastion,../scenarios/gh_218ccf57,True,True,0,0,0,0,0,,,,,747.0,5107.0,24.0,43.0,5.0
gh_1b0e63a9,awslabs/genai-idp-terraform,iac_benchmark/scenarios/gh_1b0e63a9,True,True,0,0,0,0,0,,,,,662.0,4763.0,16.0,28.0,5.0
gh_e1a6110a,raymondbutcher/terraform-aws-serverless-grafana,iac_benchmark/scenarios/gh_e1a6110a,True,True,0,0,0,0,0,,,,,445.0,2863.0,21.0,5.0,5.0
gh_9ac15319,DataDog/terraform-aws-ecs-datadog,iac_benchmark/scenarios/gh_9ac15319,True,True,0,0,0,0,0,,,,,496.0,3078.0,12.0,8.0,5.0
gh_c8f90689,stakater/infrastructure-reference,iac_benchmark/scenarios/gh_c8f90689,True,True,0,0,0,0,0,,,,,929.0,7401.0,29.0,0.0,5.0
gh_fe5065ef,ministryofjustice/modernisation-platform-environments,../scenarios/gh_fe5065ef,True,True,0,0,0,0,0,,,,,709.0,5692.0,14.0,3.0,5.0
gh_254a7180,aws-samples/aws-proton-terraform-sample-templates,../scenarios/gh_254a7180,True,True,0,0,0,0,0,,,,,734.0,4903.0,25.0,1.0,5.0
gh_2bbd95d8,fortinet/fortigate-terraform-deploy,../scenarios/gh_2bbd95d8,True,True,0,0,0,0,0,,,,,1008.0,7743.0,41.0,42.0,5.0
gh_8eab4717,aws-samples/aws-ingesting-click-logs-using-terraform,../scenarios/gh_8eab4717,True,True,0,0,0,0,0,,,,,719.0,5066.0,36.0,3.0,5.0
gh_17d9b89f,cyberlabrs/terraform-aws-opensearch,../scenarios/gh_17d9b89f,True,True,0,0,0,0,0,,,,,860.0,6081.0,15.0,50.0,5.0
gh_8b72d009,iknowjason/MacLab,iac_benchmark/scenarios/gh_8b72d009,True,True,0,0,0,0,0,,,,,451.0,2743.0,12.0,4.0,5.0
gh_27e56ce9,CheckPointSW/CloudGuardIaaS,../scenarios/gh_27e56ce9,True,True,0,0,0,0,0,,,,,585.0,5572.0,17.0,32.0,5.0
gh_b3494816,sloopstash/kickstart-terraform,iac_benchmark/scenarios/gh_b3494816,True,True,0,0,0,0,0,,,,,704.0,6196.0,43.0,4.0,5.0
gh_ff38ed39,nand0p/nomadic,iac_benchmark/scenarios/gh_ff38ed39,True,True,0,0,0,0,0,,,,,633.0,4695.0,39.0,34.0,5.0
gh_9cba0f95,skyscrapers/terraform-rds,iac_benchmark/scenarios/gh_9cba0f95,True,True,0,0,0,0,0,,,,,463.0,3404.0,28.0,9.0,5.0
gh_d4c48c93,aws-solutions-library-samples/guidance-for-developing-data-and-ai-foundation-with-amazon-sagemaker,../scenarios/gh_d4c48c93,True,True,0,0,0,0,0,,,,,562.0,3564.0,16.0,14.0,5.0
gh_010bb369,dspace-group/dspace-reference-architecture-aws,iac_benchmark/scenarios/gh_010bb369,True,True,0,0,0,0,0,,,,,633.0,4853.0,12.0,17.0,5.0
gh_c7ab7897,sysdiglabs/terraform-aws-secure-for-cloud,iac_benchmark/scenarios/gh_c7ab7897,True,True,0,0,0,0,0,,,,,809.0,6129.0,20.0,23.0,5.0
gh_9b79fa4c,hashicorp/terraform-aws-consul-ecs,../scenarios/gh_9b79fa4c,True,True,0,0,0,0,0,,,,,569.0,3984.0,14.0,9.0,5.0
gh_16930118,atoy3731/aws-k8s-terraform,../scenarios/gh_16930118,True,True,0,0,0,0,0,,,,,878.0,6107.0,45.0,18.0,5.0
gh_69252a9c,popovserhii/terraform-aws-lambda-scheduler,iac_benchmark/scenarios/gh_69252a9c,True,True,0,0,0,0,0,,,,,411.0,2744.0,12.0,12.0,5.0
gh_2d772c47,BorisLabs/terraform-aws-directconnect,iac_benchmark/scenarios/gh_2d772c47,True,True,0,0,0,0,0,,,,,695.0,4452.0,13.0,62.0,5.0
gh_e1c75a73,FriendsOfTerraform/modules,iac_benchmark/scenarios/gh_e1c75a73,True,True,0,0,0,0,0,,,,,748.0,6766.0,13.0,14.0,5.0
gh_30447885,rushikc/cloud-projects,iac_benchmark/scenarios/gh_30447885,True,True,0,0,0,0,0,,,,,508.0,3168.0,26.0,2.0,5.0
gh_e1cef3a8,neo4j-partners/neo4j-aws-terraform,iac_benchmark/scenarios/gh_e1cef3a8,True,True,0,0,0,0,0,,,,,522.0,4457.0,21.0,19.0,5.0
gh_a6a16c29,nationalarchives/terraform-aws-immutable-aws-backup,iac_benchmark/scenarios/gh_a6a16c29,True,True,0,0,0,0,0,,,,,719.0,6553.0,25.0,9.0,5.0
gh_14b1da25,diodonfrost/terraform-aws-lambda-nuke,iac_benchmark/scenarios/gh_14b1da25,True,True,0,0,0,0,0,,,,,481.0,3507.0,13.0,9.0,5.0
gh_d7f7c6dc,dubiety/terraform-aws-elasticsearch-cloudwatch-sns-alarms,../scenarios/gh_d7f7c6dc,True,True,0,0,0,0,0,,,,,754.0,7047.0,16.0,51.0,5.0
gh_d8ebdf24,binhoul/terraform-aws-waf,iac_benchmark/scenarios/gh_d8ebdf24,True,True,0,0,0,0,0,,,,,1080.0,7905.0,39.0,26.0,5.0
gh_fb06c08f,getamis/vishwakarma,../scenarios/gh_fb06c08f,True,True,0,0,0,0,0,,,,,790.0,5688.0,22.0,23.0,5.0
gh_bdb2a65d,outerbounds/terraform-aws-metaflow,../scenarios/gh_bdb2a65d,True,True,0,0,0,0,0,,,,,620.0,4009.0,17.0,24.0,5.0
gh_de12067a,rohanmistry231/DevOps-Masterclass-Terraform-Kubernetes-Ansible-Docker,iac_benchmark/scenarios/gh_de12067a,True,True,0,0,0,0,0,,,,,421.0,2826.0,29.0,22.0,5.0
gh_312834d1,aws-ia/terraform-aws-genai-document-ingestion-rag,iac_benchmark/scenarios/gh_312834d1,True,True,0,0,0,0,0,,,,,1100.0,7414.0,42.0,6.0,5.0
gh_7bdfda79,awslabs/genai-idp-terraform,iac_benchmark/scenarios/gh_7bdfda79,True,True,0,0,0,0,0,,,,,519.0,4009.0,18.0,12.0,5.0
gh_4a937051,SCB-TechX-Saber-Labs/terraform-aws-ecs-private-ethereum-blockchain,iac_benchmark/scenarios/gh_4a937051,True,True,0,0,0,0,0,,,,,1072.0,7988.0,26.0,15.0,5.0
gh_373d72f1,datarootsio/terraform-aws-ecs-airflow,../scenarios/gh_373d72f1,True,True,0,0,0,0,0,,,,,966.0,7739.0,30.0,41.0,5.0
gh_13c4ed4a,mfkimbell/aws-saas-webapp-template,../scenarios/gh_13c4ed4a,True,True,0,0,0,0,0,,,,,723.0,5020.0,31.0,24.0,5.0
gh_25fc006c,40net-cloud/fortinet-azure-solutions,../scenarios/gh_25fc006c,True,True,0,0,0,0,0,,,,,872.0,6480.0,44.0,27.0,5.0
gh_f29921f7,aws-ia/terraform-aws-tf-cloud-agents,iac_benchmark/scenarios/gh_f29921f7,True,True,0,0,0,0,0,,,,,610.0,4661.0,13.0,28.0,5.0
gh_4ddf409e,nagelflorian/terraform-aws-s3-review-apps,iac_benchmark/scenarios/gh_4ddf409e,True,True,0,0,0,0,0,,,,,536.0,3456.0,20.0,19.0,5.0
terrads_0d71e80abfe5,Zenodo/TerraDS,iac_benchmark/scenarios/terrads_0d71e80abfe5,True,True,0,0,0,0,0,,,,,659.0,3872.0,20.0,7.0,5.0
gh_d7f0003e,in4it/terraform-modules,../scenarios/gh_d7f0003e,True,True,0,0,0,0,0,,,,,431.0,3032.0,18.0,8.0,5.0
gh_5883cc1a,confluentinc/ccloud-tools,iac_benchmark/scenarios/gh_5883cc1a,True,True,0,0,0,0,0,,,,,1104.0,7379.0,42.0,12.0,5.0
gh_c7d50471,gravicore/terraform-gravicore-modules,iac_benchmark/scenarios/gh_c7d50471,True,True,0,0,0,0,0,,,,,733.0,5764.0,12.0,21.0,5.0
gh_7e951732,Eng-Abdelrahman-Ibrahim/aws-eks-devops-project,iac_benchmark/scenarios/gh_7e951732,True,True,0,0,0,0,0,,,,,1081.0,7052.0,18.0,2.0,5.0
gh_afa39fd4,aws-samples/s3-presignedurl-staticips-endpoint-with-terraform,iac_benchmark/scenarios/gh_afa39fd4,True,True,0,0,0,0,0,,,,,465.0,3383.0,29.0,5.0,5.0
gh_0e204424,elasticscale/terraform-aws-n8n,../scenarios/gh_0e204424,True,True,0,0,0,0,0,,,,,517.0,3595.0,19.0,13.0,5.0
gh_ab02bd03,tcanani/aws-terraform-library,iac_benchmark/scenarios/gh_ab02bd03,True,True,0,0,0,0,0,,,,,767.0,4495.0,13.0,26.0,5.0
gh_9c4ea700,aws-samples/terraform-ec2-image-builder-container-hardening-pipeline,../scenarios/gh_9c4ea700,True,True,0,0,0,0,0,,,,,1009.0,7055.0,44.0,11.0,5.0
gh_034cd0d9,Kelvinskell/terra-tier,iac_benchmark/scenarios/gh_034cd0d9,True,True,0,0,0,0,0,,,,,694.0,4883.0,26.0,7.0,5.0
gh_f06febeb,JudeQuintana/cloud-infra-lab,iac_benchmark/scenarios/gh_f06febeb,True,True,0,0,0,0,0,,,,,442.0,3441.0,12.0,3.0,5.0
gh_5505da00,tensult/terraform,../scenarios/gh_5505da00,True,True,0,0,0,0,0,,,,,671.0,4303.0,29.0,22.0,5.0
gh_9fa7af30,CheckPointSW/CloudGuardIaaS,../scenarios/gh_9fa7af30,True,True,0,0,0,0,0,,,,,585.0,5572.0,17.0,32.0,5.0
gh_2c8fbc40,aws-samples/aws-proton-terraform-sample-templates,../scenarios/gh_2c8fbc40,True,True,0,0,0,0,0,,,,,731.0,4903.0,25.0,1.0,5.0
gh_1f6c0004,philips-labs/terraform-aws-github-runner,iac_benchmark/scenarios/gh_1f6c0004,True,True,0,0,0,0,0,,,,,417.0,3598.0,24.0,1.0,5.0
gh_2446b5fe,aws-samples/private-eks-for-windows-workloads-with-terraform,iac_benchmark/scenarios/gh_2446b5fe,True,True,0,0,0,0,0,,,,,510.0,3566.0,12.0,15.0,5.0
gh_f9d8f4c0,aws-samples/terraform-aws-windows-workloads-on-aws,../scenarios/gh_f9d8f4c0,True,True,0,0,0,0,0,,,,,519.0,3757.0,17.0,21.0,5.0
gh_9ba97f1a,CheckPointSW/terraform-aws-cloudguard-network-security,iac_benchmark/scenarios/gh_9ba97f1a,True,True,0,0,0,0,0,,,,,678.0,6622.0,17.0,32.0,5.0
gh_fd152b3d,aws-ia/terraform-aws-control_tower_account_factory,../scenarios/gh_fd152b3d,True,True,0,0,0,0,0,,,,,912.0,7161.0,36.0,27.0,5.0
gh_a2265ba5,hashicorp/terraform-aws-consul-ecs,../scenarios/gh_a2265ba5,True,True,0,0,0,0,0,,,,,481.0,3624.0,14.0,4.0,5.0
gh_43700108,awslabs/genai-idp-terraform,iac_benchmark/scenarios/gh_43700108,True,True,0,0,0,0,0,,,,,1135.0,7483.0,21.0,21.0,5.0
gh_14b4f636,telia-oss/terraform-aws-cost-and-usage-reports,iac_benchmark/scenarios/gh_14b4f636,True,True,0,0,0,0,0,,,,,430.0,2405.0,18.0,6.0,5.0
gh_3fcca919,aws-samples/aws-mlops-pipelines-terraform,../scenarios/gh_3fcca919,True,True,0,0,0,0,0,,,,,983.0,5933.0,13.0,10.0,5.0
gh_163fa826,ryanmcdermott/terraform-microservices-example,iac_benchmark/scenarios/gh_163fa826,True,True,0,0,0,0,0,,,,,642.0,4037.0,36.0,13.0,5.0
gh_d289aa28,moritzheiber/terraform-aws-core-modules,iac_benchmark/scenarios/gh_d289aa28,True,True,0,0,0,0,0,,,,,417.0,2916.0,13.0,12.0,5.0
gh_2cc4d259,koshian2/terraform-aws-book,iac_benchmark/scenarios/gh_2cc4d259,True,True,0,0,0,0,0,,,,,495.0,4348.0,28.0,5.0,5.0
gh_97f6a736,CitizenPlane/terraform-aws-rabbitmq,iac_benchmark/scenarios/gh_97f6a736,True,True,0,0,0,0,0,,,,,506.0,3413.0,15.0,29.0,5.0
gh_cdfa2540,hardfinhq/terraform-aws-tailscale-subnet-router,../scenarios/gh_cdfa2540,True,True,0,0,0,0,0,,,,,511.0,3935.0,13.0,15.0,5.0
gh_0ee3f64f,thomvaill/tads-boilerplate,../scenarios/gh_0ee3f64f,True,True,0,0,0,0,0,,,,,416.0,2930.0,15.0,9.0,5.0
gh_79536cdf,abdullahkhawer/mongodb-cluster-on-aws-ecs,iac_benchmark/scenarios/gh_79536cdf,True,True,0,0,0,0,0,,,,,791.0,5521.0,22.0,24.0,5.0
gh_284e1643,awslabs/genai-idp-terraform,iac_benchmark/scenarios/gh_284e1643,True,True,0,0,0,0,0,,,,,498.0,3983.0,12.0,15.0,5.0
gh_c06a3c7a,ministryofjustice/modernisation-platform-environments,../scenarios/gh_c06a3c7a,True,True,0,0,0,0,0,,,,,814.0,5895.0,19.0,43.0,5.0
gh_b5517f84,skyscrapers/terraform-state,iac_benchmark/scenarios/gh_b5517f84,True,True,0,0,0,0,0,,,,,403.0,2658.0,13.0,2.0,5.0
gh_fb043649,stacksimplify/devops-real-world-project-implementation-on-aws,../scenarios/gh_fb043649,True,True,0,0,0,0,0,,,,,441.0,2955.0,14.0,16.0,5.0
gh_69863080,aws-samples/aws-tf-prowler-fargate,../scenarios/gh_69863080,True,True,0,0,0,0,0,,,,,523.0,3614.0,19.0,18.0,5.0
gh_bce50b0e,gravicore/terraform-gravicore-modules,iac_benchmark/scenarios/gh_bce50b0e,True,True,0,0,0,0,0,,,,,876.0,6381.0,16.0,39.0,5.0
gh_41797eb8,mumoshu/concourse-aws,../scenarios/gh_41797eb8,True,True,0,0,0,0,0,,,,,609.0,4135.0,18.0,41.0,5.0
gh_be7fcc8d,local-web-services/local-web-services,../scenarios/gh_be7fcc8d,True,True,0,0,0,0,0,,,,,516.0,3439.0,38.0,2.0,5.0
gh_2ddff04e,hoangsonww/WealthWise-Finance-Tracker,iac_benchmark/scenarios/gh_2ddff04e,True,True,0,0,0,0,0,,,,,613.0,3929.0,22.0,23.0,5.0
gh_3b40ba4d,open-metadata/terraform-aws-openmetadata,iac_benchmark/scenarios/gh_3b40ba4d,True,True,0,0,0,0,0,,,,,566.0,3773.0,13.0,9.0,5.0
gh_53360525,zcemycl/aws-chromadb-terraform,iac_benchmark/scenarios/gh_53360525,True,True,0,0,0,0,0,,,,,476.0,3191.0,21.0,20.0,5.0
gh_6c355f2f,opsstation/terraform-aws-ses,iac_benchmark/scenarios/gh_6c355f2f,True,True,0,0,0,0,0,,,,,415.0,2969.0,15.0,28.0,5.0
gh_8e9ec726,CheckPointSW/terraform-aws-cloudguard-network-security,iac_benchmark/scenarios/gh_8e9ec726,True,True,0,0,0,0,0,,,,,646.0,6302.0,18.0,32.0,5.0
gh_95d7e18f,cloudposse/terraform-aws-components,../scenarios/gh_95d7e18f,True,True,0,0,0,0,0,,,,,499.0,4543.0,14.0,32.0,5.0
gh_6e64e24e,aws-ia/terraform-aws-amazonconnect,iac_benchmark/scenarios/gh_6e64e24e,True,True,0,0,0,0,0,,,,,687.0,3970.0,20.0,0.0,5.0
gh_047c4b0a,fortinet/fortigate-terraform-deploy,../scenarios/gh_047c4b0a,True,True,0,0,0,0,0,,,,,908.0,6937.0,43.0,22.0,5.0
gh_e2dc6b25,lander2k2/kube-cluster,iac_benchmark/scenarios/gh_e2dc6b25,True,True,0,0,0,0,0,,,,,492.0,3350.0,17.0,7.0,5.0
gh_77a9a5bf,moritzheiber/terraform-aws-core-modules,iac_benchmark/scenarios/gh_77a9a5bf,True,True,0,0,0,0,0,,,,,484.0,3758.0,17.0,18.0,5.0
gh_44f644f8,10play/tendb,iac_benchmark/scenarios/gh_44f644f8,True,True,0,0,0,0,0,,,,,834.0,6656.0,14.0,39.0,5.0
gh_0981b1f3,Eng-Abdelrahman-Ibrahim/aws-eks-devops-project,iac_benchmark/scenarios/gh_0981b1f3,True,True,0,0,0,0,0,,,,,446.0,3297.0,17.0,2.0,5.0
gh_d386e362,trussworks/terraform-aws-ecs-service,../scenarios/gh_d386e362,True,True,0,0,0,0,0,,,,,935.0,6675.0,17.0,44.0,5.0
gh_58c14b63,joevanhorn/okta-terraform-demo-template,iac_benchmark/scenarios/gh_58c14b63,True,True,0,0,0,0,0,,,,,479.0,3113.0,15.0,18.0,5.0
gh_a992ba8d,JamesWoolfenden/terraform-aws-security-alerts,iac_benchmark/scenarios/gh_a992ba8d,True,True,0,0,0,0,0,,,,,984.0,7413.0,43.0,7.0,5.0
gh_f761c200,kwilczynski/terraform-templates,../scenarios/gh_f761c200,True,True,0,0,0,0,0,,,,,466.0,2709.0,27.0,8.0,5.0
gh_8278a2ed,matihost/monorepo,iac_benchmark/scenarios/gh_8278a2ed,True,True,0,0,0,0,0,,,,,456.0,3177.0,15.0,12.0,5.0
gh_eda51ce1,y-miyazaki/terraform-aws-base,iac_benchmark/scenarios/gh_eda51ce1,True,True,0,0,0,0,0,,,,,777.0,7083.0,16.0,14.0,5.0
gh_2a58d30a,jetstack/tarmak,../scenarios/gh_2a58d30a,True,True,0,0,0,0,0,,,,,408.0,3163.0,19.0,33.0,5.0
gh_92f6a154,hashicorp/terraform-aws-consul-ecs,../scenarios/gh_92f6a154,True,True,0,0,0,0,0,,,,,433.0,3277.0,15.0,4.0,5.0
gh_3048ab49,stacksimplify/devops-real-world-project-implementation-on-aws,../scenarios/gh_3048ab49,True,True,0,0,0,0,0,,,,,561.0,4152.0,13.0,13.0,5.0
gh_b7174ff6,hashicorp/terraform-aws-vault,../scenarios/gh_b7174ff6,True,True,0,0,0,0,0,,,,,705.0,5606.0,12.0,44.0,5.0
gh_f8061256,u11d-com/terraform-aws-medusajs,iac_benchmark/scenarios/gh_f8061256,True,True,0,0,0,0,0,,,,,1164.0,7600.0,47.0,33.0,5.0
gh_2fe80986,fortinet/fortigate-terraform-deploy,../scenarios/gh_2fe80986,True,True,0,0,0,0,0,,,,,1045.0,7942.0,50.0,23.0,5.0
gh_74842259,RemoteDevForce/PHPobos,iac_benchmark/scenarios/gh_74842259,True,True,0,0,0,0,0,,,,,490.0,3283.0,16.0,17.0,5.0
gh_c0d86ae1,ministryofjustice/modernisation-platform-environments,../scenarios/gh_c0d86ae1,True,True,0,0,0,0,0,,,,,583.0,4645.0,25.0,6.0,5.0
gh_b469f233,gnokoheat/aws-serverless-data-pipeline-by-terraform,iac_benchmark/scenarios/gh_b469f233,True,True,0,0,0,0,0,,,,,424.0,2676.0,19.0,8.0,5.0
gh_821e1558,datamesh-architecture/terraform-aws-dataproduct-confluent-kafka-to-aws-s3,iac_benchmark/scenarios/gh_821e1558,True,True,0,0,0,0,0,,,,,678.0,5154.0,16.0,7.0,5.0
gh_7a535441,cloudboss/keights,iac_benchmark/scenarios/gh_7a535441,True,True,0,0,0,0,0,,,,,729.0,5252.0,30.0,10.0,5.0
gh_748609a4,CircleCI-Public/server-terraform,iac_benchmark/scenarios/gh_748609a4,True,True,0,0,0,0,0,,,,,903.0,7696.0,23.0,46.0,5.0
gh_61261112,binbashar/terraform-aws-waf-owasp,../scenarios/gh_61261112,True,True,0,0,0,0,0,,,,,1052.0,6120.0,25.0,17.0,5.0
gh_985468cf,poseidon/typhoon,../scenarios/gh_985468cf,True,True,0,0,0,0,0,,,,,1172.0,7863.0,55.0,33.0,5.0
gh_3aacd0e2,CheckPointSW/terraform-aws-cloudguard-network-security,iac_benchmark/scenarios/gh_3aacd0e2,True,True,0,0,0,0,0,,,,,921.0,7770.0,21.0,32.0,5.0
gh_bae8dc64,clouddrove/terraform-aws-secure-baseline,iac_benchmark/scenarios/gh_bae8dc64,True,True,0,0,0,0,0,,,,,1046.0,6930.0,28.0,50.0,5.0
gh_bec277a9,ministryofjustice/modernisation-platform-environments,../scenarios/gh_bec277a9,True,True,0,0,0,0,0,,,,,703.0,5167.0,23.0,24.0,5.0
gh_8d4392b4,in4it/terraform-modules,../scenarios/gh_8d4392b4,True,True,0,0,0,0,0,,,,,464.0,2914.0,12.0,26.0,5.0
gh_747fae39,giuseppeborgese/terraform-aws-secret-manager-with-rotation,../scenarios/gh_747fae39,True,True,0,0,0,0,0,,,,,716.0,5515.0,17.0,25.0,5.0
gh_4880e1bd,rioastamal/spot-dev-machine,iac_benchmark/scenarios/gh_4880e1bd,True,True,0,0,0,0,0,,,,,520.0,3327.0,20.0,9.0,5.0
gh_5c4d7a02,trussworks/terraform-aws-s3-anti-virus,../scenarios/gh_5c4d7a02,True,True,0,0,0,0,0,,,,,614.0,3977.0,13.0,23.0,5.0
gh_bda0b323,rohanmistry231/DevOps-Masterclass-Terraform-Kubernetes-Ansible-Docker,iac_benchmark/scenarios/gh_bda0b323,True,True,0,0,0,0,0,,,,,743.0,5484.0,55.0,7.0,5.0
gh_5cfea91a,ministryofjustice/modernisation-platform-environments,../scenarios/gh_5cfea91a,True,True,0,0,0,0,0,,,,,648.0,5306.0,12.0,8.0,5.0
gh_5dfbe2d8,awslabs/minimum-viable-dataspace-on-aws,iac_benchmark/scenarios/gh_5dfbe2d8,True,True,0,0,0,0,0,,,,,862.0,6870.0,14.0,5.0,5.0
gh_d0e68c21,fortinet/fortigate-terraform-deploy,../scenarios/gh_d0e68c21,True,True,0,0,0,0,0,,,,,602.0,4576.0,42.0,21.0,5.0
gh_d4f0f3ea,KotobaMedia/terraform-aws-wordpress-on-lambda-efs,iac_benchmark/scenarios/gh_d4f0f3ea,True,True,0,0,0,0,0,,,,,601.0,3828.0,20.0,8.0,5.0
gh_2198b82b,jasonwalsh/terraform-aws-boundary,iac_benchmark/scenarios/gh_2198b82b,True,True,0,0,0,0,0,,,,,454.0,2817.0,14.0,13.0,5.0
gh_47c3aebe,aws-samples/centralized-iam-key-management-aws-organizations-terraform,iac_benchmark/scenarios/gh_47c3aebe,True,True,0,0,0,0,0,,,,,773.0,5792.0,26.0,37.0,5.0
gh_2c3e9ded,fortinet/fortigate-terraform-deploy,../scenarios/gh_2c3e9ded,True,True,0,0,0,0,0,,,,,897.0,6825.0,43.0,22.0,5.0
gh_0203b906,newaperio/revista,iac_benchmark/scenarios/gh_0203b906,True,True,0,0,0,0,0,,,,,538.0,3566.0,30.0,5.0,5.0
gh_d771ffdc,aws-samples/aws-network-firewall-terraform,../scenarios/gh_d771ffdc,True,True,0,0,0,0,0,,,,,908.0,7165.0,49.0,13.0,5.0
terrads_cb87bf959d7f_manualfix,Zenodo/TerraDS,iac_benchmark/scenarios_greenfield/terrads_cb87bf959d7f,True,True,0,0,0,0,0,,manual-fix,terrads_cb87bf959d7f,"Added default for 'group_name_prefix' (naming string, no default previously).",408.0,2392.0,20.0,1.0,5.0
terrads_ce5484f81fb0_manualfix,Zenodo/TerraDS,iac_benchmark/scenarios_greenfield/terrads_ce5484f81fb0,True,True,0,0,0,0,0,,manual-fix,terrads_ce5484f81fb0,Added default for 'vpc_name' (Name tag on a VPC created by this template).,547.0,3488.0,18.0,5.0,5.0
terrads_e81b383284fd_manualfix,Zenodo/TerraDS,iac_benchmark/scenarios_greenfield/terrads_e81b383284fd,True,True,0,0,0,0,0,,manual-fix,terrads_e81b383284fd,"Added default for 'environment' (naming/tag string, no default previously).",1123.0,5752.0,42.0,1.0,5.0
terrads_c1a6092a4ca9_manualfix,Zenodo/TerraDS,iac_benchmark/scenarios_greenfield/terrads_c1a6092a4ca9,True,True,0,0,0,0,0,,manual-fix,terrads_c1a6092a4ca9,Added default for 'api_type' (was missing) and fixed a pre-existing empty-string default on 'name' that failed AWS's length validation.,531.0,4639.0,32.0,16.0,5.0
terrads_c5f41bfffb0f_manualfix,Zenodo/TerraDS,iac_benchmark/scenarios_greenfield/terrads_c5f41bfffb0f,True,True,0,0,0,0,0,,manual-fix,terrads_c5f41bfffb0f,Added default for 'project' (KMS alias naming) and relaxed an overly-narrow '~> 4.0' AWS provider pin that conflicted with tflocal's modern LocalStack endpoint overrides.,470.0,2915.0,23.0,1.0,5.0
gh_2f63765c_manualfix,awslabs/genai-idp-terraform,iac_benchmark/scenarios_greenfield/gh_2f63765c,True,True,0,0,0,0,0,,manual-fix,gh_2f63765c,"Added default for 'name_prefix' (naming string, no default previously), marked the 'user_pool_client' output sensitive (Terraform now requires this for values containing a Cognito client secret), and flipped 'deletion_protection' default from true to false so the disposable benchmark stack can actually be torn down (same class of fix as the CFN track's Cognito deletion-protection row).",584.0,4093.0,12.0,9.0,5.0
gh_b3785cbb_manualfix,Tianyi2/IRIS,iac_benchmark/scenarios_greenfield/gh_b3785cbb,True,True,0,0,0,0,0,,manual-fix,gh_b3785cbb,"Added default for 'bucket' (naming string, no default previously) and flipped 'use_account_alias_prefix' default from true to false -- LocalStack has no IAM account alias configured by default, so the data source lookup this gates returns empty and fails; disabling the (cosmetic) alias-prefixing behavior avoids the dependency.",576.0,3928.0,13.0,26.0,5.0
terrads_419e0e37caea_manualfix,Zenodo/TerraDS,iac_benchmark/scenarios_greenfield/terrads_419e0e37caea,True,True,0,0,0,0,0,,manual-fix,terrads_419e0e37caea,"Added default for 'org' (an object-typed variable with organization_name/organization_unit/environment_type/environment_name string fields, no default previously).",565.0,4120.0,13.0,14.0,5.0
terrads_d4ddfb19fb0e_manualfix,Zenodo/TerraDS,iac_benchmark/scenarios_greenfield/terrads_d4ddfb19fb0e,True,True,0,0,0,0,0,,manual-fix,terrads_d4ddfb19fb0e,"Added default for 'name' (naming string, no default previously) and relaxed an overly-narrow '~> 4.0' AWS provider pin that conflicted with tflocal's modern LocalStack endpoint overrides (same fix class as terrads_c5f41bfffb0f above).",748.0,5531.0,13.0,39.0,5.0
terrads_91c0ea8d2c68_manualfix,Zenodo/TerraDS,iac_benchmark/scenarios_greenfield/terrads_91c0ea8d2c68,True,True,0,0,0,0,0,,manual-fix,terrads_91c0ea8d2c68,Added default for 'accountID' (must be exactly 12 digits per the variable's own validation block; used LocalStack's default dummy account id '000000000000') and relaxed an overly-narrow '~> 4.0' AWS provider pin that conflicted with tflocal's modern LocalStack endpoint overrides (same fix class as terrads_c5f41bfffb0f above).,449.0,3610.0,13.0,41.0,5.0
