row_index,ground_truth_path,matched,difficulty,template_empty,resource_req,resource_gen,resource_cor,resource_missing,resource_extra,resource_cov_pct,resource_acc_pct,resource_missing_list,resource_extra_list,data_req,data_gen,data_cor,data_missing,data_extra,data_cov_pct,data_acc_pct,data_missing_list,data_extra_list,variable_req,variable_gen,variable_cor,variable_missing,variable_extra,variable_cov_pct,variable_acc_pct,variable_missing_list,variable_extra_list,output_req,output_gen,output_cor,output_missing,output_extra,output_cov_pct,output_acc_pct,output_missing_list,output_extra_list
0,iac_benchmark/scenarios/terrads_2b3dc3e26799,True,3.0,False,5,4,4,1,0,80.0,100.0,aws_kms_ciphertext,,0,4,0,0,4,0.0,0.0,,aws_iam_policy_document;aws_iam_policy_document;aws_kms_ciphertext;aws_caller_identity,37,24,1,36,23,2.7,4.17,kms_key_name;enable_kms_ciphertext;kms_key_is_enabled;kms_grant_grantee_principal;name;kms_key_enable_key_rotation;kms_external_key_deletion_window_in_days;kms_ciphertext_context;kms_grant_grant_creation_tokens;enable_kms_grant;kms_external_key_policy;kms_external_key_key_material_base64;enable_kms_alias;kms_alias_name_prefix;kms_key_key_usage;kms_key_policy;kms_grant_constraints;kms_grant_name;kms_external_key_enabled;kms_grant_retire_on_delete;kms_key_deletion_window_in_days;kms_grant_retiring_principal;tags;kms_ciphertext_plaintext;kms_key_description;kms_grant_key_id;kms_alias_name;kms_key_customer_master_key_spec;kms_external_key_description;enable_kms_key;kms_external_key_valid_to;kms_ciphertext_key_id;enable_kms_external_key;kms_external_key_name;kms_grant_operations;kms_alias_target_key_id,create_key;enable_encryption;plaintext;key_material_base64;enable_key_rotation;description;create_alias;create_grant;encryption_context_subset;key_policy;name_prefix;valid_to;alias_name;retiring_principal;operations;external_key_policy;create_external_key;deletion_window_in_days;key_spec;grantee_principal;context;key_usage;encryption_context_equals,15,7,0,15,7,0.0,0.0,kms_key_id;kms_external_key_usage;kms_grant_id;kms_external_key_arn;kms_grant_token;kms_external_key_expiration_model;kms_grant_grant_id;kms_key_arn;kms_alias_target_key_arn;kms_ciphertext_id;kms_alias_id;kms_external_key_state;kms_alias_arn;kms_external_key_id;kms_ciphertext_ciphertext_blob,encrypted_data;external_key_arn;external_key_id;key_id;key_arn;grant_id;alias_arn
1,iac_benchmark/scenarios/terrads_037b2fe08aa0,True,3.0,False,5,11,5,0,6,100.0,45.45,,aws_acm_certificate_validation;aws_iam_role;aws_iam_role_policy;aws_route53_zone;aws_route53_record;aws_acm_certificate,0,1,0,0,1,0.0,0.0,,aws_iam_policy_document,43,17,8,35,9,18.6,47.06,generate_secret;name;allow_admin_create_user_only;logout_urls;access_token_validity;write_attributes;allowed_oauth_scopes;sms_verification_message;domain;precedence;invite_message_template;email_verification_subject;enable_token_revocation;token_validity_units;recovery_mechanism;id_token_validity;challenge_required_on_new_device;explicit_auth_flows;create_route53_record;supported_identity_providers;zone_id;refresh_token_validity;email_verification_message;sms_authentication_message;user_group;role_arn;read_attributes;prevent_user_existence_errors;allowed_oauth_flows_user_pool_client;callback_urls;allowed_oauth_flows;clients;case_sensitive;cert_arn;device_only_remembered_on_user_prompt,custom_domain_name;admin_create_user_config;user_pool_clients;account_recovery_setting;username_configuration;device_configuration;email_configuration;user_pool_name;user_group_config,2,0,0,2,0,0.0,0.0,clients_id;arn,
2,iac_benchmark/scenarios/terrads_c97056850842,True,4.0,False,15,15,15,0,0,100.0,100.0,,,0,1,0,0,1,0.0,0.0,,aws_availability_zones,10,2,2,8,0,20.0,100.0,tag-env;admin_port;region;tgw_id;tags;tgw_rt-association_id;tgw_rt-propagation_id;vpc_cidr,,6,15,1,5,14,16.67,6.67,nsg_ids;fgt_ni_ips;subnet_az1_ids;subnet_az1_cidrs;fgt_ni_ids,public_eni_id;bastion_sg_id;allow_all_sg_id;public_subnet_cidr;public_subnet_id;bastion_subnet_cidr;private_subnet_cidr;private_eni_ip;private_sg_id;bastion_subnet_id;public_eni_ip;private_subnet_id;private_eni_id;public_sg_id
3,iac_benchmark/scenarios/gh_b7d56bc5,True,4.0,False,18,4,2,16,2,11.11,50.0,aws_iam_user_policy;aws_iam_user_policy;aws_iam_user_policy;aws_iam_user_policy;aws_iam_user_policy;aws_iam_user_policy;aws_iam_user_policy;aws_iam_user_policy;aws_iam_user_policy;aws_iam_user_policy;aws_iam_user_policy;aws_iam_user_policy;aws_iam_access_key;aws_iam_access_key;aws_iam_user;aws_iam_user,aws_iam_user_policy_attachment;aws_iam_policy,0,0,0,0,0,100.0,100.0,,,0,0,0,0,0,100.0,100.0,,,0,0,0,0,0,100.0,100.0,,
4,iac_benchmark/scenarios/gh_75c55509,True,4.0,False,8,10,8,0,2,100.0,80.0,,aws_kms_key;aws_cloudwatch_log_group,0,0,0,0,0,100.0,100.0,,,62,19,2,60,17,3.23,10.53,route53_key_signing_key_key_management_service_arn;route53_record_failover_routing_policy;route53_vpc_association_authorization_vpc_id;route53_delegation_set_reference_name;enable_route53_vpc_association_authorization;route53_record_geolocation_routing_policy;route53_zone_association_vpc_id;route53_health_check_type;route53_zone_name;route53_record_weighted_routing_policy;route53_health_check_search_string;route53_record_records;route53_zone_association_zone_id;route53_query_log_cloudwatch_log_group_arn;route53_zone_association_vpc_region;route53_health_check_port;enable_route53_key_signing_key;route53_record_type;route53_record_name;route53_key_signing_key_hosted_zone_id;route53_health_check_cloudwatch_alarm_name;enable_route53_query_log;enable_route53_zone;route53_health_check_cloudwatch_alarm_region;route53_record_allow_overwrite;route53_vpc_association_authorization_zone_id;route53_record_ttl;route53_query_log_zone_id;route53_key_signing_key_name;environment;route53_health_check_disabled;route53_record_set_identifier;route53_record_multivalue_answer_routing_policy;route53_record_health_check_id;route53_key_signing_key_status;route53_health_check_resource_path;route53_zone_vpc;enable_route53_record;route53_health_check_child_health_threshold;route53_health_check_ip_address;route53_record_alias;route53_record_parent_zone_id;route53_health_check_measure_latency;route53_zone_delegation_set_id;route53_zone_comment;enable_route53_health_check;enable_route53_delegation_set;route53_health_check_request_interval;route53_health_check_failure_threshold;route53_health_check_regions;route53_health_check_name;route53_health_check_child_healthchecks;route53_health_check_invert_healthcheck;route53_health_check_fqdn;enable_route53_zone_association;route53_record_latency_routing_policy;route53_health_check_enable_sni;route53_zone_force_destroy;route53_health_check_reference_name;route53_health_check_insufficient_data_health_status,enable_vpc_association_authorization;records;enable_dnssec;log_group_name;delegation_set_reference_name;vpc_id;comment;private_zone;kms_key_arn;enable_query_logging;health_checks;force_destroy;enable_delegation_set;zone_associations;vpc_association_authorization;vpc_region;enable_zone_association,25,0,0,25,0,0.0,0.0,route53_key_signing_key_digest_value;route53_record_fqdn;route53_key_signing_key_signing_algorithm_mnemonic;route53_key_signing_key_public_key;route53_health_check_id;route53_key_signing_key_flag;route53_zone_association_id;route53_key_signing_key_dnskey_record;route53_key_signing_key_key_tag;aws_route53_zone_zone_id;route53_record_name;route53_delegation_set_id;route53_zone_association_vpc_id;route53_key_signing_key_digest_algorithm_mnemonic;route53_vpc_association_authorization_id;aws_route53_zone_name_servers;route53_query_log_id;route53_key_signing_key_digest_algorithm_type;aws_route53_zone_id;route53_zone_association_zone_id;route53_delegation_set_name_servers;route53_key_signing_key_id;route53_key_signing_key_signing_algorithm_type;route53_zone_association_vpc_region;route53_key_signing_key_ds_record,
5,iac_benchmark/scenarios/terrads_ba0c51a35dac,True,3.0,False,11,11,8,3,3,72.73,72.73,aws_route;aws_security_group_rule;aws_security_group_rule,aws_route_table_association;aws_subnet;aws_subnet,0,1,0,0,1,0.0,0.0,,aws_availability_zones,6,0,0,6,0,0.0,0.0,other_subnet_indexes;ntier_region;ntier_cidr;web_subnet_indexes;ntier_subnet_azs;ntier_subnet_tags,,1,1,0,1,1,0.0,0.0,vpcid,vpc_id
6,iac_benchmark/scenarios/terrads_b399f0e51686,True,5.0,False,13,13,11,2,2,84.62,84.62,random_string;aws_kms_key_policy,aws_s3_bucket_server_side_encryption_configuration;aws_s3_bucket_public_access_block,3,6,1,2,5,33.33,16.67,aws_partition;aws_region,aws_iam_policy_document;aws_iam_policy_document;aws_iam_policy_document;aws_iam_policy_document;aws_iam_policy_document,18,15,4,14,11,22.22,26.67,cloudtrail_name;include_management_events;include_global_service_events;create_sns_topic;existing_sns_topic_arn;is_multi_region_trail;rw_type;bucket_force_destroy;insight_selector;enable_s3_bucket_versioning;enable_logging;log_retention_days;decrypt_role_arn;data_resource_type,role_name;insight_selectors;enable_versioning;retention_days;enable_sns;force_destroy;kms_alias_name;name_prefix;read_write_type;log_group_name;trail_name,8,0,0,8,0,0.0,0.0,sns_topic_arn;cloudtrail_id;kms_key_id;s3_bucket_arn;cloudtrail_arn;s3_bucket_id;kms_key_arn;cloudwatch_log_group_arn,
7,iac_benchmark/scenarios/terrads_01d04d611b22,True,5.0,False,14,14,8,6,6,57.14,57.14,aws_vpc_security_group_egress_rule;aws_vpc_security_group_egress_rule;aws_vpc_security_group_ingress_rule;aws_vpc_security_group_ingress_rule;aws_vpc_security_group_ingress_rule;aws_vpc_security_group_ingress_rule,aws_security_group_rule;aws_security_group_rule;aws_security_group_rule;aws_security_group_rule;aws_security_group_rule;aws_security_group_rule,0,1,0,0,1,0.0,0.0,,aws_availability_zones,11,1,0,11,1,0.0,0.0,enable_dns_hostnames;enable_dns_support;ipv4_subnets_new_bits;vpc_ip4_cidr_block;is_ipv6_enabled;aws_profile;instance_tenancy;environment;aws_region;ipv6_subnets_new_bits;sn_details,tags,9,0,0,9,0,0.0,0.0,vpc_default_network_acl_id;app_sg_id;web_sg_id;vpc_arn;subnets_ids;vpc_ip4_cidr_block;db_sg_id;vpc_id;vpc_ipv6_cidr_block,
8,iac_benchmark/scenarios/terrads_01334dedc4eb,True,5.0,False,19,19,19,0,0,100.0,100.0,,,0,1,0,0,1,0.0,0.0,,aws_availability_zones,10,3,3,7,0,30.0,100.0,tag-env;region;vpc-sec_cidr;tgw_id;tags;tgw_rt-association_id;tgw_rt-propagation_id,,6,8,0,6,8,0.0,0.0,vpc-sec_id;nsg_ids;subnet_az1_ids;fgt_ni_ips;subnet_az1_cidrs;fgt_ni_ids,private_interface_ip;subnet_ids;public_interface_id;private_interface_id;security_group_ids;public_interface_ip;vpc_id;subnet_cidrs
9,iac_benchmark/scenarios/gh_8159ec72,True,5.0,False,14,31,13,1,18,92.86,41.94,aws_ses_active_receipt_rule_set,aws_kinesis_firehose_delivery_stream;aws_cloudwatch_log_group;aws_iam_role;aws_iam_role;aws_s3_bucket;aws_s3_bucket;aws_s3_bucket_versioning;aws_s3_bucket_server_side_encryption_configuration;aws_ses_event_destination;aws_ses_event_destination;aws_iam_role_policy;aws_sns_topic;aws_sns_topic;aws_sns_topic;null_resource;aws_lambda_function;aws_s3_bucket_public_access_block;aws_s3_bucket_public_access_block,0,0,0,0,0,100.0,100.0,,,62,26,2,60,24,3.23,7.69,ses_receipt_rule_add_header_action;ses_receipt_rule_bounce_action;enable_ses_receipt_rule_set;ses_domain_mail_from_domain;enable_ses_domain_identity_verification;ses_event_destination_configuration_set_name;ses_event_destination_kinesis_destination;ses_receipt_rule_stop_action;enable_ses_event_destination;enable_ses_receipt_filter;ses_identity_policy_name;ses_configuration_set_delivery_options;ses_template_name;ses_domain_mail_from_mail_from_domain;ses_identity_notification_topic_identity;ses_receipt_rule_tls_policy;ses_domain_identity_verification_domain;ses_template_subject;ses_receipt_rule_lambda_action;ses_receipt_rule_rule_set_name;ses_receipt_filter_stack;ses_template_text;enable_ses_domain_identity;ses_identity_notification_topic_notification_type;ses_receipt_rule_name;ses_event_destination_matching_types;ses_event_destination_sns_destination;ses_receipt_rule_set_rule_set_name;ses_receipt_rule_enabled;enable_ses_domain_dkim;ses_receipt_rule_scan_enabled;enable_ses_receipt_rule;ses_domain_dkim_domain;ses_receipt_rule_workmail_action;ses_active_receipt_rule_set_rule_set_name;ses_identity_notification_topic_include_original_headers;ses_receipt_rule_recipients;enable_ses_template;ses_email_identity_emails;ses_event_destination_name;ses_template_html;ses_domain_mail_from_behavior_on_mx_failure;enable_ses_email_identity;enable_ses_configuration_set;ses_receipt_rule_s3_action;enable_ses_domain_mail_from;ses_configuration_set_name;enable_ses_active_receipt_rule_set;ses_configuration_set_reputation_metrics_enabled;ses_event_destination_enabled;ses_domain_identity_domains;ses_receipt_rule_sns_action;ses_identity_notification_topic_topic_arn;ses_receipt_rule_after;ses_identity_policy_identity;ses_event_destination_cloudwatch_destination;enable_ses_identity_notification_topic;ses_identity_policy_policy;enable_ses_identity_policy;ses_configuration_set_sending_enabled,enable_receipt_rule_set;enable_receipt_rule;enable_add_header_action;enable_email_identity;enable_event_destination_sns;enable_domain_verification;enable_workmail_action;enable_event_destination_kinesis;enable_stop_action;enable_domain_identity;email;enable_notification_topic;enable_identity_policy;enable_lambda_action;domain;enable_bounce_action;enable_sns_action;enable_s3_action;enable_event_destination_cloudwatch;enable_mail_from;enable_configuration_set;enable_template;enable_dkim;enable_receipt_filter,27,40,0,27,40,0.0,0.0,ses_event_destination_arn;ses_domain_identity_verification_id;ses_template_id;ses_identity_notification_topic_id;ses_receipt_rule_arn;ses_configuration_set_id;ses_domain_identity_id;ses_domain_identity_verification_arn;ses_active_receipt_rule_set_id;ses_template_arn;ses_event_destination_id;ses_identity_policy_id;ses_receipt_rule_set_id;ses_domain_identity_verification_token;ses_receipt_filter_id;ses_email_identity_id;ses_receipt_rule_id;ses_active_receipt_rule_set_arn;ses_domain_mail_from_id;ses_domain_dkim_dkim_tokens;ses_configuration_set_last_fresh_start;ses_email_identity_arn;ses_receipt_filter_arn;ses_domain_dkim_id;ses_receipt_rule_set_arn;ses_domain_identity_arn;ses_configuration_set_arn,mail_from_id;event_destination_cloudwatch_arn;mail_from_domain;receipt_rule_arn;receipt_filter_name;domain_dkim_tokens;template_name;notification_topic_bounce_arn;notification_topic_delivery_arn;event_destination_sns_name;email_identity_arn;event_destination_sns_id;event_destination_kinesis_arn;configuration_set_name;event_destination_cloudwatch_id;template_id;event_destination_cloudwatch_name;receipt_filter_id;identity_policy_name;identity_policy_id;template_arn;configuration_set_id;receipt_rule_set_arn;receipt_rule_set_id;domain_identity_id;domain_dkim_id;receipt_rule_id;domain_verification_verification_token;configuration_set_arn;domain_verification_id;receipt_filter_arn;event_destination_sns_arn;email_identity_id;domain_identity_verification_token;domain_identity_arn;receipt_rule_set_name;event_destination_kinesis_name;notification_topic_complaint_arn;receipt_rule_name;event_destination_kinesis_id
10,iac_benchmark/scenarios/terrads_84f64c0c2376,True,5.0,False,14,21,13,1,8,92.86,61.9,aws_ses_event_destination,aws_cloudwatch_log_group;aws_s3_bucket;aws_s3_bucket_versioning;aws_s3_bucket_server_side_encryption_configuration;aws_sesv2_configuration_set_event_destination;aws_sns_topic;random_id;aws_s3_bucket_public_access_block,0,2,0,0,2,0.0,0.0,,aws_iam_policy_document;aws_caller_identity,62,21,14,48,7,22.58,66.67,ses_receipt_rule_add_header_action;ses_receipt_rule_bounce_action;ses_domain_mail_from_domain;name;ses_event_destination_configuration_set_name;ses_event_destination_kinesis_destination;ses_receipt_rule_stop_action;enable_ses_event_destination;ses_identity_policy_name;ses_configuration_set_delivery_options;ses_template_name;ses_domain_mail_from_mail_from_domain;ses_identity_notification_topic_identity;ses_receipt_rule_tls_policy;ses_domain_identity_verification_domain;ses_template_subject;ses_receipt_rule_lambda_action;ses_receipt_rule_rule_set_name;ses_receipt_filter_stack;ses_template_text;ses_identity_notification_topic_notification_type;ses_receipt_rule_name;ses_event_destination_matching_types;ses_event_destination_sns_destination;ses_receipt_rule_set_rule_set_name;ses_receipt_rule_enabled;ses_receipt_rule_scan_enabled;ses_domain_dkim_domain;ses_receipt_rule_workmail_action;ses_active_receipt_rule_set_rule_set_name;ses_identity_notification_topic_include_original_headers;ses_receipt_rule_recipients;ses_email_identity_emails;ses_event_destination_name;ses_template_html;ses_domain_mail_from_behavior_on_mx_failure;ses_receipt_rule_s3_action;ses_configuration_set_name;ses_configuration_set_reputation_metrics_enabled;ses_event_destination_enabled;ses_domain_identity_domains;ses_receipt_rule_sns_action;ses_identity_notification_topic_topic_arn;ses_receipt_rule_after;ses_identity_policy_identity;ses_event_destination_cloudwatch_destination;ses_identity_policy_policy;ses_configuration_set_sending_enabled,ses_receipt_filters;ses_receipt_rules;ses_domains;name_prefix;ses_emails;enable_ses_configuration_set_event_destination;ses_templates,27,20,1,26,19,3.7,5.0,ses_event_destination_arn;ses_domain_identity_verification_id;ses_template_id;ses_identity_notification_topic_id;ses_receipt_rule_arn;ses_domain_mail_from_id;ses_configuration_set_id;ses_domain_identity_id;ses_domain_identity_verification_arn;ses_domain_dkim_dkim_tokens;ses_active_receipt_rule_set_id;ses_template_arn;ses_configuration_set_last_fresh_start;ses_email_identity_arn;ses_receipt_filter_arn;ses_event_destination_id;ses_identity_policy_id;ses_receipt_rule_set_id;ses_domain_dkim_id;ses_receipt_rule_set_arn;ses_domain_identity_verification_token;ses_domain_identity_arn;ses_receipt_filter_id;ses_email_identity_id;ses_receipt_rule_id;ses_active_receipt_rule_set_arn,ses_identity_policy_ids;ses_configuration_set_event_destination_id;ses_sns_topic_arns;ses_identity_notification_topic_ids;ses_active_receipt_rule_set_name;ses_domain_dkim_tokens;ses_template_ids;ses_configuration_set_name;ses_email_identity_arns;ses_receipt_rule_set_name;ses_receipt_filter_ids;ses_domain_identity_verification_ids;ses_email_identity_ids;s3_bucket_ids_for_receipt_rules;ses_template_names;ses_domain_mail_from_mail_from_domains;ses_domain_identity_ids;ses_domain_identity_arns;ses_receipt_rule_ids
11,iac_benchmark/scenarios/terrads_c5fb6e784997,True,4.0,False,18,26,18,0,8,100.0,69.23,,tls_private_key;aws_nat_gateway;aws_iam_role_policy;aws_iam_instance_profile;aws_key_pair;aws_kms_key;aws_kms_alias;aws_eip,1,1,0,1,1,0.0,0.0,aws_ami,aws_availability_zones,3,3,2,1,1,66.67,66.67,business_divsion,business_division,0,0,0,0,0,100.0,100.0,,
12,iac_benchmark/scenarios/terrads_f5e9cc30bc08,True,4.0,False,8,20,8,0,12,100.0,40.0,,aws_s3_object;aws_sqs_queue;aws_iam_role_policy_attachment;aws_lambda_function_event_invoke_config;aws_iam_role;aws_signer_signing_profile;aws_kms_key;aws_s3_bucket;aws_s3_bucket_versioning;aws_s3_bucket_server_side_encryption_configuration;aws_dynamodb_table;aws_s3_bucket_public_access_block,0,6,0,0,6,0.0,0.0,,archive_file;aws_partition;aws_s3_object;aws_region;aws_availability_zones;aws_caller_identity,79,19,1,78,18,1.27,5.26,lambda_event_source_mapping_starting_position_timestamp;enable_lambda_function_event_invoke_config;lambda_layer_version_license_info;name;lambda_function_timeouts;enable_lambda_layer_version;lambda_event_source_mapping_event_source_arn;enable_lambda_permission;lambda_permission_action;lambda_function_runtime;lambda_function_vpc_config;lambda_event_source_mapping_enabled;lambda_event_source_mapping_maximum_retry_attempts;lambda_alias_description;lambda_code_signing_config_description;lambda_function_event_invoke_config_destination_config;lambda_code_signing_config_policies;lambda_function_s3_key;lambda_function_dead_letter_config;lambda_provisioned_concurrency_config_function_name;lambda_alias_routing_config;lambda_event_source_mapping_starting_position;lambda_provisioned_concurrency_config_timeouts;lambda_function_timeout;lambda_alias_name;lambda_function_kms_key_arn;lambda_event_source_mapping_function_name;lambda_function_event_invoke_config_maximum_event_age_in_seconds;lambda_function_name;lambda_event_source_mapping_bisect_batch_on_function_error;lambda_permission_function_name;lambda_permission_event_source_token;lambda_event_source_mapping_destination_config;lambda_function_event_invoke_config_qualifier;lambda_function_description;lambda_function_tracing_config;lambda_function_reserved_concurrent_executions;lambda_provisioned_concurrency_config_provisioned_concurrent_executions;lambda_event_source_mapping_parallelization_factor;lambda_function_event_invoke_config_maximum_retry_attempts;lambda_function_role;lambda_permission_qualifier;lambda_function_s3_bucket;enable_lambda_function;lambda_permission_statement_id_prefix;lambda_event_source_mapping_batch_size;lambda_function_event_invoke_config_function_name;lambda_layer_version_s3_object_version;lambda_alias_function_name;lambda_function_publish;enable_lambda_provisioned_concurrency_config;lambda_layer_version_description;lambda_layer_version_filename;lambda_layer_version_source_code_hash;lambda_code_signing_config_allowed_publishers;lambda_function_filename;enable_lambda_alias;lambda_provisioned_concurrency_config_qualifier;lambda_event_source_mapping_maximum_batching_window_in_seconds;lambda_alias_function_version;lambda_function_source_code_hash;lambda_permission_principal;lambda_function_handler;lambda_layer_version_compatible_runtimes;lambda_permission_statement_id;lambda_permission_source_arn;lambda_layer_version_layer_name;tags;lambda_layer_version_s3_key;lambda_function_s3_object_version;lambda_function_memory_size;lambda_function_layers;lambda_function_environment;lambda_event_source_mapping_maximum_record_age_in_seconds;lambda_layer_version_s3_bucket;enable_lambda_event_source_mapping;enable_code_signing_config;lambda_permission_source_account,enable_code_signing;maximum_event_age_in_seconds;layer_local_path;provisioned_concurrent_executions;signing_profile_version_arns;routing_config;enable_lambda_layer;layer_s3_key;enable_provisioned_concurrency;layer_source_type;enable_sqs_event;source_arn;principal;app_name;enable_cross_account_permission;maximum_retry_attempts;enable_dynamodb_stream;handler,27,0,0,27,0,0.0,0.0,lambda_function_event_invoke_config_id;lambda_event_source_mapping_uuid;lambda_layer_version_arn;lambda_function_arn;lambda_alias_invoke_arn;lambda_code_signing_config_id;lambda_layer_version_created_date;lambda_function_kms_key_arn;lambda_event_source_mapping_state;lambda_permission_id;lambda_function_source_code_size;lambda_layer_version_source_code_size;lambda_provisioned_concurrency_config_id;lambda_alias_arn;lambda_event_source_mapping_function_arn;lambda_function_qualified_arn;lambda_code_signing_config_last_modified;lambda_layer_version_version;lambda_function_last_modified;lambda_event_source_mapping_state_transition_reason;lambda_layer_version_layer_arn;lambda_code_signing_config_config_id;lambda_event_source_mapping_last_processing_result;lambda_function_invoke_arn;lambda_event_source_mapping_last_modifiedn;lambda_function_source_code_hash;lambda_code_signing_config_arn,
13,iac_benchmark/scenarios/gh_3a4dde50,True,5.0,False,12,4,0,12,4,0.0,0.0,aws_waf_sql_injection_match_set;aws_waf_size_constraint_set;aws_waf_rate_based_rule;aws_waf_xss_match_set;aws_waf_byte_match_set;aws_waf_rule_group;aws_waf_rule;aws_waf_ipset;aws_waf_regex_pattern_set;aws_waf_geo_match_set;aws_waf_regex_match_set;aws_waf_web_acl,aws_wafv2_regex_pattern_set;aws_wafv2_ip_set;aws_wafv2_rule_group;aws_wafv2_web_acl,0,0,0,0,0,100.0,100.0,,,47,13,12,35,1,25.53,92.31,waf_rule_group_metric_name;name;waf_rule_predicates;waf_web_acl_name;waf_size_constraint_set_name;waf_geo_match_set_name;waf_web_acl_logging_configuration;waf_web_acl_default_action;sql_injection_match_tuples;waf_ipset_name;waf_regex_match_set_name;waf_regex_match_set_regex_match_tuple;waf_regex_pattern_set_regex_pattern_strings;waf_web_acl_rules;waf_rate_based_rule_rate_limit;waf_geo_match_set_geo_match_constraint;waf_ipset_ip_set_descriptors;waf_rate_based_rule_name;waf_rule_group_activated_rule;waf_rate_based_rule_rate_key;tags;waf_sql_injection_match_set_name;waf_rule_metric_name;waf_rule_group_name;waf_byte_match_set_name;waf_rate_based_rule_predicates;waf_size_constraint_set_size_constraints;waf_xss_match_set_xss_match_tuples;waf_regex_pattern_set_name;waf_web_acl_metric_name;waf_xss_match_set_name;enable_waf_rule;waf_rate_based_rule_metric_name;waf_byte_match_set_byte_match_tuples;waf_rule_name,name_prefix,22,0,0,22,0,0.0,0.0,waf_web_acl_id;waf_regex_match_set_arn;waf_byte_match_set_id;waf_regex_pattern_set_arn;waf_size_constraint_set_arn;waf_ipset_id;waf_rule_id;waf_rule_group_id;waf_ipset_arn;waf_geo_match_set_id;waf_web_acl_arn;waf_size_constraint_set_id;waf_rule_group_arn;waf_rate_based_rule_id;waf_regex_match_set_id;waf_xss_match_set_arn;waf_xss_match_set_id;waf_geo_match_set_arn;waf_rate_based_rule_arn;waf_sql_injection_match_set_id;waf_regex_pattern_set_id;waf_rule_arn,
14,iac_benchmark/scenarios/terrads_8ecc16737478,True,3.0,False,8,14,2,6,12,25.0,14.29,aws_vpc_security_group_egress_rule;aws_vpc_security_group_egress_rule;aws_vpc_security_group_egress_rule;aws_vpc_security_group_egress_rule;aws_vpc_security_group_ingress_rule;aws_vpc_security_group_ingress_rule,aws_internet_gateway;aws_nat_gateway;aws_vpc;aws_security_group_rule;aws_security_group_rule;aws_route_table;aws_route_table;aws_route_table_association;aws_route_table_association;aws_eip;aws_subnet;aws_subnet,1,1,1,0,0,100.0,100.0,,,0,2,0,0,2,0.0,0.0,,vpc_cidr;subnet_cidrs,5,0,0,5,0,0.0,0.0,cluster2_additional_sg_id;vpc_cidr;subnet_ids;cluster1_additional_sg_id;vpc_id,
15,iac_benchmark/scenarios/terrads_31b9a6dde088,True,4.0,False,10,17,9,1,8,90.0,52.94,aws_iam_role_policy_attachment,aws_efs_access_point;aws_vpc;aws_iam_role_policy;aws_cloudwatch_log_group;aws_efs_file_system;aws_subnet;aws_security_group;aws_efs_mount_target,0,2,0,0,2,0.0,0.0,,archive_file;aws_availability_zones,9,3,0,9,3,0.0,0.0,vpc;filesystem;tracing;policy_arns;name;layer;tags;lambda;logs,lambda_functions;prefix;common_tags,4,0,0,4,0,0.0,0.0,logs;alias;layer;function,
16,iac_benchmark/scenarios/gh_7b224d4a,True,3.0,False,7,12,7,0,5,100.0,58.33,,aws_s3_bucket;aws_s3_bucket_public_access_block;aws_wafv2_web_acl;aws_s3_bucket_server_side_encryption_configuration;aws_kms_key,0,1,0,0,1,0.0,0.0,,aws_caller_identity,0,1,0,0,1,0.0,0.0,,tags,0,0,0,0,0,100.0,100.0,,
17,iac_benchmark/scenarios/terrads_82192fbc1740,True,5.0,False,17,22,14,3,8,82.35,63.64,aws_efs_access_point;aws_security_group_rule;aws_security_group_rule,aws_vpc;aws_iam_role_policy_attachment;aws_route_table;aws_cloudwatch_log_group;aws_subnet;aws_kms_key;aws_route_table_association;aws_internet_gateway,4,3,1,3,2,25.0,33.33,aws_iam_policy_document;aws_iam_policy_document;aws_iam_policy_document,aws_availability_zones;aws_region,32,1,1,31,0,3.12,100.0,kms_key_id;sftp_security_group_rules;create_efs_security_group;eip_ids;throughput_mode;create_sftp_security_group;provided_iam_role_arn;region;security_policy_name;security_groups;is_public;additional_access_points;vpc_id;subnets;logging_enabled;sftp_security_group_name;endpoint_type;home_directory_type;efs_name;tags;encrypted;home_directory;enable_user_access_point;efs_security_group_name;efs_security_group_rules;sftp_domain;sftp_security_group_ids;create_iam_role;identity_provider_type;sftp_name;performance_mode,,14,0,0,14,0,0.0,0.0,efs_file_system_id;efs_mount_target_ids;iam_role_arn;sftp_security_group_id;efs_mount_target_dns_names;sftp_user_usernames;efs_file_system_arn;sftp_server_arn;sftp_server_endpoint;sftp_elastic_ips;user_access_points;additional_access_points;efs_security_group_id;sftp_server_id,
18,iac_benchmark/scenarios/gh_0af37618,True,3.0,False,10,10,10,0,0,100.0,100.0,,,3,2,2,1,0,66.67,100.0,aws_region,,6,6,5,1,1,83.33,83.33,env,environment,8,8,3,5,5,37.5,37.5,private_subnet_cidrs;region;account_id;public_subnet_cidrs;vpc_cidr,public_subnet_cidr_blocks;private_subnet_cidr_blocks;aws_account_id;region_description;vpc_cidr_block
19,iac_benchmark/scenarios/terrads_b26db08be605,True,5.0,False,36,40,23,13,17,63.89,57.5,aws_alb_listener;aws_alb_listener;aws_iam_policy_attachment;aws_alb;aws_subnet;aws_subnet;aws_subnet;aws_subnet;aws_alb_target_group;aws_route_table_association;aws_route_table_association;aws_route_table_association;aws_route_table_association,aws_secretsmanager_secret;aws_lb_target_group;aws_acm_certificate_validation;aws_iam_policy;aws_iam_policy;aws_iam_role_policy_attachment;aws_iam_role_policy_attachment;aws_secretsmanager_secret_version;aws_wafv2_web_acl;aws_lb;aws_lb_listener;aws_vpc_endpoint;aws_vpc_endpoint;aws_vpc_endpoint;aws_vpc_endpoint;aws_security_group;aws_cloudfront_distribution,0,1,0,0,1,0.0,0.0,,aws_availability_zones,1,10,0,1,10,0.0,0.0,AWS_REGION,pgid;memory;workspace_path;hashed_password;timezone;subdomain;container_port;cpu;domain_name;puid,1,0,0,1,0,0.0,0.0,ns-servers,
20,iac_benchmark/scenarios/terrads_e0aca3ee1a17,True,3.0,False,9,8,8,1,0,88.89,100.0,aws_security_group_rule,,1,1,1,0,0,100.0,100.0,,,5,8,4,1,4,80.0,50.0,number_of_availability_zones,map_public_ip_on_launch;az_count;environment;egress_cidr_blocks,2,2,1,1,1,50.0,50.0,public_sg,security_group_id
21,iac_benchmark/scenarios/terrads_25476de431a3,True,4.0,False,8,12,6,2,6,75.0,50.0,random_string;aws_iam_policy_attachment,aws_s3_object;random_id;aws_iam_user_policy_attachment;aws_kms_key;aws_s3_bucket_versioning;aws_s3_bucket_server_side_encryption_configuration,1,1,0,1,1,0.0,0.0,aws_region,aws_iam_policy_document,15,7,1,14,6,6.67,14.29,image_format;aws_iam_policy;upload_image;image_filename;s3_folder;aws_iam_username;zedcloud_image_name;random_suffix;random_string_length;force_destroy;create_folder;create_iam_user;zedcloud_datastore_name;path,folder_enabled;folder_name;iam_policy_name;create_random_suffix;image_file_path;iam_user_name,12,4,0,12,4,0.0,0.0,zcli_datastore_command_fmt;zcli_datastore_command;zcli_image_command;aws_access_secret;s3_bucket_name;s3_fqdn_path_url;s3_region_name;s3_image_name;zcli_image_command_fmt;aws_access_key_id;s3_bucket_path;s3_fqdn_virtual_url,access_key_id;zcli_create_image;secret_access_key;zcli_register_datastore
22,iac_benchmark/scenarios/terrads_2a8715e9108a,True,4.0,False,10,13,7,3,6,70.0,53.85,aws_s3_bucket_object;aws_s3_bucket_policy;aws_s3_bucket_policy,aws_s3_object;aws_s3_bucket_logging;aws_s3_bucket_versioning;aws_s3_bucket_versioning;aws_s3_bucket_server_side_encryption_configuration;aws_s3_bucket_server_side_encryption_configuration,1,3,1,0,2,100.0,33.33,,aws_region;aws_iam_policy_document,5,0,0,5,0,0.0,0.0,tfstate_bucket_name_prefix;environment;s3_logs_bucket_name_prefix;aws_region;tfstate_lock_table_name,,3,0,0,3,0,0.0,0.0,account_id;caller_user;caller_arn,
23,iac_benchmark/scenarios/terrads_765efd6394eb,True,4.0,False,9,8,5,4,3,55.56,62.5,aws_app_cookie_stickiness_policy;aws_lb_cookie_stickiness_policy;aws_lb_ssl_negotiation_policy;aws_proxy_protocol_policy,aws_load_balancer_policy;aws_load_balancer_policy;aws_load_balancer_policy,0,0,0,0,0,100.0,100.0,,,44,31,1,43,30,2.27,3.23,elb_idle_timeout;load_balancer_backend_server_policy_instance_port;load_balancer_listener_policy_policy_names;name;enable_elb;elb_attachment_instances;elb_security_groups;enable_load_balancer_listener_policy;load_balancer_listener_policy_load_balancer_name;load_balancer_backend_server_policy_load_balancer_name;elb_name;elb_internal;lb_cookie_stickiness_policy_stack;load_balancer_listener_policy_load_balancer_port;lb_ssl_negotiation_policy_load_balancer;load_balancer_policy_policy_name;enable_load_balancer_backend_server_policy;app_cookie_stickiness_policy_stack;elb_access_logs;elb_subnets;enable_lb_ssl_negotiation_policy;elb_connection_draining;elb_availability_zones;enable_elb_attachment;lb_ssl_negotiation_policy_name;enable_load_balancer_policy;tags;elb_health_check;load_balancer_policy_load_balancer_name;load_balancer_policy_policy_type_name;load_balancer_policy_policy_attribute;elb_listener;enable_lb_cookie_stickiness_policy;lb_ssl_negotiation_policy_lb_port;elb_connection_draining_timeout;enable_proxy_protocol_policy;elb_attachment_elb_id;enable_app_cookie_stickiness_policy;load_balancer_backend_server_policy_policy_names;elb_cross_zone_load_balancing;lb_ssl_negotiation_policy_attribute;proxy_protocol_policy_instance_ports;proxy_protocol_policy_load_balancer,listeners;connection_draining;enable_ssl_negotiation;ssl_security_policy;proxy_protocol_version;proxy_protocol_policy_name;access_logs;health_check;name_prefix;cookie_name;idle_timeout;backend_policy_names_map;enable_proxy_protocol;security_groups;create_elb;lb_cookie_policy_name;internal;enable_app_cookie_stickiness;subnets;enable_backend_server_policy;listener_policy_names_map;enable_listener_policy;instance_attachments;enable_instance_attachment;app_cookie_policy_name;enable_lb_cookie_stickiness;ssl_negotiation_policy_name;lb_cookie_expiration_period;connection_draining_timeout;cross_zone_load_balancing,35,0,0,35,0,0.0,0.0,lb_ssl_negotiation_policy_id;load_balancer_backend_server_policy_instance_port;elb_dns_name;app_cookie_stickiness_policy_load_balancer;lb_cookie_stickiness_policy_id;load_balancer_listener_policy_load_balancer_name;load_balancer_backend_server_policy_load_balancer_name;elb_name;app_cookie_stickiness_policy_lb_port;load_balancer_listener_policy_load_balancer_port;lb_ssl_negotiation_policy_load_balancer;app_cookie_stickiness_policy_id;elb_source_security_group_id;load_balancer_policy_policy_name;elb_source_security_group;lb_cookie_stickiness_policy_cookie_expiration_period;elb_attachment_id;load_balancer_listener_policy_id;elb_id;lb_ssl_negotiation_policy_name;load_balancer_backend_server_policy_id;app_cookie_stickiness_policy_name;elb_arn;app_cookie_stickiness_policy_cookie_name;lb_cookie_stickiness_policy_name;proxy_protocol_policy_id;load_balancer_policy_load_balancer_name;load_balancer_policy_policy_type_name;lb_ssl_negotiation_policy_lb_port;elb_instances;load_balancer_policy_id;lb_cookie_stickiness_policy_load_balancer;lb_cookie_stickiness_policy_lb_port;lb_ssl_negotiation_policy_attribute;elb_zone_id,
24,iac_benchmark/scenarios/terrads_3e8cb545e8ce,True,3.0,False,5,5,4,1,1,80.0,80.0,aws_ecr_repository_policy,aws_ecrpublic_repository_policy,7,0,0,7,0,0.0,0.0,aws_iam_policy_document;aws_iam_policy_document;aws_iam_policy_document;aws_iam_policy_document;aws_iam_policy_document;aws_iam_policy_document;aws_iam_policy_document,,16,6,0,16,6,0.0,0.0,timeouts;image_tag_mutability;tags;scan_on_push;enable;repository_force_delete;repository_name;max_untagged_image_count;max_image_count;encryption_type;principals_full_access;enable_private_ecr;public_repository_catalog_data;enable_public_ecr;principals_readonly_access;kms_key,visibility;read_principals;untagged_image_count;write_principals;repo_name;max_tagged_images,4,4,2,2,2,50.0,50.0,registry_url;arn,repository_url;repository_arn
25,iac_benchmark/scenarios/gh_6f9b1167,True,3.0,False,18,17,13,5,4,72.22,76.47,aws_iam_role_policy;aws_apigatewayv2_integration_response;aws_apigatewayv2_integration_response;aws_apigatewayv2_route_response;aws_apigatewayv2_route_response,aws_iam_policy;aws_iam_policy;aws_iam_role_policy_attachment;aws_apigatewayv2_deployment,2,4,1,1,3,50.0,25.0,aws_caller_identity,aws_iam_policy_document;aws_iam_policy_document;aws_iam_policy_document,0,0,0,0,0,100.0,100.0,,,1,0,0,1,0,0.0,0.0,ws_endpoint,
26,iac_benchmark/scenarios/terrads_9d168e7478ae,True,4.0,False,16,15,14,2,1,87.5,93.33,aws_iam_policy;aws_iam_role_policy_attachment,aws_iam_role_policy,2,0,0,2,0,0.0,0.0,aws_region;aws_caller_identity,,0,0,0,0,0,100.0,100.0,,,2,2,0,2,2,0.0,0.0,apigw_endpoint;apigw_key,api_invoke_url;api_key_value
27,iac_benchmark/scenarios/terrads_f60d1837f9eb,True,5.0,False,26,22,19,7,3,73.08,86.36,aws_network_acl;aws_network_acl;aws_egress_only_internet_gateway;aws_network_acl_rule;aws_network_acl_rule;aws_network_acl_rule;aws_network_acl_rule,aws_iam_role_policy;aws_cloudwatch_log_group;aws_iam_role,0,2,0,0,2,0.0,0.0,,aws_availability_zones;aws_iam_policy_document,53,5,2,51,3,3.77,40.0,manage_default_security_group;private_outbound_acl_rules;public_subnet_ipv6_prefixes;enable_dns_hostnames;private_subnet_ipv6_prefixes;ipv6_cidr_block_network_border_group;dhcp_options_netbios_node_type;ipv6_netmask_length;default_security_group_tags;manage_default_network_acl;aws_flow_logs;dhcp_options_netbios_name_servers;enable_network_address_usage_metrics;default_route_table_routes;private_dedicated_network_acl;cidr;enable_ipv6;ipv4_ipam_pool_id;private_inbound_acl_rules;instance_tenancy;default_security_group_ingress;public_route_tables;ipv4_netmask_length;aws_network_acls;dhcp_options_ntp_servers;ipv6_cidr;dhcp_options_id;enable_dhcp_options_association;private_subnets;private_route_tables;default_route_table_tags;dhcp_options_domain_name;dhcp_options_tags;public_subnets;use_ipam_pool;create_igw;default_network_acl_ingress;create_vpc;default_network_acl_tags;default_route_table_propagating_vgws;nat_gateways;manage_default_route_table;default_network_acl_egress;enable_dns_support;default_security_group_egress;create_egress_only_igw;ipv6_ipam_pool_id;private_acl_tags;igw_tags;create_dhcp_options;dhcp_options_domain_name_servers,az_count;dhcp_domain_name_servers;dhcp_domain_name,3,3,3,0,0,100.0,100.0,,
28,iac_benchmark/scenarios/terrads_6516229c5944,True,3.0,False,8,11,7,1,4,87.5,63.64,aws_iam_user_group_membership,aws_iam_user_policy_attachment;aws_iam_user;aws_iam_role_policy_attachment;aws_iam_group_membership,4,2,2,2,0,50.0,100.0,aws_iam_policy;aws_iam_policy_document,,12,9,0,12,9,0.0,0.0,create_iam_user_group_membership;create_iam_ec2_get_console_screenshot_policy_attachment;create_iam_role_with_policy;create_iam_read_only_and_s3_full_access_policy;ec2_get_console_screenshot;create_iam_users;create_iam_ec2_get_console_screenshot_policy;group_info;create_iam_group;users;iam_read_only_and_s3_full_access;create_iam_read_only_and_s3_full_access_policy_attachment,create_user_group_membership;create_user_policy_attachment;create_developers_group;create_jones_user;create_jack_user;create_ec2_role;create_group_policy_attachment;create_readonly_s3_policy;create_screenshot_policy,0,0,0,0,0,100.0,100.0,,
29,iac_benchmark/scenarios/terrads_11585d5feec9,True,4.0,False,11,22,7,4,15,63.64,31.82,aws_iam_role_policy;aws_iam_role_policy;random_integer;aws_s3_bucket_acl,aws_iam_policy;aws_iam_policy;aws_iam_user;aws_iam_role_policy_attachment;aws_iam_role_policy_attachment;aws_kms_key;aws_kms_key;aws_s3_bucket;aws_s3_bucket_versioning;aws_s3_bucket_versioning;aws_s3_bucket_server_side_encryption_configuration;aws_s3_bucket_server_side_encryption_configuration;aws_dynamodb_table;aws_s3_bucket_public_access_block;aws_s3_bucket_public_access_block,3,2,1,2,1,33.33,50.0,aws_s3_bucket;aws_dynamodb_table,aws_region,6,8,0,6,8,0.0,0.0,aws_bucket_prefix;code_commit_user;state_bucket;region;codebuild_terraform_version;dynamodb_table_name,repo_name;state_table_name;codecommit_username;logs_bucket_name;state_key;default_branch;state_bucket_name;terraform_version,1,0,0,1,0,0.0,0.0,code_commit_url,
30,iac_benchmark/scenarios/gh_88540324,True,3.0,False,4,4,4,0,0,100.0,100.0,,,0,0,0,0,0,100.0,100.0,,,24,12,2,22,10,8.33,16.67,codeartifact_repository_permissions_policy_repository;codeartifact_domain_permissions_policy_domain;name;codeartifact_repository_permissions_policy_domain;codeartifact_domain_permissions_policy_document;enable_codeartifact_repository_permissions_policy;codeartifact_domain_encryption_key;codeartifact_repository_external_connections;codeartifact_domain_permissions_policy_revision;codeartifact_repository;enable_codeartifact_domain;codeartifact_repository_description;codeartifact_repository_upstream;codeartifact_repository_permissions_policy_policy_revision;codeartifact_repository_domain;codeartifact_repository_permissions_policy_domain_owner;codeartifact_repository_permissions_policy_document;codeartifact_domain;codeartifact_repository_domain_owner;enable_codeartifact_repository;codeartifact_domain_permissions_policy_domain_owner;enable_codeartifact_domain_permissions_policy,external_connections;enable_domain_policy;enable_repository_policy;repository_policy_document;upstream_repositories;enable_repository;base_name;domain_kms_key_arn;enable_domain;domain_policy_document,14,11,0,14,11,0.0,0.0,codeartifact_domain_created_time;codeartifact_domain_permissions_policy_id;codeartifact_domain_domain;codeartifact_domain_id;codeartifact_domain_repository_count;codeartifact_repository_permissions_policy_id;codeartifact_domain_arn;codeartifact_repository_permissions_resource_policy_arn;codeartifact_domain_owner;codeartifact_domain_asset_size_bytes;codeartifact_repository_arn;_resource_arn;codeartifact_repository_id;codeartifact_repository_administrator_account,domain_asset_size_bytes;repository_domain_owner;repository_policy_arn;domain_arn;repository_arn;domain_repository_count;domain_owner;domain_created_time;domain_policy_arn;repository_id;domain_id
31,iac_benchmark/scenarios/terrads_202ad9eccfce,True,5.0,False,26,54,26,0,28,100.0,48.15,,aws_network_acl;aws_network_acl_association;aws_network_acl_association;aws_network_acl_association;aws_network_acl_association;aws_network_acl_association;aws_network_acl_rule;aws_network_acl_rule;aws_network_acl_rule;aws_network_acl_rule;aws_network_acl_rule;aws_network_acl_rule;aws_network_acl_rule;aws_network_acl_rule;aws_network_acl_rule;aws_network_acl_rule;aws_network_acl_rule;aws_network_acl_rule;aws_network_acl_rule;aws_network_acl_rule;aws_network_acl_rule;aws_network_acl_rule;aws_network_acl_rule;aws_network_acl_rule;aws_network_acl_rule;aws_network_acl_rule;aws_network_acl_rule;aws_network_acl_rule,0,1,0,0,1,0.0,0.0,,aws_availability_zones,9,1,0,9,1,0.0,0.0,ssh_ip_addrs;web_subnet_cidr;reserved_subnet_cidr;sandbox_subnet_cidr;database_subnet_cidr;vpc_cidr;gameserver_subnet_cidr;internal_domain;dns_resolvers,ssh_allowed_cidrs,8,8,6,2,2,75.0,75.0,internal_dns_zone_id;ssh_securitygroup_id,internal_zone_id;ssh_security_group_id
32,iac_benchmark/scenarios/terrads_48ad8a91b6a4,True,5.0,False,16,26,15,1,11,93.75,57.69,aws_s3_bucket_request_payment_configuration,aws_iam_policy;aws_iam_role_policy_attachment;aws_s3_bucket_policy;aws_iam_role;random_id;aws_kms_key;aws_s3_bucket;aws_s3_bucket;aws_s3_bucket_versioning;aws_s3_bucket_server_side_encryption_configuration;aws_s3_bucket_public_access_block,7,2,2,5,0,28.57,100.0,aws_elb_service_account;aws_canonical_user_id;aws_iam_policy_document;aws_iam_policy_document;aws_iam_policy_document,,35,30,10,25,20,28.57,33.33,object_lock_configuration;control_object_ownership;attach_policy;server_side_encryption_configuration;versioning;attach_deny_insecure_transport_policy;replication_configuration;acceleration_status;object_lock_enabled;expected_bucket_owner;website;tags;logging;owner;attach_require_latest_tls_policy;attach_elb_log_delivery_policy;grant;intelligent_tiering;cors_rule;bucket;lifecycle_rule;attach_lb_log_delivery_policy;policy;putin_khuylo;attach_public_policy,error_document;lifecycle_rules;index_document;bucket_name;log_delivery_services;replication_destination_bucket_prefix;enable_deny_insecure_transport;intelligent_tiering_tiers;object_lock_mode;cors_rules;enable_object_lock;sse_algorithm;object_lock_days;enable_replication;enable_versioning;enable_website;object_lock_years;enable_features;enable_acceleration;logging_target_bucket_prefix,8,0,0,8,0,0.0,0.0,s3_bucket_arn;s3_bucket_region;s3_bucket_bucket_regional_domain_name;s3_bucket_id;s3_bucket_website_endpoint;s3_bucket_website_domain;s3_bucket_hosted_zone_id;s3_bucket_bucket_domain_name,
33,iac_benchmark/scenarios/gh_8963e028,True,3.0,False,7,7,7,0,0,100.0,100.0,,,0,0,0,0,0,100.0,100.0,,,26,14,5,21,9,19.23,35.71,enable_backup_vault;backup_vault_policy_backup_vault_name;backup_vault_policy;backup_selection_plan_id;name;backup_vault_notifications_backup_vault_name;backup_plan_rule;backup_vault_kms_key_arn;backup_plan_name;enable_backup_vault_notifications;enable_backup_vault_policy;backup_vault_notifications_backup_vault_events;backup_region_settings_resource_type_opt_in_preference;tags;backup_selection_selection_tag;backup_vault_notifications_sns_topic_arn;backup_selection_name;backup_global_settings;backup_selection_iam_role_arn;backup_vault_name;environment,region_settings_opt_ins;vault_policy_json;name_prefix;backup_plan_rules;backup_selection_tags;iam_role_arn;environment_tag;sns_topic_arn;cross_account_backup_enabled,13,0,0,13,0,0.0,0.0,backup_plan_id;backup_vault_notifications_backup_vault_arn;backup_vault_id;backup_selection_id;backup_plan_version;backup_vault_arn;backup_region_settings_id;backup_vault_policy_id;backup_plan_arn;backup_global_settings_id;backup_vault_recovery_points;backup_vault_notifications_id;backup_vault_policy_backup_vault_arn,
34,iac_benchmark/scenarios/terrads_24c03d00dfc1,True,3.0,False,9,3,3,6,0,33.33,100.0,aws_iam_access_key;aws_iam_access_key;aws_iam_user_policy;aws_iam_user_policy;aws_iam_user;aws_iam_user,,5,1,1,4,0,20.0,100.0,aws_availability_zones;aws_iam_policy_document;aws_iam_policy_document;aws_caller_identity,,0,0,0,0,0,100.0,100.0,,,7,0,0,7,0,0.0,0.0,dev_user_unique_id;dev_user_name;test_user_unique_id;test;current_user;prod_user_name;prod_user_unique_id,
35,iac_benchmark/scenarios/terrads_967b5442ed58,True,5.0,False,31,13,13,18,0,41.94,100.0,aws_nat_gateway;aws_nat_gateway;aws_route_table;aws_route_table;aws_route_table_association;aws_route_table_association;aws_route_table_association;aws_route_table_association;aws_route_table_association;aws_route_table_association;aws_eip;aws_eip;aws_subnet;aws_subnet;aws_subnet;aws_subnet;aws_subnet;aws_subnet,,1,1,1,0,0,100.0,100.0,,,16,0,0,16,0,0.0,0.0,private_app_subnet_az2_cidr;private_route_table_az2_cidr;private_database_subnet_az1_cidr;public_route_table_cidr;private_route_table_az1_cidr;public_subnet_az2_cidr;private_app_subnet_az3_cidr;public_subnet_az1_cidr;database_route_table_cidr;env;public_subnet_az3_cidr;private_database_subnet_az3_cidr;vpc_cidr;private_app_subnet_az1_cidr;private_database_subnet_az2_cidr;private_route_table_az3_cidr,,25,0,0,25,0,0.0,0.0,private_app_subnet_az1_id;private_route_table_az3;eip-for-nat-gateway-az2;public_subnet_az3_id;private_database_subnet_az2_id;public_subnet_az1_id;nat-gateway-az1;private_route_table_az1;private_database_subnet_az1_id;eip-for-nat-gateway-az1;availability_zone_2;public_route_table;private_app_subnet_az2_id;nat-gateway-az2;private_route_table_az2;nat-gateway-az3;database_route_table;availability_zone_3;public_subnet_az2_id;internet_gateway;private_database_subnet_az3_id;eip-for-nat-gateway-az3;private_app_subnet_az3_id;vpc_id;availability_zone_1,
36,iac_benchmark/scenarios/terrads_502f773ea348,True,4.0,False,8,6,6,2,0,75.0,100.0,aws_sqs_queue_redrive_policy;aws_sqs_queue_redrive_allow_policy,,4,0,0,4,0,0.0,0.0,aws_region;aws_iam_policy_document;aws_iam_policy_document;aws_caller_identity,,40,9,5,35,4,12.5,55.56,redrive_allow_policy;dlq_visibility_timeout_seconds;name;override_queue_policy_documents;dlq_deduplication_scope;dlq_message_retention_seconds;create_dlq_redrive_allow_policy;fifo_queue;redrive_policy;kms_master_key_id;override_dlq_queue_policy_documents;kms_data_key_reuse_period_seconds;dlq_kms_master_key_id;dlq_content_based_deduplication;dlq_tags;create_queue_policy;source_queue_policy_documents;create_dlq_queue_policy;create;dlq_kms_data_key_reuse_period_seconds;create_dlq;dlq_delay_seconds;queue_policy_statements;max_message_size;dlq_receive_wait_time_seconds;use_name_prefix;dlq_sqs_managed_sse_enabled;sqs_managed_sse_enabled;tags;fifo_throughput_limit;source_dlq_queue_policy_documents;content_based_deduplication;dlq_queue_policy_statements;dlq_redrive_allow_policy;deduplication_scope,queue_name;max_receive_count;dlq_queue_policy;main_queue_policy,10,4,0,10,4,0.0,0.0,dead_letter_queue_url;queue_name;dead_letter_queue_arn;dead_letter_queue_arn_static;queue_arn_static;queue_arn;queue_url;queue_id;dead_letter_queue_name;dead_letter_queue_id,main_queue_url;dlq_queue_url;dlq_queue_arn;main_queue_arn
37,iac_benchmark/scenarios/gh_ee089b0d,True,4.0,False,16,19,11,5,8,68.75,57.89,aws_iam_role;aws_iam_role;aws_iam_role_policy_attachment;aws_iam_role_policy_attachment;aws_iam_role_policy_attachment,aws_iam_policy;aws_iam_policy;aws_iam_policy;aws_iam_policy;aws_iam_role_policy;aws_iam_instance_profile;aws_iam_instance_profile;aws_iam_instance_profile,7,2,1,6,1,14.29,50.0,aws_iam_policy;aws_iam_policy;aws_iam_policy;aws_iam_policy;aws_iam_policy;aws_iam_policy,aws_partition,0,1,0,0,1,0.0,0.0,,prefix,0,0,0,0,0,100.0,100.0,,
38,iac_benchmark/scenarios/terrads_b4c86b74a08f,True,5.0,False,28,27,20,8,7,71.43,74.07,random_string;aws_ecs_cluster_capacity_providers;aws_iam_role_policy_attachment;aws_iam_role_policy_attachment;aws_iam_role_policy_attachment;aws_iam_role_policy_attachment;aws_iam_role_policy_attachment;aws_iam_role_policy_attachment,aws_iam_role;aws_kms_key;aws_lb;random_id;aws_lb_listener;aws_security_group_rule;aws_security_group,9,3,1,8,2,11.11,33.33,aws_security_groups;aws_vpcs;aws_subnets;aws_lb;aws_kms_secrets;aws_lb_listener;aws_iam_policy_document;aws_iam_policy_document,aws_availability_zones;aws_caller_identity,37,20,1,36,19,2.7,5.0,stickiness;health_check_grace_period_seconds;unhealthy_threshold;host;name;cpu;interval;min_capacity;domain;healthy_threshold;port;memory;image;wait_for_steady_state;matcher;deregistration_delay;scale_in_cooldown;max_capacity;retention_in_days;command;timeout;subnet_tags;lb_tags;tags;lb_enabled;sg_tags;assign_public_ip;listener_port;container_insights_enabled;scale_out_cooldown;vpc_tags;health_check_path;source_ips;environment;enable_execute_command;target_value,autoscaling_max_capacity;create_lb;autoscaling_scale_in_cooldown;container_port;log_retention_days;vpc_cidr;alb_port;alb_host_header_suffix;task_memory;task_cpu;alb_allowed_cidrs;container_environment;autoscaling_scale_out_cooldown;service_name;autoscaling_min_capacity;create_autoscaling;container_image;target_group_stickiness_cookie_duration;autoscaling_target_cpu,1,1,0,1,1,0.0,0.0,id,resource_id
39,iac_benchmark/scenarios/terrads_d85ca07b31c2,True,5.0,False,23,28,20,3,8,86.96,71.43,aws_iam_role;aws_iam_role;aws_iam_role_policy_attachment,tls_private_key;aws_nat_gateway;aws_route_table;tls_self_signed_cert;aws_subnet;aws_acm_certificate;aws_route_table_association;aws_eip,6,2,2,4,0,33.33,100.0,aws_iam_policy_document;aws_iam_policy_document;aws_iam_policy_document;aws_caller_identity,,7,3,0,7,3,0.0,0.0,instance_type;min_instances;max_instances;desired_task_count;ecs_cluster;deployment_minimum_healthy_percent;deployment_maximum_percent,service_desired_count;cluster_name;instance_count,1,0,0,1,0,0.0,0.0,address,
40,iac_benchmark/scenarios/terrads_bf99d2d68ca6,True,4.0,False,11,11,8,3,3,72.73,72.73,aws_vpc_security_group_egress_rule;aws_default_security_group;aws_vpc_security_group_ingress_rule,aws_route;aws_security_group_rule;aws_security_group,1,1,0,1,1,0.0,0.0,aws_region,aws_availability_zones,9,8,4,5,4,44.44,50.0,vpc;region;tags;internet_gateway;nat_gateway,vpcs;internet_gateways;nat_gateways;security_group_rules,0,0,0,0,0,100.0,100.0,,
41,iac_benchmark/scenarios/terrads_726ca27fa34a,True,3.0,False,5,19,5,0,14,100.0,26.32,,aws_s3_bucket_website_configuration;aws_s3_bucket_request_payment_configuration;aws_s3_bucket_cors_configuration;aws_s3_bucket_lifecycle_configuration;aws_s3_bucket_policy;aws_s3_bucket_accelerate_configuration;aws_s3_bucket_logging;aws_s3_bucket_replication_configuration;aws_s3_bucket_versioning;aws_s3_bucket_server_side_encryption_configuration;aws_s3_bucket_acl;aws_s3_bucket_acl;aws_s3_bucket_public_access_block;aws_s3_bucket_object_lock_configuration,1,1,0,1,1,0.0,0.0,aws_iam_policy_document,aws_caller_identity,25,17,8,17,9,32.0,47.06,object_lock_configuration;replication_role;website_error_document;versioning;acceleration_status;region;encryption;website_routing_rules;tags;website_index_document;mfa_delete;logging_target_prefix;logging_target_bucket;website_redirect_all;prefix;policy;kms_key,replication_role_arn;kms_key_arn;acceleration_enabled;object_lock;bucket_policy;website;bucket_prefix;versioning_enabled;logging,6,6,2,4,4,33.33,33.33,id;regional_domain_name;region;arn,bucket_region;bucket_regional_domain_name;bucket_arn;bucket_id
42,iac_benchmark/scenarios/terrads_5a206a75e8f1,True,4.0,False,23,8,8,15,0,34.78,100.0,aws_security_group_rule;aws_security_group_rule;aws_security_group_rule;aws_security_group_rule;aws_security_group_rule;aws_security_group_rule;aws_security_group_rule;aws_security_group_rule;aws_security_group_rule;aws_security_group_rule;aws_security_group_rule;aws_security_group_rule;aws_security_group_rule;aws_security_group_rule;aws_security_group_rule,,0,1,0,0,1,0.0,0.0,,aws_availability_zones,0,1,0,0,1,0.0,0.0,,allowed_ssh_cidr,1,0,0,1,0,0.0,0.0,rds_security_group,
43,iac_benchmark/scenarios/terrads_6f97821a57ad,True,5.0,False,12,25,12,0,13,100.0,48.0,,aws_iam_openid_connect_provider;aws_eks_cluster;aws_vpc;aws_iam_role_policy_attachment;aws_cloudwatch_event_rule;aws_cloudwatch_event_rule;aws_cloudwatch_event_rule;aws_subnet;aws_iam_role;aws_kms_key;aws_cloudwatch_event_target;aws_cloudwatch_event_target;aws_cloudwatch_event_target,6,3,2,4,1,33.33,66.67,aws_partition;aws_iam_policy_document;aws_iam_policy_document;aws_caller_identity,aws_availability_zones,39,0,0,39,0,0.0,0.0,queue_name;irsa_assume_role_condition_test;irsa_tag_key;iam_role_additional_policies;irsa_max_session_duration;irsa_name;irsa_use_name_prefix;irsa_tag_values;policies;iam_role_description;irsa_permissions_boundary_arn;irsa_policy_name;queue_kms_data_key_reuse_period_seconds;create_instance_profile;create;iam_role_path;irsa_ssm_parameter_arns;queue_managed_sse_enabled;irsa_subnet_account_id;iam_role_arn;irsa_description;iam_role_use_name_prefix;irsa_path;tags;iam_role_tags;irsa_tags;cluster_ip_family;create_irsa;enable_spot_termination;iam_role_permissions_boundary;rule_name_prefix;irsa_namespace_service_accounts;iam_role_max_session_duration;queue_kms_master_key_id;cluster_name;create_iam_role;iam_role_name;irsa_oidc_provider_arn;iam_role_attach_cni_policy,,14,0,0,14,0,0.0,0.0,irsa_arn;queue_name;irsa_name;instance_profile_name;role_name;instance_profile_unique;role_unique_id;queue_arn;instance_profile_id;irsa_unique_id;event_rules;queue_url;role_arn;instance_profile_arn,
44,iac_benchmark/scenarios/gh_3ec69cfa,True,3.0,False,4,4,4,0,0,100.0,100.0,,,0,0,0,0,0,100.0,100.0,,,25,17,2,23,15,8.0,11.76,efs_access_point_posix_user;efs_access_point_root_directory;efs_mount_target_file_system_id;efs_access_point_name;efs_file_system_provisioned_throughput_in_mibps;efs_file_system_name;efs_file_system_lifecycle_policy;efs_file_system_encrypted;efs_file_system_performance_mode;efs_mount_target_ip_address;efs_mount_target_subnet_ids;efs_mount_target_security_groups;efs_file_system_creation_token;enable_efs_mount_target;enable_efs_file_system;efs_file_system_policy_file_system_id;tags;efs_file_system_throughput_mode;enable_efs_file_system_policy;enable_efs_access_point;efs_access_point_file_system_id;efs_file_system_kms_key_id;efs_file_system_policy_policy,kms_key_id;subnet_ids;provisioned_throughput_in_mibps;mount_target_ip_addresses;enable_file_system_policy;enable_mount_targets;throughput_mode;enable_access_point;access_point_config;encrypted;file_system_policy_document;mount_target_security_groups;lifecycle_policy;prefix;performance_mode,16,0,0,16,0,0.0,0.0,efs_file_system_id;efs_mount_target_mount_target_dns_name;efs_mount_target_dns_name;efs_file_system_arn;efs_mount_target_id;efs_mount_target_file_system_arn;efs_file_system_dns_name;efs_mount_target_network_interface_id;efs_mount_target_availability_zone_id;efs_mount_target_availability_zone_name;efs_mount_target_owner_id;efs_file_system_policy_id;efs_access_point_file_system_arn;efs_file_system_kms_key_id;efs_access_point_id;efs_access_point_arn,
45,iac_benchmark/scenarios/terrads_1def7c8627ad,True,4.0,False,20,19,19,1,0,95.0,100.0,aws_route_table,,0,1,0,0,1,0.0,0.0,,aws_availability_zones,10,0,0,10,0,0.0,0.0,azpub1;az_sub_pub2;subpub2;subpub1;subpvt1;az_sub_pvt1;cidr_vpc;subpvt2;az_sub_pvt2;aws_region,,0,0,0,0,0,100.0,100.0,,
46,iac_benchmark/scenarios/terrads_73cb6ac4fe1b,True,5.0,False,12,15,8,4,7,66.67,53.33,aws_iam_policy;aws_iam_role_policy_attachment;aws_iam_role_policy_attachment;aws_iam_role_policy_attachment,aws_iam_role_policy;aws_iam_role_policy;aws_iam_role_policy;aws_sns_topic;aws_backup_vault;aws_kms_key;aws_kms_alias,4,5,3,1,2,75.0,60.0,aws_partition,aws_iam_policy_document;aws_iam_policy_document,26,17,3,23,14,11.54,17.65,rule_copy_action_destination_vault_arn;rule_recovery_point_tags;notifications;selection_name;rule_lifecycle_cold_storage_after;rule_completion_window;rule_name;enabled;selections;rule_start_window;rule_schedule;vault_name;rule_enable_continuous_backup;iam_role_arn;selection_not_resources;vault_kms_key_arn;rule_copy_action_lifecycle;rule_lifecycle_delete_after;iam_role_name;selection_conditions;plan_name;windows_vss_backup;rules,backup_schedule;kms_key_arn;backup_plan_name;additional_rules;enable_vault_notifications;start_window;selection_tags_not;enable_windows_vss;sns_topic_name;existing_iam_role_arn;enable_continuous_backup;completion_window;backup_enabled;backup_vault_name,6,7,0,6,7,0.0,0.0,plan_version;plan_id;vault_id;vault_arn;plan_arn;plan_role,backup_plan_id;backup_vault_id;backup_plan_version;backup_vault_arn;backup_iam_role_name;backup_iam_role_arn;backup_plan_arn
47,iac_benchmark/scenarios/terrads_3857b74fe599,True,4.0,False,12,13,11,1,2,91.67,84.62,aws_s3_bucket_lifecycle_configuration,aws_iam_openid_connect_provider;aws_kms_key,3,1,0,3,1,0.0,0.0,aws_iam_policy_document;aws_iam_policy_document;aws_caller_identity,tls_certificate,10,7,2,8,5,20.0,28.57,force_destroy;buckets;enable_cloudfront_oia;enable_bucket_encryption;tags;storage_prefix;sa_path;cluster_oidc_issuer,enable_sse;prefix;bucket_list;cluster_oidc_issuer_url;enable_oai,3,0,0,3,0,0.0,0.0,access_key_id;access_key_secret;buckets,
48,iac_benchmark/scenarios/terrads_572e7016b959,True,3.0,False,7,10,5,2,5,71.43,50.0,aws_s3_bucket_website_configuration;aws_s3_bucket_cors_configuration,aws_cloudfront_origin_access_control;aws_wafv2_web_acl;aws_kms_key;aws_s3_bucket_versioning;aws_s3_bucket_server_side_encryption_configuration,0,1,0,0,1,0.0,0.0,,aws_iam_policy_document,2,0,0,2,0,0.0,0.0,frontend_bucket_name;region,,3,0,0,3,0,0.0,0.0,cloudfront_distribution_id;frontend_bucket_name;cloudfront_distribution_domain_name,
49,iac_benchmark/scenarios/terrads_6bc966772840,True,5.0,False,61,61,61,0,0,100.0,100.0,,,2,2,0,2,2,0.0,0.0,aws_iam_policy_document;aws_iam_policy_document,aws_caller_identity;aws_availability_zones,4,2,0,4,2,0.0,0.0,aws_assume_role_arn;aws_local_profile;aws_root_user;aws_local_creds_file,tags;assume_role_arn,0,19,0,0,19,0.0,0.0,,fp2_secret_access_key;permissive_trust_role_arn;fn2_access_key_id;do7_access_key_id;ex1_secret_access_key;fp1_secret_access_key;fp2_access_key_id;dl9_secret_access_key;dl9_access_key_id;fn3_access_key_id;fp4_secret_access_key;do7_secret_access_key;fp3_secret_access_key;fp4_access_key_id;fp3_access_key_id;ex1_access_key_id;fp1_access_key_id;fn3_secret_access_key;fn2_secret_access_key
50,iac_benchmark/scenarios/terrads_586a9474fd96,True,3.0,False,6,6,5,1,1,83.33,83.33,random_string,random_id,1,3,0,1,3,0.0,0.0,aws_caller_identity,aws_iam_policy_document;aws_iam_policy_document;aws_iam_policy_document,7,7,4,3,3,57.14,57.14,lifecycle_policy;tags;trusted_accounts,trusted_account_ids;custom_lifecycle_policy;environment,4,0,0,4,0,0.0,0.0,policy_arns;name;arn;url,
51,iac_benchmark/scenarios/gh_254d7b8f,True,4.0,False,9,8,8,1,0,88.89,100.0,aws_config_configuration_recorder_status,,0,0,0,0,0,100.0,100.0,,,70,38,1,69,37,1.43,2.63,config_remediation_configuration_automatic;enable_config_organization_managed_rule;config_organization_custom_rule_tag_value_scope;enable_config_delivery_channel;config_organization_custom_rule_tag_key_scope;name;config_delivery_channel_snapshot_delivery_properties;enable_config_configuration_aggregator;config_config_rule_maximum_execution_frequency;config_aggregate_authorization_account_id;config_configuration_aggregator_name;enable_organizations_organization;config_organization_managed_rule_input_parameters;config_configuration_aggregator_account_aggregation_source;enable_config_configuration_recorder;config_organization_managed_rule_description;region;enable_config_organization_custom_rule;enable_config_configuration_recorder_status;enable_config_config_rule;config_organization_managed_rule_identifier;config_config_rule_source;config_organization_custom_rule_excluded_accounts;config_aggregate_authorization_name;config_organization_custom_rule_timeouts;config_config_rule_input_parameters;enable_config_remediation_configuration;config_organization_managed_rule_tag_value_scope;config_delivery_channel_s3_bucket_name;config_organization_managed_rule_name;config_organization_managed_rule_resource_types_scope;config_organization_custom_rule_lambda_function_arn;config_organization_custom_rule_description;config_configuration_aggregator_organization_aggregation_source;config_delivery_channel_name;config_remediation_configuration_target_id;config_configuration_recorder_name;config_delivery_channel_s3_key_prefix;config_configuration_recorder_role_arn;organizations_organization_feature_set;config_configuration_recorder_status_is_enabled;config_remediation_configuration_maximum_automatic_attempts;config_config_rule_name;config_organization_managed_rule_maximum_execution_frequency;config_organization_custom_rule_trigger_types;config_remediation_configuration_parameter;config_config_rule_scope;config_remediation_configuration_retry_attempt_seconds;config_delivery_channel_sns_topic_arn;config_organization_custom_rule_name;config_organization_managed_rule_tag_key_scope;config_remediation_configuration_target_version;config_organization_custom_rule_maximum_execution_frequency;enable_config_aggregate_authorization;config_organization_custom_rule_resource_id_scope;config_remediation_configuration_target_type;config_organization_custom_rule_resource_types_scope;config_organization_custom_rule_input_parameters;tags;config_organization_managed_rule_excluded_accounts;config_configuration_recorder_recording_group;config_organization_managed_rule_timeouts;config_configuration_recorder_status_name;config_organization_managed_rule_resource_id_scope;organizations_organization_aws_service_access_principals;config_remediation_configuration_config_rule_name;config_remediation_configuration_resource_type;config_config_rule_description;config_remediation_configuration_execution_controls,remediation_resource_type;custom_rule_scope_tag_key;managed_rule_scope_tag_value;account_rule_scope_tag_value;enable_org_custom_rule;account_rule_input_parameters;enable_aggregate_authorization;managed_rule_scope_tag_key;s3_bucket_name;enable_recorder;account_ids;enable_aggregator;trigger_types;custom_rule_scope_tag_value;lambda_function_arn;remediation_automatic;source_owner;enable_account_rule;enable_remediation;organization_aggregator;account_rule_scope_tag_key;source_identifier;remediation_target_id;aggregate_authorization_account_id;base_name;managed_rule_identifier;managed_rule_scope_compliance_resource_types;remediation_max_automatic_attempts;account_rule_scope_compliance_resource_types;iam_role_arn;enable_org_managed_rule;aws_region;enable_delivery_channel;managed_rule_input_parameters;custom_rule_scope_compliance_resource_types;aggregate_authorization_region;remediation_target_type,9,0,0,9,0,0.0,0.0,config_configuration_recorder_id;config_aggregate_authorization_arn;config_delivery_channel_id;config_remediation_configuration_id;config_organization_custom_rule_arn;config_configuration_aggregator_arn;config_config_rule_arn;config_config_rule_id;config_organization_managed_rule_arn,
52,iac_benchmark/scenarios/terrads_2cf4c191fb3a,True,5.0,False,16,30,14,2,16,87.5,46.67,aws_s3_bucket_acl;aws_s3_bucket_acl,aws_iam_role;aws_kms_key;aws_kms_key;aws_kms_alias;aws_kms_alias;aws_s3_bucket;aws_s3_bucket;aws_s3_bucket;aws_s3_bucket_versioning;aws_s3_bucket_versioning;aws_s3_bucket_server_side_encryption_configuration;aws_iam_policy;aws_iam_role_policy_attachment;aws_s3_bucket_public_access_block;aws_s3_bucket_public_access_block;aws_s3_bucket_public_access_block,1,2,0,1,2,0.0,0.0,aws_canonical_user_id,aws_region;aws_caller_identity,18,20,1,17,19,5.56,5.0,intelligent_tiering_configuration;public_access_block;cors_configuration;notifications;server_side_encryption_configuration;versioning;request_payment_configuration;force_destroy;replication_configuration;tags;logging;acl;bucket;grants;policy;inventory;ownership_controls,notification_lambda_functions;notification_sqs_queues;inventory_configurations;bucket_name;replication_iam_role_name;enable_notifications;enable_logging;enable_inventory;cors_rules;bucket_policy;enable_request_payment;enable_replication;notification_sns_topics;logging_target_bucket_name;intelligent_tiering_configurations;replication_destination_bucket_name;replication_rules;inventory_destination_bucket_name;logging_prefix,3,3,3,0,0,100.0,100.0,,
53,iac_benchmark/scenarios/terrads_8945dba1c1be,True,4.0,False,17,17,13,4,4,76.47,76.47,aws_s3_bucket_ownership_controls;aws_s3_bucket_ownership_controls;aws_s3_bucket_acl;aws_s3_bucket_acl,aws_kms_key;aws_s3_bucket_public_access_block;aws_s3_bucket_public_access_block;aws_s3_bucket_policy,0,0,0,0,0,100.0,100.0,,,11,8,1,10,7,9.09,12.5,s3_getobject_only;name;website_enabled;no_versioning;no_default_encryption;bucket_acl;no_logging;logging_bucket;s3_public;sse_algorithm,disable_versioning;create_fully_public_bucket;enable_website;bucket_prefix;create_publicly_readable_bucket;enable_logging;disable_encryption,1,0,0,1,0,0.0,0.0,bucket_id,
54,iac_benchmark/scenarios/terrads_b925822efe24,True,3.0,False,12,11,10,2,1,83.33,90.91,aws_security_group_rule;aws_security_group_rule,aws_vpc_endpoint,2,3,2,0,1,100.0,66.67,,aws_prefix_list,0,0,0,0,0,100.0,100.0,,,2,1,0,2,1,0.0,0.0,aws_vpc_id;seunghyun_public_ip,public_ip
55,iac_benchmark/scenarios/terrads_bcebc593f734,True,3.0,False,13,25,6,7,19,46.15,24.0,aws_iam_role_policy;aws_iam_role_policy;aws_iam_role_policy;aws_iam_role_policy;aws_iam_policy_attachment;aws_iam_policy_attachment;aws_iam_role,aws_iam_policy;aws_iam_policy;aws_iam_policy;aws_iam_role_policy_attachment;aws_iam_role_policy_attachment;aws_iam_role_policy_attachment;aws_cloudwatch_log_group;aws_glue_job;aws_kms_key;aws_lambda_function;aws_kms_alias;aws_s3_bucket;aws_s3_bucket_versioning;aws_s3_bucket_server_side_encryption_configuration;aws_s3_bucket_server_side_encryption_configuration;aws_sfn_state_machine;aws_dynamodb_table;aws_s3_bucket_public_access_block;aws_s3_bucket_public_access_block,0,3,0,0,3,0.0,0.0,,archive_file;aws_region;aws_caller_identity,2,1,0,2,1,0.0,0.0,aws_region;aws_account_id,tags,0,0,0,0,0,100.0,100.0,,
56,iac_benchmark/scenarios/terrads_b17fbb76ac06,True,5.0,False,14,30,12,2,18,85.71,40.0,aws_s3_bucket_ownership_controls;aws_s3_bucket_acl,aws_iam_policy;aws_iam_role_policy_attachment;aws_s3_bucket_policy;aws_s3_bucket_policy;aws_s3_bucket_policy;aws_s3_bucket_policy;aws_iam_role;aws_s3_bucket;aws_s3_bucket;aws_s3_bucket;aws_s3_bucket_versioning;aws_s3_bucket_versioning;aws_s3_bucket_server_side_encryption_configuration;aws_s3_bucket_server_side_encryption_configuration;aws_s3_bucket_server_side_encryption_configuration;aws_s3_bucket_public_access_block;aws_s3_bucket_public_access_block;aws_s3_bucket_public_access_block,3,2,0,3,2,0.0,0.0,aws_iam_policy_document;aws_iam_policy_document;aws_iam_policy_document,aws_region;aws_caller_identity,23,11,1,22,10,4.35,9.09,block_public_acls;object_lock_days;restrict_public_buckets;name;logging;object_lock_years;kms_key_arn;acl;versioning;cors_rule;force_destroy;eventbridge_enabled;replication_configuration;inventory_configuration;lifecycle_rule;name_prefix;block_public_policy;logging_source_bucket_arns;policy;object_lock_mode;object_ownership_type;ignore_public_acls,inventory_config;lifecycle_rules;bucket_name;replication_config;logging_target_bucket;event_bridge_notifications_enabled;encryption_type;object_lock_config;custom_bucket_policy;cors_rules,3,0,0,3,0,0.0,0.0,id;name;arn,
57,iac_benchmark/scenarios/terrads_0b839c616027,True,3.0,False,6,2,2,4,0,33.33,100.0,aws_iam_role_policy_attachment;aws_iam_role_policy_attachment;aws_iam_role;aws_iam_role,,4,2,1,3,1,25.0,50.0,aws_partition;aws_iam_policy_document;aws_iam_policy_document,aws_iam_policy,27,9,0,27,9,0.0,0.0,create_poweruser_role;admin_role_path;force_detach_policies;readonly_role_policy_arns;trusted_role_services;poweruser_role_name;poweruser_role_permissions_boundary_arn;poweruser_role_policy_arns;admin_role_requires_mfa;poweruser_role_tags;readonly_role_tags;mfa_age;poweruser_role_requires_mfa;admin_role_permissions_boundary_arn;create_readonly_role;readonly_role_requires_mfa;admin_role_tags;readonly_role_permissions_boundary_arn;admin_role_name;trusted_role_arns;allow_self_assume_role;readonly_role_path;poweruser_role_path;admin_role_policy_arns;create_admin_role;max_session_duration;readonly_role_name,readonly_enabled;allowed_principal_arns;admin_enabled;allowed_service_principals;poweruser_mfa_enabled;readonly_mfa_enabled;mfa_age_limit;admin_mfa_enabled;poweruser_enabled,15,1,0,15,1,0.0,0.0,readonly_iam_role_unique_id;readonly_iam_role_arn;admin_iam_role_path;poweruser_iam_role_name;poweruser_iam_role_unique_id;readonly_iam_role_path;readonly_iam_role_requires_mfa;readonly_iam_role_name;admin_iam_role_name;poweruser_iam_role_path;admin_iam_role_arn;poweruser_iam_role_requires_mfa;admin_iam_role_requires_mfa;admin_iam_role_unique_id;poweruser_iam_role_arn,roles
58,iac_benchmark/scenarios/terrads_7ed20d06a531,True,5.0,False,15,59,13,2,46,86.67,22.03,aws_iam_policy;aws_iam_policy_attachment,aws_iam_role_policy;aws_s3_bucket_replication_configuration;aws_s3_bucket;aws_s3_bucket;aws_s3_bucket;aws_s3_bucket;aws_s3_bucket;aws_s3_bucket;aws_s3_bucket;aws_s3_bucket;aws_s3_bucket_versioning;aws_s3_bucket_versioning;aws_s3_bucket_versioning;aws_s3_bucket_versioning;aws_s3_bucket_versioning;aws_s3_bucket_versioning;aws_s3_bucket_versioning;aws_s3_bucket_versioning;aws_s3_bucket_versioning;aws_s3_bucket_versioning;aws_s3_bucket_versioning;aws_s3_bucket_versioning;aws_s3_bucket_server_side_encryption_configuration;aws_s3_bucket_server_side_encryption_configuration;aws_s3_bucket_server_side_encryption_configuration;aws_s3_bucket_server_side_encryption_configuration;aws_s3_bucket_server_side_encryption_configuration;aws_s3_bucket_server_side_encryption_configuration;aws_s3_bucket_server_side_encryption_configuration;aws_s3_bucket_server_side_encryption_configuration;aws_s3_bucket_server_side_encryption_configuration;aws_s3_bucket_server_side_encryption_configuration;aws_s3_bucket_server_side_encryption_configuration;aws_s3_bucket_server_side_encryption_configuration;aws_s3_bucket_public_access_block;aws_s3_bucket_public_access_block;aws_s3_bucket_public_access_block;aws_s3_bucket_public_access_block;aws_s3_bucket_public_access_block;aws_s3_bucket_public_access_block;aws_s3_bucket_public_access_block;aws_s3_bucket_public_access_block;aws_s3_bucket_public_access_block;aws_s3_bucket_public_access_block;aws_s3_bucket_public_access_block;aws_s3_bucket_public_access_block,0,0,0,0,0,100.0,100.0,,,4,2,0,4,2,0.0,0.0,bucket_prefix;env;kms_key_alias;s3_bucket_names,bucket_name_prefix;environment,1,0,0,1,0,0.0,0.0,varname,
59,iac_benchmark/scenarios/terrads_aacf53e04510,True,5.0,False,17,15,14,3,1,82.35,93.33,aws_s3_bucket_ownership_controls;aws_s3_bucket_ownership_controls;aws_kms_alias,aws_s3_bucket_versioning,2,1,1,1,0,50.0,100.0,aws_iam_policy_document,,13,3,1,12,2,7.69,33.33,tagging;noncurrent_log_version_transitions;kms_key_rotation_enabled;kms_key_deletion_window;region;profile;bucket_name_suffix;noncurrent_log_version_expiration;dynamodb_billing_mode;dynamodb_table_name;noncurrent_version_transitions;noncurrent_version_expiration,tags;aws_profile,1,1,0,1,1,0.0,0.0,bucket_name,state_bucket_name
60,iac_benchmark/scenarios/terrads_d16402204370,True,3.0,False,13,9,9,4,0,69.23,100.0,aws_apigatewayv2_deployment;aws_apigatewayv2_integration_response;random_pet;aws_apigatewayv2_route_response,,3,0,0,3,0,0.0,0.0,aws_partition;aws_region;aws_caller_identity,,0,0,0,0,0,100.0,100.0,,,1,0,0,1,0,0.0,0.0,ws_endpoint,
61,iac_benchmark/scenarios/terrads_84e168b0fe71,True,3.0,False,7,7,7,0,0,100.0,100.0,,,0,1,0,0,1,0.0,0.0,,aws_availability_zones,4,0,0,4,0,0.0,0.0,subnet_public_cidrs;availability_zone;vpc_cidr;subnet_private_cidrs,,3,3,3,0,0,100.0,100.0,,
62,iac_benchmark/scenarios/terrads_9adbd7969ed1,True,4.0,False,29,26,15,14,11,51.72,57.69,aws_security_group_rule;aws_security_group_rule;aws_security_group_rule;aws_security_group_rule;aws_security_group_rule;aws_security_group_rule;aws_security_group_rule;aws_security_group_rule;aws_security_group_rule;aws_security_group_rule;aws_security_group_rule;aws_security_group_rule;aws_security_group_rule;aws_security_group_rule,aws_route;aws_route_table;aws_route_table;aws_route_table_association;aws_route_table_association;aws_route_table_association;aws_route_table_association;aws_subnet;aws_subnet;aws_subnet;aws_subnet,0,1,0,0,1,0.0,0.0,,aws_availability_zones,1,0,0,1,0,0.0,0.0,availability_zones,,0,0,0,0,0,100.0,100.0,,
63,iac_benchmark/scenarios/terrads_1db4706734d9,True,3.0,False,5,9,5,0,4,100.0,55.56,,aws_iam_role;aws_iam_policy;aws_iam_role_policy_attachment;aws_cloudwatch_log_group,3,4,1,2,3,33.33,25.0,aws_partition;aws_region,aws_iam_policy_document;aws_iam_policy_document;aws_iam_policy_document,29,8,1,28,7,3.45,12.5,sns_topic_subscriptions;enable_key_rotation;key_deletion_window;name;tags;fifo_topic;http_failure_feedback_role_arn;create_sns_topic_policy;firehose_success_feedback_sample_rate;application_success_feedback_role_arn;lambda_failure_feedback_role_arn;application_failure_feedback_role_arn;firehose_failure_feedback_role_arn;lambda_success_feedback_role_arn;kms_master_key_arn;http_success_feedback_role_arn;name_prefix;application_success_feedback_sample_rate;delivery_policy;lambda_success_feedback_sample_rate;create_kms_key;policy;sqs_success_feedback_sample_rate;http_success_feedback_sample_rate;sqs_success_feedback_role_arn;sqs_failure_feedback_role_arn;firehose_success_feedback_role_arn;display_name,delivery_policy_json;is_fifo;topic_policy_json;topic_name;feedback_roles;subscriptions;enable_kms,9,5,0,9,5,0.0,0.0,id;subscription_confirmation_was_authenticated;subscription_pending_confirmation;subscription_owner_id;owner;tags_all;arn;subscription_arn;subscription_id,topic_arn;subscription_arns;subscription_statuses;topic_owner;topic_tags
64,iac_benchmark/scenarios/terrads_c41e7c31c21b,True,4.0,False,10,17,9,1,8,90.0,52.94,null_resource,aws_iam_role_policy;aws_sns_topic;aws_iam_role;aws_kms_key;aws_s3_bucket;aws_s3_bucket_versioning;aws_s3_bucket_server_side_encryption_configuration;aws_s3_bucket_public_access_block,0,4,0,0,4,0.0,0.0,,aws_availability_zones;aws_iam_policy_document;aws_iam_policy_document;aws_caller_identity,54,28,2,52,26,3.7,7.14,syn_runtime_version;actions_enabled;syn_canary_name;syn_sch_duration_in_seconds;threshold_metric_id;statistic;syn_success_retention_period;alarm_name;period;dashboard_name;com_actions_enabled;create_dashboard;dimensions;com_alarm_name;query_metrics;ok_actions;metric_name;enabled_basic;alarm_actions;syn_s3_canary_bucket_name;retention_days;syn_rc_memory_in_mb;treat_missing_data;syn_s3_version;com_alarm_description;com_alarm_rule;comparison_operator;syn_start_canary;create_syn_canary;threshold;query_expressions;syn_s3_key_file;syn_s3_canary_file_bucket_name;dashboard_body;syn_rc_timeout_in_seconds;syn_handler;com_alarm_actions;evaluation_periods;enabled_dynamic;instance_id;alarm_description;syn_role_arn;syn_rc_active_tracing;syn_rc_environment_variables;alarm_list;syn_sch_expression;create_composite_alarm;create_log_group;namespace;insufficient_data_actions;create_metric_alarm_expression;syn_delete_lambda,expression_alarm_statistic;enable_basic_alarm;basic_alarm_evaluation_periods;canary_uri;canary_retention_in_days;enable_log_group;enable_canary;canary_runtime_version;log_group_retention_in_days;expression_alarm_metric_name;expression_alarm_period;expression_alarm_namespace;enable_dashboard;enable_expression_alarm;basic_alarm_statistic;enable_dynamic_alarms;basic_alarm_period;enable_composite_alarm;basic_alarm_metric_name;expression_alarm_deviation;basic_alarm_threshold;canary_startup_delay_seconds;basic_alarm_comparison_operator;basic_alarm_namespace;canary_schedule_expression;dynamic_alarms,4,0,0,4,0,0.0,0.0,cloudwatch_metric_alarm_id;cloudwatch_metric_alarm_arn;log_group_name;log_group_arn,
65,iac_benchmark/scenarios/terrads_e6f040aa6f83,True,3.0,False,6,12,6,0,6,100.0,50.0,,aws_iam_policy;aws_iam_role_policy_attachment;aws_iam_role;aws_s3_bucket;aws_kinesis_stream;aws_s3_bucket_public_access_block,0,0,0,0,0,100.0,100.0,,,25,15,0,25,15,0.0,0.0,cloudfront_realtime_log_config_sampling_rate;cloudfront_realtime_log_config_fields;name;cloudfront_origin_request_policy_cookies_config;cloudfront_public_key_name_prefix;enable_cloudfront_cache_policy;cloudfront_origin_request_policy_name;cloudfront_public_key_encoded_key;cloudfront_origin_request_policy_query_strings_config;enable_cloudfront_distribution;cloudfront_cache_policy_stack;enable_cloudfront_realtime_log_config;cloudfront_public_key_name;cloudfront_realtime_log_config_name;enable_cloudfront_public_key;tags;cloudfront_distribution_stack;enable_cloudfront_origin_access_identity;cloudfront_public_key_comment;cloudfront_origin_request_policy_comment;cloudfront_origin_access_identity_comment;environment;enable_cloudfront_origin_request_policy;cloudfront_realtime_log_config_endpoints;cloudfront_origin_request_policy_headers_config,public_key_encoded;enable_distribution;environment_suffix;public_key_config;realtime_log_config_config;distribution_config;name_prefix;origin_request_policy_config;enable_origin_request_policy;origin_access_identity_config;enable_cache_policy;cache_policy_config;enable_public_key;enable_origin_access_identity;enable_realtime_log_config,24,18,0,24,18,0.0,0.0,cloudfront_distribution_arn;cloudfront_distribution_last_modified_time;cloudfront_distribution_domain_name;cloudfront_distribution_id;cloudfront_public_key_id;cloudfront_origin_access_identity_cloudfront_access_identity_path;cloudfront_distribution_status;cloudfront_origin_access_identity_iam_arn;cloudfront_realtime_log_config_id;cloudfront_origin_access_identity_s3_canonical_user_id;cloudfront_cache_policy_etag;cloudfront_origin_access_identity_etag;cloudfront_distribution_hosted_zone_id;cloudfront_distribution_in_progress_validation_batches;cloudfront_origin_request_policy_etag;cloudfront_origin_request_policy_id;cloudfront_public_key_etag;cloudfront_cache_policy_id;cloudfront_distribution_etag;cloudfront_public_key_caller_reference;cloudfront_realtime_log_config_arn;cloudfront_origin_access_identity_caller_reference;cloudfront_distribution_caller_reference;cloudfront_origin_access_identity_id,distribution_id;distribution_arn;origin_request_policy_arn;origin_access_identity_id;cache_policy_arn;kinesis_stream_name;public_key_id;iam_role_arn;distribution_domain_name;distribution_hosted_zone_id;realtime_log_config_name;origin_access_identity_iam_arn;origin_request_policy_id;iam_role_name;origin_access_identity_cloudfront_access_identity_path;realtime_log_config_arn;kinesis_stream_arn;cache_policy_id
66,iac_benchmark/scenarios/terrads_c92b260bc738,True,5.0,False,12,16,12,0,4,100.0,75.0,,aws_kms_key;aws_s3_bucket;aws_s3_bucket_server_side_encryption_configuration;aws_s3_bucket_public_access_block,0,1,0,0,1,0.0,0.0,,aws_caller_identity,47,16,1,46,15,2.13,6.25,waf_rule_group_metric_name;name;waf_rule_predicates;enable_waf_rule_group;waf_web_acl_name;waf_size_constraint_set_name;enable_waf_xss_match_set;enable_waf_web_acl;waf_geo_match_set_name;enable_waf_regex_pattern_set;waf_web_acl_logging_configuration;enable_waf_sql_injection_match_set;waf_web_acl_default_action;enable_waf_byte_match_set;sql_injection_match_tuples;waf_ipset_name;waf_regex_match_set_name;waf_regex_match_set_regex_match_tuple;enable_waf_rate_based_rule;enable_waf_size_constraint_set;enable_waf_regex_match_set;waf_regex_pattern_set_regex_pattern_strings;waf_web_acl_rules;waf_rate_based_rule_rate_limit;waf_geo_match_set_geo_match_constraint;waf_ipset_ip_set_descriptors;enable_waf_geo_match_set;waf_rate_based_rule_name;waf_rule_group_activated_rule;waf_rate_based_rule_rate_key;tags;waf_sql_injection_match_set_name;waf_rule_metric_name;waf_rule_group_name;waf_byte_match_set_name;waf_rate_based_rule_predicates;waf_size_constraint_set_size_constraints;waf_xss_match_set_xss_match_tuples;waf_regex_pattern_set_name;enable_waf_ipset;waf_web_acl_metric_name;waf_xss_match_set_name;enable_waf_rule;waf_rate_based_rule_metric_name;waf_byte_match_set_byte_match_tuples;waf_rule_name,create_sql_injection_match_set;web_acl_rules;create_rule_group;create_ipset;create_xss_match_set;name_prefix;create_geo_match_set;create_regex_match_set;create_byte_match_set;create_size_constraint_set;create_web_acl;create_regex_pattern_set;create_rule;web_acl_default_action;create_rate_based_rule,22,28,0,22,28,0.0,0.0,waf_web_acl_id;waf_size_constraint_set_arn;waf_rule_group_id;waf_geo_match_set_id;waf_web_acl_arn;waf_size_constraint_set_id;waf_regex_match_set_id;waf_xss_match_set_arn;waf_xss_match_set_id;waf_geo_match_set_arn;waf_rate_based_rule_arn;waf_sql_injection_match_set_id;waf_rule_arn;waf_regex_match_set_arn;waf_byte_match_set_id;waf_regex_pattern_set_arn;waf_ipset_id;waf_rule_id;waf_ipset_arn;waf_rule_group_arn;waf_rate_based_rule_id;waf_regex_pattern_set_id,sql_injection_match_set_arn;regex_match_set_id;kms_key_id;regex_pattern_set_id;s3_bucket_arn;ipset_id;rate_based_rule_arn;kms_key_arn;size_constraint_set_id;web_acl_id;rule_id;byte_match_set_arn;geo_match_set_id;s3_bucket_id;rule_group_arn;xss_match_set_id;geo_match_set_arn;regex_pattern_set_arn;byte_match_set_id;rule_arn;ipset_arn;rule_group_id;rate_based_rule_id;size_constraint_set_arn;sql_injection_match_set_id;regex_match_set_arn;xss_match_set_arn;web_acl_arn
67,iac_benchmark/scenarios/terrads_b7c7bfa5a44c,True,4.0,False,11,18,11,0,7,100.0,61.11,,aws_wafv2_web_acl;aws_cloudfront_origin_access_identity;aws_s3_bucket_ownership_controls;aws_kms_alias;aws_s3_bucket_server_side_encryption_configuration;aws_s3_bucket_public_access_block;aws_s3_bucket_public_access_block,3,0,0,3,0,0.0,0.0,aws_region;aws_iam_policy_document;aws_caller_identity,,3,1,1,2,0,33.33,100.0,AWS_SECRET_ACCESS_KEY;AWS_ACCESS_KEY_ID,,0,0,0,0,0,100.0,100.0,,
68,iac_benchmark/scenarios/terrads_3460cbdc48ca,True,5.0,False,61,21,21,40,0,34.43,100.0,aws_iam_access_key;aws_iam_access_key;aws_iam_access_key;aws_iam_access_key;aws_iam_access_key;aws_iam_access_key;aws_iam_access_key;aws_iam_access_key;aws_iam_role;aws_iam_role;aws_iam_role;aws_iam_role;aws_iam_role;aws_iam_role;aws_iam_role;aws_iam_role;aws_iam_role;aws_iam_user_policy_attachment;aws_iam_user_policy_attachment;aws_iam_user_policy_attachment;aws_iam_user_policy_attachment;aws_iam_user_policy_attachment;aws_iam_policy;aws_iam_policy;aws_iam_policy;aws_iam_policy;aws_iam_policy;aws_iam_user;aws_iam_user;aws_iam_user;aws_iam_user;aws_iam_user;aws_iam_user;aws_iam_user;aws_iam_user;aws_iam_role_policy_attachment;aws_iam_role_policy_attachment;aws_iam_role_policy_attachment;aws_iam_role_policy_attachment;aws_iam_role_policy_attachment,,2,0,0,2,0,0.0,0.0,aws_iam_policy_document;aws_iam_policy_document,,4,2,0,4,2,0.0,0.0,aws_assume_role_arn;aws_local_profile;aws_root_user;aws_local_creds_file,principal_arn;root_user_arn,0,2,0,0,2,0.0,0.0,,access_key_id;secret_access_key
69,iac_benchmark/scenarios/terrads_7128db805974,True,3.0,False,16,17,16,0,1,100.0,94.12,,aws_kms_alias,0,3,0,0,3,0.0,0.0,,aws_iam_policy;aws_iam_policy;aws_caller_identity,0,1,0,0,1,0.0,0.0,,tags,0,0,0,0,0,100.0,100.0,,
70,iac_benchmark/scenarios/terrads_f47d8c533f10,True,3.0,False,12,10,10,2,0,83.33,100.0,aws_route;aws_route,,2,1,1,1,0,50.0,100.0,aws_region,,1,0,0,1,0,0.0,0.0,default_tags,,0,0,0,0,0,100.0,100.0,,
71,iac_benchmark/scenarios/terrads_e23b184d6cd1,True,3.0,False,4,4,4,0,0,100.0,100.0,,,0,0,0,0,0,100.0,100.0,,,16,6,3,13,3,18.75,50.0,iam_user_access_to_billing;make_delegated_administrator;role_name;enabled_policy_types;name;parent_id;tags;administrator_service_principal;create_govcloud;feature_set;aws_service_access_principals;close_on_deletion;email,delegated_admin_service_principal;member_account_name;member_account_email,39,16,0,39,16,0.0,0.0,non_master_accounts;ou_tags_all;administrator_arn;administrator_account_id;govcloud_id;administrator_status;root_policy_types_status;ou_id;account_email;ou_accounts_name;roots;administrator_name;account_id;root_id;ou_accounts;master_account_arn;tags_all;root_policy_types;administrator_delegation_enabled_date;account_arn;arn;id;root_name;org_id;ou_accounts_email;ou_accounts_id;ou_arn;master_account_id;administrator_email;ou_accounts_arn;account_name;administrator_joined_method;accounts;root_policy_types_type;administrator_joined_timestamp;root_arn;master_account_email;account_status;org_arn,organization_master_account_arn;member_account_arn;organization_id;member_account_status;organization_feature_set;delegated_admin_id;organizational_unit_arn;delegated_admin_arn;member_account_id;organization_arn;delegated_admin_account_id;organizational_unit_id;organization_master_account_id;organization_master_account_email;delegated_admin_service_principal;organizational_unit_name
72,iac_benchmark/scenarios/terrads_5f7ef1fec7f9,True,4.0,False,8,7,7,1,0,87.5,100.0,aws_egress_only_internet_gateway,,0,0,0,0,0,100.0,100.0,,,35,12,5,30,7,14.29,41.67,ipv4_cidr_block_association_timeouts;default_security_group_deny_all;labels_as_tags;ipv6_cidr_block_network_border_group;default_network_acl_deny_all;internet_gateway_enabled;ipv4_primary_cidr_block;ipv4_primary_cidr_block_association;label_key_case;attributes;enabled;ipv6_additional_cidr_block_associations;ipv6_cidr_block_association_timeouts;dns_hostnames_enabled;label_value_case;ipv4_additional_cidr_block_associations;dns_support_enabled;default_route_table_no_routes;tags;tenant;label_order;ipv6_primary_cidr_block_association;regex_replace_chars;additional_tag_map;descriptor_formats;delimiter;id_length_limit;context;ipv6_egress_only_internet_gateway_enabled;instance_tenancy,enable_dns_hostnames;manage_default_network_acl;extra_ipv6_cidr_blocks;vpc_cidr_block;manage_default_route_table;extra_ipv4_cidr_blocks;enable_dns_support,16,7,3,13,4,18.75,42.86,vpc_main_route_table_id;ipv6_egress_only_igw_id;ipv6_cidr_block_network_border_group;additional_cidr_blocks_to_association_ids;igw_id;vpc_arn;vpc_default_network_acl_id;additional_ipv6_cidr_blocks;vpc_default_route_table_id;vpc_ipv6_association_id;additional_ipv6_cidr_blocks_to_association_ids;vpc_default_security_group_id;additional_cidr_blocks,default_route_table_id;default_security_group_id;default_network_acl_id;internet_gateway_id
73,iac_benchmark/scenarios/terrads_e3a38ad9c4b0,True,5.0,False,18,5,2,16,3,11.11,40.0,aws_security_group_rule;aws_security_group_rule;aws_security_group_rule;aws_security_group_rule;aws_security_group_rule;aws_security_group_rule;aws_security_group_rule;aws_security_group_rule;aws_security_group_rule;aws_security_group_rule;aws_security_group_rule;aws_security_group_rule;aws_security_group_rule;aws_security_group_rule;aws_security_group_rule;aws_security_group_rule,aws_vpc;aws_vpc_security_group_egress_rule;aws_vpc_security_group_ingress_rule,1,0,0,1,0,0.0,0.0,aws_security_group,,31,9,2,29,7,6.45,22.22,existing_sg_ingress_rules_with_source_sg_id;repository;existing_sg_egress_rules_with_cidr_blocks;max_entries;existing_sg_egress_rules_with_self;name;new_sg_egress_rules_with_prefix_list;enable;existing_sg_egress_rules_with_source_sg_id;new_sg_egress_rules_with_source_sg_id;new_sg_egress_rules_with_cidr_blocks;entry;new_sg_ingress_rules_with_prefix_list;vpc_id;prefix_list_enabled;existing_sg_ingress_rules_with_self;managedby;prefix_list_address_family;new_sg_ingress_rules_with_source_sg_id;label_order;existing_sg_ingress_rules_with_cidr_blocks;existing_sg_egress_rules_with_prefix_list;new_sg_ingress_rules_with_cidr_blocks;new_sg_ingress_rules_with_self;new_sg;existing_sg_ingress_rules_with_prefix_list;new_sg_egress_rules_with_self;sg_description;environment,egress_rules;name_prefix;enabled;prefix_list_entries;tags;create_sg;ingress_rules,4,0,0,4,0,0.0,0.0,prefix_list_id;security_group_tags;security_group_id;security_group_arn,
74,iac_benchmark/scenarios/terrads_c07b7cea2171,True,4.0,False,10,8,8,2,0,80.0,100.0,aws_s3_bucket_ownership_controls;aws_s3_bucket_acl,,1,2,1,0,1,100.0,50.0,,aws_region,18,3,2,16,1,11.11,66.67,error_document_key;index_document_key;sse_algorithm;s3BucketAcl;versioning;ignorePublicACLs;s3BucketOwnership;force_destroy;bucket_name;env;deletion_window_in_days;acceleration_status;blockPublicPolicy;blockPublicACLs;restrictPublicBuckets;s3BucketPolicyName,environment,5,0,0,5,0,0.0,0.0,account_id;bucketversioning;arn_s3_bucket;website_bucket_id;s3Bucket,
75,iac_benchmark/scenarios/terrads_251b1cc05888,True,4.0,False,16,19,15,1,4,93.75,78.95,aws_security_group_rule,local_file;local_file;aws_iam_instance_profile;aws_kms_key,2,5,2,0,3,100.0,40.0,,aws_iam_policy_document;aws_iam_policy_document;aws_caller_identity,2,1,0,2,1,0.0,0.0,cluster-name;aws_region,cluster_name,2,5,1,1,4,50.0,20.0,config_map_aws_auth,cluster_endpoint;node_group_status;aws_auth_configmap;cluster_name
76,iac_benchmark/scenarios/terrads_48c79ba1984e,True,4.0,False,10,6,6,4,0,60.0,100.0,aws_route_table;aws_security_group;aws_security_group;aws_route_table_association,,0,1,0,0,1,0.0,0.0,,aws_availability_zones,8,1,1,7,0,12.5,100.0,azs;private_subnet_names;cidr;public_subnet_names;region;prefix;tags,,15,0,0,15,0,0.0,0.0,subnet_public_cidrs;subnet_private_ids;rt_public_ids;rt_private_ids;subnet_public_ids;sg_ids;subnet_ids;subnet_private_cidrs;subnet_arns;subnet_list;rt_ids;vpc_id;vpc_arn;subnets;subnet_cidrs,
77,iac_benchmark/scenarios/terrads_8590a5006532,True,3.0,False,5,7,4,1,3,80.0,57.14,aws_s3_bucket_acl,aws_kms_key;aws_s3_bucket_versioning;aws_s3_bucket_server_side_encryption_configuration,1,2,1,0,1,100.0,50.0,,aws_region,1,2,0,1,2,0.0,0.0,zenml-version,zenml_version;create_ecr,4,0,0,4,0,0.0,0.0,stack-yaml-path;ecr-registry-name;s3-bucket-path;container-registry-URI,
78,iac_benchmark/scenarios/terrads_2d7923019d0c,True,5.0,False,16,12,12,4,0,75.0,100.0,aws_s3_bucket_request_payment_configuration;aws_s3_bucket_intelligent_tiering_configuration;aws_s3_bucket_accelerate_configuration;aws_s3_bucket_acl,,7,0,0,7,0,0.0,0.0,aws_elb_service_account;aws_canonical_user_id;aws_iam_policy_document;aws_iam_policy_document;aws_iam_policy_document;aws_iam_policy_document;aws_iam_policy_document,,35,17,9,26,8,25.71,52.94,block_public_acls;control_object_ownership;restrict_public_buckets;object_ownership;attach_policy;attach_deny_insecure_transport_policy;force_destroy;acceleration_status;request_payer;object_lock_enabled;expected_bucket_owner;tags;owner;attach_require_latest_tls_policy;attach_elb_log_delivery_policy;acl;grant;intelligent_tiering;bucket;lifecycle_rule;block_public_policy;attach_lb_log_delivery_policy;policy;ignore_public_acls;putin_khuylo;attach_public_policy,enable_server_side_encryption;lifecycle_rules;bucket_name;enable_object_ownership;enable_deny_insecure_transport_policy;geopolitical_agreement;enable_public_access_block;additional_bucket_policies,8,0,0,8,0,0.0,0.0,s3_bucket_arn;s3_bucket_region;s3_bucket_bucket_regional_domain_name;s3_bucket_id;s3_bucket_website_endpoint;s3_bucket_website_domain;s3_bucket_hosted_zone_id;s3_bucket_bucket_domain_name,
79,iac_benchmark/scenarios/terrads_f06187331dff,True,4.0,False,9,14,6,3,8,66.67,42.86,aws_lb_ssl_negotiation_policy;aws_lb_cookie_stickiness_policy;aws_app_cookie_stickiness_policy,aws_load_balancer_policy;aws_load_balancer_policy;aws_load_balancer_policy;aws_s3_bucket;aws_s3_bucket_versioning;aws_security_group;aws_s3_bucket_server_side_encryption_configuration;aws_s3_bucket_public_access_block,0,1,0,0,1,0.0,0.0,,aws_availability_zones,44,30,2,42,28,4.55,6.67,elb_idle_timeout;load_balancer_backend_server_policy_instance_port;load_balancer_listener_policy_policy_names;name;enable_elb;elb_attachment_instances;elb_security_groups;enable_load_balancer_listener_policy;load_balancer_listener_policy_load_balancer_name;load_balancer_backend_server_policy_load_balancer_name;elb_name;lb_cookie_stickiness_policy_stack;load_balancer_listener_policy_load_balancer_port;lb_ssl_negotiation_policy_load_balancer;load_balancer_policy_policy_name;enable_load_balancer_backend_server_policy;app_cookie_stickiness_policy_stack;elb_access_logs;elb_subnets;enable_lb_ssl_negotiation_policy;elb_connection_draining;elb_availability_zones;enable_elb_attachment;lb_ssl_negotiation_policy_name;enable_load_balancer_policy;tags;elb_health_check;load_balancer_policy_load_balancer_name;load_balancer_policy_policy_type_name;load_balancer_policy_policy_attribute;elb_listener;enable_lb_cookie_stickiness_policy;lb_ssl_negotiation_policy_lb_port;elb_connection_draining_timeout;enable_proxy_protocol_policy;elb_attachment_elb_id;enable_app_cookie_stickiness_policy;load_balancer_backend_server_policy_policy_names;elb_cross_zone_load_balancing;lb_ssl_negotiation_policy_attribute;proxy_protocol_policy_instance_ports;proxy_protocol_policy_load_balancer,elb_sg_egress_rules;access_logs_bucket_prefix;availability_zones;enable_custom_load_balancer_policy;elb_sg_ingress_rules;health_check;app_cookie_name;name_prefix;ssl_negotiation_policy_listener_ports;elb_listeners;instance_ids;enable_proxy_protocol;enable_app_cookie_stickiness;subnets;access_logs_enable;enable_instance_attachment;custom_policy_type_name;proxy_protocol_instance_ports;access_logs_bucket;enable_ssl_negotiation_policy;custom_policy_ports;custom_policy_attributes;enable_lb_cookie_stickiness;app_cookie_stickiness_listener_ports;lb_cookie_expiration_period;ssl_negotiation_policy_attributes;lb_cookie_stickiness_listener_ports;custom_policy_application_type,35,0,0,35,0,0.0,0.0,lb_ssl_negotiation_policy_id;load_balancer_backend_server_policy_instance_port;elb_dns_name;app_cookie_stickiness_policy_load_balancer;lb_cookie_stickiness_policy_id;load_balancer_listener_policy_load_balancer_name;load_balancer_backend_server_policy_load_balancer_name;elb_name;app_cookie_stickiness_policy_lb_port;load_balancer_listener_policy_load_balancer_port;lb_ssl_negotiation_policy_load_balancer;app_cookie_stickiness_policy_id;elb_source_security_group_id;load_balancer_policy_policy_name;elb_source_security_group;lb_cookie_stickiness_policy_cookie_expiration_period;elb_attachment_id;load_balancer_listener_policy_id;elb_id;lb_ssl_negotiation_policy_name;load_balancer_backend_server_policy_id;app_cookie_stickiness_policy_name;elb_arn;app_cookie_stickiness_policy_cookie_name;lb_cookie_stickiness_policy_name;proxy_protocol_policy_id;load_balancer_policy_load_balancer_name;load_balancer_policy_policy_type_name;lb_ssl_negotiation_policy_lb_port;elb_instances;load_balancer_policy_id;lb_cookie_stickiness_policy_load_balancer;lb_cookie_stickiness_policy_lb_port;lb_ssl_negotiation_policy_attribute;elb_zone_id,
80,iac_benchmark/scenarios/terrads_305fc30c5f79,True,4.0,False,9,9,9,0,0,100.0,100.0,,,1,1,1,0,0,100.0,100.0,,,20,20,3,17,17,15.0,15.0,rule_copy_action_destination_vault;changeable_for_days;name;vault_notification_sns_topic_arn;max_retention_days;rule_lifecycle_cold_storage_after;backup_vault_events;rule_completion_window;selection_tag_type;rule_start_window;rule_schedule;vault_policy;vault_kms_key_arn;enable_aws_backup_vault_notifications;rule_lifecycle_delete_after;min_retention_days;selection_resources,kms_key_arn;backup_plan_name;copy_actions;start_window_minutes;schedule;vault_lock_min_retention_days;cold_storage_after_days;rule_name;vault_notification_topic_arn;vault_notification_events;delete_after_days;vault_name;resource_arn_list;vault_access_policy_json;vault_lock_max_retention_days;iam_role_name;completion_window_minutes,0,0,0,0,0,100.0,100.0,,
81,iac_benchmark/scenarios/terrads_862e56e7423d,True,3.0,False,4,22,4,0,18,100.0,18.18,,aws_vpc;aws_iam_role_policy;aws_cloudwatch_log_group;aws_subnet;aws_iam_role;aws_s3_bucket;aws_s3_bucket;aws_s3_bucket;aws_s3_bucket_versioning;aws_s3_bucket_versioning;aws_s3_bucket_versioning;aws_security_group;aws_s3_bucket_server_side_encryption_configuration;aws_s3_bucket_server_side_encryption_configuration;aws_s3_bucket_server_side_encryption_configuration;aws_s3_bucket_public_access_block;aws_s3_bucket_public_access_block;aws_s3_bucket_public_access_block,0,1,0,0,1,0.0,0.0,,aws_availability_zones,31,19,1,30,18,3.23,5.26,enable_codebuild_report_group;codebuild_project_artifacts;name;codebuild_project_queued_timeout;codebuild_source_credential_auth_type;codebuild_project_logs_config;codebuild_project_service_role;enable_codebuild_project;codebuild_project_secondary_artifacts;codebuild_project_environment;codebuild_project_build_timeout;codebuild_project_cache;codebuild_project_vpc_config;codebuild_source_credential_user_name;codebuild_project_source;codebuild_webhook_branch_filter;codebuild_project_secondary_sources;enable_codebuild_webhook;tags;codebuild_project_encryption_key;enable_codebuild_source_credential;codebuild_source_credential_token;codebuild_report_group_stack;codebuild_webhook_filter_group;codebuild_project_badge_enabled;codebuild_source_credential_server_type;codebuild_project_name;codebuild_project_source_version;codebuild_project_description;codebuild_webhook_project_name,build_environment;build_source;secondary_sources;artifacts;source_credential_server_type;create_webhook;create_report_group;vpc_cidr;secondary_artifacts;webhook_filter_groups;logs_config;create_codebuild_project;create_source_credentials;create_vpc;report_group_config;prefix;github_token;cache,12,0,0,12,0,0.0,0.0,codebuild_source_credential_arn;codebuild_webhook_secret;codebuild_webhook_id;codebuild_report_group_created;codebuild_source_credential_id;codebuild_project_arn;codebuild_webhook_url;codebuild_report_group_id;codebuild_webhook_payload_url;codebuild_project_badge_url;codebuild_project_id;codebuild_report_group_arn,
82,iac_benchmark/scenarios/terrads_7b48683a13ff,True,3.0,False,4,4,4,0,0,100.0,100.0,,,1,1,1,0,0,100.0,100.0,,,0,0,0,0,0,100.0,100.0,,,0,0,0,0,0,100.0,100.0,,
83,iac_benchmark/scenarios/terrads_8703dd211a7d,True,4.0,False,17,22,11,6,11,64.71,50.0,aws_default_vpc;aws_alb;aws_default_subnet;aws_default_subnet;aws_default_subnet;aws_security_group,tls_private_key;aws_vpc;aws_kms_key;aws_s3_bucket_versioning;aws_s3_bucket_server_side_encryption_configuration;tls_self_signed_cert;aws_subnet;aws_lb;aws_lb_listener;aws_acm_certificate;aws_s3_bucket_public_access_block,2,3,1,1,2,50.0,33.33,aws_iam_role,aws_availability_zones;aws_iam_policy_document,3,2,1,2,1,33.33,50.0,proj-nome;registo_ecr,project,2,0,0,2,0,0.0,0.0,account_id;account_idaa,
84,iac_benchmark/scenarios/terrads_1ab0fa194791,True,3.0,False,10,12,9,1,3,90.0,75.0,random_string,random_id;aws_s3_bucket_versioning;aws_s3_bucket_server_side_encryption_configuration,3,5,3,0,2,100.0,60.0,,aws_partition;aws_region,5,6,1,4,5,20.0,16.67,cloudtrail_key_alias;is_organizational;encrypt_trail;log_group_name,bucket_name_prefix;retention_in_days;is_organization_trail;tags;enable_kms_encryption,0,0,0,0,0,100.0,100.0,,
85,iac_benchmark/scenarios/terrads_58f499b02851,True,3.0,False,4,10,3,1,7,75.0,30.0,aws_athena_database,aws_kms_key;random_pet;aws_s3_bucket;aws_s3_bucket_public_access_block;aws_s3_bucket_server_side_encryption_configuration;aws_glue_catalog_database;aws_s3_bucket_policy,0,4,0,0,4,0.0,0.0,,aws_region;aws_iam_policy_document;aws_iam_policy_document;aws_caller_identity,6,5,0,6,5,0.0,0.0,data_catalogs;workgroups;tags;named_queries;create;databases,athena_data_catalogs;enable_athena;athena_workgroups;athena_databases;athena_named_queries,5,0,0,5,0,0.0,0.0,named_queries_ids;databases_ids;data_catalogs_arns;workgroups_arns;data_catalogs_ids,
86,iac_benchmark/scenarios/terrads_51c59e2a63d8,True,3.0,False,4,22,3,1,19,75.0,13.64,aws_s3_bucket_ownership_controls,aws_s3_bucket_website_configuration;aws_iam_policy;aws_iam_role_policy_attachment;aws_s3_bucket_cors_configuration;aws_s3_bucket_lifecycle_configuration;aws_iam_role;random_id;aws_s3_bucket_logging;aws_s3_bucket_replication_configuration;aws_s3_bucket;aws_s3_bucket;aws_s3_bucket_versioning;aws_s3_bucket_versioning;aws_s3_bucket_server_side_encryption_configuration;aws_s3_bucket_server_side_encryption_configuration;aws_s3_bucket_server_side_encryption_configuration;aws_s3_bucket_public_access_block;aws_s3_bucket_public_access_block;aws_s3_bucket_object_lock_configuration,5,3,3,2,0,60.0,100.0,aws_iam_policy_document;aws_iam_policy_document,,29,26,5,24,21,17.24,19.23,object_lock_configuration;control_object_ownership;object_ownership;attach_policy;server_side_encryption_configuration;versioning;attach_deny_insecure_transport_policy;force_destroy;replication_configuration;acceleration_status;request_payer;create_bucket;website;bucket_prefix;logging;attach_elb_log_delivery_policy;acl;grant;cors_rule;bucket;lifecycle_rule;attach_lb_log_delivery_policy;policy;attach_public_policy,deny_insecure_transport;website_error_document;lifecycle_rules;kms_master_key_id;bucket_name;encryption_type;enable_logging;object_lock_mode;cors_rules;enable_object_lock;object_lock_days;enable_replication;website_routing_rules;enable_versioning;enable_website;replication_destination_bucket_name;allow_elb_log_delivery;website_index_document;log_prefix;replication_rules;log_bucket_name,8,3,0,8,3,0.0,0.0,s3_bucket_arn;s3_bucket_region;s3_bucket_bucket_regional_domain_name;s3_bucket_id;s3_bucket_website_endpoint;s3_bucket_website_domain;s3_bucket_hosted_zone_id;s3_bucket_bucket_domain_name,website_endpoint;bucket_arn;bucket_id
87,iac_benchmark/scenarios/terrads_b86b0244fd6d,True,5.0,False,14,29,12,2,17,85.71,41.38,aws_transfer_server;aws_iam_role_policy,aws_vpc;aws_route_table;aws_api_gateway_rest_api;aws_kms_key;aws_s3_bucket;aws_s3_bucket_versioning;aws_s3_bucket_server_side_encryption_configuration;aws_internet_gateway;aws_efs_access_point;aws_iam_policy;aws_iam_policy;aws_iam_role_policy_attachment;aws_iam_role_policy_attachment;aws_efs_file_system;aws_subnet;aws_route_table_association;aws_s3_bucket_public_access_block,1,3,1,0,2,100.0,33.33,,aws_partition;aws_availability_zones,27,24,13,14,11,48.15,54.17,api_gw_url;function_arn;name;sftp_type;logging_role;sftp_sub_domain;cloudwatch_log_group_arns;endpoint_details;directory_id;tags;hosted_zone;host_key;invocation_role;sftp_users_ssh_key,cloudwatch_log_group_arn;custom_subdomain;logging_role_arn;security_group_ids;efs_filesystem_id;vpc_cidr;server_name;hosted_zone_name;endpoint_type;api_gateway_auth_enabled;subnet_cidrs,6,6,1,5,5,16.67,16.67,id;sftp_sg_id;sftp_eip;domain_name;arn,custom_domain_name;elastic_ips;server_id;security_group_id;server_arn
88,iac_benchmark/scenarios/terrads_9eab77581581,True,5.0,False,17,18,13,4,5,76.47,72.22,aws_route_table_association;aws_route_table_association;aws_subnet;aws_subnet,aws_security_group_rule;aws_security_group_rule;aws_security_group_rule;aws_security_group_rule;aws_security_group_rule,0,1,0,0,1,0.0,0.0,,aws_availability_zones,25,0,0,25,0,0.0,0.0,vpc_instance_tenancy;asg_sg_tag_name;public_rt_name;nat_gateway_name;public_subnet1_name;private_subnet1_cidr;availability_zone_2;private_subnet2_name;private_rt_cidr;private_subnet2_cidr;private_rt_name;public_subnet2_name;alb_sg_tag_name;igw_name;db_sg_tag_name;vpc_name;public_rt_cidr;public_subnet1_cidr;alb_sg_name;db_sg_name;vpc_cidr;public_subnet2_cidr;private_subnet1_name;availability_zone_1;asg_sg_name,,11,9,2,9,7,18.18,22.22,private_subnet2_id;private_routetable_id;public_routetable_id;db_sg_id;public_subnet1_id;alb_sg_id;asg_sg_id;private_subnet1_id;public_subnet2_id,public_subnet_ids;alb_security_group_id;private_route_table_id;asg_security_group_id;rds_security_group_id;private_subnet_ids;public_route_table_id
89,iac_benchmark/scenarios/terrads_46556c7a134d,True,4.0,False,11,34,10,1,24,90.91,29.41,aws_sqs_queue_policy,aws_iam_openid_connect_provider;aws_eks_cluster;aws_nat_gateway;aws_vpc;aws_iam_role_policy_attachment;aws_iam_role_policy_attachment;aws_route_table;aws_route_table;aws_cloudwatch_event_rule;aws_cloudwatch_event_rule;aws_cloudwatch_event_rule;aws_subnet;aws_subnet;aws_iam_role;aws_kms_key;aws_kms_key;aws_cloudwatch_event_target;aws_cloudwatch_event_target;aws_cloudwatch_event_target;aws_security_group;aws_route_table_association;aws_route_table_association;aws_eip;aws_internet_gateway,6,4,2,4,2,33.33,50.0,aws_iam_policy_document;aws_iam_policy_document;aws_iam_policy_document;aws_iam_policy_document,aws_availability_zones;aws_region,37,0,0,37,0,0.0,0.0,queue_name;irsa_assume_role_condition_test;irsa_tag_key;iam_role_additional_policies;irsa_max_session_duration;irsa_name;irsa_use_name_prefix;iam_role_description;irsa_permissions_boundary_arn;irsa_policy_name;queue_kms_data_key_reuse_period_seconds;create_instance_profile;create;iam_role_path;irsa_ssm_parameter_arns;queue_managed_sse_enabled;irsa_subnet_account_id;iam_role_arn;irsa_description;iam_role_use_name_prefix;irsa_path;tags;iam_role_tags;irsa_tags;cluster_ip_family;create_irsa;enable_spot_termination;iam_role_permissions_boundary;rule_name_prefix;irsa_namespace_service_accounts;iam_role_max_session_duration;queue_kms_master_key_id;cluster_name;create_iam_role;iam_role_name;irsa_oidc_provider_arn;iam_role_attach_cni_policy,,14,0,0,14,0,0.0,0.0,irsa_arn;queue_name;irsa_name;instance_profile_name;role_name;instance_profile_unique;role_unique_id;queue_arn;instance_profile_id;irsa_unique_id;event_rules;queue_url;role_arn;instance_profile_arn,
90,iac_benchmark/scenarios/gh_570735ea,True,4.0,False,9,12,9,0,3,100.0,75.0,,aws_ecs_task_definition;aws_ecs_task_definition;aws_ecs_task_definition,0,0,0,0,0,100.0,100.0,,,0,0,0,0,0,100.0,100.0,,,0,0,0,0,0,100.0,100.0,,
91,iac_benchmark/scenarios/terrads_1d6f0e58e59c,True,3.0,False,5,6,5,0,1,100.0,83.33,,aws_route_table_association,0,1,0,0,1,0.0,0.0,,aws_availability_zones,14,0,0,14,0,0.0,0.0,project;public_subnet_cidr_blocks;private_subnet_cidr_blocks;bastion_ebs_optimized;name;region;key_name;tags;availability_zones;bastion_ami;environment;bastion_instance_type;cidr_block;aws_internet_gateway,,3,3,1,2,2,33.33,33.33,id;cidr_block,vpc_id;vpc_cidr_block
92,iac_benchmark/scenarios/gh_e1731993,True,4.0,False,15,10,8,7,2,53.33,80.0,aws_backup_plan;aws_backup_plan;aws_backup_plan;aws_backup_selection;aws_backup_selection;aws_backup_selection;aws_kms_key_policy,aws_kms_alias;aws_kms_alias,2,0,0,2,0,0.0,0.0,aws_region;aws_caller_identity,,4,3,0,4,3,0.0,0.0,retention_period;daily_backups_enabled;excluded_dbs;cross_region_destination,excluded_db_arns;cross_account_vault_arn;destination_region,0,0,0,0,0,100.0,100.0,,
93,iac_benchmark/scenarios/terrads_f86afb58a0d5,True,5.0,False,12,19,12,0,7,100.0,63.16,,aws_sqs_queue;aws_cloudwatch_event_target;aws_cloudwatch_event_target;aws_cloudwatch_event_target;aws_cloudwatch_event_rule;aws_cloudwatch_event_rule;aws_cloudwatch_event_rule,6,2,2,4,0,33.33,100.0,aws_iam_policy_document;aws_iam_policy_document;aws_iam_policy_document;aws_iam_policy_document,,40,8,2,38,6,5.0,25.0,queue_name;irsa_assume_role_condition_test;irsa_tag_key;iam_role_additional_policies;irsa_max_session_duration;irsa_name;irsa_use_name_prefix;irsa_tag_values;policies;iam_role_description;irsa_permissions_boundary_arn;irsa_policy_name;queue_kms_data_key_reuse_period_seconds;create_instance_profile;create;iam_role_path;irsa_ssm_parameter_arns;queue_managed_sse_enabled;irsa_subnet_account_id;iam_role_arn;irsa_description;iam_role_use_name_prefix;irsa_path;iam_role_tags;irsa_tags;cluster_ip_family;create_irsa;enable_spot_termination;iam_role_permissions_boundary;rule_name_prefix;irsa_namespace_service_accounts;iam_role_max_session_duration;queue_kms_master_key_id;create_iam_role;iam_role_name;irsa_oidc_provider_arn;enable_karpenter_instance_profile_creation;iam_role_attach_cni_policy,enable_sqs_queue;namespace_service_accounts;enable_event_rules;enable_karpenter_service_role;oidc_provider_arn;enable_node_role,14,0,0,14,0,0.0,0.0,irsa_arn;queue_name;irsa_name;instance_profile_name;role_name;instance_profile_unique;role_unique_id;queue_arn;instance_profile_id;irsa_unique_id;event_rules;queue_url;role_arn;instance_profile_arn,
94,iac_benchmark/scenarios/terrads_4737a6037a87,True,4.0,False,16,12,12,4,0,75.0,100.0,aws_route_table_association;aws_route_table_association;aws_subnet;aws_subnet,,0,1,0,0,1,0.0,0.0,,aws_availability_zones,10,6,0,10,6,0.0,0.0,craete_private_subnet;public_subnet_1b_cidr_block;private_subnet_1b_cidr_block;private_subnet_1a_cidr_block;public_subnet_1a_cidr_block;private_ip_for_nat_gateway;environment;aws_region;existing_vpc_id;vpc_cidr_block,private_subnet_cidrs;create_private_subnets;vpc_id;public_subnet_cidrs;environment_name;vpc_cidr,8,5,1,7,4,12.5,20.0,private_subnets;private_subnet_1a_id;private_subnet_1b_id;public_subnet_1a_id;public_subnets;public_subnet_1b_id;vpc_cidr_block,public_subnet_ids;private_subnet_ids;public_subnet_list;private_subnet_list
95,iac_benchmark/scenarios/terrads_dcfd05f3ba14,True,5.0,False,61,67,61,0,6,100.0,91.04,,aws_iam_access_key;aws_iam_access_key;aws_iam_role;aws_iam_role;aws_iam_user;aws_iam_user,2,14,2,0,12,100.0,14.29,,aws_iam_policy_document;aws_iam_policy_document;aws_iam_policy_document;aws_iam_policy_document;aws_iam_policy_document;aws_iam_policy_document;aws_iam_policy_document;aws_iam_policy_document;aws_iam_policy_document;aws_iam_policy_document;aws_iam_policy_document;aws_caller_identity,4,4,0,4,4,0.0,0.0,aws_assume_role_arn;aws_root_user;aws_local_creds_file;aws_local_profile,assume_role_principal_arn;aws_profile;aws_shared_credentials_file;root_user_arn,0,0,0,0,0,100.0,100.0,,
96,iac_benchmark/scenarios/terrads_1fe0c7e96181,True,4.0,False,17,15,14,3,1,82.35,93.33,aws_vpc_endpoint_route_table_association;aws_route_table_association;aws_route_table_association,aws_security_group,3,1,1,2,0,33.33,100.0,aws_subnets;aws_subnets,,19,7,1,18,6,5.26,14.29,subnet_ids;enable_dns_hostnames;vpc_endpoints;service_name;availability_zone;web_subnet_count;app_subnet_count;app_cidr_blocks;web_cidr_blocks;reserved_cidr_blocks;vpc_name;enable_dns_support;reserved_subnet_count;security_group_ids;db_subnet_count;vpc_endpoint_type;db_cidr_blocks;max_subnetcount,db_subnet_cidrs;gateway_endpoint_service;reserved_subnet_cidrs;web_subnet_cidrs;app_subnet_cidrs;interface_endpoint_services,6,0,0,6,0,0.0,0.0,db_subnet_ids;gateway_endpoint_rt_association_id;app-subnet;web_subnet_ids;app-subnet-availability_zone_names;vpc_id,
97,iac_benchmark/scenarios/terrads_c5f20f79e141,True,4.0,False,17,38,16,1,22,94.12,42.11,aws_ecs_cluster_capacity_providers,aws_route;tls_private_key;aws_vpc;aws_route_table;aws_route_table;aws_internet_gateway;aws_iam_policy;aws_iam_policy;aws_iam_role_policy_attachment;aws_iam_role_policy_attachment;aws_iam_role_policy_attachment;tls_self_signed_cert;aws_subnet;aws_subnet;aws_vpc_endpoint;aws_vpc_endpoint;aws_vpc_endpoint;aws_vpc_endpoint;aws_acm_certificate;aws_security_group;aws_route_table_association;aws_route_table_association,3,3,1,2,2,33.33,33.33,aws_region;aws_caller_identity,aws_iam_policy_document;aws_iam_policy_document,6,4,3,3,1,50.0,75.0,fargate_type;desired_count;url,webhook_url,1,1,0,1,1,0.0,0.0,lb_dns_name,alb_dns_name
98,iac_benchmark/scenarios/terrads_79d499359f89,True,3.0,False,4,13,4,0,9,100.0,30.77,,aws_vpc;aws_efs_backup_policy;aws_route_table;aws_subnet;aws_kms_key;aws_kms_alias;aws_security_group;aws_route_table_association;aws_internet_gateway,0,3,0,0,3,0.0,0.0,,aws_region;aws_availability_zones;aws_caller_identity,25,16,2,23,14,8.0,12.5,efs_access_point_posix_user;efs_access_point_root_directory;efs_mount_target_file_system_id;efs_access_point_name;efs_file_system_provisioned_throughput_in_mibps;efs_file_system_name;efs_file_system_lifecycle_policy;efs_file_system_encrypted;efs_file_system_performance_mode;efs_mount_target_ip_address;efs_mount_target_subnet_ids;efs_mount_target_security_groups;efs_file_system_creation_token;enable_efs_mount_target;enable_efs_file_system;efs_file_system_policy_file_system_id;tags;efs_file_system_throughput_mode;enable_efs_file_system_policy;enable_efs_access_point;efs_access_point_file_system_id;efs_file_system_kms_key_id;efs_file_system_policy_policy,subnet_ids;provisioned_throughput_in_mibps;create_efs;enable_backup;posix_user;throughput_mode;create_efs_policy;security_group_ids;create_access_point;lifecycle_policies;create_mount_targets;root_directory;efs_policy_json;performance_mode,16,10,3,13,7,18.75,30.0,efs_mount_target_mount_target_dns_name;efs_mount_target_dns_name;efs_mount_target_id;efs_mount_target_file_system_arn;efs_mount_target_network_interface_id;efs_mount_target_availability_zone_id;efs_mount_target_availability_zone_name;efs_mount_target_owner_id;efs_file_system_policy_id;efs_access_point_file_system_arn;efs_file_system_kms_key_id;efs_access_point_id;efs_access_point_arn,mount_target_arns;mount_target_dns_names;file_system_policy_id;access_point_dns_name;mount_target_ids;access_point_arn;access_point_id
99,iac_benchmark/scenarios/terrads_e0431c1caace,True,4.0,False,10,30,10,0,20,100.0,33.33,,aws_iam_role_policy;aws_cloudwatch_metric_alarm;aws_cloudwatch_metric_alarm;aws_cloudwatch_metric_alarm;aws_cloudwatch_metric_alarm;aws_cloudwatch_metric_alarm;aws_cloudwatch_metric_alarm;aws_cloudwatch_metric_alarm;aws_kms_key;aws_kms_alias;aws_cloudwatch_log_metric_filter;aws_cloudwatch_log_metric_filter;aws_cloudwatch_log_metric_filter;aws_cloudwatch_log_metric_filter;aws_cloudwatch_log_metric_filter;aws_cloudwatch_log_metric_filter;aws_cloudwatch_log_metric_filter;aws_s3_bucket_versioning;aws_s3_bucket_server_side_encryption_configuration;aws_s3_bucket_public_access_block,1,2,1,0,1,100.0,50.0,,aws_region,9,1,0,9,1,0.0,0.0,trail_bucket_name;sns_topic_name;metric_namespace;log_group_name;cloudtrail_role_name;email_list;cloudtrail_role_policy_name;trail_name;awsRegion,alarm_email_endpoints,0,0,0,0,0,100.0,100.0,,
100,iac_benchmark/scenarios/terrads_5b4e0301422a,True,3.0,False,5,5,3,2,2,60.0,60.0,aws_iam_role_policy;aws_iam_role_policy,aws_iam_policy;aws_iam_role_policy_attachment,1,3,1,0,2,100.0,33.33,,aws_iam_policy_document;aws_iam_policy_document,3,1,0,3,1,0.0,0.0,read_write;role_name;region,enable_remediation,4,4,4,0,0,100.0,100.0,,
101,iac_benchmark/scenarios/terrads_cef8614423be,True,3.0,False,4,9,3,1,6,75.0,33.33,aws_lambda_permission,random_id;aws_kms_key;aws_s3_bucket;aws_s3_bucket_versioning;aws_s3_bucket_server_side_encryption_configuration;aws_s3_bucket_public_access_block,3,0,0,3,0,0.0,0.0,aws_iam_policy_document;aws_iam_policy_document;aws_arn,,8,4,2,6,2,25.0,50.0,bucket;sqs_notifications;sns_notifications;lambda_notifications;bucket_arn;create,buckets;tags,1,0,0,1,0,0.0,0.0,s3_bucket_notification_id,
102,iac_benchmark/scenarios/terrads_77969f786de6,True,5.0,False,36,35,27,9,8,75.0,77.14,aws_default_vpc;aws_subnet;aws_subnet;aws_subnet;aws_subnet;aws_route_table_association;aws_route_table_association;aws_route_table_association;aws_route_table_association,tls_private_key;aws_s3_bucket_versioning;aws_s3_bucket_server_side_encryption_configuration;aws_s3_bucket_acl;tls_self_signed_cert;aws_lb_listener;aws_acm_certificate;aws_s3_bucket_public_access_block,4,3,2,2,1,50.0,66.67,aws_iam_policy_document;aws_caller_identity,aws_availability_zones,0,0,0,0,0,100.0,100.0,,,4,4,2,2,2,50.0,50.0,db_private_ip;web_private_ip,web_server_private_ips;database_private_ip
103,iac_benchmark/scenarios/terrads_5c95653f2b2b,True,4.0,False,8,12,8,0,4,100.0,66.67,,aws_iam_access_key;aws_kms_alias;aws_iam_user;aws_iam_user_policy,6,6,5,1,1,83.33,83.33,aws_iam_policy_document,aws_partition,6,6,4,2,2,66.67,66.67,public_repositories;private_repositories,private_repos;public_repos,3,3,3,0,0,100.0,100.0,,
104,iac_benchmark/scenarios/terrads_05edc40999d7,True,5.0,False,15,27,14,1,13,93.33,51.85,aws_codestarconnections_connection,aws_iam_role_policy;aws_iam_role_policy_attachment;aws_codebuild_project;aws_iam_role;aws_kms_key;aws_lambda_function;aws_s3_bucket_versioning;aws_s3_bucket_versioning;aws_s3_bucket_server_side_encryption_configuration;aws_s3_bucket_server_side_encryption_configuration;aws_codecommit_repository;aws_s3_bucket_public_access_block;aws_s3_bucket_public_access_block,4,3,2,2,1,50.0,66.67,aws_iam_policy_document;aws_codecommit_repository,aws_caller_identity,2,2,0,2,2,0.0,0.0,shared_tags;config,common_tags;config_file_path,14,15,1,13,14,7.14,6.67,pipeline_artifact_bucket_name;cloudwatch_branch_trigger_arn;build_cache_bucket_name;default_pipeline_role_name;cloudwatch_cron_trigger_arn;cloudwatch_tag_trigger_name;build_cache_store_arn;pipeline_name;cloudwatch_tag_trigger_arn;cloudwatch_branch_trigger_name;pipeline_artifact_bucket_arn;pipeline_arn;cloudwatch_cron_trigger_name,cron_trigger_rule_arns;eventbridge_trigger_rule_names;branch_trigger_rule_arns;cron_trigger_rule_names;artifact_bucket_names;pipeline_arns;tag_trigger_rule_arns;branch_trigger_rule_names;eventbridge_trigger_rule_arns;cache_bucket_names;artifact_bucket_arns;cache_bucket_arns;pipeline_names;tag_trigger_rule_names
105,iac_benchmark/scenarios/terrads_ddc425a81cf2,True,4.0,False,10,15,10,0,5,100.0,66.67,,aws_iam_role_policy_attachment;aws_cloudwatch_metric_alarm;aws_iam_role;aws_lambda_function;aws_lambda_alias,6,5,1,5,4,16.67,20.0,aws_iam_role;aws_iam_policy_document;aws_iam_policy_document;aws_lambda_function;aws_lambda_alias,archive_file;aws_partition;aws_region;aws_caller_identity,35,16,6,29,10,17.14,37.5,attach_triggers_policy;before_allow_traffic_hook_arn;alarm_enabled;wait_deployment_completion;description;interpreter;use_existing_app;create_deployment_group;create_deployment;function_name;attach_hooks_policy;create;after_allow_traffic_hook_arn;alarm_ignore_poll_alarm_failure;alarms;current_version;app_name;aws_cli_command;use_existing_deployment_group;create_codedeploy_role;get_deployment_sleep_timer;triggers;save_deploy_script;create_app;target_version;codedeploy_role_name;codedeploy_principals;run_deployment;auto_rollback_enabled,hook_before_arn;wait_sleep_seconds;aws_cli_endpoint_url;alarm_config;application_name;wait_for_completion;hook_after_arn;lambda_function_name;sns_topic_arns;deployment_script_path,9,7,3,6,4,33.33,42.86,codedeploy_iam_role_name;script;appspec;appspec_sha256;codedeploy_deployment_group_id;deploy_script,target_version_arn;lambda_function_arn;current_version_arn;lambda_alias_arn
106,iac_benchmark/scenarios/terrads_916c37ccf307,True,5.0,False,19,36,18,1,18,94.74,50.0,aws_security_group,aws_security_group_rule;aws_security_group_rule;aws_security_group_rule;aws_security_group_rule;aws_security_group_rule;aws_security_group_rule;aws_security_group_rule;aws_security_group_rule;aws_security_group_rule;aws_security_group_rule;aws_security_group_rule;aws_security_group_rule;aws_route_table;aws_route_table;aws_route_table;aws_route_table_association;aws_route_table_association;aws_route_table_association,0,0,0,0,0,100.0,100.0,,,10,4,2,8,2,20.0,50.0,tag-env;region;vpc-sec_cidr;tgw_id;prefix;tags;tgw_rt-association_id;tgw_rt-propagation_id,vpc_cidr;availability_zone,6,8,0,6,8,0.0,0.0,vpc-sec_id;nsg_ids;subnet_az1_ids;fgt_ni_ips;subnet_az1_cidrs;fgt_ni_ids,subnet_ids;fortigate_public_eni_id;security_group_ids;fortigate_private_ip;fortigate_public_ip;fortigate_private_eni_id;vpc_id;subnet_cidrs
107,iac_benchmark/scenarios/gh_1d5f4d32,True,4.0,False,9,8,8,1,0,88.89,100.0,aws_ec2_transit_gateway_vpc_attachment_accepter,,0,1,0,0,1,0.0,0.0,,aws_caller_identity,50,13,2,48,11,4.0,15.38,transit_gateway_route_table_name;transit_gateway_vpc_attachment_name;transit_gateway_vpc_attachment_accepter_transit_gateway_attachment_id;name;transit_gateway_vpc_attachment_ipv6_support;transit_gateway_vpc_attachment_dns_support;transit_gateway_amazon_side_asn;transit_gateway_name;transit_gateway_vpc_attachment_subnet_ids;transit_gateway_vpn_ecmp_support;transit_gateway_peering_attachment_accepter_transit_gateway_attachment_id;transit_gateway_peering_attachment_peer_account_id;transit_gateway_vpc_attachment_accepter_transit_gateway_default_route_table_propagation;transit_gateway_route_transit_gateway_route_table_id;transit_gateway_peering_attachment_transit_gateway_id;transit_gateway_vpc_attachment_appliance_mode_support;transit_gateway_default_route_table_propagation;transit_gateway_route_table_association_transit_gateway_route_table_id;transit_gateway_auto_accept_shared_attachments;transit_gateway_default_route_table_association;transit_gateway_route_table_association_transit_gateway_attachment_id;transit_gateway_route_destination_cidr_blocks;transit_gateway_vpc_attachment_transit_gateway_default_route_table_association;transit_gateway_vpc_attachment_transit_gateway_default_route_table_propagation;enable_transit_gateway_vpc_attachment_accepter;tags;transit_gateway_vpc_attachment_transit_gateway_id;enable_transit_gateway_route;enable_transit_gateway_route_table_propagation;transit_gateway_peering_attachment_peer_transit_gateway_id;transit_gateway_vpc_attachment_vpc_id;transit_gateway_route_table_propagation_transit_gateway_route_table_id;transit_gateway_route_transit_gateway_attachment_id;enable_transit_gateway_route_table_association;transit_gateway_peering_attachment_accepter_name;transit_gateway_vpc_attachment_accepter_name;enable_transit_gateway_route_table;enable_transit_gateway_peering_attachment_accepter;enable_transit_gateway_peering_attachment;transit_gateway_peering_attachment_peer_region;enable_transit_gateway_vpc_attachment;transit_gateway_vpc_attachment_accepter_transit_gateway_default_route_table_association;transit_gateway_dns_support;transit_gateway_description;transit_gateway_route_table_transit_gateway_id;transit_gateway_route_table_propagation_transit_gateway_attachment_id;transit_gateway_peering_attachment_name;transit_gateway_route_blackhole,peer_region;destination_cidr_block;subnet_ids;enable_route_table_association;enable_route_table;name_prefix;enable_peering;vpc_id;peer_transit_gateway_id;enable_vpc_attachment;enable_route_table_propagation,31,0,0,31,0,0.0,0.0,transit_gateway_arn;transit_gateway_route_table_association_resource_type;transit_gateway_route_table_default_propagation_route_table;transit_gateway_route_id;transit_gateway_id;transit_gateway_route_table_association_resource_id;transit_gateway_peering_attachment_accepter_peer_account_id;transit_gateway_route_table_propagation_id;transit_gateway_vpc_attachment_accepter_id;transit_gateway_vpc_attachment_accepter_vpc_id;transit_gateway_vpc_attachment_id;transit_gateway_vpc_attachment_accepter_subnet_ids;transit_gateway_association_default_route_table_id;transit_gateway_route_table_propagation_resource_id;transit_gateway_vpc_attachment_vpc_owner_id;transit_gateway_vpc_attachment_accepter_transit_gateway_id;transit_gateway_peering_attachment_accepter_id;transit_gateway_vpc_attachment_accepter_appliance_mode_support;transit_gateway_owner_id;transit_gateway_propagation_default_route_table_id;transit_gateway_route_table_propagation_resource_type;transit_gateway_route_table_default_association_route_table;transit_gateway_route_table_association_id;transit_gateway_vpc_attachment_accepter_vpc_owner_id;transit_gateway_vpc_attachment_accepter_ipv6_support;transit_gateway_peering_attachment_accepter_peer_transit_gateway_id;transit_gateway_route_table_id;transit_gateway_peering_attachment_id;transit_gateway_route_table_arn;transit_gateway_peering_attachment_accepter_transit_gateway_id;transit_gateway_vpc_attachment_accepter_dns_support,
108,iac_benchmark/scenarios/terrads_0ee2a2760917,True,3.0,False,5,9,5,0,4,100.0,55.56,,aws_route53_zone_association;aws_route53_vpc_association_authorization;aws_vpc;aws_kms_alias,1,1,1,0,0,100.0,100.0,,,28,18,12,16,6,42.86,66.67,labels_as_tags;terragrunt_tags;vpc_ids;label_key_case;enabled;label_value_case;tenant;label_order;zone_name;regex_replace_chars;additional_tag_map;descriptor_formats;delimiter;id_length_limit;context;environment,zone_type;comment;vpc_owner_id;vpc_id;vpc_region;domain_name,4,0,0,4,0,0.0,0.0,zone;route53_record_fqdn;vpc_id;route53_record_name,
109,iac_benchmark/scenarios/terrads_e4f73489147c,True,5.0,False,28,36,24,4,12,85.71,66.67,aws_iam_policy;aws_iam_policy;aws_iam_policy_attachment;aws_network_interface,aws_nat_gateway;aws_vpc;aws_iam_role_policy;aws_iam_role_policy;aws_route_table;aws_route_table;aws_subnet;aws_subnet;aws_route_table_association;aws_route_table_association;aws_eip;aws_internet_gateway,4,4,2,2,2,50.0,50.0,aws_iam_policy_document;aws_caller_identity,aws_availability_zones;aws_partition,0,0,0,0,0,100.0,100.0,,,1,0,0,1,0,0.0,0.0,nginx_test,
110,iac_benchmark/scenarios/terrads_a78e858914da,True,5.0,False,15,13,13,2,0,86.67,100.0,aws_route;aws_route,,0,1,0,0,1,0.0,0.0,,aws_availability_zones,25,6,0,25,6,0.0,0.0,azs;map_public_ip_on_launch;private_subnet_names;private_subnets;intra_subnet_tags;private_subnet_suffix;enable_dns_hostnames;name;tags;public_subnets;public_subnet_tags;create_igw;private_subnet_tags;create_vpc;public_subnet_suffix;intra_subnets;cidr;nat_gateway_tags;intra_subnet_names;vpc_tags;public_subnet_names;intra_subnet_suffix;enable_nat_gateway;enable_dns_support;igw_tags,private_subnet_cidrs;availability_zones;vpc_name;public_subnet_cidrs;vpc_cidr;intra_subnet_cidrs,13,0,0,13,0,0.0,0.0,public_subnet_cidr_blocks;azs;nat_public_ips;intra_subnet_ids;private_subnet_cidr_blocks;intra_subnet_cidr_blocks;name;public_subnet_ids;private_subnet_ids;igw_id;natgw_ids;vpc_id;vpc_cidr_block,
111,iac_benchmark/scenarios/terrads_bb382f0f3fd1,True,5.0,False,14,20,13,1,7,92.86,65.0,aws_iam_policy_attachment,aws_iam_role_policy_attachment;aws_s3_bucket_replication_configuration;aws_s3_bucket_versioning;aws_s3_bucket_versioning;aws_s3_bucket_server_side_encryption_configuration;aws_s3_bucket_server_side_encryption_configuration;aws_dynamodb_table,4,5,2,2,3,50.0,40.0,aws_region;aws_region,aws_iam_policy_document;aws_iam_policy_document;aws_caller_identity,3,3,1,2,2,33.33,33.33,stacks;s3_bucket_force_destroy,force_destroy_buckets;region_map,0,0,0,0,0,100.0,100.0,,
112,iac_benchmark/scenarios/terrads_f4222681f712,True,3.0,False,13,16,12,1,4,92.31,75.0,aws_iam_role_policy,aws_iam_policy;aws_iam_role_policy_attachment;aws_api_gateway_stage;archive_file,3,3,2,1,1,66.67,66.67,archive_file,aws_region,10,3,3,7,0,30.0,100.0,method;zipfile;region;root_nesting;buildscript;build_dir;handler,,4,0,0,4,0,0.0,0.0,endpoint;lambda_iam_role;lambda_console_url;build_path,
113,iac_benchmark/scenarios/terrads_2b8b3dc2bc75,True,4.0,False,9,26,7,2,19,77.78,26.92,aws_iam_role_policy;aws_iam_role_policy_attachment,aws_iam_policy;aws_s3_bucket_policy;aws_sns_topic_policy;random_id;aws_kms_key;aws_s3_bucket;aws_s3_bucket_versioning;aws_s3_bucket_server_side_encryption_configuration;aws_config_config_rule;aws_config_config_rule;aws_config_config_rule;aws_config_config_rule;aws_config_config_rule;aws_config_config_rule;aws_config_config_rule;aws_config_config_rule;aws_config_config_rule;aws_config_config_rule;aws_s3_bucket_public_access_block,0,6,0,0,6,0.0,0.0,,aws_iam_policy_document;aws_iam_policy_document;aws_iam_policy_document;aws_iam_policy_document;aws_iam_policy_document;aws_caller_identity,3,3,0,3,3,0.0,0.0,tags;record_config;name,custom_tags;snapshot_delivery_frequency;base_name,1,0,0,1,0,0.0,0.0,rules,
114,iac_benchmark/scenarios/terrads_8c3d60955e7f,True,5.0,False,35,12,3,32,9,8.57,25.0,aws_sns_topic_subscription;aws_sns_topic_subscription;aws_sns_topic_subscription;aws_sns_topic_subscription;aws_sns_topic_subscription;aws_sns_topic_subscription;aws_sns_topic_subscription;aws_sns_topic_subscription;aws_sns_topic_subscription;aws_sns_topic_subscription;aws_sns_topic_subscription;aws_sns_topic_subscription;aws_sns_topic_subscription;aws_sns_topic_subscription;aws_sns_topic_subscription;aws_sns_topic_subscription;aws_sns_topic;aws_sns_topic;aws_sns_topic;aws_sns_topic;aws_sns_topic;aws_sns_topic;aws_sns_topic;aws_sns_topic;aws_sns_topic;aws_sns_topic;aws_sns_topic;aws_sns_topic;aws_sns_topic;aws_sns_topic;aws_sns_topic;aws_sns_topic,aws_config_delivery_channel;aws_iam_role;aws_config_configuration_recorder;aws_s3_bucket;aws_s3_bucket_public_access_block;aws_iam_role_policy_attachment;aws_s3_bucket_versioning;aws_s3_bucket_server_side_encryption_configuration;aws_sqs_queue_policy,0,1,0,0,1,0.0,0.0,,aws_caller_identity,9,9,6,3,3,66.67,66.67,enabled_global_logging_regions;bucket_suffix;tags,s3_bucket_suffix;common_tags;global_logging_regions,0,0,0,0,0,100.0,100.0,,
115,iac_benchmark/scenarios/terrads_6ec75c3ea43a,True,3.0,False,10,13,10,0,3,100.0,76.92,,aws_route_table;aws_route_table_association;aws_route_table_association,0,1,0,0,1,0.0,0.0,,aws_availability_zones,19,1,0,19,1,0.0,0.0,subnet_b_public;subnet_a_name;subnet_c_cidr_block;subnet_a_az;subnet_a_public;subnet_c_az;nat_gw_name;subnet_c_public;subnet_b_az;public_sb_name;vpc_name;subnet_b_cidr_block;subnet_a_cidr_block;subnet_b_name;route_tb_name;internetgw_name;byoip_pool_name;subnet_c_name;vpc_cidr_block,public_ipv4_pool,1,1,0,1,1,0.0,0.0,nat_public_ip,nat_gateway_public_ip
116,iac_benchmark/scenarios/terrads_83b303c27ebb,True,5.0,False,12,20,12,0,8,100.0,60.0,,aws_s3_bucket_lifecycle_configuration;aws_kms_key;aws_kms_alias;aws_s3_bucket;aws_s3_bucket_public_access_block;aws_s3_bucket_public_access_block;aws_s3_bucket_server_side_encryption_configuration;aws_s3_bucket_acl,0,2,0,0,2,0.0,0.0,,aws_canonical_user_id;aws_caller_identity,49,16,2,47,14,4.08,12.5,object_lock_configuration;lifecycle_deep_archive_object_prefix;lifecycle_days_to_glacier_transition;repository;lifecycle_glacier_transition_enabled;name;aws_iam_policy_document;error_document;enable_server_side_encryption;lifecycle_days_to_expiration;routing_rule;versioning;lifecycle_expiration_object_prefix;kms_master_key_id;index_document;force_destroy;attributes;website_config_enable;acceleration_status;lifecycle_configuration_rules;request_payer;create_bucket;lifecycle_glacier_object_prefix;lifecycle_days_to_deep_archive_transition;bucket_policy;sse_algorithm;managedby;bucket_prefix;logging;acl;lifecycle_deep_archive_transition_enabled;label_order;owner_id;enable_lifecycle_configuration_rules;mfa_delete;target_prefix;lifecycle_infrequent_storage_object_prefix;grants;cors_rule;target_bucket;delimiter;enable_kms;lifecycle_infrequent_storage_transition_enabled;lifecycle_days_to_infrequent_storage_transition;lifecycle_expiration_enabled;environment;redirect,logging_bucket_name;enable_requester_pays;lifecycle_rules;bucket_name;enable_logging;object_lock_config;cors_rules;log_lifecycle_expiration_days;enable_versioning;canned_acl;block_public_access;enable_acceleration;enable_website_public_read;encryption_algorithm,4,4,1,3,3,25.0,25.0,id;tags;arn,bucket_arn;bucket_tags;bucket_id
117,iac_benchmark/scenarios/terrads_39c90624ffed,True,5.0,False,12,10,0,12,10,0.0,0.0,aws_waf_rate_based_rule;aws_waf_byte_match_set;aws_waf_rule_group;aws_waf_rule;aws_waf_geo_match_set;aws_waf_web_acl;aws_waf_sql_injection_match_set;aws_waf_size_constraint_set;aws_waf_xss_match_set;aws_waf_ipset;aws_waf_regex_pattern_set;aws_waf_regex_match_set,aws_wafv2_web_acl_logging_configuration;aws_wafv2_web_acl;aws_s3_bucket_policy;aws_wafv2_regex_pattern_set;aws_wafv2_ip_set;aws_s3_bucket;aws_wafv2_rule_group;aws_s3_bucket_versioning;aws_s3_bucket_server_side_encryption_configuration;aws_s3_bucket_public_access_block,0,4,0,0,4,0.0,0.0,,aws_partition;aws_region;aws_iam_policy_document;aws_caller_identity,47,33,3,44,30,6.38,9.09,waf_rule_group_metric_name;name;waf_rule_predicates;enable_waf_rule_group;waf_web_acl_name;waf_geo_match_set_name;enable_waf_regex_pattern_set;waf_web_acl_logging_configuration;enable_waf_sql_injection_match_set;waf_web_acl_default_action;enable_waf_byte_match_set;waf_regex_match_set_name;waf_regex_match_set_regex_match_tuple;enable_waf_size_constraint_set;waf_regex_pattern_set_regex_pattern_strings;waf_rate_based_rule_rate_limit;waf_ipset_ip_set_descriptors;enable_waf_geo_match_set;waf_rate_based_rule_name;waf_rule_group_activated_rule;waf_rate_based_rule_predicates;waf_xss_match_set_xss_match_tuples;waf_regex_pattern_set_name;enable_waf_ipset;waf_web_acl_metric_name;waf_size_constraint_set_name;enable_waf_xss_match_set;enable_waf_web_acl;waf_ipset_name;enable_waf_rate_based_rule;enable_waf_regex_match_set;waf_web_acl_rules;waf_geo_match_set_geo_match_constraint;waf_rate_based_rule_rate_key;waf_sql_injection_match_set_name;waf_rule_metric_name;waf_rule_group_name;waf_byte_match_set_name;waf_size_constraint_set_size_constraints;waf_xss_match_set_name;enable_waf_rule;waf_rate_based_rule_metric_name;waf_byte_match_set_byte_match_tuples;waf_rule_name,byte_match_tuples;enable_ipset;enable_xss_match_set;rule_group_metric_name;regex_match_pattern_set_arn;rate_based_rule_metric_name;activated_rules;web_acl_default_action;enable_size_constraint_set;ip_set_addresses;geo_match_countries;enable_rule_group;enable_web_acl;enable_sql_injection_match_set;web_acl_rules;web_acl_metric_name;size_constraints;enable_regex_pattern_set;rate_based_rule_rate_key;enable_byte_match_set;waf_log_bucket_name;base_name;enable_geo_match_set;xss_match_tuples;regex_pattern_strings;enable_rule;logging_configuration;rate_based_rule_rate_limit;enable_regex_match_set;enable_rate_based_rule,22,9,0,22,9,0.0,0.0,waf_web_acl_id;waf_regex_match_set_arn;waf_byte_match_set_id;waf_regex_pattern_set_arn;waf_size_constraint_set_arn;waf_ipset_id;waf_rule_id;waf_rule_group_id;waf_ipset_arn;waf_geo_match_set_id;waf_web_acl_arn;waf_size_constraint_set_id;waf_rule_group_arn;waf_rate_based_rule_id;waf_regex_match_set_id;waf_xss_match_set_arn;waf_xss_match_set_id;waf_geo_match_set_arn;waf_rate_based_rule_arn;waf_sql_injection_match_set_id;waf_regex_pattern_set_id;waf_rule_arn,regex_pattern_set_id;waf_log_bucket_id;ipset_id;rule_group_id;ipset_arn;web_acl_id;rule_group_arn;regex_pattern_set_arn;web_acl_arn
118,iac_benchmark/scenarios/terrads_4ce463879462,True,3.0,False,4,13,4,0,9,100.0,30.77,,aws_iam_role;aws_iam_role;local_file;aws_lambda_function;aws_lambda_permission;aws_iam_role_policy;aws_cloudwatch_event_target;aws_iam_role_policy_attachment;aws_sfn_state_machine,0,1,0,0,1,0.0,0.0,,archive_file,5,6,0,5,6,0.0,0.0,bus;name;tags;targets;rules,schedule_expression;lambda_function_name;event_bus_name;state_machine_name;common_tags;event_pattern,2,0,0,2,0,0.0,0.0,bus;rules,
119,iac_benchmark/scenarios/terrads_15dc7dba11b2,True,5.0,False,12,16,10,2,6,83.33,62.5,aws_iam_policy;aws_iam_role_policy_attachment,aws_cloudwatch_event_target;aws_cloudwatch_event_target;aws_cloudwatch_event_target;aws_cloudwatch_event_rule;aws_cloudwatch_event_rule;aws_cloudwatch_event_rule,6,3,2,4,1,33.33,66.67,aws_partition;aws_iam_policy_document;aws_iam_policy_document;aws_iam_policy_document,aws_region,38,5,1,37,4,2.63,20.0,queue_name;irsa_assume_role_condition_test;irsa_tag_key;iam_role_additional_policies;irsa_max_session_duration;irsa_name;irsa_use_name_prefix;policies;iam_role_description;irsa_permissions_boundary_arn;irsa_policy_name;queue_kms_data_key_reuse_period_seconds;create_instance_profile;create;iam_role_path;irsa_ssm_parameter_arns;queue_managed_sse_enabled;irsa_subnet_account_id;iam_role_arn;irsa_description;iam_role_use_name_prefix;irsa_path;tags;iam_role_tags;irsa_tags;cluster_ip_family;create_irsa;enable_spot_termination;iam_role_permissions_boundary;rule_name_prefix;irsa_namespace_service_accounts;iam_role_max_session_duration;queue_kms_master_key_id;create_iam_role;iam_role_name;irsa_oidc_provider_arn;iam_role_attach_cni_policy,karpenter_namespace;include_eks_cni_policy;karpenter_service_account;oidc_provider_arn,14,0,0,14,0,0.0,0.0,irsa_arn;queue_name;irsa_name;instance_profile_name;role_name;instance_profile_unique;role_unique_id;queue_arn;instance_profile_id;irsa_unique_id;event_rules;queue_url;role_arn;instance_profile_arn,
120,iac_benchmark/scenarios/terrads_a6b6f6412452,True,4.0,False,14,16,10,4,6,71.43,62.5,aws_s3_bucket_ownership_controls;aws_s3_bucket_ownership_controls;aws_s3_bucket_acl;aws_s3_bucket_acl,aws_kms_key;time_sleep;aws_s3_bucket_server_side_encryption_configuration;aws_s3_bucket_server_side_encryption_configuration;aws_s3_bucket_public_access_block;aws_s3_bucket_public_access_block,4,1,1,3,0,25.0,100.0,aws_partition;aws_iam_policy_document;aws_iam_policy_document,,3,3,0,3,3,0.0,0.0,access_point_name;primary_bucket_name;secondary_bucket_name,secondary_region;bucket_primary;bucket_secondary,4,4,0,4,4,0.0,0.0,multi_access_point_domain_name;multi_access_point_alias;multi_access_point_status;multi_access_point_arn,mrap_status;mrap_domain_name;mrap_arn;mrap_alias
121,iac_benchmark/scenarios/terrads_265d051c70be,True,5.0,False,16,18,16,0,2,100.0,88.89,,aws_iam_openid_connect_provider;aws_iam_policy,9,4,1,8,3,11.11,25.0,aws_iam_policy_document;aws_iam_policy_document;aws_iam_policy_document;aws_iam_policy_document;aws_iam_policy_document;aws_iam_policy_document;aws_iam_policy_document;aws_iam_policy_document,tls_certificate;aws_region;aws_caller_identity,27,18,1,26,17,3.7,5.56,attach_ebs_csi_policy;cluster_autoscaler_cluster_ids;attach_load_balancer_controller_policy;role_path;attach_external_dns_policy;karpenter_controller_ssm_parameter_arns;attach_vpc_cni_policy;ebs_csi_kms_cmk_ids;max_session_duration;role_name_prefix;attach_node_termination_handler_policy;role_name;force_detach_policies;attach_cluster_autoscaler_policy;vpc_cni_enable_ipv4;tags;role_description;oidc_providers;vpc_cni_enable_ipv6;karpenter_controller_node_iam_role_arns;karpenter_controller_cluster_ids;role_policy_arns;node_termination_handler_sqs_queue_arns;attach_karpenter_controller_policy;role_permissions_boundary_arn;create_role,karpenter_node_role_arn;cluster_ids;karpenter_discovery_tag_value;karpenter_discovery_tag_key;ebs_csi_kms_cmk_arn;enable_external_dns;ssm_parameter_path;namespace_service_accounts;nth_sqs_queue_arns;enable_cluster_autoscaler;lb_controller_cluster_name;enable_karpenter;enable_ebs_csi;enable_lb_controller;oidc_provider_urls;enable_vpc_cni;enable_node_termination_handler,4,0,0,4,0,0.0,0.0,iam_role_unique_id;iam_role_path;iam_role_arn;iam_role_name,
122,iac_benchmark/scenarios/terrads_1b435e3d4172,True,4.0,False,9,13,8,1,5,88.89,61.54,aws_vpc_endpoint_route_table_association,aws_network_acl_rule;aws_network_acl_rule;aws_route_table;aws_route_table_association;aws_subnet,1,1,1,0,0,100.0,100.0,,,11,0,0,11,0,0.0,0.0,cidr;private_subnets;public_outbound_acl_rules;enable_dns_hostnames;name;region;enable_dns_support;custom_inbound_acl_rules;custom_outbound_acl_rules;public_inbound_acl_rules;instance_tenancy,,18,0,0,18,0,0.0,0.0,PrivateSubnet1ACIDR;PrivateSubnet3ARouteTable;subnet_ids;PrivateSubnet2ACIDR;route_id;PrivateSubnet4ARouteTable;PrivateSubnet3ACIDR;route_ids;PrivateSubnet3AID;PrivateSubnet2ARouteTable;S3VPCEndpoint;PrivateSubnet1AID;PrivateSubnet2AID;PrivateSubnet1ARouteTable;PrivateSubnet4ACIDR;vpc_cidr;PrivateSubnet4AID;vpc_id,
123,iac_benchmark/scenarios/terrads_c6dcc9b29983,True,5.0,False,14,37,14,0,23,100.0,37.84,,aws_cloudwatch_log_group;aws_iam_role;aws_s3_bucket;aws_s3_bucket_versioning;aws_s3_bucket_server_side_encryption_configuration;aws_iam_policy;aws_iam_policy;aws_iam_policy;aws_iam_role_policy_attachment;aws_iam_role_policy_attachment;aws_iam_role_policy_attachment;aws_sns_topic;aws_sns_topic;aws_sns_topic;aws_sns_topic;aws_sns_topic_policy;aws_sns_topic_policy;aws_sns_topic_policy;aws_sns_topic_policy;aws_ses_identity_notification_topic;aws_ses_identity_notification_topic;aws_kinesis_stream;aws_s3_bucket_public_access_block,0,0,0,0,0,100.0,100.0,,,62,20,2,60,18,3.23,10.0,ses_receipt_rule_add_header_action;ses_receipt_rule_bounce_action;enable_ses_receipt_rule_set;ses_domain_mail_from_domain;name;enable_ses_domain_identity_verification;ses_event_destination_configuration_set_name;ses_event_destination_kinesis_destination;ses_receipt_rule_stop_action;enable_ses_event_destination;enable_ses_receipt_filter;ses_identity_policy_name;ses_configuration_set_delivery_options;ses_template_name;ses_domain_mail_from_mail_from_domain;ses_identity_notification_topic_identity;ses_receipt_rule_tls_policy;ses_domain_identity_verification_domain;ses_template_subject;ses_receipt_rule_lambda_action;ses_receipt_rule_rule_set_name;ses_receipt_filter_stack;ses_template_text;enable_ses_domain_identity;ses_identity_notification_topic_notification_type;ses_receipt_rule_name;ses_event_destination_matching_types;ses_event_destination_sns_destination;ses_receipt_rule_set_rule_set_name;ses_receipt_rule_enabled;enable_ses_domain_dkim;ses_receipt_rule_scan_enabled;enable_ses_receipt_rule;ses_domain_dkim_domain;ses_receipt_rule_workmail_action;ses_active_receipt_rule_set_rule_set_name;ses_identity_notification_topic_include_original_headers;ses_receipt_rule_recipients;ses_email_identity_emails;ses_event_destination_name;ses_template_html;ses_domain_mail_from_behavior_on_mx_failure;enable_ses_email_identity;enable_ses_configuration_set;ses_receipt_rule_s3_action;enable_ses_domain_mail_from;ses_configuration_set_name;enable_ses_active_receipt_rule_set;ses_configuration_set_reputation_metrics_enabled;ses_event_destination_enabled;ses_domain_identity_domains;ses_receipt_rule_sns_action;ses_identity_notification_topic_topic_arn;ses_receipt_rule_after;ses_identity_policy_identity;ses_event_destination_cloudwatch_destination;enable_ses_identity_notification_topic;ses_identity_policy_policy;enable_ses_identity_policy;ses_configuration_set_sending_enabled,enable_receipt_rule_set;enable_receipt_rule;enable_domain_dkim;name_prefix;enable_email_identity;emails;enable_domain_identity;domains;enable_active_receipt_rule_set;enable_identity_policy;enable_domain_mail_from;enable_identity_notification_topic;enable_configuration_set;event_destinations;enable_event_destination;enable_receipt_filter;enable_domain_identity_verification;receipt_filters,27,0,0,27,0,0.0,0.0,ses_email_identity_arn;ses_template_arn;ses_receipt_filter_arn;ses_event_destination_id;ses_event_destination_arn;ses_identity_policy_id;ses_receipt_rule_set_id;ses_domain_identity_verification_id;ses_domain_dkim_id;ses_template_id;ses_identity_notification_topic_id;ses_receipt_rule_arn;ses_domain_mail_from_id;ses_receipt_rule_set_arn;ses_domain_identity_verification_token;ses_domain_identity_arn;ses_receipt_filter_id;ses_email_identity_id;ses_receipt_rule_id;ses_configuration_set_arn;ses_configuration_set_id;ses_domain_identity_id;ses_domain_identity_verification_arn;ses_active_receipt_rule_set_arn;ses_domain_dkim_dkim_tokens;ses_active_receipt_rule_set_id;ses_configuration_set_last_fresh_start,
124,iac_benchmark/scenarios/terrads_bf3ef706d7fd,True,5.0,False,20,29,10,10,19,50.0,34.48,aws_vpc_security_group_egress_rule;aws_vpc_security_group_egress_rule;aws_vpc_security_group_egress_rule;aws_cloudformation_stack;local_sensitive_file;time_sleep;aws_vpc_security_group_ingress_rule;aws_vpc_security_group_ingress_rule;aws_vpc_security_group_ingress_rule;aws_vpc_security_group_ingress_rule,local_file;aws_vpc;aws_iam_role_policy_attachment;aws_iam_role_policy_attachment;aws_iam_role_policy_attachment;aws_route_table;aws_subnet;aws_internet_gateway;aws_autoscaling_group;aws_kms_key;aws_security_group_rule;aws_security_group_rule;aws_security_group_rule;aws_vpc_endpoint;aws_vpc_endpoint;aws_vpc_endpoint;aws_vpc_endpoint;aws_security_group;aws_route_table_association,7,2,0,7,2,0.0,0.0,http;aws_vpc;aws_eks_cluster;aws_subnets;aws_iam_policy_document;aws_iam_policy_document;aws_ssm_parameter,aws_availability_zones;aws_ami,7,2,0,7,2,0.0,0.0,node_role_name;node_group_min_size;cluster_name;node_group_desired_capacity;cluster_role_name;node_group_max_size;aws_region,ssh_cidr_blocks;eks_version,3,0,0,3,0,0.0,0.0,NodeInstanceRole;NodeSecurityGroup;NodeAutoScalingGroup,
125,iac_benchmark/scenarios/terrads_c8bf6bcc3019,True,5.0,False,15,18,15,0,3,100.0,83.33,,aws_iam_policy;aws_iam_role_policy;aws_iam_role_policy_attachment,3,7,1,2,6,33.33,14.29,aws_iam_policy_document;aws_iam_policy_document,aws_partition;aws_iam_policy;aws_iam_policy;aws_iam_policy;aws_iam_policy;aws_region,1,1,0,1,1,0.0,0.0,project,project_name,5,5,3,2,2,60.0,60.0,codedeploy_instance_profile;cw_agent_instance_profile,ec2_codedeploy_instance_profile_name;cloudwatch_agent_instance_profile_name
126,iac_benchmark/scenarios/terrads_8a18be3138e9,True,4.0,False,21,10,9,12,1,42.86,90.0,aws_main_route_table_association;aws_route_table;aws_route_table_association;aws_route_table_association;aws_route_table_association;aws_route_table_association;aws_subnet;aws_subnet;aws_subnet;aws_subnet;aws_subnet;aws_subnet,aws_default_route_table,0,1,0,0,1,0.0,0.0,,aws_availability_zones,0,0,0,0,0,100.0,100.0,,,12,6,0,12,6,0.0,0.0,prod_ext_sub_2_id;prod_ext_default_sg_id;prod_ext_sub_3_id;prod_int_vpc_id;prod_int_sub_2_id;prod_ext_vpc_id;prod_int_sub_3_id;prod_ext_sub_0_id;prod_int_sub_1_id;prod_int_sub_0_id;prod_int_default_sg_id;prod_ext_sub_1_id,external_default_security_group_id;internal_vpc_id;internal_default_security_group_id;public_subnet_ids;private_subnet_ids;external_vpc_id
127,iac_benchmark/scenarios/terrads_8ac6bda76d9a,True,5.0,False,18,4,4,14,0,22.22,100.0,aws_security_group_rule;aws_security_group_rule;aws_security_group_rule;aws_security_group_rule;aws_security_group_rule;aws_security_group_rule;aws_security_group_rule;aws_security_group_rule;aws_security_group_rule;aws_security_group_rule;aws_security_group_rule;aws_security_group_rule;aws_security_group_rule;aws_security_group_rule,,1,1,0,1,1,0.0,0.0,aws_security_group,aws_vpc,31,8,3,28,5,9.68,37.5,existing_sg_ingress_rules_with_source_sg_id;repository;existing_sg_egress_rules_with_cidr_blocks;max_entries;existing_sg_egress_rules_with_self;new_sg_egress_rules_with_prefix_list;enable;existing_sg_id;existing_sg_egress_rules_with_source_sg_id;new_sg_egress_rules_with_source_sg_id;new_sg_egress_rules_with_cidr_blocks;entry;new_sg_ingress_rules_with_prefix_list;prefix_list_enabled;existing_sg_ingress_rules_with_self;managedby;prefix_list_address_family;prefix_list_ids;new_sg_ingress_rules_with_source_sg_id;label_order;existing_sg_ingress_rules_with_cidr_blocks;existing_sg_egress_rules_with_prefix_list;new_sg_ingress_rules_with_cidr_blocks;new_sg_ingress_rules_with_self;new_sg;existing_sg_ingress_rules_with_prefix_list;new_sg_egress_rules_with_self;sg_description,egress_rules;create_prefix_list;existing_security_group_id;prefix_list_entries;ingress_rules,4,3,3,1,0,75.0,100.0,security_group_tags,
128,iac_benchmark/scenarios/terrads_8b175cdbe2cf,True,4.0,False,23,28,17,6,11,73.91,60.71,aws_instance;aws_subnet;aws_subnet;aws_route_table_association;aws_route_table_association;aws_lb_target_group_attachment,tls_private_key;aws_kms_key;aws_kms_alias;aws_s3_bucket;aws_s3_bucket_versioning;aws_s3_bucket_server_side_encryption_configuration;aws_dynamodb_table;local_file;tls_self_signed_cert;aws_acm_certificate;aws_s3_bucket_public_access_block,0,3,0,0,3,0.0,0.0,,aws_availability_zones;aws_caller_identity;aws_ami,0,0,0,0,0,100.0,100.0,,,1,3,0,1,3,0.0,0.0,dns-link,alb_dns_name;dynamodb_table_name;state_s3_bucket_arn
129,iac_benchmark/scenarios/terrads_33766381a4b4,True,5.0,False,18,11,10,8,1,55.56,90.91,aws_security_group_rule;aws_security_group_rule;aws_security_group_rule;aws_security_group_rule;aws_security_group_rule;aws_security_group_rule;aws_security_group_rule;aws_security_group_rule,aws_vpc,1,0,0,1,0,0.0,0.0,aws_security_group,,31,20,3,28,17,9.68,15.0,existing_sg_ingress_rules_with_source_sg_id;repository;existing_sg_egress_rules_with_cidr_blocks;existing_sg_egress_rules_with_self;new_sg_egress_rules_with_prefix_list;enable;existing_sg_id;existing_sg_egress_rules_with_source_sg_id;new_sg_egress_rules_with_source_sg_id;new_sg_egress_rules_with_cidr_blocks;entry;new_sg_ingress_rules_with_prefix_list;vpc_id;prefix_list_enabled;existing_sg_ingress_rules_with_self;managedby;prefix_list_address_family;prefix_list_ids;new_sg_ingress_rules_with_source_sg_id;label_order;existing_sg_ingress_rules_with_cidr_blocks;existing_sg_egress_rules_with_prefix_list;new_sg_ingress_rules_with_cidr_blocks;new_sg_ingress_rules_with_self;new_sg;existing_sg_ingress_rules_with_prefix_list;new_sg_egress_rules_with_self;sg_description,egress_self;description;egress_prefix_lists;address_family;ingress_self;create_prefix_list;enabled;existing_security_group_id;egress_security_groups;egress_cidr_blocks;prefix_list_entries;ingress_security_groups;tags;ingress_prefix_lists;ingress_cidr_blocks;namespace;create_security_group,4,3,3,1,0,75.0,100.0,security_group_tags,
130,iac_benchmark/scenarios/terrads_0bc9721da849,True,4.0,False,15,19,15,0,4,100.0,78.95,,aws_security_group_rule;aws_security_group_rule;aws_security_group_rule;aws_security_group_rule,1,1,1,0,0,100.0,100.0,,,0,0,0,0,0,100.0,100.0,,,9,0,0,9,0,0.0,0.0,lambda_functions_security_group_id;vpc;db_availability_zone;db_subnet_id_1;bastion_host_subnet_id;db_security_group_id;lambda_functions_subnet_id;bastion_host_security_group_id;db_subnet_id_2,
131,iac_benchmark/scenarios/terrads_52b67e410bd8,True,4.0,False,10,14,9,1,5,90.0,64.29,aws_s3_bucket_acl,aws_iam_policy;aws_iam_role_policy_attachment;aws_iam_role;aws_s3_bucket_versioning;aws_s3_bucket_server_side_encryption_configuration,4,1,1,3,0,25.0,100.0,aws_iam_policy_document;aws_iam_policy_document;aws_iam_policy_document,,7,5,0,7,5,0.0,0.0,organizational_config;name;is_organizational;tags;is_multi_region_trail;cloudtrail_kms_enable;s3_bucket_expiration_days,member_account_id;name_prefix;member_role_name;log_expiration_days;enable_kms,2,2,2,0,0,100.0,100.0,,
132,iac_benchmark/scenarios/terrads_9da16fbef056,True,3.0,False,5,5,5,0,0,100.0,100.0,,,2,0,0,2,0,0.0,0.0,aws_ec2_transit_gateway;aws_ec2_transit_gateway_route_table,,12,7,5,7,2,41.67,71.43,id;name;asn;ram_resource_share_name;auto_accept_shared_attachments;shared_principals;create,amazon_side_asn;ram_share_accounts,3,3,0,3,3,0.0,0.0,route_tables;name;transit_gateway,route_table_arns;transit_gateway_id;route_table_ids
133,iac_benchmark/scenarios/terrads_b1409427bd33,True,4.0,False,14,15,10,4,5,71.43,66.67,aws_iam_role_policy;aws_iam_role_policy;aws_iam_role_policy;aws_iam_role_policy_attachment,aws_kms_key;aws_kms_alias;aws_s3_bucket;aws_s3_bucket_server_side_encryption_configuration;aws_s3_bucket_public_access_block,12,3,0,12,3,0.0,0.0,aws_iam_policy_document;aws_iam_policy_document;aws_iam_policy_document;aws_iam_policy_document;aws_iam_policy_document;aws_iam_policy_document;aws_iam_policy_document;aws_iam_policy_document;aws_iam_policy_document;aws_iam_policy_document;aws_iam_policy_document;aws_iam_policy_document,aws_partition;aws_region;aws_caller_identity,0,1,0,0,1,0.0,0.0,,tags,5,0,0,5,0,0.0,0.0,ecs_codedeploy;ecs_task;ecs_exec;ecs_autoscale_role;ecs_service,
134,iac_benchmark/scenarios/terrads_71c036ff15e5,True,5.0,False,18,11,10,8,1,55.56,90.91,aws_security_group_rule;aws_security_group_rule;aws_security_group_rule;aws_security_group_rule;aws_security_group_rule;aws_security_group_rule;aws_security_group_rule;aws_security_group_rule,aws_vpc,1,0,0,1,0,0.0,0.0,aws_security_group,,31,21,5,26,16,16.13,23.81,existing_sg_ingress_rules_with_source_sg_id;repository;existing_sg_egress_rules_with_cidr_blocks;existing_sg_egress_rules_with_self;new_sg_egress_rules_with_prefix_list;enable;existing_sg_id;existing_sg_egress_rules_with_source_sg_id;new_sg_egress_rules_with_source_sg_id;new_sg_egress_rules_with_cidr_blocks;entry;new_sg_ingress_rules_with_prefix_list;prefix_list_enabled;existing_sg_ingress_rules_with_self;managedby;prefix_list_address_family;prefix_list_ids;new_sg_ingress_rules_with_source_sg_id;label_order;existing_sg_ingress_rules_with_cidr_blocks;existing_sg_egress_rules_with_prefix_list;new_sg_ingress_rules_with_cidr_blocks;new_sg_ingress_rules_with_self;existing_sg_ingress_rules_with_prefix_list;new_sg_egress_rules_with_self;sg_description,egress_self;description;ingress_prefix_list_id;egress_prefix_list_id;address_family;attributes;managed_by;ingress_self;egress_security_group_id;create_prefix_list;enabled;existing_security_group_id;egress_cidr_blocks;prefix_list_entries;ingress_cidr_blocks;ingress_security_group_id,4,4,4,0,0,100.0,100.0,,
135,iac_benchmark/scenarios/terrads_2e8035ffc09c,True,3.0,False,5,6,5,0,1,100.0,83.33,,random_id,1,2,0,1,2,0.0,0.0,aws_caller_identity,aws_partition;aws_iam_policy_document,7,6,4,3,2,57.14,66.67,lifecycle_policy;tags;trusted_accounts,use_random_name;trusted_account_ids,4,4,0,4,4,0.0,0.0,policy_arns;name;url;arn,read_policy_arn;write_policy_arn;repository_arn;repository_name
136,iac_benchmark/scenarios/gh_288218eb,True,3.0,False,5,8,4,1,4,80.0,50.0,aws_acm_certificate_validation,aws_s3_bucket;aws_route53_record;aws_s3_bucket_server_side_encryption_configuration;aws_s3_bucket_public_access_block,0,0,0,0,0,100.0,100.0,,,25,18,1,24,17,4.0,5.56,enable_acm_certificate;acmpca_certificate_authority_revocation_configuration;name;acm_certificate_validation_timeouts;acm_certificate_certificate_chain;acmpca_certificate_authority_enabled;acm_certificate_validation_record_fqdns;acm_certificate_certificate_authority_arn;acm_certificate_validation_certificate_arn;enable_acm_certificate_validation;enable_acm_certificate_private_ca;acm_certificate_options;acmpca_certificate_authority_permanent_deletion_time_in_days;acm_certificate_certificate_body;acmpca_certificate_authority_certificate_authority_configuration;acm_certificate_subject_alternative_names;acmpca_certificate_authority_name;enable_acmpca_certificate_authority;tags;acm_certificate_private_key;acmpca_certificate_authority_timeouts;enable_import_existing_certificate;acm_certificate_validation_method;acm_certificate_domain_name,ca_subject;certificate_chain;ca_crl_bucket_name;permanent_deletion_time_in_days;ca_revocation_enabled;ca_key_algorithm;route53_zone_id;subject_alternative_names;private_key;domain_name;acmpca_certificate_authority_arn;validation_method;create_ca;certificate_body;ca_signing_algorithm;prefix;certificate_acquisition_mode,14,5,0,14,5,0.0,0.0,aws_acm_certificate_id;acm_certificate_validation_id;acmpca_certificate_authority_serial;acmpca_certificate_authority_certificate_signing_request;acmpca_certificate_authority_status;aws_acm_certificate_domain_name;acmpca_certificate_authority_arn;aws_acm_certificate_arn;acmpca_certificate_authority_certificate;acmpca_certificate_authority_not_after;acmpca_certificate_authority_id;acmpca_certificate_authority_certificate_chain;acmpca_certificate_authority_not_before;aws_acm_certificate_domain_validation_options,certificate_id;ca_arn;domain_validation_options;ca_serial;certificate_arn
137,iac_benchmark/scenarios/terrads_9a807e8b7301,True,4.0,False,8,13,8,0,5,100.0,61.54,,aws_vpc;aws_subnet;aws_kms_key;aws_security_group_rule;aws_security_group_rule,0,1,0,0,1,0.0,0.0,,aws_availability_zones,24,12,5,19,7,20.83,41.67,at_rest_encryption_enabled;private_subnets;global_datastore;apply_immediately;create_elasticache_subnet_group;multi_az_enabled;parameters;transit_encryption_enabled;aws_region;family;cluster_mode;business_divsion;create_parameter_group;num_nodes;automatic_failover_enabled;elasticache_subnet_group_name;environment;parameter_group_name;vpc_id,alarm_evaluation_periods;parameter_group_family;subnet_cidrs;num_cache_clusters;alarm_period;enable_global_datastore;vpc_cidr,1,0,0,1,0,0.0,0.0,global_replication_group_id,
138,iac_benchmark/scenarios/terrads_de2463de7604,True,3.0,False,6,17,6,0,11,100.0,35.29,,aws_nat_gateway;aws_vpc;aws_route_table;aws_route_table;aws_subnet;aws_subnet;aws_security_group;aws_route_table_association;aws_route_table_association;aws_eip;aws_internet_gateway,2,1,0,2,1,0.0,0.0,aws_iam_policy_document;aws_iam_policy_document,aws_availability_zones,3,3,1,2,2,33.33,33.33,raw_config;config,raw_yaml_config;config_file_path,3,3,0,3,3,0.0,0.0,lambda_arn;lambda_id;lambda_invoke_arn,lambda_function_arns;lambda_function_names;lambda_invoke_arns
139,iac_benchmark/scenarios/terrads_c6fa801d3646,True,3.0,False,6,3,3,3,0,50.0,100.0,aws_iam_role_policy_attachment;aws_iam_role;aws_iam_role,,2,4,1,1,3,50.0,25.0,aws_iam_policy_document,aws_iam_policy;aws_iam_policy;aws_iam_policy,26,1,0,26,1,0.0,0.0,create_poweruser_role;admin_role_path;force_detach_policies;readonly_role_policy_arns;trusted_role_services;poweruser_role_name;poweruser_role_permissions_boundary_arn;poweruser_role_policy_arns;admin_role_requires_mfa;poweruser_role_tags;readonly_role_tags;mfa_age;poweruser_role_requires_mfa;admin_role_permissions_boundary_arn;create_readonly_role;readonly_role_requires_mfa;admin_role_tags;readonly_role_permissions_boundary_arn;admin_role_name;trusted_role_arns;readonly_role_path;admin_role_policy_arns;poweruser_role_path;create_admin_role;max_session_duration;readonly_role_name,roles_config,15,0,0,15,0,0.0,0.0,readonly_iam_role_unique_id;readonly_iam_role_arn;admin_iam_role_path;poweruser_iam_role_name;poweruser_iam_role_unique_id;readonly_iam_role_path;readonly_iam_role_requires_mfa;readonly_iam_role_name;admin_iam_role_name;poweruser_iam_role_path;admin_iam_role_arn;poweruser_iam_role_requires_mfa;admin_iam_role_requires_mfa;admin_iam_role_unique_id;poweruser_iam_role_arn,
140,iac_benchmark/scenarios/terrads_ec610e61db0b,True,5.0,False,39,26,25,14,1,64.1,96.15,tls_private_key;local_file;aws_iam_policy;aws_iam_role_policy_attachment;aws_iam_role_policy_attachment;aws_iam_role_policy_attachment;aws_iam_role_policy_attachment;aws_iam_role_policy_attachment;aws_key_pair;null_resource;aws_security_group_rule;aws_security_group;aws_security_group;aws_security_group,aws_kms_key,4,2,1,3,1,25.0,50.0,aws_security_groups;aws_eks_cluster_auth;external,aws_ami,6,3,0,6,3,0.0,0.0,PERSISTENT_DEPLOYMENT;MD_CLUSTER_NAME;ACCESS_KEY_ID;SECRET_ACCESS_KEY;MD_CLUSTER_REGION;DEPLOY_FARGATE_NODES,cluster_name;region;persistent_deployment,6,3,0,6,3,0.0,0.0,eks_cluster_oicd_url;private_subnets;public_subnets;subnet_group_id;vpc_cidr;vpc_id,oidc_issuer_url;db_subnet_group_id;private_subnet_ids
141,iac_benchmark/scenarios/terrads_9018d22f359d,True,5.0,False,16,15,15,1,0,93.75,100.0,aws_s3_bucket_acl,,3,2,2,1,0,66.67,100.0,aws_cloudtrail_service_account,,8,3,1,7,2,12.5,33.33,retention_in_days;is_organization_trail;trail;enable_log_file_validation;enable_logging;is_multi_region_trail;expiry,key_prefix;trail_name,5,6,0,5,6,0.0,0.0,bucket;trail;service_account;log_group;kms,cloudtrail_trail_name;kms_key_id;s3_bucket_name;glue_table_name;cloudwatch_log_group_name;glue_database_name
142,iac_benchmark/scenarios/terrads_253bca1f8ff4,True,5.0,False,16,17,11,5,6,68.75,64.71,aws_s3_bucket_request_payment_configuration;aws_s3_bucket_intelligent_tiering_configuration;aws_s3_bucket_accelerate_configuration;aws_s3_bucket_replication_configuration;aws_s3_bucket_object_lock_configuration,random_id;aws_kms_key;aws_s3_bucket;aws_s3_bucket_versioning;aws_s3_bucket_server_side_encryption_configuration;aws_s3_bucket_public_access_block,7,1,1,6,0,14.29,100.0,aws_elb_service_account;aws_canonical_user_id;aws_iam_policy_document;aws_iam_policy_document;aws_iam_policy_document;aws_iam_policy_document,,35,0,0,35,0,0.0,0.0,object_lock_configuration;block_public_acls;control_object_ownership;restrict_public_buckets;object_ownership;attach_policy;server_side_encryption_configuration;versioning;attach_deny_insecure_transport_policy;force_destroy;replication_configuration;acceleration_status;request_payer;create_bucket;object_lock_enabled;expected_bucket_owner;website;bucket_prefix;tags;logging;owner;attach_require_latest_tls_policy;attach_elb_log_delivery_policy;acl;grant;intelligent_tiering;cors_rule;bucket;lifecycle_rule;block_public_policy;attach_lb_log_delivery_policy;policy;ignore_public_acls;putin_khuylo;attach_public_policy,,8,0,0,8,0,0.0,0.0,s3_bucket_arn;s3_bucket_region;s3_bucket_bucket_regional_domain_name;s3_bucket_id;s3_bucket_website_endpoint;s3_bucket_website_domain;s3_bucket_hosted_zone_id;s3_bucket_bucket_domain_name,
143,iac_benchmark/scenarios/terrads_54aa27d47fd9,True,3.0,False,4,11,4,0,7,100.0,36.36,,aws_iam_role;random_id;aws_iam_policy;aws_kms_key;aws_kms_alias;aws_iam_role_policy_attachment;aws_cloudwatch_log_group,2,2,2,0,0,100.0,100.0,,,25,11,3,22,8,12.0,27.27,override_topic_policy_documents;sqs_feedback;tracing_config;lambda_feedback;http_feedback;use_name_prefix;application_feedback;name;create_topic_policy;enable_default_topic_policy;tags;fifo_topic;firehose_feedback;source_topic_policy_documents;create_subscription;kms_master_key_id;content_based_deduplication;topic_policy_statements;topic_policy;create;signature_version;display_name,is_fifo;custom_policy_statements;feedback_role_arn;topic_name;custom_kms_key_arn;name_prefix;log_retention_days;encryption_enabled,5,0,0,5,0,0.0,0.0,topic_arn;topic_id;subscriptions;topic_owner;topic_name,
144,iac_benchmark/scenarios/terrads_375e81039f24,True,5.0,False,22,18,18,4,0,81.82,100.0,aws_iam_group_policy_attachment;aws_iam_policy;aws_iam_policy;aws_iam_group,,7,1,0,7,1,0.0,0.0,aws_iam_policy_document;aws_iam_policy_document;aws_iam_policy_document;aws_iam_policy_document;aws_iam_policy_document;aws_iam_group;aws_iam_group,aws_caller_identity,7,3,1,6,2,14.29,33.33,labels;use_prefix;config_terraform_user;config_password_policy;config_role;groups,name_prefix;password_policy,4,0,0,4,0,0.0,0.0,admin_role;users;admin_users;groups,
145,iac_benchmark/scenarios/terrads_c2af7a854318,True,4.0,False,21,16,11,10,5,52.38,68.75,aws_route;aws_nat_gateway;aws_iam_policy_attachment;aws_iam_policy_attachment;aws_iam_policy_attachment;aws_iam_policy_attachment;aws_iam_policy_attachment;aws_subnet;aws_route_table_association;aws_eip,aws_iam_role_policy_attachment;aws_iam_role_policy_attachment;aws_iam_role_policy_attachment;aws_iam_role_policy_attachment;aws_iam_role_policy_attachment,1,1,0,1,1,0.0,0.0,aws_partition,aws_availability_zones,5,3,2,3,1,40.0,66.67,availability_zones;subnet2_cidr;subnet1_cidr,az_names,7,0,0,7,0,0.0,0.0,stack_vpc;stack_public_subnets;stack_name;cluster_role_arn;node_group_arn;stack_public_subnet_1;stack_public_subnet_2,
146,iac_benchmark/scenarios/gh_48c5e87c,True,3.0,False,5,6,5,0,1,100.0,83.33,,aws_kms_key,0,0,0,0,0,100.0,100.0,,,56,19,3,53,16,5.36,15.79,sns_platform_application_event_endpoint_updated_topic_arn;sns_topic_http_success_feedback_role_arn;sns_platform_application_name;sns_topic_policy_policy;sns_topic_sqs_failure_feedback_role_arn;sns_platform_application_platform_credential;sns_sms_preferences_default_sender_id;sns_topic_lambda_success_feedback_role_arn;sns_topic_kms_master_key_id;sns_topic_http_failure_feedback_role_arn;sns_sms_preferences_delivery_status_success_sampling_rate;enable_sns_platform_application;sns_sms_preferences_usage_report_s3_bucket;sns_topic_lambda_success_feedback_sample_rate;sns_topic_application_failure_feedback_role_arn;sns_topic_sqs_success_feedback_role_arn;sns_topic_subscription_filter_policy;enable_sns_topic_subscription;sns_topic_subscription_confirmation_timeout_in_minutes;sns_topic_subscription_sns_endpoints;sns_topic_name;sns_platform_application_platform;sns_platform_application_event_delivery_failure_topic_arn;sns_sms_preferences_monthly_spend_limit;sns_platform_application_success_feedback_role_arn;sns_application_success_feedback_role_arn;sns_topic_http_success_feedback_sample_rate;sns_application_success_feedback_sample_rate;sns_topic_policy;sns_topic_subscription_delivery_policy;sns_topic_subscription_raw_message_delivery;sns_topic_display_name;sns_platform_application_platform_principal;sns_platform_application_event_endpoint_created_topic_arn;enable_sns_sms_preferences;sns_topic_application_success_feedback_role_arn;sns_topic_sqs_success_feedback_sample_rate;sns_topic_subscription_topic_arn;sns_topic_delivery_policy;sns_sms_preferences_delivery_status_iam_role_arn;enable_sns_topic;sns_platform_application_event_endpoint_deleted_topic_arn;enable_sns_topic_policy;sns_platform_application_success_feedback_sample_rate;sns_topic_name_prefix;sns_topic_application_success_feedback_sample_rate;sns_application_failure_feedback_role_arn;sns_topic_subscription_sns_protocol;sns_platform_application_failure_feedback_role_arn;sns_topic_subscription_endpoint_auto_confirms;sns_sms_preferences_default_sms_type;sns_topic_policy_topic_arn;sns_topic_lambda_failure_feedback_role_arn,topic_arn;topic_policy_json;create_topic;create_topic_policy;create_platform_application;subscription_endpoints;sms_default_sender_id;kms_master_key_id;create_subscriptions;platform_credential;subscription_protocol;sms_default_sms_type;platform;create_sms_preferences;platform_principal;platform_application_name,8,1,1,7,0,12.5,100.0,sns_topic_subscription_topic_arn;sns_topic_subscription_id;sns_topic_policy_id;sns_topic_subscription_protocol;sns_topic_subscription_endpoint;sns_topic_subscription_arn;sns_topic_id,
147,iac_benchmark/scenarios/gh_131320ab,True,4.0,False,8,5,5,3,0,62.5,100.0,aws_sqs_queue_redrive_policy;aws_sqs_queue_redrive_policy;aws_sqs_queue_redrive_allow_policy,,5,2,2,3,0,40.0,100.0,aws_partition;aws_region;aws_caller_identity,,42,31,21,21,10,50.0,67.74,redrive_allow_policy;name;override_queue_policy_documents;dlq_deduplication_scope;create_dlq_redrive_allow_policy;redrive_policy;kms_master_key_id;override_dlq_queue_policy_documents;dlq_name;dlq_kms_master_key_id;region;dlq_tags;create_queue_policy;source_queue_policy_documents;create_dlq_queue_policy;queue_policy_statements;use_name_prefix;tags;source_dlq_queue_policy_documents;dlq_queue_policy_statements;deduplication_scope,queue_name;main_policy_json_strings;max_receive_count;main_policy_statements;main_create_policy;dlq_policy_json_strings;dlq_create_policy;dlq_queue_name;dlq_policy_statements;dlq_max_message_size,10,4,0,10,4,0.0,0.0,dead_letter_queue_url;queue_name;dead_letter_queue_arn;dead_letter_queue_arn_static;queue_arn_static;queue_arn;queue_url;queue_id;dead_letter_queue_name;dead_letter_queue_id,main_queue_url;dlq_arn;dlq_url;main_queue_arn
148,iac_benchmark/scenarios/terrads_b0a44418031a,True,3.0,False,10,10,10,0,0,100.0,100.0,,,1,1,1,0,0,100.0,100.0,,,14,3,0,14,3,0.0,0.0,map_public_ip_on_launch;buildSuffix;awsAz2;vpcMainSubMgmtACidr;vpcMainSubPubBCidr;vpcMainSubPubACidr;vpcMainSubPrivACidr;vpcMainCidr;awsAz1;resourceOwner;vpcMainSubPrivBCidr;projectPrefix;awsRegion;vpcMainSubMgmtBCidr,build_suffix;owner;project_prefix,5,4,0,5,4,0.0,0.0,vpcs;vpcMainIgw;subnetsAz1;vpcMainRtb;subnetsAz2,route_table_id;internet_gateway_id;subnet_ids_by_az_and_type;vpc_id
149,iac_benchmark/scenarios/terrads_4fd109e76acd,True,4,False,18,15,7,11,8,38.89,46.67,aws_iam_group_policy_attachment;aws_iam_group_policy_attachment;aws_iam_group_policy_attachment;aws_iam_group_policy_attachment;aws_iam_group_policy_attachment;aws_iam_policy;aws_iam_policy;aws_iam_policy;aws_iam_policy;aws_iam_policy;aws_iam_group_membership,random_id;aws_kms_key;aws_s3_bucket;aws_s3_bucket_versioning;aws_s3_bucket_server_side_encryption_configuration;aws_dynamodb_table;aws_s3_bucket_public_access_block;aws_iam_user_group_membership,0,2,0,0,2,0.0,0.0,,aws_iam_policy_document;aws_iam_policy_document,6,4,3,3,1,50.0,75.0,username;region;membership_name,user_name,2,2,0,2,2,0.0,0.0,AWS_SECRET_ACCESS_KEY;AWS_ACCESS_KEY_ID,access_key_id;secret_access_key
