row_index,ground_truth_path,matched,difficulty,template_empty,resource_req,resource_gen,resource_cor,resource_missing,resource_extra,resource_cov_pct,resource_acc_pct,resource_missing_list,resource_extra_list,data_req,data_gen,data_cor,data_missing,data_extra,data_cov_pct,data_acc_pct,data_missing_list,data_extra_list,variable_req,variable_gen,variable_cor,variable_missing,variable_extra,variable_cov_pct,variable_acc_pct,variable_missing_list,variable_extra_list,output_req,output_gen,output_cor,output_missing,output_extra,output_cov_pct,output_acc_pct,output_missing_list,output_extra_list
0,iac_benchmark/scenarios/terrads_38c75e1144d6,True,3.0,False,6,4,4,2,0,66.67,100.0,aws_kms_external_key;aws_kms_replica_external_key,,3,3,3,0,0,100.0,100.0,,,38,22,11,27,11,28.95,50.0,deletion_window_in_days;custom_key_store_id;key_hmac_users;bypass_policy_lockout_safety_check;primary_external_key_arn;route53_dnssec_sources;aliases_use_name_prefix;override_policy_documents;create_replica;key_statements;create_external;computed_aliases;key_service_roles_for_autoscaling;key_service_users;key_symmetric_encryption_users;enable_route53_dnssec;create;create_replica_external;valid_to;source_policy_documents;is_enabled;enable_key_rotation;key_asymmetric_sign_verify_users;key_asymmetric_public_encryption_users;key_material_base64;enable_default_policy;policy,hmac_users;symmetric_users;custom_policy_statements;route53_dnssec_users;asymmetric_sign_verify_users;ec2_auto_scaling_roles;asymmetric_public_encryption_users;service_users;create_key;override_policy_document;create_replica_key,8,4,2,6,2,25.0,50.0,external_key_usage;aliases;external_key_state;external_key_expiration_model;key_policy;grants,grant_ids;alias_arns
1,iac_benchmark/scenarios/terrads_1db4706734d9,True,3.0,False,5,5,5,0,0,100.0,100.0,,,3,3,2,1,1,66.67,66.67,aws_partition,aws_iam_policy_document,29,17,13,16,4,44.83,76.47,lambda_success_feedback_role_arn;tags;kms_master_key_arn;create_sns_topic_policy;name_prefix;firehose_success_feedback_role_arn;name;sns_topic_subscriptions;delivery_policy;http_success_feedback_role_arn;display_name;key_deletion_window;enable_key_rotation;sqs_success_feedback_role_arn;application_success_feedback_role_arn;policy,kms_key_arn;topic_policy_json;subscriptions;topic_name,9,0,0,9,0,0.0,0.0,arn;subscription_id;subscription_arn;subscription_owner_id;tags_all;subscription_confirmation_was_authenticated;id;subscription_pending_confirmation;owner,
2,iac_benchmark/scenarios/terrads_6516229c5944,True,3.0,False,8,9,7,1,2,87.5,77.78,aws_iam_user_group_membership,aws_iam_group_membership;aws_iam_role_policy_attachment,4,3,3,1,0,75.0,100.0,aws_iam_policy,,12,11,2,10,9,16.67,18.18,create_iam_role_with_policy;group_info;create_iam_read_only_and_s3_full_access_policy_attachment;create_iam_ec2_get_console_screenshot_policy_attachment;users;ec2_get_console_screenshot;create_iam_group;create_iam_ec2_get_console_screenshot_policy;iam_read_only_and_s3_full_access;create_iam_user_group_membership,create_ec2_console_screenshot_policy;create_iam_developer_group;iam_group_name;iam_users;create_group_membership;create_user_policy_attachments;s3_bucket_name;create_ec2_instance_role;create_group_policy_attachment,0,0,0,0,0,100.0,100.0,,
3,iac_benchmark/scenarios/gh_8963e028,True,3.0,False,7,11,7,0,4,100.0,63.64,,aws_sns_topic;aws_iam_role_policy_attachment;aws_iam_role_policy_attachment;aws_iam_role,0,6,0,0,6,0.0,0.0,,aws_caller_identity;aws_iam_policy_document;aws_iam_policy_document;aws_kms_key;aws_kms_key;aws_partition,26,20,4,22,16,15.38,20.0,tags;backup_vault_notifications_backup_vault_name;backup_region_settings_resource_type_opt_in_preference;enable_backup_vault_policy;backup_selection_iam_role_arn;backup_vault_kms_key_arn;name;backup_vault_notifications_sns_topic_arn;backup_plan_rule;backup_vault_policy;backup_global_settings;backup_selection_plan_id;enable_backup_plan;backup_selection_resources;backup_vault_notifications_backup_vault_events;backup_vault_policy_backup_vault_name;backup_selection_selection_tag;enable_backup_global_settings;enable_backup_vault_notifications;enable_backup_selection;enable_backup_vault;enable_backup_region_settings,kms_key_arn;backup_plan_rules;create_region_settings;sns_topic_name;iam_role_name;is_organization_member;create_global_settings;create_backup_selection;create_vault_notifications;prefix;create_backup_vault;create_vault_access_policy;backup_selections;sns_kms_key_arn;create_backup_plan;create_backup_iam_role,13,0,0,13,0,0.0,0.0,backup_plan_id;backup_vault_arn;backup_global_settings_id;backup_plan_arn;backup_vault_id;backup_vault_policy_backup_vault_arn;backup_selection_id;backup_vault_notifications_id;backup_vault_policy_id;backup_vault_notifications_backup_vault_arn;backup_region_settings_id;backup_vault_recovery_points;backup_plan_version,
4,iac_benchmark/scenarios/terrads_e6f040aa6f83,True,3.0,False,6,6,0,6,6,0.0,0.0,aws_cloudfront_origin_access_identity;aws_cloudfront_public_key;aws_cloudfront_cache_policy;aws_cloudfront_realtime_log_config;aws_cloudfront_distribution;aws_cloudfront_origin_request_policy,aws_internet_gateway;aws_vpc;aws_route_table;aws_subnet;aws_route_table_association;aws_route_table_association,0,1,0,0,1,0.0,0.0,,aws_availability_zones,25,4,0,25,4,0.0,0.0,tags;cloudfront_distribution_stack;cloudfront_public_key_name;cloudfront_realtime_log_config_name;enable_cloudfront_realtime_log_config;enable_cloudfront_cache_policy;cloudfront_origin_request_policy_name;cloudfront_origin_access_identity_comment;cloudfront_realtime_log_config_fields;cloudfront_public_key_comment;name;enable_cloudfront_distribution;environment;cloudfront_realtime_log_config_endpoints;enable_cloudfront_origin_request_policy;enable_cloudfront_origin_access_identity;cloudfront_origin_request_policy_comment;cloudfront_public_key_encoded_key;cloudfront_public_key_name_prefix;cloudfront_origin_request_policy_query_strings_config;cloudfront_origin_request_policy_headers_config;cloudfront_realtime_log_config_sampling_rate;cloudfront_cache_policy_stack;cloudfront_origin_request_policy_cookies_config;enable_cloudfront_public_key,associations_map;vpc_cidr;subnet_names;route_table_names,24,0,0,24,0,0.0,0.0,cloudfront_public_key_id;cloudfront_distribution_etag;cloudfront_public_key_caller_reference;cloudfront_distribution_in_progress_validation_batches;cloudfront_distribution_status;cloudfront_distribution_domain_name;cloudfront_public_key_etag;cloudfront_distribution_id;cloudfront_origin_access_identity_etag;cloudfront_cache_policy_id;cloudfront_distribution_arn;cloudfront_realtime_log_config_id;cloudfront_distribution_hosted_zone_id;cloudfront_origin_access_identity_cloudfront_access_identity_path;cloudfront_origin_access_identity_s3_canonical_user_id;cloudfront_origin_access_identity_caller_reference;cloudfront_realtime_log_config_arn;cloudfront_origin_request_policy_id;cloudfront_cache_policy_etag;cloudfront_origin_request_policy_etag;cloudfront_distribution_caller_reference;cloudfront_distribution_last_modified_time;cloudfront_origin_access_identity_id;cloudfront_origin_access_identity_iam_arn,
5,iac_benchmark/scenarios/terrads_8ecc16737478,True,3.0,False,8,6,2,6,4,25.0,33.33,aws_vpc_security_group_egress_rule;aws_vpc_security_group_egress_rule;aws_vpc_security_group_egress_rule;aws_vpc_security_group_egress_rule;aws_vpc_security_group_ingress_rule;aws_vpc_security_group_ingress_rule,aws_security_group_rule;aws_security_group_rule;aws_security_group_rule;aws_security_group_rule,1,1,1,0,0,100.0,100.0,,,0,1,0,0,1,0.0,0.0,,vpc_name,5,0,0,5,0,0.0,0.0,cluster1_additional_sg_id;vpc_cidr;vpc_id;cluster2_additional_sg_id;subnet_ids,
6,iac_benchmark/scenarios/terrads_037b2fe08aa0,True,3.0,False,5,9,5,0,4,100.0,55.56,,null_resource;aws_iam_role;aws_lambda_function;aws_iam_role_policy_attachment,0,0,0,0,0,100.0,100.0,,,43,40,22,21,18,51.16,55.0,role_arn;allow_admin_create_user_only;name;access_token_validity;precedence;device_only_remembered_on_user_prompt;software_token_mfa_configuration;id_token_validity;clients;lambda_config;cert_arn;verification_message_template;domain;refresh_token_validity;user_group;recovery_mechanism;schema;zone_id;challenge_required_on_new_device;generate_secret;case_sensitive,group_precedence;case_sensitive_username;client_app_names;client_generate_secret;software_token_mfa_enabled;device_configuration;group_role_arn;acm_certificate_arn;route53_zone_id;domain_string;token_validities;custom_schema_attributes;pool_name;lambda_trigger_config_map;admin_create_user_only;verification_message_template_by_link;recovery_mechanisms;group_name,2,0,0,2,0,0.0,0.0,arn;clients_id,
7,iac_benchmark/scenarios/terrads_6ec75c3ea43a,True,3.0,False,10,10,10,0,0,100.0,100.0,,,0,1,0,0,1,0.0,0.0,,aws_availability_zones,19,6,3,16,3,15.79,50.0,subnet_c_public;subnet_c_cidr_block;subnet_c_az;public_sb_name;subnet_a_name;subnet_b_az;nat_gw_name;subnet_c_name;subnet_b_name;subnet_a_az;route_tb_name;subnet_a_public;subnet_b_cidr_block;subnet_a_cidr_block;subnet_b_public;internetgw_name,nat_gateway_name;route_table_name;igw_name,1,0,0,1,0,0.0,0.0,nat_public_ip,
8,iac_benchmark/scenarios/terrads_d1235c941302,True,3.0,False,11,12,11,0,1,100.0,91.67,,aws_sns_topic,0,2,0,0,2,0.0,0.0,,aws_caller_identity;aws_partition,13,7,2,11,5,15.38,28.57,monthly_cron_schedule;daily_backup_lifecycledays;selection_tag;daily_cron_schedule;backup_vault_name;backup_notifications_events;weekly_cron_schedule;weekly_backup_lifecycledays;monthly_backup_lifecycledays;backup_notifications_enabled;backup_notifications_topic,tag_key;sns_topic_name;enable_notifications;notification_events;vault_name,0,0,0,0,0,100.0,100.0,,
9,iac_benchmark/scenarios/gh_0af37618,True,3.0,False,10,10,10,0,0,100.0,100.0,,,3,1,1,2,0,33.33,100.0,aws_region;aws_caller_identity,,6,6,6,0,0,100.0,100.0,,,8,0,0,8,0,0.0,0.0,vpc_cidr;vpc_id;private_subnet_cidrs;public_subnet_cidrs;public_subnet_ids;private_subnet_ids;region;account_id,
10,iac_benchmark/scenarios/terrads_dd6869a7f1bc,True,3.0,False,4,4,4,0,0,100.0,100.0,,,1,1,1,0,0,100.0,100.0,,,6,6,6,0,0,100.0,100.0,,,0,0,0,0,0,100.0,100.0,,
11,iac_benchmark/scenarios/terrads_24c03d00dfc1,True,3.0,False,9,9,9,0,0,100.0,100.0,,,5,2,2,3,0,40.0,100.0,aws_iam_policy_document;aws_iam_policy_document;aws_availability_zones,,0,0,0,0,0,100.0,100.0,,,7,6,0,7,6,0.0,0.0,dev_user_unique_id;test_user_unique_id;prod_user_name;dev_user_name;prod_user_unique_id;test;current_user,dev_user_secret_access_key;test_user_secret_access_key;test_user_access_key_id;prod_user_secret_access_key;prod_user_access_key_id;dev_user_access_key_id
12,iac_benchmark/scenarios/gh_48c5e87c,True,3.0,False,5,28,5,0,23,100.0,17.86,,aws_iam_role_policy;aws_iam_role_policy;aws_iam_role_policy;aws_iam_role_policy;aws_iam_role_policy;aws_iam_role_policy;aws_iam_role_policy;aws_secretsmanager_secret_version;aws_kms_key;aws_s3_bucket_policy;aws_s3_bucket;aws_sqs_queue;aws_s3_bucket_server_side_encryption_configuration;aws_iam_role;aws_iam_role;aws_iam_role;aws_iam_role;aws_iam_role;aws_iam_role;aws_iam_role;aws_secretsmanager_secret;aws_s3_bucket_versioning;aws_s3_bucket_public_access_block,0,1,0,0,1,0.0,0.0,,aws_caller_identity,56,50,7,49,43,12.5,14.0,tags;sns_topic_application_failure_feedback_role_arn;sns_topic_display_name;sns_application_failure_feedback_role_arn;sns_topic_name_prefix;sns_topic_http_failure_feedback_role_arn;sns_platform_application_name;sns_topic_delivery_policy;sns_topic_subscription_delivery_policy;sns_topic_policy;sns_topic_kms_master_key_id;sns_platform_application_event_endpoint_created_topic_arn;sns_application_success_feedback_sample_rate;sns_topic_policy_policy;sns_platform_application_platform_principal;sns_platform_application_event_delivery_failure_topic_arn;sns_platform_application_event_endpoint_deleted_topic_arn;sns_sms_preferences_delivery_status_success_sampling_rate;sns_topic_sqs_failure_feedback_role_arn;sns_sms_preferences_monthly_spend_limit;sns_platform_application_success_feedback_sample_rate;sns_sms_preferences_default_sender_id;sns_topic_subscription_raw_message_delivery;sns_topic_subscription_filter_policy;sns_sms_preferences_usage_report_s3_bucket;sns_topic_name;sns_topic_sqs_success_feedback_role_arn;sns_platform_application_failure_feedback_role_arn;sns_topic_policy_topic_arn;sns_topic_lambda_success_feedback_sample_rate;sns_topic_http_success_feedback_role_arn;sns_platform_application_platform_credential;sns_topic_http_success_feedback_sample_rate;sns_topic_lambda_success_feedback_role_arn;sns_sms_preferences_default_sms_type;sns_sms_preferences_delivery_status_iam_role_arn;sns_topic_subscription_sns_endpoints;sns_application_success_feedback_role_arn;sns_topic_subscription_confirmation_timeout_in_minutes;sns_topic_lambda_failure_feedback_role_arn;sns_topic_subscription_sns_protocol;sns_platform_application_event_endpoint_updated_topic_arn;sns_platform_application_platform;sns_topic_subscription_endpoint_auto_confirms;sns_topic_application_success_feedback_role_arn;sns_topic_application_success_feedback_sample_rate;sns_topic_subscription_topic_arn;sns_topic_sqs_success_feedback_sample_rate;sns_platform_application_success_feedback_role_arn,topic_policy;event_delivery_failure_topic_arn;topic_name_prefix;application_success_feedback_sample_rate;topic_display_name;subscription_endpoint_auto_confirms;sqs_failure_feedback_role_arn;application_failure_feedback_role_arn;subscription_protocols;platform_credential;sms_monthly_spend_limit;subscription_filter_policy;event_endpoint_updated_topic_arn;topic_name;subscription_delivery_policy;subscription_endpoints;sms_default_sender_id;topic_policy_document;sqs_success_feedback_role_arn;event_endpoint_created_topic_arn;platform_success_feedback_role_arn;lambda_success_feedback_role_arn;subscription_raw_message_delivery;sms_usage_report_s3_bucket;platform_principal;lambda_success_feedback_sample_rate;event_endpoint_deleted_topic_arn;subscription_confirmation_timeout_in_minutes;platform_success_feedback_sample_rate;platform_failure_feedback_role_arn;http_success_feedback_role_arn;http_failure_feedback_role_arn;kms_key_id;sms_delivery_status_iam_role_arn;http_success_feedback_sample_rate;sms_default_sms_type;lambda_failure_feedback_role_arn;topic_policy_topic_arn;subscription_topic_arn_override;sms_success_sample_rate;sqs_success_feedback_sample_rate;platform;application_success_feedback_role_arn,8,0,0,8,0,0.0,0.0,sns_topic_subscription_arn;sns_topic_subscription_id;sns_topic_arn;sns_topic_subscription_endpoint;sns_topic_id;sns_topic_subscription_protocol;sns_topic_policy_id;sns_topic_subscription_topic_arn,
13,iac_benchmark/scenarios/terrads_4ce463879462,True,3.0,False,4,5,4,0,1,100.0,80.0,,aws_iam_role_policy,0,1,0,0,1,0.0,0.0,,aws_partition,5,5,4,1,1,80.0,80.0,bus,bus_config,2,0,0,2,0,0.0,0.0,bus;rules,
14,iac_benchmark/scenarios/terrads_a1ef057b546e,True,3.0,False,7,7,7,0,0,100.0,100.0,,,1,0,0,1,0,0.0,0.0,aws_caller_identity,,15,10,2,13,8,13.33,20.0,vault_notification_sns_topic_arn;rule_lifecycle_delete_after;selection_tag_value;selection_tag_key;rule_completion_window;backup_vault_events;rule_start_window;rule_copy_action_destination_vault;selection_tag_type;rule_lifecycle_cold_storage_after;vault_kms_key_arn;rule_schedule;selection_resources,destination_vault_map;tag_key;start_window;kms_key_arn;schedule;tag_value;completion_window;sns_topic_arn,0,0,0,0,0,100.0,100.0,,
15,iac_benchmark/scenarios/gh_3ec69cfa,True,3.0,False,4,4,4,0,0,100.0,100.0,,,0,0,0,0,0,100.0,100.0,,,25,22,6,19,16,24.0,27.27,tags;efs_file_system_encrypted;efs_file_system_performance_mode;efs_mount_target_ip_address;efs_mount_target_file_system_id;efs_mount_target_security_groups;efs_mount_target_subnet_ids;efs_file_system_kms_key_id;efs_access_point_name;efs_access_point_posix_user;efs_file_system_creation_token;efs_access_point_root_directory;efs_file_system_provisioned_throughput_in_mibps;efs_access_point_file_system_id;efs_file_system_policy_policy;efs_file_system_policy_file_system_id;efs_file_system_name;efs_file_system_lifecycle_policy;efs_file_system_throughput_mode,file_system_id_override_access_point;performance_mode;file_system_id_override_policy;creation_token;throughput_mode;encrypted;file_system_id_override_mount_target;lifecycle_policy_rules;kms_key_id;access_point_posix_user;provisioned_throughput_in_mibps;access_point_root_directory;subnet_ids;mount_target_security_groups;file_system_policy;mount_target_ip_address,16,0,0,16,0,0.0,0.0,efs_file_system_arn;efs_mount_target_availability_zone_id;efs_mount_target_file_system_arn;efs_mount_target_network_interface_id;efs_access_point_id;efs_file_system_policy_id;efs_access_point_arn;efs_file_system_dns_name;efs_file_system_kms_key_id;efs_mount_target_dns_name;efs_file_system_id;efs_mount_target_mount_target_dns_name;efs_mount_target_owner_id;efs_mount_target_availability_zone_name;efs_mount_target_id;efs_access_point_file_system_arn,
16,iac_benchmark/scenarios/gh_88540324,True,3.0,False,4,4,4,0,0,100.0,100.0,,,0,0,0,0,0,100.0,100.0,,,24,20,7,17,13,29.17,35.0,codeartifact_repository_domain_owner;codeartifact_repository_permissions_policy_repository;codeartifact_repository_permissions_policy_domain_owner;codeartifact_repository;codeartifact_repository_description;codeartifact_repository_permissions_policy_document;codeartifact_repository_permissions_policy_domain;codeartifact_domain_permissions_policy_domain;codeartifact_repository_external_connections;codeartifact_repository_permissions_policy_policy_revision;codeartifact_domain_encryption_key;codeartifact_domain_permissions_policy_document;codeartifact_repository_domain;codeartifact_domain;codeartifact_domain_permissions_policy_revision;codeartifact_repository_upstream;codeartifact_domain_permissions_policy_domain_owner,domain_policy_revision;repository_policy_domain_owner;domain_permissions_policy_document;repository_description;repository_upstream_names;repository_external_connections;domain_kms_key_arn;domain_owner_id;repository_name;repository_policy_revision;repository_domain_owner;domain_name;repository_permissions_policy_document,14,0,0,14,0,0.0,0.0,codeartifact_domain_domain;codeartifact_domain_created_time;codeartifact_repository_permissions_policy_id;codeartifact_domain_id;codeartifact_domain_owner;codeartifact_domain_permissions_policy_id;codeartifact_repository_permissions_resource_policy_arn;codeartifact_domain_asset_size_bytes;codeartifact_repository_id;_resource_arn;codeartifact_repository_administrator_account;codeartifact_domain_arn;codeartifact_repository_arn;codeartifact_domain_repository_count,
17,iac_benchmark/scenarios/gh_26cf949a,True,3.0,False,4,4,4,0,0,100.0,100.0,,,2,1,0,2,1,0.0,0.0,aws_iam_policy;aws_iam_policy,aws_iam_policy_document,3,3,3,0,0,100.0,100.0,,,1,0,0,1,0,0.0,0.0,role_arn,
18,iac_benchmark/scenarios/terrads_c6fa801d3646,True,3.0,False,6,6,6,0,0,100.0,100.0,,,2,4,2,0,2,100.0,50.0,,aws_caller_identity;aws_iam_policy_document,26,20,5,21,15,19.23,25.0,readonly_role_path;poweruser_role_tags;mfa_age;trusted_role_services;poweruser_role_requires_mfa;poweruser_role_permissions_boundary_arn;admin_role_requires_mfa;create_poweruser_role;admin_role_policy_arns;admin_role_permissions_boundary_arn;trusted_role_arns;readonly_role_tags;create_readonly_role;readonly_role_permissions_boundary_arn;readonly_role_policy_arns;admin_role_path;create_admin_role;admin_role_tags;readonly_role_requires_mfa;poweruser_role_policy_arns;poweruser_role_path,tags;mfa_age_threshold;poweruser_managed_policy_arns;admin_managed_policy_arns;enable_readonly;trust_service_identifiers;readonly_managed_policy_arns;enable_admin;readonly_mfa_enabled;enable_poweruser;path;poweruser_mfa_enabled;trust_principal_arns;admin_mfa_enabled;permissions_boundary,15,6,0,15,6,0.0,0.0,poweruser_iam_role_name;admin_iam_role_arn;poweruser_iam_role_unique_id;admin_iam_role_unique_id;readonly_iam_role_path;readonly_iam_role_unique_id;poweruser_iam_role_requires_mfa;poweruser_iam_role_arn;admin_iam_role_path;readonly_iam_role_name;admin_iam_role_name;poweruser_iam_role_path;readonly_iam_role_arn;readonly_iam_role_requires_mfa;admin_iam_role_requires_mfa,readonly_role_arn;poweruser_role_name;admin_role_arn;readonly_role_name;poweruser_role_arn;admin_role_name
19,iac_benchmark/scenarios/terrads_9da16fbef056,True,3.0,False,5,5,5,0,0,100.0,100.0,,,2,2,2,0,0,100.0,100.0,,,12,12,11,1,1,91.67,91.67,asn,amazon_side_asn,3,2,0,3,2,0.0,0.0,name;transit_gateway;route_tables,transit_gateway_id;route_table_ids
20,iac_benchmark/scenarios/terrads_7128db805974,True,3.0,False,16,16,16,0,0,100.0,100.0,,,0,0,0,0,0,100.0,100.0,,,0,0,0,0,0,100.0,100.0,,,0,0,0,0,0,100.0,100.0,,
21,iac_benchmark/scenarios/terrads_de2463de7604,True,3.0,False,6,6,6,0,0,100.0,100.0,,,2,1,0,2,1,0.0,0.0,aws_iam_policy_document;aws_iam_policy_document,archive_file,3,2,0,3,2,0.0,0.0,raw_config;shared_tags;config,yaml_config_file_path;yaml_config_string,3,0,0,3,0,0.0,0.0,lambda_id;lambda_arn;lambda_invoke_arn,
22,iac_benchmark/scenarios/terrads_5b4e0301422a,True,3.0,False,5,5,5,0,0,100.0,100.0,,,1,0,0,1,0,0.0,0.0,aws_caller_identity,,3,3,2,1,1,66.67,66.67,region,aws_region,4,0,0,4,0,0.0,0.0,role_name;role_arn;external_id;account_id,
23,iac_benchmark/scenarios/terrads_0ee2a2760917,True,3.0,False,5,7,5,0,2,100.0,71.43,,aws_route53_zone_association;aws_route53_zone,1,1,0,1,1,0.0,0.0,aws_caller_identity,aws_region,28,14,14,14,0,50.0,100.0,enabled;tenant;regex_replace_chars;label_key_case;label_order;additional_tag_map;delimiter;id_length_limit;context;attributes;labels_as_tags;terragrunt_tags;label_value_case;descriptor_formats,,4,0,0,4,0,0.0,0.0,vpc_id;route53_record_fqdn;zone;route53_record_name,
24,iac_benchmark/scenarios/terrads_3e8cb545e8ce,True,3.0,False,5,6,4,1,2,80.0,66.67,aws_ecr_repository_policy,random_string;aws_ecrpublic_repository_policy,7,9,6,1,3,85.71,66.67,aws_iam_policy_document,aws_region;aws_caller_identity;aws_availability_zones,16,15,11,5,4,68.75,73.33,tags;repository_force_delete;public_repository_catalog_data;timeouts;kms_key,kms_key_arn;catalog_data;delete_timeout;force_delete,4,0,0,4,0,0.0,0.0,registry_url;arn;registry_id;repository_name,
25,iac_benchmark/scenarios/terrads_84e168b0fe71,True,3.0,False,7,11,7,0,4,100.0,63.64,,aws_route;aws_vpc_security_group_ingress_rule;aws_vpc_security_group_ingress_rule;aws_vpc_security_group_egress_rule,0,1,0,0,1,0.0,0.0,,aws_availability_zones,4,4,2,2,2,50.0,50.0,subnet_private_cidrs;subnet_public_cidrs,private_subnet_cidr;public_subnet_cidr,3,0,0,3,0,0.0,0.0,vpc_id;private_subnet_id;public_subnet_id,
26,iac_benchmark/scenarios/gh_288218eb,True,3.0,False,5,11,5,0,6,100.0,45.45,,terraform_data;aws_s3_bucket_server_side_encryption_configuration;aws_s3_bucket;aws_s3_bucket_versioning;aws_s3_bucket_public_access_block;aws_s3_bucket_policy,0,2,0,0,2,0.0,0.0,,aws_caller_identity;aws_iam_policy_document,25,25,6,19,19,24.0,24.0,tags;acm_certificate_options;acm_certificate_certificate_authority_arn;acmpca_certificate_authority_revocation_configuration;name;acm_certificate_certificate_body;acm_certificate_certificate_chain;acm_certificate_validation_method;acm_certificate_validation_timeouts;acmpca_certificate_authority_certificate_authority_configuration;acmpca_certificate_authority_permanent_deletion_time_in_days;acmpca_certificate_authority_timeouts;acmpca_certificate_authority_name;acmpca_certificate_authority_enabled;acm_certificate_validation_certificate_arn;acm_certificate_validation_record_fqdns;acm_certificate_subject_alternative_names;acm_certificate_private_key;acm_certificate_domain_name,certificate_authority_arn;ca_subject;ca_signing_algorithm;crl_enabled;validation_method;name_prefix;certificate_body;crl_expiration_in_days;permanent_deletion_time_in_days;ca_timeout;subject_alternative_names;crl_s3_bucket_name;private_key;certificate_chain;validation_timeout;certificate_transparency_logging_preference;domain_name;ca_key_algorithm;crl_custom_cname,14,0,0,14,0,0.0,0.0,aws_acm_certificate_arn;acmpca_certificate_authority_certificate;acmpca_certificate_authority_serial;acmpca_certificate_authority_not_before;acmpca_certificate_authority_certificate_signing_request;acmpca_certificate_authority_arn;aws_acm_certificate_domain_name;aws_acm_certificate_id;aws_acm_certificate_domain_validation_options;acmpca_certificate_authority_id;acmpca_certificate_authority_status;acmpca_certificate_authority_not_after;acm_certificate_validation_id;acmpca_certificate_authority_certificate_chain,
27,iac_benchmark/scenarios/terrads_54aa27d47fd9,True,3.0,False,4,4,4,0,0,100.0,100.0,,,2,2,2,0,0,100.0,100.0,,,25,24,16,9,8,64.0,66.67,tags;application_feedback;http_feedback;lambda_feedback;topic_policy_statements;override_topic_policy_documents;source_topic_policy_documents;sqs_feedback;firehose_feedback,application_feedback_config;http_feedback_config;override_policy_documents;lambda_feedback_config;firehose_feedback_config;sqs_feedback_config;source_policy_document;statements,5,0,0,5,0,0.0,0.0,topic_id;subscriptions;topic_arn;topic_owner;topic_name,
28,iac_benchmark/scenarios/terrads_7b48683a13ff,True,3.0,False,4,4,4,0,0,100.0,100.0,,,1,1,1,0,0,100.0,100.0,,,0,0,0,0,0,100.0,100.0,,,0,0,0,0,0,100.0,100.0,,
29,iac_benchmark/scenarios/terrads_e23b184d6cd1,True,3.0,False,4,6,4,0,2,100.0,66.67,,null_resource;null_resource,0,0,0,0,0,100.0,100.0,,,16,15,7,9,8,43.75,46.67,create_govcloud;aws_service_access_principals;email;name;ou_name;role_name;administrator_service_principal;ou_parent_id;make_delegated_administrator,govcloud;delegated_admin_service_principal;member_account_email;member_account_name;organizational_unit_parent_id;organizational_unit_name;delegated_admin_enabled;integrated_service_access_principals,39,0,0,39,0,0.0,0.0,master_account_arn;administrator_delegation_enabled_date;ou_accounts_arn;root_arn;ou_accounts;root_name;ou_tags_all;account_name;master_account_email;org_arn;arn;account_status;root_policy_types_status;ou_accounts_name;administrator_name;ou_arn;root_policy_types_type;account_email;ou_accounts_id;root_policy_types;administrator_email;account_arn;org_id;ou_id;administrator_joined_method;id;administrator_arn;administrator_status;administrator_joined_timestamp;master_account_id;roots;administrator_account_id;ou_accounts_email;govcloud_id;tags_all;accounts;non_master_accounts;root_id;account_id,
30,iac_benchmark/scenarios/terrads_726ca27fa34a,True,3.0,False,5,18,5,0,13,100.0,27.78,,aws_s3_bucket_logging;random_id;aws_s3_bucket_acl;aws_s3_bucket_replication_configuration;aws_s3_bucket_website_configuration;aws_s3_bucket_policy;aws_s3_bucket_lifecycle_configuration;aws_s3_bucket_accelerate_configuration;aws_s3_bucket_server_side_encryption_configuration;aws_s3_bucket_cors_configuration;aws_s3_bucket_public_access_block;aws_s3_bucket_versioning;aws_s3_bucket_object_lock_configuration,1,2,0,1,2,0.0,0.0,aws_iam_policy_document,aws_canonical_user_id;aws_partition,25,20,16,9,4,64.0,80.0,region;replication_role;logging_target_bucket;website_redirect_all;website_routing_rules;website_index_document;logging_target_prefix;object_lock_configuration;website_error_document,logging;website;object_lock;replication_role_arn,6,0,0,6,0,0.0,0.0,regional_domain_name;arn;bucket_domain_name;region;hosted_zone_id;id,
31,iac_benchmark/scenarios/terrads_25476de431a3,True,3.0,False,8,10,7,1,3,87.5,70.0,aws_iam_policy_attachment,aws_s3_bucket_server_side_encryption_configuration;aws_iam_user_policy_attachment;aws_kms_key,1,2,0,1,2,0.0,0.0,aws_region,aws_caller_identity;aws_iam_policy_document,15,9,7,8,2,46.67,77.78,image_format;zedcloud_image_name;path;aws_iam_policy;aws_iam_username;random_string_length;zedcloud_datastore_name;force_destroy,iam_username;iam_policy_name,12,0,0,12,0,0.0,0.0,s3_fqdn_path_url;s3_bucket_path;aws_access_secret;s3_image_name;aws_access_key_id;zcli_image_command_fmt;zcli_datastore_command_fmt;zcli_datastore_command;s3_bucket_name;zcli_image_command;s3_fqdn_virtual_url;s3_region_name,
32,iac_benchmark/scenarios/terrads_2b3dc3e26799,True,3.0,False,5,4,4,1,0,80.0,100.0,aws_kms_ciphertext,,0,2,0,0,2,0.0,0.0,,aws_caller_identity;aws_kms_ciphertext,37,33,26,11,7,70.27,78.79,tags;kms_ciphertext_context;kms_external_key_description;kms_external_key_name;kms_alias_target_key_id;kms_key_name;kms_external_key_key_material_base64;kms_grant_constraints;kms_external_key_enabled;kms_key_key_usage;kms_alias_name_prefix,kms_key_usage;kms_external_key_material_base64;kms_alias_target_key_arn;kms_external_key_is_enabled;kms_ciphertext_encryption_context;kms_grant_encryption_context_subset;kms_grant_encryption_context_equals,15,4,2,13,2,13.33,50.0,kms_alias_arn;kms_external_key_expiration_model;kms_external_key_state;kms_external_key_usage;kms_ciphertext_ciphertext_blob;kms_alias_target_key_arn;kms_grant_grant_id;kms_external_key_id;kms_grant_token;kms_alias_id;kms_ciphertext_id;kms_key_id;kms_grant_id,kms_ciphertext_blob;account_id
33,iac_benchmark/scenarios/terrads_58f499b02851,True,3.0,False,4,20,4,0,16,100.0,20.0,,random_id;aws_kms_key;aws_kms_key;aws_kms_alias;aws_kms_alias;aws_s3_bucket;aws_s3_bucket;aws_iam_role_policy_attachment;aws_iam_policy;aws_s3_bucket_server_side_encryption_configuration;aws_s3_bucket_server_side_encryption_configuration;aws_iam_role;aws_s3_bucket_versioning;aws_s3_bucket_versioning;aws_s3_bucket_public_access_block;aws_s3_bucket_public_access_block,0,3,0,0,3,0.0,0.0,,aws_caller_identity;aws_partition;aws_region,6,6,6,0,0,100.0,100.0,,,5,0,0,5,0,0.0,0.0,databases_ids;named_queries_ids;data_catalogs_arns;workgroups_arns;data_catalogs_ids,
34,iac_benchmark/scenarios/terrads_862e56e7423d,True,3.0,False,4,20,4,0,16,100.0,20.0,,aws_cloudwatch_log_group;aws_internet_gateway;aws_security_group;aws_subnet;aws_kms_key;aws_kms_alias;aws_iam_role_policy_attachment;aws_route_table_association;aws_s3_bucket;aws_iam_policy;aws_s3_bucket_server_side_encryption_configuration;aws_vpc;aws_route_table;aws_iam_role;aws_s3_bucket_versioning;aws_s3_bucket_public_access_block,0,3,0,0,3,0.0,0.0,,aws_caller_identity;aws_region;aws_availability_zones,31,26,8,23,18,25.81,30.77,codebuild_webhook_project_name;codebuild_source_credential_server_type;codebuild_project_description;codebuild_project_source;codebuild_project_environment;codebuild_project_secondary_artifacts;codebuild_project_queued_timeout;codebuild_source_credential_user_name;codebuild_webhook_filter_group;codebuild_project_service_role;codebuild_project_logs_config;codebuild_webhook_branch_filter;codebuild_report_group_stack;codebuild_source_credential_token;codebuild_project_cache;codebuild_project_secondary_sources;codebuild_project_build_timeout;codebuild_project_badge_enabled;codebuild_project_vpc_config;codebuild_source_credential_auth_type;codebuild_project_source_version;codebuild_project_encryption_key;codebuild_project_artifacts,report_groups;source_version;artifacts;webhook_branch_filter;source_credential_server_type;cache;queued_timeout;build_timeout;source_credential_user_name;source_credential_token;badge_enabled;secondary_artifacts;environment_config;logs_config;webhook_filter_groups;codebuild_source;source_credential_auth_type;secondary_sources,12,0,0,12,0,0.0,0.0,codebuild_webhook_id;codebuild_project_id;codebuild_project_arn;codebuild_webhook_payload_url;codebuild_report_group_arn;codebuild_webhook_url;codebuild_project_badge_url;codebuild_source_credential_arn;codebuild_webhook_secret;codebuild_report_group_created;codebuild_report_group_id;codebuild_source_credential_id,
35,iac_benchmark/scenarios/terrads_f47d8c533f10,True,3.0,False,12,10,10,2,0,83.33,100.0,aws_route;aws_route,,2,1,1,1,0,50.0,100.0,aws_region,,1,1,1,0,0,100.0,100.0,,,0,0,0,0,0,100.0,100.0,,
36,iac_benchmark/scenarios/terrads_51c59e2a63d8,True,3.0,False,4,21,4,0,17,100.0,19.05,,aws_s3_bucket_logging;aws_s3_bucket_acl;aws_s3_bucket_replication_configuration;aws_s3_bucket_website_configuration;aws_kms_key;aws_iam_role_policy_attachment;aws_s3_bucket;aws_s3_bucket;aws_iam_policy;aws_s3_bucket_lifecycle_configuration;aws_s3_bucket_server_side_encryption_configuration;aws_s3_bucket_server_side_encryption_configuration;aws_s3_bucket_server_side_encryption_configuration;aws_iam_role;aws_s3_bucket_object_lock_configuration;aws_s3_bucket_cors_configuration;aws_s3_bucket_versioning,5,2,2,3,0,40.0,100.0,aws_iam_policy_document;aws_iam_policy_document;aws_iam_policy_document,,29,25,20,9,5,68.97,80.0,ignore_public_acls;grant;lifecycle_rule;block_public_policy;restrict_public_buckets;object_lock_configuration;cors_rule;server_side_encryption_configuration;block_public_acls,public_access_block;server_side_encryption;object_lock;cors_rules;lifecycle_rules,8,0,0,8,0,0.0,0.0,s3_bucket_website_endpoint;s3_bucket_hosted_zone_id;s3_bucket_id;s3_bucket_bucket_domain_name;s3_bucket_website_domain;s3_bucket_region;s3_bucket_bucket_regional_domain_name;s3_bucket_arn,
37,iac_benchmark/scenarios/terrads_b0a44418031a,True,3.0,False,10,10,10,0,0,100.0,100.0,,,1,1,1,0,0,100.0,100.0,,,14,14,14,0,0,100.0,100.0,,,5,0,0,5,0,0.0,0.0,vpcMainIgw;vpcMainRtb;subnetsAz2;vpcs;subnetsAz1,
38,iac_benchmark/scenarios_greenfield/gh_ab1ef9fa,True,3.0,False,7,10,7,0,3,100.0,70.0,,tls_private_key;aws_acm_certificate;tls_self_signed_cert,1,1,1,0,0,100.0,100.0,,,3,3,1,2,2,33.33,33.33,resource_count;rName,listener_rule_count;resource_name,0,0,0,0,0,100.0,100.0,,
39,iac_benchmark/scenarios/terrads_1ab0fa194791,True,3.0,False,10,13,9,1,4,90.0,69.23,random_string,random_integer;aws_kms_key;aws_kms_alias;aws_s3_bucket_server_side_encryption_configuration,3,1,1,2,0,33.33,100.0,aws_iam_policy_document;aws_iam_policy_document,,5,4,0,5,4,0.0,0.0,trail_name;cloudtrail_key_alias;is_organizational;encrypt_trail;log_group_name,management_trail_name;organization_trail;enable_kms;cloudwatch_log_group_name,0,0,0,0,0,100.0,100.0,,
40,iac_benchmark/scenarios/terrads_2e8035ffc09c,True,3.0,False,5,6,5,0,1,100.0,83.33,,random_pet,1,4,1,0,3,100.0,25.0,,aws_iam_policy_document;aws_iam_policy_document;aws_iam_policy_document,7,6,5,2,1,71.43,83.33,tags;name,repository_name,4,0,0,4,0,0.0,0.0,arn;policy_arns;name;url,
41,iac_benchmark/scenarios/terrads_0b839c616027,True,3.0,False,6,3,2,4,1,33.33,66.67,aws_iam_role;aws_iam_role;aws_iam_role_policy_attachment;aws_iam_role_policy_attachment,aws_iam_role_policy,4,2,2,2,0,50.0,100.0,aws_iam_policy_document;aws_partition,,27,35,18,9,17,66.67,51.43,mfa_age;trusted_role_services;poweruser_role_permissions_boundary_arn;admin_role_policy_arns;admin_role_permissions_boundary_arn;trusted_role_arns;readonly_role_permissions_boundary_arn;readonly_role_policy_arns;poweruser_role_policy_arns,tags;poweruser_policy_arns;admin_policy_arns;poweruser_inline_policies;poweruser_trusted_iam_role_arns;admin_trusted_iam_role_arns;readonly_inline_policies;readonly_trusted_service_principals;readonly_permissions_boundary_arn;poweruser_permissions_boundary_arn;admin_inline_policies;readonly_policy_arns;poweruser_trusted_service_principals;admin_permissions_boundary_arn;mfa_max_age;admin_trusted_service_principals;readonly_trusted_iam_role_arns,15,0,0,15,0,0.0,0.0,admin_iam_role_name;poweruser_iam_role_name;admin_iam_role_arn;poweruser_iam_role_path;readonly_iam_role_arn;poweruser_iam_role_unique_id;admin_iam_role_unique_id;readonly_iam_role_requires_mfa;admin_iam_role_requires_mfa;readonly_iam_role_path;readonly_iam_role_unique_id;poweruser_iam_role_requires_mfa;poweruser_iam_role_arn;admin_iam_role_path;readonly_iam_role_name,
42,iac_benchmark/scenarios/terrads_cef8614423be,True,3.0,False,4,9,4,0,5,100.0,44.44,,random_id;aws_s3_bucket_server_side_encryption_configuration;aws_s3_bucket_public_access_block;aws_kms_key;aws_s3_bucket,3,2,0,3,2,0.0,0.0,aws_iam_policy_document;aws_iam_policy_document;aws_arn,aws_region;aws_caller_identity,8,8,7,1,1,87.5,87.5,bucket,bucket_name,1,0,0,1,0,0.0,0.0,s3_bucket_notification_id,
43,iac_benchmark/scenarios/terrads_e0aca3ee1a17,True,3.0,False,9,10,8,1,2,88.89,80.0,aws_security_group_rule,aws_route;aws_route,1,1,1,0,0,100.0,100.0,,,5,5,4,1,1,80.0,80.0,number_of_availability_zones,number_of_azs,2,0,0,2,0,0.0,0.0,public_sg;public_subnet_ids,
44,iac_benchmark/scenarios/terrads_1d6f0e58e59c,True,3.0,False,5,10,4,1,6,80.0,40.0,aws_route,aws_key_pair;aws_subnet;aws_security_group;aws_instance;tls_private_key;aws_route_table_association,0,2,0,0,2,0.0,0.0,,aws_ami;aws_availability_zones,14,9,5,9,4,35.71,55.56,aws_internet_gateway;bastion_ami;private_subnet_cidr_blocks;availability_zones;bastion_ebs_optimized;region;name;cidr_block;public_subnet_cidr_blocks,ebs_optimized;vpc_name;private_subnet_cidrs;bastion_allowed_cidr,3,0,0,3,0,0.0,0.0,cidr_block;id;public_subnet_ids,
45,iac_benchmark/scenarios/gh_e1731993,True,4.0,False,15,8,0,15,8,0.0,0.0,aws_backup_vault;aws_backup_vault;aws_backup_plan;aws_backup_plan;aws_backup_plan;aws_backup_plan;aws_backup_selection;aws_backup_selection;aws_backup_selection;aws_backup_selection;aws_iam_role;aws_kms_key_policy;aws_kms_key;aws_kms_key;aws_iam_role_policy_attachment,aws_internet_gateway;aws_vpc;aws_route_table;aws_subnet;aws_subnet;aws_subnet;aws_security_group;aws_route_table_association,2,1,0,2,1,0.0,0.0,aws_region;aws_caller_identity,aws_availability_zones,4,6,0,4,6,0.0,0.0,excluded_dbs;daily_backups_enabled;retention_period;cross_region_destination,tags;vpc_cidr;enable_public_subnets;number_of_availability_zones;enable_private_subnets;enable_nat_subnets,0,0,0,0,0,100.0,100.0,,
46,iac_benchmark/scenarios/terrads_bd569c9de42b,True,4.0,False,10,10,10,0,0,100.0,100.0,,,3,3,0,3,3,0.0,0.0,aws_caller_identity;aws_iam_policy;aws_iam_policy,aws_iam_policy_document;aws_iam_policy_document;aws_iam_policy_document,10,9,9,1,0,90.0,100.0,tags,,1,0,0,1,0,0.0,0.0,all_groups_names,
47,iac_benchmark/scenarios/terrads_1b435e3d4172,True,4.0,False,9,6,6,3,0,66.67,100.0,aws_vpc_endpoint_route_table_association;aws_network_acl_rule;aws_network_acl_rule,,1,1,1,0,0,100.0,100.0,,,11,9,7,4,2,63.64,77.78,custom_outbound_acl_rules;name;cidr;custom_inbound_acl_rules,vpc_cidr;name_prefix,18,0,0,18,0,0.0,0.0,S3VPCEndpoint;route_ids;vpc_cidr;PrivateSubnet1AID;PrivateSubnet1ARouteTable;PrivateSubnet2AID;PrivateSubnet2ACIDR;PrivateSubnet3ARouteTable;PrivateSubnet2ARouteTable;vpc_id;PrivateSubnet1ACIDR;PrivateSubnet4ACIDR;route_id;PrivateSubnet4ARouteTable;PrivateSubnet4AID;PrivateSubnet3ACIDR;PrivateSubnet3AID;subnet_ids,
48,iac_benchmark/scenarios/terrads_5f7ef1fec7f9,True,4.0,False,8,8,8,0,0,100.0,100.0,,,0,0,0,0,0,100.0,100.0,,,35,23,11,24,12,31.43,47.83,enabled;ipv4_primary_cidr_block;tenant;regex_replace_chars;default_route_table_no_routes;label_key_case;label_order;ipv6_primary_cidr_block_association;dns_hostnames_enabled;ipv6_cidr_block_network_border_group;additional_tag_map;ipv6_additional_cidr_block_associations;default_network_acl_deny_all;ipv4_primary_cidr_block_association;ipv6_cidr_block_association_timeouts;id_length_limit;context;ipv4_additional_cidr_block_associations;labels_as_tags;ipv4_cidr_block_association_timeouts;dns_support_enabled;instance_tenancy;label_value_case;descriptor_formats,additional_ipv4_cidr_block_associations;manage_default_route_table;enable_dns_support;vpc_ipv4_netmask_length;additional_ipv6_cidr_block_associations;vpc_ipv6_netmask_length;manage_default_network_acl;vpc_cidr_block;vpc_instance_tenancy;vpc_ipv4_ipam_pool_id;enable_dns_hostnames;vpc_ipv6_ipam_pool_id,16,0,0,16,0,0.0,0.0,additional_cidr_blocks_to_association_ids;vpc_main_route_table_id;vpc_ipv6_association_id;additional_cidr_blocks;additional_ipv6_cidr_blocks;vpc_default_route_table_id;vpc_cidr_block;ipv6_egress_only_igw_id;vpc_id;vpc_arn;vpc_default_network_acl_id;additional_ipv6_cidr_blocks_to_association_ids;ipv6_cidr_block_network_border_group;vpc_default_security_group_id;igw_id;vpc_ipv6_cidr_block,
49,iac_benchmark/scenarios/terrads_f5e9cc30bc08,True,4.0,False,8,18,8,0,10,100.0,44.44,,aws_subnet;aws_security_group;aws_kms_key;aws_kms_alias;aws_iam_role_policy_attachment;aws_iam_role_policy_attachment;aws_vpc;aws_iam_role;local_file;aws_signer_signing_profile,0,2,0,0,2,0.0,0.0,,archive_file;aws_availability_zones,79,61,40,39,21,50.63,65.57,tags;lambda_function_event_invoke_config_qualifier;lambda_permission_qualifier;lambda_function_timeouts;lambda_function_name;lambda_function_event_invoke_config_function_name;lambda_function_tracing_config;lambda_function_description;lambda_event_source_mapping_destination_config;lambda_layer_version_source_code_hash;lambda_function_environment;lambda_function_event_invoke_config_destination_config;lambda_layer_version_s3_bucket;lambda_layer_version_layer_name;lambda_code_signing_config_allowed_publishers;lambda_layer_version_compatible_runtimes;lambda_event_source_mapping_starting_position_timestamp;lambda_event_source_mapping_maximum_batching_window_in_seconds;lambda_layer_version_s3_object_version;lambda_permission_event_source_token;lambda_function_layers;lambda_layer_version_filename;lambda_function_vpc_config;lambda_provisioned_concurrency_config_timeouts;lambda_permission_statement_id_prefix;lambda_layer_version_description;lambda_alias_routing_config;lambda_function_dead_letter_config;lambda_function_role;lambda_function_source_code_hash;lambda_alias_description;lambda_function_event_invoke_config_maximum_event_age_in_seconds;lambda_layer_version_s3_key;lambda_alias_function_name;lambda_permission_function_name;lambda_code_signing_config_policies;lambda_code_signing_config_description;lambda_layer_version_license_info;lambda_function_event_invoke_config_maximum_retry_attempts,lambda_function_tracing_mode;lambda_layer_layer_name;lambda_event_invoke_config_function_name;lambda_layer_compatible_runtimes;lambda_event_invoke_config_maximum_retry_attempts;lambda_function_vpc_subnet_ids;code_signing_config_signing_policy;lambda_function_vpc_security_group_ids;lambda_layer_s3_bucket;lambda_alias_routing_config_additional_version_weights;code_signing_config_description;lambda_layer_s3_key;lambda_event_invoke_config_maximum_event_age_in_seconds;lambda_layer_license_info;lambda_layer_filename;lambda_function_dead_letter_config_target_arn;lambda_layer_description;lambda_event_invoke_config_qualifier;lambda_layer_s3_object_version;lambda_function_environment_variables;lambda_function_tags,27,0,0,27,0,0.0,0.0,lambda_function_event_invoke_config_id;lambda_function_kms_key_arn;lambda_event_source_mapping_state;lambda_code_signing_config_config_id;lambda_layer_version_version;lambda_code_signing_config_arn;lambda_layer_version_arn;lambda_event_source_mapping_state_transition_reason;lambda_event_source_mapping_last_modifiedn;lambda_layer_version_created_date;lambda_event_source_mapping_last_processing_result;lambda_function_last_modified;lambda_event_source_mapping_uuid;lambda_layer_version_layer_arn;lambda_function_source_code_hash;lambda_permission_id;lambda_alias_arn;lambda_alias_invoke_arn;lambda_code_signing_config_id;lambda_layer_version_source_code_size;lambda_provisioned_concurrency_config_id;lambda_function_qualified_arn;lambda_function_source_code_size;lambda_code_signing_config_last_modified;lambda_function_arn;lambda_function_invoke_arn;lambda_event_source_mapping_function_arn,
50,iac_benchmark/scenarios/terrads_bf99d2d68ca6,True,4.0,False,11,13,9,2,4,81.82,69.23,aws_vpc_security_group_egress_rule;aws_vpc_security_group_ingress_rule,aws_route;aws_route;aws_security_group_rule;aws_security_group_rule,1,2,1,0,1,100.0,50.0,,aws_availability_zones,9,8,0,9,8,0.0,0.0,route_table_associations;tags;security_groups;subnets;route_tables;vpc;internet_gateway;region;nat_gateway,subnet_map;igw_map;default_tags;vpc_map;ngw_map;route_table_association_map;route_table_map;security_group_map,0,0,0,0,0,100.0,100.0,,
51,iac_benchmark/scenarios/terrads_31b9a6dde088,True,4.0,False,10,13,10,0,3,100.0,76.92,,aws_cloudwatch_log_group;random_pet;aws_iam_policy,0,3,0,0,3,0.0,0.0,,aws_caller_identity;archive_file;aws_region,9,6,3,6,3,33.33,50.0,tags;logs;tracing;vpc;layer;filesystem,log_retention;log_group_namespace;layers,4,0,0,4,0,0.0,0.0,alias;function;layer;logs,
52,iac_benchmark/scenarios/terrads_c41e7c31c21b,True,4.0,False,10,17,9,1,8,90.0,52.94,null_resource,random_id;aws_iam_role_policy_attachment;aws_s3_bucket;aws_iam_policy;aws_s3_bucket_server_side_encryption_configuration;aws_iam_role;aws_s3_bucket_versioning;aws_s3_bucket_public_access_block,0,0,0,0,0,100.0,100.0,,,54,20,8,46,12,14.81,40.0,dimensions;retention_days;alarm_actions;threshold;insufficient_data_actions;period;syn_success_retention_period;log_group_name;log_stream_name;dashboard_body;syn_s3_key_file;syn_rc_environment_variables;query_expressions;com_alarm_rule;syn_s3_version;comparison_operator;threshold_metric_id;com_alarm_actions;metric_name;syn_role_arn;treat_missing_data;syn_handler;alarm_list;actions_enabled;com_alarm_name;syn_start_canary;syn_rc_memory_in_mb;syn_delete_lambda;instance_id;query_metrics;alarm_name;namespace;syn_runtime_version;com_alarm_description;ok_actions;statistic;syn_rc_timeout_in_seconds;com_actions_enabled;syn_rc_active_tracing;evaluation_periods;syn_s3_canary_bucket_name;syn_sch_expression;syn_sch_duration_in_seconds;syn_s3_canary_file_bucket_name;dashboard_name;alarm_description,tags;name_prefix;syn_canary_success_retention_days;syn_canary_failure_retention_days;syn_canary_handler;syn_canary_runtime_version;expression_alarms;syn_canary_bucket_name;syn_canary_schedule_expression;syn_canary_zip_file;log_group_retention_days;dynamic_alarms,4,0,0,4,0,0.0,0.0,cloudwatch_metric_alarm_arn;log_group_name;cloudwatch_metric_alarm_id;log_group_arn,
53,iac_benchmark/scenarios/terrads_4fd109e76acd,True,4.0,False,18,18,18,0,0,100.0,100.0,,,0,7,0,0,7,0.0,0.0,,aws_iam_policy_document;aws_iam_policy_document;aws_iam_policy_document;aws_iam_policy_document;aws_iam_policy_document;aws_iam_policy_document;aws_iam_policy_document,6,5,4,2,1,66.67,80.0,policies_path;region,policy_path,2,0,0,2,0,0.0,0.0,AWS_ACCESS_KEY_ID;AWS_SECRET_ACCESS_KEY,
54,iac_benchmark/scenarios/terrads_4737a6037a87,True,4.0,False,16,10,10,6,0,62.5,100.0,aws_route;aws_route;aws_subnet;aws_subnet;aws_route_table_association;aws_route_table_association,,0,1,0,0,1,0.0,0.0,,aws_availability_zones,10,3,0,10,3,0.0,0.0,environment;aws_region;private_ip_for_nat_gateway;existing_vpc_id;private_subnet_1b_cidr_block;private_subnet_1a_cidr_block;craete_private_subnet;public_subnet_1b_cidr_block;public_subnet_1a_cidr_block;vpc_cidr_block,create_private_subnet;vpc_cidr;environment_prefix,8,0,0,8,0,0.0,0.0,private_subnet_1b_id;vpc_id;public_subnet_1a_id;public_subnet_1b_id;private_subnets;public_subnets;private_subnet_1a_id;vpc_cidr_block,
55,iac_benchmark/scenarios/gh_131320ab,True,4.0,False,8,3,3,5,0,37.5,100.0,aws_sqs_queue_policy;aws_sqs_queue_redrive_allow_policy;aws_sqs_queue_redrive_allow_policy;aws_sqs_queue_redrive_policy;aws_sqs_queue_redrive_policy,,5,3,3,2,0,60.0,100.0,aws_iam_policy_document;aws_partition,,42,16,12,30,4,28.57,75.0,max_message_size;kms_data_key_reuse_period_seconds;redrive_policy;dlq_sqs_managed_sse_enabled;dlq_message_retention_seconds;dlq_visibility_timeout_seconds;dlq_fifo_throughput_limit;redrive_allow_policy;region;message_retention_seconds;dlq_deduplication_scope;delay_seconds;receive_wait_time_seconds;visibility_timeout_seconds;dlq_redrive_allow_policy;dlq_tags;source_dlq_queue_policy_documents;override_dlq_queue_policy_documents;queue_policy_statements;source_queue_policy_documents;dlq_content_based_deduplication;dlq_kms_data_key_reuse_period_seconds;dlq_queue_policy_statements;dlq_name;dlq_delay_seconds;create_dlq_queue_policy;override_queue_policy_documents;dlq_kms_master_key_id;dlq_receive_wait_time_seconds;use_name_prefix,name_prefix;queue_policy_source;max_receive_count;queue_policy_override,10,0,0,10,0,0.0,0.0,dead_letter_queue_arn_static;dead_letter_queue_name;queue_id;queue_name;queue_arn_static;dead_letter_queue_id;queue_url;dead_letter_queue_url;queue_arn;dead_letter_queue_arn,
56,iac_benchmark/scenarios/terrads_3857b74fe599,True,4.0,False,12,19,12,0,7,100.0,63.16,,random_id;random_id;aws_secretsmanager_secret_version;aws_iam_openid_connect_provider;aws_kms_key;aws_secretsmanager_secret;aws_s3_bucket_versioning,3,1,1,2,0,33.33,100.0,aws_iam_policy_document;aws_iam_policy_document,,10,11,8,2,3,80.0,72.73,cluster_oidc_issuer;sa_path,eks_oidc_thumbprint;eks_oidc_issuer_url;iam_path,3,0,0,3,0,0.0,0.0,access_key_secret;buckets;access_key_id,
57,iac_benchmark/scenarios/terrads_5c95653f2b2b,True,4.0,False,8,11,8,0,3,100.0,72.73,,aws_iam_access_key;aws_iam_user;aws_iam_user_policy,6,3,3,3,0,50.0,100.0,aws_iam_policy_document;aws_iam_policy_document;aws_iam_policy_document,,6,3,1,5,2,16.67,33.33,public_repositories;global_push_accounts;private_repositories;default_tags;global_pull_accounts,public_repos;private_repos,3,4,0,3,4,0.0,0.0,private_repositories;public_repositories;iam_users,private_iam_access_keys;public_iam_access_keys;private_repository_arns;public_repository_arns
58,iac_benchmark/scenarios/gh_b7d56bc5,True,4.0,False,18,18,18,0,0,100.0,100.0,,,0,0,0,0,0,100.0,100.0,,,0,0,0,0,0,100.0,100.0,,,0,6,0,0,6,0.0,0.0,,loadbalancer2_access_key_id;loadbalancer_secret_access_key;loadbalancer2_secret_access_key;loadbalancer_access_key_id;loadbalancer3_access_key_id;loadbalancer3_secret_access_key
59,iac_benchmark/scenarios/terrads_305fc30c5f79,True,4.0,False,9,8,8,1,0,88.89,100.0,aws_backup_selection,,1,2,1,0,1,100.0,50.0,,aws_iam_policy,20,12,8,12,4,40.0,66.67,rule_lifecycle_delete_after;vault_notification_sns_topic_arn;selection_tag_value;selection_tag_key;rule_completion_window;backup_vault_events;rule_start_window;selection_tag_type;rule_copy_action_destination_vault;vault_kms_key_arn;rule_lifecycle_cold_storage_after;name,kms_key_arn;sns_topic_arn;backup_name;copy_destinations,0,0,0,0,0,100.0,100.0,,
60,iac_benchmark/scenarios/terrads_2b8b3dc2bc75,True,4.0,False,9,13,5,4,8,55.56,38.46,aws_config_configuration_recorder_status;aws_config_delivery_channel;aws_iam_role_policy_attachment;aws_config_configuration_recorder,aws_iam_role_policy;aws_kms_key;aws_s3_bucket;aws_s3_bucket_server_side_encryption_configuration;random_pet;random_pet;aws_s3_bucket_versioning;aws_s3_bucket_public_access_block,0,2,0,0,2,0.0,0.0,,aws_caller_identity;aws_region,3,1,0,3,1,0.0,0.0,tags;name;record_config,config_role_name,1,0,0,1,0,0.0,0.0,rules,
61,iac_benchmark/scenarios/terrads_9adbd7969ed1,True,4.0,False,29,15,15,14,0,51.72,100.0,aws_security_group_rule;aws_security_group_rule;aws_security_group_rule;aws_security_group_rule;aws_security_group_rule;aws_security_group_rule;aws_security_group_rule;aws_security_group_rule;aws_security_group_rule;aws_security_group_rule;aws_security_group_rule;aws_security_group_rule;aws_security_group_rule;aws_security_group_rule,,0,2,0,0,2,0.0,0.0,,aws_region;aws_availability_zones,1,0,0,1,0,0.0,0.0,availability_zones,,0,0,0,0,0,100.0,100.0,,
62,iac_benchmark/scenarios_greenfield/terrads_ecc253c5a28d,True,4.0,False,18,17,17,1,0,94.44,100.0,aws_security_group_rule,,2,1,1,1,0,50.0,100.0,aws_region,,5,4,4,1,0,80.0,100.0,tags,,4,0,0,4,0,0.0,0.0,private_subnet_ids;vpc_cidr;vpc_id;public_subnet_ids,
63,iac_benchmark/scenarios/terrads_1def7c8627ad,True,4.0,False,20,20,20,0,0,100.0,100.0,,,0,1,0,0,1,0.0,0.0,,aws_availability_zones,10,5,0,10,5,0.0,0.0,subpub2;az_sub_pvt2;az_sub_pub2;azpub1;aws_region;subpub1;az_sub_pvt1;subpvt1;subpvt2;cidr_vpc,vpc_cidr;pub_sub_1_cidr;pvt_sub_2_cidr;pub_sub_2_cidr;pvt_sub_1_cidr,0,0,0,0,0,100.0,100.0,,
64,iac_benchmark/scenarios/terrads_9d168e7478ae,True,4.0,False,16,25,14,2,11,87.5,56.0,aws_iam_role_policy_attachment;aws_iam_policy,aws_api_gateway_method;aws_api_gateway_method;aws_iam_role_policy;aws_api_gateway_resource;aws_api_gateway_resource;aws_api_gateway_integration_response;aws_api_gateway_integration_response;aws_api_gateway_integration;aws_api_gateway_integration;aws_api_gateway_method_response;aws_api_gateway_method_response,2,1,1,1,0,50.0,100.0,aws_caller_identity,,0,0,0,0,0,100.0,100.0,,,2,0,0,2,0,0.0,0.0,apigw_key;apigw_endpoint,
65,iac_benchmark/scenarios/terrads_8945dba1c1be,True,4.0,False,17,20,17,0,3,100.0,85.0,,aws_kms_key;aws_s3_bucket_public_access_block;aws_s3_bucket_public_access_block,0,1,0,0,1,0.0,0.0,,aws_caller_identity,11,9,9,2,0,81.82,100.0,logging_bucket;sse_algorithm,,1,0,0,1,0,0.0,0.0,bucket_id,
66,iac_benchmark/scenarios/gh_ee089b0d,True,4.0,False,16,16,16,0,0,100.0,100.0,,,7,1,1,6,0,14.29,100.0,aws_iam_policy;aws_iam_policy;aws_iam_policy;aws_iam_policy;aws_iam_policy;aws_iam_policy,,0,0,0,0,0,100.0,100.0,,,0,0,0,0,0,100.0,100.0,,
67,iac_benchmark/scenarios/gh_254d7b8f,True,4.0,False,9,22,9,0,13,100.0,40.91,,aws_iam_role_policy;aws_iam_role_policy_attachment;aws_iam_role_policy_attachment;aws_s3_bucket;aws_s3_bucket_server_side_encryption_configuration;aws_sns_topic_policy;aws_iam_role;aws_iam_role;aws_lambda_function;null_resource;aws_s3_bucket_versioning;aws_s3_bucket_public_access_block;aws_sns_topic,0,1,0,0,1,0.0,0.0,,archive_file,70,39,12,58,27,17.14,30.77,tags;config_delivery_channel_sns_topic_arn;config_organization_managed_rule_name;config_organization_custom_rule_tag_value_scope;config_config_rule_description;config_configuration_aggregator_account_aggregation_source;config_delivery_channel_s3_key_prefix;config_organization_managed_rule_maximum_execution_frequency;config_remediation_configuration_resource_type;config_aggregate_authorization_account_id;config_organization_managed_rule_identifier;name;config_organization_custom_rule_description;config_config_rule_name;config_config_rule_source;config_remediation_configuration_config_rule_name;organizations_organization_feature_set;config_remediation_configuration_execution_controls;config_configuration_recorder_status_is_enabled;config_remediation_configuration_automatic;config_organization_custom_rule_resource_types_scope;config_remediation_configuration_retry_attempt_seconds;config_delivery_channel_name;config_remediation_configuration_parameter;config_configuration_recorder_status_name;config_organization_managed_rule_tag_value_scope;config_organization_custom_rule_lambda_function_arn;config_delivery_channel_s3_bucket_name;config_organization_managed_rule_excluded_accounts;config_organization_managed_rule_timeouts;config_config_rule_scope;config_organization_managed_rule_tag_key_scope;config_remediation_configuration_maximum_automatic_attempts;config_organization_managed_rule_description;config_organization_custom_rule_input_parameters;config_remediation_configuration_target_type;config_organization_custom_rule_maximum_execution_frequency;config_remediation_configuration_target_id;config_configuration_recorder_recording_group;config_organization_custom_rule_timeouts;config_configuration_aggregator_organization_aggregation_source;config_organization_custom_rule_excluded_accounts;config_configuration_recorder_name;config_aggregate_authorization_name;config_config_rule_input_parameters;config_organization_managed_rule_input_parameters;config_organization_custom_rule_tag_key_scope;config_configuration_recorder_role_arn;config_delivery_channel_snapshot_delivery_properties;config_organization_managed_rule_resource_types_scope;config_remediation_configuration_target_version;organizations_organization_aws_service_access_principals;config_organization_custom_rule_name;config_organization_custom_rule_resource_id_scope;config_config_rule_maximum_execution_frequency;config_configuration_aggregator_name;config_organization_managed_rule_resource_id_scope;config_organization_custom_rule_trigger_types,remediation_configuration_parameters;remediation_configuration_execution_controls;remediation_configuration_automatic;lambda_function_runtime;aggregate_authorization_account_id;delivery_channel_snapshot_delivery_properties;organization_custom_rule_resource_types_scope;remediation_configuration_target_rule_name;lambda_function_handler;organization_managed_rule_excluded_accounts;organization_managed_rule_identifier;managed_rule_source_identifier;organization_custom_rule_excluded_accounts;managed_rule_scope;remediation_configuration_resource_type;organization_custom_rule_lambda_function_arn;remediation_configuration_target_type;delivery_channel_s3_key_prefix;aggregate_authorization_region;remediation_configuration_target_id;remediation_configuration_maximum_automatic_attempts;lambda_function_source_file;delivery_channel_sns_topic_arn;aggregator_account_sources;prefix;organization_custom_rule_trigger_types;aggregator_organization_source,9,0,0,9,0,0.0,0.0,config_config_rule_id;config_organization_managed_rule_arn;config_configuration_aggregator_arn;config_configuration_recorder_id;config_remediation_configuration_id;config_aggregate_authorization_arn;config_config_rule_arn;config_organization_custom_rule_arn;config_delivery_channel_id,
68,iac_benchmark/scenarios_greenfield/terrads_8232f3968789,True,4.0,False,14,4,4,10,0,28.57,100.0,aws_nat_gateway;aws_route;aws_route;aws_internet_gateway;aws_subnet;aws_route_table;aws_route_table;aws_eip;aws_route_table_association;aws_route_table_association,,0,2,0,0,2,0.0,0.0,,aws_ami;aws_availability_zones,12,0,0,12,0,0.0,0.0,vol_size;subnet_id;access_key;instance_name;number_of_instances;instance_type;ami_id;private_subnet_cidr_blocks;availability_zones;cidr_block;region;secret_key,,0,0,0,0,0,100.0,100.0,,
69,iac_benchmark/scenarios/gh_75c55509,True,4.0,False,8,12,8,0,4,100.0,66.67,,aws_iam_role_policy;aws_kms_key;aws_kms_alias;aws_iam_role,0,1,0,0,1,0.0,0.0,,aws_caller_identity,62,54,10,52,44,16.13,18.52,tags;route53_health_check_child_health_threshold;route53_health_check_insufficient_data_health_status;route53_health_check_type;route53_key_signing_key_hosted_zone_id;route53_delegation_set_reference_name;route53_health_check_child_healthchecks;route53_key_signing_key_name;route53_zone_comment;route53_record_parent_zone_id;route53_health_check_disabled;route53_health_check_invert_healthcheck;route53_key_signing_key_key_management_service_arn;route53_health_check_name;route53_health_check_fqdn;route53_query_log_zone_id;route53_health_check_reference_name;route53_key_signing_key_status;route53_record_health_check_id;route53_record_geolocation_routing_policy;route53_health_check_port;route53_health_check_ip_address;route53_zone_name;route53_record_name;route53_health_check_enable_sni;route53_record_ttl;route53_record_records;route53_health_check_resource_path;route53_record_failover_routing_policy;route53_record_alias;route53_vpc_association_authorization_zone_id;route53_health_check_measure_latency;route53_vpc_association_authorization_vpc_id;route53_zone_vpc;route53_zone_delegation_set_id;route53_health_check_cloudwatch_alarm_region;route53_record_type;route53_record_latency_routing_policy;route53_record_allow_overwrite;route53_health_check_request_interval;route53_zone_association_zone_id;route53_record_weighted_routing_policy;route53_health_check_failure_threshold;route53_zone_force_destroy;route53_record_set_identifier;route53_health_check_regions;route53_query_log_cloudwatch_log_group_arn;route53_health_check_search_string;route53_record_multivalue_answer_routing_policy;route53_zone_association_vpc_id;route53_health_check_cloudwatch_alarm_name;route53_zone_association_vpc_region,record_allow_overwrite;health_check_failure_threshold;record_geolocation_routing_policy;zone_association_vpc_id;record_name;zone_domain_name;record_multivalue_answer_routing_policy;key_signing_key_status;key_signing_key_name;health_check_request_interval;record_ttl;record_zone_id;vpc_association_authorization_vpc_region;zone_comment;health_check_fqdn;record_weighted_routing_policy;record_type;query_log_cloudwatch_log_group_arn;record_health_check_id;record_failover_routing_policy;query_log_zone_id;zone_vpc_id;health_check_search_string;health_check_port;health_check_child_health_checks;zone_association_zone_id;zone_vpc_region;record_values;key_signing_key_arn;record_set_identifier;zone_delegation_set_id;health_check_child_health_threshold;health_check_ip_address;record_latency_routing_policy;vpc_association_authorization_vpc_id;record_alias;vpc_association_authorization_zone_id;key_signing_key_hosted_zone_id;health_check_measure_latency;zone_force_destroy;health_check_resource_path;zone_association_vpc_region;delegation_set_reference_name;health_check_type,25,0,0,25,0,0.0,0.0,route53_delegation_set_name_servers;route53_key_signing_key_key_tag;route53_zone_association_id;route53_query_log_id;route53_record_name;route53_key_signing_key_dnskey_record;route53_key_signing_key_flag;route53_zone_association_zone_id;route53_key_signing_key_public_key;route53_key_signing_key_digest_algorithm_mnemonic;route53_key_signing_key_id;route53_key_signing_key_ds_record;route53_zone_association_vpc_region;route53_record_fqdn;route53_key_signing_key_signing_algorithm_type;route53_delegation_set_id;route53_key_signing_key_digest_algorithm_type;aws_route53_zone_zone_id;aws_route53_zone_id;route53_zone_association_vpc_id;route53_health_check_id;route53_key_signing_key_digest_value;route53_key_signing_key_signing_algorithm_mnemonic;aws_route53_zone_name_servers;route53_vpc_association_authorization_id,
70,iac_benchmark/scenarios/terrads_b1409427bd33,True,4.0,False,14,18,14,0,4,100.0,77.78,,aws_s3_bucket_server_side_encryption_configuration;aws_s3_bucket_public_access_block;aws_kms_key;aws_s3_bucket,12,3,0,12,3,0.0,0.0,aws_iam_policy_document;aws_iam_policy_document;aws_iam_policy_document;aws_iam_policy_document;aws_iam_policy_document;aws_iam_policy_document;aws_iam_policy_document;aws_iam_policy_document;aws_iam_policy_document;aws_iam_policy_document;aws_iam_policy_document;aws_iam_policy_document,aws_caller_identity;aws_iam_policy;aws_region,0,0,0,0,0,100.0,100.0,,,5,0,0,5,0,0.0,0.0,ecs_codedeploy;ecs_service;ecs_exec;ecs_task;ecs_autoscale_role,
71,iac_benchmark/scenarios/terrads_8a18be3138e9,True,4.0,False,21,12,12,9,0,57.14,100.0,aws_subnet;aws_subnet;aws_subnet;aws_subnet;aws_subnet;aws_subnet;aws_route_table_association;aws_route_table_association;aws_route_table_association,,0,1,0,0,1,0.0,0.0,,aws_availability_zones,0,0,0,0,0,100.0,100.0,,,12,0,0,12,0,0.0,0.0,prod_int_vpc_id;prod_int_sub_0_id;prod_ext_sub_3_id;prod_ext_default_sg_id;prod_ext_sub_2_id;prod_int_default_sg_id;prod_int_sub_3_id;prod_ext_sub_1_id;prod_int_sub_2_id;prod_ext_vpc_id;prod_ext_sub_0_id;prod_int_sub_1_id,
72,iac_benchmark/scenarios/terrads_c5f20f79e141,True,4.0,False,17,30,17,0,13,100.0,56.67,,aws_iam_role_policy;aws_iam_role_policy;aws_internet_gateway;aws_route_table_association;aws_route;aws_route_table;aws_subnet;aws_subnet;aws_vpc_endpoint;aws_vpc_endpoint;aws_vpc_endpoint;aws_vpc_endpoint;aws_vpc,3,2,2,1,0,66.67,100.0,aws_caller_identity,,6,6,5,1,1,83.33,83.33,prefix,resource_prefix,1,4,0,1,4,0.0,0.0,lb_dns_name,ecs_cluster_name;webhook_url;efs_file_system_id;alb_dns_name
73,iac_benchmark/scenarios/gh_1d5f4d32,True,4.0,False,9,11,9,0,2,100.0,81.82,,aws_subnet;aws_vpc,0,2,0,0,2,0.0,0.0,,aws_caller_identity;aws_availability_zones,50,21,10,40,11,20.0,47.62,tags;transit_gateway_route_table_propagation_transit_gateway_route_table_id;transit_gateway_auto_accept_shared_attachments;transit_gateway_dns_support;transit_gateway_vpc_attachment_subnet_ids;transit_gateway_vpc_attachment_accepter_transit_gateway_default_route_table_propagation;transit_gateway_vpc_attachment_name;transit_gateway_vpc_attachment_ipv6_support;transit_gateway_route_transit_gateway_route_table_id;transit_gateway_route_table_association_transit_gateway_route_table_id;name;transit_gateway_vpc_attachment_transit_gateway_default_route_table_propagation;transit_gateway_route_table_transit_gateway_id;transit_gateway_peering_attachment_transit_gateway_id;transit_gateway_vpc_attachment_accepter_name;transit_gateway_route_table_propagation_transit_gateway_attachment_id;transit_gateway_route_table_association_transit_gateway_attachment_id;transit_gateway_description;transit_gateway_vpc_attachment_vpc_id;transit_gateway_peering_attachment_accepter_transit_gateway_attachment_id;transit_gateway_default_route_table_association;transit_gateway_vpc_attachment_accepter_transit_gateway_attachment_id;transit_gateway_vpc_attachment_appliance_mode_support;transit_gateway_peering_attachment_peer_region;transit_gateway_name;transit_gateway_amazon_side_asn;transit_gateway_route_table_name;transit_gateway_vpc_attachment_transit_gateway_default_route_table_association;transit_gateway_peering_attachment_name;transit_gateway_vpc_attachment_accepter_transit_gateway_default_route_table_association;transit_gateway_peering_attachment_peer_account_id;transit_gateway_route_blackhole;transit_gateway_peering_attachment_accepter_name;transit_gateway_route_transit_gateway_attachment_id;transit_gateway_vpn_ecmp_support;transit_gateway_default_route_table_propagation;transit_gateway_vpc_attachment_dns_support;transit_gateway_route_destination_cidr_blocks;transit_gateway_peering_attachment_peer_transit_gateway_id;transit_gateway_vpc_attachment_transit_gateway_id,peer_transit_gateway_id;propagation_attachment_ids;peer_role_arn;tgw_amazon_side_asn;destination_cidr_blocks;prefix;vpc_cidr;association_attachment_id;peer_account_id;blackhole;peer_region,31,0,0,31,0,0.0,0.0,transit_gateway_peering_attachment_accepter_transit_gateway_id;transit_gateway_vpc_attachment_vpc_owner_id;transit_gateway_vpc_attachment_accepter_dns_support;transit_gateway_route_table_association_resource_id;transit_gateway_route_table_propagation_resource_id;transit_gateway_arn;transit_gateway_association_default_route_table_id;transit_gateway_route_id;transit_gateway_peering_attachment_accepter_peer_account_id;transit_gateway_vpc_attachment_accepter_appliance_mode_support;transit_gateway_vpc_attachment_accepter_subnet_ids;transit_gateway_propagation_default_route_table_id;transit_gateway_owner_id;transit_gateway_route_table_default_association_route_table;transit_gateway_peering_attachment_accepter_id;transit_gateway_vpc_attachment_accepter_ipv6_support;transit_gateway_peering_attachment_accepter_peer_transit_gateway_id;transit_gateway_route_table_propagation_resource_type;transit_gateway_vpc_attachment_accepter_id;transit_gateway_peering_attachment_id;transit_gateway_route_table_id;transit_gateway_route_table_association_resource_type;transit_gateway_vpc_attachment_id;transit_gateway_id;transit_gateway_route_table_default_propagation_route_table;transit_gateway_route_table_association_id;transit_gateway_vpc_attachment_accepter_vpc_owner_id;transit_gateway_route_table_arn;transit_gateway_vpc_attachment_accepter_vpc_id;transit_gateway_route_table_propagation_id;transit_gateway_vpc_attachment_accepter_transit_gateway_id,
74,iac_benchmark/scenarios/terrads_0bc9721da849,True,4.0,False,15,19,15,0,4,100.0,78.95,,aws_network_acl_association;aws_network_acl_association;aws_network_acl_association;aws_network_acl_association,1,1,1,0,0,100.0,100.0,,,0,0,0,0,0,100.0,100.0,,,9,0,0,9,0,0.0,0.0,lambda_functions_subnet_id;db_security_group_id;db_subnet_id_2;vpc;bastion_host_subnet_id;lambda_functions_security_group_id;bastion_host_security_group_id;db_availability_zone;db_subnet_id_1,
75,iac_benchmark/scenarios/terrads_5a206a75e8f1,True,4.0,False,23,8,8,15,0,34.78,100.0,aws_security_group_rule;aws_security_group_rule;aws_security_group_rule;aws_security_group_rule;aws_security_group_rule;aws_security_group_rule;aws_security_group_rule;aws_security_group_rule;aws_security_group_rule;aws_security_group_rule;aws_security_group_rule;aws_security_group_rule;aws_security_group_rule;aws_security_group_rule;aws_security_group_rule,,0,1,0,0,1,0.0,0.0,,aws_availability_zones,0,0,0,0,0,100.0,100.0,,,1,0,0,1,0,0.0,0.0,rds_security_group,
76,iac_benchmark/scenarios/terrads_502f773ea348,True,4.0,False,8,5,5,3,0,62.5,100.0,aws_sqs_queue_redrive_allow_policy;aws_sqs_queue_redrive_policy;aws_sqs_queue_redrive_policy,,4,2,2,2,0,50.0,100.0,aws_region;aws_caller_identity,,40,38,30,10,8,75.0,78.95,tags;redrive_policy;redrive_allow_policy;dlq_tags;source_queue_policy_documents;dlq_name;override_queue_policy_documents;dlq_redrive_allow_policy;override_dlq_queue_policy_documents;source_dlq_queue_policy_documents,dlq_fifo_queue;dlq_fifo_throughput_limit;dlq_policy_override_policy_documents;dlq_name_suffix;dlq_max_message_size;dlq_policy_source_policy_documents;queue_policy_source_policy_documents;queue_policy_override_policy_documents,10,0,0,10,0,0.0,0.0,dead_letter_queue_arn_static;dead_letter_queue_name;queue_id;queue_name;queue_arn_static;dead_letter_queue_id;queue_url;dead_letter_queue_url;queue_arn;dead_letter_queue_arn,
77,iac_benchmark/scenarios/terrads_ddc425a81cf2,True,4.0,False,10,10,6,4,4,60.0,60.0,aws_iam_role_policy_attachment;aws_iam_role_policy_attachment;aws_iam_policy;aws_iam_policy,aws_iam_role_policy;aws_iam_role_policy;random_uuid;aws_sns_topic,6,1,1,5,0,16.67,100.0,aws_iam_role;aws_lambda_function;aws_iam_policy_document;aws_iam_policy_document;aws_lambda_alias,,35,24,21,14,3,60.0,87.5,tags;alarm_enabled;force_deploy;alarms;auto_rollback_enabled;auto_rollback_events;codedeploy_principals;deployment_group_name;interpreter;description;triggers;wait_deployment_completion;alarm_ignore_poll_alarm_failure;codedeploy_role_name,cloudwatch_alarm_names;trigger_configs;codedeploy_service_principals,9,0,0,9,0,0.0,0.0,codedeploy_deployment_group_name;codedeploy_app_name;appspec;appspec_content;codedeploy_deployment_group_id;script;deploy_script;appspec_sha256;codedeploy_iam_role_name,
78,iac_benchmark/scenarios/terrads_765efd6394eb,True,4.0,False,9,9,9,0,0,100.0,100.0,,,0,0,0,0,0,100.0,100.0,,,44,40,13,31,27,29.55,32.5,lb_ssl_negotiation_policy_load_balancer;app_cookie_stickiness_policy_stack;load_balancer_policy_policy_name;load_balancer_backend_server_policy_load_balancer_name;proxy_protocol_policy_instance_ports;load_balancer_listener_policy_load_balancer_port;elb_attachment_instances;elb_security_groups;lb_ssl_negotiation_policy_attribute;load_balancer_policy_policy_type_name;elb_connection_draining_timeout;proxy_protocol_policy_load_balancer;load_balancer_policy_policy_attribute;load_balancer_backend_server_policy_instance_port;lb_ssl_negotiation_policy_lb_port;load_balancer_backend_server_policy_policy_names;elb_attachment_elb_id;elb_idle_timeout;elb_internal;elb_listener;elb_availability_zones;lb_cookie_stickiness_policy_stack;lb_ssl_negotiation_policy_name;load_balancer_policy_load_balancer_name;elb_access_logs;load_balancer_listener_policy_load_balancer_name;elb_subnets;load_balancer_listener_policy_policy_names;elb_connection_draining;elb_cross_zone_load_balancing;elb_health_check,security_groups;app_cookie_stickiness_lb_port;health_check;ssl_negotiation_policy_name_override;idle_timeout;lb_listener_policy_names;listeners;proxy_protocol_instance_ports;lb_listener_lb_port;lb_cookie_stickiness_cookie_expiration_period;connection_draining_timeout;load_balancer_policy_name_override;lb_cookie_stickiness_lb_port;lb_backend_server_instance_port;cross_zone_load_balancing;ssl_negotiation_lb_port;ssl_negotiation_policy_attributes;connection_draining;app_cookie_stickiness_policy_name_override;subnets;access_logs;app_cookie_stickiness_cookie_name;lb_backend_server_policy_names;load_balancer_policy_type_name;instance_ids;lb_cookie_stickiness_policy_name_override;load_balancer_policy_attributes,35,8,5,30,3,14.29,62.5,elb_source_security_group_id;lb_ssl_negotiation_policy_load_balancer;load_balancer_policy_policy_name;elb_source_security_group;elb_instances;lb_cookie_stickiness_policy_load_balancer;lb_cookie_stickiness_policy_cookie_expiration_period;load_balancer_backend_server_policy_load_balancer_name;lb_ssl_negotiation_policy_id;elb_attachment_id;load_balancer_listener_policy_load_balancer_port;lb_ssl_negotiation_policy_name;load_balancer_policy_load_balancer_name;lb_cookie_stickiness_policy_id;app_cookie_stickiness_policy_cookie_name;load_balancer_backend_server_policy_id;load_balancer_listener_policy_load_balancer_name;elb_id;load_balancer_policy_id;app_cookie_stickiness_policy_id;lb_ssl_negotiation_policy_attribute;app_cookie_stickiness_policy_load_balancer;app_cookie_stickiness_policy_lb_port;load_balancer_policy_policy_type_name;load_balancer_listener_policy_id;proxy_protocol_policy_id;elb_arn;load_balancer_backend_server_policy_instance_port;lb_cookie_stickiness_policy_lb_port;lb_ssl_negotiation_policy_lb_port,attached_instance_ids;ssl_negotiation_policy_name;load_balancer_policy_name
79,iac_benchmark/scenarios/terrads_1fe0c7e96181,True,4.0,False,17,17,16,1,1,94.12,94.12,aws_vpc_endpoint_route_table_association,aws_security_group,3,1,1,2,0,33.33,100.0,aws_subnets;aws_subnets,,19,9,1,18,8,5.26,11.11,max_subnetcount;db_cidr_blocks;reserved_cidr_blocks;app_cidr_blocks;service_name;vpc_endpoints;enable_dns_support;web_cidr_blocks;reserved_subnet_count;availability_zone;security_group_ids;vpc_name;vpc_endpoint_type;web_subnet_count;db_subnet_count;app_subnet_count;enable_dns_hostnames;subnet_ids,name_prefix;db_subnet_cidrs;reserved_subnet_cidrs;app_subnet_cidrs;web_subnet_cidrs;interface_vpc_endpoints;az_count;gateway_vpc_endpoint_service,6,0,0,6,0,0.0,0.0,db_subnet_ids;vpc_id;app-subnet;gateway_endpoint_rt_association_id;web_subnet_ids;app-subnet-availability_zone_names,
80,iac_benchmark/scenarios/terrads_202ad9eccfce,True,5.0,False,26,47,26,0,21,100.0,55.32,,aws_network_acl_rule;aws_network_acl_rule;aws_network_acl_rule;aws_network_acl_rule;aws_network_acl_rule;aws_network_acl_rule;aws_network_acl_rule;aws_network_acl_rule;aws_network_acl_rule;aws_network_acl_rule;aws_network_acl_rule;aws_network_acl_rule;aws_network_acl_rule;aws_network_acl_rule;aws_network_acl_rule;aws_network_acl_rule;aws_network_acl_rule;aws_network_acl_rule;aws_network_acl_rule;aws_network_acl_rule;aws_network_acl_rule,0,1,0,0,1,0.0,0.0,,aws_availability_zones,9,2,1,8,1,11.11,50.0,vpc_cidr;web_subnet_cidr;reserved_subnet_cidr;database_subnet_cidr;dns_resolvers;ssh_ip_addrs;sandbox_subnet_cidr;gameserver_subnet_cidr,ssh_allowed_cidrs,8,0,0,8,0,0.0,0.0,gameserver_subnet_id;vpc_id;database_subnet_id;internal_dns_zone_id;reserved_subnet_id;ssh_securitygroup_id;sandbox_subnet_id;web_subnet_id,
81,iac_benchmark/scenarios/terrads_967b5442ed58,True,5.0,False,31,13,13,18,0,41.94,100.0,aws_nat_gateway;aws_nat_gateway;aws_route_table;aws_route_table;aws_subnet;aws_subnet;aws_subnet;aws_subnet;aws_subnet;aws_subnet;aws_eip;aws_eip;aws_route_table_association;aws_route_table_association;aws_route_table_association;aws_route_table_association;aws_route_table_association;aws_route_table_association,,1,1,1,0,0,100.0,100.0,,,16,2,2,14,0,12.5,100.0,private_app_subnet_az1_cidr;private_route_table_az3_cidr;private_database_subnet_az1_cidr;database_route_table_cidr;public_route_table_cidr;private_app_subnet_az2_cidr;public_subnet_az1_cidr;private_app_subnet_az3_cidr;private_route_table_az2_cidr;private_route_table_az1_cidr;public_subnet_az2_cidr;private_database_subnet_az3_cidr;private_database_subnet_az2_cidr;public_subnet_az3_cidr,,25,0,0,25,0,0.0,0.0,private_database_subnet_az3_id;availability_zone_3;private_app_subnet_az2_id;public_subnet_az3_id;nat-gateway-az3;private_database_subnet_az2_id;private_app_subnet_az3_id;public_subnet_az1_id;availability_zone_2;availability_zone_1;nat-gateway-az1;private_database_subnet_az1_id;eip-for-nat-gateway-az1;private_route_table_az1;public_subnet_az2_id;public_route_table;vpc_id;eip-for-nat-gateway-az2;private_route_table_az2;private_route_table_az3;database_route_table;private_app_subnet_az1_id;internet_gateway;nat-gateway-az2;eip-for-nat-gateway-az3,
82,iac_benchmark/scenarios_greenfield/gh_b3785cbb,True,5.0,False,13,14,13,0,1,100.0,92.86,,random_id,4,2,2,2,0,50.0,100.0,aws_partition;aws_iam_account_alias,,26,14,12,14,2,46.15,85.71,tags;lifecycle_aws_bucket_analytics_expiration;bucket;abort_incomplete_multipart_upload_days;lifecycle_aws_bucket_inventory_expiration;lifecycle_abort_incomplete_upload;versioning_status;additional_lifecycle_rules;schedule_frequency;transition_default_minimum_object_size;control_object_ownership;object_ownership;enable_bucket_force_destroy;inventory_bucket_format,bucket_name;force_destroy,6,4,2,4,2,33.33,50.0,arn;name;bucket_logging_prefix;id,bucket_id;bucket_arn
83,iac_benchmark/scenarios_greenfield/terrads_d4ddfb19fb0e,True,5.0,False,13,18,13,0,5,100.0,72.22,,aws_s3_bucket_acl;aws_kms_key;aws_s3_bucket;aws_s3_bucket_server_side_encryption_configuration;aws_s3_bucket_public_access_block,1,3,1,0,2,100.0,33.33,,aws_caller_identity;aws_iam_policy_document,39,22,11,28,11,28.21,50.0,cors;block_public_access;metric_configuration;object_lock_token;lifecycle_enabled;grant;name;logging_bucket_name;enable_bucket_metrics;block_public_access_ignore_acl;lifecycle_rule;website;object_lock_retention_days;force_destroy_bucket;block_public_access_restrict_bucket;sse_algorithm;enable_intelligent_tiering;acl;object_lock_mode;expected_bucket_owner;block_public_access_acl;owner;versioning;object_expiration_days;object_lock_retention_years;logging_bucket_prefix;cors_rule;block_public_access_policy,bucket_name;versioning_status;log_prefix;grants_json;log_bucket_name;canned_acl;cors_rules;public_access_block_enabled;cloudwatch_metrics;lifecycle_rules;encryption_algorithm,7,0,0,7,0,0.0,0.0,bucket_domain_name;bucket_arn;bucket_hosted_zone_id;bucket_id;bucket_website_endpoint;bucket_website_domain;bucket_region,
84,iac_benchmark/scenarios/terrads_b17fbb76ac06,True,5.0,False,14,23,12,2,11,85.71,52.17,aws_s3_bucket_replication_configuration;aws_s3_bucket_server_side_encryption_configuration,aws_kms_key;aws_kms_key;aws_kms_alias;aws_iam_role_policy_attachment;aws_s3_bucket;aws_s3_bucket;aws_s3_bucket;aws_iam_policy;aws_iam_role;aws_s3_bucket_public_access_block;aws_s3_bucket_versioning,3,5,3,0,2,100.0,60.0,,aws_caller_identity;aws_region,23,20,12,11,8,52.17,60.0,tags;logging;name;lifecycle_rule;object_ownership_type;acl;replication_configuration;versioning;inventory_configuration;cors_rule;policy,custom_policy_json;bucket_name;object_ownership;replication_rules;cors_rules;lifecycle_rules;enable_versioning;inventory_config,3,0,0,3,0,0.0,0.0,arn;id;name,
85,iac_benchmark/scenarios_greenfield/terrads_cb87bf959d7f,True,5.0,False,20,20,19,1,1,95.0,95.0,aws_iam_policy_attachment,aws_iam_role_policy_attachment,8,1,1,7,0,12.5,100.0,aws_iam_policy_document;aws_iam_policy_document;aws_iam_policy_document;aws_iam_policy_document;aws_iam_policy_document;aws_iam_policy_document;aws_iam_policy_document,,1,3,1,0,2,100.0,33.33,,designated_region;remote_state_bucket,0,0,0,0,0,100.0,100.0,,
86,iac_benchmark/scenarios_greenfield/terrads_443eb61a2ecc,True,5.0,False,41,13,13,28,0,31.71,100.0,aws_subnet;aws_subnet;aws_subnet;aws_subnet;aws_subnet;aws_subnet;aws_subnet;aws_subnet;aws_subnet;aws_subnet;aws_subnet;aws_subnet;aws_subnet;aws_subnet;aws_subnet;aws_route_table_association;aws_route_table_association;aws_route_table_association;aws_route_table_association;aws_route_table_association;aws_route_table_association;aws_route_table_association;aws_route_table_association;aws_route_table_association;aws_route_table_association;aws_route_table_association;aws_route_table_association;aws_route_table_association,,0,0,0,0,0,100.0,100.0,,,2,2,0,2,2,0.0,0.0,subnet_prefix;cidr_block_prefix,subnets;vpc_cidr,1,1,1,0,0,100.0,100.0,,
87,iac_benchmark/scenarios/terrads_73cb6ac4fe1b,True,5.0,False,12,13,11,1,2,91.67,84.62,aws_iam_role_policy_attachment,aws_iam_role_policy;aws_iam_policy,4,6,4,0,2,100.0,66.67,,aws_iam_policy_document;aws_iam_policy_document,26,21,21,5,0,80.77,100.0,tags;rule_copy_action_destination_vault_arn;rule_lifecycle_delete_after;rule_copy_action_lifecycle;rule_lifecycle_cold_storage_after,,6,0,0,6,0,0.0,0.0,plan_role;plan_version;plan_arn;plan_id;vault_id;vault_arn,
88,iac_benchmark/scenarios/terrads_33766381a4b4,True,5.0,False,18,5,4,14,1,22.22,80.0,aws_security_group_rule;aws_security_group_rule;aws_security_group_rule;aws_security_group_rule;aws_security_group_rule;aws_security_group_rule;aws_security_group_rule;aws_security_group_rule;aws_security_group_rule;aws_security_group_rule;aws_security_group_rule;aws_security_group_rule;aws_security_group_rule;aws_security_group_rule,aws_vpc,1,0,0,1,0,0.0,0.0,aws_security_group,,31,16,11,20,5,35.48,68.75,new_sg_ingress_rules_with_source_sg_id;enable;new_sg_egress_rules_with_self;new_sg_ingress_rules_with_self;existing_sg_ingress_rules_with_cidr_blocks;existing_sg_egress_rules_with_prefix_list;max_entries;existing_sg_egress_rules_with_source_sg_id;sg_description;new_sg_ingress_rules_with_prefix_list;existing_sg_ingress_rules_with_prefix_list;new_sg_egress_rules_with_cidr_blocks;existing_sg_ingress_rules_with_self;new_sg_egress_rules_with_prefix_list;existing_sg_egress_rules_with_cidr_blocks;new_sg_ingress_rules_with_cidr_blocks;existing_sg_egress_rules_with_self;existing_sg_ingress_rules_with_source_sg_id;new_sg_egress_rules_with_source_sg_id;entry,enabled;egress_rules;prefix_list_entries;ingress_rules;prefix_list_max_entries,4,2,2,2,0,50.0,100.0,security_group_arn;security_group_tags,
89,iac_benchmark/scenarios_greenfield/terrads_9624201ef204,True,5.0,False,18,22,12,6,10,66.67,54.55,aws_iam_policy;aws_iam_policy;aws_iam_policy;aws_iam_policy;aws_iam_policy;aws_iam_policy,aws_iam_role_policy;aws_iam_role_policy;aws_iam_role_policy;aws_iam_role_policy;aws_iam_role_policy;aws_iam_role_policy;aws_iam_role_policy;aws_iam_role_policy_attachment;aws_iam_role_policy_attachment;aws_iam_role_policy_attachment,6,2,1,5,1,16.67,50.0,aws_iam_policy_document;aws_iam_policy;aws_iam_policy;aws_iam_policy;aws_iam_policy,aws_region,1,1,0,1,1,0.0,0.0,env_name,environment_name,12,0,0,12,0,0.0,0.0,lambda_iam_policy_vpc_arn;lambda_vpc_iam_role_name;state_machine_iam_role_arn;ecs_events_role_arn;lambda_public_iam_role_name;ecs_events_role_id;ecs_task_role_arn;lambda_iam_policy_public_arn;lambda_public_iam_role_arn;ecs_execution_role_arn;lambda_vpc_iam_role_arn;event_bridge_invoke_sfn_iam_role_arn,
90,iac_benchmark/scenarios/terrads_05edc40999d7,True,5.0,False,15,29,8,7,21,53.33,27.59,aws_iam_role_policy;aws_cloudwatch_event_target;aws_cloudwatch_event_target;aws_cloudwatch_event_target;aws_cloudwatch_event_rule;aws_cloudwatch_event_rule;aws_cloudwatch_event_rule,random_id;aws_codestarconnections_host;aws_kms_key;aws_kms_alias;aws_iam_role_policy_attachment;aws_iam_role_policy_attachment;aws_iam_role_policy_attachment;aws_iam_role_policy_attachment;aws_iam_policy;aws_iam_policy;aws_iam_policy;aws_s3_bucket_server_side_encryption_configuration;aws_s3_bucket_server_side_encryption_configuration;aws_iam_role;aws_iam_role;aws_lambda_function;aws_codebuild_project;aws_s3_bucket_public_access_block;aws_s3_bucket_public_access_block;aws_s3_bucket_versioning;aws_s3_bucket_versioning,4,3,0,4,3,0.0,0.0,aws_iam_policy_document;aws_iam_policy_document;aws_iam_policy_document;aws_codecommit_repository,archive_file;aws_caller_identity;aws_partition,2,1,1,1,0,50.0,100.0,shared_tags,,14,0,0,14,0,0.0,0.0,cloudwatch_cron_trigger_name;default_pipeline_role_arn;cloudwatch_cron_trigger_arn;pipeline_artifact_bucket_arn;pipeline_arn;cloudwatch_tag_trigger_arn;build_cache_bucket_name;build_cache_store_arn;default_pipeline_role_name;cloudwatch_tag_trigger_name;cloudwatch_branch_trigger_arn;cloudwatch_branch_trigger_name;pipeline_name;pipeline_artifact_bucket_name,
91,iac_benchmark/scenarios/terrads_82192fbc1740,True,5.0,False,17,26,17,0,9,100.0,65.38,,aws_cloudwatch_log_group;aws_internet_gateway;aws_kms_key;aws_iam_role_policy_attachment;aws_route_table_association;aws_route_table;aws_subnet;aws_kms_alias;aws_vpc,4,1,0,4,1,0.0,0.0,aws_caller_identity;aws_iam_policy_document;aws_iam_policy_document;aws_iam_policy_document,aws_availability_zones,32,9,6,26,3,18.75,66.67,tags;identity_provider_type;home_directory;home_directory_type;security_groups;efs_security_group_rules;region;enable_user_access_point;throughput_mode;encrypted;subnets;endpoint_type;sftp_domain;create_sftp_security_group;sftp_name;create_iam_role;security_policy_name;eip_ids;efs_name;provided_iam_role_arn;vpc_id;sftp_security_group_rules;efs_security_group_name;sftp_security_group_name;sftp_security_group_ids;create_efs_security_group,vpc_cidr;subnet_cidrs;server_name,14,0,0,14,0,0.0,0.0,efs_file_system_arn;sftp_security_group_id;sftp_server_endpoint;efs_file_system_id;sftp_user_usernames;efs_security_group_id;user_access_points;sftp_elastic_ips;additional_access_points;sftp_server_arn;efs_mount_target_ids;efs_mount_target_dns_names;sftp_server_id;iam_role_arn,
92,iac_benchmark/scenarios_greenfield/terrads_419e0e37caea,True,5.0,False,13,20,10,3,10,76.92,50.0,aws_ram_principal_association;aws_ram_resource_association;aws_ram_resource_share,aws_route53_zone_association;aws_subnet;aws_security_group;aws_route53_resolver_endpoint;aws_route53_resolver_endpoint;aws_vpc;aws_security_group_rule;aws_security_group_rule;aws_security_group_rule;aws_security_group_rule,1,2,1,0,1,100.0,50.0,,aws_availability_zones,14,7,6,8,1,42.86,85.71,custom_resolver_rules;association_zone_ids;dns_vpc;vpc_cidr_block;vpc_id;enable_auto_accept;extra_tags;subnet_ids,vpc_cidr,8,0,0,8,0,0.0,0.0,resolver_endpoints;zones;resolver_rules;custom_resolver_rules;vpc_association_auth;ram;resolver_rules_associations;dns_vpc,
93,iac_benchmark/scenarios/terrads_253bca1f8ff4,True,5.0,False,16,28,15,1,13,93.75,53.57,aws_s3_bucket_website_configuration,aws_kms_key;aws_kms_key;aws_s3_bucket_policy;aws_iam_role_policy_attachment;aws_s3_bucket;aws_s3_bucket;aws_iam_policy;aws_s3_bucket_server_side_encryption_configuration;random_pet;aws_iam_role;aws_s3_bucket_public_access_block;aws_s3_bucket_public_access_block;aws_s3_bucket_versioning,7,5,4,3,1,57.14,80.0,aws_iam_policy_document;aws_iam_policy_document;aws_elb_service_account,aws_partition,35,34,14,21,20,40.0,41.18,tags;request_payer;logging;attach_policy;bucket;intelligent_tiering;attach_lb_log_delivery_policy;attach_public_policy;lifecycle_rule;website;attach_deny_insecure_transport_policy;control_object_ownership;expected_bucket_owner;owner;attach_elb_log_delivery_policy;versioning;object_lock_configuration;cors_rule;server_side_encryption_configuration;attach_require_latest_tls_policy;policy,bucket_name;mfa_delete;custom_bucket_policy;logging_bucket_name;deny_non_ssl_transport;intelligent_tiering_configurations;object_lock_retention_days;kms_master_key_id;sse_algorithm;replication_destination_region;object_lock_retention_mode;versioning_enabled;elb_log_delivery_policy;cors_rules;deny_outdated_tls;logging_prefix;lifecycle_rules;alb_nlb_log_delivery_policy;object_lock_retention_years;payer,8,0,0,8,0,0.0,0.0,s3_bucket_website_endpoint;s3_bucket_hosted_zone_id;s3_bucket_id;s3_bucket_bucket_domain_name;s3_bucket_website_domain;s3_bucket_region;s3_bucket_bucket_regional_domain_name;s3_bucket_arn,
94,iac_benchmark/scenarios_greenfield/terrads_f8f4b2cc757b,True,5.0,False,25,10,5,20,5,20.0,50.0,aws_iam_role_policy;aws_iam_role_policy;aws_iam_role_policy;aws_iam_role_policy;aws_iam_instance_profile;aws_iam_instance_profile;aws_iam_instance_profile;aws_iam_instance_profile;aws_iam_role;aws_iam_role;aws_iam_role;aws_iam_role;aws_iam_role_policy_attachment;aws_iam_role_policy_attachment;aws_iam_role_policy_attachment;aws_iam_role_policy_attachment;aws_iam_role_policy_attachment;aws_iam_role_policy_attachment;aws_iam_role_policy_attachment;aws_iam_role_policy_attachment,aws_s3_bucket_server_side_encryption_configuration;aws_s3_bucket_public_access_block;aws_kms_key;aws_s3_bucket_versioning;aws_s3_bucket,0,1,0,0,1,0.0,0.0,,aws_caller_identity,7,7,7,0,0,100.0,100.0,,,0,0,0,0,0,100.0,100.0,,
95,iac_benchmark/scenarios/gh_7ae21b79,True,5.0,False,12,8,2,10,6,16.67,25.0,aws_vpc_security_group_egress_rule;aws_vpc_security_group_egress_rule;aws_vpc_security_group_egress_rule;aws_vpc_security_group_egress_rule;aws_vpc_security_group_egress_rule;aws_vpc_security_group_ingress_rule;aws_vpc_security_group_ingress_rule;aws_vpc_security_group_ingress_rule;aws_vpc_security_group_ingress_rule;aws_vpc_security_group_ingress_rule,aws_vpc;aws_security_group_rule;aws_security_group_rule;aws_security_group_rule;aws_security_group_rule;aws_security_group,1,0,0,1,0,0.0,0.0,aws_security_group,,21,19,4,17,15,19.05,21.05,tags;enable;prefix_list_enabled;new_sg_egress_rules;sg_description;existing_sg_ingress_rules;name;prefix_list_ids;label_order;new_sg;prefix_list_address_family;new_sg_ingress_rules;managedby;environment;repository;entry;existing_sg_egress_rules,create_module;existing_prefix_list_ids;region;address_family;prefix_list_name;prefix_list_entries;sg_name;ingress_rules_existing;vpc_cidr_block;egress_rules_new;create_new_sg;create_prefix_list;egress_rules_existing;ingress_rules_new;create_before_destroy,5,3,1,4,2,20.0,33.33,security_group_tags;security_group_arn;security_group_id;security_group_name,vpc_id;sg_id
96,iac_benchmark/scenarios/gh_8159ec72,True,5.0,False,14,28,12,2,16,85.71,42.86,aws_ses_event_destination;aws_ses_configuration_set,aws_cloudwatch_log_group;aws_iam_role_policy;aws_sesv2_configuration_set;aws_sesv2_configuration_set_event_destination;aws_kinesis_firehose_delivery_stream;aws_s3_bucket_server_side_encryption_configuration;aws_iam_role;aws_s3_bucket_versioning;aws_sns_topic;aws_sns_topic;aws_sns_topic;aws_sns_topic;aws_ses_identity_notification_topic;aws_ses_identity_notification_topic;aws_s3_bucket;aws_s3_bucket_public_access_block,0,6,0,0,6,0.0,0.0,,aws_caller_identity;aws_partition;aws_iam_policy_document;aws_iam_policy_document;aws_iam_policy_document;aws_region,62,54,1,61,53,1.61,1.85,ses_template_text;ses_event_destination_name;enable_ses_domain_dkim;ses_identity_notification_topic_notification_type;ses_identity_notification_topic_identity;enable_ses_configuration_set;name;ses_receipt_filter_stack;ses_configuration_set_sending_enabled;enable_ses_receipt_rule_set;enable_ses_event_destination;enable_ses_domain_identity_verification;ses_identity_policy_identity;ses_configuration_set_reputation_metrics_enabled;ses_identity_policy_name;ses_receipt_rule_name;ses_receipt_rule_after;ses_domain_mail_from_behavior_on_mx_failure;ses_domain_identity_domains;ses_event_destination_matching_types;enable_ses_active_receipt_rule_set;enable_ses_domain_mail_from;ses_identity_notification_topic_topic_arn;ses_event_destination_configuration_set_name;ses_domain_mail_from_domain;enable_ses_receipt_filter;enable_ses_identity_policy;ses_receipt_rule_set_rule_set_name;ses_receipt_rule_workmail_action;ses_configuration_set_name;ses_receipt_rule_lambda_action;ses_domain_dkim_domain;ses_event_destination_kinesis_destination;enable_ses_template;ses_active_receipt_rule_set_rule_set_name;ses_identity_policy_policy;ses_email_identity_emails;enable_ses_receipt_rule;ses_receipt_rule_sns_action;ses_template_subject;ses_template_html;ses_receipt_rule_add_header_action;enable_ses_domain_identity;ses_event_destination_sns_destination;ses_template_name;ses_identity_notification_topic_include_original_headers;ses_receipt_rule_s3_action;ses_receipt_rule_rule_set_name;ses_receipt_rule_enabled;ses_event_destination_enabled;ses_receipt_rule_bounce_action;enable_ses_email_identity;ses_domain_mail_from_mail_from_domain;ses_configuration_set_delivery_options;ses_receipt_rule_scan_enabled;ses_receipt_rule_stop_action;ses_domain_identity_verification_domain;enable_ses_identity_notification_topic;ses_receipt_rule_tls_policy;ses_event_destination_cloudwatch_destination;ses_receipt_rule_recipients,tags;email_template_name;email_template_subject;event_destination_cloudwatch_log_group_name;configuration_set_name;receipt_rule_recipients;create_configuration_set;event_destination_cloudwatch_log_retention;mail_from_domain_custom;event_destination_destination_type;receipt_filter_policy;domain_identity_domain;identity_policy_actions;mail_from_behavior_on_mx_failure;receipt_rule_tls_policy;identity_policy_principal;receipt_rule_scan_enabled;create_domain_identity;email_template_html;event_destination_sns_topic_name;create_email_template;create_mail_from_domain;create_identity_policy;create_active_rule_set;event_destination_name;receipt_rule_set_name;active_rule_set_name;event_destination_types;create_receipt_rule;notification_topic_delivery_name;email_identity_email;configuration_set_reputation_metrics_enabled;receipt_rule_enabled;identity_policy_name;email_template_text;create_event_destination;create_notification_topic;receipt_rule_actions;create_receipt_rule_set;notification_topic_complaint_name;event_destination_kinesis_firehose_stream_name;receipt_filter_name;configuration_set_tls_policy;mail_from_domain_prefix;create_domain_identity_verification;configuration_set_sending_enabled;notification_topic_bounce_name;service_prefix;create_domain_dkim;receipt_filter_cidr;receipt_rule_name;create_email_identity;create_receipt_filter,27,0,0,27,0,0.0,0.0,ses_domain_dkim_dkim_tokens;ses_identity_notification_topic_id;ses_receipt_rule_arn;ses_event_destination_id;ses_receipt_rule_set_arn;ses_domain_identity_id;ses_domain_identity_arn;ses_template_arn;ses_configuration_set_last_fresh_start;ses_domain_dkim_id;ses_domain_identity_verification_token;ses_receipt_filter_id;ses_identity_policy_id;ses_template_id;ses_domain_identity_verification_arn;ses_receipt_filter_arn;ses_receipt_rule_id;ses_configuration_set_arn;ses_configuration_set_id;ses_email_identity_id;ses_active_receipt_rule_set_arn;ses_domain_mail_from_id;ses_domain_identity_verification_id;ses_active_receipt_rule_set_id;ses_receipt_rule_set_id;ses_email_identity_arn;ses_event_destination_arn,
97,iac_benchmark/scenarios/terrads_b4c86b74a08f,True,5.0,False,28,36,24,4,12,85.71,66.67,aws_iam_role_policy_attachment;aws_route;aws_iam_policy;aws_security_group_rule,aws_iam_role_policy;aws_security_group;aws_kms_key;tls_private_key;aws_route_table_association;tls_self_signed_cert;aws_route_table;aws_lb_listener;aws_lb_listener;aws_kms_alias;aws_acm_certificate;aws_lb,9,1,0,9,1,0.0,0.0,aws_security_groups;aws_iam_policy_document;aws_iam_policy_document;aws_lb_listener;aws_region;aws_lb;aws_kms_secrets;aws_subnets;aws_vpcs,aws_availability_zones,37,21,9,28,12,24.32,42.86,tags;interval;wait_for_steady_state;source_ips;domain;name;image;unhealthy_threshold;retention_in_days;vpc_tags;lb_tags;container_insights_enabled;stickiness;enable_execute_command;matcher;healthy_threshold;timeout;command;subnet_tags;environment;host;health_check_grace_period_seconds;listener_port;lb_enabled;assign_public_ip;target_value;sg_tags;port,enable_load_balancing;stickiness_cookie_duration;host_header;env_vars;container_insights;health_check_timeout;workload_name;health_check_matcher;health_check_interval;stickiness_type;container_image;log_retention_days,1,0,0,1,0,0.0,0.0,id,
98,iac_benchmark/scenarios/terrads_c8bf6bcc3019,True,5.0,False,15,23,15,0,8,100.0,65.22,,aws_iam_role_policy;aws_s3_bucket_server_side_encryption_configuration;aws_kms_key;aws_s3_bucket;aws_s3_bucket_versioning;aws_iam_role_policy_attachment;aws_s3_bucket_public_access_block;aws_iam_policy,3,9,3,0,6,100.0,33.33,,aws_iam_policy_document;aws_iam_policy_document;aws_iam_policy_document;aws_iam_policy_document;aws_iam_policy_document;aws_region,1,1,0,1,1,0.0,0.0,project,project_name,5,0,0,5,0,0.0,0.0,codebuild_role_arn;codedeploy_role_arn;codepipeline_role_arn;codedeploy_instance_profile;cw_agent_instance_profile,
99,iac_benchmark/scenarios_greenfield/terrads_e81b383284fd,True,5.0,False,42,42,42,0,0,100.0,100.0,,,0,0,0,0,0,100.0,100.0,,,1,1,1,0,0,100.0,100.0,,,0,0,0,0,0,100.0,100.0,,
100,iac_benchmark/scenarios_greenfield/terrads_8bad01c5fde3,True,5.0,False,30,28,22,8,6,73.33,78.57,aws_iam_role_policy;aws_iam_role_policy;aws_iam_role_policy;aws_route;aws_security_group_rule;aws_security_group_rule;aws_iam_policy_attachment;aws_iam_policy_attachment,random_id;aws_kms_key;tls_private_key;aws_s3_bucket_server_side_encryption_configuration;aws_s3_bucket_versioning;aws_s3_bucket_public_access_block,11,6,4,7,2,36.36,66.67,aws_iam_policy_document;aws_iam_policy_document;aws_iam_policy_document;aws_iam_policy_document;aws_iam_policy_document;aws_default_tags;aws_ssm_parameter,aws_ami;aws_availability_zones,2,4,0,2,4,0.0,0.0,admin_cidr;public_key,ssh_public_key;admin_cidr_block;environment_name;instance_type,1,0,0,1,0,0.0,0.0,log_bucket,
101,iac_benchmark/scenarios/terrads_f60d1837f9eb,True,5.0,False,26,29,20,6,9,76.92,68.97,aws_network_acl_rule;aws_network_acl_rule;aws_network_acl_rule;aws_network_acl_rule;aws_network_acl;aws_network_acl,aws_cloudwatch_log_group;aws_iam_role_policy_attachment;aws_route;aws_s3_bucket_server_side_encryption_configuration;aws_iam_role;aws_s3_bucket_policy;aws_s3_bucket;aws_iam_policy;aws_s3_bucket_public_access_block,0,8,0,0,8,0.0,0.0,,aws_iam_policy_document;aws_iam_policy_document;aws_iam_policy_document;aws_vpcs;aws_region;aws_caller_identity;aws_vpc;aws_availability_zones,53,23,16,37,7,30.19,69.57,default_route_table_propagating_vgws;private_outbound_acl_rules;default_route_table_tags;dhcp_options_ntp_servers;nat_gateways;aws_network_acls;enable_network_address_usage_metrics;default_security_group_egress;dhcp_options_tags;default_network_acl_egress;igw_tags;ipv6_cidr;default_security_group_ingress;default_network_acl_ingress;dhcp_options_netbios_node_type;create_egress_only_igw;ipv6_cidr_block_network_border_group;private_route_tables;private_dedicated_network_acl;ipv6_ipam_pool_id;private_inbound_acl_rules;enable_dhcp_options_association;default_route_table_routes;aws_flow_logs;public_route_tables;dhcp_options_netbios_name_servers;public_subnet_ipv6_prefixes;use_ipam_pool;default_network_acl_tags;private_subnet_ipv6_prefixes;private_acl_tags;default_security_group_tags;ipv6_netmask_length;cidr;dhcp_options_id;instance_tenancy;create_dhcp_options,flow_log_custom_format;flow_log_aggregation_interval;vpc_cidr;flow_log_s3_bucket_name_prefix;flow_log_traffic_type;flow_log_destination_type;vpc_id,3,0,0,3,0,0.0,0.0,vpc_cidr_block;vpc_id;vpc_arn,
102,iac_benchmark/scenarios/terrads_b86b0244fd6d,True,5.0,False,14,22,13,1,9,92.86,59.09,aws_transfer_server,aws_cloudwatch_log_group;aws_iam_role_policy;aws_kms_key;aws_kms_alias;aws_s3_bucket;aws_s3_bucket_server_side_encryption_configuration;aws_security_group_rule;aws_s3_bucket_versioning;aws_s3_bucket_public_access_block,1,2,0,1,2,0.0,0.0,aws_route53_zone,aws_caller_identity;aws_availability_zones,27,18,7,20,11,25.93,38.89,tags;sftp_users_ssh_key;function_arn;hosted_zone;name;passive_ip;endpoint_details;set_stat_option;protocols;cloudwatch_log_group_arns;as2_transports;invocation_role;logging_role;directory_id;api_gw_url;tls_session_resumption_mode;storage_type;sftp_sub_domain;sftp_type;force_destroy,logging_role_arn;security_group_ids;protocol_details;endpoint_type;user_ssh_keys;vpc_id;route53_zone_id;api_gateway_auth;server_name;route53_subdomain;subnet_ids,6,0,0,6,0,0.0,0.0,domain_name;arn;endpoint;sftp_eip;id;sftp_sg_id,
103,iac_benchmark/scenarios/terrads_ec610e61db0b,True,5.0,False,39,49,34,5,15,87.18,69.39,aws_iam_role_policy_attachment;aws_iam_role_policy_attachment;aws_iam_role_policy_attachment;aws_iam_policy;aws_iam_policy,aws_iam_role_policy;aws_security_group;aws_kms_key;aws_vpc_endpoint;aws_vpc_endpoint;aws_vpc_endpoint;aws_vpc_endpoint;aws_security_group_rule;aws_security_group_rule;aws_security_group_rule;aws_security_group_rule;aws_security_group_rule;aws_security_group_rule;aws_security_group_rule;null_resource,4,9,2,2,7,50.0,22.22,aws_security_groups;external,aws_iam_policy_document;aws_iam_policy_document;aws_iam_policy_document;aws_iam_policy_document;aws_iam_policy_document;aws_region;aws_ami,6,4,3,3,1,50.0,75.0,MD_CLUSTER_REGION;SECRET_ACCESS_KEY;ACCESS_KEY_ID,aws_region,6,0,0,6,0,0.0,0.0,private_subnets;public_subnets;vpc_cidr;vpc_id;subnet_group_id;eks_cluster_oicd_url,
104,iac_benchmark/scenarios/terrads_83b303c27ebb,True,5.0,False,12,23,3,9,20,25.0,13.04,aws_s3_bucket_acl;aws_s3_bucket_website_configuration;aws_s3_bucket_lifecycle_configuration;aws_s3_bucket_request_payment_configuration;aws_s3_bucket_cors_configuration;aws_s3_bucket_object_lock_configuration;aws_s3_bucket_logging;aws_s3_bucket_policy;aws_s3_bucket_accelerate_configuration,aws_iam_role_policy;aws_transfer_user;aws_security_group;aws_kms_key;aws_iam_role_policy_attachment;aws_iam_role_policy_attachment;aws_efs_mount_target;aws_route53_record;aws_iam_role;aws_iam_role;aws_iam_role;aws_eip;aws_subnet;aws_transfer_server;aws_iam_policy;aws_vpc;random_pet;aws_efs_file_system;aws_transfer_ssh_key;aws_s3_bucket_public_access_block,0,6,0,0,6,0.0,0.0,,aws_subnet;aws_route53_zone;aws_region;aws_caller_identity;aws_vpc;aws_availability_zones,49,14,1,48,13,2.04,7.14,tags;lifecycle_days_to_deep_archive_transition;lifecycle_expiration_enabled;request_payer;error_document;logging;lifecycle_days_to_glacier_transition;create_bucket;lifecycle_infrequent_storage_object_prefix;mfa_delete;name;lifecycle_infrequent_storage_transition_enabled;aws_iam_policy_document;lifecycle_glacier_transition_enabled;label_order;bucket_policy;target_bucket;kms_master_key_id;enable_lifecycle_configuration_rules;sse_algorithm;delimiter;lifecycle_glacier_object_prefix;acl_grants;acl;routing_rule;lifecycle_deep_archive_object_prefix;owner_id;website_config_enable;attributes;redirect;enable_server_side_encryption;versioning;managedby;lifecycle_days_to_infrequent_storage_transition;object_lock_configuration;lifecycle_deep_archive_transition_enabled;target_prefix;environment;bucket_prefix;lifecycle_configuration_rules;enable_kms;acceleration_status;repository;cors_rule;index_document;lifecycle_days_to_expiration;grants;lifecycle_expiration_object_prefix,identity_provider_type;logging_role_arn;security_group_ids;hosted_zone;address_allocation_ids;endpoint_type;vpc_cidr;security_policy_name;storage_domain;sftp_users;subdomain_prefix;server_name;subnet_ids,4,0,0,4,0,0.0,0.0,tags;arn;bucket_domain_name;id,
105,iac_benchmark/scenarios_greenfield/terrads_ce5484f81fb0,True,5.0,False,18,22,0,18,22,0.0,0.0,aws_nat_gateway;aws_internet_gateway;aws_subnet;aws_subnet;aws_network_acl_rule;aws_network_acl_rule;aws_network_acl_rule;aws_network_acl_rule;aws_route_table_association;aws_route_table_association;aws_route;aws_route;aws_vpc;aws_network_acl;aws_network_acl;aws_route_table;aws_route_table;aws_eip,aws_s3_bucket_logging;random_id;aws_s3_bucket_ownership_controls;aws_s3_bucket_ownership_controls;aws_s3_bucket_acl;aws_s3_bucket_acl;aws_s3_bucket_acl;aws_s3_bucket_website_configuration;aws_kms_key;aws_s3_bucket_policy;aws_s3_bucket;aws_s3_bucket;aws_s3_bucket_lifecycle_configuration;aws_s3_bucket_accelerate_configuration;aws_s3_bucket_server_side_encryption_configuration;aws_s3_bucket_server_side_encryption_configuration;aws_s3_bucket_request_payment_configuration;aws_s3_bucket_cors_configuration;aws_s3_bucket_public_access_block;aws_s3_bucket_public_access_block;aws_s3_bucket_versioning;aws_s3_bucket_object_lock_configuration,2,3,0,2,3,0.0,0.0,aws_region;aws_availability_zones,aws_caller_identity;aws_iam_policy_document;aws_canonical_user_id,5,23,0,5,23,0.0,0.0,num_availability_zones;create_public_subnets;create_nat_gateway;vpc_name;create_private_subnets,acl;request_payer;website_config;cors_rules;logging;attributes;object_lock_enabled;create_bucket;versioning;managedby;lifecycle_rules;name;bucket_policy;object_lock_configuration;target_prefix;environment;bucket_prefix;acceleration_status;repository;force_destroy;target_bucket;grants;kms_master_key_id,16,0,0,16,0,0.0,0.0,nat_gateway_public_ip;num_availability_zones;num_nat_gateways;public_subnet_route_table_id;private_subnets;public_subnets;private_subnet_cidr_blocks;availability_zones;public_subnet_ids;private_subnet_route_table_id;vpc_name;vpc_cidr_block;vpc_id;private_subnet_ids;public_subnet_cidr_blocks;public_subnets_network_acl_id,
106,iac_benchmark/scenarios/terrads_01d04d611b22,True,5.0,False,14,14,8,6,6,57.14,57.14,aws_vpc_security_group_ingress_rule;aws_vpc_security_group_ingress_rule;aws_vpc_security_group_ingress_rule;aws_vpc_security_group_ingress_rule;aws_vpc_security_group_egress_rule;aws_vpc_security_group_egress_rule,aws_route;aws_route;aws_security_group_rule;aws_security_group_rule;aws_security_group_rule;aws_security_group_rule,0,1,0,0,1,0.0,0.0,,aws_availability_zones,11,3,1,10,2,9.09,33.33,aws_profile;environment;aws_region;sn_details;enable_dns_hostnames;enable_dns_support;instance_tenancy;ipv4_subnets_new_bits;vpc_ip4_cidr_block;ipv6_subnets_new_bits,vpc_cidr;ssh_allowed_cidr,9,0,0,9,0,0.0,0.0,app_sg_id;vpc_id;vpc_arn;vpc_default_network_acl_id;web_sg_id;db_sg_id;vpc_ip4_cidr_block;subnets_ids;vpc_ipv6_cidr_block,
107,iac_benchmark/scenarios/gh_3a4dde50,True,5.0,False,12,26,0,12,26,0.0,0.0,aws_waf_regex_pattern_set;aws_waf_rule_group;aws_waf_rate_based_rule;aws_waf_byte_match_set;aws_waf_size_constraint_set;aws_waf_geo_match_set;aws_waf_sql_injection_match_set;aws_waf_rule;aws_waf_ipset;aws_waf_web_acl;aws_waf_regex_match_set;aws_waf_xss_match_set,aws_wafregional_regex_match_set;random_id;aws_kms_key;aws_wafregional_byte_match_set;aws_iam_role_policy_attachment;aws_iam_role_policy_attachment;aws_s3_bucket_server_side_encryption_configuration;aws_kinesis_firehose_delivery_stream;aws_wafregional_sql_injection_match_set;aws_iam_role;aws_wafregional_xss_match_set;aws_wafregional_rule;aws_s3_bucket_versioning;aws_wafregional_regex_pattern_set;aws_wafregional_rate_based_rule;aws_wafregional_rule_group;time_sleep;aws_wafregional_size_constraint_set;aws_kms_alias;aws_s3_bucket;aws_iam_policy;aws_iam_policy;aws_wafregional_ipset;aws_wafregional_geo_match_set;aws_wafregional_web_acl;aws_s3_bucket_public_access_block,0,0,0,0,0,100.0,100.0,,,47,31,1,46,30,2.13,3.23,tags;waf_rate_based_rule_metric_name;waf_web_acl_metric_name;enable_waf_byte_match_set;waf_rule_name;waf_geo_match_set_geo_match_constraint;enable_waf_rate_based_rule;name;waf_rate_based_rule_rate_key;waf_web_acl_logging_configuration;enable_waf_regex_match_set;waf_rule_group_name;enable_waf_rule_group;waf_web_acl_name;waf_xss_match_set_xss_match_tuples;waf_geo_match_set_name;waf_regex_match_set_regex_match_tuple;enable_waf_sql_injection_match_set;waf_ipset_name;enable_waf_xss_match_set;waf_regex_pattern_set_name;waf_rule_group_activated_rule;enable_waf_geo_match_set;waf_xss_match_set_name;waf_web_acl_default_action;enable_waf_web_acl;waf_rule_metric_name;waf_rate_based_rule_predicates;sql_injection_match_tuples;waf_byte_match_set_byte_match_tuples;waf_sql_injection_match_set_name;waf_rate_based_rule_rate_limit;waf_size_constraint_set_name;waf_rule_predicates;waf_size_constraint_set_size_constraints;waf_rate_based_rule_name;waf_regex_pattern_set_regex_pattern_strings;waf_ipset_ip_set_descriptors;waf_regex_match_set_name;waf_web_acl_rules;waf_rule_group_metric_name;waf_byte_match_set_name;enable_waf_size_constraint_set;enable_waf_regex_pattern_set;enable_waf_ipset;enable_waf_rule,enable_rule_group;enable_rate_based_rule;service_name;enable_byte_match_set;geo_match_set_name;regex_match_set_name;enable_regex_match_set;rate_limit;standard_rule_name;redacted_fields;byte_match_set_name;size_constraint_set_name;web_acl_name;web_acl_rule_associations;rate_based_rule_name;enable_sql_injection_match_set;enable_web_acl;enable_regex_pattern_set;ipset_name;enable_ipset;xss_match_set_name;regex_pattern_set_name;enable_size_constraint_set;enable_geo_match_set;sql_injection_match_set_name;enable_standard_rule;web_acl_default_action;rule_group_name;enable_xss_match_set;rate_key,22,0,0,22,0,0.0,0.0,waf_byte_match_set_id;waf_regex_pattern_set_id;waf_regex_match_set_arn;waf_web_acl_id;waf_xss_match_set_arn;waf_rate_based_rule_arn;waf_size_constraint_set_arn;waf_rate_based_rule_id;waf_regex_pattern_set_arn;waf_rule_group_id;waf_ipset_arn;waf_sql_injection_match_set_id;waf_xss_match_set_id;waf_ipset_id;waf_rule_id;waf_rule_arn;waf_geo_match_set_id;waf_rule_group_arn;waf_web_acl_arn;waf_size_constraint_set_id;waf_geo_match_set_arn;waf_regex_match_set_id,
108,iac_benchmark/scenarios_greenfield/terrads_eb98ef1eb786,True,5.0,False,15,21,15,0,6,100.0,71.43,,aws_security_group;aws_kms_key;aws_subnet;aws_subnet;aws_kms_alias;aws_vpc,3,2,1,2,1,33.33,50.0,aws_iam_role;aws_iam_policy_document,aws_availability_zones,24,5,0,24,5,0.0,0.0,deletion_window_in_days;tags;block_public_policy;endpoint;enabled;versioning_enabled;ignore_public_acls;sns_topic_name;bucket_name;restrict_public_buckets;security_group_ids;region;protocol;canaries_with_vpc;cloudwatch_metric_alarms_enabled;cors_configuration;kms_key_alias;enable_key_rotation;custom_kms_policy;block_public_acls;force_destroy;subnet_ids;bucket_key_enabled;sse_algorithm,email_endpoint;enable_kms_key;create_vpc;canary_configurations;bucket_versioning_enabled,1,0,0,1,0,0.0,0.0,canary_arns,
109,iac_benchmark/scenarios/terrads_a78e858914da,True,5.0,False,15,16,15,0,1,100.0,93.75,,null_resource,0,0,0,0,0,100.0,100.0,,,25,19,12,13,7,48.0,63.16,private_subnets;igw_tags;azs;name;vpc_tags;private_subnet_tags;enable_nat_gateway;public_subnets;intra_subnet_tags;intra_subnets;cidr;nat_gateway_tags;public_subnet_tags,create_nat_gateway;private_subnet_cidrs;public_subnet_cidrs;vpc_cidr;intra_subnet_cidrs;availability_zones;vpc_id,13,9,4,9,5,30.77,44.44,private_subnet_cidr_blocks;nat_public_ips;vpc_cidr_block;azs;natgw_ids;name;intra_subnet_cidr_blocks;igw_id;public_subnet_cidr_blocks,intra_route_table_id;public_route_table_id;internet_gateway_id;nat_gateway_ids;private_route_table_ids
110,iac_benchmark/scenarios_greenfield/terrads_c1a6092a4ca9,True,5.0,False,32,51,30,2,21,93.75,58.82,aws_api_gateway_base_path_mapping;aws_api_gateway_domain_name,aws_internet_gateway;aws_security_group;aws_security_group;terraform_data;aws_eip;aws_api_gateway_integration_response;aws_lb_target_group;aws_acm_certificate_validation;aws_vpc;aws_lb;aws_iam_role_policy;aws_nat_gateway;aws_route_table_association;aws_route_table_association;aws_route_table;aws_route_table;aws_lb_listener;aws_subnet;aws_subnet;aws_api_gateway_method_response;aws_acm_certificate,8,8,3,5,5,37.5,37.5,aws_iam_policy_document;aws_acm_certificate;aws_subnets;aws_subnets;aws_route53_zone,aws_vpcs;aws_caller_identity;aws_region;aws_network_interface;aws_availability_zones,16,13,2,14,11,12.5,15.38,tags;target_arn;domains;api_description;create_dns_record;create_api_key;custom_authorizers;name;routes;open_api_file;vpc_link_target_id;create_vpc_link;allowed_ips;vpc_link_target_port,vpc_cidr;vpc_link_enabled;ip_source_restriction;api_name;lambda_authorizer;rest_resources;vpc_id;nlb_port;http_routes;rest_methods;custom_domain,1,0,0,1,0,0.0,0.0,api_gateway_domain_targets,
111,iac_benchmark/scenarios/terrads_b399f0e51686,True,5.0,False,13,14,11,2,3,84.62,78.57,aws_kms_key_policy;random_string,random_id;aws_s3_bucket_server_side_encryption_configuration;aws_s3_bucket_public_access_block,3,2,2,1,0,66.67,100.0,aws_partition,,18,17,7,11,10,38.89,41.18,bucket_force_destroy;cloudtrail_name;enable_s3_bucket_versioning;sns_topic_name;decrypt_role_arn;data_resources;rw_type;is_multi_region_trail;insight_selector;include_global_service_events;data_resource_type,insight_selectors;trail_name;log_decryption_role_arn;read_write_type;include_global_events;enable_bucket_versioning;is_multi_region;data_resource_selectors;force_destroy;kms_alias_prefix,8,0,0,8,0,0.0,0.0,sns_topic_arn;cloudwatch_log_group_arn;cloudtrail_id;kms_key_arn;s3_bucket_id;cloudtrail_arn;kms_key_id;s3_bucket_arn,
112,iac_benchmark/scenarios/terrads_5d2d473593dc,True,4.0,False,10,15,10,0,5,100.0,66.67,,aws_kms_key;aws_wafv2_web_acl;aws_s3_bucket_server_side_encryption_configuration;aws_route53_record;aws_s3_bucket_public_access_block,3,3,2,1,1,66.67,66.67,aws_iam_policy_document,aws_caller_identity,12,5,1,11,4,8.33,20.0,s3_bucket_versioning;aws_profile;aws_default_tags;aws_region;cloudfront_minimum_protocol_version;domain_name_with_www;cloudfront_price_class;cloudfront_default_root_object;cloudfront_custom_error_responses;hostedzone_id;s3_bucket_custom_name,custom_bucket_name;create_www_alias;hosted_zone_id;bucket_versioning,6,0,0,6,0,0.0,0.0,acm_certificate_id;cloudfront_distribution_id;cloudfront_domain_name;s3_bucket_arn;web_url;s3_bucket_id,
113,iac_benchmark/scenarios_greenfield/terrads_9db354f8baad,True,5.0,False,17,16,16,1,0,94.12,100.0,aws_route,,0,1,0,0,1,0.0,0.0,,aws_region,29,5,3,26,2,10.34,60.0,vpc_cidr_base;aws_azs;internet_gateway_tags;aws_region;private_route_table_tags;s3_vpc_endpoint_policy;vpc_enable_dns_support;private_working_subnet_cidrs;public_subnet_parent_cidr;private_working_subnet_tags;vpc_instance_tenancy;admin_subnet_parent_cidr;private_prod_subnet_parent_cidr;admin_subnet_tags;private_prod_subnet_tags;az_count;global_tags;public_subnet_cidrs;aws_vpc_name;private_prod_subnet_cidrs;admin_subnet_cidrs;public_route_table_tags;public_subnet_tags;s3_vpc_endpoint_route_table_ids;private_working_subnet_parent_cidr;vpc_enable_dns_hostnames,region;azs,11,0,0,11,0,0.0,0.0,aws_route_table_private_ids;aws_vpc_cidr;aws_subnet_private_prod_ids;aws_subnet_admin_ids;aws_vpc_id;aws_nat_gateway_ids;aws_nat_gateway_count;aws_subnet_public_ids;aws_route_table_public_ids;aws_eip_nat_ips;aws_subnet_private_working_ids,
114,iac_benchmark/scenarios_greenfield/terrads_e9ee10871093,True,5.0,False,38,36,30,8,6,78.95,83.33,aws_iam_role_policy_attachment;aws_db_parameter_group;aws_vpc_security_group_egress_rule;aws_vpc_security_group_egress_rule;aws_vpc_security_group_egress_rule;aws_vpc_security_group_ingress_rule;aws_vpc_security_group_ingress_rule;aws_vpc_security_group_ingress_rule,aws_cloudwatch_log_group;aws_nat_gateway;aws_iam_role_policy;aws_eip;aws_secretsmanager_secret_version;aws_secretsmanager_secret,0,1,0,0,1,0.0,0.0,,aws_availability_zones,6,3,0,6,3,0.0,0.0,aws_region;application_name;github_account;application_health_check_path;application_port;aws_availability_zones,health_check_path;github_org;app_port,4,0,0,4,0,0.0,0.0,aws_region;ecs_cluster_name;github_actions_role_arn;alb_dns_name,
115,iac_benchmark/scenarios/terrads_b0e51505c9db,True,4.0,False,16,8,6,10,2,37.5,75.0,aws_iam_role_policy_attachment;aws_iam_role_policy_attachment;aws_iam_role_policy_attachment;aws_iam_role_policy_attachment;aws_iam_role_policy_attachment;aws_iam_policy;aws_iam_policy;aws_iam_policy;aws_iam_policy;aws_iam_policy,random_password;aws_secretsmanager_secret_version,7,4,1,6,3,14.29,25.0,aws_iam_policy_document;aws_iam_policy_document;aws_iam_policy_document;aws_iam_policy_document;aws_iam_policy_document;aws_iam_policy_document,aws_region;aws_caller_identity;aws_availability_zones,3,3,3,0,0,100.0,100.0,,,4,4,0,4,4,0.0,0.0,machine_role;machine_profile;secretmanager_names;vault_key_id,vault_kms_key_id;instance_profile_names;secret_names;machine_role_names
116,iac_benchmark/scenarios/terrads_68c4380b53f2,True,4.0,False,12,10,10,2,0,83.33,100.0,aws_route;aws_route,,1,0,0,1,0,0.0,0.0,aws_region,,10,2,1,9,1,10.0,50.0,azs;elluis_vpc_cidr_block;aws_region;enable_dns_support;enable_classiclink;instance_tenancy;aws_version;enable_dns_hostnames;region_az_short_names,az_offsets,4,0,0,4,0,0.0,0.0,private_subnet_ids;vpc;public_route_table_ids;public_subnet_ids,
117,iac_benchmark/scenarios/terrads_858f5e6cf636,True,5.0,False,13,30,8,5,22,61.54,26.67,aws_kms_key;aws_s3_object;aws_s3_object;random_string;aws_guardduty_detector,aws_s3_bucket_logging;aws_s3_bucket_replication_configuration;aws_s3_bucket_policy;aws_s3_bucket_policy;aws_kms_replica_key;aws_s3_bucket;aws_s3_bucket;aws_s3_bucket;aws_s3_bucket;aws_s3_bucket_server_side_encryption_configuration;aws_s3_bucket_server_side_encryption_configuration;aws_s3_bucket_server_side_encryption_configuration;aws_s3_bucket_server_side_encryption_configuration;null_resource;aws_s3_bucket_versioning;aws_s3_bucket_versioning;aws_s3_bucket_versioning;aws_s3_bucket_versioning;aws_s3_bucket_public_access_block;aws_s3_bucket_public_access_block;aws_s3_bucket_public_access_block;aws_s3_bucket_public_access_block,7,4,2,5,2,28.57,50.0,aws_iam_policy_document;aws_iam_policy_document;aws_iam_policy_document;aws_iam_policy_document;aws_iam_policy_document,aws_partition;aws_guardduty_detector,15,9,1,14,8,6.67,11.11,tags;enable_malware_protection;guardduty_s3_bucket;enable_s3_protection;filter_config;enable_kubernetes_protection;guardduty_bucket_acl;enable_guardduty;ipset_config;enable_snapshot_retention;finding_publishing_frequency;publishing_config;threatintelset_config;publish_to_s3,enable_s3_publishing;primary_region;ip_sets;enable_ec2_malware_scanning;publishing_destinations;threat_intel_sets;finding_filters;ebs_snapshot_retention,10,0,0,10,0,0.0,0.0,guardduty_publishing;guardduty_s3_bucket;guardduty_log_bucket;guardduty_detector;guardduty_filter;guardduty_replica_bucket;guardduty_ipset;guardduty_kms_replica_key;guardduty_threatintelset;guardduty_kms_key,
118,iac_benchmark/scenarios/terrads_78b2234acc8f,True,3.0,False,9,28,2,7,26,22.22,7.14,aws_iam_role_policy_attachment;aws_iam_role_policy_attachment;aws_iam_role_policy_attachment;aws_iam_role_policy_attachment;aws_iam_instance_profile;aws_iam_role;aws_iam_role,aws_s3_bucket_logging;aws_guardduty_filter;aws_s3_bucket_replication_configuration;aws_kms_key;aws_s3_bucket_policy;aws_kms_replica_key;aws_guardduty_threatintelset;aws_s3_bucket;aws_s3_bucket;aws_s3_bucket;aws_iam_policy;aws_s3_object;aws_s3_object;aws_s3_bucket_server_side_encryption_configuration;aws_s3_bucket_server_side_encryption_configuration;aws_s3_bucket_server_side_encryption_configuration;aws_guardduty_ipset;null_resource;null_resource;aws_s3_bucket_versioning;aws_s3_bucket_versioning;aws_s3_bucket_versioning;aws_s3_bucket_public_access_block;aws_s3_bucket_public_access_block;aws_s3_bucket_public_access_block;aws_guardduty_publishing_destination,3,4,0,3,4,0.0,0.0,aws_iam_policy_document;aws_iam_policy_document;aws_iam_policy_document,aws_region;aws_partition;aws_caller_identity;aws_guardduty_detector,2,13,1,1,12,50.0,7.69,name_prefix,region;enable_ebs_snapshot_retention;threat_intel_set_content_path;environment;guardduty_filters;publishing_destination_enabled;ip_set_content_path;ip_sets;configure_threat_intel_sets;replica_region;threat_intel_sets;configure_ip_sets,12,0,0,12,0,0.0,0.0,emr_role_name;ec2_role_name;emr_role_unique_id;ec2_autoscaling_role_name;ec2_instance_profile_arn;ec2_role_unique_id;emr_role_arn;ec2_instance_profile_name;ec2_role_arn;ec2_autoscaling_role_unique_id;ec2_autoscaling_role_arn;ec2_instance_profile_id,
119,iac_benchmark/scenarios/terrads_a67a58967c46,True,3.0,False,8,4,2,6,2,25.0,50.0,aws_iam_user_policy_attachment;aws_iam_user_policy_attachment;aws_iam_user_policy_attachment;aws_iam_policy;aws_iam_policy;aws_iam_policy,aws_iam_user_policy;aws_iam_user_policy,3,0,0,3,0,0.0,0.0,aws_iam_policy_document;aws_iam_policy_document;aws_iam_policy_document,,2,2,1,1,1,50.0,50.0,username,postman_user_name,4,2,1,3,1,25.0,50.0,access_key_secret;user_name;user_arn,secret_access_key
120,iac_benchmark/scenarios/terrads_16c051534cd7,True,3.0,False,10,10,10,0,0,100.0,100.0,,,1,3,1,0,2,100.0,33.33,,aws_iam_policy_document;aws_iam_policy_document,1,1,1,0,0,100.0,100.0,,,5,0,0,5,0,0.0,0.0,node_instance_profile_name;node_role_id;master_role_arn;master_role_id;node_role_arn,
121,iac_benchmark/scenarios/terrads_2bd05651769e,True,3.0,False,8,8,7,1,1,87.5,87.5,aws_vpc,aws_route,0,3,0,0,3,0.0,0.0,,aws_vpc;aws_vpcs;aws_availability_zones,11,4,0,11,4,0.0,0.0,priv_sub_tag;rtb_tag;pub_sub_cidr;cidr_range;sg_apache_tag;pub_sub_tag;vpc_tag;priv_sub_cidr;igw_tag;sg_rds_tag;public_rules,private_subnet_cidr;environment_tags;public_subnet_cidr;web_server_ingress_rules,4,0,0,4,0,0.0,0.0,sg_rds_output;public_subnet_output;sg_webserver_output;private_subnet_output,
122,iac_benchmark/scenarios/terrads_18e633ed9d1b,True,3.0,False,8,8,8,0,0,100.0,100.0,,,1,0,0,1,0,0.0,0.0,aws_iam_policy_document,,1,1,1,0,0,100.0,100.0,,,0,0,0,0,0,100.0,100.0,,
123,iac_benchmark/scenarios/terrads_d5f4e13c4cbd,True,4.0,False,11,8,5,6,3,45.45,62.5,aws_iam_group_policy_attachment;aws_iam_group_policy_attachment;aws_iam_role_policy_attachment;aws_iam_policy;aws_iam_policy;aws_iam_policy,aws_iam_role_policy;aws_iam_group_policy;aws_iam_group_policy,4,1,1,3,0,25.0,100.0,aws_iam_policy_document;aws_iam_policy_document;aws_iam_policy,,3,1,0,3,1,0.0,0.0,tags-to-value;region;name,name_prefix,3,0,0,3,0,0.0,0.0,read-only-group;mfa-superadmin-group;default-group,
124,iac_benchmark/scenarios/terrads_9e572059444f,True,4.0,False,13,4,3,10,1,23.08,75.0,aws_iam_role;aws_iam_role;aws_iam_role;aws_iam_role;aws_iam_role;aws_iam_role_policy_attachment;aws_iam_role_policy_attachment;aws_iam_role_policy_attachment;aws_iam_role_policy_attachment;aws_iam_role_policy_attachment,aws_iam_policy,1,0,0,1,0,0.0,0.0,aws_caller_identity,,0,4,0,0,4,0.0,0.0,,oidc_provider_thumbprint;oidc_provider_url;clusters;operator_policy_documents,0,0,0,0,0,100.0,100.0,,
125,iac_benchmark/scenarios/terrads_234fc0148fb8,True,4.0,False,22,27,22,0,5,100.0,81.48,,aws_secretsmanager_secret_version;aws_secretsmanager_secret_version;aws_iam_role_policy_attachment;aws_secretsmanager_secret;aws_secretsmanager_secret,4,3,3,1,0,75.0,100.0,aws_iam_policy_document,,0,0,0,0,0,100.0,100.0,,,0,0,0,0,0,100.0,100.0,,
126,iac_benchmark/scenarios/terrads_1376de37aca5,True,4.0,False,12,13,9,3,4,75.0,69.23,aws_iam_group_membership;aws_iam_group_membership;aws_iam_policy,aws_iam_user;aws_iam_user;aws_iam_user_group_membership;aws_iam_user_group_membership,4,4,4,0,0,100.0,100.0,,,8,7,5,3,2,62.5,71.43,other_group_name;other_user_names;admin_name,name;non_admin_user_names,13,0,0,13,0,0.0,0.0,group_other_path;group_admin_name;group_admin_path;group_other_users;role_admin_arn;role_admin_id;group_other_id;group_admin_users;group_other_name;group_other_arn;group_admin_id;group_admin_arn;role_admin_name,
127,iac_benchmark/scenarios/terrads_319adcef4c22,True,4.0,False,18,14,0,18,14,0.0,0.0,aws_internet_gateway;aws_vpc;aws_route_table;aws_route_table;aws_subnet;aws_subnet;aws_subnet;aws_subnet;aws_subnet;aws_subnet;aws_security_group;aws_security_group;aws_route_table_association;aws_route_table_association;aws_route_table_association;aws_route_table_association;aws_route_table_association;aws_route_table_association,aws_iam_group_membership;aws_iam_group_membership;aws_iam_group;aws_iam_group;aws_iam_group_policy_attachment;aws_iam_group_policy_attachment;aws_iam_group_policy_attachment;aws_iam_role;aws_iam_user;aws_iam_user;aws_iam_role_policy_attachment;aws_iam_policy;aws_iam_policy;aws_iam_policy,0,5,0,0,5,0.0,0.0,,aws_caller_identity;aws_iam_policy_document;aws_iam_policy_document;aws_iam_policy_document;aws_iam_policy_document,17,9,0,17,9,0.0,0.0,vpc_cidr;vpc_sn_az2;vpc_sn_az2_pub_cidr;vpc_cidr_all;vpc_sg_port_all;vpc_sn_az2_priv2_cidr;vpc_sg_protocol_any;vpc_sn_pub_map_public_ip_on_launch;vpc_dns_hostnames;vpc_sn_az1_priv1_cidr;vpc_sg_protocol_tcp;vpc_sn_az2_priv1_cidr;vpc_sg_port_ssh;vpc_sg_port_http;vpc_sn_az1_priv2_cidr;vpc_sn_az1_pub_cidr;vpc_sn_az1,tags;other_users;attributes;namespace;admin_group_name;environment;admin_role_name;admin_users;other_group_name,9,0,0,9,0,0.0,0.0,vpc_sn_az2_priv1_id;vpc_sn_az1_priv2_id;vpc_id;vpc_sn_az2_priv2_id;vpc_sn_az1_priv1_id;vpc_sg_priv_id;vpc_sn_az1_pub_id;vpc_sg_pub_id;vpc_sn_az2_pub_id,
128,iac_benchmark/scenarios_greenfield/gh_ca1f02c4,True,5.0,False,30,28,25,5,3,83.33,89.29,terraform_data;terraform_data;terraform_data;terraform_data;terraform_data,aws_ram_principal_association;aws_organizations_organization;null_resource,1,9,0,1,9,0.0,0.0,aws_caller_identity,aws_iam_policy_document;aws_iam_policy_document;aws_iam_policy_document;aws_iam_policy_document;aws_iam_policy_document;aws_iam_policy_document;aws_iam_policy_document;aws_iam_policy_document;aws_iam_policy_document,20,20,5,15,15,25.0,25.0,enable_scp_deny_leave_organization;enable_scps;enable_scp_deny_unapproved_regions;enable_scp_deny_deactivate_mfa;enable_scp_deny_root_usage;enable_ram_org_sharing;enable_backup_policies;enable_scp_deny_disable_security;enable_tag_policies;enable_scp_deny_public_ami;enable_ai_opt_out_policy;enable_scp_deny_imdsv1;enable_scp_enforce_encryption;enable_scp_deny_delete_flow_logs;scp_target_ou_ids,enable_root_deny;enable_ram_share;enable_ai_opt_out;enable_public_ami_snapshot_restrict;enable_security_protection;enable_org_leave_restriction;enable_flow_log_protection;enable_imdsv2_enforcement;enable_guardrails;enable_region_restriction;organization_targets;enable_mfa_protection;enable_tag_policy;enable_encryption_enforcement;enable_backup_policy,12,0,0,12,0,0.0,0.0,deny_root_usage_scp_id;deny_disable_security_scp_id;enforce_encryption_scp_id;deny_unapproved_regions_scp_id;deny_deactivate_mfa_scp_id;deny_imdsv1_scp_id;tag_policy_id;backup_policy_id;ai_opt_out_policy_id;deny_public_ami_scp_id;deny_delete_flow_logs_scp_id;deny_leave_organization_scp_id,
129,iac_benchmark/scenarios_greenfield/terrads_ad4506b9624e,True,5.0,False,39,40,29,10,11,74.36,72.5,aws_route;aws_route;aws_security_group_rule;aws_security_group_rule;aws_security_group_rule;aws_security_group_rule;aws_security_group_rule;aws_security_group_rule;aws_security_group_rule;aws_security_group_rule,aws_network_acl_association;aws_network_acl_association;aws_vpc_security_group_egress_rule;aws_vpc_security_group_egress_rule;aws_vpc_security_group_egress_rule;aws_route_table_association;aws_vpc_security_group_ingress_rule;aws_vpc_security_group_ingress_rule;aws_vpc_security_group_ingress_rule;aws_vpc_security_group_ingress_rule;aws_vpc_security_group_ingress_rule,1,1,1,0,0,100.0,100.0,,,4,3,2,2,1,50.0,66.67,tags;vpc_cidr,additional_tags,14,0,0,14,0,0.0,0.0,vpc_id;vpc_arn;private_subnet_id;public_subnet;eip_public_address;private_nacl_id;public_route_table_id;private_subnet;private_route_table_id;eip_private_address;public_subnet_id;private_sg;public_nacl_id;public_sg,
130,iac_benchmark/scenarios/terrads_3801ccc86051,True,4.0,False,17,16,13,4,3,76.47,81.25,aws_route;aws_route;aws_internet_gateway;aws_vpc,aws_default_vpc;aws_vpc_endpoint;aws_vpc_endpoint,5,2,1,4,1,20.0,50.0,aws_vpc_endpoint_service;aws_vpc_endpoint_service;aws_vpc_endpoint_service;aws_vpc_endpoint_service,aws_internet_gateway,4,2,0,4,2,0.0,0.0,tags;name;enable_ssm_vpc_endpoint;cidr,enable_ssm_endpoints;region,5,0,0,5,0,0.0,0.0,private_subnets;public_subnets;vpc;nap_public_id;routing_ready,
131,iac_benchmark/scenarios_greenfield/terrads_b7c89fdf0ecb,True,5.0,False,19,3,3,16,0,15.79,100.0,aws_vpc;aws_security_group_rule;aws_security_group_rule;aws_security_group_rule;aws_security_group_rule;aws_security_group_rule;aws_security_group_rule;aws_security_group_rule;aws_security_group_rule;aws_security_group_rule;aws_security_group_rule;aws_security_group_rule;aws_security_group_rule;aws_security_group_rule;aws_security_group_rule;aws_security_group_rule,,1,2,0,1,2,0.0,0.0,aws_security_group,aws_vpc;aws_vpcs,31,9,2,29,7,6.45,22.22,new_sg_ingress_rules_with_source_sg_id;enable;new_sg_egress_rules_with_self;new_sg_ingress_rules_with_self;existing_sg_ingress_rules_with_cidr_blocks;existing_sg_egress_rules_with_prefix_list;max_entries;prefix_list_enabled;existing_sg_egress_rules_with_source_sg_id;sg_description;name;prefix_list_ids;label_order;new_sg_ingress_rules_with_prefix_list;existing_sg_ingress_rules_with_prefix_list;new_sg_egress_rules_with_cidr_blocks;existing_sg_ingress_rules_with_self;new_sg_egress_rules_with_prefix_list;existing_sg_egress_rules_with_cidr_blocks;new_sg;new_sg_ingress_rules_with_cidr_blocks;prefix_list_address_family;existing_sg_egress_rules_with_self;managedby;environment;repository;existing_sg_ingress_rules_with_source_sg_id;new_sg_egress_rules_with_source_sg_id;entry,tags;create_sg;enabled;name_prefix;enable_prefix_list;egress_rules;ingress_rules,4,0,0,4,0,0.0,0.0,prefix_list_id;security_group_tags;security_group_arn;security_group_id,
132,iac_benchmark/scenarios_greenfield/terrads_0ec84b941dbc,True,4.0,False,16,11,11,5,0,68.75,100.0,aws_iam_role_policy;aws_iam_role_policy;aws_iam_role_policy;aws_iam_role_policy;aws_iam_role_policy,,0,11,0,0,11,0.0,0.0,,aws_iam_policy_document;aws_iam_policy_document;aws_iam_policy_document;aws_iam_policy_document;aws_iam_policy_document;aws_iam_policy_document;aws_iam_policy_document;aws_iam_policy_document;aws_iam_policy_document;aws_iam_policy_document;aws_iam_policy_document,2,2,2,0,0,100.0,100.0,,,1,0,0,1,0,0.0,0.0,main_output,
133,iac_benchmark/scenarios_greenfield/terrads_8f0e0a48a439,True,4.0,False,12,17,4,8,13,33.33,23.53,aws_iam_user_policy_attachment;aws_iam_user_policy_attachment;aws_iam_user_policy_attachment;aws_iam_user_policy_attachment;aws_iam_policy;aws_iam_policy;aws_iam_policy;aws_iam_policy,aws_s3_bucket_server_side_encryption_configuration;aws_s3_bucket_server_side_encryption_configuration;aws_iam_role;aws_s3_bucket_public_access_block;aws_s3_bucket_public_access_block;aws_iam_user_policy;aws_iam_user_policy;aws_iam_user_policy;aws_iam_user_policy;aws_s3_bucket_versioning;aws_s3_bucket_versioning;aws_s3_bucket;aws_s3_bucket,2,2,2,0,0,100.0,100.0,,,5,4,1,4,3,20.0,25.0,create_db_disaster_user;environment;exports_bucket_arn;create_exports_user,create_data_exports_user;create_db_dr_user;environment_suffix,0,0,0,0,0,100.0,100.0,,
134,iac_benchmark/scenarios_greenfield/terrads_88dc033be3cb,True,4.0,False,9,15,0,9,15,0.0,0.0,aws_ecr_repository;aws_iam_user_policy_attachment;aws_iam_access_key;aws_iam_user;aws_iam_role;aws_ecr_repository_policy;aws_s3_bucket;aws_iam_policy;aws_iam_policy,aws_nat_gateway;aws_internet_gateway;aws_vpc;aws_route_table;aws_route_table;aws_subnet;aws_subnet;aws_security_group;aws_eip;aws_vpc_endpoint;aws_vpc_endpoint;aws_vpc_endpoint;aws_vpc_endpoint;aws_route_table_association;aws_route_table_association,6,2,1,5,1,16.67,50.0,aws_iam_policy_document;aws_iam_policy_document;aws_iam_policy_document;aws_iam_policy_document;aws_caller_identity,aws_availability_zones,10,3,0,10,3,0.0,0.0,health_omics_role_name;output_bucket_name;ecr_repositories;additional_buckets;external_ecr_accounts;health_omics_user_policy_name;workbench_service_account_name;force_destroy;health_omics_service_policy_name;region,tags;vpc_cidr;enable_ssm_endpoints,5,5,0,5,5,0.0,0.0,role_arn;output_bucket;access_key_id;secret_access_key;docker_repositories,nat_gateway_public_ip;routing_deployment_ready;vpc_id;public_subnet_ids;private_subnet_ids
135,iac_benchmark/scenarios_greenfield/terrads_19a858f3bf34,True,4.0,False,29,11,11,18,0,37.93,100.0,aws_nat_gateway;aws_nat_gateway;aws_route;aws_route;aws_route;aws_route;aws_route_table;aws_route_table;aws_subnet;aws_subnet;aws_subnet;aws_subnet;aws_eip;aws_eip;aws_route_table_association;aws_route_table_association;aws_route_table_association;aws_route_table_association,,0,1,0,0,1,0.0,0.0,,aws_availability_zones,4,3,3,1,0,75.0,100.0,aws_region,,0,0,0,0,0,100.0,100.0,,
136,iac_benchmark/scenarios_greenfield/terrads_af7ade14eeb9,True,4.0,False,9,23,9,0,14,100.0,39.13,,aws_nat_gateway;aws_internet_gateway;aws_subnet;aws_subnet;aws_route_table_association;aws_route_table_association;aws_default_security_group;aws_default_route_table;aws_route;aws_route;aws_vpc;aws_route_table;aws_route_table;aws_eip,0,1,0,0,1,0.0,0.0,,aws_availability_zones,4,2,1,3,1,25.0,50.0,vpc_cidr_block;availability_zones;region,vpc_cidr,38,0,0,38,0,0.0,0.0,additional_cidr_blocks_to_association_ids;vpc_main_route_table_id;additional_cidr_blocks;public_route_table_ids;private_network_acl_id;vpc_default_route_table_id;named_public_subnets_map;public_subnet_arns;nat_instance_ids;az_private_subnets_map;nat_ips;private_subnet_cidrs;availability_zone_ids;named_private_subnets_stats_map;public_subnet_cidrs;az_private_route_table_ids_map;vpc_default_security_group_id;private_subnet_ids;named_private_subnets_map;private_subnet_arns;availability_zones;public_subnet_ids;public_network_acl_id;named_private_route_table_ids_map;vpc_cidr_block;vpc_endpoint_sg_id;az_public_subnets_map;nat_gateway_ids;named_public_route_table_ids_map;nat_instance_ami_id;az_public_route_table_ids_map;vpc_id;vpc_arn;vpc_default_network_acl_id;private_route_table_ids;nat_eip_allocation_ids;named_public_subnets_stats_map;igw_id,
137,iac_benchmark/scenarios_greenfield/terrads_d0e8038f5df2,True,4.0,False,12,15,12,0,3,100.0,80.0,,aws_kms_key_policy;aws_s3_bucket_policy;aws_s3_bucket_server_side_encryption_configuration,7,4,4,3,0,57.14,100.0,aws_iam_policy_document;aws_iam_policy_document;aws_partition,,8,7,4,4,3,50.0,57.14,tags;versioning_enabled;bucket_name;logging_bucket,bucket_name_override;external_logging_bucket_name;enable_versioning,3,0,0,3,0,0.0,0.0,s3_bucket_name;kms_key_id;s3_bucket_arn,
138,iac_benchmark/scenarios_greenfield/terrads_fa0321d3426d,True,5.0,False,18,18,14,4,4,77.78,77.78,aws_security_group_rule;aws_security_group_rule;aws_security_group_rule;aws_security_group_rule,aws_subnet;aws_vpc_endpoint;aws_route_table_association;aws_route_table,3,1,0,3,1,0.0,0.0,aws_iam_policy_document;aws_iam_policy_document;aws_iam_policy_document,aws_availability_zones,14,8,1,13,7,7.14,12.5,hcs_tags;interface_vpce_source_security_group_ids;aws_vpce_services;interface_vpce_subnet_ids;region;vpc_cidr_block;vpc_instance_tenancy;custom_vpce_services;common_tags;vpc_flow_log_retention_days;vpc_flow_log_traffic_type;gateway_vpce_route_table_ids;vpc_enable_dns_hostnames,vpc_cidr;custom_sg_rules;custom_endpoints;endpoint_source_sg_ids;dns_hostnames_enabled;aws_endpoint_services;instance_tenancy,9,0,0,9,0,0.0,0.0,interface_vpce_sg_id;prefix_list_ids;ssm_iam_role_name;ssm_instance_profile_name;ecr_dkr_domain_name;vpc;no_proxy_list;custom_vpce_sg_id;custom_vpce_dns_names,
139,iac_benchmark/scenarios_greenfield/gh_254c2fd7,True,5.0,False,13,13,13,0,0,100.0,100.0,,,2,6,2,0,4,100.0,33.33,,aws_partition;aws_iam_policy_document;aws_iam_policy_document;aws_iam_policy_document,7,7,2,5,5,28.57,28.57,imdsv2_hop_limit;kms_rotation_period_days;ebs_default_kms_key_arn;disable_ec2_serial_console;enable_emr_block_public_access,enable_serial_console_block;enable_emr_block_public;rotation_period_days;external_ebs_kms_key_arn;hop_limit,12,0,0,12,0,0.0,0.0,ebs_encryption_enabled;kms_compute_key_id;emr_block_public_access_enabled;ec2_serial_console_disabled;kms_observability_key_arn;ebs_snapshot_block_public_access_state;ami_block_public_access_state;kms_storage_key_id;kms_observability_key_id;kms_compute_key_arn;kms_storage_key_arn;imdsv2_default_enabled,
140,iac_benchmark/scenarios_greenfield/terrads_8c37ece6a9a8,True,5.0,False,16,18,15,1,3,93.75,83.33,aws_default_route_table,tls_private_key;aws_eip_association;aws_route_table,1,2,1,0,1,100.0,50.0,,aws_availability_zones,19,9,4,15,5,21.05,44.44,security_group_rules_ingress;private_route_table_name;ssh_keypair_public_key_text;public_route_table_name;vpc_enable_dns_support;ssh_keypair_name;security_group_default_desc;nat_gateway_name;security_group_default_name;nodes;region;vpc_name;env_tags;igw_name;vpc_enable_dns_hostnames,inventory_nodes;allowed_egress_cidr_blocks;ssh_public_key;key_name;allowed_ingress_rules,4,0,0,4,0,0.0,0.0,nodes;vpc;subnets;ssh_keypair,
141,iac_benchmark/scenarios_greenfield/terrads_c4daceb0552b,True,5.0,False,34,19,15,19,4,44.12,78.95,aws_nat_gateway;aws_instance;aws_subnet;aws_subnet;aws_subnet;aws_subnet;aws_default_security_group;aws_route_table_association;aws_route_table_association;aws_route_table_association;aws_route_table_association;aws_route_table_association;aws_route_table_association;aws_route_table_association;aws_route_table_association;aws_route_table;aws_route_table;aws_route_table;aws_route_table,aws_security_group;terraform_data;aws_route;aws_route,1,2,1,0,1,100.0,50.0,,aws_availability_zones,0,4,0,0,4,0.0,0.0,,enable_private_subnets;enable_nat_gateways;enable_egress_only_igw;enable_nat_instances,9,0,0,9,0,0.0,0.0,subnet_public_C;subnet_public_A;default_security_group;subnet_public_B;security_group_allow_tls;subnet_private_A;subnet_private_B;vpc_main;subnet_public_D,
142,iac_benchmark/scenarios_greenfield/gh_441bac48,True,5.0,False,29,18,0,29,18,0.0,0.0,aws_s3_bucket_logging;aws_s3_bucket_ownership_controls;aws_s3_bucket_acl;aws_s3_bucket_replication_configuration;aws_s3_bucket_replication_configuration;aws_s3_bucket_policy;aws_s3_bucket_policy;aws_s3_bucket;aws_s3_bucket;aws_s3_bucket;aws_s3_bucket;aws_iam_policy;aws_iam_policy;aws_s3_bucket_lifecycle_configuration;aws_s3_bucket_lifecycle_configuration;aws_s3_bucket_server_side_encryption_configuration;aws_s3_bucket_server_side_encryption_configuration;aws_iam_role;aws_iam_role;aws_iam_policy_attachment;aws_iam_policy_attachment;aws_s3_bucket_versioning;aws_s3_bucket_versioning;aws_s3_bucket_versioning;aws_s3_bucket_versioning;aws_s3_bucket_public_access_block;aws_s3_bucket_public_access_block;aws_s3_bucket_public_access_block;aws_s3_bucket_public_access_block,aws_nat_gateway;aws_key_pair;aws_internet_gateway;aws_ebs_volume;aws_subnet;aws_subnet;aws_security_group;aws_instance;tls_private_key;aws_route_table_association;aws_route_table_association;aws_volume_attachment;aws_eip_association;aws_vpc;aws_route_table;aws_route_table;aws_eip;aws_eip,3,2,0,3,2,0.0,0.0,aws_caller_identity;aws_region;aws_region,aws_ami;aws_availability_zones,3,9,0,3,9,0.0,0.0,accesslogs_glacier_transition_days;env_name;accesslogs_expiration_days,instance_configs;cluster_prefix;instance_type;public_subnet_count;ingress_rules;subnet_cidr_offset;key_name;private_subnet_count;public_key,0,1,0,0,1,0.0,0.0,,instance_metadata
143,iac_benchmark/scenarios_greenfield/terrads_fd8da25a797c,True,5.0,False,17,16,14,3,2,82.35,87.5,aws_route_table_association;aws_route;aws_route,aws_vpc_endpoint;aws_vpc_endpoint,5,2,0,5,2,0.0,0.0,aws_subnet;aws_subnet;aws_subnet;aws_nat_gateway;aws_vpc,aws_region;aws_availability_zones,20,6,2,18,4,10.0,33.33,tags;database_subnet_suffix;existing_subnet_ids;vpc_private_endpoints;private_subnet_suffix;enable_dns_support;map_public_ip_on_launch;region;azs;cidr;subnets;public_subnet_tags;enable_dns_hostnames;single_nat_gateway;private_subnet_tags;public_subnet_suffix;security_group_id;enable_nat_gateway,existing_subnet_id_maps;existing_security_group_id;existing_vpc_id;endpoint_services,12,0,0,12,0,0.0,0.0,vpc_cidr;vpc_id;public_subnet_azs;private_subnet_azs;private_subnet_cidrs;public_route_table_ids;private_route_table_ids;public_subnet_cidrs;private_subnets;public_subnets;database_subnets;nat_public_ips,
144,iac_benchmark/scenarios_greenfield/terrads_f614a79f9787,True,5.0,False,13,11,10,3,1,76.92,90.91,aws_vpc;aws_iam_role_policy_attachment;aws_iam_policy,aws_iam_role_policy,2,6,2,0,4,100.0,33.33,,aws_iam_policy_document;aws_region;aws_vpc;aws_vpcs,9,1,1,8,0,11.11,100.0,vpc_cidr;priv_subnet_cidr;aws_profile;aws_region;aws_env;app_name;vpc_name;priv_subnet_name,,6,0,0,6,0,0.0,0.0,ec2_instance_id;subnet_id;ec2_sg_id;vpc_id;ec2_instance_profile_name;ec2_private_dns,
145,iac_benchmark/scenarios/terrads_e4f73489147c,True,5.0,False,28,38,24,4,14,85.71,63.16,aws_iam_role_policy_attachment;aws_iam_policy;aws_iam_policy;aws_iam_policy_attachment,random_id;aws_nat_gateway;aws_internet_gateway;aws_iam_role_policy;aws_iam_role_policy;aws_route_table_association;aws_route_table_association;aws_route_table;aws_route_table;aws_eip;null_resource;aws_subnet;aws_subnet;aws_vpc,4,2,1,3,1,25.0,50.0,aws_iam_policy_document;aws_region;aws_caller_identity,aws_availability_zones,0,0,0,0,0,100.0,100.0,,,1,1,0,1,1,0.0,0.0,nginx_test,curl_command
146,iac_benchmark/scenarios_greenfield/terrads_2d2afe6a783a,True,5.0,False,14,14,13,1,1,92.86,92.86,aws_network_interface,aws_eip_association,1,3,1,0,2,100.0,33.33,,aws_iam_policy_document;aws_availability_zones,26,7,3,23,4,11.54,42.86,tags;ip_type;user_data;ec2_vpc_id;ip_address_allocation_method;enable_session_manager;ec2_ami;enable_instance_connect;private_ip;ec2_subnet_vpc_cidr_block;availability_zone;security_group_ids;region;use_existing_subnet;root_volume_size;add_ssh_key;application;environment;encrypt_root_volume;ec2_instance_type;vpc_subnet_id;imds_enabled;kms_key_id,app;attach_ssm_managed_policy;env;assign_elastic_ip,9,6,0,9,6,0.0,0.0,ec2-instance-subnet-arn;ec2-instance-role-name;ec2-instance-role-arn;ec2-instance-route-table-arn;ec2-instance-arn;ec2-instance-id;ec2-instance-subnet-id;ec2-instance-profile-arn;ec2-instance-route-table-id,subnet_id;route_table_id;ec2_instance_id;iam_role_arn;instance_profile_arn;ec2_instance_arn
147,iac_benchmark/scenarios/terrads_bf3ef706d7fd,True,5.0,False,20,31,12,8,19,60.0,38.71,local_sensitive_file;aws_vpc_security_group_egress_rule;aws_vpc_security_group_egress_rule;aws_vpc_security_group_egress_rule;aws_vpc_security_group_ingress_rule;aws_vpc_security_group_ingress_rule;aws_vpc_security_group_ingress_rule;aws_vpc_security_group_ingress_rule,aws_internet_gateway;aws_iam_role_policy;aws_kms_key;aws_iam_role_policy_attachment;aws_iam_role_policy_attachment;aws_iam_role_policy_attachment;aws_iam_role_policy_attachment;aws_route_table_association;aws_route_table;aws_subnet;aws_vpc;aws_security_group_rule;aws_security_group_rule;aws_security_group_rule;aws_security_group_rule;aws_security_group_rule;aws_security_group_rule;aws_security_group_rule;local_file,7,2,0,7,2,0.0,0.0,aws_eks_cluster;aws_iam_policy_document;aws_iam_policy_document;aws_subnets;http;aws_vpc;aws_ssm_parameter,aws_ami;aws_availability_zones,7,0,0,7,0,0.0,0.0,cluster_name;cluster_role_name;node_role_name;node_group_max_size;aws_region;node_group_min_size;node_group_desired_capacity,,3,3,0,3,3,0.0,0.0,NodeSecurityGroup;NodeAutoScalingGroup;NodeInstanceRole,autoscaling_group_id;node_instance_role_arn;node_security_group_id
148,iac_benchmark/scenarios_greenfield/terrads_bb382f0f3fd1,True,5.0,False,14,21,13,1,8,92.86,61.9,aws_iam_policy_attachment,aws_s3_bucket_replication_configuration;aws_kms_alias;aws_kms_alias;aws_iam_role_policy_attachment;aws_s3_bucket_server_side_encryption_configuration;aws_s3_bucket_server_side_encryption_configuration;aws_s3_bucket_versioning;aws_s3_bucket_versioning,6,1,1,5,0,16.67,100.0,aws_region;aws_region;aws_caller_identity;aws_iam_policy_document;aws_iam_policy_document,,3,2,1,2,1,33.33,50.0,extra_tags;s3_bucket_force_destroy,tags,0,1,0,0,1,0.0,0.0,,backend_tf_files
149,iac_benchmark/scenarios_greenfield/terrads_8cca5da8d3bc,True,5.0,False,25,31,22,3,9,88.0,70.97,aws_route_table_association;aws_subnet;aws_subnet,random_password;aws_kms_key;aws_s3_bucket_server_side_encryption_configuration;aws_s3_bucket_versioning;aws_secretsmanager_secret_version;random_pet;aws_secretsmanager_secret;null_resource;aws_s3_bucket_public_access_block,0,1,0,0,1,0.0,0.0,,aws_availability_zones,9,0,0,9,0,0.0,0.0,db_identifier;eks_desired_size;aws_region;eks_min_size;db_username;storage_bucket;db_password;eks_max_size;db_name,,10,10,2,8,8,20.0,20.0,cluster_name;pg_dbname;kubectl_environment;pg_user;region;pg_password;pg_address;s3_bucket,kubeconfig_command;eks_cluster_name;admin_password;deployment_region;admin_username;s3_bucket_name;database_name;database_endpoint
