row_index,ground_truth_path,matched,difficulty,template_empty,resource_req,resource_gen,resource_cor,resource_missing,resource_extra,resource_cov_pct,resource_acc_pct,resource_missing_list,resource_extra_list,data_req,data_gen,data_cor,data_missing,data_extra,data_cov_pct,data_acc_pct,data_missing_list,data_extra_list,variable_req,variable_gen,variable_cor,variable_missing,variable_extra,variable_cov_pct,variable_acc_pct,variable_missing_list,variable_extra_list,output_req,output_gen,output_cor,output_missing,output_extra,output_cov_pct,output_acc_pct,output_missing_list,output_extra_list
0,iac_benchmark/scenarios/terrads_2b3dc3e26799,True,3,False,5,4,4,1,0,80.0,100.0,aws_kms_ciphertext,,0,4,0,0,4,0.0,0.0,,aws_caller_identity;aws_kms_ciphertext;aws_iam_policy_document;aws_iam_policy_document,37,24,1,36,23,2.7,4.17,kms_key_policy;tags;kms_external_key_description;kms_ciphertext_key_id;kms_key_deletion_window_in_days;kms_ciphertext_context;kms_alias_target_key_id;enable_kms_alias;kms_key_name;name;enable_kms_ciphertext;kms_external_key_key_material_base64;kms_grant_name;kms_grant_retire_on_delete;kms_external_key_name;kms_grant_grant_creation_tokens;kms_key_is_enabled;kms_grant_constraints;kms_external_key_deletion_window_in_days;enable_kms_grant;kms_alias_name_prefix;kms_ciphertext_plaintext;kms_external_key_policy;kms_grant_key_id;kms_grant_grantee_principal;kms_alias_name;kms_key_key_usage;enable_kms_external_key;kms_key_enable_key_rotation;kms_grant_retiring_principal;kms_external_key_valid_to;kms_key_description;kms_grant_operations;kms_external_key_enabled;enable_kms_key;kms_key_customer_master_key_spec,plaintext;enable_encryption;context;key_spec;description;operations;name_prefix;create_key;create_alias;grantee_principal;encryption_context_subset;deletion_window_in_days;create_external_key;valid_to;enable_key_rotation;encryption_context_equals;create_grant;retiring_principal;alias_name;key_usage;key_policy;external_key_policy;key_material_base64,15,7,0,15,7,0.0,0.0,kms_ciphertext_id;kms_key_arn;kms_external_key_usage;kms_external_key_id;kms_grant_id;kms_external_key_arn;kms_grant_grant_id;kms_alias_target_key_arn;kms_alias_id;kms_key_id;kms_grant_token;kms_ciphertext_ciphertext_blob;kms_external_key_expiration_model;kms_external_key_state;kms_alias_arn,key_arn;alias_arn;external_key_arn;encrypted_data;external_key_id;key_id;grant_id
1,iac_benchmark/scenarios/terrads_037b2fe08aa0,True,3,False,5,11,5,0,6,100.0,45.45,,aws_iam_role;aws_route53_record;aws_iam_role_policy;aws_acm_certificate;aws_acm_certificate_validation;aws_route53_zone,0,1,0,0,1,0.0,0.0,,aws_iam_policy_document,43,17,8,35,9,18.6,47.06,id_token_validity;callback_urls;allowed_oauth_flows_user_pool_client;challenge_required_on_new_device;prevent_user_existence_errors;allowed_oauth_flows;recovery_mechanism;write_attributes;allowed_oauth_scopes;cert_arn;case_sensitive;invite_message_template;explicit_auth_flows;refresh_token_validity;sms_authentication_message;email_verification_message;name;allow_admin_create_user_only;clients;role_arn;enable_token_revocation;create_route53_record;zone_id;generate_secret;device_only_remembered_on_user_prompt;token_validity_units;email_verification_subject;sms_verification_message;access_token_validity;logout_urls;domain;supported_identity_providers;precedence;read_attributes;user_group,device_configuration;user_pool_name;user_pool_clients;username_configuration;admin_create_user_config;email_configuration;account_recovery_setting;custom_domain_name;user_group_config,2,0,0,2,0,0.0,0.0,arn;clients_id,
2,iac_benchmark/scenarios/terrads_c97056850842,True,4,False,15,15,15,0,0,100.0,100.0,,,0,1,0,0,1,0.0,0.0,,aws_availability_zones,10,2,2,8,0,20.0,100.0,tgw_rt-association_id;tags;vpc_cidr;admin_port;tgw_rt-propagation_id;tag-env;region;tgw_id,,6,15,1,5,14,16.67,6.67,subnet_az1_ids;fgt_ni_ids;fgt_ni_ips;subnet_az1_cidrs;nsg_ids,public_sg_id;private_subnet_cidr;private_eni_id;bastion_sg_id;private_eni_ip;bastion_subnet_cidr;public_subnet_id;public_eni_ip;public_subnet_cidr;private_sg_id;public_eni_id;private_subnet_id;allow_all_sg_id;bastion_subnet_id
3,iac_benchmark/scenarios/gh_b7d56bc5,True,4,False,18,4,2,16,2,11.11,50.0,aws_iam_user_policy;aws_iam_user_policy;aws_iam_user_policy;aws_iam_user_policy;aws_iam_user_policy;aws_iam_user_policy;aws_iam_user_policy;aws_iam_user_policy;aws_iam_user_policy;aws_iam_user_policy;aws_iam_user_policy;aws_iam_user_policy;aws_iam_user;aws_iam_user;aws_iam_access_key;aws_iam_access_key,aws_iam_policy;aws_iam_user_policy_attachment,0,0,0,0,0,100.0,100.0,,,0,0,0,0,0,100.0,100.0,,,0,0,0,0,0,100.0,100.0,,
4,iac_benchmark/scenarios/gh_75c55509,True,4,False,8,10,8,0,2,100.0,80.0,,aws_kms_key;aws_cloudwatch_log_group,0,0,0,0,0,100.0,100.0,,,62,19,2,60,17,3.23,10.53,route53_health_check_invert_healthcheck;route53_zone_comment;route53_health_check_ip_address;route53_record_latency_routing_policy;route53_health_check_reference_name;route53_health_check_port;route53_query_log_cloudwatch_log_group_arn;route53_health_check_type;route53_record_name;route53_health_check_regions;route53_record_ttl;enable_route53_key_signing_key;route53_key_signing_key_status;enable_route53_vpc_association_authorization;route53_zone_association_vpc_region;route53_record_allow_overwrite;route53_record_records;route53_health_check_cloudwatch_alarm_name;route53_zone_association_zone_id;route53_health_check_child_health_threshold;route53_health_check_child_healthchecks;route53_key_signing_key_name;route53_record_health_check_id;route53_zone_association_vpc_id;route53_zone_force_destroy;route53_key_signing_key_key_management_service_arn;route53_health_check_fqdn;route53_zone_vpc;route53_record_weighted_routing_policy;route53_health_check_resource_path;route53_health_check_failure_threshold;route53_record_failover_routing_policy;route53_vpc_association_authorization_zone_id;route53_record_alias;route53_record_type;enable_route53_delegation_set;route53_health_check_search_string;enable_route53_record;enable_route53_zone_association;route53_key_signing_key_hosted_zone_id;route53_zone_name;route53_record_parent_zone_id;route53_health_check_cloudwatch_alarm_region;enable_route53_query_log;route53_vpc_association_authorization_vpc_id;route53_zone_delegation_set_id;route53_record_set_identifier;route53_health_check_measure_latency;route53_health_check_name;environment;route53_record_geolocation_routing_policy;enable_route53_health_check;route53_query_log_zone_id;enable_route53_zone;route53_health_check_enable_sni;route53_health_check_insufficient_data_health_status;route53_record_multivalue_answer_routing_policy;route53_delegation_set_reference_name;route53_health_check_disabled;route53_health_check_request_interval,private_zone;zone_associations;delegation_set_reference_name;vpc_association_authorization;log_group_name;enable_zone_association;kms_key_arn;enable_dnssec;enable_delegation_set;health_checks;enable_query_logging;records;vpc_id;enable_vpc_association_authorization;comment;force_destroy;vpc_region,25,0,0,25,0,0.0,0.0,route53_key_signing_key_public_key;aws_route53_zone_zone_id;route53_key_signing_key_dnskey_record;route53_health_check_id;route53_zone_association_zone_id;aws_route53_zone_id;aws_route53_zone_name_servers;route53_zone_association_vpc_id;route53_key_signing_key_digest_algorithm_mnemonic;route53_key_signing_key_id;route53_key_signing_key_digest_algorithm_type;route53_query_log_id;route53_record_name;route53_key_signing_key_digest_value;route53_key_signing_key_signing_algorithm_type;route53_record_fqdn;route53_key_signing_key_ds_record;route53_key_signing_key_flag;route53_zone_association_vpc_region;route53_key_signing_key_key_tag;route53_delegation_set_name_servers;route53_vpc_association_authorization_id;route53_zone_association_id;route53_delegation_set_id;route53_key_signing_key_signing_algorithm_mnemonic,
5,iac_benchmark/scenarios/terrads_ba0c51a35dac,True,3,False,11,11,8,3,3,72.73,72.73,aws_security_group_rule;aws_security_group_rule;aws_route,aws_subnet;aws_subnet;aws_route_table_association,0,1,0,0,1,0.0,0.0,,aws_availability_zones,6,0,0,6,0,0.0,0.0,ntier_subnet_azs;web_subnet_indexes;ntier_subnet_tags;ntier_region;other_subnet_indexes;ntier_cidr,,1,1,0,1,1,0.0,0.0,vpcid,vpc_id
6,iac_benchmark/scenarios/terrads_b399f0e51686,True,5,False,13,13,11,2,2,84.62,84.62,aws_kms_key_policy;random_string,aws_s3_bucket_server_side_encryption_configuration;aws_s3_bucket_public_access_block,3,6,1,2,5,33.33,16.67,aws_partition;aws_region,aws_iam_policy_document;aws_iam_policy_document;aws_iam_policy_document;aws_iam_policy_document;aws_iam_policy_document,18,15,4,14,11,22.22,26.67,create_sns_topic;log_retention_days;existing_sns_topic_arn;decrypt_role_arn;rw_type;cloudtrail_name;include_global_service_events;include_management_events;enable_s3_bucket_versioning;enable_logging;data_resource_type;bucket_force_destroy;insight_selector;is_multi_region_trail,role_name;retention_days;insight_selectors;enable_versioning;kms_alias_name;trail_name;force_destroy;name_prefix;log_group_name;read_write_type;enable_sns,8,0,0,8,0,0.0,0.0,s3_bucket_id;cloudtrail_arn;s3_bucket_arn;sns_topic_arn;cloudtrail_id;kms_key_arn;cloudwatch_log_group_arn;kms_key_id,
7,iac_benchmark/scenarios/terrads_01d04d611b22,True,5,False,14,14,8,6,6,57.14,57.14,aws_vpc_security_group_egress_rule;aws_vpc_security_group_egress_rule;aws_vpc_security_group_ingress_rule;aws_vpc_security_group_ingress_rule;aws_vpc_security_group_ingress_rule;aws_vpc_security_group_ingress_rule,aws_security_group_rule;aws_security_group_rule;aws_security_group_rule;aws_security_group_rule;aws_security_group_rule;aws_security_group_rule,0,1,0,0,1,0.0,0.0,,aws_availability_zones,11,1,0,11,1,0.0,0.0,enable_dns_hostnames;sn_details;ipv4_subnets_new_bits;environment;aws_profile;vpc_ip4_cidr_block;ipv6_subnets_new_bits;instance_tenancy;enable_dns_support;is_ipv6_enabled;aws_region,tags,9,0,0,9,0,0.0,0.0,vpc_id;vpc_default_network_acl_id;vpc_ipv6_cidr_block;db_sg_id;vpc_arn;vpc_ip4_cidr_block;web_sg_id;subnets_ids;app_sg_id,
8,iac_benchmark/scenarios/terrads_01334dedc4eb,True,5,False,19,19,19,0,0,100.0,100.0,,,0,1,0,0,1,0.0,0.0,,aws_availability_zones,10,3,3,7,0,30.0,100.0,tgw_rt-association_id;tags;vpc-sec_cidr;tgw_rt-propagation_id;tag-env;region;tgw_id,,6,8,0,6,8,0.0,0.0,fgt_ni_ips;vpc-sec_id;subnet_az1_ids;subnet_az1_cidrs;nsg_ids;fgt_ni_ids,vpc_id;private_interface_ip;subnet_ids;private_interface_id;public_interface_id;public_interface_ip;security_group_ids;subnet_cidrs
9,iac_benchmark/scenarios/gh_8159ec72,True,5,False,14,31,13,1,18,92.86,41.94,aws_ses_active_receipt_rule_set,aws_ses_event_destination;aws_ses_event_destination;null_resource;aws_kinesis_firehose_delivery_stream;aws_s3_bucket_versioning;aws_s3_bucket_server_side_encryption_configuration;aws_s3_bucket_public_access_block;aws_s3_bucket_public_access_block;aws_sns_topic;aws_sns_topic;aws_sns_topic;aws_iam_role_policy;aws_s3_bucket;aws_s3_bucket;aws_cloudwatch_log_group;aws_iam_role;aws_iam_role;aws_lambda_function,0,0,0,0,0,100.0,100.0,,,62,26,2,60,24,3.23,7.69,ses_event_destination_sns_destination;ses_email_identity_emails;ses_receipt_rule_stop_action;ses_template_text;ses_receipt_rule_scan_enabled;enable_ses_receipt_rule;ses_receipt_rule_set_rule_set_name;enable_ses_domain_mail_from;ses_receipt_rule_rule_set_name;ses_identity_notification_topic_topic_arn;ses_event_destination_name;enable_ses_domain_identity;ses_event_destination_configuration_set_name;ses_event_destination_cloudwatch_destination;ses_receipt_rule_recipients;ses_template_html;ses_receipt_rule_lambda_action;ses_domain_identity_domains;enable_ses_domain_identity_verification;enable_ses_receipt_filter;ses_identity_policy_identity;enable_ses_domain_dkim;ses_identity_policy_name;ses_identity_notification_topic_notification_type;enable_ses_active_receipt_rule_set;ses_receipt_rule_s3_action;enable_ses_email_identity;ses_identity_notification_topic_identity;enable_ses_receipt_rule_set;ses_configuration_set_sending_enabled;ses_receipt_rule_bounce_action;ses_active_receipt_rule_set_rule_set_name;ses_domain_identity_verification_domain;ses_configuration_set_name;ses_identity_policy_policy;ses_template_name;ses_configuration_set_reputation_metrics_enabled;enable_ses_template;ses_receipt_rule_tls_policy;ses_receipt_rule_enabled;ses_receipt_filter_stack;ses_event_destination_kinesis_destination;ses_domain_dkim_domain;ses_template_subject;ses_receipt_rule_workmail_action;enable_ses_configuration_set;enable_ses_identity_notification_topic;ses_event_destination_enabled;ses_domain_mail_from_mail_from_domain;enable_ses_identity_policy;ses_configuration_set_delivery_options;ses_event_destination_matching_types;ses_receipt_rule_sns_action;enable_ses_event_destination;ses_receipt_rule_name;ses_identity_notification_topic_include_original_headers;ses_receipt_rule_after;ses_receipt_rule_add_header_action;ses_domain_mail_from_domain;ses_domain_mail_from_behavior_on_mx_failure,enable_lambda_action;enable_template;enable_domain_verification;enable_stop_action;enable_email_identity;enable_identity_policy;enable_sns_action;enable_event_destination_cloudwatch;enable_domain_identity;enable_dkim;enable_event_destination_sns;enable_event_destination_kinesis;enable_bounce_action;domain;enable_configuration_set;enable_receipt_filter;enable_add_header_action;email;enable_mail_from;enable_s3_action;enable_workmail_action;enable_receipt_rule;enable_receipt_rule_set;enable_notification_topic,27,40,0,27,40,0.0,0.0,ses_domain_identity_verification_id;ses_template_id;ses_receipt_rule_arn;ses_domain_identity_verification_token;ses_active_receipt_rule_set_arn;ses_domain_dkim_id;ses_email_identity_id;ses_domain_identity_arn;ses_identity_policy_id;ses_configuration_set_arn;ses_configuration_set_last_fresh_start;ses_domain_dkim_dkim_tokens;ses_domain_identity_id;ses_receipt_rule_set_id;ses_template_arn;ses_domain_mail_from_id;ses_configuration_set_id;ses_identity_notification_topic_id;ses_active_receipt_rule_set_id;ses_receipt_filter_id;ses_receipt_rule_id;ses_receipt_rule_set_arn;ses_domain_identity_verification_arn;ses_event_destination_arn;ses_email_identity_arn;ses_event_destination_id;ses_receipt_filter_arn,receipt_rule_set_id;configuration_set_name;event_destination_kinesis_name;domain_dkim_id;identity_policy_name;template_id;template_name;receipt_filter_name;event_destination_kinesis_arn;domain_identity_id;domain_identity_arn;mail_from_id;email_identity_arn;email_identity_id;receipt_rule_arn;domain_identity_verification_token;event_destination_cloudwatch_id;notification_topic_delivery_arn;notification_topic_complaint_arn;mail_from_domain;domain_verification_id;identity_policy_id;receipt_rule_name;template_arn;event_destination_cloudwatch_name;receipt_filter_arn;event_destination_cloudwatch_arn;receipt_rule_set_name;receipt_rule_id;domain_dkim_tokens;event_destination_sns_id;event_destination_sns_arn;configuration_set_id;receipt_filter_id;domain_verification_verification_token;configuration_set_arn;receipt_rule_set_arn;event_destination_sns_name;notification_topic_bounce_arn;event_destination_kinesis_id
10,iac_benchmark/scenarios/terrads_c5fb6e784997,True,4,False,18,26,18,0,8,100.0,69.23,,aws_key_pair;aws_iam_role_policy;tls_private_key;aws_eip;aws_kms_alias;aws_iam_instance_profile;aws_kms_key;aws_nat_gateway,1,1,0,1,1,0.0,0.0,aws_ami,aws_availability_zones,3,3,2,1,1,66.67,66.67,business_divsion,business_division,0,0,0,0,0,100.0,100.0,,
11,iac_benchmark/scenarios/terrads_f5e9cc30bc08,True,4,False,8,20,8,0,12,100.0,40.0,,aws_sqs_queue;aws_s3_bucket_server_side_encryption_configuration;aws_s3_bucket_public_access_block;aws_s3_object;aws_s3_bucket;aws_iam_role_policy_attachment;aws_lambda_function_event_invoke_config;aws_dynamodb_table;aws_signer_signing_profile;aws_iam_role;aws_kms_key;aws_s3_bucket_versioning,0,6,0,0,6,0.0,0.0,,aws_partition;aws_s3_object;aws_availability_zones;aws_caller_identity;archive_file;aws_region,79,19,1,78,18,1.27,5.26,lambda_function_event_invoke_config_maximum_event_age_in_seconds;lambda_permission_qualifier;lambda_layer_version_source_code_hash;tags;lambda_function_handler;lambda_event_source_mapping_parallelization_factor;lambda_function_reserved_concurrent_executions;lambda_function_event_invoke_config_maximum_retry_attempts;lambda_code_signing_config_allowed_publishers;lambda_function_s3_bucket;lambda_layer_version_layer_name;lambda_alias_function_version;enable_lambda_event_source_mapping;lambda_permission_statement_id_prefix;lambda_event_source_mapping_function_name;lambda_function_dead_letter_config;lambda_event_source_mapping_batch_size;lambda_permission_source_account;enable_lambda_provisioned_concurrency_config;lambda_function_memory_size;lambda_function_s3_object_version;lambda_function_environment;lambda_function_timeout;lambda_alias_routing_config;lambda_function_layers;lambda_layer_version_s3_key;lambda_provisioned_concurrency_config_timeouts;lambda_event_source_mapping_starting_position;lambda_event_source_mapping_destination_config;lambda_alias_description;lambda_function_kms_key_arn;lambda_function_role;enable_lambda_alias;lambda_function_tracing_config;lambda_permission_event_source_token;enable_lambda_function;lambda_event_source_mapping_enabled;lambda_permission_function_name;lambda_permission_statement_id;enable_lambda_layer_version;lambda_function_publish;lambda_permission_principal;lambda_layer_version_filename;lambda_layer_version_license_info;lambda_function_timeouts;lambda_function_filename;lambda_code_signing_config_policies;lambda_event_source_mapping_maximum_batching_window_in_seconds;lambda_function_source_code_hash;lambda_function_s3_key;lambda_permission_action;lambda_layer_version_description;lambda_event_source_mapping_maximum_record_age_in_seconds;enable_lambda_permission;enable_code_signing_config;enable_lambda_function_event_invoke_config;name;lambda_event_source_mapping_maximum_retry_attempts;lambda_permission_source_arn;lambda_provisioned_concurrency_config_qualifier;lambda_function_vpc_config;lambda_provisioned_concurrency_config_provisioned_concurrent_executions;lambda_function_name;lambda_layer_version_s3_object_version;lambda_event_source_mapping_starting_position_timestamp;lambda_function_event_invoke_config_destination_config;lambda_code_signing_config_description;lambda_layer_version_compatible_runtimes;lambda_layer_version_s3_bucket;lambda_alias_name;lambda_alias_function_name;lambda_event_source_mapping_event_source_arn;lambda_provisioned_concurrency_config_function_name;lambda_function_runtime;lambda_function_event_invoke_config_function_name;lambda_function_event_invoke_config_qualifier;lambda_event_source_mapping_bisect_batch_on_function_error;lambda_function_description,app_name;maximum_event_age_in_seconds;maximum_retry_attempts;layer_s3_key;signing_profile_version_arns;enable_lambda_layer;principal;provisioned_concurrent_executions;handler;enable_dynamodb_stream;enable_cross_account_permission;enable_provisioned_concurrency;layer_local_path;enable_sqs_event;routing_config;enable_code_signing;source_arn;layer_source_type,27,0,0,27,0,0.0,0.0,lambda_event_source_mapping_state;lambda_event_source_mapping_state_transition_reason;lambda_layer_version_version;lambda_alias_invoke_arn;lambda_provisioned_concurrency_config_id;lambda_code_signing_config_last_modified;lambda_function_qualified_arn;lambda_function_event_invoke_config_id;lambda_function_source_code_hash;lambda_layer_version_layer_arn;lambda_event_source_mapping_last_modifiedn;lambda_function_kms_key_arn;lambda_code_signing_config_id;lambda_alias_arn;lambda_event_source_mapping_function_arn;lambda_layer_version_source_code_size;lambda_function_last_modified;lambda_event_source_mapping_last_processing_result;lambda_function_source_code_size;lambda_function_invoke_arn;lambda_layer_version_created_date;lambda_layer_version_arn;lambda_function_arn;lambda_event_source_mapping_uuid;lambda_code_signing_config_config_id;lambda_permission_id;lambda_code_signing_config_arn,
12,iac_benchmark/scenarios/gh_3a4dde50,True,5,False,12,4,0,12,4,0.0,0.0,aws_waf_web_acl;aws_waf_rule_group;aws_waf_size_constraint_set;aws_waf_xss_match_set;aws_waf_rule;aws_waf_geo_match_set;aws_waf_rate_based_rule;aws_waf_regex_pattern_set;aws_waf_ipset;aws_waf_byte_match_set;aws_waf_sql_injection_match_set;aws_waf_regex_match_set,aws_wafv2_rule_group;aws_wafv2_regex_pattern_set;aws_wafv2_ip_set;aws_wafv2_web_acl,0,0,0,0,0,100.0,100.0,,,47,13,12,35,1,25.53,92.31,enable_waf_rule;waf_geo_match_set_geo_match_constraint;waf_regex_pattern_set_regex_pattern_strings;tags;waf_rule_group_metric_name;waf_size_constraint_set_size_constraints;waf_xss_match_set_xss_match_tuples;waf_regex_match_set_name;waf_rule_name;waf_regex_pattern_set_name;waf_sql_injection_match_set_name;waf_web_acl_default_action;waf_ipset_ip_set_descriptors;waf_rate_based_rule_rate_key;waf_size_constraint_set_name;waf_ipset_name;name;waf_rule_group_activated_rule;waf_rate_based_rule_name;waf_rule_predicates;waf_rule_metric_name;waf_rate_based_rule_metric_name;waf_rate_based_rule_predicates;waf_regex_match_set_regex_match_tuple;waf_byte_match_set_name;waf_web_acl_logging_configuration;waf_rate_based_rule_rate_limit;waf_byte_match_set_byte_match_tuples;waf_web_acl_name;sql_injection_match_tuples;waf_geo_match_set_name;waf_xss_match_set_name;waf_web_acl_metric_name;waf_rule_group_name;waf_web_acl_rules,name_prefix,22,0,0,22,0,0.0,0.0,waf_ipset_arn;waf_ipset_id;waf_web_acl_arn;waf_rate_based_rule_id;waf_rate_based_rule_arn;waf_regex_pattern_set_id;waf_rule_group_arn;waf_regex_match_set_id;waf_sql_injection_match_set_id;waf_xss_match_set_arn;waf_size_constraint_set_arn;waf_web_acl_id;waf_rule_group_id;waf_geo_match_set_id;waf_geo_match_set_arn;waf_rule_arn;waf_rule_id;waf_byte_match_set_id;waf_size_constraint_set_id;waf_regex_pattern_set_arn;waf_xss_match_set_id;waf_regex_match_set_arn,
13,iac_benchmark/scenarios/terrads_8ecc16737478,True,3,False,8,14,2,6,12,25.0,14.29,aws_vpc_security_group_egress_rule;aws_vpc_security_group_egress_rule;aws_vpc_security_group_egress_rule;aws_vpc_security_group_egress_rule;aws_vpc_security_group_ingress_rule;aws_vpc_security_group_ingress_rule,aws_route_table;aws_route_table;aws_security_group_rule;aws_security_group_rule;aws_vpc;aws_subnet;aws_subnet;aws_internet_gateway;aws_route_table_association;aws_route_table_association;aws_eip;aws_nat_gateway,1,1,1,0,0,100.0,100.0,,,0,2,0,0,2,0.0,0.0,,vpc_cidr;subnet_cidrs,5,0,0,5,0,0.0,0.0,vpc_id;vpc_cidr;cluster2_additional_sg_id;subnet_ids;cluster1_additional_sg_id,
14,iac_benchmark/scenarios/terrads_31b9a6dde088,True,4,False,10,17,9,1,8,90.0,52.94,aws_iam_role_policy_attachment,aws_vpc;aws_efs_file_system;aws_efs_mount_target;aws_iam_role_policy;aws_cloudwatch_log_group;aws_security_group;aws_subnet;aws_efs_access_point,0,2,0,0,2,0.0,0.0,,aws_availability_zones;archive_file,9,3,0,9,3,0.0,0.0,vpc;tags;tracing;layer;name;filesystem;lambda;logs;policy_arns,prefix;lambda_functions;common_tags,4,0,0,4,0,0.0,0.0,logs;layer;function;alias,
15,iac_benchmark/scenarios/gh_7b224d4a,True,3,False,7,12,7,0,5,100.0,58.33,,aws_s3_bucket_public_access_block;aws_s3_bucket;aws_s3_bucket_server_side_encryption_configuration;aws_wafv2_web_acl;aws_kms_key,0,1,0,0,1,0.0,0.0,,aws_caller_identity,0,1,0,0,1,0.0,0.0,,tags,0,0,0,0,0,100.0,100.0,,
16,iac_benchmark/scenarios/terrads_82192fbc1740,True,5,False,17,22,14,3,8,82.35,63.64,aws_security_group_rule;aws_security_group_rule;aws_efs_access_point,aws_route_table;aws_vpc;aws_internet_gateway;aws_route_table_association;aws_cloudwatch_log_group;aws_iam_role_policy_attachment;aws_subnet;aws_kms_key,4,3,1,3,2,25.0,33.33,aws_iam_policy_document;aws_iam_policy_document;aws_iam_policy_document,aws_availability_zones;aws_region,32,1,1,31,0,3.12,100.0,create_iam_role;security_groups;tags;encrypted;enable_user_access_point;sftp_domain;efs_name;create_sftp_security_group;home_directory;efs_security_group_rules;additional_access_points;provided_iam_role_arn;home_directory_type;logging_enabled;is_public;create_efs_security_group;eip_ids;endpoint_type;region;vpc_id;security_policy_name;sftp_security_group_ids;throughput_mode;kms_key_id;subnets;efs_security_group_name;sftp_name;performance_mode;sftp_security_group_name;identity_provider_type;sftp_security_group_rules,,14,0,0,14,0,0.0,0.0,iam_role_arn;efs_mount_target_ids;additional_access_points;user_access_points;sftp_server_arn;sftp_server_endpoint;efs_file_system_id;sftp_server_id;efs_file_system_arn;sftp_user_usernames;sftp_security_group_id;efs_mount_target_dns_names;sftp_elastic_ips;efs_security_group_id,
17,iac_benchmark/scenarios/gh_0af37618,True,3,False,10,10,10,0,0,100.0,100.0,,,3,2,2,1,0,66.67,100.0,aws_region,,6,6,5,1,1,83.33,83.33,env,environment,8,8,3,5,5,37.5,37.5,account_id;vpc_cidr;private_subnet_cidrs;region;public_subnet_cidrs,aws_account_id;vpc_cidr_block;region_description;public_subnet_cidr_blocks;private_subnet_cidr_blocks
18,iac_benchmark/scenarios/terrads_b26db08be605,True,5,False,36,40,23,13,17,63.89,57.5,aws_alb;aws_iam_policy_attachment;aws_subnet;aws_subnet;aws_subnet;aws_subnet;aws_alb_listener;aws_alb_listener;aws_route_table_association;aws_route_table_association;aws_route_table_association;aws_route_table_association;aws_alb_target_group,aws_lb_listener;aws_security_group;aws_acm_certificate_validation;aws_secretsmanager_secret;aws_wafv2_web_acl;aws_vpc_endpoint;aws_vpc_endpoint;aws_vpc_endpoint;aws_vpc_endpoint;aws_iam_role_policy_attachment;aws_iam_role_policy_attachment;aws_iam_policy;aws_iam_policy;aws_lb;aws_cloudfront_distribution;aws_secretsmanager_secret_version;aws_lb_target_group,0,1,0,0,1,0.0,0.0,,aws_availability_zones,1,10,0,1,10,0.0,0.0,AWS_REGION,puid;timezone;container_port;memory;workspace_path;hashed_password;cpu;pgid;domain_name;subdomain,1,0,0,1,0,0.0,0.0,ns-servers,
19,iac_benchmark/scenarios/terrads_e0aca3ee1a17,True,3,False,9,8,8,1,0,88.89,100.0,aws_security_group_rule,,1,1,1,0,0,100.0,100.0,,,5,8,4,1,4,80.0,50.0,number_of_availability_zones,map_public_ip_on_launch;environment;az_count;egress_cidr_blocks,2,2,1,1,1,50.0,50.0,public_sg,security_group_id
20,iac_benchmark/scenarios/terrads_25476de431a3,True,3,False,8,12,6,2,6,75.0,50.0,aws_iam_policy_attachment;random_string,random_id;aws_s3_bucket_server_side_encryption_configuration;aws_s3_object;aws_iam_user_policy_attachment;aws_kms_key;aws_s3_bucket_versioning,1,1,0,1,1,0.0,0.0,aws_region,aws_iam_policy_document,15,7,1,14,6,6.67,14.29,create_folder;create_iam_user;image_filename;s3_folder;zedcloud_datastore_name;image_format;zedcloud_image_name;aws_iam_policy;random_suffix;force_destroy;upload_image;path;random_string_length;aws_iam_username,image_file_path;folder_enabled;iam_policy_name;create_random_suffix;folder_name;iam_user_name,12,4,0,12,4,0.0,0.0,zcli_image_command;s3_fqdn_path_url;s3_fqdn_virtual_url;zcli_datastore_command;aws_access_secret;aws_access_key_id;zcli_image_command_fmt;s3_region_name;s3_image_name;zcli_datastore_command_fmt;s3_bucket_path;s3_bucket_name,access_key_id;secret_access_key;zcli_register_datastore;zcli_create_image
21,iac_benchmark/scenarios/terrads_2a8715e9108a,True,4,False,10,13,7,3,6,70.0,53.85,aws_s3_bucket_object;aws_s3_bucket_policy;aws_s3_bucket_policy,aws_s3_bucket_server_side_encryption_configuration;aws_s3_bucket_server_side_encryption_configuration;aws_s3_object;aws_s3_bucket_logging;aws_s3_bucket_versioning;aws_s3_bucket_versioning,1,3,1,0,2,100.0,33.33,,aws_region;aws_iam_policy_document,5,0,0,5,0,0.0,0.0,tfstate_bucket_name_prefix;s3_logs_bucket_name_prefix;tfstate_lock_table_name;environment;aws_region,,3,0,0,3,0,0.0,0.0,caller_user;caller_arn;account_id,
22,iac_benchmark/scenarios/terrads_765efd6394eb,True,4,False,9,8,5,4,3,55.56,62.5,aws_lb_ssl_negotiation_policy;aws_app_cookie_stickiness_policy;aws_lb_cookie_stickiness_policy;aws_proxy_protocol_policy,aws_load_balancer_policy;aws_load_balancer_policy;aws_load_balancer_policy,0,0,0,0,0,100.0,100.0,,,44,31,1,43,30,2.27,3.23,elb_attachment_elb_id;enable_elb;tags;proxy_protocol_policy_load_balancer;elb_availability_zones;load_balancer_policy_policy_attribute;load_balancer_backend_server_policy_policy_names;load_balancer_listener_policy_load_balancer_port;load_balancer_listener_policy_policy_names;elb_idle_timeout;enable_app_cookie_stickiness_policy;enable_load_balancer_backend_server_policy;name;elb_access_logs;elb_subnets;lb_ssl_negotiation_policy_name;lb_ssl_negotiation_policy_load_balancer;elb_listener;load_balancer_backend_server_policy_load_balancer_name;load_balancer_listener_policy_load_balancer_name;elb_connection_draining_timeout;enable_load_balancer_listener_policy;enable_lb_cookie_stickiness_policy;load_balancer_policy_policy_name;enable_proxy_protocol_policy;load_balancer_backend_server_policy_instance_port;elb_security_groups;elb_name;load_balancer_policy_policy_type_name;elb_attachment_instances;elb_cross_zone_load_balancing;elb_connection_draining;elb_health_check;elb_internal;app_cookie_stickiness_policy_stack;lb_cookie_stickiness_policy_stack;enable_elb_attachment;enable_lb_ssl_negotiation_policy;lb_ssl_negotiation_policy_lb_port;lb_ssl_negotiation_policy_attribute;enable_load_balancer_policy;load_balancer_policy_load_balancer_name;proxy_protocol_policy_instance_ports,security_groups;connection_draining;instance_attachments;listener_policy_names_map;proxy_protocol_version;cookie_name;health_check;access_logs;enable_proxy_protocol;app_cookie_policy_name;backend_policy_names_map;enable_lb_cookie_stickiness;enable_instance_attachment;create_elb;enable_ssl_negotiation;lb_cookie_policy_name;enable_listener_policy;name_prefix;ssl_security_policy;enable_backend_server_policy;proxy_protocol_policy_name;connection_draining_timeout;enable_app_cookie_stickiness;listeners;lb_cookie_expiration_period;idle_timeout;subnets;internal;cross_zone_load_balancing;ssl_negotiation_policy_name,35,0,0,35,0,0.0,0.0,lb_cookie_stickiness_policy_load_balancer;elb_instances;load_balancer_listener_policy_load_balancer_port;elb_source_security_group;app_cookie_stickiness_policy_name;lb_cookie_stickiness_policy_id;app_cookie_stickiness_policy_load_balancer;elb_attachment_id;elb_arn;lb_cookie_stickiness_policy_lb_port;lb_cookie_stickiness_policy_name;lb_ssl_negotiation_policy_id;app_cookie_stickiness_policy_cookie_name;lb_ssl_negotiation_policy_name;load_balancer_backend_server_policy_id;load_balancer_listener_policy_id;lb_ssl_negotiation_policy_load_balancer;proxy_protocol_policy_id;load_balancer_listener_policy_load_balancer_name;load_balancer_backend_server_policy_load_balancer_name;app_cookie_stickiness_policy_id;app_cookie_stickiness_policy_lb_port;load_balancer_policy_policy_name;load_balancer_backend_server_policy_instance_port;elb_name;elb_id;elb_zone_id;load_balancer_policy_policy_type_name;elb_dns_name;load_balancer_policy_id;lb_cookie_stickiness_policy_cookie_expiration_period;lb_ssl_negotiation_policy_lb_port;lb_ssl_negotiation_policy_attribute;load_balancer_policy_load_balancer_name;elb_source_security_group_id,
23,iac_benchmark/scenarios/terrads_3e8cb545e8ce,True,3,False,5,5,4,1,1,80.0,80.0,aws_ecr_repository_policy,aws_ecrpublic_repository_policy,7,0,0,7,0,0.0,0.0,aws_iam_policy_document;aws_iam_policy_document;aws_iam_policy_document;aws_iam_policy_document;aws_iam_policy_document;aws_iam_policy_document;aws_iam_policy_document,,16,6,0,16,6,0.0,0.0,enable_public_ecr;enable;tags;max_untagged_image_count;enable_private_ecr;principals_readonly_access;repository_name;encryption_type;repository_force_delete;kms_key;scan_on_push;image_tag_mutability;public_repository_catalog_data;timeouts;principals_full_access;max_image_count,repo_name;max_tagged_images;untagged_image_count;read_principals;write_principals;visibility,4,4,2,2,2,50.0,50.0,arn;registry_url,repository_arn;repository_url
24,iac_benchmark/scenarios/gh_6f9b1167,True,3,False,18,17,13,5,4,72.22,76.47,aws_apigatewayv2_integration_response;aws_apigatewayv2_integration_response;aws_iam_role_policy;aws_apigatewayv2_route_response;aws_apigatewayv2_route_response,aws_iam_role_policy_attachment;aws_iam_policy;aws_iam_policy;aws_apigatewayv2_deployment,2,4,1,1,3,50.0,25.0,aws_caller_identity,aws_iam_policy_document;aws_iam_policy_document;aws_iam_policy_document,0,0,0,0,0,100.0,100.0,,,1,0,0,1,0,0.0,0.0,ws_endpoint,
25,iac_benchmark/scenarios/terrads_9d168e7478ae,True,4,False,16,15,14,2,1,87.5,93.33,aws_iam_role_policy_attachment;aws_iam_policy,aws_iam_role_policy,2,0,0,2,0,0.0,0.0,aws_caller_identity;aws_region,,0,0,0,0,0,100.0,100.0,,,2,2,0,2,2,0.0,0.0,apigw_key;apigw_endpoint,api_invoke_url;api_key_value
26,iac_benchmark/scenarios/terrads_f60d1837f9eb,True,5,False,26,22,19,7,3,73.08,86.36,aws_network_acl_rule;aws_network_acl_rule;aws_network_acl_rule;aws_network_acl_rule;aws_network_acl;aws_network_acl;aws_egress_only_internet_gateway,aws_iam_role_policy;aws_cloudwatch_log_group;aws_iam_role,0,2,0,0,2,0.0,0.0,,aws_availability_zones;aws_iam_policy_document,53,5,2,51,3,3.77,40.0,enable_dns_hostnames;private_outbound_acl_rules;manage_default_security_group;dhcp_options_domain_name_servers;private_acl_tags;aws_network_acls;ipv4_netmask_length;public_subnet_ipv6_prefixes;ipv6_ipam_pool_id;create_egress_only_igw;ipv6_cidr;enable_ipv6;dhcp_options_netbios_node_type;ipv4_ipam_pool_id;enable_network_address_usage_metrics;dhcp_options_ntp_servers;default_security_group_tags;default_route_table_tags;private_inbound_acl_rules;default_network_acl_egress;private_subnets;create_vpc;dhcp_options_id;manage_default_network_acl;dhcp_options_tags;ipv6_netmask_length;default_network_acl_tags;use_ipam_pool;enable_dhcp_options_association;instance_tenancy;public_route_tables;private_dedicated_network_acl;create_igw;ipv6_cidr_block_network_border_group;create_dhcp_options;private_subnet_ipv6_prefixes;public_subnets;private_route_tables;default_network_acl_ingress;default_security_group_egress;manage_default_route_table;default_route_table_routes;cidr;igw_tags;nat_gateways;dhcp_options_netbios_name_servers;default_security_group_ingress;default_route_table_propagating_vgws;aws_flow_logs;dhcp_options_domain_name;enable_dns_support,az_count;dhcp_domain_name_servers;dhcp_domain_name,3,3,3,0,0,100.0,100.0,,
27,iac_benchmark/scenarios/terrads_6516229c5944,True,3,False,8,11,7,1,4,87.5,63.64,aws_iam_user_group_membership,aws_iam_role_policy_attachment;aws_iam_user_policy_attachment;aws_iam_user;aws_iam_group_membership,4,2,2,2,0,50.0,100.0,aws_iam_policy;aws_iam_policy_document,,12,9,0,12,9,0.0,0.0,group_info;create_iam_user_group_membership;create_iam_read_only_and_s3_full_access_policy;users;create_iam_ec2_get_console_screenshot_policy_attachment;create_iam_role_with_policy;create_iam_group;create_iam_ec2_get_console_screenshot_policy;create_iam_users;iam_read_only_and_s3_full_access;create_iam_read_only_and_s3_full_access_policy_attachment;ec2_get_console_screenshot,create_readonly_s3_policy;create_group_policy_attachment;create_screenshot_policy;create_ec2_role;create_user_group_membership;create_jack_user;create_jones_user;create_developers_group;create_user_policy_attachment,0,0,0,0,0,100.0,100.0,,
28,iac_benchmark/scenarios/terrads_11585d5feec9,True,4,False,11,22,7,4,15,63.64,31.82,aws_s3_bucket_acl;aws_iam_role_policy;aws_iam_role_policy;random_integer,aws_s3_bucket_server_side_encryption_configuration;aws_s3_bucket_server_side_encryption_configuration;aws_s3_bucket_public_access_block;aws_s3_bucket_public_access_block;aws_s3_bucket;aws_iam_role_policy_attachment;aws_iam_role_policy_attachment;aws_iam_policy;aws_iam_policy;aws_dynamodb_table;aws_iam_user;aws_kms_key;aws_kms_key;aws_s3_bucket_versioning;aws_s3_bucket_versioning,3,2,1,2,1,33.33,50.0,aws_dynamodb_table;aws_s3_bucket,aws_region,6,8,0,6,8,0.0,0.0,dynamodb_table_name;aws_bucket_prefix;code_commit_user;state_bucket;codebuild_terraform_version;region,codecommit_username;state_table_name;repo_name;terraform_version;logs_bucket_name;state_bucket_name;default_branch;state_key,1,0,0,1,0,0.0,0.0,code_commit_url,
29,iac_benchmark/scenarios/gh_88540324,True,3,False,4,4,4,0,0,100.0,100.0,,,0,0,0,0,0,100.0,100.0,,,24,14,2,22,12,8.33,14.29,codeartifact_repository_domain;codeartifact_domain_permissions_policy_revision;codeartifact_repository;codeartifact_repository_permissions_policy_domain;codeartifact_domain_permissions_policy_domain_owner;enable_codeartifact_repository_permissions_policy;codeartifact_domain;enable_codeartifact_domain_permissions_policy;name;codeartifact_domain_encryption_key;codeartifact_repository_permissions_policy_policy_revision;codeartifact_repository_external_connections;codeartifact_domain_permissions_policy_document;codeartifact_repository_description;codeartifact_domain_permissions_policy_domain;enable_codeartifact_domain;codeartifact_repository_domain_owner;enable_codeartifact_repository;codeartifact_repository_permissions_policy_domain_owner;codeartifact_repository_permissions_policy_repository;codeartifact_repository_permissions_policy_document;codeartifact_repository_upstream,base_name;repository_policy_document;enable_domain;repository_name;enable_repository_policy;kms_key_arn;upstream_repositories;enable_repository;external_connections;domain_policy_document;enable_domain_policy;domain_name,14,12,0,14,12,0.0,0.0,codeartifact_domain_permissions_policy_id;codeartifact_repository_permissions_policy_id;codeartifact_repository_id;codeartifact_domain_owner;codeartifact_domain_arn;codeartifact_domain_id;_resource_arn;codeartifact_repository_arn;codeartifact_domain_domain;codeartifact_domain_created_time;codeartifact_domain_asset_size_bytes;codeartifact_repository_administrator_account;codeartifact_domain_repository_count;codeartifact_repository_permissions_resource_policy_arn,repository_arn;domain_owner;repository_id;domain_repository_count;domain_id;domain_asset_size_bytes;domain_created_time;repository_policy_arn;repository_domain_owner;repository_domain_name;domain_arn;domain_policy_arn
30,iac_benchmark/scenarios/terrads_202ad9eccfce,True,5,False,26,54,26,0,28,100.0,48.15,,aws_network_acl_rule;aws_network_acl_rule;aws_network_acl_rule;aws_network_acl_rule;aws_network_acl_rule;aws_network_acl_rule;aws_network_acl_rule;aws_network_acl_rule;aws_network_acl_rule;aws_network_acl_rule;aws_network_acl_rule;aws_network_acl_rule;aws_network_acl_rule;aws_network_acl_rule;aws_network_acl_rule;aws_network_acl_rule;aws_network_acl_rule;aws_network_acl_rule;aws_network_acl_rule;aws_network_acl_rule;aws_network_acl_rule;aws_network_acl_rule;aws_network_acl_association;aws_network_acl_association;aws_network_acl_association;aws_network_acl_association;aws_network_acl_association;aws_network_acl,0,1,0,0,1,0.0,0.0,,aws_availability_zones,9,1,0,9,1,0.0,0.0,internal_domain;reserved_subnet_cidr;dns_resolvers;database_subnet_cidr;ssh_ip_addrs;vpc_cidr;sandbox_subnet_cidr;web_subnet_cidr;gameserver_subnet_cidr,ssh_allowed_cidrs,8,8,6,2,2,75.0,75.0,ssh_securitygroup_id;internal_dns_zone_id,ssh_security_group_id;internal_zone_id
31,iac_benchmark/scenarios/gh_8963e028,True,3,False,7,7,7,0,0,100.0,100.0,,,0,0,0,0,0,100.0,100.0,,,26,14,5,21,9,19.23,35.71,backup_vault_policy_backup_vault_name;backup_global_settings;backup_selection_name;tags;backup_region_settings_resource_type_opt_in_preference;backup_plan_name;enable_backup_vault_notifications;backup_plan_rule;backup_vault_kms_key_arn;name;backup_vault_notifications_sns_topic_arn;backup_vault_notifications_backup_vault_events;backup_selection_selection_tag;backup_selection_plan_id;enable_backup_vault_policy;environment;backup_vault_name;backup_vault_notifications_backup_vault_name;backup_selection_iam_role_arn;enable_backup_vault;backup_vault_policy,backup_plan_rules;vault_policy_json;region_settings_opt_ins;iam_role_arn;sns_topic_arn;name_prefix;cross_account_backup_enabled;backup_selection_tags;environment_tag,13,0,0,13,0,0.0,0.0,backup_vault_recovery_points;backup_vault_notifications_backup_vault_arn;backup_plan_arn;backup_vault_arn;backup_vault_policy_backup_vault_arn;backup_vault_policy_id;backup_vault_notifications_id;backup_plan_id;backup_global_settings_id;backup_vault_id;backup_selection_id;backup_plan_version;backup_region_settings_id,
32,iac_benchmark/scenarios/terrads_24c03d00dfc1,True,3,False,9,3,3,6,0,33.33,100.0,aws_iam_user_policy;aws_iam_user_policy;aws_iam_user;aws_iam_user;aws_iam_access_key;aws_iam_access_key,,5,1,1,4,0,20.0,100.0,aws_caller_identity;aws_availability_zones;aws_iam_policy_document;aws_iam_policy_document,,0,0,0,0,0,100.0,100.0,,,7,0,0,7,0,0.0,0.0,prod_user_unique_id;test_user_unique_id;dev_user_unique_id;dev_user_name;test;current_user;prod_user_name,
33,iac_benchmark/scenarios/terrads_967b5442ed58,True,5,False,31,13,13,18,0,41.94,100.0,aws_route_table;aws_route_table;aws_subnet;aws_subnet;aws_subnet;aws_subnet;aws_subnet;aws_subnet;aws_route_table_association;aws_route_table_association;aws_route_table_association;aws_route_table_association;aws_route_table_association;aws_route_table_association;aws_eip;aws_eip;aws_nat_gateway;aws_nat_gateway,,1,1,1,0,0,100.0,100.0,,,16,0,0,16,0,0.0,0.0,public_subnet_az1_cidr;vpc_cidr;private_database_subnet_az3_cidr;private_route_table_az3_cidr;private_app_subnet_az1_cidr;database_route_table_cidr;private_route_table_az1_cidr;private_route_table_az2_cidr;private_database_subnet_az2_cidr;public_subnet_az3_cidr;public_route_table_cidr;env;public_subnet_az2_cidr;private_app_subnet_az2_cidr;private_app_subnet_az3_cidr;private_database_subnet_az1_cidr,,25,0,0,25,0,0.0,0.0,vpc_id;internet_gateway;eip-for-nat-gateway-az2;private_app_subnet_az1_id;database_route_table;availability_zone_1;availability_zone_2;public_subnet_az2_id;private_route_table_az1;eip-for-nat-gateway-az1;private_database_subnet_az2_id;public_subnet_az1_id;nat-gateway-az2;public_route_table;private_app_subnet_az2_id;public_subnet_az3_id;private_app_subnet_az3_id;private_database_subnet_az1_id;private_route_table_az2;nat-gateway-az1;nat-gateway-az3;eip-for-nat-gateway-az3;availability_zone_3;private_database_subnet_az3_id;private_route_table_az3,
34,iac_benchmark/scenarios/terrads_502f773ea348,True,4,False,8,6,6,2,0,75.0,100.0,aws_sqs_queue_redrive_allow_policy;aws_sqs_queue_redrive_policy,,4,0,0,4,0,0.0,0.0,aws_caller_identity;aws_region;aws_iam_policy_document;aws_iam_policy_document,,40,9,5,35,4,12.5,55.56,dlq_delay_seconds;dlq_tags;tags;queue_policy_statements;create;max_message_size;source_queue_policy_documents;dlq_queue_policy_statements;dlq_kms_data_key_reuse_period_seconds;name;kms_master_key_id;create_dlq_queue_policy;sqs_managed_sse_enabled;source_dlq_queue_policy_documents;redrive_allow_policy;content_based_deduplication;fifo_queue;use_name_prefix;create_dlq;dlq_sqs_managed_sse_enabled;redrive_policy;create_queue_policy;deduplication_scope;dlq_receive_wait_time_seconds;override_dlq_queue_policy_documents;fifo_throughput_limit;dlq_content_based_deduplication;dlq_redrive_allow_policy;dlq_kms_master_key_id;dlq_deduplication_scope;dlq_visibility_timeout_seconds;override_queue_policy_documents;dlq_message_retention_seconds;create_dlq_redrive_allow_policy;kms_data_key_reuse_period_seconds,main_queue_policy;queue_name;max_receive_count;dlq_queue_policy,10,4,0,10,4,0.0,0.0,queue_name;queue_arn_static;dead_letter_queue_arn_static;queue_arn;dead_letter_queue_arn;dead_letter_queue_id;queue_url;dead_letter_queue_name;dead_letter_queue_url;queue_id,dlq_queue_url;main_queue_arn;dlq_queue_arn;main_queue_url
35,iac_benchmark/scenarios/gh_ee089b0d,True,4,False,16,19,11,5,8,68.75,57.89,aws_iam_role_policy_attachment;aws_iam_role_policy_attachment;aws_iam_role_policy_attachment;aws_iam_role;aws_iam_role,aws_iam_policy;aws_iam_policy;aws_iam_policy;aws_iam_policy;aws_iam_instance_profile;aws_iam_instance_profile;aws_iam_instance_profile;aws_iam_role_policy,7,2,1,6,1,14.29,50.0,aws_iam_policy;aws_iam_policy;aws_iam_policy;aws_iam_policy;aws_iam_policy;aws_iam_policy,aws_partition,0,1,0,0,1,0.0,0.0,,prefix,0,0,0,0,0,100.0,100.0,,
36,iac_benchmark/scenarios/terrads_b4c86b74a08f,True,5,False,28,27,20,8,7,71.43,74.07,aws_ecs_cluster_capacity_providers;aws_iam_role_policy_attachment;aws_iam_role_policy_attachment;aws_iam_role_policy_attachment;aws_iam_role_policy_attachment;aws_iam_role_policy_attachment;aws_iam_role_policy_attachment;random_string,random_id;aws_lb_listener;aws_security_group;aws_lb;aws_security_group_rule;aws_iam_role;aws_kms_key,9,3,1,8,2,11.11,33.33,aws_security_groups;aws_lb;aws_iam_policy_document;aws_iam_policy_document;aws_vpcs;aws_lb_listener;aws_kms_secrets;aws_subnets,aws_availability_zones;aws_caller_identity,37,20,1,36,19,2.7,5.0,memory;tags;max_capacity;timeout;scale_out_cooldown;subnet_tags;sg_tags;health_check_grace_period_seconds;enable_execute_command;matcher;interval;listener_port;host;command;stickiness;assign_public_ip;name;source_ips;deregistration_delay;scale_in_cooldown;min_capacity;retention_in_days;image;vpc_tags;environment;wait_for_steady_state;target_value;unhealthy_threshold;health_check_path;domain;container_insights_enabled;port;lb_enabled;healthy_threshold;cpu;lb_tags,target_group_stickiness_cookie_duration;alb_host_header_suffix;alb_port;autoscaling_scale_out_cooldown;service_name;vpc_cidr;task_memory;autoscaling_scale_in_cooldown;alb_allowed_cidrs;container_port;create_autoscaling;create_lb;task_cpu;log_retention_days;container_image;container_environment;autoscaling_target_cpu;autoscaling_max_capacity;autoscaling_min_capacity,1,1,0,1,1,0.0,0.0,id,resource_id
37,iac_benchmark/scenarios/terrads_d85ca07b31c2,True,5,False,23,28,20,3,8,86.96,71.43,aws_iam_role_policy_attachment;aws_iam_role;aws_iam_role,tls_self_signed_cert;tls_private_key;aws_eip;aws_subnet;aws_nat_gateway;aws_route_table;aws_route_table_association;aws_acm_certificate,6,2,2,4,0,33.33,100.0,aws_caller_identity;aws_iam_policy_document;aws_iam_policy_document;aws_iam_policy_document,,7,3,0,7,3,0.0,0.0,instance_type;max_instances;ecs_cluster;deployment_minimum_healthy_percent;min_instances;deployment_maximum_percent;desired_task_count,service_desired_count;cluster_name;instance_count,1,0,0,1,0,0.0,0.0,address,
38,iac_benchmark/scenarios/terrads_bf99d2d68ca6,True,4,False,11,11,8,3,3,72.73,72.73,aws_vpc_security_group_egress_rule;aws_vpc_security_group_ingress_rule;aws_default_security_group,aws_security_group;aws_security_group_rule;aws_route,1,1,0,1,1,0.0,0.0,aws_region,aws_availability_zones,9,8,4,5,4,44.44,50.0,vpc;tags;internet_gateway;nat_gateway;region,internet_gateways;nat_gateways;vpcs;security_group_rules,0,0,0,0,0,100.0,100.0,,
39,iac_benchmark/scenarios/terrads_726ca27fa34a,True,3,False,5,19,5,0,14,100.0,26.32,,aws_s3_bucket_server_side_encryption_configuration;aws_s3_bucket_cors_configuration;aws_s3_bucket_acl;aws_s3_bucket_acl;aws_s3_bucket_lifecycle_configuration;aws_s3_bucket_object_lock_configuration;aws_s3_bucket_public_access_block;aws_s3_bucket_replication_configuration;aws_s3_bucket_logging;aws_s3_bucket_request_payment_configuration;aws_s3_bucket_policy;aws_s3_bucket_website_configuration;aws_s3_bucket_accelerate_configuration;aws_s3_bucket_versioning,1,1,0,1,1,0.0,0.0,aws_iam_policy_document,aws_caller_identity,25,17,8,17,9,32.0,47.06,replication_role;website_index_document;tags;mfa_delete;website_error_document;object_lock_configuration;logging_target_prefix;region;prefix;website_routing_rules;logging_target_bucket;encryption;website_redirect_all;acceleration_status;policy;kms_key;versioning,object_lock;bucket_prefix;replication_role_arn;logging;kms_key_arn;versioning_enabled;website;bucket_policy;acceleration_enabled,6,6,2,4,4,33.33,33.33,regional_domain_name;arn;id;region,bucket_arn;bucket_region;bucket_id;bucket_regional_domain_name
40,iac_benchmark/scenarios/terrads_5a206a75e8f1,True,4,False,23,8,8,15,0,34.78,100.0,aws_security_group_rule;aws_security_group_rule;aws_security_group_rule;aws_security_group_rule;aws_security_group_rule;aws_security_group_rule;aws_security_group_rule;aws_security_group_rule;aws_security_group_rule;aws_security_group_rule;aws_security_group_rule;aws_security_group_rule;aws_security_group_rule;aws_security_group_rule;aws_security_group_rule,,0,1,0,0,1,0.0,0.0,,aws_availability_zones,0,1,0,0,1,0.0,0.0,,allowed_ssh_cidr,1,0,0,1,0,0.0,0.0,rds_security_group,
41,iac_benchmark/scenarios/gh_3ec69cfa,True,3,False,4,4,4,0,0,100.0,100.0,,,0,0,0,0,0,100.0,100.0,,,25,17,2,23,15,8.0,11.76,tags;efs_access_point_name;efs_file_system_name;efs_access_point_root_directory;efs_file_system_throughput_mode;efs_file_system_policy_file_system_id;efs_mount_target_file_system_id;efs_mount_target_ip_address;enable_efs_mount_target;efs_file_system_policy_policy;efs_access_point_posix_user;efs_file_system_kms_key_id;enable_efs_file_system_policy;efs_file_system_provisioned_throughput_in_mibps;efs_file_system_encrypted;efs_file_system_creation_token;enable_efs_access_point;efs_file_system_lifecycle_policy;efs_access_point_file_system_id;enable_efs_file_system;efs_file_system_performance_mode;efs_mount_target_security_groups;efs_mount_target_subnet_ids,encrypted;mount_target_ip_addresses;enable_access_point;enable_file_system_policy;provisioned_throughput_in_mibps;access_point_config;prefix;mount_target_security_groups;throughput_mode;kms_key_id;lifecycle_policy;enable_mount_targets;performance_mode;subnet_ids;file_system_policy_document,16,0,0,16,0,0.0,0.0,efs_access_point_id;efs_mount_target_network_interface_id;efs_access_point_file_system_arn;efs_mount_target_dns_name;efs_mount_target_mount_target_dns_name;efs_mount_target_file_system_arn;efs_mount_target_availability_zone_id;efs_mount_target_availability_zone_name;efs_file_system_policy_id;efs_file_system_id;efs_file_system_dns_name;efs_file_system_kms_key_id;efs_file_system_arn;efs_mount_target_id;efs_mount_target_owner_id;efs_access_point_arn,
42,iac_benchmark/scenarios/terrads_1def7c8627ad,True,4,False,20,19,19,1,0,95.0,100.0,aws_route_table,,0,1,0,0,1,0.0,0.0,,aws_availability_zones,10,0,0,10,0,0.0,0.0,cidr_vpc;subpvt2;az_sub_pub2;subpub1;azpub1;az_sub_pvt1;az_sub_pvt2;subpvt1;subpub2;aws_region,,0,0,0,0,0,100.0,100.0,,
43,iac_benchmark/scenarios/terrads_73cb6ac4fe1b,True,5,False,12,15,8,4,7,66.67,53.33,aws_iam_role_policy_attachment;aws_iam_role_policy_attachment;aws_iam_role_policy_attachment;aws_iam_policy,aws_sns_topic;aws_iam_role_policy;aws_iam_role_policy;aws_iam_role_policy;aws_kms_alias;aws_backup_vault;aws_kms_key,4,5,3,1,2,75.0,60.0,aws_partition,aws_iam_policy_document;aws_iam_policy_document,26,17,3,23,14,11.54,17.65,selection_not_resources;notifications;enabled;selection_conditions;rule_lifecycle_cold_storage_after;selection_name;iam_role_arn;rule_name;rule_copy_action_destination_vault_arn;vault_name;rule_schedule;vault_kms_key_arn;rule_enable_continuous_backup;rule_completion_window;rule_recovery_point_tags;plan_name;iam_role_name;rule_lifecycle_delete_after;rule_start_window;selections;windows_vss_backup;rules;rule_copy_action_lifecycle,sns_topic_name;backup_plan_name;backup_schedule;selection_tags_not;enable_vault_notifications;additional_rules;existing_iam_role_arn;enable_windows_vss;backup_enabled;kms_key_arn;backup_vault_name;start_window;completion_window;enable_continuous_backup,6,7,0,6,7,0.0,0.0,vault_id;plan_id;vault_arn;plan_arn;plan_version;plan_role,backup_plan_arn;backup_iam_role_name;backup_vault_arn;backup_plan_id;backup_vault_id;backup_plan_version;backup_iam_role_arn
44,iac_benchmark/scenarios/terrads_3857b74fe599,True,4,False,12,13,11,1,2,91.67,84.62,aws_s3_bucket_lifecycle_configuration,aws_kms_key;aws_iam_openid_connect_provider,3,1,0,3,1,0.0,0.0,aws_caller_identity;aws_iam_policy_document;aws_iam_policy_document,tls_certificate,10,7,2,8,5,20.0,28.57,sa_path;enable_bucket_encryption;tags;cluster_oidc_issuer;force_destroy;buckets;storage_prefix;enable_cloudfront_oia,enable_sse;prefix;cluster_oidc_issuer_url;enable_oai;bucket_list,3,0,0,3,0,0.0,0.0,access_key_id;buckets;access_key_secret,
45,iac_benchmark/scenarios/terrads_572e7016b959,True,3,False,7,10,5,2,5,71.43,50.0,aws_s3_bucket_cors_configuration;aws_s3_bucket_website_configuration,aws_s3_bucket_server_side_encryption_configuration;aws_wafv2_web_acl;aws_kms_key;aws_cloudfront_origin_access_control;aws_s3_bucket_versioning,0,1,0,0,1,0.0,0.0,,aws_iam_policy_document,2,0,0,2,0,0.0,0.0,frontend_bucket_name;region,,3,0,0,3,0,0.0,0.0,frontend_bucket_name;cloudfront_distribution_domain_name;cloudfront_distribution_id,
46,iac_benchmark/scenarios/gh_254d7b8f,True,4,False,9,8,8,1,0,88.89,100.0,aws_config_configuration_recorder_status,,0,0,0,0,0,100.0,100.0,,,70,38,1,69,37,1.43,2.63,config_organization_managed_rule_timeouts;tags;config_organization_managed_rule_maximum_execution_frequency;config_delivery_channel_name;config_organization_managed_rule_input_parameters;config_organization_custom_rule_excluded_accounts;enable_config_configuration_recorder_status;enable_config_config_rule;config_organization_custom_rule_input_parameters;config_remediation_configuration_config_rule_name;config_delivery_channel_sns_topic_arn;config_organization_managed_rule_tag_value_scope;config_organization_managed_rule_tag_key_scope;config_configuration_recorder_recording_group;region;config_organization_custom_rule_timeouts;enable_config_configuration_aggregator;config_config_rule_name;config_configuration_recorder_status_is_enabled;config_config_rule_scope;config_aggregate_authorization_account_id;config_organization_custom_rule_description;config_config_rule_input_parameters;config_organization_managed_rule_description;enable_config_organization_custom_rule;config_organization_custom_rule_tag_value_scope;config_remediation_configuration_execution_controls;organizations_organization_aws_service_access_principals;enable_config_remediation_configuration;config_organization_custom_rule_lambda_function_arn;config_configuration_aggregator_account_aggregation_source;config_configuration_recorder_status_name;config_aggregate_authorization_name;config_configuration_aggregator_name;config_organization_custom_rule_name;config_remediation_configuration_target_id;config_remediation_configuration_target_type;config_remediation_configuration_parameter;config_delivery_channel_snapshot_delivery_properties;config_configuration_recorder_role_arn;enable_organizations_organization;config_config_rule_description;config_organization_managed_rule_resource_id_scope;config_config_rule_source;enable_config_configuration_recorder;config_remediation_configuration_resource_type;config_organization_managed_rule_identifier;config_organization_managed_rule_name;name;config_delivery_channel_s3_bucket_name;config_remediation_configuration_retry_attempt_seconds;config_config_rule_maximum_execution_frequency;enable_config_aggregate_authorization;config_remediation_configuration_maximum_automatic_attempts;config_configuration_aggregator_organization_aggregation_source;enable_config_delivery_channel;config_organization_managed_rule_resource_types_scope;config_remediation_configuration_target_version;config_organization_custom_rule_maximum_execution_frequency;config_organization_custom_rule_resource_id_scope;config_organization_custom_rule_resource_types_scope;config_configuration_recorder_name;organizations_organization_feature_set;enable_config_organization_managed_rule;config_organization_custom_rule_trigger_types;config_organization_custom_rule_tag_key_scope;config_organization_managed_rule_excluded_accounts;config_delivery_channel_s3_key_prefix;config_remediation_configuration_automatic,base_name;account_rule_scope_tag_value;enable_aggregate_authorization;account_rule_scope_compliance_resource_types;remediation_max_automatic_attempts;account_ids;lambda_function_arn;aggregate_authorization_region;custom_rule_scope_tag_key;source_identifier;aws_region;account_rule_scope_tag_key;remediation_target_id;custom_rule_scope_compliance_resource_types;enable_delivery_channel;enable_org_custom_rule;source_owner;trigger_types;enable_aggregator;enable_remediation;iam_role_arn;remediation_target_type;s3_bucket_name;enable_account_rule;enable_org_managed_rule;remediation_automatic;enable_recorder;account_rule_input_parameters;aggregate_authorization_account_id;managed_rule_scope_tag_value;managed_rule_identifier;custom_rule_scope_tag_value;managed_rule_scope_compliance_resource_types;managed_rule_scope_tag_key;organization_aggregator;remediation_resource_type;managed_rule_input_parameters,9,0,0,9,0,0.0,0.0,config_organization_custom_rule_arn;config_configuration_recorder_id;config_delivery_channel_id;config_config_rule_arn;config_aggregate_authorization_arn;config_config_rule_id;config_remediation_configuration_id;config_organization_managed_rule_arn;config_configuration_aggregator_arn,
47,iac_benchmark/scenarios/terrads_2cf4c191fb3a,True,5,False,16,30,14,2,16,87.5,46.67,aws_s3_bucket_acl;aws_s3_bucket_acl,aws_kms_alias;aws_kms_alias;aws_s3_bucket_versioning;aws_s3_bucket_versioning;aws_s3_bucket_server_side_encryption_configuration;aws_s3_bucket_public_access_block;aws_s3_bucket_public_access_block;aws_s3_bucket_public_access_block;aws_s3_bucket;aws_s3_bucket;aws_s3_bucket;aws_iam_role_policy_attachment;aws_iam_policy;aws_iam_role;aws_kms_key;aws_kms_key,1,2,0,1,2,0.0,0.0,aws_canonical_user_id,aws_caller_identity;aws_region,18,20,1,17,19,5.56,5.0,notifications;ownership_controls;tags;public_access_block;inventory;cors_configuration;acl;bucket;logging;intelligent_tiering_configuration;replication_configuration;server_side_encryption_configuration;request_payment_configuration;grants;policy;force_destroy;versioning,inventory_configurations;logging_prefix;logging_target_bucket_name;replication_rules;enable_notifications;inventory_destination_bucket_name;intelligent_tiering_configurations;bucket_name;enable_inventory;notification_sns_topics;replication_destination_bucket_name;cors_rules;replication_iam_role_name;notification_lambda_functions;enable_request_payment;notification_sqs_queues;enable_replication;enable_logging;bucket_policy,3,3,3,0,0,100.0,100.0,,
48,iac_benchmark/scenarios/terrads_8945dba1c1be,True,4,False,17,17,13,4,4,76.47,76.47,aws_s3_bucket_ownership_controls;aws_s3_bucket_ownership_controls;aws_s3_bucket_acl;aws_s3_bucket_acl,aws_kms_key;aws_s3_bucket_policy;aws_s3_bucket_public_access_block;aws_s3_bucket_public_access_block,0,0,0,0,0,100.0,100.0,,,11,8,1,10,7,9.09,12.5,website_enabled;bucket_acl;logging_bucket;s3_getobject_only;no_versioning;no_logging;sse_algorithm;name;no_default_encryption;s3_public,disable_versioning;disable_encryption;create_fully_public_bucket;enable_website;bucket_prefix;create_publicly_readable_bucket;enable_logging,1,0,0,1,0,0.0,0.0,bucket_id,
49,iac_benchmark/scenarios/terrads_b925822efe24,True,3,False,12,11,10,2,1,83.33,90.91,aws_security_group_rule;aws_security_group_rule,aws_vpc_endpoint,2,3,2,0,1,100.0,66.67,,aws_prefix_list,0,0,0,0,0,100.0,100.0,,,2,1,0,2,1,0.0,0.0,seunghyun_public_ip;aws_vpc_id,public_ip
50,iac_benchmark/scenarios/terrads_bcebc593f734,True,3,False,13,25,6,7,19,46.15,24.0,aws_iam_role_policy;aws_iam_role_policy;aws_iam_role_policy;aws_iam_role_policy;aws_iam_policy_attachment;aws_iam_policy_attachment;aws_iam_role,aws_s3_bucket_server_side_encryption_configuration;aws_s3_bucket_server_side_encryption_configuration;aws_s3_bucket_public_access_block;aws_s3_bucket_public_access_block;aws_s3_bucket;aws_sfn_state_machine;aws_cloudwatch_log_group;aws_kms_alias;aws_glue_job;aws_iam_role_policy_attachment;aws_iam_role_policy_attachment;aws_iam_role_policy_attachment;aws_iam_policy;aws_iam_policy;aws_iam_policy;aws_dynamodb_table;aws_kms_key;aws_lambda_function;aws_s3_bucket_versioning,0,3,0,0,3,0.0,0.0,,aws_caller_identity;archive_file;aws_region,2,1,0,2,1,0.0,0.0,aws_account_id;aws_region,tags,0,0,0,0,0,100.0,100.0,,
51,iac_benchmark/scenarios/terrads_b17fbb76ac06,True,5,False,14,30,12,2,18,85.71,40.0,aws_s3_bucket_ownership_controls;aws_s3_bucket_acl,aws_s3_bucket_server_side_encryption_configuration;aws_s3_bucket_server_side_encryption_configuration;aws_s3_bucket_server_side_encryption_configuration;aws_s3_bucket_public_access_block;aws_s3_bucket_public_access_block;aws_s3_bucket_public_access_block;aws_s3_bucket;aws_s3_bucket;aws_s3_bucket;aws_iam_role_policy_attachment;aws_iam_policy;aws_iam_role;aws_s3_bucket_policy;aws_s3_bucket_policy;aws_s3_bucket_policy;aws_s3_bucket_policy;aws_s3_bucket_versioning;aws_s3_bucket_versioning,3,2,0,3,2,0.0,0.0,aws_iam_policy_document;aws_iam_policy_document;aws_iam_policy_document,aws_caller_identity;aws_region,23,11,1,22,10,4.35,9.09,block_public_acls;restrict_public_buckets;logging;replication_configuration;kms_key_arn;object_ownership_type;object_lock_years;cors_rule;inventory_configuration;object_lock_days;block_public_policy;ignore_public_acls;logging_source_bucket_arns;eventbridge_enabled;policy;name;force_destroy;object_lock_mode;lifecycle_rule;versioning;name_prefix;acl,event_bridge_notifications_enabled;logging_target_bucket;inventory_config;replication_config;encryption_type;object_lock_config;bucket_name;lifecycle_rules;custom_bucket_policy;cors_rules,3,0,0,3,0,0.0,0.0,id;name;arn,
52,iac_benchmark/scenarios/terrads_0b839c616027,True,3,False,6,2,2,4,0,33.33,100.0,aws_iam_role_policy_attachment;aws_iam_role_policy_attachment;aws_iam_role;aws_iam_role,,4,2,1,3,1,25.0,50.0,aws_partition;aws_iam_policy_document;aws_iam_policy_document,aws_iam_policy,27,9,0,27,9,0.0,0.0,create_admin_role;readonly_role_path;poweruser_role_policy_arns;admin_role_name;readonly_role_policy_arns;admin_role_path;max_session_duration;admin_role_policy_arns;readonly_role_tags;create_poweruser_role;poweruser_role_path;admin_role_tags;readonly_role_name;trusted_role_arns;poweruser_role_permissions_boundary_arn;force_detach_policies;poweruser_role_name;create_readonly_role;admin_role_requires_mfa;poweruser_role_tags;mfa_age;admin_role_permissions_boundary_arn;trusted_role_services;poweruser_role_requires_mfa;allow_self_assume_role;readonly_role_permissions_boundary_arn;readonly_role_requires_mfa,readonly_mfa_enabled;admin_mfa_enabled;mfa_age_limit;admin_enabled;poweruser_mfa_enabled;readonly_enabled;poweruser_enabled;allowed_principal_arns;allowed_service_principals,15,1,0,15,1,0.0,0.0,readonly_iam_role_path;readonly_iam_role_arn;readonly_iam_role_unique_id;readonly_iam_role_requires_mfa;admin_iam_role_requires_mfa;admin_iam_role_name;admin_iam_role_path;admin_iam_role_arn;admin_iam_role_unique_id;poweruser_iam_role_requires_mfa;readonly_iam_role_name;poweruser_iam_role_unique_id;poweruser_iam_role_arn;poweruser_iam_role_name;poweruser_iam_role_path,roles
53,iac_benchmark/scenarios/terrads_7ed20d06a531,True,5,False,15,59,13,2,46,86.67,22.03,aws_iam_policy;aws_iam_policy_attachment,aws_s3_bucket_server_side_encryption_configuration;aws_s3_bucket_server_side_encryption_configuration;aws_s3_bucket_server_side_encryption_configuration;aws_s3_bucket_server_side_encryption_configuration;aws_s3_bucket_server_side_encryption_configuration;aws_s3_bucket_server_side_encryption_configuration;aws_s3_bucket_server_side_encryption_configuration;aws_s3_bucket_server_side_encryption_configuration;aws_s3_bucket_server_side_encryption_configuration;aws_s3_bucket_server_side_encryption_configuration;aws_s3_bucket_server_side_encryption_configuration;aws_s3_bucket_server_side_encryption_configuration;aws_s3_bucket_public_access_block;aws_s3_bucket_public_access_block;aws_s3_bucket_public_access_block;aws_s3_bucket_public_access_block;aws_s3_bucket_public_access_block;aws_s3_bucket_public_access_block;aws_s3_bucket_public_access_block;aws_s3_bucket_public_access_block;aws_s3_bucket_public_access_block;aws_s3_bucket_public_access_block;aws_s3_bucket_public_access_block;aws_s3_bucket_public_access_block;aws_iam_role_policy;aws_s3_bucket;aws_s3_bucket;aws_s3_bucket;aws_s3_bucket;aws_s3_bucket;aws_s3_bucket;aws_s3_bucket;aws_s3_bucket;aws_s3_bucket_replication_configuration;aws_s3_bucket_versioning;aws_s3_bucket_versioning;aws_s3_bucket_versioning;aws_s3_bucket_versioning;aws_s3_bucket_versioning;aws_s3_bucket_versioning;aws_s3_bucket_versioning;aws_s3_bucket_versioning;aws_s3_bucket_versioning;aws_s3_bucket_versioning;aws_s3_bucket_versioning;aws_s3_bucket_versioning,0,0,0,0,0,100.0,100.0,,,4,2,0,4,2,0.0,0.0,s3_bucket_names;env;kms_key_alias;bucket_prefix,environment;bucket_name_prefix,1,0,0,1,0,0.0,0.0,varname,
54,iac_benchmark/scenarios/terrads_aacf53e04510,True,5,False,17,15,14,3,1,82.35,93.33,aws_s3_bucket_ownership_controls;aws_s3_bucket_ownership_controls;aws_kms_alias,aws_s3_bucket_versioning,2,1,1,1,0,50.0,100.0,aws_iam_policy_document,,13,3,1,12,2,7.69,33.33,bucket_name_suffix;noncurrent_log_version_transitions;dynamodb_table_name;tagging;noncurrent_log_version_expiration;dynamodb_billing_mode;kms_key_rotation_enabled;noncurrent_version_transitions;noncurrent_version_expiration;kms_key_deletion_window;profile;region,tags;aws_profile,1,1,0,1,1,0.0,0.0,bucket_name,state_bucket_name
55,iac_benchmark/scenarios/terrads_d16402204370,True,3,False,13,9,9,4,0,69.23,100.0,aws_apigatewayv2_integration_response;aws_apigatewayv2_route_response;random_pet;aws_apigatewayv2_deployment,,3,0,0,3,0,0.0,0.0,aws_caller_identity;aws_partition;aws_region,,0,0,0,0,0,100.0,100.0,,,1,0,0,1,0,0.0,0.0,ws_endpoint,
56,iac_benchmark/scenarios/terrads_84e168b0fe71,True,3,False,7,7,7,0,0,100.0,100.0,,,0,1,0,0,1,0.0,0.0,,aws_availability_zones,4,0,0,4,0,0.0,0.0,vpc_cidr;subnet_public_cidrs;subnet_private_cidrs;availability_zone,,3,3,3,0,0,100.0,100.0,,
57,iac_benchmark/scenarios/terrads_9adbd7969ed1,True,4,False,29,26,15,14,11,51.72,57.69,aws_security_group_rule;aws_security_group_rule;aws_security_group_rule;aws_security_group_rule;aws_security_group_rule;aws_security_group_rule;aws_security_group_rule;aws_security_group_rule;aws_security_group_rule;aws_security_group_rule;aws_security_group_rule;aws_security_group_rule;aws_security_group_rule;aws_security_group_rule,aws_route_table;aws_route_table;aws_route;aws_subnet;aws_subnet;aws_subnet;aws_subnet;aws_route_table_association;aws_route_table_association;aws_route_table_association;aws_route_table_association,0,1,0,0,1,0.0,0.0,,aws_availability_zones,1,0,0,1,0,0.0,0.0,availability_zones,,0,0,0,0,0,100.0,100.0,,
58,iac_benchmark/scenarios/terrads_1db4706734d9,True,3,False,5,9,5,0,4,100.0,55.56,,aws_iam_role_policy_attachment;aws_iam_policy;aws_iam_role;aws_cloudwatch_log_group,3,4,1,2,3,33.33,25.0,aws_partition;aws_region,aws_iam_policy_document;aws_iam_policy_document;aws_iam_policy_document,29,8,1,28,7,3.45,12.5,lambda_failure_feedback_role_arn;firehose_failure_feedback_role_arn;lambda_success_feedback_role_arn;fifo_topic;tags;application_success_feedback_role_arn;http_failure_feedback_role_arn;sqs_failure_feedback_role_arn;lambda_success_feedback_sample_rate;enable_key_rotation;display_name;sqs_success_feedback_sample_rate;http_success_feedback_role_arn;create_sns_topic_policy;application_failure_feedback_role_arn;kms_master_key_arn;firehose_success_feedback_role_arn;policy;sqs_success_feedback_role_arn;name;delivery_policy;application_success_feedback_sample_rate;name_prefix;firehose_success_feedback_sample_rate;sns_topic_subscriptions;http_success_feedback_sample_rate;create_kms_key;key_deletion_window,topic_name;enable_kms;subscriptions;feedback_roles;delivery_policy_json;topic_policy_json;is_fifo,9,5,0,9,5,0.0,0.0,subscription_confirmation_was_authenticated;tags_all;subscription_pending_confirmation;subscription_arn;owner;subscription_owner_id;arn;id;subscription_id,topic_tags;subscription_statuses;subscription_arns;topic_owner;topic_arn
59,iac_benchmark/scenarios/terrads_c41e7c31c21b,True,4,False,10,17,9,1,8,90.0,52.94,null_resource,aws_s3_bucket_server_side_encryption_configuration;aws_s3_bucket_public_access_block;aws_sns_topic;aws_s3_bucket;aws_iam_role_policy;aws_iam_role;aws_s3_bucket_versioning;aws_kms_key,0,4,0,0,4,0.0,0.0,,aws_caller_identity;aws_availability_zones;aws_iam_policy_document;aws_iam_policy_document,54,28,2,52,26,3.7,7.14,com_actions_enabled;dashboard_name;syn_canary_name;syn_sch_duration_in_seconds;statistic;create_dashboard;syn_s3_key_file;syn_role_arn;enabled_dynamic;syn_success_retention_period;syn_sch_expression;com_alarm_description;treat_missing_data;syn_s3_canary_file_bucket_name;syn_runtime_version;syn_rc_memory_in_mb;alarm_name;query_expressions;syn_delete_lambda;com_alarm_name;syn_rc_timeout_in_seconds;dashboard_body;alarm_actions;query_metrics;actions_enabled;ok_actions;syn_rc_active_tracing;instance_id;insufficient_data_actions;period;syn_rc_environment_variables;comparison_operator;create_composite_alarm;enabled_basic;syn_handler;create_syn_canary;alarm_list;alarm_description;evaluation_periods;create_metric_alarm_expression;com_alarm_rule;retention_days;namespace;dimensions;metric_name;com_alarm_actions;syn_s3_canary_bucket_name;threshold;syn_start_canary;syn_s3_version;threshold_metric_id;create_log_group,enable_log_group;basic_alarm_period;basic_alarm_evaluation_periods;expression_alarm_statistic;expression_alarm_namespace;dynamic_alarms;enable_dashboard;basic_alarm_statistic;canary_startup_delay_seconds;expression_alarm_deviation;enable_expression_alarm;log_group_retention_in_days;enable_canary;canary_retention_in_days;basic_alarm_metric_name;basic_alarm_comparison_operator;expression_alarm_period;canary_schedule_expression;enable_dynamic_alarms;canary_runtime_version;basic_alarm_threshold;enable_basic_alarm;canary_uri;basic_alarm_namespace;enable_composite_alarm;expression_alarm_metric_name,4,0,0,4,0,0.0,0.0,cloudwatch_metric_alarm_arn;cloudwatch_metric_alarm_id;log_group_name;log_group_arn,
60,iac_benchmark/scenarios/terrads_e6f040aa6f83,True,3,False,6,12,6,0,6,100.0,50.0,,aws_s3_bucket_public_access_block;aws_s3_bucket;aws_iam_role_policy_attachment;aws_iam_policy;aws_kinesis_stream;aws_iam_role,0,0,0,0,0,100.0,100.0,,,25,15,0,25,15,0.0,0.0,enable_cloudfront_origin_access_identity;cloudfront_origin_request_policy_query_strings_config;tags;enable_cloudfront_distribution;cloudfront_origin_request_policy_name;cloudfront_realtime_log_config_fields;cloudfront_origin_request_policy_headers_config;enable_cloudfront_cache_policy;name;cloudfront_realtime_log_config_name;cloudfront_origin_request_policy_comment;cloudfront_origin_request_policy_cookies_config;cloudfront_public_key_name_prefix;enable_cloudfront_realtime_log_config;cloudfront_realtime_log_config_endpoints;environment;cloudfront_origin_access_identity_comment;cloudfront_realtime_log_config_sampling_rate;cloudfront_public_key_encoded_key;cloudfront_cache_policy_stack;cloudfront_public_key_name;cloudfront_public_key_comment;cloudfront_distribution_stack;enable_cloudfront_public_key;enable_cloudfront_origin_request_policy,realtime_log_config_config;public_key_config;enable_realtime_log_config;enable_public_key;distribution_config;name_prefix;enable_distribution;origin_request_policy_config;enable_cache_policy;cache_policy_config;origin_access_identity_config;public_key_encoded;enable_origin_access_identity;enable_origin_request_policy;environment_suffix,24,18,0,24,18,0.0,0.0,cloudfront_distribution_last_modified_time;cloudfront_distribution_in_progress_validation_batches;cloudfront_distribution_hosted_zone_id;cloudfront_origin_access_identity_s3_canonical_user_id;cloudfront_origin_request_policy_etag;cloudfront_public_key_etag;cloudfront_distribution_etag;cloudfront_public_key_id;cloudfront_origin_request_policy_id;cloudfront_realtime_log_config_id;cloudfront_realtime_log_config_arn;cloudfront_origin_access_identity_id;cloudfront_distribution_caller_reference;cloudfront_origin_access_identity_caller_reference;cloudfront_origin_access_identity_iam_arn;cloudfront_origin_access_identity_etag;cloudfront_origin_access_identity_cloudfront_access_identity_path;cloudfront_distribution_arn;cloudfront_cache_policy_etag;cloudfront_distribution_id;cloudfront_distribution_domain_name;cloudfront_public_key_caller_reference;cloudfront_distribution_status;cloudfront_cache_policy_id,origin_request_policy_arn;realtime_log_config_arn;cache_policy_arn;iam_role_arn;distribution_id;distribution_hosted_zone_id;public_key_id;origin_access_identity_cloudfront_access_identity_path;realtime_log_config_name;distribution_arn;origin_access_identity_iam_arn;kinesis_stream_name;origin_request_policy_id;origin_access_identity_id;iam_role_name;cache_policy_id;distribution_domain_name;kinesis_stream_arn
61,iac_benchmark/scenarios/terrads_b7c7bfa5a44c,True,4,False,11,18,11,0,7,100.0,61.11,,aws_s3_bucket_ownership_controls;aws_cloudfront_origin_access_identity;aws_s3_bucket_server_side_encryption_configuration;aws_s3_bucket_public_access_block;aws_s3_bucket_public_access_block;aws_kms_alias;aws_wafv2_web_acl,3,0,0,3,0,0.0,0.0,aws_caller_identity;aws_region;aws_iam_policy_document,,3,1,1,2,0,33.33,100.0,AWS_SECRET_ACCESS_KEY;AWS_ACCESS_KEY_ID,,0,0,0,0,0,100.0,100.0,,
62,iac_benchmark/scenarios/terrads_3460cbdc48ca,True,5,False,61,21,21,40,0,34.43,100.0,aws_iam_role_policy_attachment;aws_iam_role_policy_attachment;aws_iam_role_policy_attachment;aws_iam_role_policy_attachment;aws_iam_role_policy_attachment;aws_iam_policy;aws_iam_policy;aws_iam_policy;aws_iam_policy;aws_iam_policy;aws_iam_user_policy_attachment;aws_iam_user_policy_attachment;aws_iam_user_policy_attachment;aws_iam_user_policy_attachment;aws_iam_user_policy_attachment;aws_iam_role;aws_iam_role;aws_iam_role;aws_iam_role;aws_iam_role;aws_iam_role;aws_iam_role;aws_iam_role;aws_iam_role;aws_iam_user;aws_iam_user;aws_iam_user;aws_iam_user;aws_iam_user;aws_iam_user;aws_iam_user;aws_iam_user;aws_iam_access_key;aws_iam_access_key;aws_iam_access_key;aws_iam_access_key;aws_iam_access_key;aws_iam_access_key;aws_iam_access_key;aws_iam_access_key,,2,0,0,2,0,0.0,0.0,aws_iam_policy_document;aws_iam_policy_document,,4,2,0,4,2,0.0,0.0,aws_local_profile;aws_root_user;aws_local_creds_file;aws_assume_role_arn,principal_arn;root_user_arn,0,2,0,0,2,0.0,0.0,,access_key_id;secret_access_key
63,iac_benchmark/scenarios/terrads_7128db805974,True,3,False,16,17,16,0,1,100.0,94.12,,aws_kms_alias,0,3,0,0,3,0.0,0.0,,aws_caller_identity;aws_iam_policy;aws_iam_policy,0,1,0,0,1,0.0,0.0,,tags,0,0,0,0,0,100.0,100.0,,
64,iac_benchmark/scenarios/terrads_f47d8c533f10,True,3,False,12,10,10,2,0,83.33,100.0,aws_route;aws_route,,2,1,1,1,0,50.0,100.0,aws_region,,1,0,0,1,0,0.0,0.0,default_tags,,0,0,0,0,0,100.0,100.0,,
65,iac_benchmark/scenarios/terrads_e23b184d6cd1,True,3,False,4,4,4,0,0,100.0,100.0,,,0,0,0,0,0,100.0,100.0,,,16,6,3,13,3,18.75,50.0,tags;role_name;email;create_govcloud;enabled_policy_types;administrator_service_principal;parent_id;name;aws_service_access_principals;iam_user_access_to_billing;close_on_deletion;make_delegated_administrator;feature_set,delegated_admin_service_principal;member_account_name;member_account_email,39,16,0,39,16,0.0,0.0,ou_accounts_arn;root_policy_types;account_id;ou_id;ou_accounts;arn;administrator_name;administrator_account_id;root_policy_types_type;account_name;root_name;master_account_id;ou_tags_all;administrator_status;non_master_accounts;root_policy_types_status;administrator_joined_method;administrator_email;master_account_email;org_id;administrator_joined_timestamp;root_id;ou_accounts_email;accounts;account_email;master_account_arn;id;root_arn;account_arn;govcloud_id;administrator_arn;tags_all;administrator_delegation_enabled_date;account_status;ou_accounts_name;ou_accounts_id;ou_arn;org_arn;roots,delegated_admin_arn;organization_arn;organizational_unit_id;organization_id;delegated_admin_id;delegated_admin_service_principal;member_account_id;organization_master_account_id;member_account_arn;organizational_unit_name;organization_feature_set;organization_master_account_email;member_account_status;delegated_admin_account_id;organization_master_account_arn;organizational_unit_arn
66,iac_benchmark/scenarios/terrads_5f7ef1fec7f9,True,4,False,8,7,7,1,0,87.5,100.0,aws_egress_only_internet_gateway,,0,0,0,0,0,100.0,100.0,,,35,12,5,30,7,14.29,41.67,default_security_group_deny_all;enabled;tags;ipv6_primary_cidr_block_association;ipv4_additional_cidr_block_associations;attributes;context;dns_hostnames_enabled;additional_tag_map;descriptor_formats;ipv4_cidr_block_association_timeouts;label_order;ipv6_cidr_block_association_timeouts;label_key_case;ipv4_primary_cidr_block;tenant;dns_support_enabled;label_value_case;instance_tenancy;default_route_table_no_routes;ipv6_cidr_block_network_border_group;default_network_acl_deny_all;ipv6_additional_cidr_block_associations;internet_gateway_enabled;regex_replace_chars;id_length_limit;delimiter;ipv4_primary_cidr_block_association;labels_as_tags;ipv6_egress_only_internet_gateway_enabled,enable_dns_hostnames;extra_ipv6_cidr_blocks;vpc_cidr_block;extra_ipv4_cidr_blocks;manage_default_network_acl;manage_default_route_table;enable_dns_support,16,7,3,13,4,18.75,42.86,vpc_ipv6_association_id;vpc_default_network_acl_id;igw_id;additional_ipv6_cidr_blocks;vpc_arn;ipv6_egress_only_igw_id;additional_ipv6_cidr_blocks_to_association_ids;additional_cidr_blocks_to_association_ids;ipv6_cidr_block_network_border_group;vpc_default_route_table_id;additional_cidr_blocks;vpc_main_route_table_id;vpc_default_security_group_id,default_network_acl_id;default_security_group_id;internet_gateway_id;default_route_table_id
67,iac_benchmark/scenarios/gh_26cf949a,True,3,False,4,4,2,2,2,50.0,50.0,aws_iam_role_policy_attachment;aws_iam_role_policy_attachment,aws_iam_role_policy;aws_iam_role_policy,2,0,0,2,0,0.0,0.0,aws_iam_policy;aws_iam_policy,,3,3,0,3,3,0.0,0.0,external-id;rolename;remote-arn,principal_arn;role_name;external_id,1,1,1,0,0,100.0,100.0,,
68,iac_benchmark/scenarios/terrads_c07b7cea2171,True,4,False,10,8,8,2,0,80.0,100.0,aws_s3_bucket_ownership_controls;aws_s3_bucket_acl,,1,2,1,0,1,100.0,50.0,,aws_region,18,3,2,16,1,11.11,66.67,ignorePublicACLs;deletion_window_in_days;s3BucketPolicyName;error_document_key;acceleration_status;s3BucketAcl;blockPublicACLs;s3BucketOwnership;force_destroy;sse_algorithm;blockPublicPolicy;versioning;restrictPublicBuckets;env;bucket_name;index_document_key,environment,5,0,0,5,0,0.0,0.0,website_bucket_id;arn_s3_bucket;s3Bucket;bucketversioning;account_id,
69,iac_benchmark/scenarios/terrads_251b1cc05888,True,4,False,16,19,15,1,4,93.75,78.95,aws_security_group_rule,aws_iam_instance_profile;aws_kms_key;local_file;local_file,2,5,2,0,3,100.0,40.0,,aws_caller_identity;aws_iam_policy_document;aws_iam_policy_document,2,1,0,2,1,0.0,0.0,cluster-name;aws_region,cluster_name,2,5,1,1,4,50.0,20.0,config_map_aws_auth,cluster_endpoint;aws_auth_configmap;node_group_status;cluster_name
70,iac_benchmark/scenarios/terrads_48c79ba1984e,True,4,False,10,6,6,4,0,60.0,100.0,aws_route_table;aws_security_group;aws_security_group;aws_route_table_association,,0,1,0,0,1,0.0,0.0,,aws_availability_zones,8,1,1,7,0,12.5,100.0,private_subnet_names;prefix;tags;cidr;public_subnet_names;azs;region,,15,0,0,15,0,0.0,0.0,vpc_id;subnet_public_cidrs;rt_public_ids;subnet_arns;subnets;subnet_list;rt_private_ids;vpc_arn;subnet_public_ids;subnet_private_cidrs;sg_ids;subnet_private_ids;subnet_ids;subnet_cidrs;rt_ids,
71,iac_benchmark/scenarios/terrads_8590a5006532,True,3,False,5,7,4,1,3,80.0,57.14,aws_s3_bucket_acl,aws_s3_bucket_server_side_encryption_configuration;aws_kms_key;aws_s3_bucket_versioning,1,2,1,0,1,100.0,50.0,,aws_region,1,2,0,1,2,0.0,0.0,zenml-version,create_ecr;zenml_version,4,0,0,4,0,0.0,0.0,stack-yaml-path;ecr-registry-name;s3-bucket-path;container-registry-URI,
72,iac_benchmark/scenarios/terrads_305fc30c5f79,True,4,False,9,9,9,0,0,100.0,100.0,,,1,1,1,0,0,100.0,100.0,,,20,20,3,17,17,15.0,15.0,rule_lifecycle_cold_storage_after;enable_aws_backup_vault_notifications;max_retention_days;vault_notification_sns_topic_arn;selection_tag_type;backup_vault_events;vault_policy;name;rule_schedule;vault_kms_key_arn;rule_copy_action_destination_vault;rule_completion_window;rule_lifecycle_delete_after;rule_start_window;min_retention_days;selection_resources;changeable_for_days,start_window_minutes;backup_plan_name;rule_name;vault_name;resource_arn_list;vault_notification_events;kms_key_arn;completion_window_minutes;copy_actions;iam_role_name;delete_after_days;cold_storage_after_days;vault_lock_min_retention_days;schedule;vault_notification_topic_arn;vault_access_policy_json;vault_lock_max_retention_days,0,0,0,0,0,100.0,100.0,,
73,iac_benchmark/scenarios/terrads_862e56e7423d,True,3,False,4,22,4,0,18,100.0,18.18,,aws_vpc;aws_s3_bucket_server_side_encryption_configuration;aws_s3_bucket_server_side_encryption_configuration;aws_s3_bucket_server_side_encryption_configuration;aws_s3_bucket_public_access_block;aws_s3_bucket_public_access_block;aws_s3_bucket_public_access_block;aws_iam_role_policy;aws_s3_bucket;aws_s3_bucket;aws_s3_bucket;aws_cloudwatch_log_group;aws_security_group;aws_iam_role;aws_subnet;aws_s3_bucket_versioning;aws_s3_bucket_versioning;aws_s3_bucket_versioning,0,1,0,0,1,0.0,0.0,,aws_availability_zones,31,19,1,30,18,3.23,5.26,codebuild_project_cache;codebuild_project_source_version;enable_codebuild_webhook;codebuild_source_credential_token;tags;codebuild_project_service_role;codebuild_project_name;codebuild_source_credential_auth_type;enable_codebuild_source_credential;codebuild_webhook_project_name;name;codebuild_project_badge_enabled;codebuild_source_credential_server_type;codebuild_webhook_filter_group;codebuild_project_description;codebuild_project_vpc_config;codebuild_project_secondary_sources;codebuild_project_queued_timeout;codebuild_webhook_branch_filter;codebuild_report_group_stack;codebuild_project_environment;codebuild_project_build_timeout;codebuild_project_source;codebuild_source_credential_user_name;codebuild_project_logs_config;enable_codebuild_project;enable_codebuild_report_group;codebuild_project_secondary_artifacts;codebuild_project_encryption_key;codebuild_project_artifacts,github_token;create_codebuild_project;cache;webhook_filter_groups;vpc_cidr;logs_config;create_source_credentials;build_environment;create_webhook;artifacts;source_credential_server_type;secondary_sources;build_source;create_vpc;prefix;create_report_group;secondary_artifacts;report_group_config,12,0,0,12,0,0.0,0.0,codebuild_webhook_secret;codebuild_report_group_created;codebuild_webhook_id;codebuild_webhook_payload_url;codebuild_report_group_id;codebuild_webhook_url;codebuild_project_arn;codebuild_project_id;codebuild_report_group_arn;codebuild_project_badge_url;codebuild_source_credential_arn;codebuild_source_credential_id,
74,iac_benchmark/scenarios/terrads_7b48683a13ff,True,3,False,4,4,4,0,0,100.0,100.0,,,1,1,1,0,0,100.0,100.0,,,0,0,0,0,0,100.0,100.0,,,0,0,0,0,0,100.0,100.0,,
75,iac_benchmark/scenarios/terrads_8703dd211a7d,True,4,False,17,22,11,6,11,64.71,50.0,aws_alb;aws_security_group;aws_default_subnet;aws_default_subnet;aws_default_subnet;aws_default_vpc,aws_lb_listener;tls_self_signed_cert;tls_private_key;aws_subnet;aws_s3_bucket_versioning;aws_vpc;aws_s3_bucket_server_side_encryption_configuration;aws_s3_bucket_public_access_block;aws_lb;aws_kms_key;aws_acm_certificate,2,3,1,1,2,50.0,33.33,aws_iam_role,aws_availability_zones;aws_iam_policy_document,3,2,1,2,1,33.33,50.0,proj-nome;registo_ecr,project,2,0,0,2,0,0.0,0.0,account_idaa;account_id,
76,iac_benchmark/scenarios/terrads_1ab0fa194791,True,3,False,10,12,9,1,3,90.0,75.0,random_string,random_id;aws_s3_bucket_server_side_encryption_configuration;aws_s3_bucket_versioning,3,5,3,0,2,100.0,60.0,,aws_partition;aws_region,5,6,1,4,5,20.0,16.67,cloudtrail_key_alias;is_organizational;log_group_name;encrypt_trail,retention_in_days;is_organization_trail;tags;bucket_name_prefix;enable_kms_encryption,0,0,0,0,0,100.0,100.0,,
77,iac_benchmark/scenarios/terrads_58f499b02851,True,3,False,4,10,3,1,7,75.0,30.0,aws_athena_database,aws_glue_catalog_database;random_pet;aws_s3_bucket_server_side_encryption_configuration;aws_kms_key;aws_s3_bucket_policy;aws_s3_bucket_public_access_block;aws_s3_bucket,0,4,0,0,4,0.0,0.0,,aws_caller_identity;aws_region;aws_iam_policy_document;aws_iam_policy_document,6,5,0,6,5,0.0,0.0,data_catalogs;tags;create;named_queries;workgroups;databases,athena_named_queries;athena_databases;enable_athena;athena_data_catalogs;athena_workgroups,5,0,0,5,0,0.0,0.0,named_queries_ids;databases_ids;data_catalogs_ids;data_catalogs_arns;workgroups_arns,
78,iac_benchmark/scenarios/terrads_51c59e2a63d8,True,3,False,4,22,3,1,19,75.0,13.64,aws_s3_bucket_ownership_controls,random_id;aws_s3_bucket_server_side_encryption_configuration;aws_s3_bucket_server_side_encryption_configuration;aws_s3_bucket_server_side_encryption_configuration;aws_s3_bucket_cors_configuration;aws_s3_bucket_object_lock_configuration;aws_s3_bucket_lifecycle_configuration;aws_s3_bucket_public_access_block;aws_s3_bucket_public_access_block;aws_s3_bucket;aws_s3_bucket;aws_s3_bucket_replication_configuration;aws_iam_role_policy_attachment;aws_iam_policy;aws_iam_role;aws_s3_bucket_logging;aws_s3_bucket_website_configuration;aws_s3_bucket_versioning;aws_s3_bucket_versioning,5,3,3,2,0,60.0,100.0,aws_iam_policy_document;aws_iam_policy_document,,29,26,5,24,21,17.24,19.23,cors_rule;attach_public_policy;bucket_prefix;request_payer;lifecycle_rule;control_object_ownership;object_lock_configuration;attach_elb_log_delivery_policy;attach_lb_log_delivery_policy;acl;create_bucket;bucket;logging;attach_policy;replication_configuration;server_side_encryption_configuration;acceleration_status;website;attach_deny_insecure_transport_policy;policy;force_destroy;object_ownership;versioning;grant,website_index_document;website_error_document;enable_object_lock;deny_insecure_transport;enable_website;replication_rules;encryption_type;kms_master_key_id;bucket_name;allow_elb_log_delivery;replication_destination_bucket_name;website_routing_rules;cors_rules;object_lock_days;enable_versioning;enable_replication;enable_logging;object_lock_mode;log_prefix;log_bucket_name;lifecycle_rules,8,3,0,8,3,0.0,0.0,s3_bucket_id;s3_bucket_hosted_zone_id;s3_bucket_arn;s3_bucket_region;s3_bucket_website_endpoint;s3_bucket_website_domain;s3_bucket_bucket_regional_domain_name;s3_bucket_bucket_domain_name,website_endpoint;bucket_id;bucket_arn
79,iac_benchmark/scenarios/terrads_b86b0244fd6d,True,5,False,14,29,12,2,17,85.71,41.38,aws_transfer_server;aws_iam_role_policy,aws_api_gateway_rest_api;aws_internet_gateway;aws_subnet;aws_s3_bucket_versioning;aws_efs_access_point;aws_route_table;aws_vpc;aws_s3_bucket_server_side_encryption_configuration;aws_efs_file_system;aws_s3_bucket_public_access_block;aws_route_table_association;aws_s3_bucket;aws_iam_role_policy_attachment;aws_iam_role_policy_attachment;aws_iam_policy;aws_iam_policy;aws_kms_key,1,3,1,0,2,100.0,33.33,,aws_partition;aws_availability_zones,27,24,13,14,11,48.15,54.17,logging_role;tags;sftp_type;hosted_zone;api_gw_url;name;invocation_role;sftp_users_ssh_key;function_arn;host_key;sftp_sub_domain;endpoint_details;cloudwatch_log_group_arns;directory_id,server_name;api_gateway_auth_enabled;vpc_cidr;security_group_ids;efs_filesystem_id;subnet_cidrs;endpoint_type;logging_role_arn;hosted_zone_name;custom_subdomain;cloudwatch_log_group_arn,6,6,1,5,5,16.67,16.67,sftp_eip;arn;id;sftp_sg_id;domain_name,custom_domain_name;elastic_ips;server_id;security_group_id;server_arn
80,iac_benchmark/scenarios/terrads_9eab77581581,True,5,False,17,18,13,4,5,76.47,72.22,aws_subnet;aws_subnet;aws_route_table_association;aws_route_table_association,aws_security_group_rule;aws_security_group_rule;aws_security_group_rule;aws_security_group_rule;aws_security_group_rule,0,1,0,0,1,0.0,0.0,,aws_availability_zones,25,0,0,25,0,0.0,0.0,asg_sg_tag_name;asg_sg_name;public_subnet2_name;vpc_name;vpc_cidr;db_sg_name;alb_sg_name;availability_zone_1;public_subnet1_name;availability_zone_2;public_subnet1_cidr;public_rt_cidr;public_subnet2_cidr;public_rt_name;private_subnet1_cidr;private_subnet1_name;private_rt_cidr;private_subnet2_name;nat_gateway_name;private_subnet2_cidr;private_rt_name;alb_sg_tag_name;vpc_instance_tenancy;db_sg_tag_name;igw_name,,11,9,2,9,7,18.18,22.22,alb_sg_id;public_subnet1_id;asg_sg_id;private_subnet1_id;public_subnet2_id;db_sg_id;private_routetable_id;private_subnet2_id;public_routetable_id,private_route_table_id;asg_security_group_id;rds_security_group_id;public_subnet_ids;public_route_table_id;alb_security_group_id;private_subnet_ids
81,iac_benchmark/scenarios/terrads_46556c7a134d,True,4,False,11,30,10,1,20,90.91,33.33,aws_sqs_queue_policy,aws_route_table;aws_route_table;aws_vpc;aws_internet_gateway;aws_eks_cluster;aws_route_table_association;aws_route_table_association;aws_iam_role_policy_attachment;aws_iam_role_policy_attachment;aws_cloudwatch_event_target;aws_cloudwatch_event_target;aws_cloudwatch_event_target;aws_iam_role;aws_subnet;aws_subnet;aws_kms_key;aws_iam_openid_connect_provider;aws_cloudwatch_event_rule;aws_cloudwatch_event_rule;aws_cloudwatch_event_rule,6,1,0,6,1,0.0,0.0,aws_caller_identity;aws_partition;aws_iam_policy_document;aws_iam_policy_document;aws_iam_policy_document;aws_iam_policy_document,aws_availability_zones,37,0,0,37,0,0.0,0.0,create_iam_role;tags;queue_kms_data_key_reuse_period_seconds;iam_role_use_name_prefix;iam_role_tags;create;iam_role_additional_policies;irsa_name;iam_role_arn;iam_role_attach_cni_policy;cluster_name;create_irsa;irsa_oidc_provider_arn;iam_role_path;irsa_max_session_duration;irsa_use_name_prefix;irsa_subnet_account_id;queue_name;irsa_path;irsa_tags;iam_role_permissions_boundary;rule_name_prefix;irsa_namespace_service_accounts;irsa_description;irsa_ssm_parameter_arns;queue_kms_master_key_id;irsa_policy_name;iam_role_name;create_instance_profile;irsa_assume_role_condition_test;enable_spot_termination;irsa_tag_key;iam_role_description;iam_role_max_session_duration;irsa_permissions_boundary_arn;cluster_ip_family;queue_managed_sse_enabled,,14,0,0,14,0,0.0,0.0,queue_name;role_arn;queue_arn;instance_profile_id;role_unique_id;role_name;instance_profile_arn;irsa_unique_id;event_rules;queue_url;instance_profile_unique;instance_profile_name;irsa_arn;irsa_name,
82,iac_benchmark/scenarios/gh_570735ea,True,4,False,9,12,9,0,3,100.0,75.0,,aws_ecs_task_definition;aws_ecs_task_definition;aws_ecs_task_definition,0,0,0,0,0,100.0,100.0,,,0,0,0,0,0,100.0,100.0,,,0,0,0,0,0,100.0,100.0,,
83,iac_benchmark/scenarios/terrads_1d6f0e58e59c,True,3,False,5,6,5,0,1,100.0,83.33,,aws_route_table_association,0,1,0,0,1,0.0,0.0,,aws_availability_zones,14,0,0,14,0,0.0,0.0,availability_zones;project;tags;aws_internet_gateway;name;environment;bastion_ebs_optimized;cidr_block;bastion_instance_type;key_name;public_subnet_cidr_blocks;bastion_ami;private_subnet_cidr_blocks;region,,3,3,1,2,2,33.33,33.33,id;cidr_block,vpc_id;vpc_cidr_block
84,iac_benchmark/scenarios/gh_e1731993,True,4,False,15,10,8,7,2,53.33,80.0,aws_backup_plan;aws_backup_plan;aws_backup_plan;aws_backup_selection;aws_backup_selection;aws_backup_selection;aws_kms_key_policy,aws_kms_alias;aws_kms_alias,2,0,0,2,0,0.0,0.0,aws_caller_identity;aws_region,,4,3,0,4,3,0.0,0.0,retention_period;excluded_dbs;cross_region_destination;daily_backups_enabled,cross_account_vault_arn;excluded_db_arns;destination_region,0,0,0,0,0,100.0,100.0,,
85,iac_benchmark/scenarios/terrads_4737a6037a87,True,4,False,16,12,12,4,0,75.0,100.0,aws_subnet;aws_subnet;aws_route_table_association;aws_route_table_association,,0,1,0,0,1,0.0,0.0,,aws_availability_zones,10,6,0,10,6,0.0,0.0,public_subnet_1a_cidr_block;private_subnet_1b_cidr_block;public_subnet_1b_cidr_block;private_subnet_1a_cidr_block;craete_private_subnet;existing_vpc_id;environment;private_ip_for_nat_gateway;vpc_cidr_block;aws_region,vpc_id;create_private_subnets;environment_name;vpc_cidr;private_subnet_cidrs;public_subnet_cidrs,8,5,1,7,4,12.5,20.0,private_subnet_1a_id;public_subnet_1a_id;public_subnets;public_subnet_1b_id;private_subnet_1b_id;vpc_cidr_block;private_subnets,private_subnet_list;public_subnet_ids;public_subnet_list;private_subnet_ids
86,iac_benchmark/scenarios/terrads_1fe0c7e96181,True,4,False,17,15,14,3,1,82.35,93.33,aws_vpc_endpoint_route_table_association;aws_route_table_association;aws_route_table_association,aws_security_group,3,1,1,2,0,33.33,100.0,aws_subnets;aws_subnets,,19,7,1,18,6,5.26,14.29,enable_dns_hostnames;db_subnet_count;web_cidr_blocks;reserved_cidr_blocks;service_name;vpc_name;max_subnetcount;vpc_endpoints;app_cidr_blocks;availability_zone;subnet_ids;web_subnet_count;reserved_subnet_count;db_cidr_blocks;security_group_ids;app_subnet_count;vpc_endpoint_type;enable_dns_support,interface_endpoint_services;reserved_subnet_cidrs;app_subnet_cidrs;gateway_endpoint_service;web_subnet_cidrs;db_subnet_cidrs,6,0,0,6,0,0.0,0.0,vpc_id;gateway_endpoint_rt_association_id;web_subnet_ids;db_subnet_ids;app-subnet-availability_zone_names;app-subnet,
87,iac_benchmark/scenarios/terrads_c5f20f79e141,True,4,False,17,34,16,1,18,94.12,47.06,aws_ecs_cluster_capacity_providers,aws_internet_gateway;aws_security_group;aws_security_group;aws_subnet;aws_subnet;aws_route_table;aws_route_table;aws_vpc;aws_route_table_association;aws_route_table_association;aws_vpc_endpoint;aws_vpc_endpoint;aws_vpc_endpoint;aws_iam_role_policy_attachment;aws_security_group_rule;aws_security_group_rule;aws_security_group_rule;aws_security_group_rule,3,2,2,1,0,66.67,100.0,aws_caller_identity,,6,4,3,3,1,50.0,75.0,url;fargate_type;desired_count,webhook_url,1,1,0,1,1,0.0,0.0,lb_dns_name,alb_dns_name
88,iac_benchmark/scenarios/terrads_e0431c1caace,True,4,False,10,30,10,0,20,100.0,33.33,,aws_s3_bucket_server_side_encryption_configuration;aws_s3_bucket_public_access_block;aws_iam_role_policy;aws_cloudwatch_metric_alarm;aws_cloudwatch_metric_alarm;aws_cloudwatch_metric_alarm;aws_cloudwatch_metric_alarm;aws_cloudwatch_metric_alarm;aws_cloudwatch_metric_alarm;aws_cloudwatch_metric_alarm;aws_cloudwatch_log_metric_filter;aws_cloudwatch_log_metric_filter;aws_cloudwatch_log_metric_filter;aws_cloudwatch_log_metric_filter;aws_cloudwatch_log_metric_filter;aws_cloudwatch_log_metric_filter;aws_cloudwatch_log_metric_filter;aws_kms_alias;aws_kms_key;aws_s3_bucket_versioning,1,2,1,0,1,100.0,50.0,,aws_region,9,1,0,9,1,0.0,0.0,email_list;sns_topic_name;trail_name;trail_bucket_name;metric_namespace;cloudtrail_role_policy_name;cloudtrail_role_name;awsRegion;log_group_name,alarm_email_endpoints,0,0,0,0,0,100.0,100.0,,
89,iac_benchmark/scenarios/terrads_5b4e0301422a,True,3,False,5,5,3,2,2,60.0,60.0,aws_iam_role_policy;aws_iam_role_policy,aws_iam_role_policy_attachment;aws_iam_policy,1,3,1,0,2,100.0,33.33,,aws_iam_policy_document;aws_iam_policy_document,3,1,0,3,1,0.0,0.0,role_name;read_write;region,enable_remediation,4,4,4,0,0,100.0,100.0,,
90,iac_benchmark/scenarios/terrads_cef8614423be,True,3,False,4,9,3,1,6,75.0,33.33,aws_lambda_permission,random_id;aws_s3_bucket_server_side_encryption_configuration;aws_kms_key;aws_s3_bucket_public_access_block;aws_s3_bucket;aws_s3_bucket_versioning,3,0,0,3,0,0.0,0.0,aws_arn;aws_iam_policy_document;aws_iam_policy_document,,8,4,2,6,2,25.0,50.0,sns_notifications;bucket;lambda_notifications;create;bucket_arn;sqs_notifications,tags;buckets,1,0,0,1,0,0.0,0.0,s3_bucket_notification_id,
91,iac_benchmark/scenarios/terrads_77969f786de6,True,5,False,36,39,25,11,14,69.44,64.1,random_id;aws_subnet;aws_subnet;aws_subnet;aws_subnet;aws_route_table_association;aws_route_table_association;aws_route_table_association;aws_route_table_association;aws_default_vpc;local_file,aws_lb_listener;tls_self_signed_cert;tls_private_key;aws_iam_instance_profile;aws_s3_bucket_versioning;local_sensitive_file;aws_s3_bucket_server_side_encryption_configuration;aws_s3_bucket_public_access_block;aws_vpc_endpoint;aws_iam_role_policy_attachment;aws_iam_role;random_pet;aws_kms_key;aws_acm_certificate,4,4,2,2,2,50.0,50.0,aws_iam_policy_document;aws_caller_identity,aws_availability_zones;aws_region,0,0,0,0,0,100.0,100.0,,,4,4,2,2,2,50.0,50.0,web_private_ip;db_private_ip,database_private_ip;web_server_private_ips
92,iac_benchmark/scenarios/terrads_5c95653f2b2b,True,4,False,8,12,8,0,4,100.0,66.67,,aws_iam_user_policy;aws_iam_user;aws_kms_alias;aws_iam_access_key,6,6,5,1,1,83.33,83.33,aws_iam_policy_document,aws_partition,6,6,4,2,2,66.67,66.67,private_repositories;public_repositories,public_repos;private_repos,3,3,3,0,0,100.0,100.0,,
93,iac_benchmark/scenarios/terrads_05edc40999d7,True,5,False,15,27,14,1,13,93.33,51.85,aws_codestarconnections_connection,aws_s3_bucket_server_side_encryption_configuration;aws_s3_bucket_server_side_encryption_configuration;aws_s3_bucket_public_access_block;aws_s3_bucket_public_access_block;aws_iam_role_policy;aws_iam_role_policy_attachment;aws_codecommit_repository;aws_iam_role;aws_codebuild_project;aws_s3_bucket_versioning;aws_s3_bucket_versioning;aws_kms_key;aws_lambda_function,4,3,2,2,1,50.0,66.67,aws_codecommit_repository;aws_iam_policy_document,aws_caller_identity,2,2,0,2,2,0.0,0.0,shared_tags;config,common_tags;config_file_path,14,15,1,13,14,7.14,6.67,pipeline_artifact_bucket_name;pipeline_artifact_bucket_arn;cloudwatch_cron_trigger_name;cloudwatch_tag_trigger_arn;build_cache_bucket_name;build_cache_store_arn;pipeline_name;default_pipeline_role_name;pipeline_arn;cloudwatch_branch_trigger_name;cloudwatch_cron_trigger_arn;cloudwatch_tag_trigger_name;cloudwatch_branch_trigger_arn,tag_trigger_rule_arns;cache_bucket_arns;eventbridge_trigger_rule_arns;pipeline_arns;eventbridge_trigger_rule_names;artifact_bucket_names;cron_trigger_rule_names;branch_trigger_rule_names;cron_trigger_rule_arns;artifact_bucket_arns;cache_bucket_names;pipeline_names;tag_trigger_rule_names;branch_trigger_rule_arns
94,iac_benchmark/scenarios/terrads_ddc425a81cf2,True,4,False,10,15,10,0,5,100.0,66.67,,aws_lambda_alias;aws_cloudwatch_metric_alarm;aws_iam_role_policy_attachment;aws_iam_role;aws_lambda_function,6,5,1,5,4,16.67,20.0,aws_lambda_alias;aws_iam_role;aws_iam_policy_document;aws_iam_policy_document;aws_lambda_function,aws_partition;aws_caller_identity;archive_file;aws_region,35,16,6,29,10,17.14,37.5,codedeploy_principals;create_deployment;target_version;create;wait_deployment_completion;create_deployment_group;app_name;function_name;attach_triggers_policy;create_codedeploy_role;get_deployment_sleep_timer;alarm_enabled;current_version;create_app;use_existing_app;description;run_deployment;before_allow_traffic_hook_arn;use_existing_deployment_group;auto_rollback_enabled;codedeploy_role_name;after_allow_traffic_hook_arn;interpreter;save_deploy_script;triggers;alarms;aws_cli_command;attach_hooks_policy;alarm_ignore_poll_alarm_failure,deployment_script_path;application_name;sns_topic_arns;wait_for_completion;alarm_config;lambda_function_name;hook_after_arn;aws_cli_endpoint_url;hook_before_arn;wait_sleep_seconds,9,7,3,6,4,33.33,42.86,script;codedeploy_iam_role_name;deploy_script;appspec;appspec_sha256;codedeploy_deployment_group_id,lambda_alias_arn;current_version_arn;target_version_arn;lambda_function_arn
95,iac_benchmark/scenarios/gh_1d5f4d32,True,4,False,9,8,8,1,0,88.89,100.0,aws_ec2_transit_gateway_vpc_attachment_accepter,,0,1,0,0,1,0.0,0.0,,aws_caller_identity,50,13,2,48,11,4.0,15.38,transit_gateway_vpc_attachment_transit_gateway_default_route_table_propagation;transit_gateway_peering_attachment_peer_region;transit_gateway_route_table_propagation_transit_gateway_route_table_id;tags;transit_gateway_peering_attachment_peer_account_id;transit_gateway_vpc_attachment_accepter_name;transit_gateway_peering_attachment_transit_gateway_id;transit_gateway_vpc_attachment_appliance_mode_support;transit_gateway_description;enable_transit_gateway_peering_attachment;transit_gateway_peering_attachment_accepter_transit_gateway_attachment_id;transit_gateway_name;transit_gateway_vpc_attachment_transit_gateway_id;transit_gateway_route_table_association_transit_gateway_route_table_id;name;enable_transit_gateway_route_table_propagation;transit_gateway_peering_attachment_name;transit_gateway_route_transit_gateway_attachment_id;transit_gateway_route_table_transit_gateway_id;transit_gateway_vpc_attachment_dns_support;transit_gateway_vpc_attachment_accepter_transit_gateway_attachment_id;transit_gateway_vpc_attachment_accepter_transit_gateway_default_route_table_association;transit_gateway_peering_attachment_peer_transit_gateway_id;enable_transit_gateway_route_table_association;transit_gateway_vpc_attachment_name;transit_gateway_vpc_attachment_subnet_ids;enable_transit_gateway_vpc_attachment_accepter;transit_gateway_vpc_attachment_ipv6_support;transit_gateway_route_destination_cidr_blocks;transit_gateway_route_table_name;transit_gateway_route_table_association_transit_gateway_attachment_id;transit_gateway_amazon_side_asn;enable_transit_gateway_vpc_attachment;transit_gateway_vpc_attachment_accepter_transit_gateway_default_route_table_propagation;transit_gateway_route_table_propagation_transit_gateway_attachment_id;transit_gateway_route_transit_gateway_route_table_id;transit_gateway_vpc_attachment_vpc_id;transit_gateway_route_blackhole;transit_gateway_vpn_ecmp_support;enable_transit_gateway_route;transit_gateway_vpc_attachment_transit_gateway_default_route_table_association;transit_gateway_default_route_table_association;transit_gateway_peering_attachment_accepter_name;transit_gateway_dns_support;enable_transit_gateway_peering_attachment_accepter;transit_gateway_default_route_table_propagation;enable_transit_gateway_route_table;transit_gateway_auto_accept_shared_attachments,enable_route_table_association;name_prefix;vpc_id;peer_region;enable_route_table_propagation;enable_route_table;enable_peering;destination_cidr_block;enable_vpc_attachment;peer_transit_gateway_id;subnet_ids,31,0,0,31,0,0.0,0.0,transit_gateway_peering_attachment_accepter_peer_account_id;transit_gateway_route_id;transit_gateway_vpc_attachment_accepter_dns_support;transit_gateway_vpc_attachment_accepter_ipv6_support;transit_gateway_vpc_attachment_accepter_vpc_id;transit_gateway_route_table_id;transit_gateway_vpc_attachment_accepter_id;transit_gateway_route_table_arn;transit_gateway_route_table_propagation_resource_id;transit_gateway_arn;transit_gateway_owner_id;transit_gateway_peering_attachment_id;transit_gateway_id;transit_gateway_vpc_attachment_accepter_appliance_mode_support;transit_gateway_route_table_default_association_route_table;transit_gateway_propagation_default_route_table_id;transit_gateway_route_table_propagation_resource_type;transit_gateway_association_default_route_table_id;transit_gateway_vpc_attachment_accepter_vpc_owner_id;transit_gateway_peering_attachment_accepter_peer_transit_gateway_id;transit_gateway_route_table_propagation_id;transit_gateway_route_table_association_id;transit_gateway_vpc_attachment_vpc_owner_id;transit_gateway_vpc_attachment_accepter_subnet_ids;transit_gateway_route_table_association_resource_id;transit_gateway_vpc_attachment_id;transit_gateway_peering_attachment_accepter_transit_gateway_id;transit_gateway_route_table_association_resource_type;transit_gateway_peering_attachment_accepter_id;transit_gateway_route_table_default_propagation_route_table;transit_gateway_vpc_attachment_accepter_transit_gateway_id,
96,iac_benchmark/scenarios/terrads_0ee2a2760917,True,3,False,5,9,5,0,4,100.0,55.56,,aws_route53_zone_association;aws_vpc;aws_route53_vpc_association_authorization;aws_kms_alias,1,1,1,0,0,100.0,100.0,,,28,18,12,16,6,42.86,66.67,terragrunt_tags;enabled;context;additional_tag_map;descriptor_formats;label_order;label_key_case;environment;tenant;label_value_case;zone_name;regex_replace_chars;id_length_limit;delimiter;vpc_ids;labels_as_tags,zone_type;vpc_id;vpc_owner_id;comment;vpc_region;domain_name,4,0,0,4,0,0.0,0.0,vpc_id;route53_record_fqdn;route53_record_name;zone,
97,iac_benchmark/scenarios/terrads_e4f73489147c,True,5,False,28,36,24,4,12,85.71,66.67,aws_iam_policy_attachment;aws_iam_policy;aws_iam_policy;aws_network_interface,aws_route_table;aws_route_table;aws_vpc;aws_internet_gateway;aws_route_table_association;aws_route_table_association;aws_iam_role_policy;aws_iam_role_policy;aws_eip;aws_subnet;aws_subnet;aws_nat_gateway,4,4,2,2,2,50.0,50.0,aws_iam_policy_document;aws_caller_identity,aws_partition;aws_availability_zones,0,0,0,0,0,100.0,100.0,,,1,0,0,1,0,0.0,0.0,nginx_test,
98,iac_benchmark/scenarios/terrads_a78e858914da,True,5,False,15,13,13,2,0,86.67,100.0,aws_route;aws_route,,0,1,0,0,1,0.0,0.0,,aws_availability_zones,25,6,0,25,6,0.0,0.0,enable_dns_hostnames;private_subnet_names;private_subnet_tags;intra_subnets;intra_subnet_tags;tags;map_public_ip_on_launch;vpc_tags;intra_subnet_names;public_subnet_names;azs;public_subnet_tags;intra_subnet_suffix;create_igw;enable_nat_gateway;public_subnets;name;private_subnet_suffix;cidr;igw_tags;public_subnet_suffix;nat_gateway_tags;enable_dns_support;private_subnets;create_vpc,vpc_name;vpc_cidr;private_subnet_cidrs;intra_subnet_cidrs;public_subnet_cidrs;availability_zones,13,0,0,13,0,0.0,0.0,vpc_id;intra_subnet_ids;nat_public_ips;natgw_ids;igw_id;name;public_subnet_cidr_blocks;public_subnet_ids;vpc_cidr_block;azs;intra_subnet_cidr_blocks;private_subnet_cidr_blocks;private_subnet_ids,
99,iac_benchmark/scenarios/terrads_bb382f0f3fd1,True,5,False,14,20,13,1,7,92.86,65.0,aws_iam_policy_attachment,aws_s3_bucket_server_side_encryption_configuration;aws_s3_bucket_server_side_encryption_configuration;aws_s3_bucket_replication_configuration;aws_iam_role_policy_attachment;aws_dynamodb_table;aws_s3_bucket_versioning;aws_s3_bucket_versioning,4,5,2,2,3,50.0,40.0,aws_region;aws_region,aws_caller_identity;aws_iam_policy_document;aws_iam_policy_document,3,3,1,2,2,33.33,33.33,s3_bucket_force_destroy;stacks,region_map;force_destroy_buckets,0,0,0,0,0,100.0,100.0,,
100,iac_benchmark/scenarios/terrads_f4222681f712,True,3,False,13,16,12,1,4,92.31,75.0,aws_iam_role_policy,aws_api_gateway_stage;aws_iam_role_policy_attachment;aws_iam_policy;archive_file,3,3,2,1,1,66.67,66.67,archive_file,aws_region,10,3,3,7,0,30.0,100.0,buildscript;method;zipfile;handler;root_nesting;region;build_dir,,4,0,0,4,0,0.0,0.0,lambda_iam_role;endpoint;lambda_console_url;build_path,
101,iac_benchmark/scenarios/terrads_2b8b3dc2bc75,True,4,False,9,26,7,2,19,77.78,26.92,aws_iam_role_policy;aws_iam_role_policy_attachment,random_id;aws_s3_bucket_server_side_encryption_configuration;aws_s3_bucket_public_access_block;aws_s3_bucket;aws_config_config_rule;aws_config_config_rule;aws_config_config_rule;aws_config_config_rule;aws_config_config_rule;aws_config_config_rule;aws_config_config_rule;aws_config_config_rule;aws_config_config_rule;aws_config_config_rule;aws_sns_topic_policy;aws_iam_policy;aws_kms_key;aws_s3_bucket_policy;aws_s3_bucket_versioning,0,6,0,0,6,0.0,0.0,,aws_caller_identity;aws_iam_policy_document;aws_iam_policy_document;aws_iam_policy_document;aws_iam_policy_document;aws_iam_policy_document,3,3,0,3,3,0.0,0.0,tags;record_config;name,custom_tags;snapshot_delivery_frequency;base_name,1,0,0,1,0,0.0,0.0,rules,
102,iac_benchmark/scenarios/terrads_8c3d60955e7f,True,5,False,35,21,3,32,18,8.57,14.29,aws_sns_topic_subscription;aws_sns_topic_subscription;aws_sns_topic_subscription;aws_sns_topic_subscription;aws_sns_topic_subscription;aws_sns_topic_subscription;aws_sns_topic_subscription;aws_sns_topic_subscription;aws_sns_topic_subscription;aws_sns_topic_subscription;aws_sns_topic_subscription;aws_sns_topic_subscription;aws_sns_topic_subscription;aws_sns_topic_subscription;aws_sns_topic_subscription;aws_sns_topic_subscription;aws_sns_topic;aws_sns_topic;aws_sns_topic;aws_sns_topic;aws_sns_topic;aws_sns_topic;aws_sns_topic;aws_sns_topic;aws_sns_topic;aws_sns_topic;aws_sns_topic;aws_sns_topic;aws_sns_topic;aws_sns_topic;aws_sns_topic;aws_sns_topic,aws_sqs_queue_policy;aws_s3_bucket_server_side_encryption_configuration;aws_s3_bucket_server_side_encryption_configuration;aws_s3_bucket_public_access_block;aws_s3_bucket_public_access_block;aws_s3_bucket;aws_s3_bucket;aws_config_configuration_recorder;aws_iam_role_policy_attachment;aws_iam_role;aws_config_configuration_recorder_status;aws_kms_key;aws_kms_key;aws_kms_key;aws_s3_bucket_policy;aws_config_delivery_channel;aws_s3_bucket_versioning;aws_s3_bucket_versioning,0,1,0,0,1,0.0,0.0,,aws_caller_identity,9,9,6,3,3,66.67,66.67,enabled_global_logging_regions;tags;bucket_suffix,global_logging_regions;s3_bucket_suffix;common_tags,0,0,0,0,0,100.0,100.0,,
103,iac_benchmark/scenarios/terrads_6ec75c3ea43a,True,3,False,10,13,10,0,3,100.0,76.92,,aws_route_table;aws_route_table_association;aws_route_table_association,0,1,0,0,1,0.0,0.0,,aws_availability_zones,19,1,0,19,1,0.0,0.0,subnet_a_name;nat_gw_name;vpc_name;byoip_pool_name;subnet_a_az;subnet_b_public;vpc_cidr_block;subnet_c_az;subnet_c_public;subnet_c_name;internetgw_name;subnet_a_public;subnet_b_az;subnet_c_cidr_block;subnet_a_cidr_block;route_tb_name;subnet_b_name;public_sb_name;subnet_b_cidr_block,public_ipv4_pool,1,1,0,1,1,0.0,0.0,nat_public_ip,nat_gateway_public_ip
104,iac_benchmark/scenarios/terrads_83b303c27ebb,True,5,False,12,20,12,0,8,100.0,60.0,,aws_s3_bucket_server_side_encryption_configuration;aws_s3_bucket_acl;aws_s3_bucket_lifecycle_configuration;aws_s3_bucket_public_access_block;aws_s3_bucket_public_access_block;aws_s3_bucket;aws_kms_alias;aws_kms_key,0,2,0,0,2,0.0,0.0,,aws_caller_identity;aws_canonical_user_id,49,16,2,47,14,4.08,12.5,target_bucket;lifecycle_configuration_rules;lifecycle_glacier_object_prefix;lifecycle_days_to_deep_archive_transition;lifecycle_expiration_enabled;mfa_delete;enable_kms;aws_iam_policy_document;routing_rule;cors_rule;attributes;bucket_prefix;owner_id;lifecycle_deep_archive_object_prefix;lifecycle_days_to_infrequent_storage_transition;lifecycle_days_to_expiration;website_config_enable;enable_server_side_encryption;name;sse_algorithm;kms_master_key_id;lifecycle_infrequent_storage_object_prefix;request_payer;label_order;managedby;lifecycle_expiration_object_prefix;error_document;object_lock_configuration;acl;create_bucket;lifecycle_glacier_transition_enabled;target_prefix;logging;environment;acceleration_status;lifecycle_days_to_glacier_transition;redirect;index_document;grants;lifecycle_deep_archive_transition_enabled;delimiter;bucket_policy;force_destroy;repository;versioning;enable_lifecycle_configuration_rules;lifecycle_infrequent_storage_transition_enabled,block_public_access;enable_website_public_read;encryption_algorithm;enable_requester_pays;bucket_name;enable_acceleration;lifecycle_rules;canned_acl;cors_rules;enable_versioning;log_lifecycle_expiration_days;object_lock_config;enable_logging;logging_bucket_name,4,4,1,3,3,25.0,25.0,tags;arn;id,bucket_id;bucket_tags;bucket_arn
105,iac_benchmark/scenarios/terrads_4ce463879462,True,3,False,4,13,4,0,9,100.0,30.77,,aws_iam_role_policy_attachment;aws_cloudwatch_event_target;aws_lambda_permission;aws_iam_role;aws_iam_role;local_file;aws_sfn_state_machine;aws_iam_role_policy;aws_lambda_function,0,1,0,0,1,0.0,0.0,,archive_file,5,6,0,5,6,0.0,0.0,tags;name;bus;rules;targets,event_bus_name;schedule_expression;state_machine_name;lambda_function_name;event_pattern;common_tags,2,0,0,2,0,0.0,0.0,bus;rules,
106,iac_benchmark/scenarios/terrads_15dc7dba11b2,True,5,False,12,16,10,2,6,83.33,62.5,aws_iam_role_policy_attachment;aws_iam_policy,aws_cloudwatch_event_target;aws_cloudwatch_event_target;aws_cloudwatch_event_target;aws_cloudwatch_event_rule;aws_cloudwatch_event_rule;aws_cloudwatch_event_rule,6,3,2,4,1,33.33,66.67,aws_partition;aws_iam_policy_document;aws_iam_policy_document;aws_iam_policy_document,aws_region,38,5,1,37,4,2.63,20.0,create_iam_role;tags;queue_kms_data_key_reuse_period_seconds;iam_role_use_name_prefix;iam_role_tags;create;iam_role_additional_policies;irsa_name;iam_role_arn;iam_role_attach_cni_policy;create_irsa;irsa_oidc_provider_arn;iam_role_path;irsa_max_session_duration;irsa_use_name_prefix;irsa_subnet_account_id;queue_name;irsa_path;irsa_tags;iam_role_permissions_boundary;rule_name_prefix;irsa_namespace_service_accounts;irsa_description;irsa_ssm_parameter_arns;queue_kms_master_key_id;irsa_policy_name;iam_role_name;create_instance_profile;irsa_assume_role_condition_test;enable_spot_termination;irsa_tag_key;iam_role_description;iam_role_max_session_duration;irsa_permissions_boundary_arn;cluster_ip_family;queue_managed_sse_enabled;policies,oidc_provider_arn;karpenter_namespace;karpenter_service_account;include_eks_cni_policy,14,0,0,14,0,0.0,0.0,queue_name;role_arn;queue_arn;instance_profile_id;role_unique_id;role_name;instance_profile_arn;irsa_unique_id;event_rules;queue_url;instance_profile_unique;instance_profile_name;irsa_arn;irsa_name,
107,iac_benchmark/scenarios/terrads_a6b6f6412452,True,4,False,14,16,10,4,6,71.43,62.5,aws_s3_bucket_ownership_controls;aws_s3_bucket_ownership_controls;aws_s3_bucket_acl;aws_s3_bucket_acl,aws_s3_bucket_server_side_encryption_configuration;aws_s3_bucket_server_side_encryption_configuration;aws_s3_bucket_public_access_block;aws_s3_bucket_public_access_block;time_sleep;aws_kms_key,4,1,1,3,0,25.0,100.0,aws_partition;aws_iam_policy_document;aws_iam_policy_document,,3,3,0,3,3,0.0,0.0,primary_bucket_name;secondary_bucket_name;access_point_name,bucket_primary;bucket_secondary;secondary_region,4,4,0,4,4,0.0,0.0,multi_access_point_status;multi_access_point_domain_name;multi_access_point_alias;multi_access_point_arn,mrap_arn;mrap_domain_name;mrap_status;mrap_alias
108,iac_benchmark/scenarios/terrads_265d051c70be,True,5,False,16,18,16,0,2,100.0,88.89,,aws_iam_policy;aws_iam_openid_connect_provider,9,4,1,8,3,11.11,25.0,aws_iam_policy_document;aws_iam_policy_document;aws_iam_policy_document;aws_iam_policy_document;aws_iam_policy_document;aws_iam_policy_document;aws_iam_policy_document;aws_iam_policy_document,tls_certificate;aws_caller_identity;aws_region,27,18,1,26,17,3.7,5.56,tags;attach_node_termination_handler_policy;role_name;role_policy_arns;ebs_csi_kms_cmk_ids;karpenter_controller_cluster_ids;attach_load_balancer_controller_policy;max_session_duration;oidc_providers;vpc_cni_enable_ipv4;karpenter_controller_ssm_parameter_arns;attach_ebs_csi_policy;role_description;vpc_cni_enable_ipv6;attach_karpenter_controller_policy;karpenter_controller_node_iam_role_arns;role_name_prefix;attach_vpc_cni_policy;node_termination_handler_sqs_queue_arns;role_path;force_detach_policies;role_permissions_boundary_arn;create_role;cluster_autoscaler_cluster_ids;attach_cluster_autoscaler_policy;attach_external_dns_policy,enable_lb_controller;enable_external_dns;ebs_csi_kms_cmk_arn;karpenter_node_role_arn;karpenter_discovery_tag_key;enable_node_termination_handler;oidc_provider_urls;nth_sqs_queue_arns;lb_controller_cluster_name;enable_vpc_cni;karpenter_discovery_tag_value;enable_ebs_csi;ssm_parameter_path;cluster_ids;enable_cluster_autoscaler;enable_karpenter;namespace_service_accounts,4,0,0,4,0,0.0,0.0,iam_role_unique_id;iam_role_name;iam_role_arn;iam_role_path,
109,iac_benchmark/scenarios/terrads_1b435e3d4172,True,4,False,9,13,8,1,5,88.89,61.54,aws_vpc_endpoint_route_table_association,aws_route_table;aws_network_acl_rule;aws_network_acl_rule;aws_subnet;aws_route_table_association,1,1,1,0,0,100.0,100.0,,,11,0,0,11,0,0.0,0.0,enable_dns_hostnames;name;cidr;custom_inbound_acl_rules;public_inbound_acl_rules;public_outbound_acl_rules;custom_outbound_acl_rules;instance_tenancy;enable_dns_support;private_subnets;region,,18,0,0,18,0,0.0,0.0,vpc_id;PrivateSubnet1AID;PrivateSubnet3AID;vpc_cidr;PrivateSubnet1ARouteTable;route_id;PrivateSubnet3ARouteTable;PrivateSubnet2AID;route_ids;PrivateSubnet2ACIDR;PrivateSubnet3ACIDR;PrivateSubnet4AID;PrivateSubnet4ACIDR;S3VPCEndpoint;PrivateSubnet1ACIDR;PrivateSubnet4ARouteTable;PrivateSubnet2ARouteTable;subnet_ids,
110,iac_benchmark/scenarios/terrads_bf3ef706d7fd,True,5,False,20,29,10,10,19,50.0,34.48,aws_vpc_security_group_egress_rule;aws_vpc_security_group_egress_rule;aws_vpc_security_group_egress_rule;aws_vpc_security_group_ingress_rule;aws_vpc_security_group_ingress_rule;aws_vpc_security_group_ingress_rule;aws_vpc_security_group_ingress_rule;time_sleep;aws_cloudformation_stack;local_sensitive_file,aws_route_table;aws_vpc;aws_internet_gateway;aws_route_table_association;aws_vpc_endpoint;aws_vpc_endpoint;aws_vpc_endpoint;aws_vpc_endpoint;aws_iam_role_policy_attachment;aws_iam_role_policy_attachment;aws_iam_role_policy_attachment;aws_security_group;aws_security_group_rule;aws_security_group_rule;aws_security_group_rule;aws_subnet;aws_kms_key;aws_autoscaling_group;local_file,7,2,0,7,2,0.0,0.0,aws_subnets;aws_vpc;http;aws_ssm_parameter;aws_eks_cluster;aws_iam_policy_document;aws_iam_policy_document,aws_ami;aws_availability_zones,7,2,0,7,2,0.0,0.0,node_role_name;node_group_max_size;node_group_min_size;node_group_desired_capacity;cluster_name;aws_region;cluster_role_name,eks_version;ssh_cidr_blocks,3,0,0,3,0,0.0,0.0,NodeAutoScalingGroup;NodeSecurityGroup;NodeInstanceRole,
111,iac_benchmark/scenarios/terrads_c8bf6bcc3019,True,5,False,15,18,15,0,3,100.0,83.33,,aws_iam_role_policy_attachment;aws_iam_policy;aws_iam_role_policy,3,7,1,2,6,33.33,14.29,aws_iam_policy_document;aws_iam_policy_document,aws_partition;aws_iam_policy;aws_iam_policy;aws_iam_policy;aws_iam_policy;aws_region,1,1,0,1,1,0.0,0.0,project,project_name,5,5,3,2,2,60.0,60.0,cw_agent_instance_profile;codedeploy_instance_profile,ec2_codedeploy_instance_profile_name;cloudwatch_agent_instance_profile_name
112,iac_benchmark/scenarios/terrads_8a18be3138e9,True,4,False,21,10,9,12,1,42.86,90.0,aws_route_table;aws_subnet;aws_subnet;aws_subnet;aws_subnet;aws_subnet;aws_subnet;aws_route_table_association;aws_route_table_association;aws_route_table_association;aws_route_table_association;aws_main_route_table_association,aws_default_route_table,0,1,0,0,1,0.0,0.0,,aws_availability_zones,0,0,0,0,0,100.0,100.0,,,12,6,0,12,6,0.0,0.0,prod_int_default_sg_id;prod_int_sub_1_id;prod_ext_vpc_id;prod_int_vpc_id;prod_ext_default_sg_id;prod_ext_sub_3_id;prod_int_sub_0_id;prod_ext_sub_2_id;prod_ext_sub_0_id;prod_ext_sub_1_id;prod_int_sub_2_id;prod_int_sub_3_id,internal_vpc_id;internal_default_security_group_id;external_vpc_id;external_default_security_group_id;public_subnet_ids;private_subnet_ids
113,iac_benchmark/scenarios/gh_7ae21b79,True,5,False,12,5,4,8,1,33.33,80.0,aws_vpc_security_group_egress_rule;aws_vpc_security_group_egress_rule;aws_vpc_security_group_egress_rule;aws_vpc_security_group_egress_rule;aws_vpc_security_group_ingress_rule;aws_vpc_security_group_ingress_rule;aws_vpc_security_group_ingress_rule;aws_vpc_security_group_ingress_rule,aws_vpc,1,1,0,1,1,0.0,0.0,aws_security_group,aws_availability_zones,21,9,2,19,7,9.52,22.22,vpc_id;prefix_list_enabled;new_sg_ingress_rules;existing_sg_egress_rules;existing_sg_ingress_rules;enable;tags;new_sg;prefix_list_ids;revoke_rules_on_delete;sg_description;new_sg_egress_rules;existing_sg_id;repository;prefix_list_address_family;label_order;managedby;max_entries;entry,ingress_rules;create_security_group;prefix_list_entries;create_prefix_list;egress_rules;existing_prefix_list_id;existing_security_group_id,5,6,3,2,3,60.0,50.0,security_group_tags;security_group_name,vpc_id;availability_zone_names;prefix_list_arn
114,iac_benchmark/scenarios_greenfield/terrads_ce5484f81fb0,True,5,False,18,14,12,6,2,66.67,85.71,aws_network_acl_rule;aws_network_acl_rule;aws_network_acl_rule;aws_network_acl_rule;aws_route;aws_route,aws_network_acl_association;aws_network_acl_association,2,1,1,1,0,50.0,100.0,aws_region,,5,2,1,4,1,20.0,50.0,create_private_subnets;create_nat_gateway;num_availability_zones;create_public_subnets,az_count,16,0,0,16,0,0.0,0.0,vpc_id;vpc_name;public_subnet_ids;vpc_cidr_block;public_subnet_cidr_blocks;private_subnet_cidr_blocks;num_nat_gateways;num_availability_zones;private_subnet_route_table_id;public_subnets;public_subnet_route_table_id;nat_gateway_public_ip;private_subnets;private_subnet_ids;availability_zones;public_subnets_network_acl_id,
115,../scenarios/gh_6841c7bd,True,5,False,14,15,10,4,5,71.43,66.67,aws_iam_role_policy;aws_iam_role_policy;aws_iam_role_policy;null_resource,aws_vpc;aws_service_discovery_service;aws_ecs_cluster;aws_security_group_rule;aws_subnet,9,1,0,9,1,0.0,0.0,aws_region;aws_kms_key;aws_kms_key;aws_iam_policy_document;aws_iam_policy_document;aws_iam_policy_document;aws_iam_policy_document;aws_iam_policy_document;aws_iam_policy_document,aws_availability_zones,53,27,8,45,19,15.09,29.63,container_name;health_check_grace_period_seconds;task_container_environment;enable_execute_command;task_container_image;protocol_version;task_container_environment_file;service_registry_arn;task_definition_cpu;lb_arn;volumes;repository_credentials;private_subnet_ids;task_container_command;task_container_port;mount_points;privileged;with_service_discovery_srv_record;task_container_protocol;log_multiline_pattern;deployment_maximum_percent;task_container_assign_public_ip;task_definition_cpu_arch;task_container_secrets_kms_key;task_definition_memory;name_prefix;task_container_secrets;service_sg_ids;task_container_health_check;cluster_id;task_role_permissions_boundary_arn;capacity_provider_strategy;task_definition_os_family;sidecar_containers;deployment_minimum_healthy_percent;repository_credentials_kms_key;stop_timeout;wait_for_steady_state;deployment_controller_type;task_container_port_mappings;aws_iam_role_task_suffix;readonlyRootFilesystem;aws_iam_role_execution_suffix;task_definition;deployment_circuit_breaker,ingress_rules;service_name;vpc_cidr_block;cluster_arn;target_group_protocol_version;sidecar_container_definitions;target_group_name;cloud_map_service_name;task_role_custom_policy;create_target_group;subnet_ids;target_group_port;memory;container_definitions;secret_arns;capacity_provider_strategies;cloud_map_namespace_id;target_group_protocol;cpu,11,12,8,3,4,72.73,66.67,task_execution_role_name;task_execution_role_arn;service_sg_id,execution_role_arn;execution_role_name;extra_target_group_arns;security_group_id
116,iac_benchmark/scenarios/terrads_8b175cdbe2cf,True,4,False,23,28,17,6,11,73.91,60.71,aws_subnet;aws_subnet;aws_instance;aws_lb_target_group_attachment;aws_route_table_association;aws_route_table_association,tls_self_signed_cert;tls_private_key;aws_kms_alias;aws_dynamodb_table;aws_s3_bucket_versioning;aws_s3_bucket_server_side_encryption_configuration;aws_s3_bucket_public_access_block;aws_s3_bucket;aws_kms_key;local_file;aws_acm_certificate,0,3,0,0,3,0.0,0.0,,aws_caller_identity;aws_ami;aws_availability_zones,0,0,0,0,0,100.0,100.0,,,1,3,0,1,3,0.0,0.0,dns-link,state_s3_bucket_arn;dynamodb_table_name;alb_dns_name
117,iac_benchmark/scenarios/terrads_33766381a4b4,True,5,False,18,11,10,8,1,55.56,90.91,aws_security_group_rule;aws_security_group_rule;aws_security_group_rule;aws_security_group_rule;aws_security_group_rule;aws_security_group_rule;aws_security_group_rule;aws_security_group_rule,aws_vpc,1,0,0,1,0,0.0,0.0,aws_security_group,,31,20,3,28,17,9.68,15.0,prefix_list_enabled;enable;new_sg_egress_rules_with_prefix_list;existing_sg_egress_rules_with_cidr_blocks;new_sg_egress_rules_with_source_sg_id;new_sg_egress_rules_with_self;new_sg_ingress_rules_with_prefix_list;sg_description;existing_sg_ingress_rules_with_source_sg_id;existing_sg_egress_rules_with_source_sg_id;existing_sg_id;label_order;managedby;existing_sg_egress_rules_with_self;prefix_list_ids;vpc_id;existing_sg_ingress_rules_with_prefix_list;existing_sg_egress_rules_with_prefix_list;new_sg;existing_sg_ingress_rules_with_cidr_blocks;new_sg_egress_rules_with_cidr_blocks;new_sg_ingress_rules_with_self;new_sg_ingress_rules_with_source_sg_id;repository;existing_sg_ingress_rules_with_self;prefix_list_address_family;new_sg_ingress_rules_with_cidr_blocks;entry,enabled;tags;create_security_group;egress_self;egress_security_groups;egress_prefix_lists;description;ingress_prefix_lists;egress_cidr_blocks;namespace;prefix_list_entries;create_prefix_list;ingress_cidr_blocks;ingress_self;address_family;ingress_security_groups;existing_security_group_id,4,3,3,1,0,75.0,100.0,security_group_tags,
118,iac_benchmark/scenarios/terrads_0bc9721da849,True,4,False,15,19,15,0,4,100.0,78.95,,aws_security_group_rule;aws_security_group_rule;aws_security_group_rule;aws_security_group_rule,1,1,1,0,0,100.0,100.0,,,0,0,0,0,0,100.0,100.0,,,9,0,0,9,0,0.0,0.0,vpc;db_subnet_id_1;lambda_functions_subnet_id;bastion_host_subnet_id;bastion_host_security_group_id;lambda_functions_security_group_id;db_security_group_id;db_subnet_id_2;db_availability_zone,
119,iac_benchmark/scenarios/terrads_52b67e410bd8,True,4,False,10,14,9,1,5,90.0,64.29,aws_s3_bucket_acl,aws_s3_bucket_server_side_encryption_configuration;aws_iam_role_policy_attachment;aws_iam_policy;aws_iam_role;aws_s3_bucket_versioning,4,1,1,3,0,25.0,100.0,aws_iam_policy_document;aws_iam_policy_document;aws_iam_policy_document,,7,5,0,7,5,0.0,0.0,tags;name;s3_bucket_expiration_days;is_organizational;organizational_config;cloudtrail_kms_enable;is_multi_region_trail,member_account_id;member_role_name;log_expiration_days;enable_kms;name_prefix,2,2,2,0,0,100.0,100.0,,
120,iac_benchmark/scenarios/terrads_9da16fbef056,True,3,False,5,5,5,0,0,100.0,100.0,,,2,0,0,2,0,0.0,0.0,aws_ec2_transit_gateway;aws_ec2_transit_gateway_route_table,,12,7,5,7,2,41.67,71.43,create;ram_resource_share_name;id;name;shared_principals;auto_accept_shared_attachments;asn,ram_share_accounts;amazon_side_asn,3,3,0,3,3,0.0,0.0,transit_gateway;name;route_tables,route_table_ids;transit_gateway_id;route_table_arns
121,iac_benchmark/scenarios/terrads_b1409427bd33,True,4,False,14,15,10,4,5,71.43,66.67,aws_iam_role_policy_attachment;aws_iam_role_policy;aws_iam_role_policy;aws_iam_role_policy,aws_s3_bucket_server_side_encryption_configuration;aws_kms_key;aws_s3_bucket_public_access_block;aws_s3_bucket;aws_kms_alias,12,3,0,12,3,0.0,0.0,aws_iam_policy_document;aws_iam_policy_document;aws_iam_policy_document;aws_iam_policy_document;aws_iam_policy_document;aws_iam_policy_document;aws_iam_policy_document;aws_iam_policy_document;aws_iam_policy_document;aws_iam_policy_document;aws_iam_policy_document;aws_iam_policy_document,aws_caller_identity;aws_partition;aws_region,0,1,0,0,1,0.0,0.0,,tags,5,0,0,5,0,0.0,0.0,ecs_exec;ecs_task;ecs_codedeploy;ecs_autoscale_role;ecs_service,
122,iac_benchmark/scenarios/terrads_2e8035ffc09c,True,3,False,5,6,5,0,1,100.0,83.33,,random_id,1,2,0,1,2,0.0,0.0,aws_caller_identity,aws_partition;aws_iam_policy_document,7,6,4,3,2,57.14,66.67,tags;trusted_accounts;lifecycle_policy,use_random_name;trusted_account_ids,4,4,0,4,4,0.0,0.0,url;name;arn;policy_arns,repository_arn;write_policy_arn;read_policy_arn;repository_name
123,iac_benchmark/scenarios/gh_288218eb,True,3,False,5,8,4,1,4,80.0,50.0,aws_acm_certificate_validation,aws_s3_bucket_server_side_encryption_configuration;aws_route53_record;aws_s3_bucket_public_access_block;aws_s3_bucket,0,0,0,0,0,100.0,100.0,,,25,18,1,24,17,4.0,5.56,acm_certificate_certificate_authority_arn;tags;enable_acm_certificate_private_ca;enable_acmpca_certificate_authority;enable_import_existing_certificate;acmpca_certificate_authority_revocation_configuration;acm_certificate_certificate_chain;name;acm_certificate_subject_alternative_names;acm_certificate_validation_record_fqdns;acmpca_certificate_authority_certificate_authority_configuration;acm_certificate_validation_timeouts;acm_certificate_private_key;acmpca_certificate_authority_timeouts;acmpca_certificate_authority_name;acm_certificate_options;acm_certificate_validation_certificate_arn;acmpca_certificate_authority_enabled;enable_acm_certificate;acmpca_certificate_authority_permanent_deletion_time_in_days;acm_certificate_validation_method;acm_certificate_certificate_body;enable_acm_certificate_validation;acm_certificate_domain_name,validation_method;ca_subject;create_ca;permanent_deletion_time_in_days;acmpca_certificate_authority_arn;subject_alternative_names;prefix;ca_key_algorithm;certificate_chain;ca_crl_bucket_name;route53_zone_id;certificate_body;private_key;ca_signing_algorithm;ca_revocation_enabled;certificate_acquisition_mode;domain_name,14,5,0,14,5,0.0,0.0,acmpca_certificate_authority_serial;acmpca_certificate_authority_not_after;acmpca_certificate_authority_status;acmpca_certificate_authority_certificate_chain;aws_acm_certificate_domain_validation_options;aws_acm_certificate_id;aws_acm_certificate_domain_name;acmpca_certificate_authority_id;aws_acm_certificate_arn;acmpca_certificate_authority_not_before;acm_certificate_validation_id;acmpca_certificate_authority_certificate;acmpca_certificate_authority_arn;acmpca_certificate_authority_certificate_signing_request,domain_validation_options;ca_serial;ca_arn;certificate_id;certificate_arn
124,iac_benchmark/scenarios/terrads_9a807e8b7301,True,4,False,8,13,8,0,5,100.0,61.54,,aws_vpc;aws_security_group_rule;aws_security_group_rule;aws_subnet;aws_kms_key,0,1,0,0,1,0.0,0.0,,aws_availability_zones,24,12,5,19,7,20.83,41.67,vpc_id;global_datastore;parameter_group_name;transit_encryption_enabled;environment;cluster_mode;family;create_elasticache_subnet_group;aws_region;elasticache_subnet_group_name;automatic_failover_enabled;apply_immediately;parameters;multi_az_enabled;business_divsion;create_parameter_group;private_subnets;at_rest_encryption_enabled;num_nodes,parameter_group_family;vpc_cidr;num_cache_clusters;alarm_evaluation_periods;alarm_period;subnet_cidrs;enable_global_datastore,1,0,0,1,0,0.0,0.0,global_replication_group_id,
125,iac_benchmark/scenarios/terrads_de2463de7604,True,3,False,6,17,6,0,11,100.0,35.29,,aws_route_table;aws_route_table;aws_vpc;aws_internet_gateway;aws_route_table_association;aws_route_table_association;aws_eip;aws_security_group;aws_subnet;aws_subnet;aws_nat_gateway,2,1,0,2,1,0.0,0.0,aws_iam_policy_document;aws_iam_policy_document,aws_availability_zones,3,3,1,2,2,33.33,33.33,config;raw_config,config_file_path;raw_yaml_config,3,3,0,3,3,0.0,0.0,lambda_id;lambda_arn;lambda_invoke_arn,lambda_invoke_arns;lambda_function_arns;lambda_function_names
126,iac_benchmark/scenarios/terrads_c6fa801d3646,True,3,False,6,3,3,3,0,50.0,100.0,aws_iam_role_policy_attachment;aws_iam_role;aws_iam_role,,2,4,1,1,3,50.0,25.0,aws_iam_policy_document,aws_iam_policy;aws_iam_policy;aws_iam_policy,26,1,0,26,1,0.0,0.0,create_admin_role;readonly_role_path;poweruser_role_policy_arns;admin_role_name;readonly_role_policy_arns;admin_role_path;max_session_duration;admin_role_policy_arns;readonly_role_tags;create_poweruser_role;poweruser_role_path;admin_role_tags;readonly_role_name;trusted_role_arns;poweruser_role_permissions_boundary_arn;force_detach_policies;poweruser_role_name;create_readonly_role;admin_role_requires_mfa;poweruser_role_tags;mfa_age;admin_role_permissions_boundary_arn;trusted_role_services;poweruser_role_requires_mfa;readonly_role_permissions_boundary_arn;readonly_role_requires_mfa,roles_config,15,0,0,15,0,0.0,0.0,readonly_iam_role_path;readonly_iam_role_arn;readonly_iam_role_unique_id;readonly_iam_role_requires_mfa;admin_iam_role_requires_mfa;admin_iam_role_name;admin_iam_role_path;admin_iam_role_arn;admin_iam_role_unique_id;poweruser_iam_role_requires_mfa;readonly_iam_role_name;poweruser_iam_role_unique_id;poweruser_iam_role_arn;poweruser_iam_role_name;poweruser_iam_role_path,
127,iac_benchmark/scenarios/terrads_ec610e61db0b,True,5,False,39,26,25,14,1,64.1,96.15,aws_key_pair;null_resource;tls_private_key;aws_iam_role_policy_attachment;aws_iam_role_policy_attachment;aws_iam_role_policy_attachment;aws_iam_role_policy_attachment;aws_iam_role_policy_attachment;aws_security_group;aws_security_group;aws_security_group;aws_iam_policy;aws_security_group_rule;local_file,aws_kms_key,4,2,1,3,1,25.0,50.0,aws_security_groups;aws_eks_cluster_auth;external,aws_ami,6,3,0,6,3,0.0,0.0,PERSISTENT_DEPLOYMENT;DEPLOY_FARGATE_NODES;SECRET_ACCESS_KEY;MD_CLUSTER_NAME;MD_CLUSTER_REGION;ACCESS_KEY_ID,region;cluster_name;persistent_deployment,6,3,0,6,3,0.0,0.0,vpc_id;public_subnets;subnet_group_id;vpc_cidr;private_subnets;eks_cluster_oicd_url,db_subnet_group_id;oidc_issuer_url;private_subnet_ids
128,iac_benchmark/scenarios/terrads_9018d22f359d,True,5,False,16,15,15,1,0,93.75,100.0,aws_s3_bucket_acl,,3,2,2,1,0,66.67,100.0,aws_cloudtrail_service_account,,8,3,1,7,2,12.5,33.33,trail;retention_in_days;is_organization_trail;enable_log_file_validation;enable_logging;expiry;is_multi_region_trail,trail_name;key_prefix,5,6,0,5,6,0.0,0.0,bucket;trail;service_account;kms;log_group,glue_table_name;glue_database_name;cloudwatch_log_group_name;cloudtrail_trail_name;kms_key_id;s3_bucket_name
129,iac_benchmark/scenarios/terrads_253bca1f8ff4,True,5,False,16,17,11,5,6,68.75,64.71,aws_s3_bucket_object_lock_configuration;aws_s3_bucket_replication_configuration;aws_s3_bucket_request_payment_configuration;aws_s3_bucket_accelerate_configuration;aws_s3_bucket_intelligent_tiering_configuration,random_id;aws_s3_bucket_server_side_encryption_configuration;aws_s3_bucket_public_access_block;aws_s3_bucket;aws_kms_key;aws_s3_bucket_versioning,7,1,1,6,0,14.29,100.0,aws_elb_service_account;aws_canonical_user_id;aws_iam_policy_document;aws_iam_policy_document;aws_iam_policy_document;aws_iam_policy_document,,35,0,0,35,0,0.0,0.0,block_public_acls;expected_bucket_owner;restrict_public_buckets;tags;cors_rule;attach_public_policy;bucket_prefix;request_payer;lifecycle_rule;control_object_ownership;putin_khuylo;attach_elb_log_delivery_policy;object_lock_configuration;object_lock_enabled;acl;attach_lb_log_delivery_policy;create_bucket;bucket;logging;attach_policy;attach_require_latest_tls_policy;replication_configuration;server_side_encryption_configuration;intelligent_tiering;acceleration_status;block_public_policy;ignore_public_acls;website;attach_deny_insecure_transport_policy;policy;force_destroy;owner;object_ownership;versioning;grant,,8,0,0,8,0,0.0,0.0,s3_bucket_id;s3_bucket_hosted_zone_id;s3_bucket_arn;s3_bucket_region;s3_bucket_website_endpoint;s3_bucket_website_domain;s3_bucket_bucket_regional_domain_name;s3_bucket_bucket_domain_name,
130,iac_benchmark/scenarios/terrads_54aa27d47fd9,True,3,False,4,11,4,0,7,100.0,36.36,,random_id;aws_iam_role_policy_attachment;aws_iam_policy;aws_iam_role;aws_kms_key;aws_cloudwatch_log_group;aws_kms_alias,2,2,2,0,0,100.0,100.0,,,25,11,3,22,8,12.0,27.27,firehose_feedback;use_name_prefix;enable_default_topic_policy;tags;fifo_topic;create;topic_policy;lambda_feedback;display_name;http_feedback;override_topic_policy_documents;sqs_feedback;application_feedback;tracing_config;create_topic_policy;create_subscription;name;kms_master_key_id;topic_policy_statements;source_topic_policy_documents;content_based_deduplication;signature_version,log_retention_days;topic_name;custom_policy_statements;feedback_role_arn;encryption_enabled;is_fifo;name_prefix;custom_kms_key_arn,5,0,0,5,0,0.0,0.0,topic_arn;subscriptions;topic_name;topic_id;topic_owner,
131,iac_benchmark/scenarios/terrads_375e81039f24,True,5,False,22,18,18,4,0,81.82,100.0,aws_iam_policy;aws_iam_policy;aws_iam_group;aws_iam_group_policy_attachment,,7,1,0,7,1,0.0,0.0,aws_iam_group;aws_iam_group;aws_iam_policy_document;aws_iam_policy_document;aws_iam_policy_document;aws_iam_policy_document;aws_iam_policy_document,aws_caller_identity,7,3,1,6,2,14.29,33.33,config_terraform_user;groups;labels;config_password_policy;config_role;use_prefix,password_policy;name_prefix,4,0,0,4,0,0.0,0.0,users;groups;admin_role;admin_users,
132,iac_benchmark/scenarios/terrads_c2af7a854318,True,4,False,21,16,11,10,5,52.38,68.75,aws_route_table_association;aws_iam_policy_attachment;aws_iam_policy_attachment;aws_iam_policy_attachment;aws_iam_policy_attachment;aws_iam_policy_attachment;aws_eip;aws_route;aws_subnet;aws_nat_gateway,aws_iam_role_policy_attachment;aws_iam_role_policy_attachment;aws_iam_role_policy_attachment;aws_iam_role_policy_attachment;aws_iam_role_policy_attachment,1,1,0,1,1,0.0,0.0,aws_partition,aws_availability_zones,5,3,2,3,1,40.0,66.67,subnet2_cidr;subnet1_cidr;availability_zones,az_names,7,0,0,7,0,0.0,0.0,stack_public_subnet_2;stack_public_subnet_1;stack_name;stack_public_subnets;stack_vpc;node_group_arn;cluster_role_arn,
133,iac_benchmark/scenarios/gh_48c5e87c,True,3,False,5,6,5,0,1,100.0,83.33,,aws_kms_key,0,0,0,0,0,100.0,100.0,,,56,19,3,53,16,5.36,15.79,sns_topic_subscription_raw_message_delivery;sns_topic_http_success_feedback_sample_rate;sns_sms_preferences_delivery_status_iam_role_arn;sns_topic_name;sns_topic_application_success_feedback_sample_rate;enable_sns_sms_preferences;sns_topic_subscription_filter_policy;sns_topic_name_prefix;sns_platform_application_event_endpoint_deleted_topic_arn;sns_platform_application_success_feedback_role_arn;enable_sns_topic_subscription;sns_platform_application_platform_principal;sns_topic_subscription_sns_endpoints;sns_sms_preferences_delivery_status_success_sampling_rate;sns_platform_application_name;sns_topic_policy_policy;sns_platform_application_event_delivery_failure_topic_arn;sns_topic_subscription_sns_protocol;sns_platform_application_event_endpoint_created_topic_arn;sns_topic_http_success_feedback_role_arn;sns_topic_sqs_success_feedback_role_arn;sns_platform_application_platform_credential;sns_application_failure_feedback_role_arn;sns_sms_preferences_default_sms_type;sns_topic_sqs_success_feedback_sample_rate;sns_topic_display_name;sns_platform_application_success_feedback_sample_rate;sns_topic_subscription_delivery_policy;sns_topic_application_success_feedback_role_arn;sns_platform_application_event_endpoint_updated_topic_arn;enable_sns_platform_application;sns_topic_policy_topic_arn;sns_topic_policy;sns_platform_application_platform;sns_topic_lambda_success_feedback_role_arn;sns_topic_lambda_success_feedback_sample_rate;sns_topic_delivery_policy;sns_application_success_feedback_role_arn;sns_topic_application_failure_feedback_role_arn;sns_topic_lambda_failure_feedback_role_arn;sns_topic_subscription_confirmation_timeout_in_minutes;sns_sms_preferences_default_sender_id;sns_topic_subscription_topic_arn;sns_sms_preferences_monthly_spend_limit;sns_application_success_feedback_sample_rate;sns_topic_http_failure_feedback_role_arn;sns_topic_subscription_endpoint_auto_confirms;sns_topic_sqs_failure_feedback_role_arn;sns_platform_application_failure_feedback_role_arn;sns_sms_preferences_usage_report_s3_bucket;sns_topic_kms_master_key_id;enable_sns_topic_policy;enable_sns_topic,platform;platform_credential;create_topic_policy;kms_master_key_id;topic_arn;subscription_protocol;subscription_endpoints;create_subscriptions;sms_default_sms_type;create_platform_application;platform_principal;create_sms_preferences;platform_application_name;create_topic;sms_default_sender_id;topic_policy_json,8,1,1,7,0,12.5,100.0,sns_topic_subscription_endpoint;sns_topic_subscription_arn;sns_topic_subscription_protocol;sns_topic_policy_id;sns_topic_subscription_topic_arn;sns_topic_subscription_id;sns_topic_id,
134,iac_benchmark/scenarios_greenfield/terrads_c5f41bfffb0f,True,5,False,23,24,20,3,4,86.96,83.33,aws_s3_bucket_acl;aws_iam_policy_attachment;aws_iam_policy,aws_iam_role_policy;aws_kms_alias;aws_kms_alias;aws_kms_key,8,3,3,5,0,37.5,100.0,aws_iam_policy_document;aws_iam_policy_document;aws_iam_policy_document;aws_iam_policy_document;aws_iam_policy_document,,1,1,1,0,0,100.0,100.0,,,0,0,0,0,0,100.0,100.0,,
135,iac_benchmark/scenarios/gh_131320ab,True,4,False,8,5,5,3,0,62.5,100.0,aws_sqs_queue_redrive_allow_policy;aws_sqs_queue_redrive_policy;aws_sqs_queue_redrive_policy,,5,2,2,3,0,40.0,100.0,aws_partition;aws_caller_identity;aws_region,,42,31,21,21,10,50.0,67.74,dlq_tags;tags;queue_policy_statements;dlq_name;source_queue_policy_documents;dlq_queue_policy_statements;name;kms_master_key_id;create_dlq_queue_policy;source_dlq_queue_policy_documents;redrive_allow_policy;region;use_name_prefix;redrive_policy;deduplication_scope;create_queue_policy;override_dlq_queue_policy_documents;dlq_kms_master_key_id;dlq_deduplication_scope;override_queue_policy_documents;create_dlq_redrive_allow_policy,dlq_policy_json_strings;dlq_queue_name;main_policy_statements;queue_name;main_create_policy;dlq_max_message_size;max_receive_count;dlq_policy_statements;dlq_create_policy;main_policy_json_strings,10,4,0,10,4,0.0,0.0,queue_name;queue_arn_static;dead_letter_queue_arn_static;queue_arn;dead_letter_queue_arn;dead_letter_queue_id;queue_url;dead_letter_queue_name;dead_letter_queue_url;queue_id,dlq_url;main_queue_arn;dlq_arn;main_queue_url
136,iac_benchmark/scenarios/terrads_b0a44418031a,True,3,False,10,10,10,0,0,100.0,100.0,,,1,1,1,0,0,100.0,100.0,,,14,3,0,14,3,0.0,0.0,resourceOwner;buildSuffix;projectPrefix;map_public_ip_on_launch;vpcMainCidr;awsAz1;vpcMainSubPubACidr;vpcMainSubPrivACidr;vpcMainSubPrivBCidr;vpcMainSubMgmtACidr;vpcMainSubPubBCidr;vpcMainSubMgmtBCidr;awsAz2;awsRegion,owner;build_suffix;project_prefix,5,4,0,5,4,0.0,0.0,subnetsAz2;subnetsAz1;vpcs;vpcMainIgw;vpcMainRtb,vpc_id;internet_gateway_id;route_table_id;subnet_ids_by_az_and_type
137,iac_benchmark/scenarios_greenfield/gh_2f63765c,True,5,False,12,14,12,0,2,100.0,85.71,,aws_cognito_user_pool_domain;random_string,0,5,0,0,5,0.0,0.0,,aws_region;aws_iam_policy_document;aws_iam_policy_document;aws_iam_policy_document;aws_iam_policy_document,9,6,0,9,6,0.0,0.0,deletion_protection;tags;additional_logout_urls;additional_callback_urls;user_pool;name_prefix;enable_cognito_waf;identity_pool_options;allowed_signup_email_domain,callback_urls;logout_urls;prefix;environment;allow_unauthenticated_identities;existing_user_pool_arn,10,0,0,10,0,0.0,0.0,user_pool_endpoint;identity_pool_id;user_pool_client;user_pool;authenticated_role_arn;user_pool_client_id;user_pool_id;identity_pool;user_pool_arn;unauthenticated_role_arn,
138,iac_benchmark/scenarios_greenfield/gh_b3785cbb,True,5,False,13,20,12,1,8,92.31,60.0,aws_s3_bucket_acl,random_id;aws_s3_bucket_ownership_controls;aws_s3_bucket_server_side_encryption_configuration;aws_s3_bucket_public_access_block;aws_s3_bucket;aws_kms_alias;aws_kms_key;aws_s3_bucket_versioning,4,0,0,4,0,0.0,0.0,aws_caller_identity;aws_partition;aws_iam_account_alias;aws_iam_policy_document,,26,9,4,22,5,15.38,44.44,bucket;lifecycle_aws_bucket_inventory_expiration;tags;abort_incomplete_multipart_upload_days;logging_bucket;schedule_frequency;enable_bucket_force_destroy;enable_bucket_inventory;inventory_bucket_format;s3_bucket_acl;enable_s3_public_access_block;lifecycle_abort_incomplete_upload;transition_default_minimum_object_size;transfer_acceleration;lifecycle_aws_bucket_analytics_expiration;object_ownership;kms_master_key_id;additional_lifecycle_rules;control_object_ownership;versioning_status;use_account_alias_prefix;bucket_key_enabled,enable_inventory;kms_key_arn;enable_access_logging;enable_transfer_acceleration;lifecycle_rules,6,0,0,6,0,0.0,0.0,bucket_domain_name;arn;bucket_regional_domain_name;id;name;bucket_logging_prefix,
139,iac_benchmark/scenarios_greenfield/terrads_419e0e37caea,True,5,False,13,22,8,5,14,61.54,36.36,aws_ram_principal_association;aws_ram_resource_association;aws_ram_resource_share_accepter;aws_ram_resource_share;aws_route53_resolver_rule,aws_route_table;aws_route_table;aws_vpc;aws_internet_gateway;aws_route_table_association;aws_route_table_association;aws_eip;aws_route53_zone;aws_security_group;aws_subnet;aws_subnet;aws_route53_resolver_endpoint;aws_route53_resolver_endpoint;aws_nat_gateway,1,1,0,1,1,0.0,0.0,aws_region,aws_availability_zones,14,14,2,12,12,14.29,14.29,vpc_id;extra_tags;dns_vpc;vpc_cidr_block;zones;shared;spoke_def;ram;enable_auto_accept;org;subnet_ids;association_zone_ids,organization;secondary_dns_vpc_region;environment;ram_share_principals;secondary_dns_vpc_id;vpc_cidr;private_subnet_cidrs;enable_ram_shares;zone_definitions;secondary_zone_ids;public_subnet_cidrs;name_prefix,8,0,0,8,0,0.0,0.0,resolver_endpoints;custom_resolver_rules;resolver_rules;ram;vpc_association_auth;dns_vpc;zones;resolver_rules_associations,
140,iac_benchmark/scenarios_greenfield/terrads_d4ddfb19fb0e,True,5,False,13,16,8,5,8,61.54,50.0,aws_s3_bucket_acl;aws_s3_bucket_object_lock_configuration;aws_s3_bucket_metric;aws_s3_bucket_website_configuration;aws_s3_bucket_intelligent_tiering_configuration,random_id;aws_s3_bucket_ownership_controls;aws_s3_bucket_server_side_encryption_configuration;aws_s3_bucket_public_access_block;aws_s3_bucket;aws_kms_key;aws_s3_bucket_policy;aws_s3_bucket_versioning,1,0,0,1,0,0.0,0.0,aws_canonical_user_id,,39,0,0,39,0,0.0,0.0,block_public_access;expected_bucket_owner;tags;object_lock_token;mfa_delete;enable_bucket_metrics;cors_rule;object_lock_retention_days;block_public_access_ignore_acl;name;logging_bucket_prefix;sse_algorithm;lifecycle_rule;enable_intelligent_tiering;control_object_ownership;block_public_access_restrict_bucket;object_lock_enabled;acl;cors;object_lock_retention_years;lifecycle_enabled;force_destroy_bucket;intelligent_tiering;bucket_logging;environment;metric_configuration;website;kms_key_id;website_config;block_public_access_acl;block_public_access_policy;owner;object_ownership;object_lock_mode;versioning;object_expiration_days;logging_bucket_name;grant;bucket_key_enabled,,7,0,0,7,0,0.0,0.0,bucket_id;bucket_domain_name;bucket_hosted_zone_id;bucket_arn;bucket_region;bucket_website_domain;bucket_website_endpoint,
141,../scenarios/gh_0e204424,True,5,False,19,34,17,2,17,89.47,50.0,aws_security_group;aws_iam_role_policy,aws_internet_gateway;aws_ecs_capacity_provider;aws_eip;aws_subnet;aws_subnet;aws_nat_gateway;aws_vpc_security_group_egress_rule;aws_vpc_security_group_egress_rule;aws_route_table;aws_route_table;aws_vpc;aws_vpc_security_group_ingress_rule;aws_vpc_security_group_ingress_rule;aws_vpc_security_group_ingress_rule;aws_route_table_association;aws_route_table_association;aws_iam_role_policy_attachment,6,2,2,4,0,33.33,100.0,aws_vpc;aws_caller_identity;aws_subnets;aws_subnets,,13,6,3,10,3,23.08,50.0,vpc_id;container_image;url;public_subnet_ids;use_private_subnets;fargate_type;alb_allowed_cidr_blocks;desired_count;certificate_arn;subnet_ids,environment;ssl_certificate_arn;deploy_in_public_subnets,1,0,0,1,0,0.0,0.0,lb_dns_name,
142,../scenarios/gh_590cdf79,True,5,False,63,55,55,8,0,87.3,100.0,aws_iam_instance_profile;aws_route_table;aws_route_table;aws_iam_role_policy_attachment;aws_iam_role;aws_route;aws_route;aws_route,,1,4,0,1,4,0.0,0.0,aws_ssm_parameter,aws_iam_policy;aws_ami;aws_availability_zones;aws_region,7,0,0,7,0,0.0,0.0,availability_zone;log_retention_days;spoke_a_vpc_cidr;egress_vpc_cidr;spoke_b_vpc_cidr;aws_region;project_name,,8,0,0,8,0,0.0,0.0,spoke_b_security_group_id;egress_tgw_route_table_id;egress_public_route_table_id;tgw_egress_route_table_id;spoke_a_security_group_id;transit_gateway_id;spoke_a_instance_id;egress_vpc_attachment_id,
143,../scenarios/gh_add01c42,True,5,False,23,27,19,4,8,82.61,70.37,aws_iam_role_policy;aws_config_configuration_recorder_status;aws_s3_bucket_policy;random_string,aws_iam_user_policy;aws_kms_alias;aws_iam_role_policy_attachment;aws_iam_policy;aws_iam_policy;aws_iam_user_policy_attachment;aws_iam_user_policy_attachment;aws_kms_key,0,2,0,0,2,0.0,0.0,,aws_caller_identity;aws_region,2,2,1,1,1,50.0,50.0,aws_region,environment,11,0,0,11,0,0.0,0.0,config_bucket_name;require_tags_policy_arn;config_bucket_arn;compliance_dashboard_info;config_recorder_name;config_recorder_status;s3_encryption_transit_policy_arn;mfa_delete_policy_arn;config_rules;demo_user_name;demo_user_arn,
144,iac_benchmark/scenarios/terrads_38c75e1144d6,True,3,False,6,3,3,3,0,50.0,100.0,aws_kms_replica_external_key;aws_kms_external_key;aws_kms_replica_key,,3,1,1,2,0,33.33,100.0,aws_partition;aws_iam_policy_document,,38,1,0,38,1,0.0,0.0,key_service_users;tags;key_asymmetric_sign_verify_users;create;key_owners;key_administrators;bypass_policy_lockout_safety_check;key_statements;computed_aliases;key_users;key_service_roles_for_autoscaling;custom_key_store_id;description;is_enabled;multi_region;enable_route53_dnssec;aliases;key_asymmetric_public_encryption_users;key_hmac_users;override_policy_documents;key_symmetric_encryption_users;deletion_window_in_days;primary_external_key_arn;valid_to;enable_key_rotation;route53_dnssec_sources;create_replica;grants;policy;create_external;customer_master_key_spec;key_usage;source_policy_documents;create_replica_external;aliases_use_name_prefix;primary_key_arn;enable_default_policy;key_material_base64,iam_role_name,8,0,0,8,0,0.0,0.0,key_arn;grants;key_id;external_key_expiration_model;external_key_usage;key_policy;aliases;external_key_state,
145,iac_benchmark/scenarios/terrads_4fd109e76acd,True,4,False,18,15,7,11,8,38.89,46.67,aws_iam_policy;aws_iam_policy;aws_iam_policy;aws_iam_policy;aws_iam_policy;aws_iam_group_policy_attachment;aws_iam_group_policy_attachment;aws_iam_group_policy_attachment;aws_iam_group_policy_attachment;aws_iam_group_policy_attachment;aws_iam_group_membership,random_id;aws_s3_bucket_server_side_encryption_configuration;aws_s3_bucket_public_access_block;aws_s3_bucket;aws_iam_user_group_membership;aws_dynamodb_table;aws_kms_key;aws_s3_bucket_versioning,0,2,0,0,2,0.0,0.0,,aws_iam_policy_document;aws_iam_policy_document,6,4,3,3,1,50.0,75.0,membership_name;username;region,user_name,2,2,0,2,2,0.0,0.0,AWS_SECRET_ACCESS_KEY;AWS_ACCESS_KEY_ID,access_key_id;secret_access_key
146,iac_benchmark/scenarios/terrads_bd569c9de42b,True,4,False,10,13,10,0,3,100.0,76.92,,aws_iam_group_policy_attachment;aws_iam_group_policy_attachment;aws_iam_group_policy_attachment,3,3,0,3,3,0.0,0.0,aws_caller_identity;aws_iam_policy;aws_iam_policy,aws_iam_policy_document;aws_iam_policy_document;aws_iam_policy_document,10,0,0,10,0,0.0,0.0,password_reuse_prevention;max_password_age;tags;minimum_password_length;require_uppercase_characters;require_lowercase_characters;require_numbers;require_symbols;allow_users_to_change_password;hard_expiry,,1,0,0,1,0,0.0,0.0,all_groups_names,
147,iac_benchmark/scenarios_greenfield/terrads_c1a6092a4ca9,True,5,False,32,36,27,5,9,84.38,75.0,aws_lb_listener;aws_api_gateway_rest_api_policy;aws_ssm_parameter;aws_iam_role_policy;aws_iam_role,aws_route53_zone;aws_security_group;aws_subnet;aws_acm_certificate_validation;aws_vpc;aws_api_gateway_method;aws_iam_role_policy_attachment;aws_api_gateway_integration;aws_acm_certificate,8,1,0,8,1,0.0,0.0,aws_vpc;aws_acm_certificate;aws_route53_zone;aws_subnets;aws_subnets;aws_iam_policy_document;aws_iam_policy_document;aws_iam_policy_document,aws_availability_zones,16,12,12,4,0,75.0,100.0,target_arn;api_description;open_api_file;create_dns_record,,1,0,0,1,0,0.0,0.0,api_gateway_domain_targets,
148,iac_benchmark/scenarios_greenfield/terrads_cb87bf959d7f,True,5,False,20,22,17,3,5,85.0,77.27,aws_iam_policy_attachment;aws_iam_policy;aws_iam_group_policy_attachment,aws_s3_bucket_server_side_encryption_configuration;aws_s3_bucket_public_access_block;aws_s3_bucket;aws_iam_role_policy_attachment;aws_kms_key,8,1,1,7,0,12.5,100.0,aws_iam_policy_document;aws_iam_policy_document;aws_iam_policy_document;aws_iam_policy_document;aws_iam_policy_document;aws_iam_policy_document;aws_iam_policy_document,,1,2,0,1,2,0.0,0.0,group_name_prefix,group_prefix;aws_region,0,0,0,0,0,100.0,100.0,,
