row_index,run_id,trivy_passed,total_checks,total_passed,total_failed,severity_critical_eval,severity_critical_passed,severity_critical_failed,severity_high_eval,severity_high_passed,severity_high_failed,severity_medium_eval,severity_medium_passed,severity_medium_failed,severity_low_eval,severity_low_passed,severity_low_failed,severity_unknown_eval,severity_unknown_passed,severity_unknown_failed,passed_check_ids,failed_check_ids,all_check_ids,error
0,20260816_010719_8d7a1062,False,27,25,2,2,2,0,6,6,0,13,13,0,6,4,2,0,0,0,AWS-0019;AWS-0056;AWS-0058;AWS-0059;AWS-0060;AWS-0061;AWS-0062;AWS-0063;AWS-0067;AWS-0077;AWS-0078;AWS-0079;AWS-0080;AWS-0123;AWS-0133;AWS-0140;AWS-0141;AWS-0143;AWS-0176;AWS-0177;AWS-0180;AWS-0342;AWS-0343;AWS-0345;AWS-0346,AWS-0017;AWS-0066,AWS-0019;AWS-0056;AWS-0058;AWS-0059;AWS-0060;AWS-0061;AWS-0062;AWS-0063;AWS-0067;AWS-0077;AWS-0078;AWS-0079;AWS-0080;AWS-0123;AWS-0133;AWS-0140;AWS-0141;AWS-0143;AWS-0176;AWS-0177;AWS-0180;AWS-0342;AWS-0343;AWS-0345;AWS-0346;AWS-0017;AWS-0066,
1,20260816_010954_5b7bf8b6,True,24,24,0,1,1,0,6,6,0,13,13,0,4,4,0,0,0,0,AWS-0019;AWS-0056;AWS-0058;AWS-0059;AWS-0060;AWS-0061;AWS-0062;AWS-0063;AWS-0077;AWS-0078;AWS-0079;AWS-0080;AWS-0123;AWS-0133;AWS-0140;AWS-0141;AWS-0143;AWS-0176;AWS-0177;AWS-0180;AWS-0342;AWS-0343;AWS-0345;AWS-0346,,AWS-0019;AWS-0056;AWS-0058;AWS-0059;AWS-0060;AWS-0061;AWS-0062;AWS-0063;AWS-0077;AWS-0078;AWS-0079;AWS-0080;AWS-0123;AWS-0133;AWS-0140;AWS-0141;AWS-0143;AWS-0176;AWS-0177;AWS-0180;AWS-0342;AWS-0343;AWS-0345;AWS-0346,
2,20260816_011125_c8721325,False,44,42,2,5,5,0,16,16,0,15,14,1,8,7,1,0,0,0,AWS-0008;AWS-0009;AWS-0019;AWS-0026;AWS-0027;AWS-0028;AWS-0029;AWS-0056;AWS-0058;AWS-0059;AWS-0060;AWS-0061;AWS-0062;AWS-0063;AWS-0077;AWS-0078;AWS-0079;AWS-0080;AWS-0099;AWS-0101;AWS-0102;AWS-0104;AWS-0105;AWS-0107;AWS-0122;AWS-0123;AWS-0129;AWS-0130;AWS-0131;AWS-0133;AWS-0140;AWS-0141;AWS-0143;AWS-0164;AWS-0176;AWS-0177;AWS-0180;AWS-0342;AWS-0343;AWS-0344;AWS-0345;AWS-0346,AWS-0124;AWS-0178,AWS-0008;AWS-0009;AWS-0019;AWS-0026;AWS-0027;AWS-0028;AWS-0029;AWS-0056;AWS-0058;AWS-0059;AWS-0060;AWS-0061;AWS-0062;AWS-0063;AWS-0077;AWS-0078;AWS-0079;AWS-0080;AWS-0099;AWS-0101;AWS-0102;AWS-0104;AWS-0105;AWS-0107;AWS-0122;AWS-0123;AWS-0129;AWS-0130;AWS-0131;AWS-0133;AWS-0140;AWS-0141;AWS-0143;AWS-0164;AWS-0176;AWS-0177;AWS-0180;AWS-0342;AWS-0343;AWS-0344;AWS-0345;AWS-0346;AWS-0124;AWS-0178,
3,20260816_013113_c6b1b4a6,True,27,27,0,1,1,0,9,9,0,13,13,0,4,4,0,0,0,0,AWS-0018;AWS-0019;AWS-0056;AWS-0058;AWS-0059;AWS-0060;AWS-0061;AWS-0062;AWS-0063;AWS-0077;AWS-0078;AWS-0079;AWS-0080;AWS-0095;AWS-0123;AWS-0133;AWS-0136;AWS-0140;AWS-0141;AWS-0143;AWS-0176;AWS-0177;AWS-0180;AWS-0342;AWS-0343;AWS-0345;AWS-0346,,AWS-0018;AWS-0019;AWS-0056;AWS-0058;AWS-0059;AWS-0060;AWS-0061;AWS-0062;AWS-0063;AWS-0077;AWS-0078;AWS-0079;AWS-0080;AWS-0095;AWS-0123;AWS-0133;AWS-0136;AWS-0140;AWS-0141;AWS-0143;AWS-0176;AWS-0177;AWS-0180;AWS-0342;AWS-0343;AWS-0345;AWS-0346,
4,20260816_102143_6cde8ddc,False,26,25,1,2,2,0,6,6,0,13,13,0,5,4,1,0,0,0,AWS-0019;AWS-0056;AWS-0058;AWS-0059;AWS-0060;AWS-0061;AWS-0062;AWS-0063;AWS-0067;AWS-0077;AWS-0078;AWS-0079;AWS-0080;AWS-0123;AWS-0133;AWS-0140;AWS-0141;AWS-0143;AWS-0176;AWS-0177;AWS-0180;AWS-0342;AWS-0343;AWS-0345;AWS-0346,AWS-0066,AWS-0019;AWS-0056;AWS-0058;AWS-0059;AWS-0060;AWS-0061;AWS-0062;AWS-0063;AWS-0067;AWS-0077;AWS-0078;AWS-0079;AWS-0080;AWS-0123;AWS-0133;AWS-0140;AWS-0141;AWS-0143;AWS-0176;AWS-0177;AWS-0180;AWS-0342;AWS-0343;AWS-0345;AWS-0346;AWS-0066,
5,20260816_013548_bca74eb3,False,27,26,1,1,1,0,7,7,0,14,14,0,5,4,1,0,0,0,AWS-0019;AWS-0023;AWS-0024;AWS-0056;AWS-0058;AWS-0059;AWS-0060;AWS-0061;AWS-0062;AWS-0063;AWS-0077;AWS-0078;AWS-0079;AWS-0080;AWS-0123;AWS-0133;AWS-0140;AWS-0141;AWS-0143;AWS-0176;AWS-0177;AWS-0180;AWS-0342;AWS-0343;AWS-0345;AWS-0346,AWS-0025,AWS-0019;AWS-0023;AWS-0024;AWS-0056;AWS-0058;AWS-0059;AWS-0060;AWS-0061;AWS-0062;AWS-0063;AWS-0077;AWS-0078;AWS-0079;AWS-0080;AWS-0123;AWS-0133;AWS-0140;AWS-0141;AWS-0143;AWS-0176;AWS-0177;AWS-0180;AWS-0342;AWS-0343;AWS-0345;AWS-0346;AWS-0025,
6,20260816_013845_3388cb40,False,45,44,1,5,5,0,16,16,0,15,15,0,9,8,1,0,0,0,AWS-0008;AWS-0009;AWS-0017;AWS-0019;AWS-0026;AWS-0027;AWS-0028;AWS-0029;AWS-0056;AWS-0058;AWS-0059;AWS-0060;AWS-0061;AWS-0062;AWS-0063;AWS-0077;AWS-0078;AWS-0079;AWS-0080;AWS-0099;AWS-0101;AWS-0102;AWS-0104;AWS-0105;AWS-0107;AWS-0122;AWS-0123;AWS-0129;AWS-0130;AWS-0131;AWS-0133;AWS-0140;AWS-0141;AWS-0143;AWS-0164;AWS-0176;AWS-0177;AWS-0178;AWS-0180;AWS-0342;AWS-0343;AWS-0344;AWS-0345;AWS-0346,AWS-0124,AWS-0008;AWS-0009;AWS-0017;AWS-0019;AWS-0026;AWS-0027;AWS-0028;AWS-0029;AWS-0056;AWS-0058;AWS-0059;AWS-0060;AWS-0061;AWS-0062;AWS-0063;AWS-0077;AWS-0078;AWS-0079;AWS-0080;AWS-0099;AWS-0101;AWS-0102;AWS-0104;AWS-0105;AWS-0107;AWS-0122;AWS-0123;AWS-0129;AWS-0130;AWS-0131;AWS-0133;AWS-0140;AWS-0141;AWS-0143;AWS-0164;AWS-0176;AWS-0177;AWS-0178;AWS-0180;AWS-0342;AWS-0343;AWS-0344;AWS-0345;AWS-0346;AWS-0124,
7,20260816_014145_208fffa5,False,44,43,1,5,5,0,16,16,0,15,14,1,8,8,0,0,0,0,AWS-0008;AWS-0009;AWS-0019;AWS-0026;AWS-0027;AWS-0028;AWS-0029;AWS-0056;AWS-0058;AWS-0059;AWS-0060;AWS-0061;AWS-0062;AWS-0063;AWS-0077;AWS-0078;AWS-0079;AWS-0080;AWS-0099;AWS-0101;AWS-0102;AWS-0104;AWS-0105;AWS-0107;AWS-0122;AWS-0123;AWS-0124;AWS-0129;AWS-0130;AWS-0131;AWS-0133;AWS-0140;AWS-0141;AWS-0143;AWS-0164;AWS-0176;AWS-0177;AWS-0180;AWS-0342;AWS-0343;AWS-0344;AWS-0345;AWS-0346,AWS-0178,AWS-0008;AWS-0009;AWS-0019;AWS-0026;AWS-0027;AWS-0028;AWS-0029;AWS-0056;AWS-0058;AWS-0059;AWS-0060;AWS-0061;AWS-0062;AWS-0063;AWS-0077;AWS-0078;AWS-0079;AWS-0080;AWS-0099;AWS-0101;AWS-0102;AWS-0104;AWS-0105;AWS-0107;AWS-0122;AWS-0123;AWS-0124;AWS-0129;AWS-0130;AWS-0131;AWS-0133;AWS-0140;AWS-0141;AWS-0143;AWS-0164;AWS-0176;AWS-0177;AWS-0180;AWS-0342;AWS-0343;AWS-0344;AWS-0345;AWS-0346;AWS-0178,
8,20260816_015415_893a44ec,False,46,43,3,5,5,0,16,16,0,15,15,0,10,7,3,0,0,0,AWS-0008;AWS-0009;AWS-0019;AWS-0026;AWS-0027;AWS-0028;AWS-0029;AWS-0056;AWS-0058;AWS-0059;AWS-0060;AWS-0061;AWS-0062;AWS-0063;AWS-0077;AWS-0078;AWS-0079;AWS-0080;AWS-0099;AWS-0101;AWS-0102;AWS-0104;AWS-0105;AWS-0107;AWS-0122;AWS-0123;AWS-0129;AWS-0130;AWS-0131;AWS-0133;AWS-0140;AWS-0141;AWS-0143;AWS-0164;AWS-0176;AWS-0177;AWS-0178;AWS-0180;AWS-0342;AWS-0343;AWS-0344;AWS-0345;AWS-0346,AWS-0017;AWS-0124,AWS-0008;AWS-0009;AWS-0019;AWS-0026;AWS-0027;AWS-0028;AWS-0029;AWS-0056;AWS-0058;AWS-0059;AWS-0060;AWS-0061;AWS-0062;AWS-0063;AWS-0077;AWS-0078;AWS-0079;AWS-0080;AWS-0099;AWS-0101;AWS-0102;AWS-0104;AWS-0105;AWS-0107;AWS-0122;AWS-0123;AWS-0129;AWS-0130;AWS-0131;AWS-0133;AWS-0140;AWS-0141;AWS-0143;AWS-0164;AWS-0176;AWS-0177;AWS-0178;AWS-0180;AWS-0342;AWS-0343;AWS-0344;AWS-0345;AWS-0346;AWS-0017;AWS-0124,
9,20260816_015659_cb6128e6,False,27,25,2,2,2,0,6,6,0,13,13,0,6,4,2,0,0,0,AWS-0019;AWS-0056;AWS-0058;AWS-0059;AWS-0060;AWS-0061;AWS-0062;AWS-0063;AWS-0067;AWS-0077;AWS-0078;AWS-0079;AWS-0080;AWS-0123;AWS-0133;AWS-0140;AWS-0141;AWS-0143;AWS-0176;AWS-0177;AWS-0180;AWS-0342;AWS-0343;AWS-0345;AWS-0346,AWS-0066;AWS-0098,AWS-0019;AWS-0056;AWS-0058;AWS-0059;AWS-0060;AWS-0061;AWS-0062;AWS-0063;AWS-0067;AWS-0077;AWS-0078;AWS-0079;AWS-0080;AWS-0123;AWS-0133;AWS-0140;AWS-0141;AWS-0143;AWS-0176;AWS-0177;AWS-0180;AWS-0342;AWS-0343;AWS-0345;AWS-0346;AWS-0066;AWS-0098,
10,20260816_020157_ba135680,True,24,24,0,1,1,0,6,6,0,13,13,0,4,4,0,0,0,0,AWS-0019;AWS-0056;AWS-0058;AWS-0059;AWS-0060;AWS-0061;AWS-0062;AWS-0063;AWS-0077;AWS-0078;AWS-0079;AWS-0080;AWS-0123;AWS-0133;AWS-0140;AWS-0141;AWS-0143;AWS-0176;AWS-0177;AWS-0180;AWS-0342;AWS-0343;AWS-0345;AWS-0346,,AWS-0019;AWS-0056;AWS-0058;AWS-0059;AWS-0060;AWS-0061;AWS-0062;AWS-0063;AWS-0077;AWS-0078;AWS-0079;AWS-0080;AWS-0123;AWS-0133;AWS-0140;AWS-0141;AWS-0143;AWS-0176;AWS-0177;AWS-0180;AWS-0342;AWS-0343;AWS-0345;AWS-0346,
11,20260816_020440_4e6792dd,False,35,25,10,2,2,0,6,6,0,13,13,0,14,4,10,0,0,0,AWS-0019;AWS-0056;AWS-0058;AWS-0059;AWS-0060;AWS-0061;AWS-0062;AWS-0063;AWS-0067;AWS-0077;AWS-0078;AWS-0079;AWS-0080;AWS-0123;AWS-0133;AWS-0140;AWS-0141;AWS-0143;AWS-0176;AWS-0177;AWS-0180;AWS-0342;AWS-0343;AWS-0345;AWS-0346,AWS-0017;AWS-0066,AWS-0019;AWS-0056;AWS-0058;AWS-0059;AWS-0060;AWS-0061;AWS-0062;AWS-0063;AWS-0067;AWS-0077;AWS-0078;AWS-0079;AWS-0080;AWS-0123;AWS-0133;AWS-0140;AWS-0141;AWS-0143;AWS-0176;AWS-0177;AWS-0180;AWS-0342;AWS-0343;AWS-0345;AWS-0346;AWS-0017;AWS-0066,
12,20260816_020601_db1dff8c,False,27,25,2,2,2,0,6,6,0,13,13,0,6,4,2,0,0,0,AWS-0019;AWS-0056;AWS-0058;AWS-0059;AWS-0060;AWS-0061;AWS-0062;AWS-0063;AWS-0067;AWS-0077;AWS-0078;AWS-0079;AWS-0080;AWS-0123;AWS-0133;AWS-0140;AWS-0141;AWS-0143;AWS-0176;AWS-0177;AWS-0180;AWS-0342;AWS-0343;AWS-0345;AWS-0346,AWS-0017;AWS-0066,AWS-0019;AWS-0056;AWS-0058;AWS-0059;AWS-0060;AWS-0061;AWS-0062;AWS-0063;AWS-0067;AWS-0077;AWS-0078;AWS-0079;AWS-0080;AWS-0123;AWS-0133;AWS-0140;AWS-0141;AWS-0143;AWS-0176;AWS-0177;AWS-0180;AWS-0342;AWS-0343;AWS-0345;AWS-0346;AWS-0017;AWS-0066,
13,20260816_020818_84626a2a,True,26,26,0,1,1,0,8,8,0,13,13,0,4,4,0,0,0,0,AWS-0019;AWS-0056;AWS-0058;AWS-0059;AWS-0060;AWS-0061;AWS-0062;AWS-0063;AWS-0077;AWS-0078;AWS-0079;AWS-0080;AWS-0095;AWS-0123;AWS-0133;AWS-0136;AWS-0140;AWS-0141;AWS-0143;AWS-0176;AWS-0177;AWS-0180;AWS-0342;AWS-0343;AWS-0345;AWS-0346,,AWS-0019;AWS-0056;AWS-0058;AWS-0059;AWS-0060;AWS-0061;AWS-0062;AWS-0063;AWS-0077;AWS-0078;AWS-0079;AWS-0080;AWS-0095;AWS-0123;AWS-0133;AWS-0136;AWS-0140;AWS-0141;AWS-0143;AWS-0176;AWS-0177;AWS-0180;AWS-0342;AWS-0343;AWS-0345;AWS-0346,
14,20260816_021037_c1954704,True,24,24,0,1,1,0,6,6,0,13,13,0,4,4,0,0,0,0,AWS-0019;AWS-0056;AWS-0058;AWS-0059;AWS-0060;AWS-0061;AWS-0062;AWS-0063;AWS-0077;AWS-0078;AWS-0079;AWS-0080;AWS-0123;AWS-0133;AWS-0140;AWS-0141;AWS-0143;AWS-0176;AWS-0177;AWS-0180;AWS-0342;AWS-0343;AWS-0345;AWS-0346,,AWS-0019;AWS-0056;AWS-0058;AWS-0059;AWS-0060;AWS-0061;AWS-0062;AWS-0063;AWS-0077;AWS-0078;AWS-0079;AWS-0080;AWS-0123;AWS-0133;AWS-0140;AWS-0141;AWS-0143;AWS-0176;AWS-0177;AWS-0180;AWS-0342;AWS-0343;AWS-0345;AWS-0346,
15,20260819_214458_5f2b60aa,False,47,42,5,5,5,0,16,16,0,15,14,1,11,7,4,0,0,0,AWS-0008;AWS-0009;AWS-0019;AWS-0026;AWS-0027;AWS-0028;AWS-0029;AWS-0056;AWS-0058;AWS-0059;AWS-0060;AWS-0061;AWS-0062;AWS-0063;AWS-0077;AWS-0078;AWS-0079;AWS-0080;AWS-0099;AWS-0101;AWS-0102;AWS-0104;AWS-0105;AWS-0107;AWS-0122;AWS-0123;AWS-0129;AWS-0130;AWS-0131;AWS-0133;AWS-0140;AWS-0141;AWS-0143;AWS-0164;AWS-0176;AWS-0177;AWS-0180;AWS-0342;AWS-0343;AWS-0344;AWS-0345;AWS-0346,AWS-0124;AWS-0178,AWS-0008;AWS-0009;AWS-0019;AWS-0026;AWS-0027;AWS-0028;AWS-0029;AWS-0056;AWS-0058;AWS-0059;AWS-0060;AWS-0061;AWS-0062;AWS-0063;AWS-0077;AWS-0078;AWS-0079;AWS-0080;AWS-0099;AWS-0101;AWS-0102;AWS-0104;AWS-0105;AWS-0107;AWS-0122;AWS-0123;AWS-0129;AWS-0130;AWS-0131;AWS-0133;AWS-0140;AWS-0141;AWS-0143;AWS-0164;AWS-0176;AWS-0177;AWS-0180;AWS-0342;AWS-0343;AWS-0344;AWS-0345;AWS-0346;AWS-0124;AWS-0178,
16,20260816_021618_a6d89944,False,27,26,1,2,2,0,6,6,0,13,13,0,6,5,1,0,0,0,AWS-0019;AWS-0056;AWS-0058;AWS-0059;AWS-0060;AWS-0061;AWS-0062;AWS-0063;AWS-0066;AWS-0067;AWS-0077;AWS-0078;AWS-0079;AWS-0080;AWS-0123;AWS-0133;AWS-0140;AWS-0141;AWS-0143;AWS-0176;AWS-0177;AWS-0180;AWS-0342;AWS-0343;AWS-0345;AWS-0346,AWS-0017,AWS-0019;AWS-0056;AWS-0058;AWS-0059;AWS-0060;AWS-0061;AWS-0062;AWS-0063;AWS-0066;AWS-0067;AWS-0077;AWS-0078;AWS-0079;AWS-0080;AWS-0123;AWS-0133;AWS-0140;AWS-0141;AWS-0143;AWS-0176;AWS-0177;AWS-0180;AWS-0342;AWS-0343;AWS-0345;AWS-0346;AWS-0017,
17,20260816_022946_643dbd17,False,26,24,2,1,1,0,6,6,0,13,13,0,6,4,2,0,0,0,AWS-0019;AWS-0056;AWS-0058;AWS-0059;AWS-0060;AWS-0061;AWS-0062;AWS-0063;AWS-0077;AWS-0078;AWS-0079;AWS-0080;AWS-0123;AWS-0133;AWS-0140;AWS-0141;AWS-0143;AWS-0176;AWS-0177;AWS-0180;AWS-0342;AWS-0343;AWS-0345;AWS-0346,AWS-0098,AWS-0019;AWS-0056;AWS-0058;AWS-0059;AWS-0060;AWS-0061;AWS-0062;AWS-0063;AWS-0077;AWS-0078;AWS-0079;AWS-0080;AWS-0123;AWS-0133;AWS-0140;AWS-0141;AWS-0143;AWS-0176;AWS-0177;AWS-0180;AWS-0342;AWS-0343;AWS-0345;AWS-0346;AWS-0098,
18,20260819_214808_3d7b1dbe,False,26,25,1,2,2,0,6,6,0,13,13,0,5,4,1,0,0,0,AWS-0019;AWS-0056;AWS-0058;AWS-0059;AWS-0060;AWS-0061;AWS-0062;AWS-0063;AWS-0067;AWS-0077;AWS-0078;AWS-0079;AWS-0080;AWS-0123;AWS-0133;AWS-0140;AWS-0141;AWS-0143;AWS-0176;AWS-0177;AWS-0180;AWS-0342;AWS-0343;AWS-0345;AWS-0346,AWS-0066,AWS-0019;AWS-0056;AWS-0058;AWS-0059;AWS-0060;AWS-0061;AWS-0062;AWS-0063;AWS-0067;AWS-0077;AWS-0078;AWS-0079;AWS-0080;AWS-0123;AWS-0133;AWS-0140;AWS-0141;AWS-0143;AWS-0176;AWS-0177;AWS-0180;AWS-0342;AWS-0343;AWS-0345;AWS-0346;AWS-0066,
19,20260816_024148_f5b1fb24,True,24,24,0,1,1,0,6,6,0,13,13,0,4,4,0,0,0,0,AWS-0019;AWS-0056;AWS-0058;AWS-0059;AWS-0060;AWS-0061;AWS-0062;AWS-0063;AWS-0077;AWS-0078;AWS-0079;AWS-0080;AWS-0123;AWS-0133;AWS-0140;AWS-0141;AWS-0143;AWS-0176;AWS-0177;AWS-0180;AWS-0342;AWS-0343;AWS-0345;AWS-0346,,AWS-0019;AWS-0056;AWS-0058;AWS-0059;AWS-0060;AWS-0061;AWS-0062;AWS-0063;AWS-0077;AWS-0078;AWS-0079;AWS-0080;AWS-0123;AWS-0133;AWS-0140;AWS-0141;AWS-0143;AWS-0176;AWS-0177;AWS-0180;AWS-0342;AWS-0343;AWS-0345;AWS-0346,
20,20260816_024342_10b394a3,True,27,27,0,2,2,0,7,7,0,13,13,0,5,5,0,0,0,0,AWS-0019;AWS-0034;AWS-0035;AWS-0036;AWS-0056;AWS-0058;AWS-0059;AWS-0060;AWS-0061;AWS-0062;AWS-0063;AWS-0077;AWS-0078;AWS-0079;AWS-0080;AWS-0123;AWS-0133;AWS-0140;AWS-0141;AWS-0143;AWS-0176;AWS-0177;AWS-0180;AWS-0342;AWS-0343;AWS-0345;AWS-0346,,AWS-0019;AWS-0034;AWS-0035;AWS-0036;AWS-0056;AWS-0058;AWS-0059;AWS-0060;AWS-0061;AWS-0062;AWS-0063;AWS-0077;AWS-0078;AWS-0079;AWS-0080;AWS-0123;AWS-0133;AWS-0140;AWS-0141;AWS-0143;AWS-0176;AWS-0177;AWS-0180;AWS-0342;AWS-0343;AWS-0345;AWS-0346,
21,20260816_025112_753b19b5,False,30,26,4,1,1,0,7,7,0,14,14,0,8,4,4,0,0,0,AWS-0019;AWS-0023;AWS-0024;AWS-0056;AWS-0058;AWS-0059;AWS-0060;AWS-0061;AWS-0062;AWS-0063;AWS-0077;AWS-0078;AWS-0079;AWS-0080;AWS-0123;AWS-0133;AWS-0140;AWS-0141;AWS-0143;AWS-0176;AWS-0177;AWS-0180;AWS-0342;AWS-0343;AWS-0345;AWS-0346,AWS-0025,AWS-0019;AWS-0023;AWS-0024;AWS-0056;AWS-0058;AWS-0059;AWS-0060;AWS-0061;AWS-0062;AWS-0063;AWS-0077;AWS-0078;AWS-0079;AWS-0080;AWS-0123;AWS-0133;AWS-0140;AWS-0141;AWS-0143;AWS-0176;AWS-0177;AWS-0180;AWS-0342;AWS-0343;AWS-0345;AWS-0346;AWS-0025,
22,20260816_025151_2eb10c6e,True,45,45,0,5,5,0,16,16,0,15,15,0,9,9,0,0,0,0,AWS-0008;AWS-0009;AWS-0017;AWS-0019;AWS-0026;AWS-0027;AWS-0028;AWS-0029;AWS-0056;AWS-0058;AWS-0059;AWS-0060;AWS-0061;AWS-0062;AWS-0063;AWS-0077;AWS-0078;AWS-0079;AWS-0080;AWS-0099;AWS-0101;AWS-0102;AWS-0104;AWS-0105;AWS-0107;AWS-0122;AWS-0123;AWS-0124;AWS-0129;AWS-0130;AWS-0131;AWS-0133;AWS-0140;AWS-0141;AWS-0143;AWS-0164;AWS-0176;AWS-0177;AWS-0178;AWS-0180;AWS-0342;AWS-0343;AWS-0344;AWS-0345;AWS-0346,,AWS-0008;AWS-0009;AWS-0017;AWS-0019;AWS-0026;AWS-0027;AWS-0028;AWS-0029;AWS-0056;AWS-0058;AWS-0059;AWS-0060;AWS-0061;AWS-0062;AWS-0063;AWS-0077;AWS-0078;AWS-0079;AWS-0080;AWS-0099;AWS-0101;AWS-0102;AWS-0104;AWS-0105;AWS-0107;AWS-0122;AWS-0123;AWS-0124;AWS-0129;AWS-0130;AWS-0131;AWS-0133;AWS-0140;AWS-0141;AWS-0143;AWS-0164;AWS-0176;AWS-0177;AWS-0178;AWS-0180;AWS-0342;AWS-0343;AWS-0344;AWS-0345;AWS-0346,
23,20260816_103139_989c2f62,False,45,38,7,2,2,0,15,15,0,17,14,3,11,7,4,0,0,0,AWS-0015;AWS-0016;AWS-0019;AWS-0023;AWS-0056;AWS-0058;AWS-0059;AWS-0060;AWS-0061;AWS-0062;AWS-0063;AWS-0077;AWS-0078;AWS-0079;AWS-0080;AWS-0086;AWS-0087;AWS-0091;AWS-0092;AWS-0093;AWS-0094;AWS-0123;AWS-0132;AWS-0133;AWS-0140;AWS-0141;AWS-0143;AWS-0161;AWS-0162;AWS-0163;AWS-0176;AWS-0177;AWS-0180;AWS-0320;AWS-0342;AWS-0343;AWS-0345;AWS-0346,AWS-0014;AWS-0017;AWS-0024;AWS-0025;AWS-0089;AWS-0090,AWS-0015;AWS-0016;AWS-0019;AWS-0023;AWS-0056;AWS-0058;AWS-0059;AWS-0060;AWS-0061;AWS-0062;AWS-0063;AWS-0077;AWS-0078;AWS-0079;AWS-0080;AWS-0086;AWS-0087;AWS-0091;AWS-0092;AWS-0093;AWS-0094;AWS-0123;AWS-0132;AWS-0133;AWS-0140;AWS-0141;AWS-0143;AWS-0161;AWS-0162;AWS-0163;AWS-0176;AWS-0177;AWS-0180;AWS-0320;AWS-0342;AWS-0343;AWS-0345;AWS-0346;AWS-0014;AWS-0017;AWS-0024;AWS-0025;AWS-0089;AWS-0090,
24,20260829_221543_07fa87db,False,25,24,1,1,1,0,6,6,0,13,13,0,5,4,1,0,0,0,AWS-0019;AWS-0056;AWS-0058;AWS-0059;AWS-0060;AWS-0061;AWS-0062;AWS-0063;AWS-0077;AWS-0078;AWS-0079;AWS-0080;AWS-0123;AWS-0133;AWS-0140;AWS-0141;AWS-0143;AWS-0176;AWS-0177;AWS-0180;AWS-0342;AWS-0343;AWS-0345;AWS-0346,AWS-0017,AWS-0019;AWS-0056;AWS-0058;AWS-0059;AWS-0060;AWS-0061;AWS-0062;AWS-0063;AWS-0077;AWS-0078;AWS-0079;AWS-0080;AWS-0123;AWS-0133;AWS-0140;AWS-0141;AWS-0143;AWS-0176;AWS-0177;AWS-0180;AWS-0342;AWS-0343;AWS-0345;AWS-0346;AWS-0017,
25,20260816_032201_1e69b93a,True,24,24,0,1,1,0,6,6,0,13,13,0,4,4,0,0,0,0,AWS-0019;AWS-0056;AWS-0058;AWS-0059;AWS-0060;AWS-0061;AWS-0062;AWS-0063;AWS-0077;AWS-0078;AWS-0079;AWS-0080;AWS-0123;AWS-0133;AWS-0140;AWS-0141;AWS-0143;AWS-0176;AWS-0177;AWS-0180;AWS-0342;AWS-0343;AWS-0345;AWS-0346,,AWS-0019;AWS-0056;AWS-0058;AWS-0059;AWS-0060;AWS-0061;AWS-0062;AWS-0063;AWS-0077;AWS-0078;AWS-0079;AWS-0080;AWS-0123;AWS-0133;AWS-0140;AWS-0141;AWS-0143;AWS-0176;AWS-0177;AWS-0180;AWS-0342;AWS-0343;AWS-0345;AWS-0346,
26,20260816_032340_cb785292,False,25,24,1,1,1,0,6,6,0,13,13,0,5,4,1,0,0,0,AWS-0019;AWS-0056;AWS-0058;AWS-0059;AWS-0060;AWS-0061;AWS-0062;AWS-0063;AWS-0077;AWS-0078;AWS-0079;AWS-0080;AWS-0123;AWS-0133;AWS-0140;AWS-0141;AWS-0143;AWS-0176;AWS-0177;AWS-0180;AWS-0342;AWS-0343;AWS-0345;AWS-0346,AWS-0017,AWS-0019;AWS-0056;AWS-0058;AWS-0059;AWS-0060;AWS-0061;AWS-0062;AWS-0063;AWS-0077;AWS-0078;AWS-0079;AWS-0080;AWS-0123;AWS-0133;AWS-0140;AWS-0141;AWS-0143;AWS-0176;AWS-0177;AWS-0180;AWS-0342;AWS-0343;AWS-0345;AWS-0346;AWS-0017,
27,20260816_032622_a0421fb1,False,44,43,1,5,5,0,16,16,0,15,14,1,8,8,0,0,0,0,AWS-0008;AWS-0009;AWS-0019;AWS-0026;AWS-0027;AWS-0028;AWS-0029;AWS-0056;AWS-0058;AWS-0059;AWS-0060;AWS-0061;AWS-0062;AWS-0063;AWS-0077;AWS-0078;AWS-0079;AWS-0080;AWS-0099;AWS-0101;AWS-0102;AWS-0104;AWS-0105;AWS-0107;AWS-0122;AWS-0123;AWS-0124;AWS-0129;AWS-0130;AWS-0131;AWS-0133;AWS-0140;AWS-0141;AWS-0143;AWS-0164;AWS-0176;AWS-0177;AWS-0180;AWS-0342;AWS-0343;AWS-0344;AWS-0345;AWS-0346,AWS-0178,AWS-0008;AWS-0009;AWS-0019;AWS-0026;AWS-0027;AWS-0028;AWS-0029;AWS-0056;AWS-0058;AWS-0059;AWS-0060;AWS-0061;AWS-0062;AWS-0063;AWS-0077;AWS-0078;AWS-0079;AWS-0080;AWS-0099;AWS-0101;AWS-0102;AWS-0104;AWS-0105;AWS-0107;AWS-0122;AWS-0123;AWS-0124;AWS-0129;AWS-0130;AWS-0131;AWS-0133;AWS-0140;AWS-0141;AWS-0143;AWS-0164;AWS-0176;AWS-0177;AWS-0180;AWS-0342;AWS-0343;AWS-0344;AWS-0345;AWS-0346;AWS-0178,
28,20260816_032758_09166d81,True,25,25,0,1,1,0,7,7,0,13,13,0,4,4,0,0,0,0,AWS-0019;AWS-0056;AWS-0058;AWS-0059;AWS-0060;AWS-0061;AWS-0062;AWS-0063;AWS-0064;AWS-0077;AWS-0078;AWS-0079;AWS-0080;AWS-0123;AWS-0133;AWS-0140;AWS-0141;AWS-0143;AWS-0176;AWS-0177;AWS-0180;AWS-0342;AWS-0343;AWS-0345;AWS-0346,,AWS-0019;AWS-0056;AWS-0058;AWS-0059;AWS-0060;AWS-0061;AWS-0062;AWS-0063;AWS-0064;AWS-0077;AWS-0078;AWS-0079;AWS-0080;AWS-0123;AWS-0133;AWS-0140;AWS-0141;AWS-0143;AWS-0176;AWS-0177;AWS-0180;AWS-0342;AWS-0343;AWS-0345;AWS-0346,
29,20260816_033457_1c0a6322,False,41,35,6,2,2,0,14,14,0,15,14,1,10,5,5,0,0,0,AWS-0019;AWS-0056;AWS-0058;AWS-0059;AWS-0060;AWS-0061;AWS-0062;AWS-0063;AWS-0067;AWS-0077;AWS-0078;AWS-0079;AWS-0080;AWS-0086;AWS-0087;AWS-0091;AWS-0092;AWS-0093;AWS-0094;AWS-0095;AWS-0123;AWS-0132;AWS-0133;AWS-0136;AWS-0140;AWS-0141;AWS-0143;AWS-0176;AWS-0177;AWS-0180;AWS-0320;AWS-0342;AWS-0343;AWS-0345;AWS-0346,AWS-0066;AWS-0089;AWS-0090,AWS-0019;AWS-0056;AWS-0058;AWS-0059;AWS-0060;AWS-0061;AWS-0062;AWS-0063;AWS-0067;AWS-0077;AWS-0078;AWS-0079;AWS-0080;AWS-0086;AWS-0087;AWS-0091;AWS-0092;AWS-0093;AWS-0094;AWS-0095;AWS-0123;AWS-0132;AWS-0133;AWS-0136;AWS-0140;AWS-0141;AWS-0143;AWS-0176;AWS-0177;AWS-0180;AWS-0320;AWS-0342;AWS-0343;AWS-0345;AWS-0346;AWS-0066;AWS-0089;AWS-0090,
30,20260816_033921_ed3086fc,False,25,24,1,1,1,0,6,6,0,13,13,0,5,4,1,0,0,0,AWS-0019;AWS-0056;AWS-0058;AWS-0059;AWS-0060;AWS-0061;AWS-0062;AWS-0063;AWS-0077;AWS-0078;AWS-0079;AWS-0080;AWS-0123;AWS-0133;AWS-0140;AWS-0141;AWS-0143;AWS-0176;AWS-0177;AWS-0180;AWS-0342;AWS-0343;AWS-0345;AWS-0346,AWS-0017,AWS-0019;AWS-0056;AWS-0058;AWS-0059;AWS-0060;AWS-0061;AWS-0062;AWS-0063;AWS-0077;AWS-0078;AWS-0079;AWS-0080;AWS-0123;AWS-0133;AWS-0140;AWS-0141;AWS-0143;AWS-0176;AWS-0177;AWS-0180;AWS-0342;AWS-0343;AWS-0345;AWS-0346;AWS-0017,
31,20260816_034100_45063800,False,48,44,4,5,5,0,18,18,0,15,14,1,10,7,3,0,0,0,AWS-0008;AWS-0009;AWS-0019;AWS-0026;AWS-0027;AWS-0028;AWS-0029;AWS-0056;AWS-0058;AWS-0059;AWS-0060;AWS-0061;AWS-0062;AWS-0063;AWS-0077;AWS-0078;AWS-0079;AWS-0080;AWS-0095;AWS-0099;AWS-0101;AWS-0102;AWS-0104;AWS-0105;AWS-0107;AWS-0122;AWS-0123;AWS-0129;AWS-0130;AWS-0131;AWS-0133;AWS-0136;AWS-0140;AWS-0141;AWS-0143;AWS-0164;AWS-0176;AWS-0177;AWS-0180;AWS-0342;AWS-0343;AWS-0344;AWS-0345;AWS-0346,AWS-0124;AWS-0178,AWS-0008;AWS-0009;AWS-0019;AWS-0026;AWS-0027;AWS-0028;AWS-0029;AWS-0056;AWS-0058;AWS-0059;AWS-0060;AWS-0061;AWS-0062;AWS-0063;AWS-0077;AWS-0078;AWS-0079;AWS-0080;AWS-0095;AWS-0099;AWS-0101;AWS-0102;AWS-0104;AWS-0105;AWS-0107;AWS-0122;AWS-0123;AWS-0129;AWS-0130;AWS-0131;AWS-0133;AWS-0136;AWS-0140;AWS-0141;AWS-0143;AWS-0164;AWS-0176;AWS-0177;AWS-0180;AWS-0342;AWS-0343;AWS-0344;AWS-0345;AWS-0346;AWS-0124;AWS-0178,
32,20260816_035303_20bd25cb,False,27,25,2,2,2,0,6,6,0,13,13,0,6,4,2,0,0,0,AWS-0019;AWS-0056;AWS-0058;AWS-0059;AWS-0060;AWS-0061;AWS-0062;AWS-0063;AWS-0067;AWS-0077;AWS-0078;AWS-0079;AWS-0080;AWS-0123;AWS-0133;AWS-0140;AWS-0141;AWS-0143;AWS-0176;AWS-0177;AWS-0180;AWS-0342;AWS-0343;AWS-0345;AWS-0346,AWS-0017;AWS-0066,AWS-0019;AWS-0056;AWS-0058;AWS-0059;AWS-0060;AWS-0061;AWS-0062;AWS-0063;AWS-0067;AWS-0077;AWS-0078;AWS-0079;AWS-0080;AWS-0123;AWS-0133;AWS-0140;AWS-0141;AWS-0143;AWS-0176;AWS-0177;AWS-0180;AWS-0342;AWS-0343;AWS-0345;AWS-0346;AWS-0017;AWS-0066,
33,20260816_041107_8e5e4c89,False,38,33,5,2,2,0,12,12,0,16,14,2,8,5,3,0,0,0,AWS-0019;AWS-0056;AWS-0058;AWS-0059;AWS-0060;AWS-0061;AWS-0062;AWS-0063;AWS-0067;AWS-0077;AWS-0078;AWS-0079;AWS-0080;AWS-0086;AWS-0087;AWS-0091;AWS-0092;AWS-0093;AWS-0094;AWS-0123;AWS-0132;AWS-0133;AWS-0140;AWS-0141;AWS-0143;AWS-0176;AWS-0177;AWS-0180;AWS-0320;AWS-0342;AWS-0343;AWS-0345;AWS-0346,AWS-0066;AWS-0089;AWS-0090,AWS-0019;AWS-0056;AWS-0058;AWS-0059;AWS-0060;AWS-0061;AWS-0062;AWS-0063;AWS-0067;AWS-0077;AWS-0078;AWS-0079;AWS-0080;AWS-0086;AWS-0087;AWS-0091;AWS-0092;AWS-0093;AWS-0094;AWS-0123;AWS-0132;AWS-0133;AWS-0140;AWS-0141;AWS-0143;AWS-0176;AWS-0177;AWS-0180;AWS-0320;AWS-0342;AWS-0343;AWS-0345;AWS-0346;AWS-0066;AWS-0089;AWS-0090,
34,20260816_060012_1d1811c3,False,36,32,4,1,1,0,12,12,0,16,14,2,7,5,2,0,0,0,AWS-0019;AWS-0056;AWS-0058;AWS-0059;AWS-0060;AWS-0061;AWS-0062;AWS-0063;AWS-0077;AWS-0078;AWS-0079;AWS-0080;AWS-0086;AWS-0087;AWS-0091;AWS-0092;AWS-0093;AWS-0094;AWS-0123;AWS-0132;AWS-0133;AWS-0140;AWS-0141;AWS-0143;AWS-0176;AWS-0177;AWS-0180;AWS-0320;AWS-0342;AWS-0343;AWS-0345;AWS-0346,AWS-0089;AWS-0090,AWS-0019;AWS-0056;AWS-0058;AWS-0059;AWS-0060;AWS-0061;AWS-0062;AWS-0063;AWS-0077;AWS-0078;AWS-0079;AWS-0080;AWS-0086;AWS-0087;AWS-0091;AWS-0092;AWS-0093;AWS-0094;AWS-0123;AWS-0132;AWS-0133;AWS-0140;AWS-0141;AWS-0143;AWS-0176;AWS-0177;AWS-0180;AWS-0320;AWS-0342;AWS-0343;AWS-0345;AWS-0346;AWS-0089;AWS-0090,
35,20260816_060755_9ec2b7e4,False,46,43,3,6,6,0,16,16,0,15,14,1,9,7,2,0,0,0,AWS-0008;AWS-0009;AWS-0019;AWS-0026;AWS-0027;AWS-0028;AWS-0029;AWS-0056;AWS-0058;AWS-0059;AWS-0060;AWS-0061;AWS-0062;AWS-0063;AWS-0067;AWS-0077;AWS-0078;AWS-0079;AWS-0080;AWS-0099;AWS-0101;AWS-0102;AWS-0104;AWS-0105;AWS-0107;AWS-0122;AWS-0123;AWS-0129;AWS-0130;AWS-0131;AWS-0133;AWS-0140;AWS-0141;AWS-0143;AWS-0164;AWS-0176;AWS-0177;AWS-0180;AWS-0342;AWS-0343;AWS-0344;AWS-0345;AWS-0346,AWS-0066;AWS-0124;AWS-0178,AWS-0008;AWS-0009;AWS-0019;AWS-0026;AWS-0027;AWS-0028;AWS-0029;AWS-0056;AWS-0058;AWS-0059;AWS-0060;AWS-0061;AWS-0062;AWS-0063;AWS-0067;AWS-0077;AWS-0078;AWS-0079;AWS-0080;AWS-0099;AWS-0101;AWS-0102;AWS-0104;AWS-0105;AWS-0107;AWS-0122;AWS-0123;AWS-0129;AWS-0130;AWS-0131;AWS-0133;AWS-0140;AWS-0141;AWS-0143;AWS-0164;AWS-0176;AWS-0177;AWS-0180;AWS-0342;AWS-0343;AWS-0344;AWS-0345;AWS-0346;AWS-0066;AWS-0124;AWS-0178,
36,20260816_061423_d237de44,True,27,27,0,1,1,0,9,9,0,13,13,0,4,4,0,0,0,0,AWS-0019;AWS-0056;AWS-0058;AWS-0059;AWS-0060;AWS-0061;AWS-0062;AWS-0063;AWS-0077;AWS-0078;AWS-0079;AWS-0080;AWS-0096;AWS-0097;AWS-0123;AWS-0133;AWS-0135;AWS-0140;AWS-0141;AWS-0143;AWS-0176;AWS-0177;AWS-0180;AWS-0342;AWS-0343;AWS-0345;AWS-0346,,AWS-0019;AWS-0056;AWS-0058;AWS-0059;AWS-0060;AWS-0061;AWS-0062;AWS-0063;AWS-0077;AWS-0078;AWS-0079;AWS-0080;AWS-0096;AWS-0097;AWS-0123;AWS-0133;AWS-0135;AWS-0140;AWS-0141;AWS-0143;AWS-0176;AWS-0177;AWS-0180;AWS-0342;AWS-0343;AWS-0345;AWS-0346,
37,20260829_204030_02fdfa0f,False,47,44,3,5,5,0,16,16,0,15,15,0,11,8,3,0,0,0,AWS-0008;AWS-0009;AWS-0017;AWS-0019;AWS-0026;AWS-0027;AWS-0028;AWS-0029;AWS-0056;AWS-0058;AWS-0059;AWS-0060;AWS-0061;AWS-0062;AWS-0063;AWS-0077;AWS-0078;AWS-0079;AWS-0080;AWS-0099;AWS-0101;AWS-0102;AWS-0104;AWS-0105;AWS-0107;AWS-0122;AWS-0123;AWS-0129;AWS-0130;AWS-0131;AWS-0133;AWS-0140;AWS-0141;AWS-0143;AWS-0164;AWS-0176;AWS-0177;AWS-0178;AWS-0180;AWS-0342;AWS-0343;AWS-0344;AWS-0345;AWS-0346,AWS-0124,AWS-0008;AWS-0009;AWS-0017;AWS-0019;AWS-0026;AWS-0027;AWS-0028;AWS-0029;AWS-0056;AWS-0058;AWS-0059;AWS-0060;AWS-0061;AWS-0062;AWS-0063;AWS-0077;AWS-0078;AWS-0079;AWS-0080;AWS-0099;AWS-0101;AWS-0102;AWS-0104;AWS-0105;AWS-0107;AWS-0122;AWS-0123;AWS-0129;AWS-0130;AWS-0131;AWS-0133;AWS-0140;AWS-0141;AWS-0143;AWS-0164;AWS-0176;AWS-0177;AWS-0178;AWS-0180;AWS-0342;AWS-0343;AWS-0344;AWS-0345;AWS-0346;AWS-0124,
38,20260816_063055_5c04375a,True,24,24,0,1,1,0,6,6,0,13,13,0,4,4,0,0,0,0,AWS-0019;AWS-0056;AWS-0058;AWS-0059;AWS-0060;AWS-0061;AWS-0062;AWS-0063;AWS-0077;AWS-0078;AWS-0079;AWS-0080;AWS-0123;AWS-0133;AWS-0140;AWS-0141;AWS-0143;AWS-0176;AWS-0177;AWS-0180;AWS-0342;AWS-0343;AWS-0345;AWS-0346,,AWS-0019;AWS-0056;AWS-0058;AWS-0059;AWS-0060;AWS-0061;AWS-0062;AWS-0063;AWS-0077;AWS-0078;AWS-0079;AWS-0080;AWS-0123;AWS-0133;AWS-0140;AWS-0141;AWS-0143;AWS-0176;AWS-0177;AWS-0180;AWS-0342;AWS-0343;AWS-0345;AWS-0346,
39,20260816_063447_4dece5d8,False,44,42,2,5,5,0,16,16,0,15,13,2,8,8,0,0,0,0,AWS-0008;AWS-0009;AWS-0019;AWS-0026;AWS-0027;AWS-0028;AWS-0029;AWS-0056;AWS-0058;AWS-0059;AWS-0060;AWS-0061;AWS-0062;AWS-0063;AWS-0077;AWS-0078;AWS-0079;AWS-0080;AWS-0099;AWS-0101;AWS-0102;AWS-0104;AWS-0107;AWS-0122;AWS-0123;AWS-0124;AWS-0129;AWS-0130;AWS-0131;AWS-0133;AWS-0140;AWS-0141;AWS-0143;AWS-0164;AWS-0176;AWS-0177;AWS-0180;AWS-0342;AWS-0343;AWS-0344;AWS-0345;AWS-0346,AWS-0105;AWS-0178,AWS-0008;AWS-0009;AWS-0019;AWS-0026;AWS-0027;AWS-0028;AWS-0029;AWS-0056;AWS-0058;AWS-0059;AWS-0060;AWS-0061;AWS-0062;AWS-0063;AWS-0077;AWS-0078;AWS-0079;AWS-0080;AWS-0099;AWS-0101;AWS-0102;AWS-0104;AWS-0107;AWS-0122;AWS-0123;AWS-0124;AWS-0129;AWS-0130;AWS-0131;AWS-0133;AWS-0140;AWS-0141;AWS-0143;AWS-0164;AWS-0176;AWS-0177;AWS-0180;AWS-0342;AWS-0343;AWS-0344;AWS-0345;AWS-0346;AWS-0105;AWS-0178,
40,20260819_215238_4ce6b515,False,45,42,3,5,5,0,16,16,0,15,14,1,9,7,2,0,0,0,AWS-0008;AWS-0009;AWS-0019;AWS-0026;AWS-0027;AWS-0028;AWS-0029;AWS-0056;AWS-0058;AWS-0059;AWS-0060;AWS-0061;AWS-0062;AWS-0063;AWS-0077;AWS-0078;AWS-0079;AWS-0080;AWS-0099;AWS-0101;AWS-0102;AWS-0104;AWS-0105;AWS-0107;AWS-0122;AWS-0123;AWS-0129;AWS-0130;AWS-0131;AWS-0133;AWS-0140;AWS-0141;AWS-0143;AWS-0164;AWS-0176;AWS-0177;AWS-0180;AWS-0342;AWS-0343;AWS-0344;AWS-0345;AWS-0346,AWS-0124;AWS-0178,AWS-0008;AWS-0009;AWS-0019;AWS-0026;AWS-0027;AWS-0028;AWS-0029;AWS-0056;AWS-0058;AWS-0059;AWS-0060;AWS-0061;AWS-0062;AWS-0063;AWS-0077;AWS-0078;AWS-0079;AWS-0080;AWS-0099;AWS-0101;AWS-0102;AWS-0104;AWS-0105;AWS-0107;AWS-0122;AWS-0123;AWS-0129;AWS-0130;AWS-0131;AWS-0133;AWS-0140;AWS-0141;AWS-0143;AWS-0164;AWS-0176;AWS-0177;AWS-0180;AWS-0342;AWS-0343;AWS-0344;AWS-0345;AWS-0346;AWS-0124;AWS-0178,
41,20260816_104932_def4ddcb,False,46,44,2,5,5,0,16,16,0,15,15,0,10,8,2,0,0,0,AWS-0008;AWS-0009;AWS-0017;AWS-0019;AWS-0026;AWS-0027;AWS-0028;AWS-0029;AWS-0056;AWS-0058;AWS-0059;AWS-0060;AWS-0061;AWS-0062;AWS-0063;AWS-0077;AWS-0078;AWS-0079;AWS-0080;AWS-0099;AWS-0101;AWS-0102;AWS-0104;AWS-0105;AWS-0107;AWS-0122;AWS-0123;AWS-0129;AWS-0130;AWS-0131;AWS-0133;AWS-0140;AWS-0141;AWS-0143;AWS-0164;AWS-0176;AWS-0177;AWS-0178;AWS-0180;AWS-0342;AWS-0343;AWS-0344;AWS-0345;AWS-0346,AWS-0124,AWS-0008;AWS-0009;AWS-0017;AWS-0019;AWS-0026;AWS-0027;AWS-0028;AWS-0029;AWS-0056;AWS-0058;AWS-0059;AWS-0060;AWS-0061;AWS-0062;AWS-0063;AWS-0077;AWS-0078;AWS-0079;AWS-0080;AWS-0099;AWS-0101;AWS-0102;AWS-0104;AWS-0105;AWS-0107;AWS-0122;AWS-0123;AWS-0129;AWS-0130;AWS-0131;AWS-0133;AWS-0140;AWS-0141;AWS-0143;AWS-0164;AWS-0176;AWS-0177;AWS-0178;AWS-0180;AWS-0342;AWS-0343;AWS-0344;AWS-0345;AWS-0346;AWS-0124,
42,20260819_215510_9784b262,False,50,42,8,5,5,0,16,16,0,16,14,2,13,7,6,0,0,0,AWS-0008;AWS-0009;AWS-0019;AWS-0026;AWS-0027;AWS-0028;AWS-0029;AWS-0056;AWS-0058;AWS-0059;AWS-0060;AWS-0061;AWS-0062;AWS-0063;AWS-0077;AWS-0078;AWS-0079;AWS-0080;AWS-0099;AWS-0101;AWS-0102;AWS-0104;AWS-0105;AWS-0107;AWS-0122;AWS-0123;AWS-0129;AWS-0130;AWS-0131;AWS-0133;AWS-0140;AWS-0141;AWS-0143;AWS-0164;AWS-0176;AWS-0177;AWS-0180;AWS-0342;AWS-0343;AWS-0344;AWS-0345;AWS-0346,AWS-0124;AWS-0178,AWS-0008;AWS-0009;AWS-0019;AWS-0026;AWS-0027;AWS-0028;AWS-0029;AWS-0056;AWS-0058;AWS-0059;AWS-0060;AWS-0061;AWS-0062;AWS-0063;AWS-0077;AWS-0078;AWS-0079;AWS-0080;AWS-0099;AWS-0101;AWS-0102;AWS-0104;AWS-0105;AWS-0107;AWS-0122;AWS-0123;AWS-0129;AWS-0130;AWS-0131;AWS-0133;AWS-0140;AWS-0141;AWS-0143;AWS-0164;AWS-0176;AWS-0177;AWS-0180;AWS-0342;AWS-0343;AWS-0344;AWS-0345;AWS-0346;AWS-0124;AWS-0178,
43,20260816_105334_1ef6543f,False,37,34,3,2,2,0,13,13,0,15,14,1,7,5,2,0,0,0,AWS-0018;AWS-0019;AWS-0056;AWS-0058;AWS-0059;AWS-0060;AWS-0061;AWS-0062;AWS-0063;AWS-0067;AWS-0077;AWS-0078;AWS-0079;AWS-0080;AWS-0086;AWS-0087;AWS-0091;AWS-0092;AWS-0093;AWS-0094;AWS-0123;AWS-0132;AWS-0133;AWS-0140;AWS-0141;AWS-0143;AWS-0176;AWS-0177;AWS-0180;AWS-0320;AWS-0342;AWS-0343;AWS-0345;AWS-0346,AWS-0066;AWS-0089;AWS-0090,AWS-0018;AWS-0019;AWS-0056;AWS-0058;AWS-0059;AWS-0060;AWS-0061;AWS-0062;AWS-0063;AWS-0067;AWS-0077;AWS-0078;AWS-0079;AWS-0080;AWS-0086;AWS-0087;AWS-0091;AWS-0092;AWS-0093;AWS-0094;AWS-0123;AWS-0132;AWS-0133;AWS-0140;AWS-0141;AWS-0143;AWS-0176;AWS-0177;AWS-0180;AWS-0320;AWS-0342;AWS-0343;AWS-0345;AWS-0346;AWS-0066;AWS-0089;AWS-0090,
44,20260816_110044_b3eb0087,True,24,24,0,1,1,0,6,6,0,13,13,0,4,4,0,0,0,0,AWS-0019;AWS-0056;AWS-0058;AWS-0059;AWS-0060;AWS-0061;AWS-0062;AWS-0063;AWS-0077;AWS-0078;AWS-0079;AWS-0080;AWS-0123;AWS-0133;AWS-0140;AWS-0141;AWS-0143;AWS-0176;AWS-0177;AWS-0180;AWS-0342;AWS-0343;AWS-0345;AWS-0346,,AWS-0019;AWS-0056;AWS-0058;AWS-0059;AWS-0060;AWS-0061;AWS-0062;AWS-0063;AWS-0077;AWS-0078;AWS-0079;AWS-0080;AWS-0123;AWS-0133;AWS-0140;AWS-0141;AWS-0143;AWS-0176;AWS-0177;AWS-0180;AWS-0342;AWS-0343;AWS-0345;AWS-0346,
45,20260816_111709_6ea038a3,True,24,24,0,1,1,0,6,6,0,13,13,0,4,4,0,0,0,0,AWS-0019;AWS-0056;AWS-0058;AWS-0059;AWS-0060;AWS-0061;AWS-0062;AWS-0063;AWS-0077;AWS-0078;AWS-0079;AWS-0080;AWS-0123;AWS-0133;AWS-0140;AWS-0141;AWS-0143;AWS-0176;AWS-0177;AWS-0180;AWS-0342;AWS-0343;AWS-0345;AWS-0346,,AWS-0019;AWS-0056;AWS-0058;AWS-0059;AWS-0060;AWS-0061;AWS-0062;AWS-0063;AWS-0077;AWS-0078;AWS-0079;AWS-0080;AWS-0123;AWS-0133;AWS-0140;AWS-0141;AWS-0143;AWS-0176;AWS-0177;AWS-0180;AWS-0342;AWS-0343;AWS-0345;AWS-0346,
46,20260816_112111_dd38ea70,False,44,42,2,5,5,0,16,16,0,15,14,1,8,7,1,0,0,0,AWS-0008;AWS-0009;AWS-0019;AWS-0026;AWS-0027;AWS-0028;AWS-0029;AWS-0056;AWS-0058;AWS-0059;AWS-0060;AWS-0061;AWS-0062;AWS-0063;AWS-0077;AWS-0078;AWS-0079;AWS-0080;AWS-0099;AWS-0101;AWS-0102;AWS-0104;AWS-0105;AWS-0107;AWS-0122;AWS-0123;AWS-0129;AWS-0130;AWS-0131;AWS-0133;AWS-0140;AWS-0141;AWS-0143;AWS-0164;AWS-0176;AWS-0177;AWS-0180;AWS-0342;AWS-0343;AWS-0344;AWS-0345;AWS-0346,AWS-0124;AWS-0178,AWS-0008;AWS-0009;AWS-0019;AWS-0026;AWS-0027;AWS-0028;AWS-0029;AWS-0056;AWS-0058;AWS-0059;AWS-0060;AWS-0061;AWS-0062;AWS-0063;AWS-0077;AWS-0078;AWS-0079;AWS-0080;AWS-0099;AWS-0101;AWS-0102;AWS-0104;AWS-0105;AWS-0107;AWS-0122;AWS-0123;AWS-0129;AWS-0130;AWS-0131;AWS-0133;AWS-0140;AWS-0141;AWS-0143;AWS-0164;AWS-0176;AWS-0177;AWS-0180;AWS-0342;AWS-0343;AWS-0344;AWS-0345;AWS-0346;AWS-0124;AWS-0178,
47,20260816_112704_f57b6a9d,False,44,43,1,5,5,0,16,16,0,15,14,1,8,8,0,0,0,0,AWS-0008;AWS-0009;AWS-0019;AWS-0026;AWS-0027;AWS-0028;AWS-0029;AWS-0056;AWS-0058;AWS-0059;AWS-0060;AWS-0061;AWS-0062;AWS-0063;AWS-0077;AWS-0078;AWS-0079;AWS-0080;AWS-0099;AWS-0101;AWS-0102;AWS-0104;AWS-0105;AWS-0107;AWS-0122;AWS-0123;AWS-0124;AWS-0129;AWS-0130;AWS-0131;AWS-0133;AWS-0140;AWS-0141;AWS-0143;AWS-0164;AWS-0176;AWS-0177;AWS-0180;AWS-0342;AWS-0343;AWS-0344;AWS-0345;AWS-0346,AWS-0178,AWS-0008;AWS-0009;AWS-0019;AWS-0026;AWS-0027;AWS-0028;AWS-0029;AWS-0056;AWS-0058;AWS-0059;AWS-0060;AWS-0061;AWS-0062;AWS-0063;AWS-0077;AWS-0078;AWS-0079;AWS-0080;AWS-0099;AWS-0101;AWS-0102;AWS-0104;AWS-0105;AWS-0107;AWS-0122;AWS-0123;AWS-0124;AWS-0129;AWS-0130;AWS-0131;AWS-0133;AWS-0140;AWS-0141;AWS-0143;AWS-0164;AWS-0176;AWS-0177;AWS-0180;AWS-0342;AWS-0343;AWS-0344;AWS-0345;AWS-0346;AWS-0178,
48,20260816_113051_c6738244,True,24,24,0,1,1,0,6,6,0,13,13,0,4,4,0,0,0,0,AWS-0019;AWS-0056;AWS-0058;AWS-0059;AWS-0060;AWS-0061;AWS-0062;AWS-0063;AWS-0077;AWS-0078;AWS-0079;AWS-0080;AWS-0123;AWS-0133;AWS-0140;AWS-0141;AWS-0143;AWS-0176;AWS-0177;AWS-0180;AWS-0342;AWS-0343;AWS-0345;AWS-0346,,AWS-0019;AWS-0056;AWS-0058;AWS-0059;AWS-0060;AWS-0061;AWS-0062;AWS-0063;AWS-0077;AWS-0078;AWS-0079;AWS-0080;AWS-0123;AWS-0133;AWS-0140;AWS-0141;AWS-0143;AWS-0176;AWS-0177;AWS-0180;AWS-0342;AWS-0343;AWS-0345;AWS-0346,
49,20260816_113132_b8657668,True,24,24,0,1,1,0,6,6,0,13,13,0,4,4,0,0,0,0,AWS-0019;AWS-0056;AWS-0058;AWS-0059;AWS-0060;AWS-0061;AWS-0062;AWS-0063;AWS-0077;AWS-0078;AWS-0079;AWS-0080;AWS-0123;AWS-0133;AWS-0140;AWS-0141;AWS-0143;AWS-0176;AWS-0177;AWS-0180;AWS-0342;AWS-0343;AWS-0345;AWS-0346,,AWS-0019;AWS-0056;AWS-0058;AWS-0059;AWS-0060;AWS-0061;AWS-0062;AWS-0063;AWS-0077;AWS-0078;AWS-0079;AWS-0080;AWS-0123;AWS-0133;AWS-0140;AWS-0141;AWS-0143;AWS-0176;AWS-0177;AWS-0180;AWS-0342;AWS-0343;AWS-0345;AWS-0346,
50,20260816_113609_12ee7e20,False,34,31,3,2,2,0,7,7,0,15,15,0,10,7,3,0,0,0,AWS-0001;AWS-0002;AWS-0003;AWS-0004;AWS-0005;AWS-0019;AWS-0056;AWS-0058;AWS-0059;AWS-0060;AWS-0061;AWS-0062;AWS-0063;AWS-0067;AWS-0077;AWS-0078;AWS-0079;AWS-0080;AWS-0123;AWS-0133;AWS-0140;AWS-0141;AWS-0143;AWS-0176;AWS-0177;AWS-0180;AWS-0190;AWS-0342;AWS-0343;AWS-0345;AWS-0346,AWS-0017;AWS-0066,AWS-0001;AWS-0002;AWS-0003;AWS-0004;AWS-0005;AWS-0019;AWS-0056;AWS-0058;AWS-0059;AWS-0060;AWS-0061;AWS-0062;AWS-0063;AWS-0067;AWS-0077;AWS-0078;AWS-0079;AWS-0080;AWS-0123;AWS-0133;AWS-0140;AWS-0141;AWS-0143;AWS-0176;AWS-0177;AWS-0180;AWS-0190;AWS-0342;AWS-0343;AWS-0345;AWS-0346;AWS-0017;AWS-0066,
51,20260816_121623_1fa62055,True,24,24,0,1,1,0,6,6,0,13,13,0,4,4,0,0,0,0,AWS-0019;AWS-0056;AWS-0058;AWS-0059;AWS-0060;AWS-0061;AWS-0062;AWS-0063;AWS-0077;AWS-0078;AWS-0079;AWS-0080;AWS-0123;AWS-0133;AWS-0140;AWS-0141;AWS-0143;AWS-0176;AWS-0177;AWS-0180;AWS-0342;AWS-0343;AWS-0345;AWS-0346,,AWS-0019;AWS-0056;AWS-0058;AWS-0059;AWS-0060;AWS-0061;AWS-0062;AWS-0063;AWS-0077;AWS-0078;AWS-0079;AWS-0080;AWS-0123;AWS-0133;AWS-0140;AWS-0141;AWS-0143;AWS-0176;AWS-0177;AWS-0180;AWS-0342;AWS-0343;AWS-0345;AWS-0346,
52,20260816_121941_1de5689d,False,30,27,3,1,1,0,7,7,0,15,14,1,7,5,2,0,0,0,AWS-0002;AWS-0004;AWS-0005;AWS-0019;AWS-0056;AWS-0058;AWS-0059;AWS-0060;AWS-0061;AWS-0062;AWS-0063;AWS-0077;AWS-0078;AWS-0079;AWS-0080;AWS-0123;AWS-0133;AWS-0140;AWS-0141;AWS-0143;AWS-0176;AWS-0177;AWS-0180;AWS-0342;AWS-0343;AWS-0345;AWS-0346,AWS-0001;AWS-0003;AWS-0190,AWS-0002;AWS-0004;AWS-0005;AWS-0019;AWS-0056;AWS-0058;AWS-0059;AWS-0060;AWS-0061;AWS-0062;AWS-0063;AWS-0077;AWS-0078;AWS-0079;AWS-0080;AWS-0123;AWS-0133;AWS-0140;AWS-0141;AWS-0143;AWS-0176;AWS-0177;AWS-0180;AWS-0342;AWS-0343;AWS-0345;AWS-0346;AWS-0001;AWS-0003;AWS-0190,
53,20260816_122739_c1f91575,True,24,24,0,1,1,0,6,6,0,13,13,0,4,4,0,0,0,0,AWS-0019;AWS-0056;AWS-0058;AWS-0059;AWS-0060;AWS-0061;AWS-0062;AWS-0063;AWS-0077;AWS-0078;AWS-0079;AWS-0080;AWS-0123;AWS-0133;AWS-0140;AWS-0141;AWS-0143;AWS-0176;AWS-0177;AWS-0180;AWS-0342;AWS-0343;AWS-0345;AWS-0346,,AWS-0019;AWS-0056;AWS-0058;AWS-0059;AWS-0060;AWS-0061;AWS-0062;AWS-0063;AWS-0077;AWS-0078;AWS-0079;AWS-0080;AWS-0123;AWS-0133;AWS-0140;AWS-0141;AWS-0143;AWS-0176;AWS-0177;AWS-0180;AWS-0342;AWS-0343;AWS-0345;AWS-0346,
54,20260816_122851_0a750d55,False,31,27,4,2,2,0,8,8,0,17,13,4,4,4,0,0,0,0,AWS-0011;AWS-0012;AWS-0013;AWS-0019;AWS-0056;AWS-0058;AWS-0059;AWS-0060;AWS-0061;AWS-0062;AWS-0063;AWS-0077;AWS-0078;AWS-0079;AWS-0080;AWS-0123;AWS-0133;AWS-0140;AWS-0141;AWS-0143;AWS-0176;AWS-0177;AWS-0180;AWS-0342;AWS-0343;AWS-0345;AWS-0346,AWS-0010,AWS-0011;AWS-0012;AWS-0013;AWS-0019;AWS-0056;AWS-0058;AWS-0059;AWS-0060;AWS-0061;AWS-0062;AWS-0063;AWS-0077;AWS-0078;AWS-0079;AWS-0080;AWS-0123;AWS-0133;AWS-0140;AWS-0141;AWS-0143;AWS-0176;AWS-0177;AWS-0180;AWS-0342;AWS-0343;AWS-0345;AWS-0346;AWS-0010,
55,20260816_123432_597fa42e,True,34,34,0,1,1,0,12,12,0,15,15,0,6,6,0,0,0,0,AWS-0019;AWS-0056;AWS-0058;AWS-0059;AWS-0060;AWS-0061;AWS-0062;AWS-0063;AWS-0077;AWS-0078;AWS-0079;AWS-0080;AWS-0086;AWS-0087;AWS-0089;AWS-0090;AWS-0091;AWS-0092;AWS-0093;AWS-0094;AWS-0123;AWS-0132;AWS-0133;AWS-0140;AWS-0141;AWS-0143;AWS-0176;AWS-0177;AWS-0180;AWS-0320;AWS-0342;AWS-0343;AWS-0345;AWS-0346,,AWS-0019;AWS-0056;AWS-0058;AWS-0059;AWS-0060;AWS-0061;AWS-0062;AWS-0063;AWS-0077;AWS-0078;AWS-0079;AWS-0080;AWS-0086;AWS-0087;AWS-0089;AWS-0090;AWS-0091;AWS-0092;AWS-0093;AWS-0094;AWS-0123;AWS-0132;AWS-0133;AWS-0140;AWS-0141;AWS-0143;AWS-0176;AWS-0177;AWS-0180;AWS-0320;AWS-0342;AWS-0343;AWS-0345;AWS-0346,
56,20260816_124051_56f34adf,False,32,30,2,2,2,0,7,7,0,15,15,0,8,6,2,0,0,0,AWS-0001;AWS-0002;AWS-0003;AWS-0005;AWS-0019;AWS-0056;AWS-0058;AWS-0059;AWS-0060;AWS-0061;AWS-0062;AWS-0063;AWS-0067;AWS-0077;AWS-0078;AWS-0079;AWS-0080;AWS-0123;AWS-0133;AWS-0140;AWS-0141;AWS-0143;AWS-0176;AWS-0177;AWS-0180;AWS-0190;AWS-0342;AWS-0343;AWS-0345;AWS-0346,AWS-0004;AWS-0066,AWS-0001;AWS-0002;AWS-0003;AWS-0005;AWS-0019;AWS-0056;AWS-0058;AWS-0059;AWS-0060;AWS-0061;AWS-0062;AWS-0063;AWS-0067;AWS-0077;AWS-0078;AWS-0079;AWS-0080;AWS-0123;AWS-0133;AWS-0140;AWS-0141;AWS-0143;AWS-0176;AWS-0177;AWS-0180;AWS-0190;AWS-0342;AWS-0343;AWS-0345;AWS-0346;AWS-0004;AWS-0066,
57,20260816_124137_bb538cec,True,26,26,0,1,1,0,8,8,0,13,13,0,4,4,0,0,0,0,AWS-0019;AWS-0056;AWS-0058;AWS-0059;AWS-0060;AWS-0061;AWS-0062;AWS-0063;AWS-0077;AWS-0078;AWS-0079;AWS-0080;AWS-0095;AWS-0123;AWS-0133;AWS-0136;AWS-0140;AWS-0141;AWS-0143;AWS-0176;AWS-0177;AWS-0180;AWS-0342;AWS-0343;AWS-0345;AWS-0346,,AWS-0019;AWS-0056;AWS-0058;AWS-0059;AWS-0060;AWS-0061;AWS-0062;AWS-0063;AWS-0077;AWS-0078;AWS-0079;AWS-0080;AWS-0095;AWS-0123;AWS-0133;AWS-0136;AWS-0140;AWS-0141;AWS-0143;AWS-0176;AWS-0177;AWS-0180;AWS-0342;AWS-0343;AWS-0345;AWS-0346,
58,20260816_124314_2de4d526,False,34,33,1,1,1,0,12,12,0,15,15,0,6,5,1,0,0,0,AWS-0019;AWS-0056;AWS-0058;AWS-0059;AWS-0060;AWS-0061;AWS-0062;AWS-0063;AWS-0077;AWS-0078;AWS-0079;AWS-0080;AWS-0086;AWS-0087;AWS-0090;AWS-0091;AWS-0092;AWS-0093;AWS-0094;AWS-0123;AWS-0132;AWS-0133;AWS-0140;AWS-0141;AWS-0143;AWS-0176;AWS-0177;AWS-0180;AWS-0320;AWS-0342;AWS-0343;AWS-0345;AWS-0346,AWS-0089,AWS-0019;AWS-0056;AWS-0058;AWS-0059;AWS-0060;AWS-0061;AWS-0062;AWS-0063;AWS-0077;AWS-0078;AWS-0079;AWS-0080;AWS-0086;AWS-0087;AWS-0090;AWS-0091;AWS-0092;AWS-0093;AWS-0094;AWS-0123;AWS-0132;AWS-0133;AWS-0140;AWS-0141;AWS-0143;AWS-0176;AWS-0177;AWS-0180;AWS-0320;AWS-0342;AWS-0343;AWS-0345;AWS-0346;AWS-0089,
59,20260816_125116_b84848fa,False,44,35,9,2,2,0,14,14,0,22,14,8,6,5,1,0,0,0,AWS-0011;AWS-0012;AWS-0013;AWS-0019;AWS-0056;AWS-0058;AWS-0059;AWS-0060;AWS-0061;AWS-0062;AWS-0063;AWS-0077;AWS-0078;AWS-0079;AWS-0080;AWS-0086;AWS-0087;AWS-0091;AWS-0092;AWS-0093;AWS-0094;AWS-0123;AWS-0132;AWS-0133;AWS-0140;AWS-0141;AWS-0143;AWS-0176;AWS-0177;AWS-0180;AWS-0320;AWS-0342;AWS-0343;AWS-0345;AWS-0346,AWS-0010;AWS-0089;AWS-0090,AWS-0011;AWS-0012;AWS-0013;AWS-0019;AWS-0056;AWS-0058;AWS-0059;AWS-0060;AWS-0061;AWS-0062;AWS-0063;AWS-0077;AWS-0078;AWS-0079;AWS-0080;AWS-0086;AWS-0087;AWS-0091;AWS-0092;AWS-0093;AWS-0094;AWS-0123;AWS-0132;AWS-0133;AWS-0140;AWS-0141;AWS-0143;AWS-0176;AWS-0177;AWS-0180;AWS-0320;AWS-0342;AWS-0343;AWS-0345;AWS-0346;AWS-0010;AWS-0089;AWS-0090,
60,20260816_125922_c7ed985c,False,55,52,3,5,5,0,22,22,0,17,16,1,11,9,2,0,0,0,AWS-0008;AWS-0009;AWS-0019;AWS-0026;AWS-0027;AWS-0028;AWS-0029;AWS-0056;AWS-0058;AWS-0059;AWS-0060;AWS-0061;AWS-0062;AWS-0063;AWS-0077;AWS-0078;AWS-0079;AWS-0080;AWS-0086;AWS-0087;AWS-0091;AWS-0092;AWS-0093;AWS-0094;AWS-0099;AWS-0101;AWS-0102;AWS-0104;AWS-0105;AWS-0107;AWS-0122;AWS-0123;AWS-0124;AWS-0129;AWS-0130;AWS-0131;AWS-0132;AWS-0133;AWS-0140;AWS-0141;AWS-0143;AWS-0164;AWS-0176;AWS-0177;AWS-0178;AWS-0180;AWS-0320;AWS-0342;AWS-0343;AWS-0344;AWS-0345;AWS-0346,AWS-0017;AWS-0089;AWS-0090,AWS-0008;AWS-0009;AWS-0019;AWS-0026;AWS-0027;AWS-0028;AWS-0029;AWS-0056;AWS-0058;AWS-0059;AWS-0060;AWS-0061;AWS-0062;AWS-0063;AWS-0077;AWS-0078;AWS-0079;AWS-0080;AWS-0086;AWS-0087;AWS-0091;AWS-0092;AWS-0093;AWS-0094;AWS-0099;AWS-0101;AWS-0102;AWS-0104;AWS-0105;AWS-0107;AWS-0122;AWS-0123;AWS-0124;AWS-0129;AWS-0130;AWS-0131;AWS-0132;AWS-0133;AWS-0140;AWS-0141;AWS-0143;AWS-0164;AWS-0176;AWS-0177;AWS-0178;AWS-0180;AWS-0320;AWS-0342;AWS-0343;AWS-0344;AWS-0345;AWS-0346;AWS-0017;AWS-0089;AWS-0090,
61,20260816_130512_cbb68119,False,44,43,1,5,5,0,16,16,0,15,14,1,8,8,0,0,0,0,AWS-0008;AWS-0009;AWS-0019;AWS-0026;AWS-0027;AWS-0028;AWS-0029;AWS-0056;AWS-0058;AWS-0059;AWS-0060;AWS-0061;AWS-0062;AWS-0063;AWS-0077;AWS-0078;AWS-0079;AWS-0080;AWS-0099;AWS-0101;AWS-0102;AWS-0104;AWS-0105;AWS-0107;AWS-0122;AWS-0123;AWS-0124;AWS-0129;AWS-0130;AWS-0131;AWS-0133;AWS-0140;AWS-0141;AWS-0143;AWS-0164;AWS-0176;AWS-0177;AWS-0180;AWS-0342;AWS-0343;AWS-0344;AWS-0345;AWS-0346,AWS-0178,AWS-0008;AWS-0009;AWS-0019;AWS-0026;AWS-0027;AWS-0028;AWS-0029;AWS-0056;AWS-0058;AWS-0059;AWS-0060;AWS-0061;AWS-0062;AWS-0063;AWS-0077;AWS-0078;AWS-0079;AWS-0080;AWS-0099;AWS-0101;AWS-0102;AWS-0104;AWS-0105;AWS-0107;AWS-0122;AWS-0123;AWS-0124;AWS-0129;AWS-0130;AWS-0131;AWS-0133;AWS-0140;AWS-0141;AWS-0143;AWS-0164;AWS-0176;AWS-0177;AWS-0180;AWS-0342;AWS-0343;AWS-0344;AWS-0345;AWS-0346;AWS-0178,
62,20260816_130625_d7d72f4a,False,53,42,11,6,6,0,17,17,0,17,13,4,13,6,7,0,0,0,AWS-0002;AWS-0005;AWS-0008;AWS-0009;AWS-0019;AWS-0026;AWS-0027;AWS-0028;AWS-0029;AWS-0056;AWS-0058;AWS-0059;AWS-0060;AWS-0061;AWS-0062;AWS-0063;AWS-0067;AWS-0078;AWS-0079;AWS-0080;AWS-0099;AWS-0101;AWS-0102;AWS-0104;AWS-0105;AWS-0107;AWS-0122;AWS-0123;AWS-0129;AWS-0130;AWS-0131;AWS-0140;AWS-0141;AWS-0143;AWS-0164;AWS-0176;AWS-0177;AWS-0180;AWS-0342;AWS-0344;AWS-0345;AWS-0346,AWS-0001;AWS-0003;AWS-0004;AWS-0066;AWS-0077;AWS-0124;AWS-0133;AWS-0178;AWS-0190;AWS-0343,AWS-0002;AWS-0005;AWS-0008;AWS-0009;AWS-0019;AWS-0026;AWS-0027;AWS-0028;AWS-0029;AWS-0056;AWS-0058;AWS-0059;AWS-0060;AWS-0061;AWS-0062;AWS-0063;AWS-0067;AWS-0078;AWS-0079;AWS-0080;AWS-0099;AWS-0101;AWS-0102;AWS-0104;AWS-0105;AWS-0107;AWS-0122;AWS-0123;AWS-0129;AWS-0130;AWS-0131;AWS-0140;AWS-0141;AWS-0143;AWS-0164;AWS-0176;AWS-0177;AWS-0180;AWS-0342;AWS-0344;AWS-0345;AWS-0346;AWS-0001;AWS-0003;AWS-0004;AWS-0066;AWS-0077;AWS-0124;AWS-0133;AWS-0178;AWS-0190;AWS-0343,
63,20260816_131527_b78db2f6,True,24,24,0,1,1,0,6,6,0,13,13,0,4,4,0,0,0,0,AWS-0019;AWS-0056;AWS-0058;AWS-0059;AWS-0060;AWS-0061;AWS-0062;AWS-0063;AWS-0077;AWS-0078;AWS-0079;AWS-0080;AWS-0123;AWS-0133;AWS-0140;AWS-0141;AWS-0143;AWS-0176;AWS-0177;AWS-0180;AWS-0342;AWS-0343;AWS-0345;AWS-0346,,AWS-0019;AWS-0056;AWS-0058;AWS-0059;AWS-0060;AWS-0061;AWS-0062;AWS-0063;AWS-0077;AWS-0078;AWS-0079;AWS-0080;AWS-0123;AWS-0133;AWS-0140;AWS-0141;AWS-0143;AWS-0176;AWS-0177;AWS-0180;AWS-0342;AWS-0343;AWS-0345;AWS-0346,
64,20260816_132020_4449f4c7,True,25,25,0,1,1,0,6,6,0,13,13,0,5,5,0,0,0,0,AWS-0017;AWS-0019;AWS-0056;AWS-0058;AWS-0059;AWS-0060;AWS-0061;AWS-0062;AWS-0063;AWS-0077;AWS-0078;AWS-0079;AWS-0080;AWS-0123;AWS-0133;AWS-0140;AWS-0141;AWS-0143;AWS-0176;AWS-0177;AWS-0180;AWS-0342;AWS-0343;AWS-0345;AWS-0346,,AWS-0017;AWS-0019;AWS-0056;AWS-0058;AWS-0059;AWS-0060;AWS-0061;AWS-0062;AWS-0063;AWS-0077;AWS-0078;AWS-0079;AWS-0080;AWS-0123;AWS-0133;AWS-0140;AWS-0141;AWS-0143;AWS-0176;AWS-0177;AWS-0180;AWS-0342;AWS-0343;AWS-0345;AWS-0346,
65,20260816_132735_0cf42833,False,59,53,6,6,6,0,23,23,0,18,16,2,12,8,4,0,0,0,AWS-0008;AWS-0009;AWS-0019;AWS-0023;AWS-0024;AWS-0026;AWS-0027;AWS-0028;AWS-0029;AWS-0056;AWS-0058;AWS-0059;AWS-0060;AWS-0061;AWS-0062;AWS-0063;AWS-0067;AWS-0077;AWS-0078;AWS-0079;AWS-0080;AWS-0086;AWS-0087;AWS-0091;AWS-0092;AWS-0093;AWS-0094;AWS-0099;AWS-0101;AWS-0102;AWS-0104;AWS-0105;AWS-0107;AWS-0122;AWS-0123;AWS-0129;AWS-0130;AWS-0131;AWS-0132;AWS-0133;AWS-0140;AWS-0141;AWS-0143;AWS-0164;AWS-0176;AWS-0177;AWS-0180;AWS-0320;AWS-0342;AWS-0343;AWS-0344;AWS-0345;AWS-0346,AWS-0025;AWS-0066;AWS-0089;AWS-0090;AWS-0124;AWS-0178,AWS-0008;AWS-0009;AWS-0019;AWS-0023;AWS-0024;AWS-0026;AWS-0027;AWS-0028;AWS-0029;AWS-0056;AWS-0058;AWS-0059;AWS-0060;AWS-0061;AWS-0062;AWS-0063;AWS-0067;AWS-0077;AWS-0078;AWS-0079;AWS-0080;AWS-0086;AWS-0087;AWS-0091;AWS-0092;AWS-0093;AWS-0094;AWS-0099;AWS-0101;AWS-0102;AWS-0104;AWS-0105;AWS-0107;AWS-0122;AWS-0123;AWS-0129;AWS-0130;AWS-0131;AWS-0132;AWS-0133;AWS-0140;AWS-0141;AWS-0143;AWS-0164;AWS-0176;AWS-0177;AWS-0180;AWS-0320;AWS-0342;AWS-0343;AWS-0344;AWS-0345;AWS-0346;AWS-0025;AWS-0066;AWS-0089;AWS-0090;AWS-0124;AWS-0178,
66,20260816_133712_b48cf1cb,False,34,32,2,1,1,0,12,12,0,15,14,1,6,5,1,0,0,0,AWS-0019;AWS-0056;AWS-0058;AWS-0059;AWS-0060;AWS-0061;AWS-0062;AWS-0063;AWS-0077;AWS-0078;AWS-0079;AWS-0080;AWS-0086;AWS-0087;AWS-0091;AWS-0092;AWS-0093;AWS-0094;AWS-0123;AWS-0132;AWS-0133;AWS-0140;AWS-0141;AWS-0143;AWS-0176;AWS-0177;AWS-0180;AWS-0320;AWS-0342;AWS-0343;AWS-0345;AWS-0346,AWS-0089;AWS-0090,AWS-0019;AWS-0056;AWS-0058;AWS-0059;AWS-0060;AWS-0061;AWS-0062;AWS-0063;AWS-0077;AWS-0078;AWS-0079;AWS-0080;AWS-0086;AWS-0087;AWS-0091;AWS-0092;AWS-0093;AWS-0094;AWS-0123;AWS-0132;AWS-0133;AWS-0140;AWS-0141;AWS-0143;AWS-0176;AWS-0177;AWS-0180;AWS-0320;AWS-0342;AWS-0343;AWS-0345;AWS-0346;AWS-0089;AWS-0090,
67,20260816_134045_a296dea0,False,34,31,3,1,1,0,10,10,0,15,15,0,8,5,3,0,0,0,AWS-0001;AWS-0002;AWS-0005;AWS-0017;AWS-0019;AWS-0056;AWS-0058;AWS-0059;AWS-0060;AWS-0061;AWS-0062;AWS-0063;AWS-0077;AWS-0078;AWS-0079;AWS-0080;AWS-0096;AWS-0097;AWS-0123;AWS-0133;AWS-0135;AWS-0140;AWS-0141;AWS-0143;AWS-0176;AWS-0177;AWS-0180;AWS-0342;AWS-0343;AWS-0345;AWS-0346,AWS-0003;AWS-0004;AWS-0190,AWS-0001;AWS-0002;AWS-0005;AWS-0017;AWS-0019;AWS-0056;AWS-0058;AWS-0059;AWS-0060;AWS-0061;AWS-0062;AWS-0063;AWS-0077;AWS-0078;AWS-0079;AWS-0080;AWS-0096;AWS-0097;AWS-0123;AWS-0133;AWS-0135;AWS-0140;AWS-0141;AWS-0143;AWS-0176;AWS-0177;AWS-0180;AWS-0342;AWS-0343;AWS-0345;AWS-0346;AWS-0003;AWS-0004;AWS-0190,
68,20260816_134538_edd60554,False,26,25,1,2,2,0,6,6,0,13,13,0,5,4,1,0,0,0,AWS-0019;AWS-0056;AWS-0058;AWS-0059;AWS-0060;AWS-0061;AWS-0062;AWS-0063;AWS-0067;AWS-0077;AWS-0078;AWS-0079;AWS-0080;AWS-0123;AWS-0133;AWS-0140;AWS-0141;AWS-0143;AWS-0176;AWS-0177;AWS-0180;AWS-0342;AWS-0343;AWS-0345;AWS-0346,AWS-0066,AWS-0019;AWS-0056;AWS-0058;AWS-0059;AWS-0060;AWS-0061;AWS-0062;AWS-0063;AWS-0067;AWS-0077;AWS-0078;AWS-0079;AWS-0080;AWS-0123;AWS-0133;AWS-0140;AWS-0141;AWS-0143;AWS-0176;AWS-0177;AWS-0180;AWS-0342;AWS-0343;AWS-0345;AWS-0346;AWS-0066,
69,20260816_135103_4dc1d1a3,True,24,24,0,1,1,0,6,6,0,13,13,0,4,4,0,0,0,0,AWS-0019;AWS-0056;AWS-0058;AWS-0059;AWS-0060;AWS-0061;AWS-0062;AWS-0063;AWS-0077;AWS-0078;AWS-0079;AWS-0080;AWS-0123;AWS-0133;AWS-0140;AWS-0141;AWS-0143;AWS-0176;AWS-0177;AWS-0180;AWS-0342;AWS-0343;AWS-0345;AWS-0346,,AWS-0019;AWS-0056;AWS-0058;AWS-0059;AWS-0060;AWS-0061;AWS-0062;AWS-0063;AWS-0077;AWS-0078;AWS-0079;AWS-0080;AWS-0123;AWS-0133;AWS-0140;AWS-0141;AWS-0143;AWS-0176;AWS-0177;AWS-0180;AWS-0342;AWS-0343;AWS-0345;AWS-0346,
70,20260816_135300_a090a421,False,25,24,1,1,1,0,6,6,0,13,13,0,5,4,1,0,0,0,AWS-0019;AWS-0056;AWS-0058;AWS-0059;AWS-0060;AWS-0061;AWS-0062;AWS-0063;AWS-0077;AWS-0078;AWS-0079;AWS-0080;AWS-0123;AWS-0133;AWS-0140;AWS-0141;AWS-0143;AWS-0176;AWS-0177;AWS-0180;AWS-0342;AWS-0343;AWS-0345;AWS-0346,AWS-0017,AWS-0019;AWS-0056;AWS-0058;AWS-0059;AWS-0060;AWS-0061;AWS-0062;AWS-0063;AWS-0077;AWS-0078;AWS-0079;AWS-0080;AWS-0123;AWS-0133;AWS-0140;AWS-0141;AWS-0143;AWS-0176;AWS-0177;AWS-0180;AWS-0342;AWS-0343;AWS-0345;AWS-0346;AWS-0017,
71,20260816_135523_e7fe3bee,True,24,24,0,1,1,0,6,6,0,13,13,0,4,4,0,0,0,0,AWS-0019;AWS-0056;AWS-0058;AWS-0059;AWS-0060;AWS-0061;AWS-0062;AWS-0063;AWS-0077;AWS-0078;AWS-0079;AWS-0080;AWS-0123;AWS-0133;AWS-0140;AWS-0141;AWS-0143;AWS-0176;AWS-0177;AWS-0180;AWS-0342;AWS-0343;AWS-0345;AWS-0346,,AWS-0019;AWS-0056;AWS-0058;AWS-0059;AWS-0060;AWS-0061;AWS-0062;AWS-0063;AWS-0077;AWS-0078;AWS-0079;AWS-0080;AWS-0123;AWS-0133;AWS-0140;AWS-0141;AWS-0143;AWS-0176;AWS-0177;AWS-0180;AWS-0342;AWS-0343;AWS-0345;AWS-0346,
72,20260816_135840_dffaad01,True,24,24,0,1,1,0,6,6,0,13,13,0,4,4,0,0,0,0,AWS-0019;AWS-0056;AWS-0058;AWS-0059;AWS-0060;AWS-0061;AWS-0062;AWS-0063;AWS-0077;AWS-0078;AWS-0079;AWS-0080;AWS-0123;AWS-0133;AWS-0140;AWS-0141;AWS-0143;AWS-0176;AWS-0177;AWS-0180;AWS-0342;AWS-0343;AWS-0345;AWS-0346,,AWS-0019;AWS-0056;AWS-0058;AWS-0059;AWS-0060;AWS-0061;AWS-0062;AWS-0063;AWS-0077;AWS-0078;AWS-0079;AWS-0080;AWS-0123;AWS-0133;AWS-0140;AWS-0141;AWS-0143;AWS-0176;AWS-0177;AWS-0180;AWS-0342;AWS-0343;AWS-0345;AWS-0346,
73,20260816_140030_08eb1054,False,26,25,1,2,2,0,6,6,0,13,13,0,5,4,1,0,0,0,AWS-0019;AWS-0056;AWS-0058;AWS-0059;AWS-0060;AWS-0061;AWS-0062;AWS-0063;AWS-0067;AWS-0077;AWS-0078;AWS-0079;AWS-0080;AWS-0123;AWS-0133;AWS-0140;AWS-0141;AWS-0143;AWS-0176;AWS-0177;AWS-0180;AWS-0342;AWS-0343;AWS-0345;AWS-0346,AWS-0066,AWS-0019;AWS-0056;AWS-0058;AWS-0059;AWS-0060;AWS-0061;AWS-0062;AWS-0063;AWS-0067;AWS-0077;AWS-0078;AWS-0079;AWS-0080;AWS-0123;AWS-0133;AWS-0140;AWS-0141;AWS-0143;AWS-0176;AWS-0177;AWS-0180;AWS-0342;AWS-0343;AWS-0345;AWS-0346;AWS-0066,
74,20260816_140215_1b8cefed,True,24,24,0,1,1,0,6,6,0,13,13,0,4,4,0,0,0,0,AWS-0019;AWS-0056;AWS-0058;AWS-0059;AWS-0060;AWS-0061;AWS-0062;AWS-0063;AWS-0077;AWS-0078;AWS-0079;AWS-0080;AWS-0123;AWS-0133;AWS-0140;AWS-0141;AWS-0143;AWS-0176;AWS-0177;AWS-0180;AWS-0342;AWS-0343;AWS-0345;AWS-0346,,AWS-0019;AWS-0056;AWS-0058;AWS-0059;AWS-0060;AWS-0061;AWS-0062;AWS-0063;AWS-0077;AWS-0078;AWS-0079;AWS-0080;AWS-0123;AWS-0133;AWS-0140;AWS-0141;AWS-0143;AWS-0176;AWS-0177;AWS-0180;AWS-0342;AWS-0343;AWS-0345;AWS-0346,
75,20260816_152147_3bea8bef,True,24,24,0,1,1,0,6,6,0,13,13,0,4,4,0,0,0,0,AWS-0019;AWS-0056;AWS-0058;AWS-0059;AWS-0060;AWS-0061;AWS-0062;AWS-0063;AWS-0077;AWS-0078;AWS-0079;AWS-0080;AWS-0123;AWS-0133;AWS-0140;AWS-0141;AWS-0143;AWS-0176;AWS-0177;AWS-0180;AWS-0342;AWS-0343;AWS-0345;AWS-0346,,AWS-0019;AWS-0056;AWS-0058;AWS-0059;AWS-0060;AWS-0061;AWS-0062;AWS-0063;AWS-0077;AWS-0078;AWS-0079;AWS-0080;AWS-0123;AWS-0133;AWS-0140;AWS-0141;AWS-0143;AWS-0176;AWS-0177;AWS-0180;AWS-0342;AWS-0343;AWS-0345;AWS-0346,
76,20260816_152529_07288318,True,24,24,0,1,1,0,6,6,0,13,13,0,4,4,0,0,0,0,AWS-0019;AWS-0056;AWS-0058;AWS-0059;AWS-0060;AWS-0061;AWS-0062;AWS-0063;AWS-0077;AWS-0078;AWS-0079;AWS-0080;AWS-0123;AWS-0133;AWS-0140;AWS-0141;AWS-0143;AWS-0176;AWS-0177;AWS-0180;AWS-0342;AWS-0343;AWS-0345;AWS-0346,,AWS-0019;AWS-0056;AWS-0058;AWS-0059;AWS-0060;AWS-0061;AWS-0062;AWS-0063;AWS-0077;AWS-0078;AWS-0079;AWS-0080;AWS-0123;AWS-0133;AWS-0140;AWS-0141;AWS-0143;AWS-0176;AWS-0177;AWS-0180;AWS-0342;AWS-0343;AWS-0345;AWS-0346,
77,20260829_205032_c0778e4b,True,24,24,0,1,1,0,6,6,0,13,13,0,4,4,0,0,0,0,AWS-0019;AWS-0056;AWS-0058;AWS-0059;AWS-0060;AWS-0061;AWS-0062;AWS-0063;AWS-0077;AWS-0078;AWS-0079;AWS-0080;AWS-0123;AWS-0133;AWS-0140;AWS-0141;AWS-0143;AWS-0176;AWS-0177;AWS-0180;AWS-0342;AWS-0343;AWS-0345;AWS-0346,,AWS-0019;AWS-0056;AWS-0058;AWS-0059;AWS-0060;AWS-0061;AWS-0062;AWS-0063;AWS-0077;AWS-0078;AWS-0079;AWS-0080;AWS-0123;AWS-0133;AWS-0140;AWS-0141;AWS-0143;AWS-0176;AWS-0177;AWS-0180;AWS-0342;AWS-0343;AWS-0345;AWS-0346,
78,20260816_155329_ff28c823,False,45,44,1,5,5,0,16,16,0,15,15,0,9,8,1,0,0,0,AWS-0008;AWS-0009;AWS-0019;AWS-0026;AWS-0027;AWS-0028;AWS-0029;AWS-0056;AWS-0058;AWS-0059;AWS-0060;AWS-0061;AWS-0062;AWS-0063;AWS-0077;AWS-0078;AWS-0079;AWS-0080;AWS-0099;AWS-0101;AWS-0102;AWS-0104;AWS-0105;AWS-0107;AWS-0122;AWS-0123;AWS-0124;AWS-0129;AWS-0130;AWS-0131;AWS-0133;AWS-0140;AWS-0141;AWS-0143;AWS-0164;AWS-0176;AWS-0177;AWS-0178;AWS-0180;AWS-0342;AWS-0343;AWS-0344;AWS-0345;AWS-0346,AWS-0017,AWS-0008;AWS-0009;AWS-0019;AWS-0026;AWS-0027;AWS-0028;AWS-0029;AWS-0056;AWS-0058;AWS-0059;AWS-0060;AWS-0061;AWS-0062;AWS-0063;AWS-0077;AWS-0078;AWS-0079;AWS-0080;AWS-0099;AWS-0101;AWS-0102;AWS-0104;AWS-0105;AWS-0107;AWS-0122;AWS-0123;AWS-0124;AWS-0129;AWS-0130;AWS-0131;AWS-0133;AWS-0140;AWS-0141;AWS-0143;AWS-0164;AWS-0176;AWS-0177;AWS-0178;AWS-0180;AWS-0342;AWS-0343;AWS-0344;AWS-0345;AWS-0346;AWS-0017,
79,20260816_155609_a32de382,True,24,24,0,1,1,0,6,6,0,13,13,0,4,4,0,0,0,0,AWS-0019;AWS-0056;AWS-0058;AWS-0059;AWS-0060;AWS-0061;AWS-0062;AWS-0063;AWS-0077;AWS-0078;AWS-0079;AWS-0080;AWS-0123;AWS-0133;AWS-0140;AWS-0141;AWS-0143;AWS-0176;AWS-0177;AWS-0180;AWS-0342;AWS-0343;AWS-0345;AWS-0346,,AWS-0019;AWS-0056;AWS-0058;AWS-0059;AWS-0060;AWS-0061;AWS-0062;AWS-0063;AWS-0077;AWS-0078;AWS-0079;AWS-0080;AWS-0123;AWS-0133;AWS-0140;AWS-0141;AWS-0143;AWS-0176;AWS-0177;AWS-0180;AWS-0342;AWS-0343;AWS-0345;AWS-0346,
80,20260816_160705_3371d8b2,True,24,24,0,1,1,0,6,6,0,13,13,0,4,4,0,0,0,0,AWS-0019;AWS-0056;AWS-0058;AWS-0059;AWS-0060;AWS-0061;AWS-0062;AWS-0063;AWS-0077;AWS-0078;AWS-0079;AWS-0080;AWS-0123;AWS-0133;AWS-0140;AWS-0141;AWS-0143;AWS-0176;AWS-0177;AWS-0180;AWS-0342;AWS-0343;AWS-0345;AWS-0346,,AWS-0019;AWS-0056;AWS-0058;AWS-0059;AWS-0060;AWS-0061;AWS-0062;AWS-0063;AWS-0077;AWS-0078;AWS-0079;AWS-0080;AWS-0123;AWS-0133;AWS-0140;AWS-0141;AWS-0143;AWS-0176;AWS-0177;AWS-0180;AWS-0342;AWS-0343;AWS-0345;AWS-0346,
81,20260816_160945_bdc38cf4,False,35,32,3,1,1,0,12,12,0,15,14,1,7,5,2,0,0,0,AWS-0019;AWS-0056;AWS-0058;AWS-0059;AWS-0060;AWS-0061;AWS-0062;AWS-0063;AWS-0077;AWS-0078;AWS-0079;AWS-0080;AWS-0086;AWS-0087;AWS-0091;AWS-0092;AWS-0093;AWS-0094;AWS-0123;AWS-0132;AWS-0133;AWS-0140;AWS-0141;AWS-0143;AWS-0176;AWS-0177;AWS-0180;AWS-0320;AWS-0342;AWS-0343;AWS-0345;AWS-0346,AWS-0017;AWS-0089;AWS-0090,AWS-0019;AWS-0056;AWS-0058;AWS-0059;AWS-0060;AWS-0061;AWS-0062;AWS-0063;AWS-0077;AWS-0078;AWS-0079;AWS-0080;AWS-0086;AWS-0087;AWS-0091;AWS-0092;AWS-0093;AWS-0094;AWS-0123;AWS-0132;AWS-0133;AWS-0140;AWS-0141;AWS-0143;AWS-0176;AWS-0177;AWS-0180;AWS-0320;AWS-0342;AWS-0343;AWS-0345;AWS-0346;AWS-0017;AWS-0089;AWS-0090,
82,20260816_161540_12d942bf,False,32,30,2,2,2,0,7,7,0,15,14,1,8,7,1,0,0,0,AWS-0002;AWS-0003;AWS-0004;AWS-0005;AWS-0019;AWS-0056;AWS-0058;AWS-0059;AWS-0060;AWS-0061;AWS-0062;AWS-0063;AWS-0067;AWS-0077;AWS-0078;AWS-0079;AWS-0080;AWS-0123;AWS-0133;AWS-0140;AWS-0141;AWS-0143;AWS-0176;AWS-0177;AWS-0180;AWS-0190;AWS-0342;AWS-0343;AWS-0345;AWS-0346,AWS-0001;AWS-0066,AWS-0002;AWS-0003;AWS-0004;AWS-0005;AWS-0019;AWS-0056;AWS-0058;AWS-0059;AWS-0060;AWS-0061;AWS-0062;AWS-0063;AWS-0067;AWS-0077;AWS-0078;AWS-0079;AWS-0080;AWS-0123;AWS-0133;AWS-0140;AWS-0141;AWS-0143;AWS-0176;AWS-0177;AWS-0180;AWS-0190;AWS-0342;AWS-0343;AWS-0345;AWS-0346;AWS-0001;AWS-0066,
83,20260816_214736_ba26cf1e,False,28,27,1,1,1,0,9,9,0,13,13,0,5,4,1,0,0,0,AWS-0019;AWS-0030;AWS-0031;AWS-0032;AWS-0056;AWS-0058;AWS-0059;AWS-0060;AWS-0061;AWS-0062;AWS-0063;AWS-0077;AWS-0078;AWS-0079;AWS-0080;AWS-0123;AWS-0133;AWS-0140;AWS-0141;AWS-0143;AWS-0176;AWS-0177;AWS-0180;AWS-0342;AWS-0343;AWS-0345;AWS-0346,AWS-0033,AWS-0019;AWS-0030;AWS-0031;AWS-0032;AWS-0056;AWS-0058;AWS-0059;AWS-0060;AWS-0061;AWS-0062;AWS-0063;AWS-0077;AWS-0078;AWS-0079;AWS-0080;AWS-0123;AWS-0133;AWS-0140;AWS-0141;AWS-0143;AWS-0176;AWS-0177;AWS-0180;AWS-0342;AWS-0343;AWS-0345;AWS-0346;AWS-0033,
84,20260819_220310_52f069e8,False,50,47,3,7,7,0,18,18,0,15,14,1,10,8,2,0,0,0,AWS-0008;AWS-0009;AWS-0017;AWS-0019;AWS-0026;AWS-0027;AWS-0028;AWS-0029;AWS-0047;AWS-0052;AWS-0053;AWS-0054;AWS-0056;AWS-0058;AWS-0059;AWS-0060;AWS-0061;AWS-0062;AWS-0063;AWS-0077;AWS-0078;AWS-0079;AWS-0080;AWS-0099;AWS-0101;AWS-0102;AWS-0104;AWS-0105;AWS-0107;AWS-0122;AWS-0123;AWS-0129;AWS-0130;AWS-0131;AWS-0133;AWS-0140;AWS-0141;AWS-0143;AWS-0164;AWS-0176;AWS-0177;AWS-0180;AWS-0342;AWS-0343;AWS-0344;AWS-0345;AWS-0346,AWS-0124;AWS-0178,AWS-0008;AWS-0009;AWS-0017;AWS-0019;AWS-0026;AWS-0027;AWS-0028;AWS-0029;AWS-0047;AWS-0052;AWS-0053;AWS-0054;AWS-0056;AWS-0058;AWS-0059;AWS-0060;AWS-0061;AWS-0062;AWS-0063;AWS-0077;AWS-0078;AWS-0079;AWS-0080;AWS-0099;AWS-0101;AWS-0102;AWS-0104;AWS-0105;AWS-0107;AWS-0122;AWS-0123;AWS-0129;AWS-0130;AWS-0131;AWS-0133;AWS-0140;AWS-0141;AWS-0143;AWS-0164;AWS-0176;AWS-0177;AWS-0180;AWS-0342;AWS-0343;AWS-0344;AWS-0345;AWS-0346;AWS-0124;AWS-0178,
85,20260816_162527_fdb11126,False,34,32,2,1,1,0,12,12,0,15,14,1,6,5,1,0,0,0,AWS-0019;AWS-0056;AWS-0058;AWS-0059;AWS-0060;AWS-0061;AWS-0062;AWS-0063;AWS-0077;AWS-0078;AWS-0079;AWS-0080;AWS-0086;AWS-0087;AWS-0091;AWS-0092;AWS-0093;AWS-0094;AWS-0123;AWS-0132;AWS-0133;AWS-0140;AWS-0141;AWS-0143;AWS-0176;AWS-0177;AWS-0180;AWS-0320;AWS-0342;AWS-0343;AWS-0345;AWS-0346,AWS-0089;AWS-0090,AWS-0019;AWS-0056;AWS-0058;AWS-0059;AWS-0060;AWS-0061;AWS-0062;AWS-0063;AWS-0077;AWS-0078;AWS-0079;AWS-0080;AWS-0086;AWS-0087;AWS-0091;AWS-0092;AWS-0093;AWS-0094;AWS-0123;AWS-0132;AWS-0133;AWS-0140;AWS-0141;AWS-0143;AWS-0176;AWS-0177;AWS-0180;AWS-0320;AWS-0342;AWS-0343;AWS-0345;AWS-0346;AWS-0089;AWS-0090,
86,20260816_162914_189c4488,True,24,24,0,1,1,0,6,6,0,13,13,0,4,4,0,0,0,0,AWS-0019;AWS-0056;AWS-0058;AWS-0059;AWS-0060;AWS-0061;AWS-0062;AWS-0063;AWS-0077;AWS-0078;AWS-0079;AWS-0080;AWS-0123;AWS-0133;AWS-0140;AWS-0141;AWS-0143;AWS-0176;AWS-0177;AWS-0180;AWS-0342;AWS-0343;AWS-0345;AWS-0346,,AWS-0019;AWS-0056;AWS-0058;AWS-0059;AWS-0060;AWS-0061;AWS-0062;AWS-0063;AWS-0077;AWS-0078;AWS-0079;AWS-0080;AWS-0123;AWS-0133;AWS-0140;AWS-0141;AWS-0143;AWS-0176;AWS-0177;AWS-0180;AWS-0342;AWS-0343;AWS-0345;AWS-0346,
87,20260816_163221_6de36f36,True,24,24,0,1,1,0,6,6,0,13,13,0,4,4,0,0,0,0,AWS-0019;AWS-0056;AWS-0058;AWS-0059;AWS-0060;AWS-0061;AWS-0062;AWS-0063;AWS-0077;AWS-0078;AWS-0079;AWS-0080;AWS-0123;AWS-0133;AWS-0140;AWS-0141;AWS-0143;AWS-0176;AWS-0177;AWS-0180;AWS-0342;AWS-0343;AWS-0345;AWS-0346,,AWS-0019;AWS-0056;AWS-0058;AWS-0059;AWS-0060;AWS-0061;AWS-0062;AWS-0063;AWS-0077;AWS-0078;AWS-0079;AWS-0080;AWS-0123;AWS-0133;AWS-0140;AWS-0141;AWS-0143;AWS-0176;AWS-0177;AWS-0180;AWS-0342;AWS-0343;AWS-0345;AWS-0346,
88,20260816_163326_ae73bb0e,False,52,46,6,7,7,0,17,17,0,20,14,6,8,8,0,0,0,0,AWS-0008;AWS-0009;AWS-0019;AWS-0026;AWS-0027;AWS-0028;AWS-0029;AWS-0039;AWS-0040;AWS-0041;AWS-0056;AWS-0058;AWS-0059;AWS-0060;AWS-0061;AWS-0062;AWS-0063;AWS-0077;AWS-0078;AWS-0079;AWS-0080;AWS-0099;AWS-0101;AWS-0102;AWS-0104;AWS-0105;AWS-0107;AWS-0122;AWS-0123;AWS-0124;AWS-0129;AWS-0130;AWS-0131;AWS-0133;AWS-0140;AWS-0141;AWS-0143;AWS-0164;AWS-0176;AWS-0177;AWS-0180;AWS-0342;AWS-0343;AWS-0344;AWS-0345;AWS-0346,AWS-0038;AWS-0178,AWS-0008;AWS-0009;AWS-0019;AWS-0026;AWS-0027;AWS-0028;AWS-0029;AWS-0039;AWS-0040;AWS-0041;AWS-0056;AWS-0058;AWS-0059;AWS-0060;AWS-0061;AWS-0062;AWS-0063;AWS-0077;AWS-0078;AWS-0079;AWS-0080;AWS-0099;AWS-0101;AWS-0102;AWS-0104;AWS-0105;AWS-0107;AWS-0122;AWS-0123;AWS-0124;AWS-0129;AWS-0130;AWS-0131;AWS-0133;AWS-0140;AWS-0141;AWS-0143;AWS-0164;AWS-0176;AWS-0177;AWS-0180;AWS-0342;AWS-0343;AWS-0344;AWS-0345;AWS-0346;AWS-0038;AWS-0178,
89,20260816_164111_6cf0eb81,True,24,24,0,1,1,0,6,6,0,13,13,0,4,4,0,0,0,0,AWS-0019;AWS-0056;AWS-0058;AWS-0059;AWS-0060;AWS-0061;AWS-0062;AWS-0063;AWS-0077;AWS-0078;AWS-0079;AWS-0080;AWS-0123;AWS-0133;AWS-0140;AWS-0141;AWS-0143;AWS-0176;AWS-0177;AWS-0180;AWS-0342;AWS-0343;AWS-0345;AWS-0346,,AWS-0019;AWS-0056;AWS-0058;AWS-0059;AWS-0060;AWS-0061;AWS-0062;AWS-0063;AWS-0077;AWS-0078;AWS-0079;AWS-0080;AWS-0123;AWS-0133;AWS-0140;AWS-0141;AWS-0143;AWS-0176;AWS-0177;AWS-0180;AWS-0342;AWS-0343;AWS-0345;AWS-0346,
90,20260816_164459_054f10e8,True,24,24,0,1,1,0,6,6,0,13,13,0,4,4,0,0,0,0,AWS-0019;AWS-0056;AWS-0058;AWS-0059;AWS-0060;AWS-0061;AWS-0062;AWS-0063;AWS-0077;AWS-0078;AWS-0079;AWS-0080;AWS-0123;AWS-0133;AWS-0140;AWS-0141;AWS-0143;AWS-0176;AWS-0177;AWS-0180;AWS-0342;AWS-0343;AWS-0345;AWS-0346,,AWS-0019;AWS-0056;AWS-0058;AWS-0059;AWS-0060;AWS-0061;AWS-0062;AWS-0063;AWS-0077;AWS-0078;AWS-0079;AWS-0080;AWS-0123;AWS-0133;AWS-0140;AWS-0141;AWS-0143;AWS-0176;AWS-0177;AWS-0180;AWS-0342;AWS-0343;AWS-0345;AWS-0346,
91,20260829_221830_1c4dcb75,False,57,48,9,8,8,0,19,19,0,15,14,1,15,7,8,0,0,0,AWS-0008;AWS-0009;AWS-0019;AWS-0026;AWS-0027;AWS-0028;AWS-0029;AWS-0035;AWS-0036;AWS-0047;AWS-0052;AWS-0053;AWS-0054;AWS-0056;AWS-0058;AWS-0059;AWS-0060;AWS-0061;AWS-0062;AWS-0063;AWS-0077;AWS-0078;AWS-0079;AWS-0080;AWS-0099;AWS-0101;AWS-0102;AWS-0104;AWS-0105;AWS-0107;AWS-0122;AWS-0123;AWS-0129;AWS-0130;AWS-0131;AWS-0133;AWS-0140;AWS-0141;AWS-0143;AWS-0164;AWS-0176;AWS-0177;AWS-0180;AWS-0342;AWS-0343;AWS-0344;AWS-0345;AWS-0346,AWS-0017;AWS-0034;AWS-0124;AWS-0178,AWS-0008;AWS-0009;AWS-0019;AWS-0026;AWS-0027;AWS-0028;AWS-0029;AWS-0035;AWS-0036;AWS-0047;AWS-0052;AWS-0053;AWS-0054;AWS-0056;AWS-0058;AWS-0059;AWS-0060;AWS-0061;AWS-0062;AWS-0063;AWS-0077;AWS-0078;AWS-0079;AWS-0080;AWS-0099;AWS-0101;AWS-0102;AWS-0104;AWS-0105;AWS-0107;AWS-0122;AWS-0123;AWS-0129;AWS-0130;AWS-0131;AWS-0133;AWS-0140;AWS-0141;AWS-0143;AWS-0164;AWS-0176;AWS-0177;AWS-0180;AWS-0342;AWS-0343;AWS-0344;AWS-0345;AWS-0346;AWS-0017;AWS-0034;AWS-0124;AWS-0178,
92,20260816_170424_7e7fde82,True,24,24,0,1,1,0,6,6,0,13,13,0,4,4,0,0,0,0,AWS-0019;AWS-0056;AWS-0058;AWS-0059;AWS-0060;AWS-0061;AWS-0062;AWS-0063;AWS-0077;AWS-0078;AWS-0079;AWS-0080;AWS-0123;AWS-0133;AWS-0140;AWS-0141;AWS-0143;AWS-0176;AWS-0177;AWS-0180;AWS-0342;AWS-0343;AWS-0345;AWS-0346,,AWS-0019;AWS-0056;AWS-0058;AWS-0059;AWS-0060;AWS-0061;AWS-0062;AWS-0063;AWS-0077;AWS-0078;AWS-0079;AWS-0080;AWS-0123;AWS-0133;AWS-0140;AWS-0141;AWS-0143;AWS-0176;AWS-0177;AWS-0180;AWS-0342;AWS-0343;AWS-0345;AWS-0346,
93,20260816_170708_e4a2ac94,False,49,44,5,6,6,0,17,17,0,15,14,1,11,7,4,0,0,0,AWS-0008;AWS-0009;AWS-0019;AWS-0026;AWS-0027;AWS-0028;AWS-0029;AWS-0035;AWS-0036;AWS-0056;AWS-0058;AWS-0059;AWS-0060;AWS-0061;AWS-0062;AWS-0063;AWS-0077;AWS-0078;AWS-0079;AWS-0080;AWS-0099;AWS-0101;AWS-0102;AWS-0104;AWS-0105;AWS-0107;AWS-0122;AWS-0123;AWS-0129;AWS-0130;AWS-0131;AWS-0133;AWS-0140;AWS-0141;AWS-0143;AWS-0164;AWS-0176;AWS-0177;AWS-0180;AWS-0342;AWS-0343;AWS-0344;AWS-0345;AWS-0346,AWS-0017;AWS-0034;AWS-0124;AWS-0178,AWS-0008;AWS-0009;AWS-0019;AWS-0026;AWS-0027;AWS-0028;AWS-0029;AWS-0035;AWS-0036;AWS-0056;AWS-0058;AWS-0059;AWS-0060;AWS-0061;AWS-0062;AWS-0063;AWS-0077;AWS-0078;AWS-0079;AWS-0080;AWS-0099;AWS-0101;AWS-0102;AWS-0104;AWS-0105;AWS-0107;AWS-0122;AWS-0123;AWS-0129;AWS-0130;AWS-0131;AWS-0133;AWS-0140;AWS-0141;AWS-0143;AWS-0164;AWS-0176;AWS-0177;AWS-0180;AWS-0342;AWS-0343;AWS-0344;AWS-0345;AWS-0346;AWS-0017;AWS-0034;AWS-0124;AWS-0178,
94,20260816_171052_24469ea9,True,25,25,0,1,1,0,6,6,0,13,13,0,5,5,0,0,0,0,AWS-0017;AWS-0019;AWS-0056;AWS-0058;AWS-0059;AWS-0060;AWS-0061;AWS-0062;AWS-0063;AWS-0077;AWS-0078;AWS-0079;AWS-0080;AWS-0123;AWS-0133;AWS-0140;AWS-0141;AWS-0143;AWS-0176;AWS-0177;AWS-0180;AWS-0342;AWS-0343;AWS-0345;AWS-0346,,AWS-0017;AWS-0019;AWS-0056;AWS-0058;AWS-0059;AWS-0060;AWS-0061;AWS-0062;AWS-0063;AWS-0077;AWS-0078;AWS-0079;AWS-0080;AWS-0123;AWS-0133;AWS-0140;AWS-0141;AWS-0143;AWS-0176;AWS-0177;AWS-0180;AWS-0342;AWS-0343;AWS-0345;AWS-0346,
95,20260819_222701_e07e7654,False,49,44,5,6,6,0,17,17,0,15,14,1,11,7,4,0,0,0,AWS-0008;AWS-0009;AWS-0019;AWS-0026;AWS-0027;AWS-0028;AWS-0029;AWS-0035;AWS-0036;AWS-0056;AWS-0058;AWS-0059;AWS-0060;AWS-0061;AWS-0062;AWS-0063;AWS-0077;AWS-0078;AWS-0079;AWS-0080;AWS-0099;AWS-0101;AWS-0102;AWS-0104;AWS-0105;AWS-0107;AWS-0122;AWS-0123;AWS-0129;AWS-0130;AWS-0131;AWS-0133;AWS-0140;AWS-0141;AWS-0143;AWS-0164;AWS-0176;AWS-0177;AWS-0180;AWS-0342;AWS-0343;AWS-0344;AWS-0345;AWS-0346,AWS-0017;AWS-0034;AWS-0098;AWS-0124;AWS-0178,AWS-0008;AWS-0009;AWS-0019;AWS-0026;AWS-0027;AWS-0028;AWS-0029;AWS-0035;AWS-0036;AWS-0056;AWS-0058;AWS-0059;AWS-0060;AWS-0061;AWS-0062;AWS-0063;AWS-0077;AWS-0078;AWS-0079;AWS-0080;AWS-0099;AWS-0101;AWS-0102;AWS-0104;AWS-0105;AWS-0107;AWS-0122;AWS-0123;AWS-0129;AWS-0130;AWS-0131;AWS-0133;AWS-0140;AWS-0141;AWS-0143;AWS-0164;AWS-0176;AWS-0177;AWS-0180;AWS-0342;AWS-0343;AWS-0344;AWS-0345;AWS-0346;AWS-0017;AWS-0034;AWS-0098;AWS-0124;AWS-0178,
96,20260829_224730_8b017c6e,False,42,40,2,2,2,0,15,15,0,16,15,1,9,8,1,0,0,0,AWS-0014;AWS-0016;AWS-0017;AWS-0019;AWS-0056;AWS-0058;AWS-0059;AWS-0060;AWS-0061;AWS-0062;AWS-0063;AWS-0077;AWS-0078;AWS-0079;AWS-0080;AWS-0086;AWS-0087;AWS-0091;AWS-0092;AWS-0093;AWS-0094;AWS-0095;AWS-0123;AWS-0132;AWS-0133;AWS-0136;AWS-0140;AWS-0141;AWS-0143;AWS-0161;AWS-0162;AWS-0163;AWS-0176;AWS-0177;AWS-0180;AWS-0320;AWS-0342;AWS-0343;AWS-0345;AWS-0346,AWS-0089;AWS-0090,AWS-0014;AWS-0016;AWS-0017;AWS-0019;AWS-0056;AWS-0058;AWS-0059;AWS-0060;AWS-0061;AWS-0062;AWS-0063;AWS-0077;AWS-0078;AWS-0079;AWS-0080;AWS-0086;AWS-0087;AWS-0091;AWS-0092;AWS-0093;AWS-0094;AWS-0095;AWS-0123;AWS-0132;AWS-0133;AWS-0136;AWS-0140;AWS-0141;AWS-0143;AWS-0161;AWS-0162;AWS-0163;AWS-0176;AWS-0177;AWS-0180;AWS-0320;AWS-0342;AWS-0343;AWS-0345;AWS-0346;AWS-0089;AWS-0090,
97,20260816_173524_4beed8a1,False,46,44,2,5,5,0,16,16,0,15,15,0,10,8,2,0,0,0,AWS-0008;AWS-0009;AWS-0017;AWS-0019;AWS-0026;AWS-0027;AWS-0028;AWS-0029;AWS-0056;AWS-0058;AWS-0059;AWS-0060;AWS-0061;AWS-0062;AWS-0063;AWS-0077;AWS-0078;AWS-0079;AWS-0080;AWS-0099;AWS-0101;AWS-0102;AWS-0104;AWS-0105;AWS-0107;AWS-0122;AWS-0123;AWS-0129;AWS-0130;AWS-0131;AWS-0133;AWS-0140;AWS-0141;AWS-0143;AWS-0164;AWS-0176;AWS-0177;AWS-0178;AWS-0180;AWS-0342;AWS-0343;AWS-0344;AWS-0345;AWS-0346,AWS-0124,AWS-0008;AWS-0009;AWS-0017;AWS-0019;AWS-0026;AWS-0027;AWS-0028;AWS-0029;AWS-0056;AWS-0058;AWS-0059;AWS-0060;AWS-0061;AWS-0062;AWS-0063;AWS-0077;AWS-0078;AWS-0079;AWS-0080;AWS-0099;AWS-0101;AWS-0102;AWS-0104;AWS-0105;AWS-0107;AWS-0122;AWS-0123;AWS-0129;AWS-0130;AWS-0131;AWS-0133;AWS-0140;AWS-0141;AWS-0143;AWS-0164;AWS-0176;AWS-0177;AWS-0178;AWS-0180;AWS-0342;AWS-0343;AWS-0344;AWS-0345;AWS-0346;AWS-0124,
98,20260816_174040_286a6c26,False,34,32,2,1,1,0,12,12,0,15,14,1,6,5,1,0,0,0,AWS-0019;AWS-0056;AWS-0058;AWS-0059;AWS-0060;AWS-0061;AWS-0062;AWS-0063;AWS-0077;AWS-0078;AWS-0079;AWS-0080;AWS-0086;AWS-0087;AWS-0091;AWS-0092;AWS-0093;AWS-0094;AWS-0123;AWS-0132;AWS-0133;AWS-0140;AWS-0141;AWS-0143;AWS-0176;AWS-0177;AWS-0180;AWS-0320;AWS-0342;AWS-0343;AWS-0345;AWS-0346,AWS-0089;AWS-0090,AWS-0019;AWS-0056;AWS-0058;AWS-0059;AWS-0060;AWS-0061;AWS-0062;AWS-0063;AWS-0077;AWS-0078;AWS-0079;AWS-0080;AWS-0086;AWS-0087;AWS-0091;AWS-0092;AWS-0093;AWS-0094;AWS-0123;AWS-0132;AWS-0133;AWS-0140;AWS-0141;AWS-0143;AWS-0176;AWS-0177;AWS-0180;AWS-0320;AWS-0342;AWS-0343;AWS-0345;AWS-0346;AWS-0089;AWS-0090,
99,20260816_174656_20bd6fdd,False,28,26,2,2,2,0,6,6,0,13,13,0,7,5,2,0,0,0,AWS-0019;AWS-0056;AWS-0058;AWS-0059;AWS-0060;AWS-0061;AWS-0062;AWS-0063;AWS-0066;AWS-0067;AWS-0077;AWS-0078;AWS-0079;AWS-0080;AWS-0123;AWS-0133;AWS-0140;AWS-0141;AWS-0143;AWS-0176;AWS-0177;AWS-0180;AWS-0342;AWS-0343;AWS-0345;AWS-0346,AWS-0098,AWS-0019;AWS-0056;AWS-0058;AWS-0059;AWS-0060;AWS-0061;AWS-0062;AWS-0063;AWS-0066;AWS-0067;AWS-0077;AWS-0078;AWS-0079;AWS-0080;AWS-0123;AWS-0133;AWS-0140;AWS-0141;AWS-0143;AWS-0176;AWS-0177;AWS-0180;AWS-0342;AWS-0343;AWS-0345;AWS-0346;AWS-0098,
100,20260816_175049_0bf86a2c,False,58,48,10,8,8,0,19,19,0,15,14,1,16,7,9,0,0,0,AWS-0008;AWS-0009;AWS-0019;AWS-0026;AWS-0027;AWS-0028;AWS-0029;AWS-0035;AWS-0036;AWS-0047;AWS-0052;AWS-0053;AWS-0054;AWS-0056;AWS-0058;AWS-0059;AWS-0060;AWS-0061;AWS-0062;AWS-0063;AWS-0077;AWS-0078;AWS-0079;AWS-0080;AWS-0099;AWS-0101;AWS-0102;AWS-0104;AWS-0105;AWS-0107;AWS-0122;AWS-0123;AWS-0129;AWS-0130;AWS-0131;AWS-0133;AWS-0140;AWS-0141;AWS-0143;AWS-0164;AWS-0176;AWS-0177;AWS-0180;AWS-0342;AWS-0343;AWS-0344;AWS-0345;AWS-0346,AWS-0017;AWS-0034;AWS-0124;AWS-0178,AWS-0008;AWS-0009;AWS-0019;AWS-0026;AWS-0027;AWS-0028;AWS-0029;AWS-0035;AWS-0036;AWS-0047;AWS-0052;AWS-0053;AWS-0054;AWS-0056;AWS-0058;AWS-0059;AWS-0060;AWS-0061;AWS-0062;AWS-0063;AWS-0077;AWS-0078;AWS-0079;AWS-0080;AWS-0099;AWS-0101;AWS-0102;AWS-0104;AWS-0105;AWS-0107;AWS-0122;AWS-0123;AWS-0129;AWS-0130;AWS-0131;AWS-0133;AWS-0140;AWS-0141;AWS-0143;AWS-0164;AWS-0176;AWS-0177;AWS-0180;AWS-0342;AWS-0343;AWS-0344;AWS-0345;AWS-0346;AWS-0017;AWS-0034;AWS-0124;AWS-0178,
101,20260819_224807_e7417105,False,44,42,2,5,5,0,16,16,0,15,13,2,8,8,0,0,0,0,AWS-0008;AWS-0009;AWS-0019;AWS-0026;AWS-0027;AWS-0028;AWS-0029;AWS-0056;AWS-0058;AWS-0059;AWS-0060;AWS-0061;AWS-0062;AWS-0063;AWS-0077;AWS-0078;AWS-0079;AWS-0080;AWS-0099;AWS-0101;AWS-0102;AWS-0104;AWS-0107;AWS-0122;AWS-0123;AWS-0124;AWS-0129;AWS-0130;AWS-0131;AWS-0133;AWS-0140;AWS-0141;AWS-0143;AWS-0164;AWS-0176;AWS-0177;AWS-0180;AWS-0342;AWS-0343;AWS-0344;AWS-0345;AWS-0346,AWS-0105;AWS-0178,AWS-0008;AWS-0009;AWS-0019;AWS-0026;AWS-0027;AWS-0028;AWS-0029;AWS-0056;AWS-0058;AWS-0059;AWS-0060;AWS-0061;AWS-0062;AWS-0063;AWS-0077;AWS-0078;AWS-0079;AWS-0080;AWS-0099;AWS-0101;AWS-0102;AWS-0104;AWS-0107;AWS-0122;AWS-0123;AWS-0124;AWS-0129;AWS-0130;AWS-0131;AWS-0133;AWS-0140;AWS-0141;AWS-0143;AWS-0164;AWS-0176;AWS-0177;AWS-0180;AWS-0342;AWS-0343;AWS-0344;AWS-0345;AWS-0346;AWS-0105;AWS-0178,
102,20260816_175903_975eac20,False,54,51,3,5,5,0,22,22,0,17,16,1,10,8,2,0,0,0,AWS-0008;AWS-0009;AWS-0019;AWS-0026;AWS-0027;AWS-0028;AWS-0029;AWS-0056;AWS-0058;AWS-0059;AWS-0060;AWS-0061;AWS-0062;AWS-0063;AWS-0077;AWS-0078;AWS-0079;AWS-0080;AWS-0086;AWS-0087;AWS-0090;AWS-0091;AWS-0092;AWS-0093;AWS-0094;AWS-0099;AWS-0101;AWS-0102;AWS-0104;AWS-0105;AWS-0107;AWS-0122;AWS-0123;AWS-0129;AWS-0130;AWS-0131;AWS-0132;AWS-0133;AWS-0140;AWS-0141;AWS-0143;AWS-0164;AWS-0176;AWS-0177;AWS-0180;AWS-0320;AWS-0342;AWS-0343;AWS-0344;AWS-0345;AWS-0346,AWS-0089;AWS-0124;AWS-0178,AWS-0008;AWS-0009;AWS-0019;AWS-0026;AWS-0027;AWS-0028;AWS-0029;AWS-0056;AWS-0058;AWS-0059;AWS-0060;AWS-0061;AWS-0062;AWS-0063;AWS-0077;AWS-0078;AWS-0079;AWS-0080;AWS-0086;AWS-0087;AWS-0090;AWS-0091;AWS-0092;AWS-0093;AWS-0094;AWS-0099;AWS-0101;AWS-0102;AWS-0104;AWS-0105;AWS-0107;AWS-0122;AWS-0123;AWS-0129;AWS-0130;AWS-0131;AWS-0132;AWS-0133;AWS-0140;AWS-0141;AWS-0143;AWS-0164;AWS-0176;AWS-0177;AWS-0180;AWS-0320;AWS-0342;AWS-0343;AWS-0344;AWS-0345;AWS-0346;AWS-0089;AWS-0124;AWS-0178,
103,20260819_225424_5c36b5b9,False,45,41,4,5,5,0,16,16,0,15,13,2,9,7,2,0,0,0,AWS-0008;AWS-0009;AWS-0019;AWS-0026;AWS-0027;AWS-0028;AWS-0029;AWS-0056;AWS-0058;AWS-0059;AWS-0060;AWS-0061;AWS-0062;AWS-0063;AWS-0077;AWS-0078;AWS-0079;AWS-0080;AWS-0099;AWS-0101;AWS-0102;AWS-0104;AWS-0107;AWS-0122;AWS-0123;AWS-0129;AWS-0130;AWS-0131;AWS-0133;AWS-0140;AWS-0141;AWS-0143;AWS-0164;AWS-0176;AWS-0177;AWS-0180;AWS-0342;AWS-0343;AWS-0344;AWS-0345;AWS-0346,AWS-0105;AWS-0124;AWS-0178,AWS-0008;AWS-0009;AWS-0019;AWS-0026;AWS-0027;AWS-0028;AWS-0029;AWS-0056;AWS-0058;AWS-0059;AWS-0060;AWS-0061;AWS-0062;AWS-0063;AWS-0077;AWS-0078;AWS-0079;AWS-0080;AWS-0099;AWS-0101;AWS-0102;AWS-0104;AWS-0107;AWS-0122;AWS-0123;AWS-0129;AWS-0130;AWS-0131;AWS-0133;AWS-0140;AWS-0141;AWS-0143;AWS-0164;AWS-0176;AWS-0177;AWS-0180;AWS-0342;AWS-0343;AWS-0344;AWS-0345;AWS-0346;AWS-0105;AWS-0124;AWS-0178,
104,20260816_181203_4a646ad0,True,24,24,0,1,1,0,6,6,0,13,13,0,4,4,0,0,0,0,AWS-0019;AWS-0056;AWS-0058;AWS-0059;AWS-0060;AWS-0061;AWS-0062;AWS-0063;AWS-0077;AWS-0078;AWS-0079;AWS-0080;AWS-0123;AWS-0133;AWS-0140;AWS-0141;AWS-0143;AWS-0176;AWS-0177;AWS-0180;AWS-0342;AWS-0343;AWS-0345;AWS-0346,,AWS-0019;AWS-0056;AWS-0058;AWS-0059;AWS-0060;AWS-0061;AWS-0062;AWS-0063;AWS-0077;AWS-0078;AWS-0079;AWS-0080;AWS-0123;AWS-0133;AWS-0140;AWS-0141;AWS-0143;AWS-0176;AWS-0177;AWS-0180;AWS-0342;AWS-0343;AWS-0345;AWS-0346,
105,20260829_225843_7c6ff890,True,24,24,0,1,1,0,6,6,0,13,13,0,4,4,0,0,0,0,AWS-0019;AWS-0056;AWS-0058;AWS-0059;AWS-0060;AWS-0061;AWS-0062;AWS-0063;AWS-0077;AWS-0078;AWS-0079;AWS-0080;AWS-0123;AWS-0133;AWS-0140;AWS-0141;AWS-0143;AWS-0176;AWS-0177;AWS-0180;AWS-0342;AWS-0343;AWS-0345;AWS-0346,,AWS-0019;AWS-0056;AWS-0058;AWS-0059;AWS-0060;AWS-0061;AWS-0062;AWS-0063;AWS-0077;AWS-0078;AWS-0079;AWS-0080;AWS-0123;AWS-0133;AWS-0140;AWS-0141;AWS-0143;AWS-0176;AWS-0177;AWS-0180;AWS-0342;AWS-0343;AWS-0345;AWS-0346,
106,20260816_184431_c93d57b9,False,25,24,1,1,1,0,6,6,0,13,13,0,5,4,1,0,0,0,AWS-0019;AWS-0056;AWS-0058;AWS-0059;AWS-0060;AWS-0061;AWS-0062;AWS-0063;AWS-0077;AWS-0078;AWS-0079;AWS-0080;AWS-0123;AWS-0133;AWS-0140;AWS-0141;AWS-0143;AWS-0176;AWS-0177;AWS-0180;AWS-0342;AWS-0343;AWS-0345;AWS-0346,AWS-0017,AWS-0019;AWS-0056;AWS-0058;AWS-0059;AWS-0060;AWS-0061;AWS-0062;AWS-0063;AWS-0077;AWS-0078;AWS-0079;AWS-0080;AWS-0123;AWS-0133;AWS-0140;AWS-0141;AWS-0143;AWS-0176;AWS-0177;AWS-0180;AWS-0342;AWS-0343;AWS-0345;AWS-0346;AWS-0017,
107,20260816_184600_246b2554,True,27,27,0,1,1,0,9,9,0,13,13,0,4,4,0,0,0,0,AWS-0019;AWS-0056;AWS-0058;AWS-0059;AWS-0060;AWS-0061;AWS-0062;AWS-0063;AWS-0077;AWS-0078;AWS-0079;AWS-0080;AWS-0096;AWS-0097;AWS-0123;AWS-0133;AWS-0135;AWS-0140;AWS-0141;AWS-0143;AWS-0176;AWS-0177;AWS-0180;AWS-0342;AWS-0343;AWS-0345;AWS-0346,,AWS-0019;AWS-0056;AWS-0058;AWS-0059;AWS-0060;AWS-0061;AWS-0062;AWS-0063;AWS-0077;AWS-0078;AWS-0079;AWS-0080;AWS-0096;AWS-0097;AWS-0123;AWS-0133;AWS-0135;AWS-0140;AWS-0141;AWS-0143;AWS-0176;AWS-0177;AWS-0180;AWS-0342;AWS-0343;AWS-0345;AWS-0346,
108,20260816_184842_ad4641e5,False,34,32,2,1,1,0,12,12,0,15,14,1,6,5,1,0,0,0,AWS-0019;AWS-0056;AWS-0058;AWS-0059;AWS-0060;AWS-0061;AWS-0062;AWS-0063;AWS-0077;AWS-0078;AWS-0079;AWS-0080;AWS-0086;AWS-0087;AWS-0091;AWS-0092;AWS-0093;AWS-0094;AWS-0123;AWS-0132;AWS-0133;AWS-0140;AWS-0141;AWS-0143;AWS-0176;AWS-0177;AWS-0180;AWS-0320;AWS-0342;AWS-0343;AWS-0345;AWS-0346,AWS-0089;AWS-0090,AWS-0019;AWS-0056;AWS-0058;AWS-0059;AWS-0060;AWS-0061;AWS-0062;AWS-0063;AWS-0077;AWS-0078;AWS-0079;AWS-0080;AWS-0086;AWS-0087;AWS-0091;AWS-0092;AWS-0093;AWS-0094;AWS-0123;AWS-0132;AWS-0133;AWS-0140;AWS-0141;AWS-0143;AWS-0176;AWS-0177;AWS-0180;AWS-0320;AWS-0342;AWS-0343;AWS-0345;AWS-0346;AWS-0089;AWS-0090,
109,20260819_232437_68f9f42d,False,51,42,9,5,5,0,16,16,0,15,14,1,15,7,8,0,0,0,AWS-0008;AWS-0009;AWS-0019;AWS-0026;AWS-0027;AWS-0028;AWS-0029;AWS-0056;AWS-0058;AWS-0059;AWS-0060;AWS-0061;AWS-0062;AWS-0063;AWS-0077;AWS-0078;AWS-0079;AWS-0080;AWS-0099;AWS-0101;AWS-0102;AWS-0104;AWS-0105;AWS-0107;AWS-0122;AWS-0123;AWS-0129;AWS-0130;AWS-0131;AWS-0133;AWS-0140;AWS-0141;AWS-0143;AWS-0164;AWS-0176;AWS-0177;AWS-0180;AWS-0342;AWS-0343;AWS-0344;AWS-0345;AWS-0346,AWS-0124;AWS-0178,AWS-0008;AWS-0009;AWS-0019;AWS-0026;AWS-0027;AWS-0028;AWS-0029;AWS-0056;AWS-0058;AWS-0059;AWS-0060;AWS-0061;AWS-0062;AWS-0063;AWS-0077;AWS-0078;AWS-0079;AWS-0080;AWS-0099;AWS-0101;AWS-0102;AWS-0104;AWS-0105;AWS-0107;AWS-0122;AWS-0123;AWS-0129;AWS-0130;AWS-0131;AWS-0133;AWS-0140;AWS-0141;AWS-0143;AWS-0164;AWS-0176;AWS-0177;AWS-0180;AWS-0342;AWS-0343;AWS-0344;AWS-0345;AWS-0346;AWS-0124;AWS-0178,
110,20260819_232724_c101930d,False,39,34,5,2,2,0,13,13,0,16,14,2,8,5,3,0,0,0,AWS-0019;AWS-0056;AWS-0058;AWS-0059;AWS-0060;AWS-0061;AWS-0062;AWS-0063;AWS-0064;AWS-0067;AWS-0077;AWS-0078;AWS-0079;AWS-0080;AWS-0086;AWS-0087;AWS-0091;AWS-0092;AWS-0093;AWS-0094;AWS-0123;AWS-0132;AWS-0133;AWS-0140;AWS-0141;AWS-0143;AWS-0176;AWS-0177;AWS-0180;AWS-0320;AWS-0342;AWS-0343;AWS-0345;AWS-0346,AWS-0066;AWS-0089;AWS-0090,AWS-0019;AWS-0056;AWS-0058;AWS-0059;AWS-0060;AWS-0061;AWS-0062;AWS-0063;AWS-0064;AWS-0067;AWS-0077;AWS-0078;AWS-0079;AWS-0080;AWS-0086;AWS-0087;AWS-0091;AWS-0092;AWS-0093;AWS-0094;AWS-0123;AWS-0132;AWS-0133;AWS-0140;AWS-0141;AWS-0143;AWS-0176;AWS-0177;AWS-0180;AWS-0320;AWS-0342;AWS-0343;AWS-0345;AWS-0346;AWS-0066;AWS-0089;AWS-0090,
111,20260819_233715_6f5855e7,False,30,28,2,1,1,0,7,7,0,15,14,1,7,6,1,0,0,0,AWS-0002;AWS-0004;AWS-0005;AWS-0019;AWS-0056;AWS-0058;AWS-0059;AWS-0060;AWS-0061;AWS-0062;AWS-0063;AWS-0077;AWS-0078;AWS-0079;AWS-0080;AWS-0123;AWS-0133;AWS-0140;AWS-0141;AWS-0143;AWS-0176;AWS-0177;AWS-0180;AWS-0190;AWS-0342;AWS-0343;AWS-0345;AWS-0346,AWS-0001;AWS-0003,AWS-0002;AWS-0004;AWS-0005;AWS-0019;AWS-0056;AWS-0058;AWS-0059;AWS-0060;AWS-0061;AWS-0062;AWS-0063;AWS-0077;AWS-0078;AWS-0079;AWS-0080;AWS-0123;AWS-0133;AWS-0140;AWS-0141;AWS-0143;AWS-0176;AWS-0177;AWS-0180;AWS-0190;AWS-0342;AWS-0343;AWS-0345;AWS-0346;AWS-0001;AWS-0003,
112,20260819_234043_e9244285,False,45,29,16,2,2,0,8,8,0,16,14,2,19,5,14,0,0,0,AWS-0002;AWS-0005;AWS-0019;AWS-0023;AWS-0056;AWS-0058;AWS-0059;AWS-0060;AWS-0061;AWS-0062;AWS-0063;AWS-0067;AWS-0077;AWS-0078;AWS-0079;AWS-0080;AWS-0123;AWS-0133;AWS-0140;AWS-0141;AWS-0143;AWS-0176;AWS-0177;AWS-0180;AWS-0190;AWS-0342;AWS-0343;AWS-0345;AWS-0346,AWS-0001;AWS-0003;AWS-0004;AWS-0017;AWS-0024;AWS-0025;AWS-0066,AWS-0002;AWS-0005;AWS-0019;AWS-0023;AWS-0056;AWS-0058;AWS-0059;AWS-0060;AWS-0061;AWS-0062;AWS-0063;AWS-0067;AWS-0077;AWS-0078;AWS-0079;AWS-0080;AWS-0123;AWS-0133;AWS-0140;AWS-0141;AWS-0143;AWS-0176;AWS-0177;AWS-0180;AWS-0190;AWS-0342;AWS-0343;AWS-0345;AWS-0346;AWS-0001;AWS-0003;AWS-0004;AWS-0017;AWS-0024;AWS-0025;AWS-0066,
113,20260819_234257_2a1eb6b6,False,37,32,5,1,1,0,12,12,0,15,14,1,9,5,4,0,0,0,AWS-0019;AWS-0056;AWS-0058;AWS-0059;AWS-0060;AWS-0061;AWS-0062;AWS-0063;AWS-0077;AWS-0078;AWS-0079;AWS-0080;AWS-0086;AWS-0087;AWS-0091;AWS-0092;AWS-0093;AWS-0094;AWS-0123;AWS-0132;AWS-0133;AWS-0140;AWS-0141;AWS-0143;AWS-0176;AWS-0177;AWS-0180;AWS-0320;AWS-0342;AWS-0343;AWS-0345;AWS-0346,AWS-0017;AWS-0089;AWS-0090,AWS-0019;AWS-0056;AWS-0058;AWS-0059;AWS-0060;AWS-0061;AWS-0062;AWS-0063;AWS-0077;AWS-0078;AWS-0079;AWS-0080;AWS-0086;AWS-0087;AWS-0091;AWS-0092;AWS-0093;AWS-0094;AWS-0123;AWS-0132;AWS-0133;AWS-0140;AWS-0141;AWS-0143;AWS-0176;AWS-0177;AWS-0180;AWS-0320;AWS-0342;AWS-0343;AWS-0345;AWS-0346;AWS-0017;AWS-0089;AWS-0090,
114,20260819_234752_8cd01341,True,30,30,0,1,1,0,7,7,0,15,15,0,7,7,0,0,0,0,AWS-0001;AWS-0002;AWS-0003;AWS-0004;AWS-0005;AWS-0019;AWS-0056;AWS-0058;AWS-0059;AWS-0060;AWS-0061;AWS-0062;AWS-0063;AWS-0077;AWS-0078;AWS-0079;AWS-0080;AWS-0123;AWS-0133;AWS-0140;AWS-0141;AWS-0143;AWS-0176;AWS-0177;AWS-0180;AWS-0190;AWS-0342;AWS-0343;AWS-0345;AWS-0346,,AWS-0001;AWS-0002;AWS-0003;AWS-0004;AWS-0005;AWS-0019;AWS-0056;AWS-0058;AWS-0059;AWS-0060;AWS-0061;AWS-0062;AWS-0063;AWS-0077;AWS-0078;AWS-0079;AWS-0080;AWS-0123;AWS-0133;AWS-0140;AWS-0141;AWS-0143;AWS-0176;AWS-0177;AWS-0180;AWS-0190;AWS-0342;AWS-0343;AWS-0345;AWS-0346,
115,20260819_234928_c2d36d91,False,30,29,1,1,1,0,7,7,0,15,15,0,7,6,1,0,0,0,AWS-0001;AWS-0002;AWS-0003;AWS-0005;AWS-0019;AWS-0056;AWS-0058;AWS-0059;AWS-0060;AWS-0061;AWS-0062;AWS-0063;AWS-0077;AWS-0078;AWS-0079;AWS-0080;AWS-0123;AWS-0133;AWS-0140;AWS-0141;AWS-0143;AWS-0176;AWS-0177;AWS-0180;AWS-0190;AWS-0342;AWS-0343;AWS-0345;AWS-0346,AWS-0004,AWS-0001;AWS-0002;AWS-0003;AWS-0005;AWS-0019;AWS-0056;AWS-0058;AWS-0059;AWS-0060;AWS-0061;AWS-0062;AWS-0063;AWS-0077;AWS-0078;AWS-0079;AWS-0080;AWS-0123;AWS-0133;AWS-0140;AWS-0141;AWS-0143;AWS-0176;AWS-0177;AWS-0180;AWS-0190;AWS-0342;AWS-0343;AWS-0345;AWS-0346;AWS-0004,
116,20260819_235452_7da02d67,False,37,28,9,2,2,0,8,8,0,16,14,2,11,4,7,0,0,0,AWS-0002;AWS-0005;AWS-0019;AWS-0023;AWS-0056;AWS-0058;AWS-0059;AWS-0060;AWS-0061;AWS-0062;AWS-0063;AWS-0067;AWS-0077;AWS-0078;AWS-0079;AWS-0080;AWS-0123;AWS-0133;AWS-0140;AWS-0141;AWS-0143;AWS-0176;AWS-0177;AWS-0180;AWS-0342;AWS-0343;AWS-0345;AWS-0346,AWS-0001;AWS-0003;AWS-0004;AWS-0024;AWS-0025;AWS-0066;AWS-0190,AWS-0002;AWS-0005;AWS-0019;AWS-0023;AWS-0056;AWS-0058;AWS-0059;AWS-0060;AWS-0061;AWS-0062;AWS-0063;AWS-0067;AWS-0077;AWS-0078;AWS-0079;AWS-0080;AWS-0123;AWS-0133;AWS-0140;AWS-0141;AWS-0143;AWS-0176;AWS-0177;AWS-0180;AWS-0342;AWS-0343;AWS-0345;AWS-0346;AWS-0001;AWS-0003;AWS-0004;AWS-0024;AWS-0025;AWS-0066;AWS-0190,
117,20260819_235713_7cbe989c,False,27,25,2,1,1,0,7,7,0,14,13,1,5,4,1,0,0,0,AWS-0019;AWS-0023;AWS-0056;AWS-0058;AWS-0059;AWS-0060;AWS-0061;AWS-0062;AWS-0063;AWS-0077;AWS-0078;AWS-0079;AWS-0080;AWS-0123;AWS-0133;AWS-0140;AWS-0141;AWS-0143;AWS-0176;AWS-0177;AWS-0180;AWS-0342;AWS-0343;AWS-0345;AWS-0346,AWS-0024;AWS-0025,AWS-0019;AWS-0023;AWS-0056;AWS-0058;AWS-0059;AWS-0060;AWS-0061;AWS-0062;AWS-0063;AWS-0077;AWS-0078;AWS-0079;AWS-0080;AWS-0123;AWS-0133;AWS-0140;AWS-0141;AWS-0143;AWS-0176;AWS-0177;AWS-0180;AWS-0342;AWS-0343;AWS-0345;AWS-0346;AWS-0024;AWS-0025,
118,20260819_235830_ea41a723,False,30,25,5,1,1,0,7,7,0,17,13,4,5,4,1,0,0,0,AWS-0019;AWS-0023;AWS-0056;AWS-0058;AWS-0059;AWS-0060;AWS-0061;AWS-0062;AWS-0063;AWS-0077;AWS-0078;AWS-0079;AWS-0080;AWS-0123;AWS-0133;AWS-0140;AWS-0141;AWS-0143;AWS-0176;AWS-0177;AWS-0180;AWS-0342;AWS-0343;AWS-0345;AWS-0346,AWS-0024;AWS-0025,AWS-0019;AWS-0023;AWS-0056;AWS-0058;AWS-0059;AWS-0060;AWS-0061;AWS-0062;AWS-0063;AWS-0077;AWS-0078;AWS-0079;AWS-0080;AWS-0123;AWS-0133;AWS-0140;AWS-0141;AWS-0143;AWS-0176;AWS-0177;AWS-0180;AWS-0342;AWS-0343;AWS-0345;AWS-0346;AWS-0024;AWS-0025,
119,20260820_000339_5fe21d4c,False,31,29,2,1,1,0,7,7,0,15,15,0,8,6,2,0,0,0,AWS-0001;AWS-0002;AWS-0003;AWS-0005;AWS-0019;AWS-0056;AWS-0058;AWS-0059;AWS-0060;AWS-0061;AWS-0062;AWS-0063;AWS-0077;AWS-0078;AWS-0079;AWS-0080;AWS-0123;AWS-0133;AWS-0140;AWS-0141;AWS-0143;AWS-0176;AWS-0177;AWS-0180;AWS-0190;AWS-0342;AWS-0343;AWS-0345;AWS-0346,AWS-0004,AWS-0001;AWS-0002;AWS-0003;AWS-0005;AWS-0019;AWS-0056;AWS-0058;AWS-0059;AWS-0060;AWS-0061;AWS-0062;AWS-0063;AWS-0077;AWS-0078;AWS-0079;AWS-0080;AWS-0123;AWS-0133;AWS-0140;AWS-0141;AWS-0143;AWS-0176;AWS-0177;AWS-0180;AWS-0190;AWS-0342;AWS-0343;AWS-0345;AWS-0346;AWS-0004,
120,20260820_000529_302f5979,False,44,42,2,5,5,0,16,16,0,15,14,1,8,7,1,0,0,0,AWS-0008;AWS-0009;AWS-0019;AWS-0026;AWS-0027;AWS-0028;AWS-0029;AWS-0056;AWS-0058;AWS-0059;AWS-0060;AWS-0061;AWS-0062;AWS-0063;AWS-0077;AWS-0078;AWS-0079;AWS-0080;AWS-0099;AWS-0101;AWS-0102;AWS-0104;AWS-0105;AWS-0107;AWS-0122;AWS-0123;AWS-0129;AWS-0130;AWS-0131;AWS-0133;AWS-0140;AWS-0141;AWS-0143;AWS-0164;AWS-0176;AWS-0177;AWS-0180;AWS-0342;AWS-0343;AWS-0344;AWS-0345;AWS-0346,AWS-0124;AWS-0178,AWS-0008;AWS-0009;AWS-0019;AWS-0026;AWS-0027;AWS-0028;AWS-0029;AWS-0056;AWS-0058;AWS-0059;AWS-0060;AWS-0061;AWS-0062;AWS-0063;AWS-0077;AWS-0078;AWS-0079;AWS-0080;AWS-0099;AWS-0101;AWS-0102;AWS-0104;AWS-0105;AWS-0107;AWS-0122;AWS-0123;AWS-0129;AWS-0130;AWS-0131;AWS-0133;AWS-0140;AWS-0141;AWS-0143;AWS-0164;AWS-0176;AWS-0177;AWS-0180;AWS-0342;AWS-0343;AWS-0344;AWS-0345;AWS-0346;AWS-0124;AWS-0178,
121,20260820_000648_e5a3811d,False,25,24,1,1,1,0,6,6,0,13,13,0,5,4,1,0,0,0,AWS-0019;AWS-0056;AWS-0058;AWS-0059;AWS-0060;AWS-0061;AWS-0062;AWS-0063;AWS-0077;AWS-0078;AWS-0079;AWS-0080;AWS-0123;AWS-0133;AWS-0140;AWS-0141;AWS-0143;AWS-0176;AWS-0177;AWS-0180;AWS-0342;AWS-0343;AWS-0345;AWS-0346,AWS-0098,AWS-0019;AWS-0056;AWS-0058;AWS-0059;AWS-0060;AWS-0061;AWS-0062;AWS-0063;AWS-0077;AWS-0078;AWS-0079;AWS-0080;AWS-0123;AWS-0133;AWS-0140;AWS-0141;AWS-0143;AWS-0176;AWS-0177;AWS-0180;AWS-0342;AWS-0343;AWS-0345;AWS-0346;AWS-0098,
122,20260820_000958_42c58a7e,True,30,30,0,1,1,0,7,7,0,15,15,0,7,7,0,0,0,0,AWS-0001;AWS-0002;AWS-0003;AWS-0004;AWS-0005;AWS-0019;AWS-0056;AWS-0058;AWS-0059;AWS-0060;AWS-0061;AWS-0062;AWS-0063;AWS-0077;AWS-0078;AWS-0079;AWS-0080;AWS-0123;AWS-0133;AWS-0140;AWS-0141;AWS-0143;AWS-0176;AWS-0177;AWS-0180;AWS-0190;AWS-0342;AWS-0343;AWS-0345;AWS-0346,,AWS-0001;AWS-0002;AWS-0003;AWS-0004;AWS-0005;AWS-0019;AWS-0056;AWS-0058;AWS-0059;AWS-0060;AWS-0061;AWS-0062;AWS-0063;AWS-0077;AWS-0078;AWS-0079;AWS-0080;AWS-0123;AWS-0133;AWS-0140;AWS-0141;AWS-0143;AWS-0176;AWS-0177;AWS-0180;AWS-0190;AWS-0342;AWS-0343;AWS-0345;AWS-0346,
123,20260820_001233_9c8e1890,False,33,31,2,2,2,0,7,7,0,15,15,0,9,7,2,0,0,0,AWS-0001;AWS-0002;AWS-0003;AWS-0004;AWS-0005;AWS-0019;AWS-0056;AWS-0058;AWS-0059;AWS-0060;AWS-0061;AWS-0062;AWS-0063;AWS-0067;AWS-0077;AWS-0078;AWS-0079;AWS-0080;AWS-0123;AWS-0133;AWS-0140;AWS-0141;AWS-0143;AWS-0176;AWS-0177;AWS-0180;AWS-0190;AWS-0342;AWS-0343;AWS-0345;AWS-0346,AWS-0017;AWS-0066,AWS-0001;AWS-0002;AWS-0003;AWS-0004;AWS-0005;AWS-0019;AWS-0056;AWS-0058;AWS-0059;AWS-0060;AWS-0061;AWS-0062;AWS-0063;AWS-0067;AWS-0077;AWS-0078;AWS-0079;AWS-0080;AWS-0123;AWS-0133;AWS-0140;AWS-0141;AWS-0143;AWS-0176;AWS-0177;AWS-0180;AWS-0190;AWS-0342;AWS-0343;AWS-0345;AWS-0346;AWS-0017;AWS-0066,
124,20260820_001538_70b177ea,False,44,43,1,5,5,0,16,16,0,15,14,1,8,8,0,0,0,0,AWS-0008;AWS-0009;AWS-0019;AWS-0026;AWS-0027;AWS-0028;AWS-0029;AWS-0056;AWS-0058;AWS-0059;AWS-0060;AWS-0061;AWS-0062;AWS-0063;AWS-0077;AWS-0078;AWS-0079;AWS-0080;AWS-0099;AWS-0101;AWS-0102;AWS-0104;AWS-0105;AWS-0107;AWS-0122;AWS-0123;AWS-0124;AWS-0129;AWS-0130;AWS-0131;AWS-0133;AWS-0140;AWS-0141;AWS-0143;AWS-0164;AWS-0176;AWS-0177;AWS-0180;AWS-0342;AWS-0343;AWS-0344;AWS-0345;AWS-0346,AWS-0178,AWS-0008;AWS-0009;AWS-0019;AWS-0026;AWS-0027;AWS-0028;AWS-0029;AWS-0056;AWS-0058;AWS-0059;AWS-0060;AWS-0061;AWS-0062;AWS-0063;AWS-0077;AWS-0078;AWS-0079;AWS-0080;AWS-0099;AWS-0101;AWS-0102;AWS-0104;AWS-0105;AWS-0107;AWS-0122;AWS-0123;AWS-0124;AWS-0129;AWS-0130;AWS-0131;AWS-0133;AWS-0140;AWS-0141;AWS-0143;AWS-0164;AWS-0176;AWS-0177;AWS-0180;AWS-0342;AWS-0343;AWS-0344;AWS-0345;AWS-0346;AWS-0178,
125,20260820_001844_5430a1ca,False,37,31,6,2,2,0,8,8,0,16,14,2,11,7,4,0,0,0,AWS-0002;AWS-0003;AWS-0004;AWS-0005;AWS-0019;AWS-0023;AWS-0056;AWS-0058;AWS-0059;AWS-0060;AWS-0061;AWS-0062;AWS-0063;AWS-0067;AWS-0077;AWS-0078;AWS-0079;AWS-0080;AWS-0123;AWS-0133;AWS-0140;AWS-0141;AWS-0143;AWS-0176;AWS-0177;AWS-0180;AWS-0190;AWS-0342;AWS-0343;AWS-0345;AWS-0346,AWS-0001;AWS-0024;AWS-0025;AWS-0066,AWS-0002;AWS-0003;AWS-0004;AWS-0005;AWS-0019;AWS-0023;AWS-0056;AWS-0058;AWS-0059;AWS-0060;AWS-0061;AWS-0062;AWS-0063;AWS-0067;AWS-0077;AWS-0078;AWS-0079;AWS-0080;AWS-0123;AWS-0133;AWS-0140;AWS-0141;AWS-0143;AWS-0176;AWS-0177;AWS-0180;AWS-0190;AWS-0342;AWS-0343;AWS-0345;AWS-0346;AWS-0001;AWS-0024;AWS-0025;AWS-0066,
126,20260820_002040_b72e5d87,False,44,43,1,5,5,0,16,16,0,15,14,1,8,8,0,0,0,0,AWS-0008;AWS-0009;AWS-0019;AWS-0026;AWS-0027;AWS-0028;AWS-0029;AWS-0056;AWS-0058;AWS-0059;AWS-0060;AWS-0061;AWS-0062;AWS-0063;AWS-0077;AWS-0078;AWS-0079;AWS-0080;AWS-0099;AWS-0101;AWS-0102;AWS-0104;AWS-0105;AWS-0107;AWS-0122;AWS-0123;AWS-0124;AWS-0129;AWS-0130;AWS-0131;AWS-0133;AWS-0140;AWS-0141;AWS-0143;AWS-0164;AWS-0176;AWS-0177;AWS-0180;AWS-0342;AWS-0343;AWS-0344;AWS-0345;AWS-0346,AWS-0178,AWS-0008;AWS-0009;AWS-0019;AWS-0026;AWS-0027;AWS-0028;AWS-0029;AWS-0056;AWS-0058;AWS-0059;AWS-0060;AWS-0061;AWS-0062;AWS-0063;AWS-0077;AWS-0078;AWS-0079;AWS-0080;AWS-0099;AWS-0101;AWS-0102;AWS-0104;AWS-0105;AWS-0107;AWS-0122;AWS-0123;AWS-0124;AWS-0129;AWS-0130;AWS-0131;AWS-0133;AWS-0140;AWS-0141;AWS-0143;AWS-0164;AWS-0176;AWS-0177;AWS-0180;AWS-0342;AWS-0343;AWS-0344;AWS-0345;AWS-0346;AWS-0178,
127,20260820_002315_408e2e4a,False,57,48,9,8,8,0,19,19,0,15,14,1,15,7,8,0,0,0,AWS-0008;AWS-0009;AWS-0019;AWS-0026;AWS-0027;AWS-0028;AWS-0029;AWS-0035;AWS-0036;AWS-0047;AWS-0052;AWS-0053;AWS-0054;AWS-0056;AWS-0058;AWS-0059;AWS-0060;AWS-0061;AWS-0062;AWS-0063;AWS-0077;AWS-0078;AWS-0079;AWS-0080;AWS-0099;AWS-0101;AWS-0102;AWS-0104;AWS-0105;AWS-0107;AWS-0122;AWS-0123;AWS-0129;AWS-0130;AWS-0131;AWS-0133;AWS-0140;AWS-0141;AWS-0143;AWS-0164;AWS-0176;AWS-0177;AWS-0180;AWS-0342;AWS-0343;AWS-0344;AWS-0345;AWS-0346,AWS-0017;AWS-0034;AWS-0124;AWS-0178,AWS-0008;AWS-0009;AWS-0019;AWS-0026;AWS-0027;AWS-0028;AWS-0029;AWS-0035;AWS-0036;AWS-0047;AWS-0052;AWS-0053;AWS-0054;AWS-0056;AWS-0058;AWS-0059;AWS-0060;AWS-0061;AWS-0062;AWS-0063;AWS-0077;AWS-0078;AWS-0079;AWS-0080;AWS-0099;AWS-0101;AWS-0102;AWS-0104;AWS-0105;AWS-0107;AWS-0122;AWS-0123;AWS-0129;AWS-0130;AWS-0131;AWS-0133;AWS-0140;AWS-0141;AWS-0143;AWS-0164;AWS-0176;AWS-0177;AWS-0180;AWS-0342;AWS-0343;AWS-0344;AWS-0345;AWS-0346;AWS-0017;AWS-0034;AWS-0124;AWS-0178,
128,20260820_002547_61c6add3,False,32,29,3,1,1,0,7,7,0,17,14,3,7,7,0,0,0,0,AWS-0002;AWS-0003;AWS-0004;AWS-0005;AWS-0019;AWS-0056;AWS-0058;AWS-0059;AWS-0060;AWS-0061;AWS-0062;AWS-0063;AWS-0077;AWS-0078;AWS-0079;AWS-0080;AWS-0123;AWS-0133;AWS-0140;AWS-0141;AWS-0143;AWS-0176;AWS-0177;AWS-0180;AWS-0190;AWS-0342;AWS-0343;AWS-0345;AWS-0346,AWS-0001,AWS-0002;AWS-0003;AWS-0004;AWS-0005;AWS-0019;AWS-0056;AWS-0058;AWS-0059;AWS-0060;AWS-0061;AWS-0062;AWS-0063;AWS-0077;AWS-0078;AWS-0079;AWS-0080;AWS-0123;AWS-0133;AWS-0140;AWS-0141;AWS-0143;AWS-0176;AWS-0177;AWS-0180;AWS-0190;AWS-0342;AWS-0343;AWS-0345;AWS-0346;AWS-0001,
129,20260820_003019_c2baa6b6,False,54,52,2,5,5,0,22,22,0,17,16,1,10,9,1,0,0,0,AWS-0008;AWS-0009;AWS-0019;AWS-0026;AWS-0027;AWS-0028;AWS-0029;AWS-0056;AWS-0058;AWS-0059;AWS-0060;AWS-0061;AWS-0062;AWS-0063;AWS-0077;AWS-0078;AWS-0079;AWS-0080;AWS-0086;AWS-0087;AWS-0090;AWS-0091;AWS-0092;AWS-0093;AWS-0094;AWS-0099;AWS-0101;AWS-0102;AWS-0104;AWS-0105;AWS-0107;AWS-0122;AWS-0123;AWS-0124;AWS-0129;AWS-0130;AWS-0131;AWS-0132;AWS-0133;AWS-0140;AWS-0141;AWS-0143;AWS-0164;AWS-0176;AWS-0177;AWS-0180;AWS-0320;AWS-0342;AWS-0343;AWS-0344;AWS-0345;AWS-0346,AWS-0089;AWS-0178,AWS-0008;AWS-0009;AWS-0019;AWS-0026;AWS-0027;AWS-0028;AWS-0029;AWS-0056;AWS-0058;AWS-0059;AWS-0060;AWS-0061;AWS-0062;AWS-0063;AWS-0077;AWS-0078;AWS-0079;AWS-0080;AWS-0086;AWS-0087;AWS-0090;AWS-0091;AWS-0092;AWS-0093;AWS-0094;AWS-0099;AWS-0101;AWS-0102;AWS-0104;AWS-0105;AWS-0107;AWS-0122;AWS-0123;AWS-0124;AWS-0129;AWS-0130;AWS-0131;AWS-0132;AWS-0133;AWS-0140;AWS-0141;AWS-0143;AWS-0164;AWS-0176;AWS-0177;AWS-0180;AWS-0320;AWS-0342;AWS-0343;AWS-0344;AWS-0345;AWS-0346;AWS-0089;AWS-0178,
130,20260820_003323_29869661,True,29,29,0,1,1,0,11,11,0,13,13,0,4,4,0,0,0,0,AWS-0019;AWS-0056;AWS-0058;AWS-0059;AWS-0060;AWS-0061;AWS-0062;AWS-0063;AWS-0077;AWS-0078;AWS-0079;AWS-0080;AWS-0095;AWS-0096;AWS-0097;AWS-0123;AWS-0133;AWS-0135;AWS-0136;AWS-0140;AWS-0141;AWS-0143;AWS-0176;AWS-0177;AWS-0180;AWS-0342;AWS-0343;AWS-0345;AWS-0346,,AWS-0019;AWS-0056;AWS-0058;AWS-0059;AWS-0060;AWS-0061;AWS-0062;AWS-0063;AWS-0077;AWS-0078;AWS-0079;AWS-0080;AWS-0095;AWS-0096;AWS-0097;AWS-0123;AWS-0133;AWS-0135;AWS-0136;AWS-0140;AWS-0141;AWS-0143;AWS-0176;AWS-0177;AWS-0180;AWS-0342;AWS-0343;AWS-0345;AWS-0346,
131,20260820_003520_03d227cc,False,46,43,3,5,5,0,16,16,0,17,14,3,8,8,0,0,0,0,AWS-0008;AWS-0009;AWS-0019;AWS-0026;AWS-0027;AWS-0028;AWS-0029;AWS-0056;AWS-0058;AWS-0059;AWS-0060;AWS-0061;AWS-0062;AWS-0063;AWS-0077;AWS-0078;AWS-0079;AWS-0080;AWS-0099;AWS-0101;AWS-0102;AWS-0104;AWS-0105;AWS-0107;AWS-0122;AWS-0123;AWS-0124;AWS-0129;AWS-0130;AWS-0131;AWS-0133;AWS-0140;AWS-0141;AWS-0143;AWS-0164;AWS-0176;AWS-0177;AWS-0180;AWS-0342;AWS-0343;AWS-0344;AWS-0345;AWS-0346,AWS-0178,AWS-0008;AWS-0009;AWS-0019;AWS-0026;AWS-0027;AWS-0028;AWS-0029;AWS-0056;AWS-0058;AWS-0059;AWS-0060;AWS-0061;AWS-0062;AWS-0063;AWS-0077;AWS-0078;AWS-0079;AWS-0080;AWS-0099;AWS-0101;AWS-0102;AWS-0104;AWS-0105;AWS-0107;AWS-0122;AWS-0123;AWS-0124;AWS-0129;AWS-0130;AWS-0131;AWS-0133;AWS-0140;AWS-0141;AWS-0143;AWS-0164;AWS-0176;AWS-0177;AWS-0180;AWS-0342;AWS-0343;AWS-0344;AWS-0345;AWS-0346;AWS-0178,
132,20260820_003923_e6d777be,False,24,23,1,1,1,0,6,6,0,13,12,1,4,4,0,0,0,0,AWS-0019;AWS-0056;AWS-0058;AWS-0059;AWS-0060;AWS-0061;AWS-0062;AWS-0063;AWS-0077;AWS-0078;AWS-0079;AWS-0080;AWS-0133;AWS-0140;AWS-0141;AWS-0143;AWS-0176;AWS-0177;AWS-0180;AWS-0342;AWS-0343;AWS-0345;AWS-0346,AWS-0123,AWS-0019;AWS-0056;AWS-0058;AWS-0059;AWS-0060;AWS-0061;AWS-0062;AWS-0063;AWS-0077;AWS-0078;AWS-0079;AWS-0080;AWS-0133;AWS-0140;AWS-0141;AWS-0143;AWS-0176;AWS-0177;AWS-0180;AWS-0342;AWS-0343;AWS-0345;AWS-0346;AWS-0123,
133,20260816_022011_e7e098b5,False,48,44,4,5,5,0,16,16,0,15,15,0,12,8,4,0,0,0,AWS-0008;AWS-0009;AWS-0017;AWS-0019;AWS-0026;AWS-0027;AWS-0028;AWS-0029;AWS-0056;AWS-0058;AWS-0059;AWS-0060;AWS-0061;AWS-0062;AWS-0063;AWS-0077;AWS-0078;AWS-0079;AWS-0080;AWS-0099;AWS-0101;AWS-0102;AWS-0104;AWS-0105;AWS-0107;AWS-0122;AWS-0123;AWS-0129;AWS-0130;AWS-0131;AWS-0133;AWS-0140;AWS-0141;AWS-0143;AWS-0164;AWS-0176;AWS-0177;AWS-0178;AWS-0180;AWS-0342;AWS-0343;AWS-0344;AWS-0345;AWS-0346,AWS-0124,AWS-0008;AWS-0009;AWS-0017;AWS-0019;AWS-0026;AWS-0027;AWS-0028;AWS-0029;AWS-0056;AWS-0058;AWS-0059;AWS-0060;AWS-0061;AWS-0062;AWS-0063;AWS-0077;AWS-0078;AWS-0079;AWS-0080;AWS-0099;AWS-0101;AWS-0102;AWS-0104;AWS-0105;AWS-0107;AWS-0122;AWS-0123;AWS-0129;AWS-0130;AWS-0131;AWS-0133;AWS-0140;AWS-0141;AWS-0143;AWS-0164;AWS-0176;AWS-0177;AWS-0178;AWS-0180;AWS-0342;AWS-0343;AWS-0344;AWS-0345;AWS-0346;AWS-0124,
134,20260820_005216_0cf04e1f,False,64,57,7,8,8,0,26,26,0,18,15,3,12,8,4,0,0,0,AWS-0008;AWS-0009;AWS-0011;AWS-0012;AWS-0013;AWS-0019;AWS-0026;AWS-0027;AWS-0028;AWS-0029;AWS-0047;AWS-0052;AWS-0053;AWS-0054;AWS-0056;AWS-0058;AWS-0059;AWS-0060;AWS-0061;AWS-0062;AWS-0063;AWS-0077;AWS-0078;AWS-0079;AWS-0080;AWS-0086;AWS-0087;AWS-0091;AWS-0092;AWS-0093;AWS-0094;AWS-0099;AWS-0101;AWS-0102;AWS-0104;AWS-0105;AWS-0107;AWS-0122;AWS-0123;AWS-0129;AWS-0130;AWS-0131;AWS-0132;AWS-0133;AWS-0140;AWS-0141;AWS-0143;AWS-0164;AWS-0176;AWS-0177;AWS-0180;AWS-0320;AWS-0342;AWS-0343;AWS-0344;AWS-0345;AWS-0346,AWS-0010;AWS-0017;AWS-0089;AWS-0090;AWS-0124;AWS-0178,AWS-0008;AWS-0009;AWS-0011;AWS-0012;AWS-0013;AWS-0019;AWS-0026;AWS-0027;AWS-0028;AWS-0029;AWS-0047;AWS-0052;AWS-0053;AWS-0054;AWS-0056;AWS-0058;AWS-0059;AWS-0060;AWS-0061;AWS-0062;AWS-0063;AWS-0077;AWS-0078;AWS-0079;AWS-0080;AWS-0086;AWS-0087;AWS-0091;AWS-0092;AWS-0093;AWS-0094;AWS-0099;AWS-0101;AWS-0102;AWS-0104;AWS-0105;AWS-0107;AWS-0122;AWS-0123;AWS-0129;AWS-0130;AWS-0131;AWS-0132;AWS-0133;AWS-0140;AWS-0141;AWS-0143;AWS-0164;AWS-0176;AWS-0177;AWS-0180;AWS-0320;AWS-0342;AWS-0343;AWS-0344;AWS-0345;AWS-0346;AWS-0010;AWS-0017;AWS-0089;AWS-0090;AWS-0124;AWS-0178,
135,20260816_131729_7a70d652,False,45,44,1,5,5,0,16,16,0,15,15,0,9,8,1,0,0,0,AWS-0008;AWS-0009;AWS-0019;AWS-0026;AWS-0027;AWS-0028;AWS-0029;AWS-0056;AWS-0058;AWS-0059;AWS-0060;AWS-0061;AWS-0062;AWS-0063;AWS-0077;AWS-0078;AWS-0079;AWS-0080;AWS-0099;AWS-0101;AWS-0102;AWS-0104;AWS-0105;AWS-0107;AWS-0122;AWS-0123;AWS-0124;AWS-0129;AWS-0130;AWS-0131;AWS-0133;AWS-0140;AWS-0141;AWS-0143;AWS-0164;AWS-0176;AWS-0177;AWS-0178;AWS-0180;AWS-0342;AWS-0343;AWS-0344;AWS-0345;AWS-0346,AWS-0017,AWS-0008;AWS-0009;AWS-0019;AWS-0026;AWS-0027;AWS-0028;AWS-0029;AWS-0056;AWS-0058;AWS-0059;AWS-0060;AWS-0061;AWS-0062;AWS-0063;AWS-0077;AWS-0078;AWS-0079;AWS-0080;AWS-0099;AWS-0101;AWS-0102;AWS-0104;AWS-0105;AWS-0107;AWS-0122;AWS-0123;AWS-0124;AWS-0129;AWS-0130;AWS-0131;AWS-0133;AWS-0140;AWS-0141;AWS-0143;AWS-0164;AWS-0176;AWS-0177;AWS-0178;AWS-0180;AWS-0342;AWS-0343;AWS-0344;AWS-0345;AWS-0346;AWS-0017,
136,20260816_133559_a48ed48e,True,24,24,0,1,1,0,6,6,0,13,13,0,4,4,0,0,0,0,AWS-0019;AWS-0056;AWS-0058;AWS-0059;AWS-0060;AWS-0061;AWS-0062;AWS-0063;AWS-0077;AWS-0078;AWS-0079;AWS-0080;AWS-0123;AWS-0133;AWS-0140;AWS-0141;AWS-0143;AWS-0176;AWS-0177;AWS-0180;AWS-0342;AWS-0343;AWS-0345;AWS-0346,,AWS-0019;AWS-0056;AWS-0058;AWS-0059;AWS-0060;AWS-0061;AWS-0062;AWS-0063;AWS-0077;AWS-0078;AWS-0079;AWS-0080;AWS-0123;AWS-0133;AWS-0140;AWS-0141;AWS-0143;AWS-0176;AWS-0177;AWS-0180;AWS-0342;AWS-0343;AWS-0345;AWS-0346,
137,20260820_011010_d8a3d496,True,45,45,0,5,5,0,16,16,0,15,15,0,9,9,0,0,0,0,AWS-0008;AWS-0009;AWS-0017;AWS-0019;AWS-0026;AWS-0027;AWS-0028;AWS-0029;AWS-0056;AWS-0058;AWS-0059;AWS-0060;AWS-0061;AWS-0062;AWS-0063;AWS-0077;AWS-0078;AWS-0079;AWS-0080;AWS-0099;AWS-0101;AWS-0102;AWS-0104;AWS-0105;AWS-0107;AWS-0122;AWS-0123;AWS-0124;AWS-0129;AWS-0130;AWS-0131;AWS-0133;AWS-0140;AWS-0141;AWS-0143;AWS-0164;AWS-0176;AWS-0177;AWS-0178;AWS-0180;AWS-0342;AWS-0343;AWS-0344;AWS-0345;AWS-0346,,AWS-0008;AWS-0009;AWS-0017;AWS-0019;AWS-0026;AWS-0027;AWS-0028;AWS-0029;AWS-0056;AWS-0058;AWS-0059;AWS-0060;AWS-0061;AWS-0062;AWS-0063;AWS-0077;AWS-0078;AWS-0079;AWS-0080;AWS-0099;AWS-0101;AWS-0102;AWS-0104;AWS-0105;AWS-0107;AWS-0122;AWS-0123;AWS-0124;AWS-0129;AWS-0130;AWS-0131;AWS-0133;AWS-0140;AWS-0141;AWS-0143;AWS-0164;AWS-0176;AWS-0177;AWS-0178;AWS-0180;AWS-0342;AWS-0343;AWS-0344;AWS-0345;AWS-0346,
138,20260816_114614_aa7ea3f1,False,45,44,1,5,5,0,16,16,0,15,15,0,9,8,1,0,0,0,AWS-0008;AWS-0009;AWS-0019;AWS-0026;AWS-0027;AWS-0028;AWS-0029;AWS-0056;AWS-0058;AWS-0059;AWS-0060;AWS-0061;AWS-0062;AWS-0063;AWS-0077;AWS-0078;AWS-0079;AWS-0080;AWS-0099;AWS-0101;AWS-0102;AWS-0104;AWS-0105;AWS-0107;AWS-0122;AWS-0123;AWS-0124;AWS-0129;AWS-0130;AWS-0131;AWS-0133;AWS-0140;AWS-0141;AWS-0143;AWS-0164;AWS-0176;AWS-0177;AWS-0178;AWS-0180;AWS-0342;AWS-0343;AWS-0344;AWS-0345;AWS-0346,AWS-0017,AWS-0008;AWS-0009;AWS-0019;AWS-0026;AWS-0027;AWS-0028;AWS-0029;AWS-0056;AWS-0058;AWS-0059;AWS-0060;AWS-0061;AWS-0062;AWS-0063;AWS-0077;AWS-0078;AWS-0079;AWS-0080;AWS-0099;AWS-0101;AWS-0102;AWS-0104;AWS-0105;AWS-0107;AWS-0122;AWS-0123;AWS-0124;AWS-0129;AWS-0130;AWS-0131;AWS-0133;AWS-0140;AWS-0141;AWS-0143;AWS-0164;AWS-0176;AWS-0177;AWS-0178;AWS-0180;AWS-0342;AWS-0343;AWS-0344;AWS-0345;AWS-0346;AWS-0017,
139,20260829_230635_df11fb48,False,46,42,4,5,5,0,16,16,0,17,13,4,8,8,0,0,0,0,AWS-0008;AWS-0009;AWS-0019;AWS-0026;AWS-0027;AWS-0028;AWS-0029;AWS-0056;AWS-0058;AWS-0059;AWS-0060;AWS-0061;AWS-0062;AWS-0063;AWS-0077;AWS-0078;AWS-0079;AWS-0080;AWS-0099;AWS-0101;AWS-0102;AWS-0104;AWS-0107;AWS-0122;AWS-0123;AWS-0124;AWS-0129;AWS-0130;AWS-0131;AWS-0133;AWS-0140;AWS-0141;AWS-0143;AWS-0164;AWS-0176;AWS-0177;AWS-0180;AWS-0342;AWS-0343;AWS-0344;AWS-0345;AWS-0346,AWS-0105;AWS-0178,AWS-0008;AWS-0009;AWS-0019;AWS-0026;AWS-0027;AWS-0028;AWS-0029;AWS-0056;AWS-0058;AWS-0059;AWS-0060;AWS-0061;AWS-0062;AWS-0063;AWS-0077;AWS-0078;AWS-0079;AWS-0080;AWS-0099;AWS-0101;AWS-0102;AWS-0104;AWS-0107;AWS-0122;AWS-0123;AWS-0124;AWS-0129;AWS-0130;AWS-0131;AWS-0133;AWS-0140;AWS-0141;AWS-0143;AWS-0164;AWS-0176;AWS-0177;AWS-0180;AWS-0342;AWS-0343;AWS-0344;AWS-0345;AWS-0346;AWS-0105;AWS-0178,
140,20260820_112412_3cb1d00f,False,26,23,3,1,1,0,6,6,0,13,12,1,6,4,2,0,0,0,AWS-0019;AWS-0056;AWS-0058;AWS-0059;AWS-0060;AWS-0061;AWS-0062;AWS-0063;AWS-0077;AWS-0078;AWS-0079;AWS-0080;AWS-0133;AWS-0140;AWS-0141;AWS-0143;AWS-0176;AWS-0177;AWS-0180;AWS-0342;AWS-0343;AWS-0345;AWS-0346,AWS-0098;AWS-0123,AWS-0019;AWS-0056;AWS-0058;AWS-0059;AWS-0060;AWS-0061;AWS-0062;AWS-0063;AWS-0077;AWS-0078;AWS-0079;AWS-0080;AWS-0133;AWS-0140;AWS-0141;AWS-0143;AWS-0176;AWS-0177;AWS-0180;AWS-0342;AWS-0343;AWS-0345;AWS-0346;AWS-0098;AWS-0123,
141,20260816_122128_6fb164a4,False,55,52,3,5,5,0,22,22,0,17,16,1,11,9,2,0,0,0,AWS-0008;AWS-0009;AWS-0019;AWS-0026;AWS-0027;AWS-0028;AWS-0029;AWS-0056;AWS-0058;AWS-0059;AWS-0060;AWS-0061;AWS-0062;AWS-0063;AWS-0077;AWS-0078;AWS-0079;AWS-0080;AWS-0086;AWS-0087;AWS-0091;AWS-0092;AWS-0093;AWS-0094;AWS-0099;AWS-0101;AWS-0102;AWS-0104;AWS-0105;AWS-0107;AWS-0122;AWS-0123;AWS-0124;AWS-0129;AWS-0130;AWS-0131;AWS-0132;AWS-0133;AWS-0140;AWS-0141;AWS-0143;AWS-0164;AWS-0176;AWS-0177;AWS-0178;AWS-0180;AWS-0320;AWS-0342;AWS-0343;AWS-0344;AWS-0345;AWS-0346,AWS-0017;AWS-0089;AWS-0090,AWS-0008;AWS-0009;AWS-0019;AWS-0026;AWS-0027;AWS-0028;AWS-0029;AWS-0056;AWS-0058;AWS-0059;AWS-0060;AWS-0061;AWS-0062;AWS-0063;AWS-0077;AWS-0078;AWS-0079;AWS-0080;AWS-0086;AWS-0087;AWS-0091;AWS-0092;AWS-0093;AWS-0094;AWS-0099;AWS-0101;AWS-0102;AWS-0104;AWS-0105;AWS-0107;AWS-0122;AWS-0123;AWS-0124;AWS-0129;AWS-0130;AWS-0131;AWS-0132;AWS-0133;AWS-0140;AWS-0141;AWS-0143;AWS-0164;AWS-0176;AWS-0177;AWS-0178;AWS-0180;AWS-0320;AWS-0342;AWS-0343;AWS-0344;AWS-0345;AWS-0346;AWS-0017;AWS-0089;AWS-0090,
142,20260816_113836_f32782f4,False,45,42,3,5,5,0,16,16,0,16,13,3,8,8,0,0,0,0,AWS-0008;AWS-0009;AWS-0019;AWS-0026;AWS-0027;AWS-0028;AWS-0029;AWS-0056;AWS-0058;AWS-0059;AWS-0060;AWS-0061;AWS-0062;AWS-0063;AWS-0077;AWS-0078;AWS-0079;AWS-0080;AWS-0099;AWS-0101;AWS-0102;AWS-0104;AWS-0107;AWS-0122;AWS-0123;AWS-0124;AWS-0129;AWS-0130;AWS-0131;AWS-0133;AWS-0140;AWS-0141;AWS-0143;AWS-0164;AWS-0176;AWS-0177;AWS-0180;AWS-0342;AWS-0343;AWS-0344;AWS-0345;AWS-0346,AWS-0105;AWS-0178,AWS-0008;AWS-0009;AWS-0019;AWS-0026;AWS-0027;AWS-0028;AWS-0029;AWS-0056;AWS-0058;AWS-0059;AWS-0060;AWS-0061;AWS-0062;AWS-0063;AWS-0077;AWS-0078;AWS-0079;AWS-0080;AWS-0099;AWS-0101;AWS-0102;AWS-0104;AWS-0107;AWS-0122;AWS-0123;AWS-0124;AWS-0129;AWS-0130;AWS-0131;AWS-0133;AWS-0140;AWS-0141;AWS-0143;AWS-0164;AWS-0176;AWS-0177;AWS-0180;AWS-0342;AWS-0343;AWS-0344;AWS-0345;AWS-0346;AWS-0105;AWS-0178,
143,20260816_064551_245cf700,True,24,24,0,1,1,0,6,6,0,13,13,0,4,4,0,0,0,0,AWS-0019;AWS-0056;AWS-0058;AWS-0059;AWS-0060;AWS-0061;AWS-0062;AWS-0063;AWS-0077;AWS-0078;AWS-0079;AWS-0080;AWS-0123;AWS-0133;AWS-0140;AWS-0141;AWS-0143;AWS-0176;AWS-0177;AWS-0180;AWS-0342;AWS-0343;AWS-0345;AWS-0346,,AWS-0019;AWS-0056;AWS-0058;AWS-0059;AWS-0060;AWS-0061;AWS-0062;AWS-0063;AWS-0077;AWS-0078;AWS-0079;AWS-0080;AWS-0123;AWS-0133;AWS-0140;AWS-0141;AWS-0143;AWS-0176;AWS-0177;AWS-0180;AWS-0342;AWS-0343;AWS-0345;AWS-0346,
144,20260820_113906_e01a5dbe,False,44,43,1,5,5,0,16,16,0,15,14,1,8,8,0,0,0,0,AWS-0008;AWS-0009;AWS-0019;AWS-0026;AWS-0027;AWS-0028;AWS-0029;AWS-0056;AWS-0058;AWS-0059;AWS-0060;AWS-0061;AWS-0062;AWS-0063;AWS-0077;AWS-0078;AWS-0079;AWS-0080;AWS-0099;AWS-0101;AWS-0102;AWS-0104;AWS-0105;AWS-0107;AWS-0122;AWS-0123;AWS-0124;AWS-0129;AWS-0130;AWS-0131;AWS-0133;AWS-0140;AWS-0141;AWS-0143;AWS-0164;AWS-0176;AWS-0177;AWS-0180;AWS-0342;AWS-0343;AWS-0344;AWS-0345;AWS-0346,AWS-0178,AWS-0008;AWS-0009;AWS-0019;AWS-0026;AWS-0027;AWS-0028;AWS-0029;AWS-0056;AWS-0058;AWS-0059;AWS-0060;AWS-0061;AWS-0062;AWS-0063;AWS-0077;AWS-0078;AWS-0079;AWS-0080;AWS-0099;AWS-0101;AWS-0102;AWS-0104;AWS-0105;AWS-0107;AWS-0122;AWS-0123;AWS-0124;AWS-0129;AWS-0130;AWS-0131;AWS-0133;AWS-0140;AWS-0141;AWS-0143;AWS-0164;AWS-0176;AWS-0177;AWS-0180;AWS-0342;AWS-0343;AWS-0344;AWS-0345;AWS-0346;AWS-0178,
145,20260820_154515_192450d3,False,46,44,2,6,6,0,16,16,0,15,14,1,9,8,1,0,0,0,AWS-0008;AWS-0009;AWS-0019;AWS-0026;AWS-0027;AWS-0028;AWS-0029;AWS-0056;AWS-0058;AWS-0059;AWS-0060;AWS-0061;AWS-0062;AWS-0063;AWS-0067;AWS-0077;AWS-0078;AWS-0079;AWS-0080;AWS-0099;AWS-0101;AWS-0102;AWS-0104;AWS-0105;AWS-0107;AWS-0122;AWS-0123;AWS-0124;AWS-0129;AWS-0130;AWS-0131;AWS-0133;AWS-0140;AWS-0141;AWS-0143;AWS-0164;AWS-0176;AWS-0177;AWS-0180;AWS-0342;AWS-0343;AWS-0344;AWS-0345;AWS-0346,AWS-0066;AWS-0178,AWS-0008;AWS-0009;AWS-0019;AWS-0026;AWS-0027;AWS-0028;AWS-0029;AWS-0056;AWS-0058;AWS-0059;AWS-0060;AWS-0061;AWS-0062;AWS-0063;AWS-0067;AWS-0077;AWS-0078;AWS-0079;AWS-0080;AWS-0099;AWS-0101;AWS-0102;AWS-0104;AWS-0105;AWS-0107;AWS-0122;AWS-0123;AWS-0124;AWS-0129;AWS-0130;AWS-0131;AWS-0133;AWS-0140;AWS-0141;AWS-0143;AWS-0164;AWS-0176;AWS-0177;AWS-0180;AWS-0342;AWS-0343;AWS-0344;AWS-0345;AWS-0346;AWS-0066;AWS-0178,
146,20260816_190743_ea31606f,True,24,24,0,1,1,0,6,6,0,13,13,0,4,4,0,0,0,0,AWS-0019;AWS-0056;AWS-0058;AWS-0059;AWS-0060;AWS-0061;AWS-0062;AWS-0063;AWS-0077;AWS-0078;AWS-0079;AWS-0080;AWS-0123;AWS-0133;AWS-0140;AWS-0141;AWS-0143;AWS-0176;AWS-0177;AWS-0180;AWS-0342;AWS-0343;AWS-0345;AWS-0346,,AWS-0019;AWS-0056;AWS-0058;AWS-0059;AWS-0060;AWS-0061;AWS-0062;AWS-0063;AWS-0077;AWS-0078;AWS-0079;AWS-0080;AWS-0123;AWS-0133;AWS-0140;AWS-0141;AWS-0143;AWS-0176;AWS-0177;AWS-0180;AWS-0342;AWS-0343;AWS-0345;AWS-0346,
147,20260820_124120_b6a64766,True,24,24,0,1,1,0,6,6,0,13,13,0,4,4,0,0,0,0,AWS-0019;AWS-0056;AWS-0058;AWS-0059;AWS-0060;AWS-0061;AWS-0062;AWS-0063;AWS-0077;AWS-0078;AWS-0079;AWS-0080;AWS-0123;AWS-0133;AWS-0140;AWS-0141;AWS-0143;AWS-0176;AWS-0177;AWS-0180;AWS-0342;AWS-0343;AWS-0345;AWS-0346,,AWS-0019;AWS-0056;AWS-0058;AWS-0059;AWS-0060;AWS-0061;AWS-0062;AWS-0063;AWS-0077;AWS-0078;AWS-0079;AWS-0080;AWS-0123;AWS-0133;AWS-0140;AWS-0141;AWS-0143;AWS-0176;AWS-0177;AWS-0180;AWS-0342;AWS-0343;AWS-0345;AWS-0346,
148,20260820_124812_02fff967,False,38,36,2,1,1,0,15,15,0,15,15,0,7,5,2,0,0,0,AWS-0019;AWS-0030;AWS-0031;AWS-0032;AWS-0056;AWS-0058;AWS-0059;AWS-0060;AWS-0061;AWS-0062;AWS-0063;AWS-0077;AWS-0078;AWS-0079;AWS-0080;AWS-0086;AWS-0087;AWS-0090;AWS-0091;AWS-0092;AWS-0093;AWS-0094;AWS-0123;AWS-0132;AWS-0133;AWS-0140;AWS-0141;AWS-0143;AWS-0176;AWS-0177;AWS-0180;AWS-0320;AWS-0342;AWS-0343;AWS-0345;AWS-0346,AWS-0033;AWS-0089,AWS-0019;AWS-0030;AWS-0031;AWS-0032;AWS-0056;AWS-0058;AWS-0059;AWS-0060;AWS-0061;AWS-0062;AWS-0063;AWS-0077;AWS-0078;AWS-0079;AWS-0080;AWS-0086;AWS-0087;AWS-0090;AWS-0091;AWS-0092;AWS-0093;AWS-0094;AWS-0123;AWS-0132;AWS-0133;AWS-0140;AWS-0141;AWS-0143;AWS-0176;AWS-0177;AWS-0180;AWS-0320;AWS-0342;AWS-0343;AWS-0345;AWS-0346;AWS-0033;AWS-0089,
149,20260829_204736_fa214230,False,27,25,2,1,1,0,7,7,0,14,13,1,5,4,1,0,0,0,AWS-0019;AWS-0023;AWS-0056;AWS-0058;AWS-0059;AWS-0060;AWS-0061;AWS-0062;AWS-0063;AWS-0077;AWS-0078;AWS-0079;AWS-0080;AWS-0123;AWS-0133;AWS-0140;AWS-0141;AWS-0143;AWS-0176;AWS-0177;AWS-0180;AWS-0342;AWS-0343;AWS-0345;AWS-0346,AWS-0024;AWS-0025,AWS-0019;AWS-0023;AWS-0056;AWS-0058;AWS-0059;AWS-0060;AWS-0061;AWS-0062;AWS-0063;AWS-0077;AWS-0078;AWS-0079;AWS-0080;AWS-0123;AWS-0133;AWS-0140;AWS-0141;AWS-0143;AWS-0176;AWS-0177;AWS-0180;AWS-0342;AWS-0343;AWS-0345;AWS-0346;AWS-0024;AWS-0025,
