row_index,run_id,trivy_passed,total_checks,total_passed,total_failed,severity_critical_eval,severity_critical_passed,severity_critical_failed,severity_high_eval,severity_high_passed,severity_high_failed,severity_medium_eval,severity_medium_passed,severity_medium_failed,severity_low_eval,severity_low_passed,severity_low_failed,severity_unknown_eval,severity_unknown_passed,severity_unknown_failed,passed_check_ids,failed_check_ids,all_check_ids,error
0,20260827_154051_6203982b,True,24,24,0,1,1,0,6,6,0,13,13,0,4,4,0,0,0,0,AWS-0019;AWS-0056;AWS-0058;AWS-0059;AWS-0060;AWS-0061;AWS-0062;AWS-0063;AWS-0077;AWS-0078;AWS-0079;AWS-0080;AWS-0123;AWS-0133;AWS-0140;AWS-0141;AWS-0143;AWS-0176;AWS-0177;AWS-0180;AWS-0342;AWS-0343;AWS-0345;AWS-0346,,AWS-0019;AWS-0056;AWS-0058;AWS-0059;AWS-0060;AWS-0061;AWS-0062;AWS-0063;AWS-0077;AWS-0078;AWS-0079;AWS-0080;AWS-0123;AWS-0133;AWS-0140;AWS-0141;AWS-0143;AWS-0176;AWS-0177;AWS-0180;AWS-0342;AWS-0343;AWS-0345;AWS-0346,
1,20260827_154321_0e5d4da3,True,24,24,0,1,1,0,6,6,0,13,13,0,4,4,0,0,0,0,AWS-0019;AWS-0056;AWS-0058;AWS-0059;AWS-0060;AWS-0061;AWS-0062;AWS-0063;AWS-0077;AWS-0078;AWS-0079;AWS-0080;AWS-0123;AWS-0133;AWS-0140;AWS-0141;AWS-0143;AWS-0176;AWS-0177;AWS-0180;AWS-0342;AWS-0343;AWS-0345;AWS-0346,,AWS-0019;AWS-0056;AWS-0058;AWS-0059;AWS-0060;AWS-0061;AWS-0062;AWS-0063;AWS-0077;AWS-0078;AWS-0079;AWS-0080;AWS-0123;AWS-0133;AWS-0140;AWS-0141;AWS-0143;AWS-0176;AWS-0177;AWS-0180;AWS-0342;AWS-0343;AWS-0345;AWS-0346,
2,20260827_155141_a83bbc1b,False,35,33,2,1,1,0,13,13,0,15,14,1,6,5,1,0,0,0,AWS-0018;AWS-0019;AWS-0056;AWS-0058;AWS-0059;AWS-0060;AWS-0061;AWS-0062;AWS-0063;AWS-0077;AWS-0078;AWS-0079;AWS-0080;AWS-0086;AWS-0087;AWS-0091;AWS-0092;AWS-0093;AWS-0094;AWS-0123;AWS-0132;AWS-0133;AWS-0140;AWS-0141;AWS-0143;AWS-0176;AWS-0177;AWS-0180;AWS-0320;AWS-0342;AWS-0343;AWS-0345;AWS-0346,AWS-0089;AWS-0090,AWS-0018;AWS-0019;AWS-0056;AWS-0058;AWS-0059;AWS-0060;AWS-0061;AWS-0062;AWS-0063;AWS-0077;AWS-0078;AWS-0079;AWS-0080;AWS-0086;AWS-0087;AWS-0091;AWS-0092;AWS-0093;AWS-0094;AWS-0123;AWS-0132;AWS-0133;AWS-0140;AWS-0141;AWS-0143;AWS-0176;AWS-0177;AWS-0180;AWS-0320;AWS-0342;AWS-0343;AWS-0345;AWS-0346;AWS-0089;AWS-0090,
3,20260827_122623_c71fbbf6,True,34,34,0,1,1,0,12,12,0,15,15,0,6,6,0,0,0,0,AWS-0019;AWS-0056;AWS-0058;AWS-0059;AWS-0060;AWS-0061;AWS-0062;AWS-0063;AWS-0077;AWS-0078;AWS-0079;AWS-0080;AWS-0086;AWS-0087;AWS-0089;AWS-0090;AWS-0091;AWS-0092;AWS-0093;AWS-0094;AWS-0123;AWS-0132;AWS-0133;AWS-0140;AWS-0141;AWS-0143;AWS-0176;AWS-0177;AWS-0180;AWS-0320;AWS-0342;AWS-0343;AWS-0345;AWS-0346,,AWS-0019;AWS-0056;AWS-0058;AWS-0059;AWS-0060;AWS-0061;AWS-0062;AWS-0063;AWS-0077;AWS-0078;AWS-0079;AWS-0080;AWS-0086;AWS-0087;AWS-0089;AWS-0090;AWS-0091;AWS-0092;AWS-0093;AWS-0094;AWS-0123;AWS-0132;AWS-0133;AWS-0140;AWS-0141;AWS-0143;AWS-0176;AWS-0177;AWS-0180;AWS-0320;AWS-0342;AWS-0343;AWS-0345;AWS-0346,
4,20260827_210342_8fc41238,True,24,24,0,1,1,0,6,6,0,13,13,0,4,4,0,0,0,0,AWS-0019;AWS-0056;AWS-0058;AWS-0059;AWS-0060;AWS-0061;AWS-0062;AWS-0063;AWS-0077;AWS-0078;AWS-0079;AWS-0080;AWS-0123;AWS-0133;AWS-0140;AWS-0141;AWS-0143;AWS-0176;AWS-0177;AWS-0180;AWS-0342;AWS-0343;AWS-0345;AWS-0346,,AWS-0019;AWS-0056;AWS-0058;AWS-0059;AWS-0060;AWS-0061;AWS-0062;AWS-0063;AWS-0077;AWS-0078;AWS-0079;AWS-0080;AWS-0123;AWS-0133;AWS-0140;AWS-0141;AWS-0143;AWS-0176;AWS-0177;AWS-0180;AWS-0342;AWS-0343;AWS-0345;AWS-0346,
5,20260826_225314_7ad82d15,False,27,25,2,2,2,0,6,6,0,13,13,0,6,4,2,0,0,0,AWS-0019;AWS-0056;AWS-0058;AWS-0059;AWS-0060;AWS-0061;AWS-0062;AWS-0063;AWS-0067;AWS-0077;AWS-0078;AWS-0079;AWS-0080;AWS-0123;AWS-0133;AWS-0140;AWS-0141;AWS-0143;AWS-0176;AWS-0177;AWS-0180;AWS-0342;AWS-0343;AWS-0345;AWS-0346,AWS-0066;AWS-0098,AWS-0019;AWS-0056;AWS-0058;AWS-0059;AWS-0060;AWS-0061;AWS-0062;AWS-0063;AWS-0067;AWS-0077;AWS-0078;AWS-0079;AWS-0080;AWS-0123;AWS-0133;AWS-0140;AWS-0141;AWS-0143;AWS-0176;AWS-0177;AWS-0180;AWS-0342;AWS-0343;AWS-0345;AWS-0346;AWS-0066;AWS-0098,
6,20260827_213104_d3cd1403,True,25,25,0,1,1,0,7,7,0,13,13,0,4,4,0,0,0,0,AWS-0019;AWS-0056;AWS-0058;AWS-0059;AWS-0060;AWS-0061;AWS-0062;AWS-0063;AWS-0064;AWS-0077;AWS-0078;AWS-0079;AWS-0080;AWS-0123;AWS-0133;AWS-0140;AWS-0141;AWS-0143;AWS-0176;AWS-0177;AWS-0180;AWS-0342;AWS-0343;AWS-0345;AWS-0346,,AWS-0019;AWS-0056;AWS-0058;AWS-0059;AWS-0060;AWS-0061;AWS-0062;AWS-0063;AWS-0064;AWS-0077;AWS-0078;AWS-0079;AWS-0080;AWS-0123;AWS-0133;AWS-0140;AWS-0141;AWS-0143;AWS-0176;AWS-0177;AWS-0180;AWS-0342;AWS-0343;AWS-0345;AWS-0346,
7,20260831_123422_7d70ef5e,False,28,27,1,1,1,0,9,9,0,13,13,0,5,4,1,0,0,0,AWS-0019;AWS-0030;AWS-0031;AWS-0032;AWS-0056;AWS-0058;AWS-0059;AWS-0060;AWS-0061;AWS-0062;AWS-0063;AWS-0077;AWS-0078;AWS-0079;AWS-0080;AWS-0123;AWS-0133;AWS-0140;AWS-0141;AWS-0143;AWS-0176;AWS-0177;AWS-0180;AWS-0342;AWS-0343;AWS-0345;AWS-0346,AWS-0033,AWS-0019;AWS-0030;AWS-0031;AWS-0032;AWS-0056;AWS-0058;AWS-0059;AWS-0060;AWS-0061;AWS-0062;AWS-0063;AWS-0077;AWS-0078;AWS-0079;AWS-0080;AWS-0123;AWS-0133;AWS-0140;AWS-0141;AWS-0143;AWS-0176;AWS-0177;AWS-0180;AWS-0342;AWS-0343;AWS-0345;AWS-0346;AWS-0033,
8,20260826_233329_a575077a,True,24,24,0,1,1,0,6,6,0,13,13,0,4,4,0,0,0,0,AWS-0019;AWS-0056;AWS-0058;AWS-0059;AWS-0060;AWS-0061;AWS-0062;AWS-0063;AWS-0077;AWS-0078;AWS-0079;AWS-0080;AWS-0123;AWS-0133;AWS-0140;AWS-0141;AWS-0143;AWS-0176;AWS-0177;AWS-0180;AWS-0342;AWS-0343;AWS-0345;AWS-0346,,AWS-0019;AWS-0056;AWS-0058;AWS-0059;AWS-0060;AWS-0061;AWS-0062;AWS-0063;AWS-0077;AWS-0078;AWS-0079;AWS-0080;AWS-0123;AWS-0133;AWS-0140;AWS-0141;AWS-0143;AWS-0176;AWS-0177;AWS-0180;AWS-0342;AWS-0343;AWS-0345;AWS-0346,
9,20260831_130649_ae2bf77c,False,25,24,1,1,1,0,6,6,0,13,13,0,5,4,1,0,0,0,AWS-0019;AWS-0056;AWS-0058;AWS-0059;AWS-0060;AWS-0061;AWS-0062;AWS-0063;AWS-0077;AWS-0078;AWS-0079;AWS-0080;AWS-0123;AWS-0133;AWS-0140;AWS-0141;AWS-0143;AWS-0176;AWS-0177;AWS-0180;AWS-0342;AWS-0343;AWS-0345;AWS-0346,AWS-0017,AWS-0019;AWS-0056;AWS-0058;AWS-0059;AWS-0060;AWS-0061;AWS-0062;AWS-0063;AWS-0077;AWS-0078;AWS-0079;AWS-0080;AWS-0123;AWS-0133;AWS-0140;AWS-0141;AWS-0143;AWS-0176;AWS-0177;AWS-0180;AWS-0342;AWS-0343;AWS-0345;AWS-0346;AWS-0017,
10,20260827_001243_187ebc41,False,27,25,2,2,2,0,6,6,0,13,13,0,6,4,2,0,0,0,AWS-0019;AWS-0056;AWS-0058;AWS-0059;AWS-0060;AWS-0061;AWS-0062;AWS-0063;AWS-0067;AWS-0077;AWS-0078;AWS-0079;AWS-0080;AWS-0123;AWS-0133;AWS-0140;AWS-0141;AWS-0143;AWS-0176;AWS-0177;AWS-0180;AWS-0342;AWS-0343;AWS-0345;AWS-0346,AWS-0017;AWS-0066,AWS-0019;AWS-0056;AWS-0058;AWS-0059;AWS-0060;AWS-0061;AWS-0062;AWS-0063;AWS-0067;AWS-0077;AWS-0078;AWS-0079;AWS-0080;AWS-0123;AWS-0133;AWS-0140;AWS-0141;AWS-0143;AWS-0176;AWS-0177;AWS-0180;AWS-0342;AWS-0343;AWS-0345;AWS-0346;AWS-0017;AWS-0066,
11,20260827_001545_3cd09587,False,32,30,2,2,2,0,7,7,0,15,14,1,8,7,1,0,0,0,AWS-0002;AWS-0003;AWS-0004;AWS-0005;AWS-0019;AWS-0056;AWS-0058;AWS-0059;AWS-0060;AWS-0061;AWS-0062;AWS-0063;AWS-0067;AWS-0077;AWS-0078;AWS-0079;AWS-0080;AWS-0123;AWS-0133;AWS-0140;AWS-0141;AWS-0143;AWS-0176;AWS-0177;AWS-0180;AWS-0190;AWS-0342;AWS-0343;AWS-0345;AWS-0346,AWS-0001;AWS-0066,AWS-0002;AWS-0003;AWS-0004;AWS-0005;AWS-0019;AWS-0056;AWS-0058;AWS-0059;AWS-0060;AWS-0061;AWS-0062;AWS-0063;AWS-0067;AWS-0077;AWS-0078;AWS-0079;AWS-0080;AWS-0123;AWS-0133;AWS-0140;AWS-0141;AWS-0143;AWS-0176;AWS-0177;AWS-0180;AWS-0190;AWS-0342;AWS-0343;AWS-0345;AWS-0346;AWS-0001;AWS-0066,
12,20260827_005211_d557e9c1,True,26,26,0,1,1,0,8,8,0,13,13,0,4,4,0,0,0,0,AWS-0019;AWS-0056;AWS-0058;AWS-0059;AWS-0060;AWS-0061;AWS-0062;AWS-0063;AWS-0077;AWS-0078;AWS-0079;AWS-0080;AWS-0095;AWS-0123;AWS-0133;AWS-0136;AWS-0140;AWS-0141;AWS-0143;AWS-0176;AWS-0177;AWS-0180;AWS-0342;AWS-0343;AWS-0345;AWS-0346,,AWS-0019;AWS-0056;AWS-0058;AWS-0059;AWS-0060;AWS-0061;AWS-0062;AWS-0063;AWS-0077;AWS-0078;AWS-0079;AWS-0080;AWS-0095;AWS-0123;AWS-0133;AWS-0136;AWS-0140;AWS-0141;AWS-0143;AWS-0176;AWS-0177;AWS-0180;AWS-0342;AWS-0343;AWS-0345;AWS-0346,
13,20260827_161346_00980332,True,24,24,0,1,1,0,6,6,0,13,13,0,4,4,0,0,0,0,AWS-0019;AWS-0056;AWS-0058;AWS-0059;AWS-0060;AWS-0061;AWS-0062;AWS-0063;AWS-0077;AWS-0078;AWS-0079;AWS-0080;AWS-0123;AWS-0133;AWS-0140;AWS-0141;AWS-0143;AWS-0176;AWS-0177;AWS-0180;AWS-0342;AWS-0343;AWS-0345;AWS-0346,,AWS-0019;AWS-0056;AWS-0058;AWS-0059;AWS-0060;AWS-0061;AWS-0062;AWS-0063;AWS-0077;AWS-0078;AWS-0079;AWS-0080;AWS-0123;AWS-0133;AWS-0140;AWS-0141;AWS-0143;AWS-0176;AWS-0177;AWS-0180;AWS-0342;AWS-0343;AWS-0345;AWS-0346,
14,20260827_010427_5cbfb767,False,32,29,3,2,2,0,7,7,0,15,14,1,8,6,2,0,0,0,AWS-0002;AWS-0004;AWS-0005;AWS-0019;AWS-0056;AWS-0058;AWS-0059;AWS-0060;AWS-0061;AWS-0062;AWS-0063;AWS-0067;AWS-0077;AWS-0078;AWS-0079;AWS-0080;AWS-0123;AWS-0133;AWS-0140;AWS-0141;AWS-0143;AWS-0176;AWS-0177;AWS-0180;AWS-0190;AWS-0342;AWS-0343;AWS-0345;AWS-0346,AWS-0001;AWS-0003;AWS-0066,AWS-0002;AWS-0004;AWS-0005;AWS-0019;AWS-0056;AWS-0058;AWS-0059;AWS-0060;AWS-0061;AWS-0062;AWS-0063;AWS-0067;AWS-0077;AWS-0078;AWS-0079;AWS-0080;AWS-0123;AWS-0133;AWS-0140;AWS-0141;AWS-0143;AWS-0176;AWS-0177;AWS-0180;AWS-0190;AWS-0342;AWS-0343;AWS-0345;AWS-0346;AWS-0001;AWS-0003;AWS-0066,
15,20260831_133513_9b6a7438,False,27,25,2,2,2,0,6,6,0,13,13,0,6,4,2,0,0,0,AWS-0019;AWS-0056;AWS-0058;AWS-0059;AWS-0060;AWS-0061;AWS-0062;AWS-0063;AWS-0067;AWS-0077;AWS-0078;AWS-0079;AWS-0080;AWS-0123;AWS-0133;AWS-0140;AWS-0141;AWS-0143;AWS-0176;AWS-0177;AWS-0180;AWS-0342;AWS-0343;AWS-0345;AWS-0346,AWS-0017;AWS-0066,AWS-0019;AWS-0056;AWS-0058;AWS-0059;AWS-0060;AWS-0061;AWS-0062;AWS-0063;AWS-0067;AWS-0077;AWS-0078;AWS-0079;AWS-0080;AWS-0123;AWS-0133;AWS-0140;AWS-0141;AWS-0143;AWS-0176;AWS-0177;AWS-0180;AWS-0342;AWS-0343;AWS-0345;AWS-0346;AWS-0017;AWS-0066,
16,20260827_011739_e9b67d94,False,29,25,4,2,2,0,6,6,0,13,13,0,8,4,4,0,0,0,AWS-0019;AWS-0056;AWS-0058;AWS-0059;AWS-0060;AWS-0061;AWS-0062;AWS-0063;AWS-0067;AWS-0077;AWS-0078;AWS-0079;AWS-0080;AWS-0123;AWS-0133;AWS-0140;AWS-0141;AWS-0143;AWS-0176;AWS-0177;AWS-0180;AWS-0342;AWS-0343;AWS-0345;AWS-0346,AWS-0066;AWS-0098,AWS-0019;AWS-0056;AWS-0058;AWS-0059;AWS-0060;AWS-0061;AWS-0062;AWS-0063;AWS-0067;AWS-0077;AWS-0078;AWS-0079;AWS-0080;AWS-0123;AWS-0133;AWS-0140;AWS-0141;AWS-0143;AWS-0176;AWS-0177;AWS-0180;AWS-0342;AWS-0343;AWS-0345;AWS-0346;AWS-0066;AWS-0098,
17,20260827_012657_b42b95c9,False,48,42,6,5,5,0,16,16,0,16,14,2,11,7,4,0,0,0,AWS-0008;AWS-0009;AWS-0019;AWS-0026;AWS-0027;AWS-0028;AWS-0029;AWS-0056;AWS-0058;AWS-0059;AWS-0060;AWS-0061;AWS-0062;AWS-0063;AWS-0077;AWS-0078;AWS-0079;AWS-0080;AWS-0099;AWS-0101;AWS-0102;AWS-0104;AWS-0105;AWS-0107;AWS-0122;AWS-0123;AWS-0129;AWS-0130;AWS-0131;AWS-0133;AWS-0140;AWS-0141;AWS-0143;AWS-0164;AWS-0176;AWS-0177;AWS-0180;AWS-0342;AWS-0343;AWS-0344;AWS-0345;AWS-0346,AWS-0124;AWS-0178,AWS-0008;AWS-0009;AWS-0019;AWS-0026;AWS-0027;AWS-0028;AWS-0029;AWS-0056;AWS-0058;AWS-0059;AWS-0060;AWS-0061;AWS-0062;AWS-0063;AWS-0077;AWS-0078;AWS-0079;AWS-0080;AWS-0099;AWS-0101;AWS-0102;AWS-0104;AWS-0105;AWS-0107;AWS-0122;AWS-0123;AWS-0129;AWS-0130;AWS-0131;AWS-0133;AWS-0140;AWS-0141;AWS-0143;AWS-0164;AWS-0176;AWS-0177;AWS-0180;AWS-0342;AWS-0343;AWS-0344;AWS-0345;AWS-0346;AWS-0124;AWS-0178,
18,20260827_013327_a9c6bcef,True,27,27,0,1,1,0,9,9,0,13,13,0,4,4,0,0,0,0,AWS-0018;AWS-0019;AWS-0056;AWS-0058;AWS-0059;AWS-0060;AWS-0061;AWS-0062;AWS-0063;AWS-0077;AWS-0078;AWS-0079;AWS-0080;AWS-0095;AWS-0123;AWS-0133;AWS-0136;AWS-0140;AWS-0141;AWS-0143;AWS-0176;AWS-0177;AWS-0180;AWS-0342;AWS-0343;AWS-0345;AWS-0346,,AWS-0018;AWS-0019;AWS-0056;AWS-0058;AWS-0059;AWS-0060;AWS-0061;AWS-0062;AWS-0063;AWS-0077;AWS-0078;AWS-0079;AWS-0080;AWS-0095;AWS-0123;AWS-0133;AWS-0136;AWS-0140;AWS-0141;AWS-0143;AWS-0176;AWS-0177;AWS-0180;AWS-0342;AWS-0343;AWS-0345;AWS-0346,
19,20260827_161729_26f9ca4c,True,24,24,0,1,1,0,6,6,0,13,13,0,4,4,0,0,0,0,AWS-0019;AWS-0056;AWS-0058;AWS-0059;AWS-0060;AWS-0061;AWS-0062;AWS-0063;AWS-0077;AWS-0078;AWS-0079;AWS-0080;AWS-0123;AWS-0133;AWS-0140;AWS-0141;AWS-0143;AWS-0176;AWS-0177;AWS-0180;AWS-0342;AWS-0343;AWS-0345;AWS-0346,,AWS-0019;AWS-0056;AWS-0058;AWS-0059;AWS-0060;AWS-0061;AWS-0062;AWS-0063;AWS-0077;AWS-0078;AWS-0079;AWS-0080;AWS-0123;AWS-0133;AWS-0140;AWS-0141;AWS-0143;AWS-0176;AWS-0177;AWS-0180;AWS-0342;AWS-0343;AWS-0345;AWS-0346,
20,20260827_014103_c1fef56c,False,37,34,3,2,2,0,12,12,0,15,14,1,8,6,2,0,0,0,AWS-0019;AWS-0056;AWS-0058;AWS-0059;AWS-0060;AWS-0061;AWS-0062;AWS-0063;AWS-0066;AWS-0067;AWS-0077;AWS-0078;AWS-0079;AWS-0080;AWS-0086;AWS-0087;AWS-0091;AWS-0092;AWS-0093;AWS-0094;AWS-0123;AWS-0132;AWS-0133;AWS-0140;AWS-0141;AWS-0143;AWS-0176;AWS-0177;AWS-0180;AWS-0320;AWS-0342;AWS-0343;AWS-0345;AWS-0346,AWS-0017;AWS-0089;AWS-0090,AWS-0019;AWS-0056;AWS-0058;AWS-0059;AWS-0060;AWS-0061;AWS-0062;AWS-0063;AWS-0066;AWS-0067;AWS-0077;AWS-0078;AWS-0079;AWS-0080;AWS-0086;AWS-0087;AWS-0091;AWS-0092;AWS-0093;AWS-0094;AWS-0123;AWS-0132;AWS-0133;AWS-0140;AWS-0141;AWS-0143;AWS-0176;AWS-0177;AWS-0180;AWS-0320;AWS-0342;AWS-0343;AWS-0345;AWS-0346;AWS-0017;AWS-0089;AWS-0090,
21,20260831_140318_12335236,False,56,50,6,5,5,0,22,22,0,17,15,2,12,8,4,0,0,0,AWS-0008;AWS-0009;AWS-0019;AWS-0026;AWS-0027;AWS-0028;AWS-0029;AWS-0056;AWS-0058;AWS-0059;AWS-0060;AWS-0061;AWS-0062;AWS-0063;AWS-0077;AWS-0078;AWS-0079;AWS-0080;AWS-0086;AWS-0087;AWS-0091;AWS-0092;AWS-0093;AWS-0094;AWS-0099;AWS-0101;AWS-0102;AWS-0104;AWS-0105;AWS-0107;AWS-0122;AWS-0123;AWS-0129;AWS-0130;AWS-0131;AWS-0132;AWS-0133;AWS-0140;AWS-0141;AWS-0143;AWS-0164;AWS-0176;AWS-0177;AWS-0180;AWS-0320;AWS-0342;AWS-0343;AWS-0344;AWS-0345;AWS-0346,AWS-0089;AWS-0090;AWS-0124;AWS-0178,AWS-0008;AWS-0009;AWS-0019;AWS-0026;AWS-0027;AWS-0028;AWS-0029;AWS-0056;AWS-0058;AWS-0059;AWS-0060;AWS-0061;AWS-0062;AWS-0063;AWS-0077;AWS-0078;AWS-0079;AWS-0080;AWS-0086;AWS-0087;AWS-0091;AWS-0092;AWS-0093;AWS-0094;AWS-0099;AWS-0101;AWS-0102;AWS-0104;AWS-0105;AWS-0107;AWS-0122;AWS-0123;AWS-0129;AWS-0130;AWS-0131;AWS-0132;AWS-0133;AWS-0140;AWS-0141;AWS-0143;AWS-0164;AWS-0176;AWS-0177;AWS-0180;AWS-0320;AWS-0342;AWS-0343;AWS-0344;AWS-0345;AWS-0346;AWS-0089;AWS-0090;AWS-0124;AWS-0178,
22,20260828_011817_e5d57042,False,33,30,3,2,2,0,7,7,0,15,15,0,9,6,3,0,0,0,AWS-0001;AWS-0002;AWS-0003;AWS-0005;AWS-0019;AWS-0056;AWS-0058;AWS-0059;AWS-0060;AWS-0061;AWS-0062;AWS-0063;AWS-0067;AWS-0077;AWS-0078;AWS-0079;AWS-0080;AWS-0123;AWS-0133;AWS-0140;AWS-0141;AWS-0143;AWS-0176;AWS-0177;AWS-0180;AWS-0190;AWS-0342;AWS-0343;AWS-0345;AWS-0346,AWS-0004;AWS-0066,AWS-0001;AWS-0002;AWS-0003;AWS-0005;AWS-0019;AWS-0056;AWS-0058;AWS-0059;AWS-0060;AWS-0061;AWS-0062;AWS-0063;AWS-0067;AWS-0077;AWS-0078;AWS-0079;AWS-0080;AWS-0123;AWS-0133;AWS-0140;AWS-0141;AWS-0143;AWS-0176;AWS-0177;AWS-0180;AWS-0190;AWS-0342;AWS-0343;AWS-0345;AWS-0346;AWS-0004;AWS-0066,
23,20260827_023844_3c573f49,True,24,24,0,1,1,0,6,6,0,13,13,0,4,4,0,0,0,0,AWS-0019;AWS-0056;AWS-0058;AWS-0059;AWS-0060;AWS-0061;AWS-0062;AWS-0063;AWS-0077;AWS-0078;AWS-0079;AWS-0080;AWS-0123;AWS-0133;AWS-0140;AWS-0141;AWS-0143;AWS-0176;AWS-0177;AWS-0180;AWS-0342;AWS-0343;AWS-0345;AWS-0346,,AWS-0019;AWS-0056;AWS-0058;AWS-0059;AWS-0060;AWS-0061;AWS-0062;AWS-0063;AWS-0077;AWS-0078;AWS-0079;AWS-0080;AWS-0123;AWS-0133;AWS-0140;AWS-0141;AWS-0143;AWS-0176;AWS-0177;AWS-0180;AWS-0342;AWS-0343;AWS-0345;AWS-0346,
24,20260827_164336_5dfcd561,False,31,30,1,2,2,0,10,10,0,13,13,0,6,5,1,0,0,0,AWS-0019;AWS-0030;AWS-0031;AWS-0032;AWS-0034;AWS-0035;AWS-0036;AWS-0056;AWS-0058;AWS-0059;AWS-0060;AWS-0061;AWS-0062;AWS-0063;AWS-0077;AWS-0078;AWS-0079;AWS-0080;AWS-0123;AWS-0133;AWS-0140;AWS-0141;AWS-0143;AWS-0176;AWS-0177;AWS-0180;AWS-0342;AWS-0343;AWS-0345;AWS-0346,AWS-0033,AWS-0019;AWS-0030;AWS-0031;AWS-0032;AWS-0034;AWS-0035;AWS-0036;AWS-0056;AWS-0058;AWS-0059;AWS-0060;AWS-0061;AWS-0062;AWS-0063;AWS-0077;AWS-0078;AWS-0079;AWS-0080;AWS-0123;AWS-0133;AWS-0140;AWS-0141;AWS-0143;AWS-0176;AWS-0177;AWS-0180;AWS-0342;AWS-0343;AWS-0345;AWS-0346;AWS-0033,
25,20260827_030346_c7366044,True,24,24,0,1,1,0,6,6,0,13,13,0,4,4,0,0,0,0,AWS-0019;AWS-0056;AWS-0058;AWS-0059;AWS-0060;AWS-0061;AWS-0062;AWS-0063;AWS-0077;AWS-0078;AWS-0079;AWS-0080;AWS-0123;AWS-0133;AWS-0140;AWS-0141;AWS-0143;AWS-0176;AWS-0177;AWS-0180;AWS-0342;AWS-0343;AWS-0345;AWS-0346,,AWS-0019;AWS-0056;AWS-0058;AWS-0059;AWS-0060;AWS-0061;AWS-0062;AWS-0063;AWS-0077;AWS-0078;AWS-0079;AWS-0080;AWS-0123;AWS-0133;AWS-0140;AWS-0141;AWS-0143;AWS-0176;AWS-0177;AWS-0180;AWS-0342;AWS-0343;AWS-0345;AWS-0346,
26,20260828_013058_60a272fd,True,30,30,0,1,1,0,7,7,0,15,15,0,7,7,0,0,0,0,AWS-0001;AWS-0002;AWS-0003;AWS-0004;AWS-0005;AWS-0019;AWS-0056;AWS-0058;AWS-0059;AWS-0060;AWS-0061;AWS-0062;AWS-0063;AWS-0077;AWS-0078;AWS-0079;AWS-0080;AWS-0123;AWS-0133;AWS-0140;AWS-0141;AWS-0143;AWS-0176;AWS-0177;AWS-0180;AWS-0190;AWS-0342;AWS-0343;AWS-0345;AWS-0346,,AWS-0001;AWS-0002;AWS-0003;AWS-0004;AWS-0005;AWS-0019;AWS-0056;AWS-0058;AWS-0059;AWS-0060;AWS-0061;AWS-0062;AWS-0063;AWS-0077;AWS-0078;AWS-0079;AWS-0080;AWS-0123;AWS-0133;AWS-0140;AWS-0141;AWS-0143;AWS-0176;AWS-0177;AWS-0180;AWS-0190;AWS-0342;AWS-0343;AWS-0345;AWS-0346,
27,20260827_165636_56d96a16,True,24,24,0,1,1,0,6,6,0,13,13,0,4,4,0,0,0,0,AWS-0019;AWS-0056;AWS-0058;AWS-0059;AWS-0060;AWS-0061;AWS-0062;AWS-0063;AWS-0077;AWS-0078;AWS-0079;AWS-0080;AWS-0123;AWS-0133;AWS-0140;AWS-0141;AWS-0143;AWS-0176;AWS-0177;AWS-0180;AWS-0342;AWS-0343;AWS-0345;AWS-0346,,AWS-0019;AWS-0056;AWS-0058;AWS-0059;AWS-0060;AWS-0061;AWS-0062;AWS-0063;AWS-0077;AWS-0078;AWS-0079;AWS-0080;AWS-0123;AWS-0133;AWS-0140;AWS-0141;AWS-0143;AWS-0176;AWS-0177;AWS-0180;AWS-0342;AWS-0343;AWS-0345;AWS-0346,
28,20260827_133450_30021df4,False,27,25,2,2,2,0,6,6,0,13,13,0,6,4,2,0,0,0,AWS-0019;AWS-0056;AWS-0058;AWS-0059;AWS-0060;AWS-0061;AWS-0062;AWS-0063;AWS-0067;AWS-0077;AWS-0078;AWS-0079;AWS-0080;AWS-0123;AWS-0133;AWS-0140;AWS-0141;AWS-0143;AWS-0176;AWS-0177;AWS-0180;AWS-0342;AWS-0343;AWS-0345;AWS-0346,AWS-0017;AWS-0066,AWS-0019;AWS-0056;AWS-0058;AWS-0059;AWS-0060;AWS-0061;AWS-0062;AWS-0063;AWS-0067;AWS-0077;AWS-0078;AWS-0079;AWS-0080;AWS-0123;AWS-0133;AWS-0140;AWS-0141;AWS-0143;AWS-0176;AWS-0177;AWS-0180;AWS-0342;AWS-0343;AWS-0345;AWS-0346;AWS-0017;AWS-0066,
29,20260827_133831_82c1ca33,False,54,51,3,5,5,0,22,22,0,17,15,2,10,9,1,0,0,0,AWS-0008;AWS-0009;AWS-0019;AWS-0026;AWS-0027;AWS-0028;AWS-0029;AWS-0056;AWS-0058;AWS-0059;AWS-0060;AWS-0061;AWS-0062;AWS-0063;AWS-0077;AWS-0078;AWS-0079;AWS-0080;AWS-0086;AWS-0087;AWS-0091;AWS-0092;AWS-0093;AWS-0094;AWS-0099;AWS-0101;AWS-0102;AWS-0104;AWS-0105;AWS-0107;AWS-0122;AWS-0123;AWS-0124;AWS-0129;AWS-0130;AWS-0131;AWS-0132;AWS-0133;AWS-0140;AWS-0141;AWS-0143;AWS-0164;AWS-0176;AWS-0177;AWS-0180;AWS-0320;AWS-0342;AWS-0343;AWS-0344;AWS-0345;AWS-0346,AWS-0089;AWS-0090;AWS-0178,AWS-0008;AWS-0009;AWS-0019;AWS-0026;AWS-0027;AWS-0028;AWS-0029;AWS-0056;AWS-0058;AWS-0059;AWS-0060;AWS-0061;AWS-0062;AWS-0063;AWS-0077;AWS-0078;AWS-0079;AWS-0080;AWS-0086;AWS-0087;AWS-0091;AWS-0092;AWS-0093;AWS-0094;AWS-0099;AWS-0101;AWS-0102;AWS-0104;AWS-0105;AWS-0107;AWS-0122;AWS-0123;AWS-0124;AWS-0129;AWS-0130;AWS-0131;AWS-0132;AWS-0133;AWS-0140;AWS-0141;AWS-0143;AWS-0164;AWS-0176;AWS-0177;AWS-0180;AWS-0320;AWS-0342;AWS-0343;AWS-0344;AWS-0345;AWS-0346;AWS-0089;AWS-0090;AWS-0178,
30,20260827_182851_5c54df72,False,30,26,4,1,1,0,7,7,0,14,14,0,8,4,4,0,0,0,AWS-0019;AWS-0023;AWS-0024;AWS-0056;AWS-0058;AWS-0059;AWS-0060;AWS-0061;AWS-0062;AWS-0063;AWS-0077;AWS-0078;AWS-0079;AWS-0080;AWS-0123;AWS-0133;AWS-0140;AWS-0141;AWS-0143;AWS-0176;AWS-0177;AWS-0180;AWS-0342;AWS-0343;AWS-0345;AWS-0346,AWS-0025,AWS-0019;AWS-0023;AWS-0024;AWS-0056;AWS-0058;AWS-0059;AWS-0060;AWS-0061;AWS-0062;AWS-0063;AWS-0077;AWS-0078;AWS-0079;AWS-0080;AWS-0123;AWS-0133;AWS-0140;AWS-0141;AWS-0143;AWS-0176;AWS-0177;AWS-0180;AWS-0342;AWS-0343;AWS-0345;AWS-0346;AWS-0025,
31,20260827_183107_5db04623,True,24,24,0,1,1,0,6,6,0,13,13,0,4,4,0,0,0,0,AWS-0019;AWS-0056;AWS-0058;AWS-0059;AWS-0060;AWS-0061;AWS-0062;AWS-0063;AWS-0077;AWS-0078;AWS-0079;AWS-0080;AWS-0123;AWS-0133;AWS-0140;AWS-0141;AWS-0143;AWS-0176;AWS-0177;AWS-0180;AWS-0342;AWS-0343;AWS-0345;AWS-0346,,AWS-0019;AWS-0056;AWS-0058;AWS-0059;AWS-0060;AWS-0061;AWS-0062;AWS-0063;AWS-0077;AWS-0078;AWS-0079;AWS-0080;AWS-0123;AWS-0133;AWS-0140;AWS-0141;AWS-0143;AWS-0176;AWS-0177;AWS-0180;AWS-0342;AWS-0343;AWS-0345;AWS-0346,
32,20260828_014523_8a822794,True,26,26,0,1,1,0,8,8,0,13,13,0,4,4,0,0,0,0,AWS-0019;AWS-0056;AWS-0058;AWS-0059;AWS-0060;AWS-0061;AWS-0062;AWS-0063;AWS-0077;AWS-0078;AWS-0079;AWS-0080;AWS-0095;AWS-0123;AWS-0133;AWS-0136;AWS-0140;AWS-0141;AWS-0143;AWS-0176;AWS-0177;AWS-0180;AWS-0342;AWS-0343;AWS-0345;AWS-0346,,AWS-0019;AWS-0056;AWS-0058;AWS-0059;AWS-0060;AWS-0061;AWS-0062;AWS-0063;AWS-0077;AWS-0078;AWS-0079;AWS-0080;AWS-0095;AWS-0123;AWS-0133;AWS-0136;AWS-0140;AWS-0141;AWS-0143;AWS-0176;AWS-0177;AWS-0180;AWS-0342;AWS-0343;AWS-0345;AWS-0346,
33,20260828_014835_d07abf80,True,24,24,0,1,1,0,6,6,0,13,13,0,4,4,0,0,0,0,AWS-0019;AWS-0056;AWS-0058;AWS-0059;AWS-0060;AWS-0061;AWS-0062;AWS-0063;AWS-0077;AWS-0078;AWS-0079;AWS-0080;AWS-0123;AWS-0133;AWS-0140;AWS-0141;AWS-0143;AWS-0176;AWS-0177;AWS-0180;AWS-0342;AWS-0343;AWS-0345;AWS-0346,,AWS-0019;AWS-0056;AWS-0058;AWS-0059;AWS-0060;AWS-0061;AWS-0062;AWS-0063;AWS-0077;AWS-0078;AWS-0079;AWS-0080;AWS-0123;AWS-0133;AWS-0140;AWS-0141;AWS-0143;AWS-0176;AWS-0177;AWS-0180;AWS-0342;AWS-0343;AWS-0345;AWS-0346,
34,20260828_031951_9e124864,True,24,24,0,1,1,0,6,6,0,13,13,0,4,4,0,0,0,0,AWS-0019;AWS-0056;AWS-0058;AWS-0059;AWS-0060;AWS-0061;AWS-0062;AWS-0063;AWS-0077;AWS-0078;AWS-0079;AWS-0080;AWS-0123;AWS-0133;AWS-0140;AWS-0141;AWS-0143;AWS-0176;AWS-0177;AWS-0180;AWS-0342;AWS-0343;AWS-0345;AWS-0346,,AWS-0019;AWS-0056;AWS-0058;AWS-0059;AWS-0060;AWS-0061;AWS-0062;AWS-0063;AWS-0077;AWS-0078;AWS-0079;AWS-0080;AWS-0123;AWS-0133;AWS-0140;AWS-0141;AWS-0143;AWS-0176;AWS-0177;AWS-0180;AWS-0342;AWS-0343;AWS-0345;AWS-0346,
35,20260828_032322_a316b759,True,24,24,0,1,1,0,6,6,0,13,13,0,4,4,0,0,0,0,AWS-0019;AWS-0056;AWS-0058;AWS-0059;AWS-0060;AWS-0061;AWS-0062;AWS-0063;AWS-0077;AWS-0078;AWS-0079;AWS-0080;AWS-0123;AWS-0133;AWS-0140;AWS-0141;AWS-0143;AWS-0176;AWS-0177;AWS-0180;AWS-0342;AWS-0343;AWS-0345;AWS-0346,,AWS-0019;AWS-0056;AWS-0058;AWS-0059;AWS-0060;AWS-0061;AWS-0062;AWS-0063;AWS-0077;AWS-0078;AWS-0079;AWS-0080;AWS-0123;AWS-0133;AWS-0140;AWS-0141;AWS-0143;AWS-0176;AWS-0177;AWS-0180;AWS-0342;AWS-0343;AWS-0345;AWS-0346,
36,20260831_144801_dc69ab73,False,30,28,2,1,1,0,7,7,0,15,14,1,7,6,1,0,0,0,AWS-0002;AWS-0003;AWS-0004;AWS-0005;AWS-0019;AWS-0056;AWS-0058;AWS-0059;AWS-0060;AWS-0061;AWS-0062;AWS-0063;AWS-0077;AWS-0078;AWS-0079;AWS-0080;AWS-0123;AWS-0133;AWS-0140;AWS-0141;AWS-0143;AWS-0176;AWS-0177;AWS-0180;AWS-0342;AWS-0343;AWS-0345;AWS-0346,AWS-0001;AWS-0190,AWS-0002;AWS-0003;AWS-0004;AWS-0005;AWS-0019;AWS-0056;AWS-0058;AWS-0059;AWS-0060;AWS-0061;AWS-0062;AWS-0063;AWS-0077;AWS-0078;AWS-0079;AWS-0080;AWS-0123;AWS-0133;AWS-0140;AWS-0141;AWS-0143;AWS-0176;AWS-0177;AWS-0180;AWS-0342;AWS-0343;AWS-0345;AWS-0346;AWS-0001;AWS-0190,
37,20260831_154835_491cc80d,True,24,24,0,1,1,0,6,6,0,13,13,0,4,4,0,0,0,0,AWS-0019;AWS-0056;AWS-0058;AWS-0059;AWS-0060;AWS-0061;AWS-0062;AWS-0063;AWS-0077;AWS-0078;AWS-0079;AWS-0080;AWS-0123;AWS-0133;AWS-0140;AWS-0141;AWS-0143;AWS-0176;AWS-0177;AWS-0180;AWS-0342;AWS-0343;AWS-0345;AWS-0346,,AWS-0019;AWS-0056;AWS-0058;AWS-0059;AWS-0060;AWS-0061;AWS-0062;AWS-0063;AWS-0077;AWS-0078;AWS-0079;AWS-0080;AWS-0123;AWS-0133;AWS-0140;AWS-0141;AWS-0143;AWS-0176;AWS-0177;AWS-0180;AWS-0342;AWS-0343;AWS-0345;AWS-0346,
38,20260828_042653_6c2d508f,True,24,24,0,1,1,0,6,6,0,13,13,0,4,4,0,0,0,0,AWS-0019;AWS-0056;AWS-0058;AWS-0059;AWS-0060;AWS-0061;AWS-0062;AWS-0063;AWS-0077;AWS-0078;AWS-0079;AWS-0080;AWS-0123;AWS-0133;AWS-0140;AWS-0141;AWS-0143;AWS-0176;AWS-0177;AWS-0180;AWS-0342;AWS-0343;AWS-0345;AWS-0346,,AWS-0019;AWS-0056;AWS-0058;AWS-0059;AWS-0060;AWS-0061;AWS-0062;AWS-0063;AWS-0077;AWS-0078;AWS-0079;AWS-0080;AWS-0123;AWS-0133;AWS-0140;AWS-0141;AWS-0143;AWS-0176;AWS-0177;AWS-0180;AWS-0342;AWS-0343;AWS-0345;AWS-0346,
39,20260828_043610_43edc6fb,False,32,30,2,1,1,0,12,12,0,14,13,1,5,4,1,0,0,0,AWS-0019;AWS-0023;AWS-0056;AWS-0058;AWS-0059;AWS-0060;AWS-0061;AWS-0062;AWS-0063;AWS-0077;AWS-0078;AWS-0079;AWS-0080;AWS-0095;AWS-0096;AWS-0097;AWS-0123;AWS-0133;AWS-0135;AWS-0136;AWS-0140;AWS-0141;AWS-0143;AWS-0176;AWS-0177;AWS-0180;AWS-0342;AWS-0343;AWS-0345;AWS-0346,AWS-0024;AWS-0025,AWS-0019;AWS-0023;AWS-0056;AWS-0058;AWS-0059;AWS-0060;AWS-0061;AWS-0062;AWS-0063;AWS-0077;AWS-0078;AWS-0079;AWS-0080;AWS-0095;AWS-0096;AWS-0097;AWS-0123;AWS-0133;AWS-0135;AWS-0136;AWS-0140;AWS-0141;AWS-0143;AWS-0176;AWS-0177;AWS-0180;AWS-0342;AWS-0343;AWS-0345;AWS-0346;AWS-0024;AWS-0025,
40,20260828_044155_0c31fd51,False,44,43,1,5,5,0,16,16,0,15,14,1,8,8,0,0,0,0,AWS-0008;AWS-0009;AWS-0019;AWS-0026;AWS-0027;AWS-0028;AWS-0029;AWS-0056;AWS-0058;AWS-0059;AWS-0060;AWS-0061;AWS-0062;AWS-0063;AWS-0077;AWS-0078;AWS-0079;AWS-0080;AWS-0099;AWS-0101;AWS-0102;AWS-0104;AWS-0105;AWS-0107;AWS-0122;AWS-0123;AWS-0124;AWS-0129;AWS-0130;AWS-0131;AWS-0133;AWS-0140;AWS-0141;AWS-0143;AWS-0164;AWS-0176;AWS-0177;AWS-0180;AWS-0342;AWS-0343;AWS-0344;AWS-0345;AWS-0346,AWS-0178,AWS-0008;AWS-0009;AWS-0019;AWS-0026;AWS-0027;AWS-0028;AWS-0029;AWS-0056;AWS-0058;AWS-0059;AWS-0060;AWS-0061;AWS-0062;AWS-0063;AWS-0077;AWS-0078;AWS-0079;AWS-0080;AWS-0099;AWS-0101;AWS-0102;AWS-0104;AWS-0105;AWS-0107;AWS-0122;AWS-0123;AWS-0124;AWS-0129;AWS-0130;AWS-0131;AWS-0133;AWS-0140;AWS-0141;AWS-0143;AWS-0164;AWS-0176;AWS-0177;AWS-0180;AWS-0342;AWS-0343;AWS-0344;AWS-0345;AWS-0346;AWS-0178,
41,20260828_044627_2d560c1c,False,24,23,1,1,1,0,6,6,0,13,12,1,4,4,0,0,0,0,AWS-0019;AWS-0056;AWS-0058;AWS-0059;AWS-0060;AWS-0061;AWS-0062;AWS-0063;AWS-0077;AWS-0078;AWS-0079;AWS-0080;AWS-0133;AWS-0140;AWS-0141;AWS-0143;AWS-0176;AWS-0177;AWS-0180;AWS-0342;AWS-0343;AWS-0345;AWS-0346,AWS-0123,AWS-0019;AWS-0056;AWS-0058;AWS-0059;AWS-0060;AWS-0061;AWS-0062;AWS-0063;AWS-0077;AWS-0078;AWS-0079;AWS-0080;AWS-0133;AWS-0140;AWS-0141;AWS-0143;AWS-0176;AWS-0177;AWS-0180;AWS-0342;AWS-0343;AWS-0345;AWS-0346;AWS-0123,
42,20260828_044949_e24c0654,False,36,34,2,1,1,0,14,14,0,15,14,1,6,5,1,0,0,0,AWS-0006;AWS-0007;AWS-0019;AWS-0056;AWS-0058;AWS-0059;AWS-0060;AWS-0061;AWS-0062;AWS-0063;AWS-0077;AWS-0078;AWS-0079;AWS-0080;AWS-0086;AWS-0087;AWS-0091;AWS-0092;AWS-0093;AWS-0094;AWS-0123;AWS-0132;AWS-0133;AWS-0140;AWS-0141;AWS-0143;AWS-0176;AWS-0177;AWS-0180;AWS-0320;AWS-0342;AWS-0343;AWS-0345;AWS-0346,AWS-0089;AWS-0090,AWS-0006;AWS-0007;AWS-0019;AWS-0056;AWS-0058;AWS-0059;AWS-0060;AWS-0061;AWS-0062;AWS-0063;AWS-0077;AWS-0078;AWS-0079;AWS-0080;AWS-0086;AWS-0087;AWS-0091;AWS-0092;AWS-0093;AWS-0094;AWS-0123;AWS-0132;AWS-0133;AWS-0140;AWS-0141;AWS-0143;AWS-0176;AWS-0177;AWS-0180;AWS-0320;AWS-0342;AWS-0343;AWS-0345;AWS-0346;AWS-0089;AWS-0090,
43,20260828_045253_5103d323,False,44,43,1,5,5,0,16,16,0,15,14,1,8,8,0,0,0,0,AWS-0008;AWS-0009;AWS-0019;AWS-0026;AWS-0027;AWS-0028;AWS-0029;AWS-0056;AWS-0058;AWS-0059;AWS-0060;AWS-0061;AWS-0062;AWS-0063;AWS-0077;AWS-0078;AWS-0079;AWS-0080;AWS-0099;AWS-0101;AWS-0102;AWS-0104;AWS-0105;AWS-0107;AWS-0122;AWS-0123;AWS-0124;AWS-0129;AWS-0130;AWS-0131;AWS-0133;AWS-0140;AWS-0141;AWS-0143;AWS-0164;AWS-0176;AWS-0177;AWS-0180;AWS-0342;AWS-0343;AWS-0344;AWS-0345;AWS-0346,AWS-0178,AWS-0008;AWS-0009;AWS-0019;AWS-0026;AWS-0027;AWS-0028;AWS-0029;AWS-0056;AWS-0058;AWS-0059;AWS-0060;AWS-0061;AWS-0062;AWS-0063;AWS-0077;AWS-0078;AWS-0079;AWS-0080;AWS-0099;AWS-0101;AWS-0102;AWS-0104;AWS-0105;AWS-0107;AWS-0122;AWS-0123;AWS-0124;AWS-0129;AWS-0130;AWS-0131;AWS-0133;AWS-0140;AWS-0141;AWS-0143;AWS-0164;AWS-0176;AWS-0177;AWS-0180;AWS-0342;AWS-0343;AWS-0344;AWS-0345;AWS-0346;AWS-0178,
44,20260828_200446_615411a7,False,38,33,5,2,2,0,12,12,0,16,14,2,8,5,3,0,0,0,AWS-0019;AWS-0056;AWS-0058;AWS-0059;AWS-0060;AWS-0061;AWS-0062;AWS-0063;AWS-0067;AWS-0077;AWS-0078;AWS-0079;AWS-0080;AWS-0086;AWS-0087;AWS-0091;AWS-0092;AWS-0093;AWS-0094;AWS-0123;AWS-0132;AWS-0133;AWS-0140;AWS-0141;AWS-0143;AWS-0176;AWS-0177;AWS-0180;AWS-0320;AWS-0342;AWS-0343;AWS-0345;AWS-0346,AWS-0066;AWS-0089;AWS-0090,AWS-0019;AWS-0056;AWS-0058;AWS-0059;AWS-0060;AWS-0061;AWS-0062;AWS-0063;AWS-0067;AWS-0077;AWS-0078;AWS-0079;AWS-0080;AWS-0086;AWS-0087;AWS-0091;AWS-0092;AWS-0093;AWS-0094;AWS-0123;AWS-0132;AWS-0133;AWS-0140;AWS-0141;AWS-0143;AWS-0176;AWS-0177;AWS-0180;AWS-0320;AWS-0342;AWS-0343;AWS-0345;AWS-0346;AWS-0066;AWS-0089;AWS-0090,
45,20260831_160507_9d96b4b9,False,44,39,5,2,2,0,15,15,0,17,15,2,10,7,3,0,0,0,AWS-0015;AWS-0016;AWS-0019;AWS-0023;AWS-0025;AWS-0056;AWS-0058;AWS-0059;AWS-0060;AWS-0061;AWS-0062;AWS-0063;AWS-0077;AWS-0078;AWS-0079;AWS-0080;AWS-0086;AWS-0087;AWS-0090;AWS-0091;AWS-0092;AWS-0093;AWS-0094;AWS-0123;AWS-0132;AWS-0133;AWS-0140;AWS-0141;AWS-0143;AWS-0161;AWS-0163;AWS-0176;AWS-0177;AWS-0180;AWS-0320;AWS-0342;AWS-0343;AWS-0345;AWS-0346,AWS-0014;AWS-0024;AWS-0089;AWS-0162,AWS-0015;AWS-0016;AWS-0019;AWS-0023;AWS-0025;AWS-0056;AWS-0058;AWS-0059;AWS-0060;AWS-0061;AWS-0062;AWS-0063;AWS-0077;AWS-0078;AWS-0079;AWS-0080;AWS-0086;AWS-0087;AWS-0090;AWS-0091;AWS-0092;AWS-0093;AWS-0094;AWS-0123;AWS-0132;AWS-0133;AWS-0140;AWS-0141;AWS-0143;AWS-0161;AWS-0163;AWS-0176;AWS-0177;AWS-0180;AWS-0320;AWS-0342;AWS-0343;AWS-0345;AWS-0346;AWS-0014;AWS-0024;AWS-0089;AWS-0162,
46,20260831_162004_ac60b67b,False,61,45,16,7,7,0,17,17,0,20,14,6,17,7,10,0,0,0,AWS-0008;AWS-0009;AWS-0019;AWS-0026;AWS-0027;AWS-0028;AWS-0029;AWS-0039;AWS-0040;AWS-0041;AWS-0056;AWS-0058;AWS-0059;AWS-0060;AWS-0061;AWS-0062;AWS-0063;AWS-0077;AWS-0078;AWS-0079;AWS-0080;AWS-0099;AWS-0101;AWS-0102;AWS-0104;AWS-0105;AWS-0107;AWS-0122;AWS-0123;AWS-0129;AWS-0130;AWS-0131;AWS-0133;AWS-0140;AWS-0141;AWS-0143;AWS-0164;AWS-0176;AWS-0177;AWS-0180;AWS-0342;AWS-0343;AWS-0344;AWS-0345;AWS-0346,AWS-0038;AWS-0124;AWS-0178,AWS-0008;AWS-0009;AWS-0019;AWS-0026;AWS-0027;AWS-0028;AWS-0029;AWS-0039;AWS-0040;AWS-0041;AWS-0056;AWS-0058;AWS-0059;AWS-0060;AWS-0061;AWS-0062;AWS-0063;AWS-0077;AWS-0078;AWS-0079;AWS-0080;AWS-0099;AWS-0101;AWS-0102;AWS-0104;AWS-0105;AWS-0107;AWS-0122;AWS-0123;AWS-0129;AWS-0130;AWS-0131;AWS-0133;AWS-0140;AWS-0141;AWS-0143;AWS-0164;AWS-0176;AWS-0177;AWS-0180;AWS-0342;AWS-0343;AWS-0344;AWS-0345;AWS-0346;AWS-0038;AWS-0124;AWS-0178,
47,20260828_143641_7e193a1d,False,44,43,1,5,5,0,16,16,0,15,14,1,8,8,0,0,0,0,AWS-0008;AWS-0009;AWS-0019;AWS-0026;AWS-0027;AWS-0028;AWS-0029;AWS-0056;AWS-0058;AWS-0059;AWS-0060;AWS-0061;AWS-0062;AWS-0063;AWS-0077;AWS-0078;AWS-0079;AWS-0080;AWS-0099;AWS-0101;AWS-0102;AWS-0104;AWS-0105;AWS-0107;AWS-0122;AWS-0123;AWS-0124;AWS-0129;AWS-0130;AWS-0131;AWS-0133;AWS-0140;AWS-0141;AWS-0143;AWS-0164;AWS-0176;AWS-0177;AWS-0180;AWS-0342;AWS-0343;AWS-0344;AWS-0345;AWS-0346,AWS-0178,AWS-0008;AWS-0009;AWS-0019;AWS-0026;AWS-0027;AWS-0028;AWS-0029;AWS-0056;AWS-0058;AWS-0059;AWS-0060;AWS-0061;AWS-0062;AWS-0063;AWS-0077;AWS-0078;AWS-0079;AWS-0080;AWS-0099;AWS-0101;AWS-0102;AWS-0104;AWS-0105;AWS-0107;AWS-0122;AWS-0123;AWS-0124;AWS-0129;AWS-0130;AWS-0131;AWS-0133;AWS-0140;AWS-0141;AWS-0143;AWS-0164;AWS-0176;AWS-0177;AWS-0180;AWS-0342;AWS-0343;AWS-0344;AWS-0345;AWS-0346;AWS-0178,
48,20260828_203918_6a2729dd,True,25,25,0,1,1,0,6,6,0,13,13,0,5,5,0,0,0,0,AWS-0017;AWS-0019;AWS-0056;AWS-0058;AWS-0059;AWS-0060;AWS-0061;AWS-0062;AWS-0063;AWS-0077;AWS-0078;AWS-0079;AWS-0080;AWS-0123;AWS-0133;AWS-0140;AWS-0141;AWS-0143;AWS-0176;AWS-0177;AWS-0180;AWS-0342;AWS-0343;AWS-0345;AWS-0346,,AWS-0017;AWS-0019;AWS-0056;AWS-0058;AWS-0059;AWS-0060;AWS-0061;AWS-0062;AWS-0063;AWS-0077;AWS-0078;AWS-0079;AWS-0080;AWS-0123;AWS-0133;AWS-0140;AWS-0141;AWS-0143;AWS-0176;AWS-0177;AWS-0180;AWS-0342;AWS-0343;AWS-0345;AWS-0346,
49,20260828_210406_53449600,False,48,44,4,6,6,0,17,17,0,15,14,1,10,7,3,0,0,0,AWS-0008;AWS-0009;AWS-0019;AWS-0026;AWS-0027;AWS-0028;AWS-0029;AWS-0035;AWS-0036;AWS-0056;AWS-0058;AWS-0059;AWS-0060;AWS-0061;AWS-0062;AWS-0063;AWS-0077;AWS-0078;AWS-0079;AWS-0080;AWS-0099;AWS-0101;AWS-0102;AWS-0104;AWS-0105;AWS-0107;AWS-0122;AWS-0123;AWS-0129;AWS-0130;AWS-0131;AWS-0133;AWS-0140;AWS-0141;AWS-0143;AWS-0164;AWS-0176;AWS-0177;AWS-0180;AWS-0342;AWS-0343;AWS-0344;AWS-0345;AWS-0346,AWS-0017;AWS-0034;AWS-0124;AWS-0178,AWS-0008;AWS-0009;AWS-0019;AWS-0026;AWS-0027;AWS-0028;AWS-0029;AWS-0035;AWS-0036;AWS-0056;AWS-0058;AWS-0059;AWS-0060;AWS-0061;AWS-0062;AWS-0063;AWS-0077;AWS-0078;AWS-0079;AWS-0080;AWS-0099;AWS-0101;AWS-0102;AWS-0104;AWS-0105;AWS-0107;AWS-0122;AWS-0123;AWS-0129;AWS-0130;AWS-0131;AWS-0133;AWS-0140;AWS-0141;AWS-0143;AWS-0164;AWS-0176;AWS-0177;AWS-0180;AWS-0342;AWS-0343;AWS-0344;AWS-0345;AWS-0346;AWS-0017;AWS-0034;AWS-0124;AWS-0178,
50,20260828_213540_cb5cb5f8,True,45,45,0,5,5,0,16,16,0,15,15,0,9,9,0,0,0,0,AWS-0008;AWS-0009;AWS-0017;AWS-0019;AWS-0026;AWS-0027;AWS-0028;AWS-0029;AWS-0056;AWS-0058;AWS-0059;AWS-0060;AWS-0061;AWS-0062;AWS-0063;AWS-0077;AWS-0078;AWS-0079;AWS-0080;AWS-0099;AWS-0101;AWS-0102;AWS-0104;AWS-0105;AWS-0107;AWS-0122;AWS-0123;AWS-0124;AWS-0129;AWS-0130;AWS-0131;AWS-0133;AWS-0140;AWS-0141;AWS-0143;AWS-0164;AWS-0176;AWS-0177;AWS-0178;AWS-0180;AWS-0342;AWS-0343;AWS-0344;AWS-0345;AWS-0346,,AWS-0008;AWS-0009;AWS-0017;AWS-0019;AWS-0026;AWS-0027;AWS-0028;AWS-0029;AWS-0056;AWS-0058;AWS-0059;AWS-0060;AWS-0061;AWS-0062;AWS-0063;AWS-0077;AWS-0078;AWS-0079;AWS-0080;AWS-0099;AWS-0101;AWS-0102;AWS-0104;AWS-0105;AWS-0107;AWS-0122;AWS-0123;AWS-0124;AWS-0129;AWS-0130;AWS-0131;AWS-0133;AWS-0140;AWS-0141;AWS-0143;AWS-0164;AWS-0176;AWS-0177;AWS-0178;AWS-0180;AWS-0342;AWS-0343;AWS-0344;AWS-0345;AWS-0346,
51,20260828_215324_78713e78,False,34,32,2,1,1,0,12,12,0,15,14,1,6,5,1,0,0,0,AWS-0019;AWS-0056;AWS-0058;AWS-0059;AWS-0060;AWS-0061;AWS-0062;AWS-0063;AWS-0077;AWS-0078;AWS-0079;AWS-0080;AWS-0086;AWS-0087;AWS-0091;AWS-0092;AWS-0093;AWS-0094;AWS-0123;AWS-0132;AWS-0133;AWS-0140;AWS-0141;AWS-0143;AWS-0176;AWS-0177;AWS-0180;AWS-0320;AWS-0342;AWS-0343;AWS-0345;AWS-0346,AWS-0089;AWS-0090,AWS-0019;AWS-0056;AWS-0058;AWS-0059;AWS-0060;AWS-0061;AWS-0062;AWS-0063;AWS-0077;AWS-0078;AWS-0079;AWS-0080;AWS-0086;AWS-0087;AWS-0091;AWS-0092;AWS-0093;AWS-0094;AWS-0123;AWS-0132;AWS-0133;AWS-0140;AWS-0141;AWS-0143;AWS-0176;AWS-0177;AWS-0180;AWS-0320;AWS-0342;AWS-0343;AWS-0345;AWS-0346;AWS-0089;AWS-0090,
52,20260829_102210_f82a480e,False,41,35,6,2,2,0,14,14,0,15,14,1,10,5,5,0,0,0,AWS-0019;AWS-0056;AWS-0058;AWS-0059;AWS-0060;AWS-0061;AWS-0062;AWS-0063;AWS-0067;AWS-0077;AWS-0078;AWS-0079;AWS-0080;AWS-0086;AWS-0087;AWS-0091;AWS-0092;AWS-0093;AWS-0094;AWS-0095;AWS-0123;AWS-0132;AWS-0133;AWS-0136;AWS-0140;AWS-0141;AWS-0143;AWS-0176;AWS-0177;AWS-0180;AWS-0320;AWS-0342;AWS-0343;AWS-0345;AWS-0346,AWS-0066;AWS-0089;AWS-0090,AWS-0019;AWS-0056;AWS-0058;AWS-0059;AWS-0060;AWS-0061;AWS-0062;AWS-0063;AWS-0067;AWS-0077;AWS-0078;AWS-0079;AWS-0080;AWS-0086;AWS-0087;AWS-0091;AWS-0092;AWS-0093;AWS-0094;AWS-0095;AWS-0123;AWS-0132;AWS-0133;AWS-0136;AWS-0140;AWS-0141;AWS-0143;AWS-0176;AWS-0177;AWS-0180;AWS-0320;AWS-0342;AWS-0343;AWS-0345;AWS-0346;AWS-0066;AWS-0089;AWS-0090,
53,20260828_221728_706b7ec3,False,55,50,5,5,5,0,22,22,0,17,15,2,11,8,3,0,0,0,AWS-0008;AWS-0009;AWS-0019;AWS-0026;AWS-0027;AWS-0028;AWS-0029;AWS-0056;AWS-0058;AWS-0059;AWS-0060;AWS-0061;AWS-0062;AWS-0063;AWS-0077;AWS-0078;AWS-0079;AWS-0080;AWS-0086;AWS-0087;AWS-0091;AWS-0092;AWS-0093;AWS-0094;AWS-0099;AWS-0101;AWS-0102;AWS-0104;AWS-0105;AWS-0107;AWS-0122;AWS-0123;AWS-0129;AWS-0130;AWS-0131;AWS-0132;AWS-0133;AWS-0140;AWS-0141;AWS-0143;AWS-0164;AWS-0176;AWS-0177;AWS-0180;AWS-0320;AWS-0342;AWS-0343;AWS-0344;AWS-0345;AWS-0346,AWS-0089;AWS-0090;AWS-0124;AWS-0178,AWS-0008;AWS-0009;AWS-0019;AWS-0026;AWS-0027;AWS-0028;AWS-0029;AWS-0056;AWS-0058;AWS-0059;AWS-0060;AWS-0061;AWS-0062;AWS-0063;AWS-0077;AWS-0078;AWS-0079;AWS-0080;AWS-0086;AWS-0087;AWS-0091;AWS-0092;AWS-0093;AWS-0094;AWS-0099;AWS-0101;AWS-0102;AWS-0104;AWS-0105;AWS-0107;AWS-0122;AWS-0123;AWS-0129;AWS-0130;AWS-0131;AWS-0132;AWS-0133;AWS-0140;AWS-0141;AWS-0143;AWS-0164;AWS-0176;AWS-0177;AWS-0180;AWS-0320;AWS-0342;AWS-0343;AWS-0344;AWS-0345;AWS-0346;AWS-0089;AWS-0090;AWS-0124;AWS-0178,
54,20260828_225139_49047237,False,35,25,10,2,2,0,6,6,0,13,13,0,14,4,10,0,0,0,AWS-0019;AWS-0056;AWS-0058;AWS-0059;AWS-0060;AWS-0061;AWS-0062;AWS-0063;AWS-0067;AWS-0077;AWS-0078;AWS-0079;AWS-0080;AWS-0123;AWS-0133;AWS-0140;AWS-0141;AWS-0143;AWS-0176;AWS-0177;AWS-0180;AWS-0342;AWS-0343;AWS-0345;AWS-0346,AWS-0017;AWS-0066,AWS-0019;AWS-0056;AWS-0058;AWS-0059;AWS-0060;AWS-0061;AWS-0062;AWS-0063;AWS-0067;AWS-0077;AWS-0078;AWS-0079;AWS-0080;AWS-0123;AWS-0133;AWS-0140;AWS-0141;AWS-0143;AWS-0176;AWS-0177;AWS-0180;AWS-0342;AWS-0343;AWS-0345;AWS-0346;AWS-0017;AWS-0066,
55,20260828_225429_3094dea2,False,44,43,1,5,5,0,16,16,0,15,14,1,8,8,0,0,0,0,AWS-0008;AWS-0009;AWS-0019;AWS-0026;AWS-0027;AWS-0028;AWS-0029;AWS-0056;AWS-0058;AWS-0059;AWS-0060;AWS-0061;AWS-0062;AWS-0063;AWS-0077;AWS-0078;AWS-0079;AWS-0080;AWS-0099;AWS-0101;AWS-0102;AWS-0104;AWS-0105;AWS-0107;AWS-0122;AWS-0123;AWS-0124;AWS-0129;AWS-0130;AWS-0131;AWS-0133;AWS-0140;AWS-0141;AWS-0143;AWS-0164;AWS-0176;AWS-0177;AWS-0180;AWS-0342;AWS-0343;AWS-0344;AWS-0345;AWS-0346,AWS-0178,AWS-0008;AWS-0009;AWS-0019;AWS-0026;AWS-0027;AWS-0028;AWS-0029;AWS-0056;AWS-0058;AWS-0059;AWS-0060;AWS-0061;AWS-0062;AWS-0063;AWS-0077;AWS-0078;AWS-0079;AWS-0080;AWS-0099;AWS-0101;AWS-0102;AWS-0104;AWS-0105;AWS-0107;AWS-0122;AWS-0123;AWS-0124;AWS-0129;AWS-0130;AWS-0131;AWS-0133;AWS-0140;AWS-0141;AWS-0143;AWS-0164;AWS-0176;AWS-0177;AWS-0180;AWS-0342;AWS-0343;AWS-0344;AWS-0345;AWS-0346;AWS-0178,
56,20260828_230137_99f0767f,False,27,26,1,1,1,0,7,7,0,14,14,0,5,4,1,0,0,0,AWS-0019;AWS-0023;AWS-0024;AWS-0056;AWS-0058;AWS-0059;AWS-0060;AWS-0061;AWS-0062;AWS-0063;AWS-0077;AWS-0078;AWS-0079;AWS-0080;AWS-0123;AWS-0133;AWS-0140;AWS-0141;AWS-0143;AWS-0176;AWS-0177;AWS-0180;AWS-0342;AWS-0343;AWS-0345;AWS-0346,AWS-0025,AWS-0019;AWS-0023;AWS-0024;AWS-0056;AWS-0058;AWS-0059;AWS-0060;AWS-0061;AWS-0062;AWS-0063;AWS-0077;AWS-0078;AWS-0079;AWS-0080;AWS-0123;AWS-0133;AWS-0140;AWS-0141;AWS-0143;AWS-0176;AWS-0177;AWS-0180;AWS-0342;AWS-0343;AWS-0345;AWS-0346;AWS-0025,
57,20260831_212121_f543f20f,False,29,27,2,2,2,0,7,7,0,14,14,0,6,4,2,0,0,0,AWS-0019;AWS-0023;AWS-0024;AWS-0056;AWS-0058;AWS-0059;AWS-0060;AWS-0061;AWS-0062;AWS-0063;AWS-0067;AWS-0077;AWS-0078;AWS-0079;AWS-0080;AWS-0123;AWS-0133;AWS-0140;AWS-0141;AWS-0143;AWS-0176;AWS-0177;AWS-0180;AWS-0342;AWS-0343;AWS-0345;AWS-0346,AWS-0025;AWS-0066,AWS-0019;AWS-0023;AWS-0024;AWS-0056;AWS-0058;AWS-0059;AWS-0060;AWS-0061;AWS-0062;AWS-0063;AWS-0067;AWS-0077;AWS-0078;AWS-0079;AWS-0080;AWS-0123;AWS-0133;AWS-0140;AWS-0141;AWS-0143;AWS-0176;AWS-0177;AWS-0180;AWS-0342;AWS-0343;AWS-0345;AWS-0346;AWS-0025;AWS-0066,
58,20260828_234728_11bd5f89,True,24,24,0,1,1,0,6,6,0,13,13,0,4,4,0,0,0,0,AWS-0019;AWS-0056;AWS-0058;AWS-0059;AWS-0060;AWS-0061;AWS-0062;AWS-0063;AWS-0077;AWS-0078;AWS-0079;AWS-0080;AWS-0123;AWS-0133;AWS-0140;AWS-0141;AWS-0143;AWS-0176;AWS-0177;AWS-0180;AWS-0342;AWS-0343;AWS-0345;AWS-0346,,AWS-0019;AWS-0056;AWS-0058;AWS-0059;AWS-0060;AWS-0061;AWS-0062;AWS-0063;AWS-0077;AWS-0078;AWS-0079;AWS-0080;AWS-0123;AWS-0133;AWS-0140;AWS-0141;AWS-0143;AWS-0176;AWS-0177;AWS-0180;AWS-0342;AWS-0343;AWS-0345;AWS-0346,
59,20260828_234937_4445b43c,True,24,24,0,1,1,0,6,6,0,13,13,0,4,4,0,0,0,0,AWS-0019;AWS-0056;AWS-0058;AWS-0059;AWS-0060;AWS-0061;AWS-0062;AWS-0063;AWS-0077;AWS-0078;AWS-0079;AWS-0080;AWS-0123;AWS-0133;AWS-0140;AWS-0141;AWS-0143;AWS-0176;AWS-0177;AWS-0180;AWS-0342;AWS-0343;AWS-0345;AWS-0346,,AWS-0019;AWS-0056;AWS-0058;AWS-0059;AWS-0060;AWS-0061;AWS-0062;AWS-0063;AWS-0077;AWS-0078;AWS-0079;AWS-0080;AWS-0123;AWS-0133;AWS-0140;AWS-0141;AWS-0143;AWS-0176;AWS-0177;AWS-0180;AWS-0342;AWS-0343;AWS-0345;AWS-0346,
60,20260831_212753_dd6e7ba1,True,0,0,0,0,0,0,0,0,0,0,0,0,0,0,0,0,0,0,,,,
61,20260829_025350_bc315d54,False,32,31,1,2,2,0,7,7,0,15,15,0,8,7,1,0,0,0,AWS-0001;AWS-0002;AWS-0003;AWS-0004;AWS-0005;AWS-0019;AWS-0056;AWS-0058;AWS-0059;AWS-0060;AWS-0061;AWS-0062;AWS-0063;AWS-0067;AWS-0077;AWS-0078;AWS-0079;AWS-0080;AWS-0123;AWS-0133;AWS-0140;AWS-0141;AWS-0143;AWS-0176;AWS-0177;AWS-0180;AWS-0190;AWS-0342;AWS-0343;AWS-0345;AWS-0346,AWS-0066,AWS-0001;AWS-0002;AWS-0003;AWS-0004;AWS-0005;AWS-0019;AWS-0056;AWS-0058;AWS-0059;AWS-0060;AWS-0061;AWS-0062;AWS-0063;AWS-0067;AWS-0077;AWS-0078;AWS-0079;AWS-0080;AWS-0123;AWS-0133;AWS-0140;AWS-0141;AWS-0143;AWS-0176;AWS-0177;AWS-0180;AWS-0190;AWS-0342;AWS-0343;AWS-0345;AWS-0346;AWS-0066,
62,20260829_065349_26ad38e7,False,64,55,9,7,7,0,24,24,0,17,16,1,16,8,8,0,0,0,AWS-0008;AWS-0009;AWS-0019;AWS-0026;AWS-0027;AWS-0028;AWS-0029;AWS-0047;AWS-0052;AWS-0053;AWS-0054;AWS-0056;AWS-0058;AWS-0059;AWS-0060;AWS-0061;AWS-0062;AWS-0063;AWS-0077;AWS-0078;AWS-0079;AWS-0080;AWS-0086;AWS-0087;AWS-0090;AWS-0091;AWS-0092;AWS-0093;AWS-0094;AWS-0099;AWS-0101;AWS-0102;AWS-0104;AWS-0105;AWS-0107;AWS-0122;AWS-0123;AWS-0129;AWS-0130;AWS-0131;AWS-0132;AWS-0133;AWS-0140;AWS-0141;AWS-0143;AWS-0164;AWS-0176;AWS-0177;AWS-0180;AWS-0320;AWS-0342;AWS-0343;AWS-0344;AWS-0345;AWS-0346,AWS-0089;AWS-0124;AWS-0178,AWS-0008;AWS-0009;AWS-0019;AWS-0026;AWS-0027;AWS-0028;AWS-0029;AWS-0047;AWS-0052;AWS-0053;AWS-0054;AWS-0056;AWS-0058;AWS-0059;AWS-0060;AWS-0061;AWS-0062;AWS-0063;AWS-0077;AWS-0078;AWS-0079;AWS-0080;AWS-0086;AWS-0087;AWS-0090;AWS-0091;AWS-0092;AWS-0093;AWS-0094;AWS-0099;AWS-0101;AWS-0102;AWS-0104;AWS-0105;AWS-0107;AWS-0122;AWS-0123;AWS-0129;AWS-0130;AWS-0131;AWS-0132;AWS-0133;AWS-0140;AWS-0141;AWS-0143;AWS-0164;AWS-0176;AWS-0177;AWS-0180;AWS-0320;AWS-0342;AWS-0343;AWS-0344;AWS-0345;AWS-0346;AWS-0089;AWS-0124;AWS-0178,
63,20260829_072705_ee878f5c,True,30,30,0,1,1,0,7,7,0,15,15,0,7,7,0,0,0,0,AWS-0001;AWS-0002;AWS-0003;AWS-0004;AWS-0005;AWS-0019;AWS-0056;AWS-0058;AWS-0059;AWS-0060;AWS-0061;AWS-0062;AWS-0063;AWS-0077;AWS-0078;AWS-0079;AWS-0080;AWS-0123;AWS-0133;AWS-0140;AWS-0141;AWS-0143;AWS-0176;AWS-0177;AWS-0180;AWS-0190;AWS-0342;AWS-0343;AWS-0345;AWS-0346,,AWS-0001;AWS-0002;AWS-0003;AWS-0004;AWS-0005;AWS-0019;AWS-0056;AWS-0058;AWS-0059;AWS-0060;AWS-0061;AWS-0062;AWS-0063;AWS-0077;AWS-0078;AWS-0079;AWS-0080;AWS-0123;AWS-0133;AWS-0140;AWS-0141;AWS-0143;AWS-0176;AWS-0177;AWS-0180;AWS-0190;AWS-0342;AWS-0343;AWS-0345;AWS-0346,
64,20260829_075607_a38d4bb9,False,26,24,2,1,1,0,6,6,0,13,13,0,6,4,2,0,0,0,AWS-0019;AWS-0056;AWS-0058;AWS-0059;AWS-0060;AWS-0061;AWS-0062;AWS-0063;AWS-0077;AWS-0078;AWS-0079;AWS-0080;AWS-0123;AWS-0133;AWS-0140;AWS-0141;AWS-0143;AWS-0176;AWS-0177;AWS-0180;AWS-0342;AWS-0343;AWS-0345;AWS-0346,AWS-0098,AWS-0019;AWS-0056;AWS-0058;AWS-0059;AWS-0060;AWS-0061;AWS-0062;AWS-0063;AWS-0077;AWS-0078;AWS-0079;AWS-0080;AWS-0123;AWS-0133;AWS-0140;AWS-0141;AWS-0143;AWS-0176;AWS-0177;AWS-0180;AWS-0342;AWS-0343;AWS-0345;AWS-0346;AWS-0098,
65,20260829_082455_353bd931,True,29,29,0,1,1,0,11,11,0,13,13,0,4,4,0,0,0,0,AWS-0019;AWS-0056;AWS-0058;AWS-0059;AWS-0060;AWS-0061;AWS-0062;AWS-0063;AWS-0077;AWS-0078;AWS-0079;AWS-0080;AWS-0095;AWS-0096;AWS-0097;AWS-0123;AWS-0133;AWS-0135;AWS-0136;AWS-0140;AWS-0141;AWS-0143;AWS-0176;AWS-0177;AWS-0180;AWS-0342;AWS-0343;AWS-0345;AWS-0346,,AWS-0019;AWS-0056;AWS-0058;AWS-0059;AWS-0060;AWS-0061;AWS-0062;AWS-0063;AWS-0077;AWS-0078;AWS-0079;AWS-0080;AWS-0095;AWS-0096;AWS-0097;AWS-0123;AWS-0133;AWS-0135;AWS-0136;AWS-0140;AWS-0141;AWS-0143;AWS-0176;AWS-0177;AWS-0180;AWS-0342;AWS-0343;AWS-0345;AWS-0346,
66,20260829_103042_f21a0cdd,False,26,25,1,2,2,0,6,6,0,13,13,0,5,4,1,0,0,0,AWS-0019;AWS-0056;AWS-0058;AWS-0059;AWS-0060;AWS-0061;AWS-0062;AWS-0063;AWS-0067;AWS-0077;AWS-0078;AWS-0079;AWS-0080;AWS-0123;AWS-0133;AWS-0140;AWS-0141;AWS-0143;AWS-0176;AWS-0177;AWS-0180;AWS-0342;AWS-0343;AWS-0345;AWS-0346,AWS-0066,AWS-0019;AWS-0056;AWS-0058;AWS-0059;AWS-0060;AWS-0061;AWS-0062;AWS-0063;AWS-0067;AWS-0077;AWS-0078;AWS-0079;AWS-0080;AWS-0123;AWS-0133;AWS-0140;AWS-0141;AWS-0143;AWS-0176;AWS-0177;AWS-0180;AWS-0342;AWS-0343;AWS-0345;AWS-0346;AWS-0066,
67,20260901_000235_ad52f23b,False,27,25,2,1,1,0,7,7,0,14,13,1,5,4,1,0,0,0,AWS-0019;AWS-0023;AWS-0056;AWS-0058;AWS-0059;AWS-0060;AWS-0061;AWS-0062;AWS-0063;AWS-0077;AWS-0078;AWS-0079;AWS-0080;AWS-0123;AWS-0133;AWS-0140;AWS-0141;AWS-0143;AWS-0176;AWS-0177;AWS-0180;AWS-0342;AWS-0343;AWS-0345;AWS-0346,AWS-0024;AWS-0025,AWS-0019;AWS-0023;AWS-0056;AWS-0058;AWS-0059;AWS-0060;AWS-0061;AWS-0062;AWS-0063;AWS-0077;AWS-0078;AWS-0079;AWS-0080;AWS-0123;AWS-0133;AWS-0140;AWS-0141;AWS-0143;AWS-0176;AWS-0177;AWS-0180;AWS-0342;AWS-0343;AWS-0345;AWS-0346;AWS-0024;AWS-0025,
68,20260829_105416_336af745,False,36,32,4,1,1,0,12,12,0,16,14,2,7,5,2,0,0,0,AWS-0019;AWS-0056;AWS-0058;AWS-0059;AWS-0060;AWS-0061;AWS-0062;AWS-0063;AWS-0077;AWS-0078;AWS-0079;AWS-0080;AWS-0086;AWS-0087;AWS-0091;AWS-0092;AWS-0093;AWS-0094;AWS-0123;AWS-0132;AWS-0133;AWS-0140;AWS-0141;AWS-0143;AWS-0176;AWS-0177;AWS-0180;AWS-0320;AWS-0342;AWS-0343;AWS-0345;AWS-0346,AWS-0089;AWS-0090,AWS-0019;AWS-0056;AWS-0058;AWS-0059;AWS-0060;AWS-0061;AWS-0062;AWS-0063;AWS-0077;AWS-0078;AWS-0079;AWS-0080;AWS-0086;AWS-0087;AWS-0091;AWS-0092;AWS-0093;AWS-0094;AWS-0123;AWS-0132;AWS-0133;AWS-0140;AWS-0141;AWS-0143;AWS-0176;AWS-0177;AWS-0180;AWS-0320;AWS-0342;AWS-0343;AWS-0345;AWS-0346;AWS-0089;AWS-0090,
69,20260829_110221_4c7a6e66,True,24,24,0,1,1,0,6,6,0,13,13,0,4,4,0,0,0,0,AWS-0019;AWS-0056;AWS-0058;AWS-0059;AWS-0060;AWS-0061;AWS-0062;AWS-0063;AWS-0077;AWS-0078;AWS-0079;AWS-0080;AWS-0123;AWS-0133;AWS-0140;AWS-0141;AWS-0143;AWS-0176;AWS-0177;AWS-0180;AWS-0342;AWS-0343;AWS-0345;AWS-0346,,AWS-0019;AWS-0056;AWS-0058;AWS-0059;AWS-0060;AWS-0061;AWS-0062;AWS-0063;AWS-0077;AWS-0078;AWS-0079;AWS-0080;AWS-0123;AWS-0133;AWS-0140;AWS-0141;AWS-0143;AWS-0176;AWS-0177;AWS-0180;AWS-0342;AWS-0343;AWS-0345;AWS-0346,
70,20260901_003516_62a3b06c,False,55,47,8,8,8,0,19,18,1,15,14,1,13,7,6,0,0,0,AWS-0008;AWS-0009;AWS-0019;AWS-0026;AWS-0027;AWS-0028;AWS-0029;AWS-0035;AWS-0036;AWS-0047;AWS-0052;AWS-0054;AWS-0056;AWS-0058;AWS-0059;AWS-0060;AWS-0061;AWS-0062;AWS-0063;AWS-0077;AWS-0078;AWS-0079;AWS-0080;AWS-0099;AWS-0101;AWS-0102;AWS-0104;AWS-0105;AWS-0107;AWS-0122;AWS-0123;AWS-0129;AWS-0130;AWS-0131;AWS-0133;AWS-0140;AWS-0141;AWS-0143;AWS-0164;AWS-0176;AWS-0177;AWS-0180;AWS-0342;AWS-0343;AWS-0344;AWS-0345;AWS-0346,AWS-0017;AWS-0034;AWS-0053;AWS-0124;AWS-0178,AWS-0008;AWS-0009;AWS-0019;AWS-0026;AWS-0027;AWS-0028;AWS-0029;AWS-0035;AWS-0036;AWS-0047;AWS-0052;AWS-0054;AWS-0056;AWS-0058;AWS-0059;AWS-0060;AWS-0061;AWS-0062;AWS-0063;AWS-0077;AWS-0078;AWS-0079;AWS-0080;AWS-0099;AWS-0101;AWS-0102;AWS-0104;AWS-0105;AWS-0107;AWS-0122;AWS-0123;AWS-0129;AWS-0130;AWS-0131;AWS-0133;AWS-0140;AWS-0141;AWS-0143;AWS-0164;AWS-0176;AWS-0177;AWS-0180;AWS-0342;AWS-0343;AWS-0344;AWS-0345;AWS-0346;AWS-0017;AWS-0034;AWS-0053;AWS-0124;AWS-0178,
71,20260829_114530_39443301,False,29,28,1,1,1,0,9,9,0,14,14,0,5,4,1,0,0,0,AWS-0019;AWS-0023;AWS-0024;AWS-0056;AWS-0058;AWS-0059;AWS-0060;AWS-0061;AWS-0062;AWS-0063;AWS-0077;AWS-0078;AWS-0079;AWS-0080;AWS-0095;AWS-0123;AWS-0133;AWS-0136;AWS-0140;AWS-0141;AWS-0143;AWS-0176;AWS-0177;AWS-0180;AWS-0342;AWS-0343;AWS-0345;AWS-0346,AWS-0025,AWS-0019;AWS-0023;AWS-0024;AWS-0056;AWS-0058;AWS-0059;AWS-0060;AWS-0061;AWS-0062;AWS-0063;AWS-0077;AWS-0078;AWS-0079;AWS-0080;AWS-0095;AWS-0123;AWS-0133;AWS-0136;AWS-0140;AWS-0141;AWS-0143;AWS-0176;AWS-0177;AWS-0180;AWS-0342;AWS-0343;AWS-0345;AWS-0346;AWS-0025,
72,20260829_114924_e01164fb,False,54,51,3,5,5,0,22,22,0,17,15,2,10,9,1,0,0,0,AWS-0008;AWS-0009;AWS-0019;AWS-0026;AWS-0027;AWS-0028;AWS-0029;AWS-0056;AWS-0058;AWS-0059;AWS-0060;AWS-0061;AWS-0062;AWS-0063;AWS-0077;AWS-0078;AWS-0079;AWS-0080;AWS-0086;AWS-0087;AWS-0091;AWS-0092;AWS-0093;AWS-0094;AWS-0099;AWS-0101;AWS-0102;AWS-0104;AWS-0105;AWS-0107;AWS-0122;AWS-0123;AWS-0124;AWS-0129;AWS-0130;AWS-0131;AWS-0132;AWS-0133;AWS-0140;AWS-0141;AWS-0143;AWS-0164;AWS-0176;AWS-0177;AWS-0180;AWS-0320;AWS-0342;AWS-0343;AWS-0344;AWS-0345;AWS-0346,AWS-0089;AWS-0090;AWS-0178,AWS-0008;AWS-0009;AWS-0019;AWS-0026;AWS-0027;AWS-0028;AWS-0029;AWS-0056;AWS-0058;AWS-0059;AWS-0060;AWS-0061;AWS-0062;AWS-0063;AWS-0077;AWS-0078;AWS-0079;AWS-0080;AWS-0086;AWS-0087;AWS-0091;AWS-0092;AWS-0093;AWS-0094;AWS-0099;AWS-0101;AWS-0102;AWS-0104;AWS-0105;AWS-0107;AWS-0122;AWS-0123;AWS-0124;AWS-0129;AWS-0130;AWS-0131;AWS-0132;AWS-0133;AWS-0140;AWS-0141;AWS-0143;AWS-0164;AWS-0176;AWS-0177;AWS-0180;AWS-0320;AWS-0342;AWS-0343;AWS-0344;AWS-0345;AWS-0346;AWS-0089;AWS-0090;AWS-0178,
73,20260901_004639_90d0fce8,False,27,25,2,2,2,0,6,6,0,13,13,0,6,4,2,0,0,0,AWS-0019;AWS-0056;AWS-0058;AWS-0059;AWS-0060;AWS-0061;AWS-0062;AWS-0063;AWS-0067;AWS-0077;AWS-0078;AWS-0079;AWS-0080;AWS-0123;AWS-0133;AWS-0140;AWS-0141;AWS-0143;AWS-0176;AWS-0177;AWS-0180;AWS-0342;AWS-0343;AWS-0345;AWS-0346,AWS-0066;AWS-0098,AWS-0019;AWS-0056;AWS-0058;AWS-0059;AWS-0060;AWS-0061;AWS-0062;AWS-0063;AWS-0067;AWS-0077;AWS-0078;AWS-0079;AWS-0080;AWS-0123;AWS-0133;AWS-0140;AWS-0141;AWS-0143;AWS-0176;AWS-0177;AWS-0180;AWS-0342;AWS-0343;AWS-0345;AWS-0346;AWS-0066;AWS-0098,
74,20260829_135650_f2558bfc,False,25,24,1,1,1,0,6,6,0,13,13,0,5,4,1,0,0,0,AWS-0019;AWS-0056;AWS-0058;AWS-0059;AWS-0060;AWS-0061;AWS-0062;AWS-0063;AWS-0077;AWS-0078;AWS-0079;AWS-0080;AWS-0123;AWS-0133;AWS-0140;AWS-0141;AWS-0143;AWS-0176;AWS-0177;AWS-0180;AWS-0342;AWS-0343;AWS-0345;AWS-0346,AWS-0017,AWS-0019;AWS-0056;AWS-0058;AWS-0059;AWS-0060;AWS-0061;AWS-0062;AWS-0063;AWS-0077;AWS-0078;AWS-0079;AWS-0080;AWS-0123;AWS-0133;AWS-0140;AWS-0141;AWS-0143;AWS-0176;AWS-0177;AWS-0180;AWS-0342;AWS-0343;AWS-0345;AWS-0346;AWS-0017,
75,20260829_140908_2c54a68f,True,24,24,0,1,1,0,6,6,0,13,13,0,4,4,0,0,0,0,AWS-0019;AWS-0056;AWS-0058;AWS-0059;AWS-0060;AWS-0061;AWS-0062;AWS-0063;AWS-0077;AWS-0078;AWS-0079;AWS-0080;AWS-0123;AWS-0133;AWS-0140;AWS-0141;AWS-0143;AWS-0176;AWS-0177;AWS-0180;AWS-0342;AWS-0343;AWS-0345;AWS-0346,,AWS-0019;AWS-0056;AWS-0058;AWS-0059;AWS-0060;AWS-0061;AWS-0062;AWS-0063;AWS-0077;AWS-0078;AWS-0079;AWS-0080;AWS-0123;AWS-0133;AWS-0140;AWS-0141;AWS-0143;AWS-0176;AWS-0177;AWS-0180;AWS-0342;AWS-0343;AWS-0345;AWS-0346,
76,20260829_142547_bd6d548b,False,26,25,1,2,2,0,6,6,0,13,13,0,5,4,1,0,0,0,AWS-0019;AWS-0056;AWS-0058;AWS-0059;AWS-0060;AWS-0061;AWS-0062;AWS-0063;AWS-0067;AWS-0077;AWS-0078;AWS-0079;AWS-0080;AWS-0123;AWS-0133;AWS-0140;AWS-0141;AWS-0143;AWS-0176;AWS-0177;AWS-0180;AWS-0342;AWS-0343;AWS-0345;AWS-0346,AWS-0066,AWS-0019;AWS-0056;AWS-0058;AWS-0059;AWS-0060;AWS-0061;AWS-0062;AWS-0063;AWS-0067;AWS-0077;AWS-0078;AWS-0079;AWS-0080;AWS-0123;AWS-0133;AWS-0140;AWS-0141;AWS-0143;AWS-0176;AWS-0177;AWS-0180;AWS-0342;AWS-0343;AWS-0345;AWS-0346;AWS-0066,
77,20260829_144324_23713e52,False,37,31,6,2,2,0,8,8,0,16,14,2,11,7,4,0,0,0,AWS-0002;AWS-0003;AWS-0004;AWS-0005;AWS-0019;AWS-0023;AWS-0056;AWS-0058;AWS-0059;AWS-0060;AWS-0061;AWS-0062;AWS-0063;AWS-0067;AWS-0077;AWS-0078;AWS-0079;AWS-0080;AWS-0123;AWS-0133;AWS-0140;AWS-0141;AWS-0143;AWS-0176;AWS-0177;AWS-0180;AWS-0190;AWS-0342;AWS-0343;AWS-0345;AWS-0346,AWS-0001;AWS-0024;AWS-0025;AWS-0066,AWS-0002;AWS-0003;AWS-0004;AWS-0005;AWS-0019;AWS-0023;AWS-0056;AWS-0058;AWS-0059;AWS-0060;AWS-0061;AWS-0062;AWS-0063;AWS-0067;AWS-0077;AWS-0078;AWS-0079;AWS-0080;AWS-0123;AWS-0133;AWS-0140;AWS-0141;AWS-0143;AWS-0176;AWS-0177;AWS-0180;AWS-0190;AWS-0342;AWS-0343;AWS-0345;AWS-0346;AWS-0001;AWS-0024;AWS-0025;AWS-0066,
78,20260901_004949_a69feb92,False,58,47,11,8,8,0,19,18,1,15,14,1,16,7,9,0,0,0,AWS-0008;AWS-0009;AWS-0019;AWS-0026;AWS-0027;AWS-0028;AWS-0029;AWS-0035;AWS-0036;AWS-0047;AWS-0052;AWS-0054;AWS-0056;AWS-0058;AWS-0059;AWS-0060;AWS-0061;AWS-0062;AWS-0063;AWS-0077;AWS-0078;AWS-0079;AWS-0080;AWS-0099;AWS-0101;AWS-0102;AWS-0104;AWS-0105;AWS-0107;AWS-0122;AWS-0123;AWS-0129;AWS-0130;AWS-0131;AWS-0133;AWS-0140;AWS-0141;AWS-0143;AWS-0164;AWS-0176;AWS-0177;AWS-0180;AWS-0342;AWS-0343;AWS-0344;AWS-0345;AWS-0346,AWS-0017;AWS-0034;AWS-0053;AWS-0124;AWS-0178,AWS-0008;AWS-0009;AWS-0019;AWS-0026;AWS-0027;AWS-0028;AWS-0029;AWS-0035;AWS-0036;AWS-0047;AWS-0052;AWS-0054;AWS-0056;AWS-0058;AWS-0059;AWS-0060;AWS-0061;AWS-0062;AWS-0063;AWS-0077;AWS-0078;AWS-0079;AWS-0080;AWS-0099;AWS-0101;AWS-0102;AWS-0104;AWS-0105;AWS-0107;AWS-0122;AWS-0123;AWS-0129;AWS-0130;AWS-0131;AWS-0133;AWS-0140;AWS-0141;AWS-0143;AWS-0164;AWS-0176;AWS-0177;AWS-0180;AWS-0342;AWS-0343;AWS-0344;AWS-0345;AWS-0346;AWS-0017;AWS-0034;AWS-0053;AWS-0124;AWS-0178,
79,20260829_154116_0f67c749,False,44,42,2,5,5,0,16,16,0,15,13,2,8,8,0,0,0,0,AWS-0008;AWS-0009;AWS-0019;AWS-0026;AWS-0027;AWS-0028;AWS-0029;AWS-0056;AWS-0058;AWS-0059;AWS-0060;AWS-0061;AWS-0062;AWS-0063;AWS-0077;AWS-0078;AWS-0079;AWS-0080;AWS-0099;AWS-0101;AWS-0102;AWS-0104;AWS-0107;AWS-0122;AWS-0123;AWS-0124;AWS-0129;AWS-0130;AWS-0131;AWS-0133;AWS-0140;AWS-0141;AWS-0143;AWS-0164;AWS-0176;AWS-0177;AWS-0180;AWS-0342;AWS-0343;AWS-0344;AWS-0345;AWS-0346,AWS-0105;AWS-0178,AWS-0008;AWS-0009;AWS-0019;AWS-0026;AWS-0027;AWS-0028;AWS-0029;AWS-0056;AWS-0058;AWS-0059;AWS-0060;AWS-0061;AWS-0062;AWS-0063;AWS-0077;AWS-0078;AWS-0079;AWS-0080;AWS-0099;AWS-0101;AWS-0102;AWS-0104;AWS-0107;AWS-0122;AWS-0123;AWS-0124;AWS-0129;AWS-0130;AWS-0131;AWS-0133;AWS-0140;AWS-0141;AWS-0143;AWS-0164;AWS-0176;AWS-0177;AWS-0180;AWS-0342;AWS-0343;AWS-0344;AWS-0345;AWS-0346;AWS-0105;AWS-0178,
80,20260829_154918_b523e228,True,25,25,0,1,1,0,6,6,0,13,13,0,5,5,0,0,0,0,AWS-0017;AWS-0019;AWS-0056;AWS-0058;AWS-0059;AWS-0060;AWS-0061;AWS-0062;AWS-0063;AWS-0077;AWS-0078;AWS-0079;AWS-0080;AWS-0123;AWS-0133;AWS-0140;AWS-0141;AWS-0143;AWS-0176;AWS-0177;AWS-0180;AWS-0342;AWS-0343;AWS-0345;AWS-0346,,AWS-0017;AWS-0019;AWS-0056;AWS-0058;AWS-0059;AWS-0060;AWS-0061;AWS-0062;AWS-0063;AWS-0077;AWS-0078;AWS-0079;AWS-0080;AWS-0123;AWS-0133;AWS-0140;AWS-0141;AWS-0143;AWS-0176;AWS-0177;AWS-0180;AWS-0342;AWS-0343;AWS-0345;AWS-0346,
81,20260829_170351_de074bb8,True,45,45,0,5,5,0,16,16,0,15,15,0,9,9,0,0,0,0,AWS-0008;AWS-0009;AWS-0017;AWS-0019;AWS-0026;AWS-0027;AWS-0028;AWS-0029;AWS-0056;AWS-0058;AWS-0059;AWS-0060;AWS-0061;AWS-0062;AWS-0063;AWS-0077;AWS-0078;AWS-0079;AWS-0080;AWS-0099;AWS-0101;AWS-0102;AWS-0104;AWS-0105;AWS-0107;AWS-0122;AWS-0123;AWS-0124;AWS-0129;AWS-0130;AWS-0131;AWS-0133;AWS-0140;AWS-0141;AWS-0143;AWS-0164;AWS-0176;AWS-0177;AWS-0178;AWS-0180;AWS-0342;AWS-0343;AWS-0344;AWS-0345;AWS-0346,,AWS-0008;AWS-0009;AWS-0017;AWS-0019;AWS-0026;AWS-0027;AWS-0028;AWS-0029;AWS-0056;AWS-0058;AWS-0059;AWS-0060;AWS-0061;AWS-0062;AWS-0063;AWS-0077;AWS-0078;AWS-0079;AWS-0080;AWS-0099;AWS-0101;AWS-0102;AWS-0104;AWS-0105;AWS-0107;AWS-0122;AWS-0123;AWS-0124;AWS-0129;AWS-0130;AWS-0131;AWS-0133;AWS-0140;AWS-0141;AWS-0143;AWS-0164;AWS-0176;AWS-0177;AWS-0178;AWS-0180;AWS-0342;AWS-0343;AWS-0344;AWS-0345;AWS-0346,
82,20260901_010538_6851d1e7,False,44,42,2,5,5,0,16,16,0,15,14,1,8,7,1,0,0,0,AWS-0008;AWS-0009;AWS-0019;AWS-0026;AWS-0027;AWS-0028;AWS-0029;AWS-0056;AWS-0058;AWS-0059;AWS-0060;AWS-0061;AWS-0062;AWS-0063;AWS-0077;AWS-0078;AWS-0079;AWS-0080;AWS-0099;AWS-0101;AWS-0102;AWS-0104;AWS-0105;AWS-0107;AWS-0122;AWS-0123;AWS-0129;AWS-0130;AWS-0131;AWS-0133;AWS-0140;AWS-0141;AWS-0143;AWS-0164;AWS-0176;AWS-0177;AWS-0180;AWS-0342;AWS-0343;AWS-0344;AWS-0345;AWS-0346,AWS-0124;AWS-0178,AWS-0008;AWS-0009;AWS-0019;AWS-0026;AWS-0027;AWS-0028;AWS-0029;AWS-0056;AWS-0058;AWS-0059;AWS-0060;AWS-0061;AWS-0062;AWS-0063;AWS-0077;AWS-0078;AWS-0079;AWS-0080;AWS-0099;AWS-0101;AWS-0102;AWS-0104;AWS-0105;AWS-0107;AWS-0122;AWS-0123;AWS-0129;AWS-0130;AWS-0131;AWS-0133;AWS-0140;AWS-0141;AWS-0143;AWS-0164;AWS-0176;AWS-0177;AWS-0180;AWS-0342;AWS-0343;AWS-0344;AWS-0345;AWS-0346;AWS-0124;AWS-0178,
83,20260829_184730_cd9b4aac,True,24,24,0,1,1,0,6,6,0,13,13,0,4,4,0,0,0,0,AWS-0019;AWS-0056;AWS-0058;AWS-0059;AWS-0060;AWS-0061;AWS-0062;AWS-0063;AWS-0077;AWS-0078;AWS-0079;AWS-0080;AWS-0123;AWS-0133;AWS-0140;AWS-0141;AWS-0143;AWS-0176;AWS-0177;AWS-0180;AWS-0342;AWS-0343;AWS-0345;AWS-0346,,AWS-0019;AWS-0056;AWS-0058;AWS-0059;AWS-0060;AWS-0061;AWS-0062;AWS-0063;AWS-0077;AWS-0078;AWS-0079;AWS-0080;AWS-0123;AWS-0133;AWS-0140;AWS-0141;AWS-0143;AWS-0176;AWS-0177;AWS-0180;AWS-0342;AWS-0343;AWS-0345;AWS-0346,
84,20260829_185705_3d5f04e8,True,24,24,0,1,1,0,6,6,0,13,13,0,4,4,0,0,0,0,AWS-0019;AWS-0056;AWS-0058;AWS-0059;AWS-0060;AWS-0061;AWS-0062;AWS-0063;AWS-0077;AWS-0078;AWS-0079;AWS-0080;AWS-0123;AWS-0133;AWS-0140;AWS-0141;AWS-0143;AWS-0176;AWS-0177;AWS-0180;AWS-0342;AWS-0343;AWS-0345;AWS-0346,,AWS-0019;AWS-0056;AWS-0058;AWS-0059;AWS-0060;AWS-0061;AWS-0062;AWS-0063;AWS-0077;AWS-0078;AWS-0079;AWS-0080;AWS-0123;AWS-0133;AWS-0140;AWS-0141;AWS-0143;AWS-0176;AWS-0177;AWS-0180;AWS-0342;AWS-0343;AWS-0345;AWS-0346,
85,20260829_192350_1884bf1b,False,27,25,2,2,2,0,6,6,0,13,13,0,6,4,2,0,0,0,AWS-0019;AWS-0056;AWS-0058;AWS-0059;AWS-0060;AWS-0061;AWS-0062;AWS-0063;AWS-0067;AWS-0077;AWS-0078;AWS-0079;AWS-0080;AWS-0123;AWS-0133;AWS-0140;AWS-0141;AWS-0143;AWS-0176;AWS-0177;AWS-0180;AWS-0342;AWS-0343;AWS-0345;AWS-0346,AWS-0066;AWS-0098,AWS-0019;AWS-0056;AWS-0058;AWS-0059;AWS-0060;AWS-0061;AWS-0062;AWS-0063;AWS-0067;AWS-0077;AWS-0078;AWS-0079;AWS-0080;AWS-0123;AWS-0133;AWS-0140;AWS-0141;AWS-0143;AWS-0176;AWS-0177;AWS-0180;AWS-0342;AWS-0343;AWS-0345;AWS-0346;AWS-0066;AWS-0098,
86,20260829_194336_ae3e6ed2,True,24,24,0,1,1,0,6,6,0,13,13,0,4,4,0,0,0,0,AWS-0019;AWS-0056;AWS-0058;AWS-0059;AWS-0060;AWS-0061;AWS-0062;AWS-0063;AWS-0077;AWS-0078;AWS-0079;AWS-0080;AWS-0123;AWS-0133;AWS-0140;AWS-0141;AWS-0143;AWS-0176;AWS-0177;AWS-0180;AWS-0342;AWS-0343;AWS-0345;AWS-0346,,AWS-0019;AWS-0056;AWS-0058;AWS-0059;AWS-0060;AWS-0061;AWS-0062;AWS-0063;AWS-0077;AWS-0078;AWS-0079;AWS-0080;AWS-0123;AWS-0133;AWS-0140;AWS-0141;AWS-0143;AWS-0176;AWS-0177;AWS-0180;AWS-0342;AWS-0343;AWS-0345;AWS-0346,
87,20260829_200605_02259fec,False,44,43,1,5,5,0,16,16,0,15,14,1,8,8,0,0,0,0,AWS-0008;AWS-0009;AWS-0019;AWS-0026;AWS-0027;AWS-0028;AWS-0029;AWS-0056;AWS-0058;AWS-0059;AWS-0060;AWS-0061;AWS-0062;AWS-0063;AWS-0077;AWS-0078;AWS-0079;AWS-0080;AWS-0099;AWS-0101;AWS-0102;AWS-0104;AWS-0105;AWS-0107;AWS-0122;AWS-0123;AWS-0124;AWS-0129;AWS-0130;AWS-0131;AWS-0133;AWS-0140;AWS-0141;AWS-0143;AWS-0164;AWS-0176;AWS-0177;AWS-0180;AWS-0342;AWS-0343;AWS-0344;AWS-0345;AWS-0346,AWS-0178,AWS-0008;AWS-0009;AWS-0019;AWS-0026;AWS-0027;AWS-0028;AWS-0029;AWS-0056;AWS-0058;AWS-0059;AWS-0060;AWS-0061;AWS-0062;AWS-0063;AWS-0077;AWS-0078;AWS-0079;AWS-0080;AWS-0099;AWS-0101;AWS-0102;AWS-0104;AWS-0105;AWS-0107;AWS-0122;AWS-0123;AWS-0124;AWS-0129;AWS-0130;AWS-0131;AWS-0133;AWS-0140;AWS-0141;AWS-0143;AWS-0164;AWS-0176;AWS-0177;AWS-0180;AWS-0342;AWS-0343;AWS-0344;AWS-0345;AWS-0346;AWS-0178,
88,20260829_201604_385912c0,False,46,43,3,5,5,0,15,15,0,15,15,0,11,8,3,0,0,0,AWS-0008;AWS-0009;AWS-0017;AWS-0019;AWS-0026;AWS-0027;AWS-0029;AWS-0056;AWS-0058;AWS-0059;AWS-0060;AWS-0061;AWS-0062;AWS-0063;AWS-0077;AWS-0078;AWS-0079;AWS-0080;AWS-0099;AWS-0101;AWS-0102;AWS-0104;AWS-0105;AWS-0107;AWS-0122;AWS-0123;AWS-0129;AWS-0130;AWS-0131;AWS-0133;AWS-0140;AWS-0141;AWS-0143;AWS-0164;AWS-0176;AWS-0177;AWS-0178;AWS-0180;AWS-0342;AWS-0343;AWS-0344;AWS-0345;AWS-0346,AWS-0124,AWS-0008;AWS-0009;AWS-0017;AWS-0019;AWS-0026;AWS-0027;AWS-0029;AWS-0056;AWS-0058;AWS-0059;AWS-0060;AWS-0061;AWS-0062;AWS-0063;AWS-0077;AWS-0078;AWS-0079;AWS-0080;AWS-0099;AWS-0101;AWS-0102;AWS-0104;AWS-0105;AWS-0107;AWS-0122;AWS-0123;AWS-0129;AWS-0130;AWS-0131;AWS-0133;AWS-0140;AWS-0141;AWS-0143;AWS-0164;AWS-0176;AWS-0177;AWS-0178;AWS-0180;AWS-0342;AWS-0343;AWS-0344;AWS-0345;AWS-0346;AWS-0124,
89,20260901_014921_6d042f21,False,56,35,21,2,2,0,14,14,0,28,14,14,12,5,7,0,0,0,AWS-0011;AWS-0012;AWS-0013;AWS-0019;AWS-0056;AWS-0058;AWS-0059;AWS-0060;AWS-0061;AWS-0062;AWS-0063;AWS-0077;AWS-0078;AWS-0079;AWS-0080;AWS-0086;AWS-0087;AWS-0091;AWS-0092;AWS-0093;AWS-0094;AWS-0123;AWS-0132;AWS-0133;AWS-0140;AWS-0141;AWS-0143;AWS-0176;AWS-0177;AWS-0180;AWS-0320;AWS-0342;AWS-0343;AWS-0345;AWS-0346,AWS-0010;AWS-0089;AWS-0090,AWS-0011;AWS-0012;AWS-0013;AWS-0019;AWS-0056;AWS-0058;AWS-0059;AWS-0060;AWS-0061;AWS-0062;AWS-0063;AWS-0077;AWS-0078;AWS-0079;AWS-0080;AWS-0086;AWS-0087;AWS-0091;AWS-0092;AWS-0093;AWS-0094;AWS-0123;AWS-0132;AWS-0133;AWS-0140;AWS-0141;AWS-0143;AWS-0176;AWS-0177;AWS-0180;AWS-0320;AWS-0342;AWS-0343;AWS-0345;AWS-0346;AWS-0010;AWS-0089;AWS-0090,
90,20260829_233346_5371819f,False,45,42,3,5,5,0,16,16,0,15,14,1,9,7,2,0,0,0,AWS-0008;AWS-0009;AWS-0019;AWS-0026;AWS-0027;AWS-0028;AWS-0029;AWS-0056;AWS-0058;AWS-0059;AWS-0060;AWS-0061;AWS-0062;AWS-0063;AWS-0077;AWS-0078;AWS-0079;AWS-0080;AWS-0099;AWS-0101;AWS-0102;AWS-0104;AWS-0105;AWS-0107;AWS-0122;AWS-0123;AWS-0129;AWS-0130;AWS-0131;AWS-0133;AWS-0140;AWS-0141;AWS-0143;AWS-0164;AWS-0176;AWS-0177;AWS-0180;AWS-0342;AWS-0343;AWS-0344;AWS-0345;AWS-0346,AWS-0124;AWS-0178,AWS-0008;AWS-0009;AWS-0019;AWS-0026;AWS-0027;AWS-0028;AWS-0029;AWS-0056;AWS-0058;AWS-0059;AWS-0060;AWS-0061;AWS-0062;AWS-0063;AWS-0077;AWS-0078;AWS-0079;AWS-0080;AWS-0099;AWS-0101;AWS-0102;AWS-0104;AWS-0105;AWS-0107;AWS-0122;AWS-0123;AWS-0129;AWS-0130;AWS-0131;AWS-0133;AWS-0140;AWS-0141;AWS-0143;AWS-0164;AWS-0176;AWS-0177;AWS-0180;AWS-0342;AWS-0343;AWS-0344;AWS-0345;AWS-0346;AWS-0124;AWS-0178,
91,20260830_122727_4d15300f,False,46,43,3,5,5,0,16,16,0,15,15,0,10,7,3,0,0,0,AWS-0008;AWS-0009;AWS-0019;AWS-0026;AWS-0027;AWS-0028;AWS-0029;AWS-0056;AWS-0058;AWS-0059;AWS-0060;AWS-0061;AWS-0062;AWS-0063;AWS-0077;AWS-0078;AWS-0079;AWS-0080;AWS-0099;AWS-0101;AWS-0102;AWS-0104;AWS-0105;AWS-0107;AWS-0122;AWS-0123;AWS-0129;AWS-0130;AWS-0131;AWS-0133;AWS-0140;AWS-0141;AWS-0143;AWS-0164;AWS-0176;AWS-0177;AWS-0178;AWS-0180;AWS-0342;AWS-0343;AWS-0344;AWS-0345;AWS-0346,AWS-0017;AWS-0124,AWS-0008;AWS-0009;AWS-0019;AWS-0026;AWS-0027;AWS-0028;AWS-0029;AWS-0056;AWS-0058;AWS-0059;AWS-0060;AWS-0061;AWS-0062;AWS-0063;AWS-0077;AWS-0078;AWS-0079;AWS-0080;AWS-0099;AWS-0101;AWS-0102;AWS-0104;AWS-0105;AWS-0107;AWS-0122;AWS-0123;AWS-0129;AWS-0130;AWS-0131;AWS-0133;AWS-0140;AWS-0141;AWS-0143;AWS-0164;AWS-0176;AWS-0177;AWS-0178;AWS-0180;AWS-0342;AWS-0343;AWS-0344;AWS-0345;AWS-0346;AWS-0017;AWS-0124,
92,20260830_124408_d685f3c8,True,24,24,0,1,1,0,6,6,0,13,13,0,4,4,0,0,0,0,AWS-0019;AWS-0056;AWS-0058;AWS-0059;AWS-0060;AWS-0061;AWS-0062;AWS-0063;AWS-0077;AWS-0078;AWS-0079;AWS-0080;AWS-0123;AWS-0133;AWS-0140;AWS-0141;AWS-0143;AWS-0176;AWS-0177;AWS-0180;AWS-0342;AWS-0343;AWS-0345;AWS-0346,,AWS-0019;AWS-0056;AWS-0058;AWS-0059;AWS-0060;AWS-0061;AWS-0062;AWS-0063;AWS-0077;AWS-0078;AWS-0079;AWS-0080;AWS-0123;AWS-0133;AWS-0140;AWS-0141;AWS-0143;AWS-0176;AWS-0177;AWS-0180;AWS-0342;AWS-0343;AWS-0345;AWS-0346,
93,20260901_022604_c9ff4867,False,43,39,4,2,2,0,16,15,1,16,15,1,9,7,2,0,0,0,AWS-0014;AWS-0016;AWS-0019;AWS-0056;AWS-0058;AWS-0059;AWS-0060;AWS-0061;AWS-0062;AWS-0063;AWS-0077;AWS-0078;AWS-0079;AWS-0080;AWS-0086;AWS-0087;AWS-0091;AWS-0092;AWS-0093;AWS-0094;AWS-0095;AWS-0123;AWS-0132;AWS-0133;AWS-0136;AWS-0140;AWS-0141;AWS-0143;AWS-0161;AWS-0162;AWS-0163;AWS-0176;AWS-0177;AWS-0180;AWS-0320;AWS-0342;AWS-0343;AWS-0345;AWS-0346,AWS-0015;AWS-0017;AWS-0089;AWS-0090,AWS-0014;AWS-0016;AWS-0019;AWS-0056;AWS-0058;AWS-0059;AWS-0060;AWS-0061;AWS-0062;AWS-0063;AWS-0077;AWS-0078;AWS-0079;AWS-0080;AWS-0086;AWS-0087;AWS-0091;AWS-0092;AWS-0093;AWS-0094;AWS-0095;AWS-0123;AWS-0132;AWS-0133;AWS-0136;AWS-0140;AWS-0141;AWS-0143;AWS-0161;AWS-0162;AWS-0163;AWS-0176;AWS-0177;AWS-0180;AWS-0320;AWS-0342;AWS-0343;AWS-0345;AWS-0346;AWS-0015;AWS-0017;AWS-0089;AWS-0090,
94,20260830_130754_d82f2fca,True,24,24,0,1,1,0,6,6,0,13,13,0,4,4,0,0,0,0,AWS-0019;AWS-0056;AWS-0058;AWS-0059;AWS-0060;AWS-0061;AWS-0062;AWS-0063;AWS-0077;AWS-0078;AWS-0079;AWS-0080;AWS-0123;AWS-0133;AWS-0140;AWS-0141;AWS-0143;AWS-0176;AWS-0177;AWS-0180;AWS-0342;AWS-0343;AWS-0345;AWS-0346,,AWS-0019;AWS-0056;AWS-0058;AWS-0059;AWS-0060;AWS-0061;AWS-0062;AWS-0063;AWS-0077;AWS-0078;AWS-0079;AWS-0080;AWS-0123;AWS-0133;AWS-0140;AWS-0141;AWS-0143;AWS-0176;AWS-0177;AWS-0180;AWS-0342;AWS-0343;AWS-0345;AWS-0346,
95,20260830_131246_1532ac6d,True,24,24,0,1,1,0,6,6,0,13,13,0,4,4,0,0,0,0,AWS-0019;AWS-0056;AWS-0058;AWS-0059;AWS-0060;AWS-0061;AWS-0062;AWS-0063;AWS-0077;AWS-0078;AWS-0079;AWS-0080;AWS-0123;AWS-0133;AWS-0140;AWS-0141;AWS-0143;AWS-0176;AWS-0177;AWS-0180;AWS-0342;AWS-0343;AWS-0345;AWS-0346,,AWS-0019;AWS-0056;AWS-0058;AWS-0059;AWS-0060;AWS-0061;AWS-0062;AWS-0063;AWS-0077;AWS-0078;AWS-0079;AWS-0080;AWS-0123;AWS-0133;AWS-0140;AWS-0141;AWS-0143;AWS-0176;AWS-0177;AWS-0180;AWS-0342;AWS-0343;AWS-0345;AWS-0346,
96,20260830_131442_09313536,False,27,24,3,1,1,0,6,6,0,13,13,0,7,4,3,0,0,0,AWS-0019;AWS-0056;AWS-0058;AWS-0059;AWS-0060;AWS-0061;AWS-0062;AWS-0063;AWS-0077;AWS-0078;AWS-0079;AWS-0080;AWS-0123;AWS-0133;AWS-0140;AWS-0141;AWS-0143;AWS-0176;AWS-0177;AWS-0180;AWS-0342;AWS-0343;AWS-0345;AWS-0346,AWS-0017,AWS-0019;AWS-0056;AWS-0058;AWS-0059;AWS-0060;AWS-0061;AWS-0062;AWS-0063;AWS-0077;AWS-0078;AWS-0079;AWS-0080;AWS-0123;AWS-0133;AWS-0140;AWS-0141;AWS-0143;AWS-0176;AWS-0177;AWS-0180;AWS-0342;AWS-0343;AWS-0345;AWS-0346;AWS-0017,
97,20260830_131844_044b62a5,False,51,49,2,8,8,0,19,19,0,15,14,1,9,8,1,0,0,0,AWS-0008;AWS-0009;AWS-0019;AWS-0026;AWS-0027;AWS-0028;AWS-0029;AWS-0035;AWS-0036;AWS-0047;AWS-0052;AWS-0053;AWS-0054;AWS-0056;AWS-0058;AWS-0059;AWS-0060;AWS-0061;AWS-0062;AWS-0063;AWS-0077;AWS-0078;AWS-0079;AWS-0080;AWS-0099;AWS-0101;AWS-0102;AWS-0104;AWS-0105;AWS-0107;AWS-0122;AWS-0123;AWS-0124;AWS-0129;AWS-0130;AWS-0131;AWS-0133;AWS-0140;AWS-0141;AWS-0143;AWS-0164;AWS-0176;AWS-0177;AWS-0180;AWS-0342;AWS-0343;AWS-0344;AWS-0345;AWS-0346,AWS-0034;AWS-0178,AWS-0008;AWS-0009;AWS-0019;AWS-0026;AWS-0027;AWS-0028;AWS-0029;AWS-0035;AWS-0036;AWS-0047;AWS-0052;AWS-0053;AWS-0054;AWS-0056;AWS-0058;AWS-0059;AWS-0060;AWS-0061;AWS-0062;AWS-0063;AWS-0077;AWS-0078;AWS-0079;AWS-0080;AWS-0099;AWS-0101;AWS-0102;AWS-0104;AWS-0105;AWS-0107;AWS-0122;AWS-0123;AWS-0124;AWS-0129;AWS-0130;AWS-0131;AWS-0133;AWS-0140;AWS-0141;AWS-0143;AWS-0164;AWS-0176;AWS-0177;AWS-0180;AWS-0342;AWS-0343;AWS-0344;AWS-0345;AWS-0346;AWS-0034;AWS-0178,
98,20260830_132532_ee9766d0,True,27,27,0,1,1,0,9,9,0,13,13,0,4,4,0,0,0,0,AWS-0019;AWS-0056;AWS-0058;AWS-0059;AWS-0060;AWS-0061;AWS-0062;AWS-0063;AWS-0077;AWS-0078;AWS-0079;AWS-0080;AWS-0096;AWS-0097;AWS-0123;AWS-0133;AWS-0135;AWS-0140;AWS-0141;AWS-0143;AWS-0176;AWS-0177;AWS-0180;AWS-0342;AWS-0343;AWS-0345;AWS-0346,,AWS-0019;AWS-0056;AWS-0058;AWS-0059;AWS-0060;AWS-0061;AWS-0062;AWS-0063;AWS-0077;AWS-0078;AWS-0079;AWS-0080;AWS-0096;AWS-0097;AWS-0123;AWS-0133;AWS-0135;AWS-0140;AWS-0141;AWS-0143;AWS-0176;AWS-0177;AWS-0180;AWS-0342;AWS-0343;AWS-0345;AWS-0346,
99,20260830_132808_3b420939,True,45,45,0,5,5,0,16,16,0,15,15,0,9,9,0,0,0,0,AWS-0008;AWS-0009;AWS-0017;AWS-0019;AWS-0026;AWS-0027;AWS-0028;AWS-0029;AWS-0056;AWS-0058;AWS-0059;AWS-0060;AWS-0061;AWS-0062;AWS-0063;AWS-0077;AWS-0078;AWS-0079;AWS-0080;AWS-0099;AWS-0101;AWS-0102;AWS-0104;AWS-0105;AWS-0107;AWS-0122;AWS-0123;AWS-0124;AWS-0129;AWS-0130;AWS-0131;AWS-0133;AWS-0140;AWS-0141;AWS-0143;AWS-0164;AWS-0176;AWS-0177;AWS-0178;AWS-0180;AWS-0342;AWS-0343;AWS-0344;AWS-0345;AWS-0346,,AWS-0008;AWS-0009;AWS-0017;AWS-0019;AWS-0026;AWS-0027;AWS-0028;AWS-0029;AWS-0056;AWS-0058;AWS-0059;AWS-0060;AWS-0061;AWS-0062;AWS-0063;AWS-0077;AWS-0078;AWS-0079;AWS-0080;AWS-0099;AWS-0101;AWS-0102;AWS-0104;AWS-0105;AWS-0107;AWS-0122;AWS-0123;AWS-0124;AWS-0129;AWS-0130;AWS-0131;AWS-0133;AWS-0140;AWS-0141;AWS-0143;AWS-0164;AWS-0176;AWS-0177;AWS-0178;AWS-0180;AWS-0342;AWS-0343;AWS-0344;AWS-0345;AWS-0346,
100,20260830_133049_9732d88e,False,25,24,1,1,1,0,6,6,0,13,13,0,5,4,1,0,0,0,AWS-0019;AWS-0056;AWS-0058;AWS-0059;AWS-0060;AWS-0061;AWS-0062;AWS-0063;AWS-0077;AWS-0078;AWS-0079;AWS-0080;AWS-0123;AWS-0133;AWS-0140;AWS-0141;AWS-0143;AWS-0176;AWS-0177;AWS-0180;AWS-0342;AWS-0343;AWS-0345;AWS-0346,AWS-0017,AWS-0019;AWS-0056;AWS-0058;AWS-0059;AWS-0060;AWS-0061;AWS-0062;AWS-0063;AWS-0077;AWS-0078;AWS-0079;AWS-0080;AWS-0123;AWS-0133;AWS-0140;AWS-0141;AWS-0143;AWS-0176;AWS-0177;AWS-0180;AWS-0342;AWS-0343;AWS-0345;AWS-0346;AWS-0017,
101,20260830_133202_3e782622,False,25,24,1,1,1,0,6,6,0,13,13,0,5,4,1,0,0,0,AWS-0019;AWS-0056;AWS-0058;AWS-0059;AWS-0060;AWS-0061;AWS-0062;AWS-0063;AWS-0077;AWS-0078;AWS-0079;AWS-0080;AWS-0123;AWS-0133;AWS-0140;AWS-0141;AWS-0143;AWS-0176;AWS-0177;AWS-0180;AWS-0342;AWS-0343;AWS-0345;AWS-0346,AWS-0017,AWS-0019;AWS-0056;AWS-0058;AWS-0059;AWS-0060;AWS-0061;AWS-0062;AWS-0063;AWS-0077;AWS-0078;AWS-0079;AWS-0080;AWS-0123;AWS-0133;AWS-0140;AWS-0141;AWS-0143;AWS-0176;AWS-0177;AWS-0180;AWS-0342;AWS-0343;AWS-0345;AWS-0346;AWS-0017,
102,20260830_133553_34d60d5f,False,38,37,1,1,1,0,15,15,0,15,15,0,7,6,1,0,0,0,AWS-0019;AWS-0030;AWS-0031;AWS-0032;AWS-0033;AWS-0056;AWS-0058;AWS-0059;AWS-0060;AWS-0061;AWS-0062;AWS-0063;AWS-0077;AWS-0078;AWS-0079;AWS-0080;AWS-0086;AWS-0087;AWS-0090;AWS-0091;AWS-0092;AWS-0093;AWS-0094;AWS-0123;AWS-0132;AWS-0133;AWS-0140;AWS-0141;AWS-0143;AWS-0176;AWS-0177;AWS-0180;AWS-0320;AWS-0342;AWS-0343;AWS-0345;AWS-0346,AWS-0089,AWS-0019;AWS-0030;AWS-0031;AWS-0032;AWS-0033;AWS-0056;AWS-0058;AWS-0059;AWS-0060;AWS-0061;AWS-0062;AWS-0063;AWS-0077;AWS-0078;AWS-0079;AWS-0080;AWS-0086;AWS-0087;AWS-0090;AWS-0091;AWS-0092;AWS-0093;AWS-0094;AWS-0123;AWS-0132;AWS-0133;AWS-0140;AWS-0141;AWS-0143;AWS-0176;AWS-0177;AWS-0180;AWS-0320;AWS-0342;AWS-0343;AWS-0345;AWS-0346;AWS-0089,
103,20260830_134041_aab23c2f,False,38,31,7,2,2,0,10,10,0,15,14,1,11,5,6,0,0,0,AWS-0002;AWS-0003;AWS-0005;AWS-0019;AWS-0056;AWS-0058;AWS-0059;AWS-0060;AWS-0061;AWS-0062;AWS-0063;AWS-0067;AWS-0077;AWS-0078;AWS-0079;AWS-0080;AWS-0096;AWS-0097;AWS-0123;AWS-0133;AWS-0135;AWS-0140;AWS-0141;AWS-0143;AWS-0176;AWS-0177;AWS-0180;AWS-0342;AWS-0343;AWS-0345;AWS-0346,AWS-0001;AWS-0004;AWS-0066;AWS-0190,AWS-0002;AWS-0003;AWS-0005;AWS-0019;AWS-0056;AWS-0058;AWS-0059;AWS-0060;AWS-0061;AWS-0062;AWS-0063;AWS-0067;AWS-0077;AWS-0078;AWS-0079;AWS-0080;AWS-0096;AWS-0097;AWS-0123;AWS-0133;AWS-0135;AWS-0140;AWS-0141;AWS-0143;AWS-0176;AWS-0177;AWS-0180;AWS-0342;AWS-0343;AWS-0345;AWS-0346;AWS-0001;AWS-0004;AWS-0066;AWS-0190,
104,20260830_134500_04480b4b,False,47,44,3,6,6,0,16,16,0,15,14,1,10,8,2,0,0,0,AWS-0008;AWS-0009;AWS-0019;AWS-0026;AWS-0027;AWS-0028;AWS-0029;AWS-0056;AWS-0058;AWS-0059;AWS-0060;AWS-0061;AWS-0062;AWS-0063;AWS-0067;AWS-0077;AWS-0078;AWS-0079;AWS-0080;AWS-0099;AWS-0101;AWS-0102;AWS-0104;AWS-0105;AWS-0107;AWS-0122;AWS-0123;AWS-0124;AWS-0129;AWS-0130;AWS-0131;AWS-0133;AWS-0140;AWS-0141;AWS-0143;AWS-0164;AWS-0176;AWS-0177;AWS-0180;AWS-0342;AWS-0343;AWS-0344;AWS-0345;AWS-0346,AWS-0066;AWS-0098;AWS-0178,AWS-0008;AWS-0009;AWS-0019;AWS-0026;AWS-0027;AWS-0028;AWS-0029;AWS-0056;AWS-0058;AWS-0059;AWS-0060;AWS-0061;AWS-0062;AWS-0063;AWS-0067;AWS-0077;AWS-0078;AWS-0079;AWS-0080;AWS-0099;AWS-0101;AWS-0102;AWS-0104;AWS-0105;AWS-0107;AWS-0122;AWS-0123;AWS-0124;AWS-0129;AWS-0130;AWS-0131;AWS-0133;AWS-0140;AWS-0141;AWS-0143;AWS-0164;AWS-0176;AWS-0177;AWS-0180;AWS-0342;AWS-0343;AWS-0344;AWS-0345;AWS-0346;AWS-0066;AWS-0098;AWS-0178,
105,20260830_135139_10470198,True,24,24,0,1,1,0,6,6,0,13,13,0,4,4,0,0,0,0,AWS-0019;AWS-0056;AWS-0058;AWS-0059;AWS-0060;AWS-0061;AWS-0062;AWS-0063;AWS-0077;AWS-0078;AWS-0079;AWS-0080;AWS-0123;AWS-0133;AWS-0140;AWS-0141;AWS-0143;AWS-0176;AWS-0177;AWS-0180;AWS-0342;AWS-0343;AWS-0345;AWS-0346,,AWS-0019;AWS-0056;AWS-0058;AWS-0059;AWS-0060;AWS-0061;AWS-0062;AWS-0063;AWS-0077;AWS-0078;AWS-0079;AWS-0080;AWS-0123;AWS-0133;AWS-0140;AWS-0141;AWS-0143;AWS-0176;AWS-0177;AWS-0180;AWS-0342;AWS-0343;AWS-0345;AWS-0346,
106,20260901_024557_5d705f08,False,49,42,7,5,5,0,16,16,0,20,13,7,8,8,0,0,0,0,AWS-0008;AWS-0009;AWS-0019;AWS-0026;AWS-0027;AWS-0028;AWS-0029;AWS-0056;AWS-0058;AWS-0059;AWS-0060;AWS-0061;AWS-0062;AWS-0063;AWS-0077;AWS-0078;AWS-0079;AWS-0080;AWS-0099;AWS-0101;AWS-0102;AWS-0104;AWS-0107;AWS-0122;AWS-0123;AWS-0124;AWS-0129;AWS-0130;AWS-0131;AWS-0133;AWS-0140;AWS-0141;AWS-0143;AWS-0164;AWS-0176;AWS-0177;AWS-0180;AWS-0342;AWS-0343;AWS-0344;AWS-0345;AWS-0346,AWS-0105;AWS-0178,AWS-0008;AWS-0009;AWS-0019;AWS-0026;AWS-0027;AWS-0028;AWS-0029;AWS-0056;AWS-0058;AWS-0059;AWS-0060;AWS-0061;AWS-0062;AWS-0063;AWS-0077;AWS-0078;AWS-0079;AWS-0080;AWS-0099;AWS-0101;AWS-0102;AWS-0104;AWS-0107;AWS-0122;AWS-0123;AWS-0124;AWS-0129;AWS-0130;AWS-0131;AWS-0133;AWS-0140;AWS-0141;AWS-0143;AWS-0164;AWS-0176;AWS-0177;AWS-0180;AWS-0342;AWS-0343;AWS-0344;AWS-0345;AWS-0346;AWS-0105;AWS-0178,
107,20260830_142024_8e5d7e12,False,45,31,14,2,2,0,8,8,0,16,15,1,19,6,13,0,0,0,AWS-0001;AWS-0002;AWS-0003;AWS-0005;AWS-0019;AWS-0023;AWS-0056;AWS-0058;AWS-0059;AWS-0060;AWS-0061;AWS-0062;AWS-0063;AWS-0067;AWS-0077;AWS-0078;AWS-0079;AWS-0080;AWS-0123;AWS-0133;AWS-0140;AWS-0141;AWS-0143;AWS-0176;AWS-0177;AWS-0180;AWS-0190;AWS-0342;AWS-0343;AWS-0345;AWS-0346,AWS-0004;AWS-0017;AWS-0024;AWS-0025;AWS-0066,AWS-0001;AWS-0002;AWS-0003;AWS-0005;AWS-0019;AWS-0023;AWS-0056;AWS-0058;AWS-0059;AWS-0060;AWS-0061;AWS-0062;AWS-0063;AWS-0067;AWS-0077;AWS-0078;AWS-0079;AWS-0080;AWS-0123;AWS-0133;AWS-0140;AWS-0141;AWS-0143;AWS-0176;AWS-0177;AWS-0180;AWS-0190;AWS-0342;AWS-0343;AWS-0345;AWS-0346;AWS-0004;AWS-0017;AWS-0024;AWS-0025;AWS-0066,
108,20260830_142256_203254ea,False,44,43,1,5,5,0,16,16,0,15,14,1,8,8,0,0,0,0,AWS-0008;AWS-0009;AWS-0019;AWS-0026;AWS-0027;AWS-0028;AWS-0029;AWS-0056;AWS-0058;AWS-0059;AWS-0060;AWS-0061;AWS-0062;AWS-0063;AWS-0077;AWS-0078;AWS-0079;AWS-0080;AWS-0099;AWS-0101;AWS-0102;AWS-0104;AWS-0105;AWS-0107;AWS-0122;AWS-0123;AWS-0124;AWS-0129;AWS-0130;AWS-0131;AWS-0133;AWS-0140;AWS-0141;AWS-0143;AWS-0164;AWS-0176;AWS-0177;AWS-0180;AWS-0342;AWS-0343;AWS-0344;AWS-0345;AWS-0346,AWS-0178,AWS-0008;AWS-0009;AWS-0019;AWS-0026;AWS-0027;AWS-0028;AWS-0029;AWS-0056;AWS-0058;AWS-0059;AWS-0060;AWS-0061;AWS-0062;AWS-0063;AWS-0077;AWS-0078;AWS-0079;AWS-0080;AWS-0099;AWS-0101;AWS-0102;AWS-0104;AWS-0105;AWS-0107;AWS-0122;AWS-0123;AWS-0124;AWS-0129;AWS-0130;AWS-0131;AWS-0133;AWS-0140;AWS-0141;AWS-0143;AWS-0164;AWS-0176;AWS-0177;AWS-0180;AWS-0342;AWS-0343;AWS-0344;AWS-0345;AWS-0346;AWS-0178,
109,20260830_142729_e2b6a6c4,False,25,24,1,1,1,0,6,6,0,13,13,0,5,4,1,0,0,0,AWS-0019;AWS-0056;AWS-0058;AWS-0059;AWS-0060;AWS-0061;AWS-0062;AWS-0063;AWS-0077;AWS-0078;AWS-0079;AWS-0080;AWS-0123;AWS-0133;AWS-0140;AWS-0141;AWS-0143;AWS-0176;AWS-0177;AWS-0180;AWS-0342;AWS-0343;AWS-0345;AWS-0346,AWS-0017,AWS-0019;AWS-0056;AWS-0058;AWS-0059;AWS-0060;AWS-0061;AWS-0062;AWS-0063;AWS-0077;AWS-0078;AWS-0079;AWS-0080;AWS-0123;AWS-0133;AWS-0140;AWS-0141;AWS-0143;AWS-0176;AWS-0177;AWS-0180;AWS-0342;AWS-0343;AWS-0345;AWS-0346;AWS-0017,
110,20260830_143253_1cbe522d,False,27,25,2,1,1,0,7,7,0,14,13,1,5,4,1,0,0,0,AWS-0019;AWS-0023;AWS-0056;AWS-0058;AWS-0059;AWS-0060;AWS-0061;AWS-0062;AWS-0063;AWS-0077;AWS-0078;AWS-0079;AWS-0080;AWS-0123;AWS-0133;AWS-0140;AWS-0141;AWS-0143;AWS-0176;AWS-0177;AWS-0180;AWS-0342;AWS-0343;AWS-0345;AWS-0346,AWS-0024;AWS-0025,AWS-0019;AWS-0023;AWS-0056;AWS-0058;AWS-0059;AWS-0060;AWS-0061;AWS-0062;AWS-0063;AWS-0077;AWS-0078;AWS-0079;AWS-0080;AWS-0123;AWS-0133;AWS-0140;AWS-0141;AWS-0143;AWS-0176;AWS-0177;AWS-0180;AWS-0342;AWS-0343;AWS-0345;AWS-0346;AWS-0024;AWS-0025,
111,20260830_143810_45e22f3d,True,24,24,0,1,1,0,6,6,0,13,13,0,4,4,0,0,0,0,AWS-0019;AWS-0056;AWS-0058;AWS-0059;AWS-0060;AWS-0061;AWS-0062;AWS-0063;AWS-0077;AWS-0078;AWS-0079;AWS-0080;AWS-0123;AWS-0133;AWS-0140;AWS-0141;AWS-0143;AWS-0176;AWS-0177;AWS-0180;AWS-0342;AWS-0343;AWS-0345;AWS-0346,,AWS-0019;AWS-0056;AWS-0058;AWS-0059;AWS-0060;AWS-0061;AWS-0062;AWS-0063;AWS-0077;AWS-0078;AWS-0079;AWS-0080;AWS-0123;AWS-0133;AWS-0140;AWS-0141;AWS-0143;AWS-0176;AWS-0177;AWS-0180;AWS-0342;AWS-0343;AWS-0345;AWS-0346,
112,20260830_144115_2cc19606,True,24,24,0,1,1,0,6,6,0,13,13,0,4,4,0,0,0,0,AWS-0019;AWS-0056;AWS-0058;AWS-0059;AWS-0060;AWS-0061;AWS-0062;AWS-0063;AWS-0077;AWS-0078;AWS-0079;AWS-0080;AWS-0123;AWS-0133;AWS-0140;AWS-0141;AWS-0143;AWS-0176;AWS-0177;AWS-0180;AWS-0342;AWS-0343;AWS-0345;AWS-0346,,AWS-0019;AWS-0056;AWS-0058;AWS-0059;AWS-0060;AWS-0061;AWS-0062;AWS-0063;AWS-0077;AWS-0078;AWS-0079;AWS-0080;AWS-0123;AWS-0133;AWS-0140;AWS-0141;AWS-0143;AWS-0176;AWS-0177;AWS-0180;AWS-0342;AWS-0343;AWS-0345;AWS-0346,
113,20260830_144250_32699475,False,36,31,5,1,1,0,12,12,0,16,13,3,7,5,2,0,0,0,AWS-0019;AWS-0056;AWS-0058;AWS-0059;AWS-0060;AWS-0061;AWS-0062;AWS-0063;AWS-0077;AWS-0078;AWS-0079;AWS-0080;AWS-0086;AWS-0087;AWS-0091;AWS-0092;AWS-0093;AWS-0094;AWS-0123;AWS-0132;AWS-0133;AWS-0140;AWS-0141;AWS-0143;AWS-0176;AWS-0177;AWS-0180;AWS-0320;AWS-0343;AWS-0345;AWS-0346,AWS-0089;AWS-0090;AWS-0342,AWS-0019;AWS-0056;AWS-0058;AWS-0059;AWS-0060;AWS-0061;AWS-0062;AWS-0063;AWS-0077;AWS-0078;AWS-0079;AWS-0080;AWS-0086;AWS-0087;AWS-0091;AWS-0092;AWS-0093;AWS-0094;AWS-0123;AWS-0132;AWS-0133;AWS-0140;AWS-0141;AWS-0143;AWS-0176;AWS-0177;AWS-0180;AWS-0320;AWS-0343;AWS-0345;AWS-0346;AWS-0089;AWS-0090;AWS-0342,
114,20260830_150843_f7cf8a8d,False,37,31,6,2,2,0,8,8,0,16,15,1,11,6,5,0,0,0,AWS-0001;AWS-0002;AWS-0003;AWS-0005;AWS-0019;AWS-0023;AWS-0056;AWS-0058;AWS-0059;AWS-0060;AWS-0061;AWS-0062;AWS-0063;AWS-0067;AWS-0077;AWS-0078;AWS-0079;AWS-0080;AWS-0123;AWS-0133;AWS-0140;AWS-0141;AWS-0143;AWS-0176;AWS-0177;AWS-0180;AWS-0190;AWS-0342;AWS-0343;AWS-0345;AWS-0346,AWS-0004;AWS-0024;AWS-0025;AWS-0066,AWS-0001;AWS-0002;AWS-0003;AWS-0005;AWS-0019;AWS-0023;AWS-0056;AWS-0058;AWS-0059;AWS-0060;AWS-0061;AWS-0062;AWS-0063;AWS-0067;AWS-0077;AWS-0078;AWS-0079;AWS-0080;AWS-0123;AWS-0133;AWS-0140;AWS-0141;AWS-0143;AWS-0176;AWS-0177;AWS-0180;AWS-0190;AWS-0342;AWS-0343;AWS-0345;AWS-0346;AWS-0004;AWS-0024;AWS-0025;AWS-0066,
115,20260830_151113_b0786062,False,30,29,1,1,1,0,7,7,0,15,15,0,7,6,1,0,0,0,AWS-0001;AWS-0002;AWS-0003;AWS-0005;AWS-0019;AWS-0056;AWS-0058;AWS-0059;AWS-0060;AWS-0061;AWS-0062;AWS-0063;AWS-0077;AWS-0078;AWS-0079;AWS-0080;AWS-0123;AWS-0133;AWS-0140;AWS-0141;AWS-0143;AWS-0176;AWS-0177;AWS-0180;AWS-0190;AWS-0342;AWS-0343;AWS-0345;AWS-0346,AWS-0004,AWS-0001;AWS-0002;AWS-0003;AWS-0005;AWS-0019;AWS-0056;AWS-0058;AWS-0059;AWS-0060;AWS-0061;AWS-0062;AWS-0063;AWS-0077;AWS-0078;AWS-0079;AWS-0080;AWS-0123;AWS-0133;AWS-0140;AWS-0141;AWS-0143;AWS-0176;AWS-0177;AWS-0180;AWS-0190;AWS-0342;AWS-0343;AWS-0345;AWS-0346;AWS-0004,
116,20260830_151808_39f06a9e,True,24,24,0,1,1,0,6,6,0,13,13,0,4,4,0,0,0,0,AWS-0019;AWS-0056;AWS-0058;AWS-0059;AWS-0060;AWS-0061;AWS-0062;AWS-0063;AWS-0077;AWS-0078;AWS-0079;AWS-0080;AWS-0123;AWS-0133;AWS-0140;AWS-0141;AWS-0143;AWS-0176;AWS-0177;AWS-0180;AWS-0342;AWS-0343;AWS-0345;AWS-0346,,AWS-0019;AWS-0056;AWS-0058;AWS-0059;AWS-0060;AWS-0061;AWS-0062;AWS-0063;AWS-0077;AWS-0078;AWS-0079;AWS-0080;AWS-0123;AWS-0133;AWS-0140;AWS-0141;AWS-0143;AWS-0176;AWS-0177;AWS-0180;AWS-0342;AWS-0343;AWS-0345;AWS-0346,
117,20260830_152756_c81eab2f,False,45,43,2,5,5,0,16,16,0,15,15,0,9,7,2,0,0,0,AWS-0008;AWS-0009;AWS-0019;AWS-0026;AWS-0027;AWS-0028;AWS-0029;AWS-0056;AWS-0058;AWS-0059;AWS-0060;AWS-0061;AWS-0062;AWS-0063;AWS-0077;AWS-0078;AWS-0079;AWS-0080;AWS-0099;AWS-0101;AWS-0102;AWS-0104;AWS-0105;AWS-0107;AWS-0122;AWS-0123;AWS-0129;AWS-0130;AWS-0131;AWS-0133;AWS-0140;AWS-0141;AWS-0143;AWS-0164;AWS-0176;AWS-0177;AWS-0178;AWS-0180;AWS-0342;AWS-0343;AWS-0344;AWS-0345;AWS-0346,AWS-0017;AWS-0124,AWS-0008;AWS-0009;AWS-0019;AWS-0026;AWS-0027;AWS-0028;AWS-0029;AWS-0056;AWS-0058;AWS-0059;AWS-0060;AWS-0061;AWS-0062;AWS-0063;AWS-0077;AWS-0078;AWS-0079;AWS-0080;AWS-0099;AWS-0101;AWS-0102;AWS-0104;AWS-0105;AWS-0107;AWS-0122;AWS-0123;AWS-0129;AWS-0130;AWS-0131;AWS-0133;AWS-0140;AWS-0141;AWS-0143;AWS-0164;AWS-0176;AWS-0177;AWS-0178;AWS-0180;AWS-0342;AWS-0343;AWS-0344;AWS-0345;AWS-0346;AWS-0017;AWS-0124,
118,20260830_155408_0409ae84,True,24,24,0,1,1,0,6,6,0,13,13,0,4,4,0,0,0,0,AWS-0019;AWS-0056;AWS-0058;AWS-0059;AWS-0060;AWS-0061;AWS-0062;AWS-0063;AWS-0077;AWS-0078;AWS-0079;AWS-0080;AWS-0123;AWS-0133;AWS-0140;AWS-0141;AWS-0143;AWS-0176;AWS-0177;AWS-0180;AWS-0342;AWS-0343;AWS-0345;AWS-0346,,AWS-0019;AWS-0056;AWS-0058;AWS-0059;AWS-0060;AWS-0061;AWS-0062;AWS-0063;AWS-0077;AWS-0078;AWS-0079;AWS-0080;AWS-0123;AWS-0133;AWS-0140;AWS-0141;AWS-0143;AWS-0176;AWS-0177;AWS-0180;AWS-0342;AWS-0343;AWS-0345;AWS-0346,
119,20260830_160120_04994de0,False,46,44,2,5,5,0,16,16,0,15,15,0,10,8,2,0,0,0,AWS-0008;AWS-0009;AWS-0017;AWS-0019;AWS-0026;AWS-0027;AWS-0028;AWS-0029;AWS-0056;AWS-0058;AWS-0059;AWS-0060;AWS-0061;AWS-0062;AWS-0063;AWS-0077;AWS-0078;AWS-0079;AWS-0080;AWS-0099;AWS-0101;AWS-0102;AWS-0104;AWS-0105;AWS-0107;AWS-0122;AWS-0123;AWS-0129;AWS-0130;AWS-0131;AWS-0133;AWS-0140;AWS-0141;AWS-0143;AWS-0164;AWS-0176;AWS-0177;AWS-0178;AWS-0180;AWS-0342;AWS-0343;AWS-0344;AWS-0345;AWS-0346,AWS-0124,AWS-0008;AWS-0009;AWS-0017;AWS-0019;AWS-0026;AWS-0027;AWS-0028;AWS-0029;AWS-0056;AWS-0058;AWS-0059;AWS-0060;AWS-0061;AWS-0062;AWS-0063;AWS-0077;AWS-0078;AWS-0079;AWS-0080;AWS-0099;AWS-0101;AWS-0102;AWS-0104;AWS-0105;AWS-0107;AWS-0122;AWS-0123;AWS-0129;AWS-0130;AWS-0131;AWS-0133;AWS-0140;AWS-0141;AWS-0143;AWS-0164;AWS-0176;AWS-0177;AWS-0178;AWS-0180;AWS-0342;AWS-0343;AWS-0344;AWS-0345;AWS-0346;AWS-0124,
120,20260830_160729_74fd7f8c,False,45,42,3,5,5,0,16,16,0,16,13,3,8,8,0,0,0,0,AWS-0008;AWS-0009;AWS-0019;AWS-0026;AWS-0027;AWS-0028;AWS-0029;AWS-0056;AWS-0058;AWS-0059;AWS-0060;AWS-0061;AWS-0062;AWS-0063;AWS-0077;AWS-0078;AWS-0079;AWS-0080;AWS-0099;AWS-0101;AWS-0102;AWS-0104;AWS-0107;AWS-0122;AWS-0123;AWS-0124;AWS-0129;AWS-0130;AWS-0131;AWS-0133;AWS-0140;AWS-0141;AWS-0143;AWS-0164;AWS-0176;AWS-0177;AWS-0180;AWS-0342;AWS-0343;AWS-0344;AWS-0345;AWS-0346,AWS-0105;AWS-0178,AWS-0008;AWS-0009;AWS-0019;AWS-0026;AWS-0027;AWS-0028;AWS-0029;AWS-0056;AWS-0058;AWS-0059;AWS-0060;AWS-0061;AWS-0062;AWS-0063;AWS-0077;AWS-0078;AWS-0079;AWS-0080;AWS-0099;AWS-0101;AWS-0102;AWS-0104;AWS-0107;AWS-0122;AWS-0123;AWS-0124;AWS-0129;AWS-0130;AWS-0131;AWS-0133;AWS-0140;AWS-0141;AWS-0143;AWS-0164;AWS-0176;AWS-0177;AWS-0180;AWS-0342;AWS-0343;AWS-0344;AWS-0345;AWS-0346;AWS-0105;AWS-0178,
121,20260830_162437_2fa34310,False,57,51,6,5,5,0,22,22,0,17,16,1,13,8,5,0,0,0,AWS-0008;AWS-0009;AWS-0019;AWS-0026;AWS-0027;AWS-0028;AWS-0029;AWS-0056;AWS-0058;AWS-0059;AWS-0060;AWS-0061;AWS-0062;AWS-0063;AWS-0077;AWS-0078;AWS-0079;AWS-0080;AWS-0086;AWS-0087;AWS-0090;AWS-0091;AWS-0092;AWS-0093;AWS-0094;AWS-0099;AWS-0101;AWS-0102;AWS-0104;AWS-0105;AWS-0107;AWS-0122;AWS-0123;AWS-0129;AWS-0130;AWS-0131;AWS-0132;AWS-0133;AWS-0140;AWS-0141;AWS-0143;AWS-0164;AWS-0176;AWS-0177;AWS-0180;AWS-0320;AWS-0342;AWS-0343;AWS-0344;AWS-0345;AWS-0346,AWS-0089;AWS-0124;AWS-0178,AWS-0008;AWS-0009;AWS-0019;AWS-0026;AWS-0027;AWS-0028;AWS-0029;AWS-0056;AWS-0058;AWS-0059;AWS-0060;AWS-0061;AWS-0062;AWS-0063;AWS-0077;AWS-0078;AWS-0079;AWS-0080;AWS-0086;AWS-0087;AWS-0090;AWS-0091;AWS-0092;AWS-0093;AWS-0094;AWS-0099;AWS-0101;AWS-0102;AWS-0104;AWS-0105;AWS-0107;AWS-0122;AWS-0123;AWS-0129;AWS-0130;AWS-0131;AWS-0132;AWS-0133;AWS-0140;AWS-0141;AWS-0143;AWS-0164;AWS-0176;AWS-0177;AWS-0180;AWS-0320;AWS-0342;AWS-0343;AWS-0344;AWS-0345;AWS-0346;AWS-0089;AWS-0124;AWS-0178,
122,20260830_163934_36f5ea0e,True,24,24,0,1,1,0,6,6,0,13,13,0,4,4,0,0,0,0,AWS-0019;AWS-0056;AWS-0058;AWS-0059;AWS-0060;AWS-0061;AWS-0062;AWS-0063;AWS-0077;AWS-0078;AWS-0079;AWS-0080;AWS-0123;AWS-0133;AWS-0140;AWS-0141;AWS-0143;AWS-0176;AWS-0177;AWS-0180;AWS-0342;AWS-0343;AWS-0345;AWS-0346,,AWS-0019;AWS-0056;AWS-0058;AWS-0059;AWS-0060;AWS-0061;AWS-0062;AWS-0063;AWS-0077;AWS-0078;AWS-0079;AWS-0080;AWS-0123;AWS-0133;AWS-0140;AWS-0141;AWS-0143;AWS-0176;AWS-0177;AWS-0180;AWS-0342;AWS-0343;AWS-0345;AWS-0346,
123,20260830_164602_add53328,False,28,25,3,1,1,0,7,7,0,14,13,1,6,4,2,0,0,0,AWS-0019;AWS-0023;AWS-0056;AWS-0058;AWS-0059;AWS-0060;AWS-0061;AWS-0062;AWS-0063;AWS-0077;AWS-0078;AWS-0079;AWS-0080;AWS-0123;AWS-0133;AWS-0140;AWS-0141;AWS-0143;AWS-0176;AWS-0177;AWS-0180;AWS-0342;AWS-0343;AWS-0345;AWS-0346,AWS-0017;AWS-0024;AWS-0025,AWS-0019;AWS-0023;AWS-0056;AWS-0058;AWS-0059;AWS-0060;AWS-0061;AWS-0062;AWS-0063;AWS-0077;AWS-0078;AWS-0079;AWS-0080;AWS-0123;AWS-0133;AWS-0140;AWS-0141;AWS-0143;AWS-0176;AWS-0177;AWS-0180;AWS-0342;AWS-0343;AWS-0345;AWS-0346;AWS-0017;AWS-0024;AWS-0025,
124,20260830_165337_e3d486ab,False,52,45,7,7,7,0,17,17,0,20,14,6,8,7,1,0,0,0,AWS-0008;AWS-0009;AWS-0019;AWS-0026;AWS-0027;AWS-0028;AWS-0029;AWS-0039;AWS-0040;AWS-0041;AWS-0056;AWS-0058;AWS-0059;AWS-0060;AWS-0061;AWS-0062;AWS-0063;AWS-0077;AWS-0078;AWS-0079;AWS-0080;AWS-0099;AWS-0101;AWS-0102;AWS-0104;AWS-0105;AWS-0107;AWS-0122;AWS-0123;AWS-0129;AWS-0130;AWS-0131;AWS-0133;AWS-0140;AWS-0141;AWS-0143;AWS-0164;AWS-0176;AWS-0177;AWS-0180;AWS-0342;AWS-0343;AWS-0344;AWS-0345;AWS-0346,AWS-0038;AWS-0124;AWS-0178,AWS-0008;AWS-0009;AWS-0019;AWS-0026;AWS-0027;AWS-0028;AWS-0029;AWS-0039;AWS-0040;AWS-0041;AWS-0056;AWS-0058;AWS-0059;AWS-0060;AWS-0061;AWS-0062;AWS-0063;AWS-0077;AWS-0078;AWS-0079;AWS-0080;AWS-0099;AWS-0101;AWS-0102;AWS-0104;AWS-0105;AWS-0107;AWS-0122;AWS-0123;AWS-0129;AWS-0130;AWS-0131;AWS-0133;AWS-0140;AWS-0141;AWS-0143;AWS-0164;AWS-0176;AWS-0177;AWS-0180;AWS-0342;AWS-0343;AWS-0344;AWS-0345;AWS-0346;AWS-0038;AWS-0124;AWS-0178,
125,20260830_173354_256dd2b4,False,45,44,1,5,5,0,16,16,0,15,15,0,9,8,1,0,0,0,AWS-0008;AWS-0009;AWS-0019;AWS-0026;AWS-0027;AWS-0028;AWS-0029;AWS-0056;AWS-0058;AWS-0059;AWS-0060;AWS-0061;AWS-0062;AWS-0063;AWS-0077;AWS-0078;AWS-0079;AWS-0080;AWS-0099;AWS-0101;AWS-0102;AWS-0104;AWS-0105;AWS-0107;AWS-0122;AWS-0123;AWS-0124;AWS-0129;AWS-0130;AWS-0131;AWS-0133;AWS-0140;AWS-0141;AWS-0143;AWS-0164;AWS-0176;AWS-0177;AWS-0178;AWS-0180;AWS-0342;AWS-0343;AWS-0344;AWS-0345;AWS-0346,AWS-0017,AWS-0008;AWS-0009;AWS-0019;AWS-0026;AWS-0027;AWS-0028;AWS-0029;AWS-0056;AWS-0058;AWS-0059;AWS-0060;AWS-0061;AWS-0062;AWS-0063;AWS-0077;AWS-0078;AWS-0079;AWS-0080;AWS-0099;AWS-0101;AWS-0102;AWS-0104;AWS-0105;AWS-0107;AWS-0122;AWS-0123;AWS-0124;AWS-0129;AWS-0130;AWS-0131;AWS-0133;AWS-0140;AWS-0141;AWS-0143;AWS-0164;AWS-0176;AWS-0177;AWS-0178;AWS-0180;AWS-0342;AWS-0343;AWS-0344;AWS-0345;AWS-0346;AWS-0017,
126,20260830_174805_dc763897,False,45,44,1,5,5,0,16,16,0,15,15,0,9,8,1,0,0,0,AWS-0008;AWS-0009;AWS-0017;AWS-0019;AWS-0026;AWS-0027;AWS-0028;AWS-0029;AWS-0056;AWS-0058;AWS-0059;AWS-0060;AWS-0061;AWS-0062;AWS-0063;AWS-0077;AWS-0078;AWS-0079;AWS-0080;AWS-0099;AWS-0101;AWS-0102;AWS-0104;AWS-0105;AWS-0107;AWS-0122;AWS-0123;AWS-0129;AWS-0130;AWS-0131;AWS-0133;AWS-0140;AWS-0141;AWS-0143;AWS-0164;AWS-0176;AWS-0177;AWS-0178;AWS-0180;AWS-0342;AWS-0343;AWS-0344;AWS-0345;AWS-0346,AWS-0124,AWS-0008;AWS-0009;AWS-0017;AWS-0019;AWS-0026;AWS-0027;AWS-0028;AWS-0029;AWS-0056;AWS-0058;AWS-0059;AWS-0060;AWS-0061;AWS-0062;AWS-0063;AWS-0077;AWS-0078;AWS-0079;AWS-0080;AWS-0099;AWS-0101;AWS-0102;AWS-0104;AWS-0105;AWS-0107;AWS-0122;AWS-0123;AWS-0129;AWS-0130;AWS-0131;AWS-0133;AWS-0140;AWS-0141;AWS-0143;AWS-0164;AWS-0176;AWS-0177;AWS-0178;AWS-0180;AWS-0342;AWS-0343;AWS-0344;AWS-0345;AWS-0346;AWS-0124,
127,20260830_180950_046cc125,False,44,43,1,5,5,0,16,16,0,15,14,1,8,8,0,0,0,0,AWS-0008;AWS-0009;AWS-0019;AWS-0026;AWS-0027;AWS-0028;AWS-0029;AWS-0056;AWS-0058;AWS-0059;AWS-0060;AWS-0061;AWS-0062;AWS-0063;AWS-0077;AWS-0078;AWS-0079;AWS-0080;AWS-0099;AWS-0101;AWS-0102;AWS-0104;AWS-0105;AWS-0107;AWS-0122;AWS-0123;AWS-0124;AWS-0129;AWS-0130;AWS-0131;AWS-0133;AWS-0140;AWS-0141;AWS-0143;AWS-0164;AWS-0176;AWS-0177;AWS-0180;AWS-0342;AWS-0343;AWS-0344;AWS-0345;AWS-0346,AWS-0178,AWS-0008;AWS-0009;AWS-0019;AWS-0026;AWS-0027;AWS-0028;AWS-0029;AWS-0056;AWS-0058;AWS-0059;AWS-0060;AWS-0061;AWS-0062;AWS-0063;AWS-0077;AWS-0078;AWS-0079;AWS-0080;AWS-0099;AWS-0101;AWS-0102;AWS-0104;AWS-0105;AWS-0107;AWS-0122;AWS-0123;AWS-0124;AWS-0129;AWS-0130;AWS-0131;AWS-0133;AWS-0140;AWS-0141;AWS-0143;AWS-0164;AWS-0176;AWS-0177;AWS-0180;AWS-0342;AWS-0343;AWS-0344;AWS-0345;AWS-0346;AWS-0178,
128,20260830_183550_46545ffd,False,24,23,1,1,1,0,6,6,0,13,12,1,4,4,0,0,0,0,AWS-0019;AWS-0056;AWS-0058;AWS-0059;AWS-0060;AWS-0061;AWS-0062;AWS-0063;AWS-0077;AWS-0078;AWS-0079;AWS-0080;AWS-0133;AWS-0140;AWS-0141;AWS-0143;AWS-0176;AWS-0177;AWS-0180;AWS-0342;AWS-0343;AWS-0345;AWS-0346,AWS-0123,AWS-0019;AWS-0056;AWS-0058;AWS-0059;AWS-0060;AWS-0061;AWS-0062;AWS-0063;AWS-0077;AWS-0078;AWS-0079;AWS-0080;AWS-0133;AWS-0140;AWS-0141;AWS-0143;AWS-0176;AWS-0177;AWS-0180;AWS-0342;AWS-0343;AWS-0345;AWS-0346;AWS-0123,
129,20260830_184601_35724f74,False,45,44,1,5,5,0,16,16,0,15,15,0,9,8,1,0,0,0,AWS-0008;AWS-0009;AWS-0019;AWS-0026;AWS-0027;AWS-0028;AWS-0029;AWS-0056;AWS-0058;AWS-0059;AWS-0060;AWS-0061;AWS-0062;AWS-0063;AWS-0077;AWS-0078;AWS-0079;AWS-0080;AWS-0099;AWS-0101;AWS-0102;AWS-0104;AWS-0105;AWS-0107;AWS-0122;AWS-0123;AWS-0124;AWS-0129;AWS-0130;AWS-0131;AWS-0133;AWS-0140;AWS-0141;AWS-0143;AWS-0164;AWS-0176;AWS-0177;AWS-0178;AWS-0180;AWS-0342;AWS-0343;AWS-0344;AWS-0345;AWS-0346,AWS-0017,AWS-0008;AWS-0009;AWS-0019;AWS-0026;AWS-0027;AWS-0028;AWS-0029;AWS-0056;AWS-0058;AWS-0059;AWS-0060;AWS-0061;AWS-0062;AWS-0063;AWS-0077;AWS-0078;AWS-0079;AWS-0080;AWS-0099;AWS-0101;AWS-0102;AWS-0104;AWS-0105;AWS-0107;AWS-0122;AWS-0123;AWS-0124;AWS-0129;AWS-0130;AWS-0131;AWS-0133;AWS-0140;AWS-0141;AWS-0143;AWS-0164;AWS-0176;AWS-0177;AWS-0178;AWS-0180;AWS-0342;AWS-0343;AWS-0344;AWS-0345;AWS-0346;AWS-0017,
130,20260830_185539_a8073f79,False,51,44,7,5,5,0,16,16,0,15,15,0,15,8,7,0,0,0,AWS-0008;AWS-0009;AWS-0017;AWS-0019;AWS-0026;AWS-0027;AWS-0028;AWS-0029;AWS-0056;AWS-0058;AWS-0059;AWS-0060;AWS-0061;AWS-0062;AWS-0063;AWS-0077;AWS-0078;AWS-0079;AWS-0080;AWS-0099;AWS-0101;AWS-0102;AWS-0104;AWS-0105;AWS-0107;AWS-0122;AWS-0123;AWS-0129;AWS-0130;AWS-0131;AWS-0133;AWS-0140;AWS-0141;AWS-0143;AWS-0164;AWS-0176;AWS-0177;AWS-0178;AWS-0180;AWS-0342;AWS-0343;AWS-0344;AWS-0345;AWS-0346,AWS-0124,AWS-0008;AWS-0009;AWS-0017;AWS-0019;AWS-0026;AWS-0027;AWS-0028;AWS-0029;AWS-0056;AWS-0058;AWS-0059;AWS-0060;AWS-0061;AWS-0062;AWS-0063;AWS-0077;AWS-0078;AWS-0079;AWS-0080;AWS-0099;AWS-0101;AWS-0102;AWS-0104;AWS-0105;AWS-0107;AWS-0122;AWS-0123;AWS-0129;AWS-0130;AWS-0131;AWS-0133;AWS-0140;AWS-0141;AWS-0143;AWS-0164;AWS-0176;AWS-0177;AWS-0178;AWS-0180;AWS-0342;AWS-0343;AWS-0344;AWS-0345;AWS-0346;AWS-0124,
131,20260830_193937_43c6a7db,False,53,42,11,5,5,0,16,16,0,15,14,1,17,7,10,0,0,0,AWS-0008;AWS-0009;AWS-0019;AWS-0026;AWS-0027;AWS-0028;AWS-0029;AWS-0056;AWS-0058;AWS-0059;AWS-0060;AWS-0061;AWS-0062;AWS-0063;AWS-0077;AWS-0078;AWS-0079;AWS-0080;AWS-0099;AWS-0101;AWS-0102;AWS-0104;AWS-0105;AWS-0107;AWS-0122;AWS-0123;AWS-0129;AWS-0130;AWS-0131;AWS-0133;AWS-0140;AWS-0141;AWS-0143;AWS-0164;AWS-0176;AWS-0177;AWS-0180;AWS-0342;AWS-0343;AWS-0344;AWS-0345;AWS-0346,AWS-0124;AWS-0178,AWS-0008;AWS-0009;AWS-0019;AWS-0026;AWS-0027;AWS-0028;AWS-0029;AWS-0056;AWS-0058;AWS-0059;AWS-0060;AWS-0061;AWS-0062;AWS-0063;AWS-0077;AWS-0078;AWS-0079;AWS-0080;AWS-0099;AWS-0101;AWS-0102;AWS-0104;AWS-0105;AWS-0107;AWS-0122;AWS-0123;AWS-0129;AWS-0130;AWS-0131;AWS-0133;AWS-0140;AWS-0141;AWS-0143;AWS-0164;AWS-0176;AWS-0177;AWS-0180;AWS-0342;AWS-0343;AWS-0344;AWS-0345;AWS-0346;AWS-0124;AWS-0178,
132,20260830_195131_458de2ef,True,24,24,0,1,1,0,6,6,0,13,13,0,4,4,0,0,0,0,AWS-0019;AWS-0056;AWS-0058;AWS-0059;AWS-0060;AWS-0061;AWS-0062;AWS-0063;AWS-0077;AWS-0078;AWS-0079;AWS-0080;AWS-0123;AWS-0133;AWS-0140;AWS-0141;AWS-0143;AWS-0176;AWS-0177;AWS-0180;AWS-0342;AWS-0343;AWS-0345;AWS-0346,,AWS-0019;AWS-0056;AWS-0058;AWS-0059;AWS-0060;AWS-0061;AWS-0062;AWS-0063;AWS-0077;AWS-0078;AWS-0079;AWS-0080;AWS-0123;AWS-0133;AWS-0140;AWS-0141;AWS-0143;AWS-0176;AWS-0177;AWS-0180;AWS-0342;AWS-0343;AWS-0345;AWS-0346,
133,20260830_201423_270d53ae,False,44,42,2,5,5,0,16,16,0,15,13,2,8,8,0,0,0,0,AWS-0008;AWS-0009;AWS-0019;AWS-0026;AWS-0027;AWS-0028;AWS-0029;AWS-0056;AWS-0058;AWS-0059;AWS-0060;AWS-0061;AWS-0062;AWS-0063;AWS-0077;AWS-0078;AWS-0079;AWS-0080;AWS-0099;AWS-0101;AWS-0102;AWS-0104;AWS-0107;AWS-0122;AWS-0123;AWS-0124;AWS-0129;AWS-0130;AWS-0131;AWS-0133;AWS-0140;AWS-0141;AWS-0143;AWS-0164;AWS-0176;AWS-0177;AWS-0180;AWS-0342;AWS-0343;AWS-0344;AWS-0345;AWS-0346,AWS-0105;AWS-0178,AWS-0008;AWS-0009;AWS-0019;AWS-0026;AWS-0027;AWS-0028;AWS-0029;AWS-0056;AWS-0058;AWS-0059;AWS-0060;AWS-0061;AWS-0062;AWS-0063;AWS-0077;AWS-0078;AWS-0079;AWS-0080;AWS-0099;AWS-0101;AWS-0102;AWS-0104;AWS-0107;AWS-0122;AWS-0123;AWS-0124;AWS-0129;AWS-0130;AWS-0131;AWS-0133;AWS-0140;AWS-0141;AWS-0143;AWS-0164;AWS-0176;AWS-0177;AWS-0180;AWS-0342;AWS-0343;AWS-0344;AWS-0345;AWS-0346;AWS-0105;AWS-0178,
134,20260830_203132_cc64d456,False,28,23,5,1,1,0,6,6,0,17,12,5,4,4,0,0,0,0,AWS-0019;AWS-0056;AWS-0058;AWS-0059;AWS-0060;AWS-0061;AWS-0062;AWS-0063;AWS-0077;AWS-0078;AWS-0079;AWS-0080;AWS-0133;AWS-0140;AWS-0141;AWS-0143;AWS-0176;AWS-0177;AWS-0180;AWS-0342;AWS-0343;AWS-0345;AWS-0346,AWS-0123,AWS-0019;AWS-0056;AWS-0058;AWS-0059;AWS-0060;AWS-0061;AWS-0062;AWS-0063;AWS-0077;AWS-0078;AWS-0079;AWS-0080;AWS-0133;AWS-0140;AWS-0141;AWS-0143;AWS-0176;AWS-0177;AWS-0180;AWS-0342;AWS-0343;AWS-0345;AWS-0346;AWS-0123,
135,20260830_204256_f557b413,False,44,43,1,5,5,0,16,16,0,15,14,1,8,8,0,0,0,0,AWS-0008;AWS-0009;AWS-0019;AWS-0026;AWS-0027;AWS-0028;AWS-0029;AWS-0056;AWS-0058;AWS-0059;AWS-0060;AWS-0061;AWS-0062;AWS-0063;AWS-0077;AWS-0078;AWS-0079;AWS-0080;AWS-0099;AWS-0101;AWS-0102;AWS-0104;AWS-0105;AWS-0107;AWS-0122;AWS-0123;AWS-0124;AWS-0129;AWS-0130;AWS-0131;AWS-0133;AWS-0140;AWS-0141;AWS-0143;AWS-0164;AWS-0176;AWS-0177;AWS-0180;AWS-0342;AWS-0343;AWS-0344;AWS-0345;AWS-0346,AWS-0178,AWS-0008;AWS-0009;AWS-0019;AWS-0026;AWS-0027;AWS-0028;AWS-0029;AWS-0056;AWS-0058;AWS-0059;AWS-0060;AWS-0061;AWS-0062;AWS-0063;AWS-0077;AWS-0078;AWS-0079;AWS-0080;AWS-0099;AWS-0101;AWS-0102;AWS-0104;AWS-0105;AWS-0107;AWS-0122;AWS-0123;AWS-0124;AWS-0129;AWS-0130;AWS-0131;AWS-0133;AWS-0140;AWS-0141;AWS-0143;AWS-0164;AWS-0176;AWS-0177;AWS-0180;AWS-0342;AWS-0343;AWS-0344;AWS-0345;AWS-0346;AWS-0178,
136,20260830_205230_39ab87bf,True,24,24,0,1,1,0,6,6,0,13,13,0,4,4,0,0,0,0,AWS-0019;AWS-0056;AWS-0058;AWS-0059;AWS-0060;AWS-0061;AWS-0062;AWS-0063;AWS-0077;AWS-0078;AWS-0079;AWS-0080;AWS-0123;AWS-0133;AWS-0140;AWS-0141;AWS-0143;AWS-0176;AWS-0177;AWS-0180;AWS-0342;AWS-0343;AWS-0345;AWS-0346,,AWS-0019;AWS-0056;AWS-0058;AWS-0059;AWS-0060;AWS-0061;AWS-0062;AWS-0063;AWS-0077;AWS-0078;AWS-0079;AWS-0080;AWS-0123;AWS-0133;AWS-0140;AWS-0141;AWS-0143;AWS-0176;AWS-0177;AWS-0180;AWS-0342;AWS-0343;AWS-0345;AWS-0346,
137,20260830_210206_2211d4e8,False,45,42,3,5,5,0,16,16,0,15,14,1,9,7,2,0,0,0,AWS-0008;AWS-0009;AWS-0019;AWS-0026;AWS-0027;AWS-0028;AWS-0029;AWS-0056;AWS-0058;AWS-0059;AWS-0060;AWS-0061;AWS-0062;AWS-0063;AWS-0077;AWS-0078;AWS-0079;AWS-0080;AWS-0099;AWS-0101;AWS-0102;AWS-0104;AWS-0105;AWS-0107;AWS-0122;AWS-0123;AWS-0129;AWS-0130;AWS-0131;AWS-0133;AWS-0140;AWS-0141;AWS-0143;AWS-0164;AWS-0176;AWS-0177;AWS-0180;AWS-0342;AWS-0343;AWS-0344;AWS-0345;AWS-0346,AWS-0124;AWS-0178,AWS-0008;AWS-0009;AWS-0019;AWS-0026;AWS-0027;AWS-0028;AWS-0029;AWS-0056;AWS-0058;AWS-0059;AWS-0060;AWS-0061;AWS-0062;AWS-0063;AWS-0077;AWS-0078;AWS-0079;AWS-0080;AWS-0099;AWS-0101;AWS-0102;AWS-0104;AWS-0105;AWS-0107;AWS-0122;AWS-0123;AWS-0129;AWS-0130;AWS-0131;AWS-0133;AWS-0140;AWS-0141;AWS-0143;AWS-0164;AWS-0176;AWS-0177;AWS-0180;AWS-0342;AWS-0343;AWS-0344;AWS-0345;AWS-0346;AWS-0124;AWS-0178,
138,20260830_211307_fda221b2,True,24,24,0,1,1,0,6,6,0,13,13,0,4,4,0,0,0,0,AWS-0019;AWS-0056;AWS-0058;AWS-0059;AWS-0060;AWS-0061;AWS-0062;AWS-0063;AWS-0077;AWS-0078;AWS-0079;AWS-0080;AWS-0123;AWS-0133;AWS-0140;AWS-0141;AWS-0143;AWS-0176;AWS-0177;AWS-0180;AWS-0342;AWS-0343;AWS-0345;AWS-0346,,AWS-0019;AWS-0056;AWS-0058;AWS-0059;AWS-0060;AWS-0061;AWS-0062;AWS-0063;AWS-0077;AWS-0078;AWS-0079;AWS-0080;AWS-0123;AWS-0133;AWS-0140;AWS-0141;AWS-0143;AWS-0176;AWS-0177;AWS-0180;AWS-0342;AWS-0343;AWS-0345;AWS-0346,
139,20260830_212516_55675d00,False,27,24,3,2,2,0,6,6,0,13,12,1,6,4,2,0,0,0,AWS-0019;AWS-0056;AWS-0058;AWS-0059;AWS-0060;AWS-0061;AWS-0062;AWS-0063;AWS-0067;AWS-0077;AWS-0078;AWS-0079;AWS-0080;AWS-0133;AWS-0140;AWS-0141;AWS-0143;AWS-0176;AWS-0177;AWS-0180;AWS-0342;AWS-0343;AWS-0345;AWS-0346,AWS-0017;AWS-0066;AWS-0123,AWS-0019;AWS-0056;AWS-0058;AWS-0059;AWS-0060;AWS-0061;AWS-0062;AWS-0063;AWS-0067;AWS-0077;AWS-0078;AWS-0079;AWS-0080;AWS-0133;AWS-0140;AWS-0141;AWS-0143;AWS-0176;AWS-0177;AWS-0180;AWS-0342;AWS-0343;AWS-0345;AWS-0346;AWS-0017;AWS-0066;AWS-0123,
140,20260901_031450_93968ee2,False,43,39,4,2,2,0,16,15,1,16,15,1,9,7,2,0,0,0,AWS-0014;AWS-0016;AWS-0019;AWS-0056;AWS-0058;AWS-0059;AWS-0060;AWS-0061;AWS-0062;AWS-0063;AWS-0077;AWS-0078;AWS-0079;AWS-0080;AWS-0086;AWS-0087;AWS-0091;AWS-0092;AWS-0093;AWS-0094;AWS-0095;AWS-0123;AWS-0132;AWS-0133;AWS-0136;AWS-0140;AWS-0141;AWS-0143;AWS-0161;AWS-0162;AWS-0163;AWS-0176;AWS-0177;AWS-0180;AWS-0320;AWS-0342;AWS-0343;AWS-0345;AWS-0346,AWS-0015;AWS-0017;AWS-0089;AWS-0090,AWS-0014;AWS-0016;AWS-0019;AWS-0056;AWS-0058;AWS-0059;AWS-0060;AWS-0061;AWS-0062;AWS-0063;AWS-0077;AWS-0078;AWS-0079;AWS-0080;AWS-0086;AWS-0087;AWS-0091;AWS-0092;AWS-0093;AWS-0094;AWS-0095;AWS-0123;AWS-0132;AWS-0133;AWS-0136;AWS-0140;AWS-0141;AWS-0143;AWS-0161;AWS-0162;AWS-0163;AWS-0176;AWS-0177;AWS-0180;AWS-0320;AWS-0342;AWS-0343;AWS-0345;AWS-0346;AWS-0015;AWS-0017;AWS-0089;AWS-0090,
141,20260830_214927_99ae6bb7,False,36,33,3,2,2,0,8,8,0,16,15,1,10,8,2,0,0,0,AWS-0001;AWS-0002;AWS-0003;AWS-0004;AWS-0005;AWS-0017;AWS-0019;AWS-0023;AWS-0056;AWS-0058;AWS-0059;AWS-0060;AWS-0061;AWS-0062;AWS-0063;AWS-0067;AWS-0077;AWS-0078;AWS-0079;AWS-0080;AWS-0123;AWS-0133;AWS-0140;AWS-0141;AWS-0143;AWS-0176;AWS-0177;AWS-0180;AWS-0190;AWS-0342;AWS-0343;AWS-0345;AWS-0346,AWS-0024;AWS-0025;AWS-0066,AWS-0001;AWS-0002;AWS-0003;AWS-0004;AWS-0005;AWS-0017;AWS-0019;AWS-0023;AWS-0056;AWS-0058;AWS-0059;AWS-0060;AWS-0061;AWS-0062;AWS-0063;AWS-0067;AWS-0077;AWS-0078;AWS-0079;AWS-0080;AWS-0123;AWS-0133;AWS-0140;AWS-0141;AWS-0143;AWS-0176;AWS-0177;AWS-0180;AWS-0190;AWS-0342;AWS-0343;AWS-0345;AWS-0346;AWS-0024;AWS-0025;AWS-0066,
142,20260830_220814_e3604de7,False,34,32,2,1,1,0,12,12,0,15,14,1,6,5,1,0,0,0,AWS-0019;AWS-0056;AWS-0058;AWS-0059;AWS-0060;AWS-0061;AWS-0062;AWS-0063;AWS-0077;AWS-0078;AWS-0079;AWS-0080;AWS-0086;AWS-0087;AWS-0091;AWS-0092;AWS-0093;AWS-0094;AWS-0123;AWS-0132;AWS-0133;AWS-0140;AWS-0141;AWS-0143;AWS-0176;AWS-0177;AWS-0180;AWS-0320;AWS-0342;AWS-0343;AWS-0345;AWS-0346,AWS-0089;AWS-0090,AWS-0019;AWS-0056;AWS-0058;AWS-0059;AWS-0060;AWS-0061;AWS-0062;AWS-0063;AWS-0077;AWS-0078;AWS-0079;AWS-0080;AWS-0086;AWS-0087;AWS-0091;AWS-0092;AWS-0093;AWS-0094;AWS-0123;AWS-0132;AWS-0133;AWS-0140;AWS-0141;AWS-0143;AWS-0176;AWS-0177;AWS-0180;AWS-0320;AWS-0342;AWS-0343;AWS-0345;AWS-0346;AWS-0089;AWS-0090,
143,20260830_221852_3877678a,False,35,30,5,2,2,0,9,9,0,15,14,1,9,5,4,0,0,0,AWS-0002;AWS-0005;AWS-0019;AWS-0056;AWS-0058;AWS-0059;AWS-0060;AWS-0061;AWS-0062;AWS-0063;AWS-0067;AWS-0077;AWS-0078;AWS-0079;AWS-0080;AWS-0095;AWS-0123;AWS-0133;AWS-0136;AWS-0140;AWS-0141;AWS-0143;AWS-0176;AWS-0177;AWS-0180;AWS-0190;AWS-0342;AWS-0343;AWS-0345;AWS-0346,AWS-0001;AWS-0003;AWS-0004;AWS-0017;AWS-0066,AWS-0002;AWS-0005;AWS-0019;AWS-0056;AWS-0058;AWS-0059;AWS-0060;AWS-0061;AWS-0062;AWS-0063;AWS-0067;AWS-0077;AWS-0078;AWS-0079;AWS-0080;AWS-0095;AWS-0123;AWS-0133;AWS-0136;AWS-0140;AWS-0141;AWS-0143;AWS-0176;AWS-0177;AWS-0180;AWS-0190;AWS-0342;AWS-0343;AWS-0345;AWS-0346;AWS-0001;AWS-0003;AWS-0004;AWS-0017;AWS-0066,
144,20260830_225842_9377ab39,False,53,48,5,5,5,0,20,20,0,16,15,1,12,8,4,0,0,0,AWS-0008;AWS-0009;AWS-0019;AWS-0026;AWS-0027;AWS-0028;AWS-0029;AWS-0045;AWS-0049;AWS-0050;AWS-0051;AWS-0056;AWS-0058;AWS-0059;AWS-0060;AWS-0061;AWS-0062;AWS-0063;AWS-0077;AWS-0078;AWS-0079;AWS-0080;AWS-0095;AWS-0099;AWS-0101;AWS-0102;AWS-0104;AWS-0105;AWS-0107;AWS-0122;AWS-0123;AWS-0129;AWS-0130;AWS-0131;AWS-0133;AWS-0136;AWS-0140;AWS-0141;AWS-0143;AWS-0164;AWS-0176;AWS-0177;AWS-0180;AWS-0342;AWS-0343;AWS-0344;AWS-0345;AWS-0346,AWS-0124;AWS-0178,AWS-0008;AWS-0009;AWS-0019;AWS-0026;AWS-0027;AWS-0028;AWS-0029;AWS-0045;AWS-0049;AWS-0050;AWS-0051;AWS-0056;AWS-0058;AWS-0059;AWS-0060;AWS-0061;AWS-0062;AWS-0063;AWS-0077;AWS-0078;AWS-0079;AWS-0080;AWS-0095;AWS-0099;AWS-0101;AWS-0102;AWS-0104;AWS-0105;AWS-0107;AWS-0122;AWS-0123;AWS-0129;AWS-0130;AWS-0131;AWS-0133;AWS-0136;AWS-0140;AWS-0141;AWS-0143;AWS-0164;AWS-0176;AWS-0177;AWS-0180;AWS-0342;AWS-0343;AWS-0344;AWS-0345;AWS-0346;AWS-0124;AWS-0178,
145,20260830_231806_98f2fa3f,False,27,25,2,1,1,0,7,7,0,14,13,1,5,4,1,0,0,0,AWS-0019;AWS-0023;AWS-0056;AWS-0058;AWS-0059;AWS-0060;AWS-0061;AWS-0062;AWS-0063;AWS-0077;AWS-0078;AWS-0079;AWS-0080;AWS-0123;AWS-0133;AWS-0140;AWS-0141;AWS-0143;AWS-0176;AWS-0177;AWS-0180;AWS-0342;AWS-0343;AWS-0345;AWS-0346,AWS-0024;AWS-0025,AWS-0019;AWS-0023;AWS-0056;AWS-0058;AWS-0059;AWS-0060;AWS-0061;AWS-0062;AWS-0063;AWS-0077;AWS-0078;AWS-0079;AWS-0080;AWS-0123;AWS-0133;AWS-0140;AWS-0141;AWS-0143;AWS-0176;AWS-0177;AWS-0180;AWS-0342;AWS-0343;AWS-0345;AWS-0346;AWS-0024;AWS-0025,
146,20260830_233033_abc78be9,False,32,28,4,2,2,0,7,7,0,15,14,1,8,5,3,0,0,0,AWS-0002;AWS-0004;AWS-0005;AWS-0019;AWS-0056;AWS-0058;AWS-0059;AWS-0060;AWS-0061;AWS-0062;AWS-0063;AWS-0067;AWS-0077;AWS-0078;AWS-0079;AWS-0080;AWS-0123;AWS-0133;AWS-0140;AWS-0141;AWS-0143;AWS-0176;AWS-0177;AWS-0180;AWS-0342;AWS-0343;AWS-0345;AWS-0346,AWS-0001;AWS-0003;AWS-0066;AWS-0190,AWS-0002;AWS-0004;AWS-0005;AWS-0019;AWS-0056;AWS-0058;AWS-0059;AWS-0060;AWS-0061;AWS-0062;AWS-0063;AWS-0067;AWS-0077;AWS-0078;AWS-0079;AWS-0080;AWS-0123;AWS-0133;AWS-0140;AWS-0141;AWS-0143;AWS-0176;AWS-0177;AWS-0180;AWS-0342;AWS-0343;AWS-0345;AWS-0346;AWS-0001;AWS-0003;AWS-0066;AWS-0190,
147,20260831_023401_e93cf139,False,26,25,1,2,2,0,6,6,0,13,13,0,5,4,1,0,0,0,AWS-0019;AWS-0056;AWS-0058;AWS-0059;AWS-0060;AWS-0061;AWS-0062;AWS-0063;AWS-0067;AWS-0077;AWS-0078;AWS-0079;AWS-0080;AWS-0123;AWS-0133;AWS-0140;AWS-0141;AWS-0143;AWS-0176;AWS-0177;AWS-0180;AWS-0342;AWS-0343;AWS-0345;AWS-0346,AWS-0066,AWS-0019;AWS-0056;AWS-0058;AWS-0059;AWS-0060;AWS-0061;AWS-0062;AWS-0063;AWS-0067;AWS-0077;AWS-0078;AWS-0079;AWS-0080;AWS-0123;AWS-0133;AWS-0140;AWS-0141;AWS-0143;AWS-0176;AWS-0177;AWS-0180;AWS-0342;AWS-0343;AWS-0345;AWS-0346;AWS-0066,
148,20260831_050406_a9c94a5c,False,27,25,2,1,1,0,7,7,0,14,13,1,5,4,1,0,0,0,AWS-0019;AWS-0023;AWS-0056;AWS-0058;AWS-0059;AWS-0060;AWS-0061;AWS-0062;AWS-0063;AWS-0077;AWS-0078;AWS-0079;AWS-0080;AWS-0123;AWS-0133;AWS-0140;AWS-0141;AWS-0143;AWS-0176;AWS-0177;AWS-0180;AWS-0342;AWS-0343;AWS-0345;AWS-0346,AWS-0024;AWS-0025,AWS-0019;AWS-0023;AWS-0056;AWS-0058;AWS-0059;AWS-0060;AWS-0061;AWS-0062;AWS-0063;AWS-0077;AWS-0078;AWS-0079;AWS-0080;AWS-0123;AWS-0133;AWS-0140;AWS-0141;AWS-0143;AWS-0176;AWS-0177;AWS-0180;AWS-0342;AWS-0343;AWS-0345;AWS-0346;AWS-0024;AWS-0025,
149,20260831_061148_b4ff11af,False,25,24,1,1,1,0,6,6,0,13,13,0,5,4,1,0,0,0,AWS-0019;AWS-0056;AWS-0058;AWS-0059;AWS-0060;AWS-0061;AWS-0062;AWS-0063;AWS-0077;AWS-0078;AWS-0079;AWS-0080;AWS-0123;AWS-0133;AWS-0140;AWS-0141;AWS-0143;AWS-0176;AWS-0177;AWS-0180;AWS-0342;AWS-0343;AWS-0345;AWS-0346,AWS-0017,AWS-0019;AWS-0056;AWS-0058;AWS-0059;AWS-0060;AWS-0061;AWS-0062;AWS-0063;AWS-0077;AWS-0078;AWS-0079;AWS-0080;AWS-0123;AWS-0133;AWS-0140;AWS-0141;AWS-0143;AWS-0176;AWS-0177;AWS-0180;AWS-0342;AWS-0343;AWS-0345;AWS-0346;AWS-0017,
