row_index,run_id,trivy_passed,total_checks,total_passed,total_failed,severity_critical_eval,severity_critical_passed,severity_critical_failed,severity_high_eval,severity_high_passed,severity_high_failed,severity_medium_eval,severity_medium_passed,severity_medium_failed,severity_low_eval,severity_low_passed,severity_low_failed,severity_unknown_eval,severity_unknown_passed,severity_unknown_failed,passed_check_ids,failed_check_ids,all_check_ids,error
0,20260816_010719_8d7a1062,False,27,25,2,2,2,0,6,6,0,13,13,0,6,4,2,0,0,0,AWS-0019;AWS-0056;AWS-0058;AWS-0059;AWS-0060;AWS-0061;AWS-0062;AWS-0063;AWS-0067;AWS-0077;AWS-0078;AWS-0079;AWS-0080;AWS-0123;AWS-0133;AWS-0140;AWS-0141;AWS-0143;AWS-0176;AWS-0177;AWS-0180;AWS-0342;AWS-0343;AWS-0345;AWS-0346,AWS-0017;AWS-0066,AWS-0019;AWS-0056;AWS-0058;AWS-0059;AWS-0060;AWS-0061;AWS-0062;AWS-0063;AWS-0067;AWS-0077;AWS-0078;AWS-0079;AWS-0080;AWS-0123;AWS-0133;AWS-0140;AWS-0141;AWS-0143;AWS-0176;AWS-0177;AWS-0180;AWS-0342;AWS-0343;AWS-0345;AWS-0346;AWS-0017;AWS-0066,
1,20260816_010954_5b7bf8b6,True,24,24,0,1,1,0,6,6,0,13,13,0,4,4,0,0,0,0,AWS-0019;AWS-0056;AWS-0058;AWS-0059;AWS-0060;AWS-0061;AWS-0062;AWS-0063;AWS-0077;AWS-0078;AWS-0079;AWS-0080;AWS-0123;AWS-0133;AWS-0140;AWS-0141;AWS-0143;AWS-0176;AWS-0177;AWS-0180;AWS-0342;AWS-0343;AWS-0345;AWS-0346,,AWS-0019;AWS-0056;AWS-0058;AWS-0059;AWS-0060;AWS-0061;AWS-0062;AWS-0063;AWS-0077;AWS-0078;AWS-0079;AWS-0080;AWS-0123;AWS-0133;AWS-0140;AWS-0141;AWS-0143;AWS-0176;AWS-0177;AWS-0180;AWS-0342;AWS-0343;AWS-0345;AWS-0346,
2,20260816_011125_c8721325,False,44,42,2,5,5,0,16,16,0,15,14,1,8,7,1,0,0,0,AWS-0008;AWS-0009;AWS-0019;AWS-0026;AWS-0027;AWS-0028;AWS-0029;AWS-0056;AWS-0058;AWS-0059;AWS-0060;AWS-0061;AWS-0062;AWS-0063;AWS-0077;AWS-0078;AWS-0079;AWS-0080;AWS-0099;AWS-0101;AWS-0102;AWS-0104;AWS-0105;AWS-0107;AWS-0122;AWS-0123;AWS-0129;AWS-0130;AWS-0131;AWS-0133;AWS-0140;AWS-0141;AWS-0143;AWS-0164;AWS-0176;AWS-0177;AWS-0180;AWS-0342;AWS-0343;AWS-0344;AWS-0345;AWS-0346,AWS-0124;AWS-0178,AWS-0008;AWS-0009;AWS-0019;AWS-0026;AWS-0027;AWS-0028;AWS-0029;AWS-0056;AWS-0058;AWS-0059;AWS-0060;AWS-0061;AWS-0062;AWS-0063;AWS-0077;AWS-0078;AWS-0079;AWS-0080;AWS-0099;AWS-0101;AWS-0102;AWS-0104;AWS-0105;AWS-0107;AWS-0122;AWS-0123;AWS-0129;AWS-0130;AWS-0131;AWS-0133;AWS-0140;AWS-0141;AWS-0143;AWS-0164;AWS-0176;AWS-0177;AWS-0180;AWS-0342;AWS-0343;AWS-0344;AWS-0345;AWS-0346;AWS-0124;AWS-0178,
3,20260816_013113_c6b1b4a6,True,27,27,0,1,1,0,9,9,0,13,13,0,4,4,0,0,0,0,AWS-0018;AWS-0019;AWS-0056;AWS-0058;AWS-0059;AWS-0060;AWS-0061;AWS-0062;AWS-0063;AWS-0077;AWS-0078;AWS-0079;AWS-0080;AWS-0095;AWS-0123;AWS-0133;AWS-0136;AWS-0140;AWS-0141;AWS-0143;AWS-0176;AWS-0177;AWS-0180;AWS-0342;AWS-0343;AWS-0345;AWS-0346,,AWS-0018;AWS-0019;AWS-0056;AWS-0058;AWS-0059;AWS-0060;AWS-0061;AWS-0062;AWS-0063;AWS-0077;AWS-0078;AWS-0079;AWS-0080;AWS-0095;AWS-0123;AWS-0133;AWS-0136;AWS-0140;AWS-0141;AWS-0143;AWS-0176;AWS-0177;AWS-0180;AWS-0342;AWS-0343;AWS-0345;AWS-0346,
4,20260816_102143_6cde8ddc,False,26,25,1,2,2,0,6,6,0,13,13,0,5,4,1,0,0,0,AWS-0019;AWS-0056;AWS-0058;AWS-0059;AWS-0060;AWS-0061;AWS-0062;AWS-0063;AWS-0067;AWS-0077;AWS-0078;AWS-0079;AWS-0080;AWS-0123;AWS-0133;AWS-0140;AWS-0141;AWS-0143;AWS-0176;AWS-0177;AWS-0180;AWS-0342;AWS-0343;AWS-0345;AWS-0346,AWS-0066,AWS-0019;AWS-0056;AWS-0058;AWS-0059;AWS-0060;AWS-0061;AWS-0062;AWS-0063;AWS-0067;AWS-0077;AWS-0078;AWS-0079;AWS-0080;AWS-0123;AWS-0133;AWS-0140;AWS-0141;AWS-0143;AWS-0176;AWS-0177;AWS-0180;AWS-0342;AWS-0343;AWS-0345;AWS-0346;AWS-0066,
5,20260816_013548_bca74eb3,False,27,26,1,1,1,0,7,7,0,14,14,0,5,4,1,0,0,0,AWS-0019;AWS-0023;AWS-0024;AWS-0056;AWS-0058;AWS-0059;AWS-0060;AWS-0061;AWS-0062;AWS-0063;AWS-0077;AWS-0078;AWS-0079;AWS-0080;AWS-0123;AWS-0133;AWS-0140;AWS-0141;AWS-0143;AWS-0176;AWS-0177;AWS-0180;AWS-0342;AWS-0343;AWS-0345;AWS-0346,AWS-0025,AWS-0019;AWS-0023;AWS-0024;AWS-0056;AWS-0058;AWS-0059;AWS-0060;AWS-0061;AWS-0062;AWS-0063;AWS-0077;AWS-0078;AWS-0079;AWS-0080;AWS-0123;AWS-0133;AWS-0140;AWS-0141;AWS-0143;AWS-0176;AWS-0177;AWS-0180;AWS-0342;AWS-0343;AWS-0345;AWS-0346;AWS-0025,
6,20260816_013739_c4e4c9ae,False,44,43,1,5,5,0,16,16,0,15,14,1,8,8,0,0,0,0,AWS-0008;AWS-0009;AWS-0019;AWS-0026;AWS-0027;AWS-0028;AWS-0029;AWS-0056;AWS-0058;AWS-0059;AWS-0060;AWS-0061;AWS-0062;AWS-0063;AWS-0077;AWS-0078;AWS-0079;AWS-0080;AWS-0099;AWS-0101;AWS-0102;AWS-0104;AWS-0105;AWS-0107;AWS-0122;AWS-0123;AWS-0124;AWS-0129;AWS-0130;AWS-0131;AWS-0133;AWS-0140;AWS-0141;AWS-0143;AWS-0164;AWS-0176;AWS-0177;AWS-0180;AWS-0342;AWS-0343;AWS-0344;AWS-0345;AWS-0346,AWS-0178,AWS-0008;AWS-0009;AWS-0019;AWS-0026;AWS-0027;AWS-0028;AWS-0029;AWS-0056;AWS-0058;AWS-0059;AWS-0060;AWS-0061;AWS-0062;AWS-0063;AWS-0077;AWS-0078;AWS-0079;AWS-0080;AWS-0099;AWS-0101;AWS-0102;AWS-0104;AWS-0105;AWS-0107;AWS-0122;AWS-0123;AWS-0124;AWS-0129;AWS-0130;AWS-0131;AWS-0133;AWS-0140;AWS-0141;AWS-0143;AWS-0164;AWS-0176;AWS-0177;AWS-0180;AWS-0342;AWS-0343;AWS-0344;AWS-0345;AWS-0346;AWS-0178,
7,20260816_013845_3388cb40,False,45,44,1,5,5,0,16,16,0,15,15,0,9,8,1,0,0,0,AWS-0008;AWS-0009;AWS-0017;AWS-0019;AWS-0026;AWS-0027;AWS-0028;AWS-0029;AWS-0056;AWS-0058;AWS-0059;AWS-0060;AWS-0061;AWS-0062;AWS-0063;AWS-0077;AWS-0078;AWS-0079;AWS-0080;AWS-0099;AWS-0101;AWS-0102;AWS-0104;AWS-0105;AWS-0107;AWS-0122;AWS-0123;AWS-0129;AWS-0130;AWS-0131;AWS-0133;AWS-0140;AWS-0141;AWS-0143;AWS-0164;AWS-0176;AWS-0177;AWS-0178;AWS-0180;AWS-0342;AWS-0343;AWS-0344;AWS-0345;AWS-0346,AWS-0124,AWS-0008;AWS-0009;AWS-0017;AWS-0019;AWS-0026;AWS-0027;AWS-0028;AWS-0029;AWS-0056;AWS-0058;AWS-0059;AWS-0060;AWS-0061;AWS-0062;AWS-0063;AWS-0077;AWS-0078;AWS-0079;AWS-0080;AWS-0099;AWS-0101;AWS-0102;AWS-0104;AWS-0105;AWS-0107;AWS-0122;AWS-0123;AWS-0129;AWS-0130;AWS-0131;AWS-0133;AWS-0140;AWS-0141;AWS-0143;AWS-0164;AWS-0176;AWS-0177;AWS-0178;AWS-0180;AWS-0342;AWS-0343;AWS-0344;AWS-0345;AWS-0346;AWS-0124,
8,20260816_014145_208fffa5,False,44,43,1,5,5,0,16,16,0,15,14,1,8,8,0,0,0,0,AWS-0008;AWS-0009;AWS-0019;AWS-0026;AWS-0027;AWS-0028;AWS-0029;AWS-0056;AWS-0058;AWS-0059;AWS-0060;AWS-0061;AWS-0062;AWS-0063;AWS-0077;AWS-0078;AWS-0079;AWS-0080;AWS-0099;AWS-0101;AWS-0102;AWS-0104;AWS-0105;AWS-0107;AWS-0122;AWS-0123;AWS-0124;AWS-0129;AWS-0130;AWS-0131;AWS-0133;AWS-0140;AWS-0141;AWS-0143;AWS-0164;AWS-0176;AWS-0177;AWS-0180;AWS-0342;AWS-0343;AWS-0344;AWS-0345;AWS-0346,AWS-0178,AWS-0008;AWS-0009;AWS-0019;AWS-0026;AWS-0027;AWS-0028;AWS-0029;AWS-0056;AWS-0058;AWS-0059;AWS-0060;AWS-0061;AWS-0062;AWS-0063;AWS-0077;AWS-0078;AWS-0079;AWS-0080;AWS-0099;AWS-0101;AWS-0102;AWS-0104;AWS-0105;AWS-0107;AWS-0122;AWS-0123;AWS-0124;AWS-0129;AWS-0130;AWS-0131;AWS-0133;AWS-0140;AWS-0141;AWS-0143;AWS-0164;AWS-0176;AWS-0177;AWS-0180;AWS-0342;AWS-0343;AWS-0344;AWS-0345;AWS-0346;AWS-0178,
9,20260816_014630_72258b5a,False,38,35,3,2,2,0,14,14,0,16,14,2,6,5,1,0,0,0,AWS-0011;AWS-0012;AWS-0013;AWS-0019;AWS-0056;AWS-0058;AWS-0059;AWS-0060;AWS-0061;AWS-0062;AWS-0063;AWS-0077;AWS-0078;AWS-0079;AWS-0080;AWS-0086;AWS-0087;AWS-0091;AWS-0092;AWS-0093;AWS-0094;AWS-0123;AWS-0132;AWS-0133;AWS-0140;AWS-0141;AWS-0143;AWS-0176;AWS-0177;AWS-0180;AWS-0320;AWS-0342;AWS-0343;AWS-0345;AWS-0346,AWS-0010;AWS-0089;AWS-0090,AWS-0011;AWS-0012;AWS-0013;AWS-0019;AWS-0056;AWS-0058;AWS-0059;AWS-0060;AWS-0061;AWS-0062;AWS-0063;AWS-0077;AWS-0078;AWS-0079;AWS-0080;AWS-0086;AWS-0087;AWS-0091;AWS-0092;AWS-0093;AWS-0094;AWS-0123;AWS-0132;AWS-0133;AWS-0140;AWS-0141;AWS-0143;AWS-0176;AWS-0177;AWS-0180;AWS-0320;AWS-0342;AWS-0343;AWS-0345;AWS-0346;AWS-0010;AWS-0089;AWS-0090,
10,20260816_015415_893a44ec,False,46,43,3,5,5,0,16,16,0,15,15,0,10,7,3,0,0,0,AWS-0008;AWS-0009;AWS-0019;AWS-0026;AWS-0027;AWS-0028;AWS-0029;AWS-0056;AWS-0058;AWS-0059;AWS-0060;AWS-0061;AWS-0062;AWS-0063;AWS-0077;AWS-0078;AWS-0079;AWS-0080;AWS-0099;AWS-0101;AWS-0102;AWS-0104;AWS-0105;AWS-0107;AWS-0122;AWS-0123;AWS-0129;AWS-0130;AWS-0131;AWS-0133;AWS-0140;AWS-0141;AWS-0143;AWS-0164;AWS-0176;AWS-0177;AWS-0178;AWS-0180;AWS-0342;AWS-0343;AWS-0344;AWS-0345;AWS-0346,AWS-0017;AWS-0124,AWS-0008;AWS-0009;AWS-0019;AWS-0026;AWS-0027;AWS-0028;AWS-0029;AWS-0056;AWS-0058;AWS-0059;AWS-0060;AWS-0061;AWS-0062;AWS-0063;AWS-0077;AWS-0078;AWS-0079;AWS-0080;AWS-0099;AWS-0101;AWS-0102;AWS-0104;AWS-0105;AWS-0107;AWS-0122;AWS-0123;AWS-0129;AWS-0130;AWS-0131;AWS-0133;AWS-0140;AWS-0141;AWS-0143;AWS-0164;AWS-0176;AWS-0177;AWS-0178;AWS-0180;AWS-0342;AWS-0343;AWS-0344;AWS-0345;AWS-0346;AWS-0017;AWS-0124,
11,20260816_015659_cb6128e6,False,27,25,2,2,2,0,6,6,0,13,13,0,6,4,2,0,0,0,AWS-0019;AWS-0056;AWS-0058;AWS-0059;AWS-0060;AWS-0061;AWS-0062;AWS-0063;AWS-0067;AWS-0077;AWS-0078;AWS-0079;AWS-0080;AWS-0123;AWS-0133;AWS-0140;AWS-0141;AWS-0143;AWS-0176;AWS-0177;AWS-0180;AWS-0342;AWS-0343;AWS-0345;AWS-0346,AWS-0066;AWS-0098,AWS-0019;AWS-0056;AWS-0058;AWS-0059;AWS-0060;AWS-0061;AWS-0062;AWS-0063;AWS-0067;AWS-0077;AWS-0078;AWS-0079;AWS-0080;AWS-0123;AWS-0133;AWS-0140;AWS-0141;AWS-0143;AWS-0176;AWS-0177;AWS-0180;AWS-0342;AWS-0343;AWS-0345;AWS-0346;AWS-0066;AWS-0098,
12,20260816_020157_ba135680,True,24,24,0,1,1,0,6,6,0,13,13,0,4,4,0,0,0,0,AWS-0019;AWS-0056;AWS-0058;AWS-0059;AWS-0060;AWS-0061;AWS-0062;AWS-0063;AWS-0077;AWS-0078;AWS-0079;AWS-0080;AWS-0123;AWS-0133;AWS-0140;AWS-0141;AWS-0143;AWS-0176;AWS-0177;AWS-0180;AWS-0342;AWS-0343;AWS-0345;AWS-0346,,AWS-0019;AWS-0056;AWS-0058;AWS-0059;AWS-0060;AWS-0061;AWS-0062;AWS-0063;AWS-0077;AWS-0078;AWS-0079;AWS-0080;AWS-0123;AWS-0133;AWS-0140;AWS-0141;AWS-0143;AWS-0176;AWS-0177;AWS-0180;AWS-0342;AWS-0343;AWS-0345;AWS-0346,
13,20260816_020440_4e6792dd,False,35,25,10,2,2,0,6,6,0,13,13,0,14,4,10,0,0,0,AWS-0019;AWS-0056;AWS-0058;AWS-0059;AWS-0060;AWS-0061;AWS-0062;AWS-0063;AWS-0067;AWS-0077;AWS-0078;AWS-0079;AWS-0080;AWS-0123;AWS-0133;AWS-0140;AWS-0141;AWS-0143;AWS-0176;AWS-0177;AWS-0180;AWS-0342;AWS-0343;AWS-0345;AWS-0346,AWS-0017;AWS-0066,AWS-0019;AWS-0056;AWS-0058;AWS-0059;AWS-0060;AWS-0061;AWS-0062;AWS-0063;AWS-0067;AWS-0077;AWS-0078;AWS-0079;AWS-0080;AWS-0123;AWS-0133;AWS-0140;AWS-0141;AWS-0143;AWS-0176;AWS-0177;AWS-0180;AWS-0342;AWS-0343;AWS-0345;AWS-0346;AWS-0017;AWS-0066,
14,20260816_020601_db1dff8c,False,27,25,2,2,2,0,6,6,0,13,13,0,6,4,2,0,0,0,AWS-0019;AWS-0056;AWS-0058;AWS-0059;AWS-0060;AWS-0061;AWS-0062;AWS-0063;AWS-0067;AWS-0077;AWS-0078;AWS-0079;AWS-0080;AWS-0123;AWS-0133;AWS-0140;AWS-0141;AWS-0143;AWS-0176;AWS-0177;AWS-0180;AWS-0342;AWS-0343;AWS-0345;AWS-0346,AWS-0017;AWS-0066,AWS-0019;AWS-0056;AWS-0058;AWS-0059;AWS-0060;AWS-0061;AWS-0062;AWS-0063;AWS-0067;AWS-0077;AWS-0078;AWS-0079;AWS-0080;AWS-0123;AWS-0133;AWS-0140;AWS-0141;AWS-0143;AWS-0176;AWS-0177;AWS-0180;AWS-0342;AWS-0343;AWS-0345;AWS-0346;AWS-0017;AWS-0066,
15,20260816_020818_84626a2a,True,26,26,0,1,1,0,8,8,0,13,13,0,4,4,0,0,0,0,AWS-0019;AWS-0056;AWS-0058;AWS-0059;AWS-0060;AWS-0061;AWS-0062;AWS-0063;AWS-0077;AWS-0078;AWS-0079;AWS-0080;AWS-0095;AWS-0123;AWS-0133;AWS-0136;AWS-0140;AWS-0141;AWS-0143;AWS-0176;AWS-0177;AWS-0180;AWS-0342;AWS-0343;AWS-0345;AWS-0346,,AWS-0019;AWS-0056;AWS-0058;AWS-0059;AWS-0060;AWS-0061;AWS-0062;AWS-0063;AWS-0077;AWS-0078;AWS-0079;AWS-0080;AWS-0095;AWS-0123;AWS-0133;AWS-0136;AWS-0140;AWS-0141;AWS-0143;AWS-0176;AWS-0177;AWS-0180;AWS-0342;AWS-0343;AWS-0345;AWS-0346,
16,20260816_021037_c1954704,True,24,24,0,1,1,0,6,6,0,13,13,0,4,4,0,0,0,0,AWS-0019;AWS-0056;AWS-0058;AWS-0059;AWS-0060;AWS-0061;AWS-0062;AWS-0063;AWS-0077;AWS-0078;AWS-0079;AWS-0080;AWS-0123;AWS-0133;AWS-0140;AWS-0141;AWS-0143;AWS-0176;AWS-0177;AWS-0180;AWS-0342;AWS-0343;AWS-0345;AWS-0346,,AWS-0019;AWS-0056;AWS-0058;AWS-0059;AWS-0060;AWS-0061;AWS-0062;AWS-0063;AWS-0077;AWS-0078;AWS-0079;AWS-0080;AWS-0123;AWS-0133;AWS-0140;AWS-0141;AWS-0143;AWS-0176;AWS-0177;AWS-0180;AWS-0342;AWS-0343;AWS-0345;AWS-0346,
17,20260816_021230_0590548e,False,34,32,2,1,1,0,12,12,0,15,14,1,6,5,1,0,0,0,AWS-0019;AWS-0056;AWS-0058;AWS-0059;AWS-0060;AWS-0061;AWS-0062;AWS-0063;AWS-0077;AWS-0078;AWS-0079;AWS-0080;AWS-0086;AWS-0087;AWS-0091;AWS-0092;AWS-0093;AWS-0094;AWS-0123;AWS-0132;AWS-0133;AWS-0140;AWS-0141;AWS-0143;AWS-0176;AWS-0177;AWS-0180;AWS-0320;AWS-0342;AWS-0343;AWS-0345;AWS-0346,AWS-0089;AWS-0090,AWS-0019;AWS-0056;AWS-0058;AWS-0059;AWS-0060;AWS-0061;AWS-0062;AWS-0063;AWS-0077;AWS-0078;AWS-0079;AWS-0080;AWS-0086;AWS-0087;AWS-0091;AWS-0092;AWS-0093;AWS-0094;AWS-0123;AWS-0132;AWS-0133;AWS-0140;AWS-0141;AWS-0143;AWS-0176;AWS-0177;AWS-0180;AWS-0320;AWS-0342;AWS-0343;AWS-0345;AWS-0346;AWS-0089;AWS-0090,
18,20260816_021452_ea9802b2,True,24,24,0,1,1,0,6,6,0,13,13,0,4,4,0,0,0,0,AWS-0019;AWS-0056;AWS-0058;AWS-0059;AWS-0060;AWS-0061;AWS-0062;AWS-0063;AWS-0077;AWS-0078;AWS-0079;AWS-0080;AWS-0123;AWS-0133;AWS-0140;AWS-0141;AWS-0143;AWS-0176;AWS-0177;AWS-0180;AWS-0342;AWS-0343;AWS-0345;AWS-0346,,AWS-0019;AWS-0056;AWS-0058;AWS-0059;AWS-0060;AWS-0061;AWS-0062;AWS-0063;AWS-0077;AWS-0078;AWS-0079;AWS-0080;AWS-0123;AWS-0133;AWS-0140;AWS-0141;AWS-0143;AWS-0176;AWS-0177;AWS-0180;AWS-0342;AWS-0343;AWS-0345;AWS-0346,
19,20260816_021618_a6d89944,False,27,26,1,2,2,0,6,6,0,13,13,0,6,5,1,0,0,0,AWS-0019;AWS-0056;AWS-0058;AWS-0059;AWS-0060;AWS-0061;AWS-0062;AWS-0063;AWS-0066;AWS-0067;AWS-0077;AWS-0078;AWS-0079;AWS-0080;AWS-0123;AWS-0133;AWS-0140;AWS-0141;AWS-0143;AWS-0176;AWS-0177;AWS-0180;AWS-0342;AWS-0343;AWS-0345;AWS-0346,AWS-0017,AWS-0019;AWS-0056;AWS-0058;AWS-0059;AWS-0060;AWS-0061;AWS-0062;AWS-0063;AWS-0066;AWS-0067;AWS-0077;AWS-0078;AWS-0079;AWS-0080;AWS-0123;AWS-0133;AWS-0140;AWS-0141;AWS-0143;AWS-0176;AWS-0177;AWS-0180;AWS-0342;AWS-0343;AWS-0345;AWS-0346;AWS-0017,
20,20260816_022011_e7e098b5,False,48,44,4,5,5,0,16,16,0,15,15,0,12,8,4,0,0,0,AWS-0008;AWS-0009;AWS-0017;AWS-0019;AWS-0026;AWS-0027;AWS-0028;AWS-0029;AWS-0056;AWS-0058;AWS-0059;AWS-0060;AWS-0061;AWS-0062;AWS-0063;AWS-0077;AWS-0078;AWS-0079;AWS-0080;AWS-0099;AWS-0101;AWS-0102;AWS-0104;AWS-0105;AWS-0107;AWS-0122;AWS-0123;AWS-0129;AWS-0130;AWS-0131;AWS-0133;AWS-0140;AWS-0141;AWS-0143;AWS-0164;AWS-0176;AWS-0177;AWS-0178;AWS-0180;AWS-0342;AWS-0343;AWS-0344;AWS-0345;AWS-0346,AWS-0124,AWS-0008;AWS-0009;AWS-0017;AWS-0019;AWS-0026;AWS-0027;AWS-0028;AWS-0029;AWS-0056;AWS-0058;AWS-0059;AWS-0060;AWS-0061;AWS-0062;AWS-0063;AWS-0077;AWS-0078;AWS-0079;AWS-0080;AWS-0099;AWS-0101;AWS-0102;AWS-0104;AWS-0105;AWS-0107;AWS-0122;AWS-0123;AWS-0129;AWS-0130;AWS-0131;AWS-0133;AWS-0140;AWS-0141;AWS-0143;AWS-0164;AWS-0176;AWS-0177;AWS-0178;AWS-0180;AWS-0342;AWS-0343;AWS-0344;AWS-0345;AWS-0346;AWS-0124,
21,20260816_022714_54559f30,False,36,35,1,1,1,0,14,14,0,15,15,0,6,5,1,0,0,0,AWS-0019;AWS-0056;AWS-0058;AWS-0059;AWS-0060;AWS-0061;AWS-0062;AWS-0063;AWS-0077;AWS-0078;AWS-0079;AWS-0080;AWS-0086;AWS-0087;AWS-0090;AWS-0091;AWS-0092;AWS-0093;AWS-0094;AWS-0095;AWS-0123;AWS-0132;AWS-0133;AWS-0136;AWS-0140;AWS-0141;AWS-0143;AWS-0176;AWS-0177;AWS-0180;AWS-0320;AWS-0342;AWS-0343;AWS-0345;AWS-0346,AWS-0089,AWS-0019;AWS-0056;AWS-0058;AWS-0059;AWS-0060;AWS-0061;AWS-0062;AWS-0063;AWS-0077;AWS-0078;AWS-0079;AWS-0080;AWS-0086;AWS-0087;AWS-0090;AWS-0091;AWS-0092;AWS-0093;AWS-0094;AWS-0095;AWS-0123;AWS-0132;AWS-0133;AWS-0136;AWS-0140;AWS-0141;AWS-0143;AWS-0176;AWS-0177;AWS-0180;AWS-0320;AWS-0342;AWS-0343;AWS-0345;AWS-0346;AWS-0089,
22,20260816_022946_643dbd17,False,26,24,2,1,1,0,6,6,0,13,13,0,6,4,2,0,0,0,AWS-0019;AWS-0056;AWS-0058;AWS-0059;AWS-0060;AWS-0061;AWS-0062;AWS-0063;AWS-0077;AWS-0078;AWS-0079;AWS-0080;AWS-0123;AWS-0133;AWS-0140;AWS-0141;AWS-0143;AWS-0176;AWS-0177;AWS-0180;AWS-0342;AWS-0343;AWS-0345;AWS-0346,AWS-0098,AWS-0019;AWS-0056;AWS-0058;AWS-0059;AWS-0060;AWS-0061;AWS-0062;AWS-0063;AWS-0077;AWS-0078;AWS-0079;AWS-0080;AWS-0123;AWS-0133;AWS-0140;AWS-0141;AWS-0143;AWS-0176;AWS-0177;AWS-0180;AWS-0342;AWS-0343;AWS-0345;AWS-0346;AWS-0098,
23,20260816_023640_e1465409,True,24,24,0,1,1,0,6,6,0,13,13,0,4,4,0,0,0,0,AWS-0019;AWS-0056;AWS-0058;AWS-0059;AWS-0060;AWS-0061;AWS-0062;AWS-0063;AWS-0077;AWS-0078;AWS-0079;AWS-0080;AWS-0123;AWS-0133;AWS-0140;AWS-0141;AWS-0143;AWS-0176;AWS-0177;AWS-0180;AWS-0342;AWS-0343;AWS-0345;AWS-0346,,AWS-0019;AWS-0056;AWS-0058;AWS-0059;AWS-0060;AWS-0061;AWS-0062;AWS-0063;AWS-0077;AWS-0078;AWS-0079;AWS-0080;AWS-0123;AWS-0133;AWS-0140;AWS-0141;AWS-0143;AWS-0176;AWS-0177;AWS-0180;AWS-0342;AWS-0343;AWS-0345;AWS-0346,
24,20260816_023750_e34cbc58,False,34,32,2,1,1,0,12,12,0,15,14,1,6,5,1,0,0,0,AWS-0019;AWS-0056;AWS-0058;AWS-0059;AWS-0060;AWS-0061;AWS-0062;AWS-0063;AWS-0077;AWS-0078;AWS-0079;AWS-0080;AWS-0086;AWS-0087;AWS-0091;AWS-0092;AWS-0093;AWS-0094;AWS-0123;AWS-0132;AWS-0133;AWS-0140;AWS-0141;AWS-0143;AWS-0176;AWS-0177;AWS-0180;AWS-0320;AWS-0342;AWS-0343;AWS-0345;AWS-0346,AWS-0089;AWS-0090,AWS-0019;AWS-0056;AWS-0058;AWS-0059;AWS-0060;AWS-0061;AWS-0062;AWS-0063;AWS-0077;AWS-0078;AWS-0079;AWS-0080;AWS-0086;AWS-0087;AWS-0091;AWS-0092;AWS-0093;AWS-0094;AWS-0123;AWS-0132;AWS-0133;AWS-0140;AWS-0141;AWS-0143;AWS-0176;AWS-0177;AWS-0180;AWS-0320;AWS-0342;AWS-0343;AWS-0345;AWS-0346;AWS-0089;AWS-0090,
25,20260816_024148_f5b1fb24,True,24,24,0,1,1,0,6,6,0,13,13,0,4,4,0,0,0,0,AWS-0019;AWS-0056;AWS-0058;AWS-0059;AWS-0060;AWS-0061;AWS-0062;AWS-0063;AWS-0077;AWS-0078;AWS-0079;AWS-0080;AWS-0123;AWS-0133;AWS-0140;AWS-0141;AWS-0143;AWS-0176;AWS-0177;AWS-0180;AWS-0342;AWS-0343;AWS-0345;AWS-0346,,AWS-0019;AWS-0056;AWS-0058;AWS-0059;AWS-0060;AWS-0061;AWS-0062;AWS-0063;AWS-0077;AWS-0078;AWS-0079;AWS-0080;AWS-0123;AWS-0133;AWS-0140;AWS-0141;AWS-0143;AWS-0176;AWS-0177;AWS-0180;AWS-0342;AWS-0343;AWS-0345;AWS-0346,
26,20260816_024342_10b394a3,True,27,27,0,2,2,0,7,7,0,13,13,0,5,5,0,0,0,0,AWS-0019;AWS-0034;AWS-0035;AWS-0036;AWS-0056;AWS-0058;AWS-0059;AWS-0060;AWS-0061;AWS-0062;AWS-0063;AWS-0077;AWS-0078;AWS-0079;AWS-0080;AWS-0123;AWS-0133;AWS-0140;AWS-0141;AWS-0143;AWS-0176;AWS-0177;AWS-0180;AWS-0342;AWS-0343;AWS-0345;AWS-0346,,AWS-0019;AWS-0034;AWS-0035;AWS-0036;AWS-0056;AWS-0058;AWS-0059;AWS-0060;AWS-0061;AWS-0062;AWS-0063;AWS-0077;AWS-0078;AWS-0079;AWS-0080;AWS-0123;AWS-0133;AWS-0140;AWS-0141;AWS-0143;AWS-0176;AWS-0177;AWS-0180;AWS-0342;AWS-0343;AWS-0345;AWS-0346,
27,20260816_024423_1d82f75d,False,36,35,1,1,1,0,14,14,0,15,15,0,6,5,1,0,0,0,AWS-0019;AWS-0056;AWS-0058;AWS-0059;AWS-0060;AWS-0061;AWS-0062;AWS-0063;AWS-0077;AWS-0078;AWS-0079;AWS-0080;AWS-0086;AWS-0087;AWS-0090;AWS-0091;AWS-0092;AWS-0093;AWS-0094;AWS-0095;AWS-0123;AWS-0132;AWS-0133;AWS-0136;AWS-0140;AWS-0141;AWS-0143;AWS-0176;AWS-0177;AWS-0180;AWS-0320;AWS-0342;AWS-0343;AWS-0345;AWS-0346,AWS-0089,AWS-0019;AWS-0056;AWS-0058;AWS-0059;AWS-0060;AWS-0061;AWS-0062;AWS-0063;AWS-0077;AWS-0078;AWS-0079;AWS-0080;AWS-0086;AWS-0087;AWS-0090;AWS-0091;AWS-0092;AWS-0093;AWS-0094;AWS-0095;AWS-0123;AWS-0132;AWS-0133;AWS-0136;AWS-0140;AWS-0141;AWS-0143;AWS-0176;AWS-0177;AWS-0180;AWS-0320;AWS-0342;AWS-0343;AWS-0345;AWS-0346;AWS-0089,
28,20260816_025112_753b19b5,False,30,26,4,1,1,0,7,7,0,14,14,0,8,4,4,0,0,0,AWS-0019;AWS-0023;AWS-0024;AWS-0056;AWS-0058;AWS-0059;AWS-0060;AWS-0061;AWS-0062;AWS-0063;AWS-0077;AWS-0078;AWS-0079;AWS-0080;AWS-0123;AWS-0133;AWS-0140;AWS-0141;AWS-0143;AWS-0176;AWS-0177;AWS-0180;AWS-0342;AWS-0343;AWS-0345;AWS-0346,AWS-0025,AWS-0019;AWS-0023;AWS-0024;AWS-0056;AWS-0058;AWS-0059;AWS-0060;AWS-0061;AWS-0062;AWS-0063;AWS-0077;AWS-0078;AWS-0079;AWS-0080;AWS-0123;AWS-0133;AWS-0140;AWS-0141;AWS-0143;AWS-0176;AWS-0177;AWS-0180;AWS-0342;AWS-0343;AWS-0345;AWS-0346;AWS-0025,
29,20260816_025151_2eb10c6e,True,45,45,0,5,5,0,16,16,0,15,15,0,9,9,0,0,0,0,AWS-0008;AWS-0009;AWS-0017;AWS-0019;AWS-0026;AWS-0027;AWS-0028;AWS-0029;AWS-0056;AWS-0058;AWS-0059;AWS-0060;AWS-0061;AWS-0062;AWS-0063;AWS-0077;AWS-0078;AWS-0079;AWS-0080;AWS-0099;AWS-0101;AWS-0102;AWS-0104;AWS-0105;AWS-0107;AWS-0122;AWS-0123;AWS-0124;AWS-0129;AWS-0130;AWS-0131;AWS-0133;AWS-0140;AWS-0141;AWS-0143;AWS-0164;AWS-0176;AWS-0177;AWS-0178;AWS-0180;AWS-0342;AWS-0343;AWS-0344;AWS-0345;AWS-0346,,AWS-0008;AWS-0009;AWS-0017;AWS-0019;AWS-0026;AWS-0027;AWS-0028;AWS-0029;AWS-0056;AWS-0058;AWS-0059;AWS-0060;AWS-0061;AWS-0062;AWS-0063;AWS-0077;AWS-0078;AWS-0079;AWS-0080;AWS-0099;AWS-0101;AWS-0102;AWS-0104;AWS-0105;AWS-0107;AWS-0122;AWS-0123;AWS-0124;AWS-0129;AWS-0130;AWS-0131;AWS-0133;AWS-0140;AWS-0141;AWS-0143;AWS-0164;AWS-0176;AWS-0177;AWS-0178;AWS-0180;AWS-0342;AWS-0343;AWS-0344;AWS-0345;AWS-0346,
30,20260816_103139_989c2f62,False,45,38,7,2,2,0,15,15,0,17,14,3,11,7,4,0,0,0,AWS-0015;AWS-0016;AWS-0019;AWS-0023;AWS-0056;AWS-0058;AWS-0059;AWS-0060;AWS-0061;AWS-0062;AWS-0063;AWS-0077;AWS-0078;AWS-0079;AWS-0080;AWS-0086;AWS-0087;AWS-0091;AWS-0092;AWS-0093;AWS-0094;AWS-0123;AWS-0132;AWS-0133;AWS-0140;AWS-0141;AWS-0143;AWS-0161;AWS-0162;AWS-0163;AWS-0176;AWS-0177;AWS-0180;AWS-0320;AWS-0342;AWS-0343;AWS-0345;AWS-0346,AWS-0014;AWS-0017;AWS-0024;AWS-0025;AWS-0089;AWS-0090,AWS-0015;AWS-0016;AWS-0019;AWS-0023;AWS-0056;AWS-0058;AWS-0059;AWS-0060;AWS-0061;AWS-0062;AWS-0063;AWS-0077;AWS-0078;AWS-0079;AWS-0080;AWS-0086;AWS-0087;AWS-0091;AWS-0092;AWS-0093;AWS-0094;AWS-0123;AWS-0132;AWS-0133;AWS-0140;AWS-0141;AWS-0143;AWS-0161;AWS-0162;AWS-0163;AWS-0176;AWS-0177;AWS-0180;AWS-0320;AWS-0342;AWS-0343;AWS-0345;AWS-0346;AWS-0014;AWS-0017;AWS-0024;AWS-0025;AWS-0089;AWS-0090,
31,20260816_025552_1a8f8291,False,25,24,1,1,1,0,6,6,0,13,13,0,5,4,1,0,0,0,AWS-0019;AWS-0056;AWS-0058;AWS-0059;AWS-0060;AWS-0061;AWS-0062;AWS-0063;AWS-0077;AWS-0078;AWS-0079;AWS-0080;AWS-0123;AWS-0133;AWS-0140;AWS-0141;AWS-0143;AWS-0176;AWS-0177;AWS-0180;AWS-0342;AWS-0343;AWS-0345;AWS-0346,AWS-0017,AWS-0019;AWS-0056;AWS-0058;AWS-0059;AWS-0060;AWS-0061;AWS-0062;AWS-0063;AWS-0077;AWS-0078;AWS-0079;AWS-0080;AWS-0123;AWS-0133;AWS-0140;AWS-0141;AWS-0143;AWS-0176;AWS-0177;AWS-0180;AWS-0342;AWS-0343;AWS-0345;AWS-0346;AWS-0017,
32,20260816_032201_1e69b93a,True,24,24,0,1,1,0,6,6,0,13,13,0,4,4,0,0,0,0,AWS-0019;AWS-0056;AWS-0058;AWS-0059;AWS-0060;AWS-0061;AWS-0062;AWS-0063;AWS-0077;AWS-0078;AWS-0079;AWS-0080;AWS-0123;AWS-0133;AWS-0140;AWS-0141;AWS-0143;AWS-0176;AWS-0177;AWS-0180;AWS-0342;AWS-0343;AWS-0345;AWS-0346,,AWS-0019;AWS-0056;AWS-0058;AWS-0059;AWS-0060;AWS-0061;AWS-0062;AWS-0063;AWS-0077;AWS-0078;AWS-0079;AWS-0080;AWS-0123;AWS-0133;AWS-0140;AWS-0141;AWS-0143;AWS-0176;AWS-0177;AWS-0180;AWS-0342;AWS-0343;AWS-0345;AWS-0346,
33,20260816_032340_cb785292,False,25,24,1,1,1,0,6,6,0,13,13,0,5,4,1,0,0,0,AWS-0019;AWS-0056;AWS-0058;AWS-0059;AWS-0060;AWS-0061;AWS-0062;AWS-0063;AWS-0077;AWS-0078;AWS-0079;AWS-0080;AWS-0123;AWS-0133;AWS-0140;AWS-0141;AWS-0143;AWS-0176;AWS-0177;AWS-0180;AWS-0342;AWS-0343;AWS-0345;AWS-0346,AWS-0017,AWS-0019;AWS-0056;AWS-0058;AWS-0059;AWS-0060;AWS-0061;AWS-0062;AWS-0063;AWS-0077;AWS-0078;AWS-0079;AWS-0080;AWS-0123;AWS-0133;AWS-0140;AWS-0141;AWS-0143;AWS-0176;AWS-0177;AWS-0180;AWS-0342;AWS-0343;AWS-0345;AWS-0346;AWS-0017,
34,20260816_032622_a0421fb1,False,44,43,1,5,5,0,16,16,0,15,14,1,8,8,0,0,0,0,AWS-0008;AWS-0009;AWS-0019;AWS-0026;AWS-0027;AWS-0028;AWS-0029;AWS-0056;AWS-0058;AWS-0059;AWS-0060;AWS-0061;AWS-0062;AWS-0063;AWS-0077;AWS-0078;AWS-0079;AWS-0080;AWS-0099;AWS-0101;AWS-0102;AWS-0104;AWS-0105;AWS-0107;AWS-0122;AWS-0123;AWS-0124;AWS-0129;AWS-0130;AWS-0131;AWS-0133;AWS-0140;AWS-0141;AWS-0143;AWS-0164;AWS-0176;AWS-0177;AWS-0180;AWS-0342;AWS-0343;AWS-0344;AWS-0345;AWS-0346,AWS-0178,AWS-0008;AWS-0009;AWS-0019;AWS-0026;AWS-0027;AWS-0028;AWS-0029;AWS-0056;AWS-0058;AWS-0059;AWS-0060;AWS-0061;AWS-0062;AWS-0063;AWS-0077;AWS-0078;AWS-0079;AWS-0080;AWS-0099;AWS-0101;AWS-0102;AWS-0104;AWS-0105;AWS-0107;AWS-0122;AWS-0123;AWS-0124;AWS-0129;AWS-0130;AWS-0131;AWS-0133;AWS-0140;AWS-0141;AWS-0143;AWS-0164;AWS-0176;AWS-0177;AWS-0180;AWS-0342;AWS-0343;AWS-0344;AWS-0345;AWS-0346;AWS-0178,
35,20260816_032758_09166d81,True,25,25,0,1,1,0,7,7,0,13,13,0,4,4,0,0,0,0,AWS-0019;AWS-0056;AWS-0058;AWS-0059;AWS-0060;AWS-0061;AWS-0062;AWS-0063;AWS-0064;AWS-0077;AWS-0078;AWS-0079;AWS-0080;AWS-0123;AWS-0133;AWS-0140;AWS-0141;AWS-0143;AWS-0176;AWS-0177;AWS-0180;AWS-0342;AWS-0343;AWS-0345;AWS-0346,,AWS-0019;AWS-0056;AWS-0058;AWS-0059;AWS-0060;AWS-0061;AWS-0062;AWS-0063;AWS-0064;AWS-0077;AWS-0078;AWS-0079;AWS-0080;AWS-0123;AWS-0133;AWS-0140;AWS-0141;AWS-0143;AWS-0176;AWS-0177;AWS-0180;AWS-0342;AWS-0343;AWS-0345;AWS-0346,
36,20260816_032844_075bacff,False,34,33,1,1,1,0,12,12,0,15,15,0,6,5,1,0,0,0,AWS-0019;AWS-0056;AWS-0058;AWS-0059;AWS-0060;AWS-0061;AWS-0062;AWS-0063;AWS-0077;AWS-0078;AWS-0079;AWS-0080;AWS-0086;AWS-0087;AWS-0090;AWS-0091;AWS-0092;AWS-0093;AWS-0094;AWS-0123;AWS-0132;AWS-0133;AWS-0140;AWS-0141;AWS-0143;AWS-0176;AWS-0177;AWS-0180;AWS-0320;AWS-0342;AWS-0343;AWS-0345;AWS-0346,AWS-0089,AWS-0019;AWS-0056;AWS-0058;AWS-0059;AWS-0060;AWS-0061;AWS-0062;AWS-0063;AWS-0077;AWS-0078;AWS-0079;AWS-0080;AWS-0086;AWS-0087;AWS-0090;AWS-0091;AWS-0092;AWS-0093;AWS-0094;AWS-0123;AWS-0132;AWS-0133;AWS-0140;AWS-0141;AWS-0143;AWS-0176;AWS-0177;AWS-0180;AWS-0320;AWS-0342;AWS-0343;AWS-0345;AWS-0346;AWS-0089,
37,20260816_033457_1c0a6322,False,41,35,6,2,2,0,14,14,0,15,14,1,10,5,5,0,0,0,AWS-0019;AWS-0056;AWS-0058;AWS-0059;AWS-0060;AWS-0061;AWS-0062;AWS-0063;AWS-0067;AWS-0077;AWS-0078;AWS-0079;AWS-0080;AWS-0086;AWS-0087;AWS-0091;AWS-0092;AWS-0093;AWS-0094;AWS-0095;AWS-0123;AWS-0132;AWS-0133;AWS-0136;AWS-0140;AWS-0141;AWS-0143;AWS-0176;AWS-0177;AWS-0180;AWS-0320;AWS-0342;AWS-0343;AWS-0345;AWS-0346,AWS-0066;AWS-0089;AWS-0090,AWS-0019;AWS-0056;AWS-0058;AWS-0059;AWS-0060;AWS-0061;AWS-0062;AWS-0063;AWS-0067;AWS-0077;AWS-0078;AWS-0079;AWS-0080;AWS-0086;AWS-0087;AWS-0091;AWS-0092;AWS-0093;AWS-0094;AWS-0095;AWS-0123;AWS-0132;AWS-0133;AWS-0136;AWS-0140;AWS-0141;AWS-0143;AWS-0176;AWS-0177;AWS-0180;AWS-0320;AWS-0342;AWS-0343;AWS-0345;AWS-0346;AWS-0066;AWS-0089;AWS-0090,
38,20260816_033921_ed3086fc,False,25,24,1,1,1,0,6,6,0,13,13,0,5,4,1,0,0,0,AWS-0019;AWS-0056;AWS-0058;AWS-0059;AWS-0060;AWS-0061;AWS-0062;AWS-0063;AWS-0077;AWS-0078;AWS-0079;AWS-0080;AWS-0123;AWS-0133;AWS-0140;AWS-0141;AWS-0143;AWS-0176;AWS-0177;AWS-0180;AWS-0342;AWS-0343;AWS-0345;AWS-0346,AWS-0017,AWS-0019;AWS-0056;AWS-0058;AWS-0059;AWS-0060;AWS-0061;AWS-0062;AWS-0063;AWS-0077;AWS-0078;AWS-0079;AWS-0080;AWS-0123;AWS-0133;AWS-0140;AWS-0141;AWS-0143;AWS-0176;AWS-0177;AWS-0180;AWS-0342;AWS-0343;AWS-0345;AWS-0346;AWS-0017,
39,20260816_034100_45063800,False,48,44,4,5,5,0,18,18,0,15,14,1,10,7,3,0,0,0,AWS-0008;AWS-0009;AWS-0019;AWS-0026;AWS-0027;AWS-0028;AWS-0029;AWS-0056;AWS-0058;AWS-0059;AWS-0060;AWS-0061;AWS-0062;AWS-0063;AWS-0077;AWS-0078;AWS-0079;AWS-0080;AWS-0095;AWS-0099;AWS-0101;AWS-0102;AWS-0104;AWS-0105;AWS-0107;AWS-0122;AWS-0123;AWS-0129;AWS-0130;AWS-0131;AWS-0133;AWS-0136;AWS-0140;AWS-0141;AWS-0143;AWS-0164;AWS-0176;AWS-0177;AWS-0180;AWS-0342;AWS-0343;AWS-0344;AWS-0345;AWS-0346,AWS-0124;AWS-0178,AWS-0008;AWS-0009;AWS-0019;AWS-0026;AWS-0027;AWS-0028;AWS-0029;AWS-0056;AWS-0058;AWS-0059;AWS-0060;AWS-0061;AWS-0062;AWS-0063;AWS-0077;AWS-0078;AWS-0079;AWS-0080;AWS-0095;AWS-0099;AWS-0101;AWS-0102;AWS-0104;AWS-0105;AWS-0107;AWS-0122;AWS-0123;AWS-0129;AWS-0130;AWS-0131;AWS-0133;AWS-0136;AWS-0140;AWS-0141;AWS-0143;AWS-0164;AWS-0176;AWS-0177;AWS-0180;AWS-0342;AWS-0343;AWS-0344;AWS-0345;AWS-0346;AWS-0124;AWS-0178,
40,20260816_035303_20bd25cb,False,27,25,2,2,2,0,6,6,0,13,13,0,6,4,2,0,0,0,AWS-0019;AWS-0056;AWS-0058;AWS-0059;AWS-0060;AWS-0061;AWS-0062;AWS-0063;AWS-0067;AWS-0077;AWS-0078;AWS-0079;AWS-0080;AWS-0123;AWS-0133;AWS-0140;AWS-0141;AWS-0143;AWS-0176;AWS-0177;AWS-0180;AWS-0342;AWS-0343;AWS-0345;AWS-0346,AWS-0017;AWS-0066,AWS-0019;AWS-0056;AWS-0058;AWS-0059;AWS-0060;AWS-0061;AWS-0062;AWS-0063;AWS-0067;AWS-0077;AWS-0078;AWS-0079;AWS-0080;AWS-0123;AWS-0133;AWS-0140;AWS-0141;AWS-0143;AWS-0176;AWS-0177;AWS-0180;AWS-0342;AWS-0343;AWS-0345;AWS-0346;AWS-0017;AWS-0066,
41,20260816_041107_8e5e4c89,False,38,33,5,2,2,0,12,12,0,16,14,2,8,5,3,0,0,0,AWS-0019;AWS-0056;AWS-0058;AWS-0059;AWS-0060;AWS-0061;AWS-0062;AWS-0063;AWS-0067;AWS-0077;AWS-0078;AWS-0079;AWS-0080;AWS-0086;AWS-0087;AWS-0091;AWS-0092;AWS-0093;AWS-0094;AWS-0123;AWS-0132;AWS-0133;AWS-0140;AWS-0141;AWS-0143;AWS-0176;AWS-0177;AWS-0180;AWS-0320;AWS-0342;AWS-0343;AWS-0345;AWS-0346,AWS-0066;AWS-0089;AWS-0090,AWS-0019;AWS-0056;AWS-0058;AWS-0059;AWS-0060;AWS-0061;AWS-0062;AWS-0063;AWS-0067;AWS-0077;AWS-0078;AWS-0079;AWS-0080;AWS-0086;AWS-0087;AWS-0091;AWS-0092;AWS-0093;AWS-0094;AWS-0123;AWS-0132;AWS-0133;AWS-0140;AWS-0141;AWS-0143;AWS-0176;AWS-0177;AWS-0180;AWS-0320;AWS-0342;AWS-0343;AWS-0345;AWS-0346;AWS-0066;AWS-0089;AWS-0090,
42,20260816_060012_1d1811c3,False,36,32,4,1,1,0,12,12,0,16,14,2,7,5,2,0,0,0,AWS-0019;AWS-0056;AWS-0058;AWS-0059;AWS-0060;AWS-0061;AWS-0062;AWS-0063;AWS-0077;AWS-0078;AWS-0079;AWS-0080;AWS-0086;AWS-0087;AWS-0091;AWS-0092;AWS-0093;AWS-0094;AWS-0123;AWS-0132;AWS-0133;AWS-0140;AWS-0141;AWS-0143;AWS-0176;AWS-0177;AWS-0180;AWS-0320;AWS-0342;AWS-0343;AWS-0345;AWS-0346,AWS-0089;AWS-0090,AWS-0019;AWS-0056;AWS-0058;AWS-0059;AWS-0060;AWS-0061;AWS-0062;AWS-0063;AWS-0077;AWS-0078;AWS-0079;AWS-0080;AWS-0086;AWS-0087;AWS-0091;AWS-0092;AWS-0093;AWS-0094;AWS-0123;AWS-0132;AWS-0133;AWS-0140;AWS-0141;AWS-0143;AWS-0176;AWS-0177;AWS-0180;AWS-0320;AWS-0342;AWS-0343;AWS-0345;AWS-0346;AWS-0089;AWS-0090,
43,20260816_060755_9ec2b7e4,False,46,43,3,6,6,0,16,16,0,15,14,1,9,7,2,0,0,0,AWS-0008;AWS-0009;AWS-0019;AWS-0026;AWS-0027;AWS-0028;AWS-0029;AWS-0056;AWS-0058;AWS-0059;AWS-0060;AWS-0061;AWS-0062;AWS-0063;AWS-0067;AWS-0077;AWS-0078;AWS-0079;AWS-0080;AWS-0099;AWS-0101;AWS-0102;AWS-0104;AWS-0105;AWS-0107;AWS-0122;AWS-0123;AWS-0129;AWS-0130;AWS-0131;AWS-0133;AWS-0140;AWS-0141;AWS-0143;AWS-0164;AWS-0176;AWS-0177;AWS-0180;AWS-0342;AWS-0343;AWS-0344;AWS-0345;AWS-0346,AWS-0066;AWS-0124;AWS-0178,AWS-0008;AWS-0009;AWS-0019;AWS-0026;AWS-0027;AWS-0028;AWS-0029;AWS-0056;AWS-0058;AWS-0059;AWS-0060;AWS-0061;AWS-0062;AWS-0063;AWS-0067;AWS-0077;AWS-0078;AWS-0079;AWS-0080;AWS-0099;AWS-0101;AWS-0102;AWS-0104;AWS-0105;AWS-0107;AWS-0122;AWS-0123;AWS-0129;AWS-0130;AWS-0131;AWS-0133;AWS-0140;AWS-0141;AWS-0143;AWS-0164;AWS-0176;AWS-0177;AWS-0180;AWS-0342;AWS-0343;AWS-0344;AWS-0345;AWS-0346;AWS-0066;AWS-0124;AWS-0178,
44,20260816_061423_d237de44,True,27,27,0,1,1,0,9,9,0,13,13,0,4,4,0,0,0,0,AWS-0019;AWS-0056;AWS-0058;AWS-0059;AWS-0060;AWS-0061;AWS-0062;AWS-0063;AWS-0077;AWS-0078;AWS-0079;AWS-0080;AWS-0096;AWS-0097;AWS-0123;AWS-0133;AWS-0135;AWS-0140;AWS-0141;AWS-0143;AWS-0176;AWS-0177;AWS-0180;AWS-0342;AWS-0343;AWS-0345;AWS-0346,,AWS-0019;AWS-0056;AWS-0058;AWS-0059;AWS-0060;AWS-0061;AWS-0062;AWS-0063;AWS-0077;AWS-0078;AWS-0079;AWS-0080;AWS-0096;AWS-0097;AWS-0123;AWS-0133;AWS-0135;AWS-0140;AWS-0141;AWS-0143;AWS-0176;AWS-0177;AWS-0180;AWS-0342;AWS-0343;AWS-0345;AWS-0346,
45,20260816_062003_81053405,False,47,43,4,5,5,0,16,15,1,15,15,0,11,8,3,0,0,0,AWS-0008;AWS-0009;AWS-0017;AWS-0019;AWS-0026;AWS-0027;AWS-0029;AWS-0056;AWS-0058;AWS-0059;AWS-0060;AWS-0061;AWS-0062;AWS-0063;AWS-0077;AWS-0078;AWS-0079;AWS-0080;AWS-0099;AWS-0101;AWS-0102;AWS-0104;AWS-0105;AWS-0107;AWS-0122;AWS-0123;AWS-0129;AWS-0130;AWS-0131;AWS-0133;AWS-0140;AWS-0141;AWS-0143;AWS-0164;AWS-0176;AWS-0177;AWS-0178;AWS-0180;AWS-0342;AWS-0343;AWS-0344;AWS-0345;AWS-0346,AWS-0028;AWS-0124,AWS-0008;AWS-0009;AWS-0017;AWS-0019;AWS-0026;AWS-0027;AWS-0029;AWS-0056;AWS-0058;AWS-0059;AWS-0060;AWS-0061;AWS-0062;AWS-0063;AWS-0077;AWS-0078;AWS-0079;AWS-0080;AWS-0099;AWS-0101;AWS-0102;AWS-0104;AWS-0105;AWS-0107;AWS-0122;AWS-0123;AWS-0129;AWS-0130;AWS-0131;AWS-0133;AWS-0140;AWS-0141;AWS-0143;AWS-0164;AWS-0176;AWS-0177;AWS-0178;AWS-0180;AWS-0342;AWS-0343;AWS-0344;AWS-0345;AWS-0346;AWS-0028;AWS-0124,
46,20260816_063055_5c04375a,True,24,24,0,1,1,0,6,6,0,13,13,0,4,4,0,0,0,0,AWS-0019;AWS-0056;AWS-0058;AWS-0059;AWS-0060;AWS-0061;AWS-0062;AWS-0063;AWS-0077;AWS-0078;AWS-0079;AWS-0080;AWS-0123;AWS-0133;AWS-0140;AWS-0141;AWS-0143;AWS-0176;AWS-0177;AWS-0180;AWS-0342;AWS-0343;AWS-0345;AWS-0346,,AWS-0019;AWS-0056;AWS-0058;AWS-0059;AWS-0060;AWS-0061;AWS-0062;AWS-0063;AWS-0077;AWS-0078;AWS-0079;AWS-0080;AWS-0123;AWS-0133;AWS-0140;AWS-0141;AWS-0143;AWS-0176;AWS-0177;AWS-0180;AWS-0342;AWS-0343;AWS-0345;AWS-0346,
47,20260816_063447_4dece5d8,False,44,42,2,5,5,0,16,16,0,15,13,2,8,8,0,0,0,0,AWS-0008;AWS-0009;AWS-0019;AWS-0026;AWS-0027;AWS-0028;AWS-0029;AWS-0056;AWS-0058;AWS-0059;AWS-0060;AWS-0061;AWS-0062;AWS-0063;AWS-0077;AWS-0078;AWS-0079;AWS-0080;AWS-0099;AWS-0101;AWS-0102;AWS-0104;AWS-0107;AWS-0122;AWS-0123;AWS-0124;AWS-0129;AWS-0130;AWS-0131;AWS-0133;AWS-0140;AWS-0141;AWS-0143;AWS-0164;AWS-0176;AWS-0177;AWS-0180;AWS-0342;AWS-0343;AWS-0344;AWS-0345;AWS-0346,AWS-0105;AWS-0178,AWS-0008;AWS-0009;AWS-0019;AWS-0026;AWS-0027;AWS-0028;AWS-0029;AWS-0056;AWS-0058;AWS-0059;AWS-0060;AWS-0061;AWS-0062;AWS-0063;AWS-0077;AWS-0078;AWS-0079;AWS-0080;AWS-0099;AWS-0101;AWS-0102;AWS-0104;AWS-0107;AWS-0122;AWS-0123;AWS-0124;AWS-0129;AWS-0130;AWS-0131;AWS-0133;AWS-0140;AWS-0141;AWS-0143;AWS-0164;AWS-0176;AWS-0177;AWS-0180;AWS-0342;AWS-0343;AWS-0344;AWS-0345;AWS-0346;AWS-0105;AWS-0178,
48,20260816_063848_4bfe8fe3,False,46,42,4,5,5,0,16,16,0,15,14,1,10,7,3,0,0,0,AWS-0008;AWS-0009;AWS-0019;AWS-0026;AWS-0027;AWS-0028;AWS-0029;AWS-0056;AWS-0058;AWS-0059;AWS-0060;AWS-0061;AWS-0062;AWS-0063;AWS-0077;AWS-0078;AWS-0079;AWS-0080;AWS-0099;AWS-0101;AWS-0102;AWS-0104;AWS-0105;AWS-0107;AWS-0122;AWS-0123;AWS-0129;AWS-0130;AWS-0131;AWS-0133;AWS-0140;AWS-0141;AWS-0143;AWS-0164;AWS-0176;AWS-0177;AWS-0180;AWS-0342;AWS-0343;AWS-0344;AWS-0345;AWS-0346,AWS-0124;AWS-0178,AWS-0008;AWS-0009;AWS-0019;AWS-0026;AWS-0027;AWS-0028;AWS-0029;AWS-0056;AWS-0058;AWS-0059;AWS-0060;AWS-0061;AWS-0062;AWS-0063;AWS-0077;AWS-0078;AWS-0079;AWS-0080;AWS-0099;AWS-0101;AWS-0102;AWS-0104;AWS-0105;AWS-0107;AWS-0122;AWS-0123;AWS-0129;AWS-0130;AWS-0131;AWS-0133;AWS-0140;AWS-0141;AWS-0143;AWS-0164;AWS-0176;AWS-0177;AWS-0180;AWS-0342;AWS-0343;AWS-0344;AWS-0345;AWS-0346;AWS-0124;AWS-0178,
49,20260816_104427_3d645a3a,True,24,24,0,1,1,0,6,6,0,13,13,0,4,4,0,0,0,0,AWS-0019;AWS-0056;AWS-0058;AWS-0059;AWS-0060;AWS-0061;AWS-0062;AWS-0063;AWS-0077;AWS-0078;AWS-0079;AWS-0080;AWS-0123;AWS-0133;AWS-0140;AWS-0141;AWS-0143;AWS-0176;AWS-0177;AWS-0180;AWS-0342;AWS-0343;AWS-0345;AWS-0346,,AWS-0019;AWS-0056;AWS-0058;AWS-0059;AWS-0060;AWS-0061;AWS-0062;AWS-0063;AWS-0077;AWS-0078;AWS-0079;AWS-0080;AWS-0123;AWS-0133;AWS-0140;AWS-0141;AWS-0143;AWS-0176;AWS-0177;AWS-0180;AWS-0342;AWS-0343;AWS-0345;AWS-0346,
50,20260816_064551_245cf700,True,24,24,0,1,1,0,6,6,0,13,13,0,4,4,0,0,0,0,AWS-0019;AWS-0056;AWS-0058;AWS-0059;AWS-0060;AWS-0061;AWS-0062;AWS-0063;AWS-0077;AWS-0078;AWS-0079;AWS-0080;AWS-0123;AWS-0133;AWS-0140;AWS-0141;AWS-0143;AWS-0176;AWS-0177;AWS-0180;AWS-0342;AWS-0343;AWS-0345;AWS-0346,,AWS-0019;AWS-0056;AWS-0058;AWS-0059;AWS-0060;AWS-0061;AWS-0062;AWS-0063;AWS-0077;AWS-0078;AWS-0079;AWS-0080;AWS-0123;AWS-0133;AWS-0140;AWS-0141;AWS-0143;AWS-0176;AWS-0177;AWS-0180;AWS-0342;AWS-0343;AWS-0345;AWS-0346,
51,20260816_104932_def4ddcb,False,46,44,2,5,5,0,16,16,0,15,15,0,10,8,2,0,0,0,AWS-0008;AWS-0009;AWS-0017;AWS-0019;AWS-0026;AWS-0027;AWS-0028;AWS-0029;AWS-0056;AWS-0058;AWS-0059;AWS-0060;AWS-0061;AWS-0062;AWS-0063;AWS-0077;AWS-0078;AWS-0079;AWS-0080;AWS-0099;AWS-0101;AWS-0102;AWS-0104;AWS-0105;AWS-0107;AWS-0122;AWS-0123;AWS-0129;AWS-0130;AWS-0131;AWS-0133;AWS-0140;AWS-0141;AWS-0143;AWS-0164;AWS-0176;AWS-0177;AWS-0178;AWS-0180;AWS-0342;AWS-0343;AWS-0344;AWS-0345;AWS-0346,AWS-0124,AWS-0008;AWS-0009;AWS-0017;AWS-0019;AWS-0026;AWS-0027;AWS-0028;AWS-0029;AWS-0056;AWS-0058;AWS-0059;AWS-0060;AWS-0061;AWS-0062;AWS-0063;AWS-0077;AWS-0078;AWS-0079;AWS-0080;AWS-0099;AWS-0101;AWS-0102;AWS-0104;AWS-0105;AWS-0107;AWS-0122;AWS-0123;AWS-0129;AWS-0130;AWS-0131;AWS-0133;AWS-0140;AWS-0141;AWS-0143;AWS-0164;AWS-0176;AWS-0177;AWS-0178;AWS-0180;AWS-0342;AWS-0343;AWS-0344;AWS-0345;AWS-0346;AWS-0124,
52,20260816_105157_c7dd6871,True,24,24,0,1,1,0,6,6,0,13,13,0,4,4,0,0,0,0,AWS-0019;AWS-0056;AWS-0058;AWS-0059;AWS-0060;AWS-0061;AWS-0062;AWS-0063;AWS-0077;AWS-0078;AWS-0079;AWS-0080;AWS-0123;AWS-0133;AWS-0140;AWS-0141;AWS-0143;AWS-0176;AWS-0177;AWS-0180;AWS-0342;AWS-0343;AWS-0345;AWS-0346,,AWS-0019;AWS-0056;AWS-0058;AWS-0059;AWS-0060;AWS-0061;AWS-0062;AWS-0063;AWS-0077;AWS-0078;AWS-0079;AWS-0080;AWS-0123;AWS-0133;AWS-0140;AWS-0141;AWS-0143;AWS-0176;AWS-0177;AWS-0180;AWS-0342;AWS-0343;AWS-0345;AWS-0346,
53,20260816_105334_1ef6543f,False,37,34,3,2,2,0,13,13,0,15,14,1,7,5,2,0,0,0,AWS-0018;AWS-0019;AWS-0056;AWS-0058;AWS-0059;AWS-0060;AWS-0061;AWS-0062;AWS-0063;AWS-0067;AWS-0077;AWS-0078;AWS-0079;AWS-0080;AWS-0086;AWS-0087;AWS-0091;AWS-0092;AWS-0093;AWS-0094;AWS-0123;AWS-0132;AWS-0133;AWS-0140;AWS-0141;AWS-0143;AWS-0176;AWS-0177;AWS-0180;AWS-0320;AWS-0342;AWS-0343;AWS-0345;AWS-0346,AWS-0066;AWS-0089;AWS-0090,AWS-0018;AWS-0019;AWS-0056;AWS-0058;AWS-0059;AWS-0060;AWS-0061;AWS-0062;AWS-0063;AWS-0067;AWS-0077;AWS-0078;AWS-0079;AWS-0080;AWS-0086;AWS-0087;AWS-0091;AWS-0092;AWS-0093;AWS-0094;AWS-0123;AWS-0132;AWS-0133;AWS-0140;AWS-0141;AWS-0143;AWS-0176;AWS-0177;AWS-0180;AWS-0320;AWS-0342;AWS-0343;AWS-0345;AWS-0346;AWS-0066;AWS-0089;AWS-0090,
54,20260816_110044_b3eb0087,True,24,24,0,1,1,0,6,6,0,13,13,0,4,4,0,0,0,0,AWS-0019;AWS-0056;AWS-0058;AWS-0059;AWS-0060;AWS-0061;AWS-0062;AWS-0063;AWS-0077;AWS-0078;AWS-0079;AWS-0080;AWS-0123;AWS-0133;AWS-0140;AWS-0141;AWS-0143;AWS-0176;AWS-0177;AWS-0180;AWS-0342;AWS-0343;AWS-0345;AWS-0346,,AWS-0019;AWS-0056;AWS-0058;AWS-0059;AWS-0060;AWS-0061;AWS-0062;AWS-0063;AWS-0077;AWS-0078;AWS-0079;AWS-0080;AWS-0123;AWS-0133;AWS-0140;AWS-0141;AWS-0143;AWS-0176;AWS-0177;AWS-0180;AWS-0342;AWS-0343;AWS-0345;AWS-0346,
55,20260816_111343_4513eb4d,False,44,43,1,5,5,0,16,16,0,15,14,1,8,8,0,0,0,0,AWS-0008;AWS-0009;AWS-0019;AWS-0026;AWS-0027;AWS-0028;AWS-0029;AWS-0056;AWS-0058;AWS-0059;AWS-0060;AWS-0061;AWS-0062;AWS-0063;AWS-0077;AWS-0078;AWS-0079;AWS-0080;AWS-0099;AWS-0101;AWS-0102;AWS-0104;AWS-0105;AWS-0107;AWS-0122;AWS-0123;AWS-0124;AWS-0129;AWS-0130;AWS-0131;AWS-0133;AWS-0140;AWS-0141;AWS-0143;AWS-0164;AWS-0176;AWS-0177;AWS-0180;AWS-0342;AWS-0343;AWS-0344;AWS-0345;AWS-0346,AWS-0178,AWS-0008;AWS-0009;AWS-0019;AWS-0026;AWS-0027;AWS-0028;AWS-0029;AWS-0056;AWS-0058;AWS-0059;AWS-0060;AWS-0061;AWS-0062;AWS-0063;AWS-0077;AWS-0078;AWS-0079;AWS-0080;AWS-0099;AWS-0101;AWS-0102;AWS-0104;AWS-0105;AWS-0107;AWS-0122;AWS-0123;AWS-0124;AWS-0129;AWS-0130;AWS-0131;AWS-0133;AWS-0140;AWS-0141;AWS-0143;AWS-0164;AWS-0176;AWS-0177;AWS-0180;AWS-0342;AWS-0343;AWS-0344;AWS-0345;AWS-0346;AWS-0178,
56,20260816_111547_508c8307,False,44,43,1,5,5,0,16,16,0,15,14,1,8,8,0,0,0,0,AWS-0008;AWS-0009;AWS-0019;AWS-0026;AWS-0027;AWS-0028;AWS-0029;AWS-0056;AWS-0058;AWS-0059;AWS-0060;AWS-0061;AWS-0062;AWS-0063;AWS-0077;AWS-0078;AWS-0079;AWS-0080;AWS-0099;AWS-0101;AWS-0102;AWS-0104;AWS-0105;AWS-0107;AWS-0122;AWS-0123;AWS-0124;AWS-0129;AWS-0130;AWS-0131;AWS-0133;AWS-0140;AWS-0141;AWS-0143;AWS-0164;AWS-0176;AWS-0177;AWS-0180;AWS-0342;AWS-0343;AWS-0344;AWS-0345;AWS-0346,AWS-0178,AWS-0008;AWS-0009;AWS-0019;AWS-0026;AWS-0027;AWS-0028;AWS-0029;AWS-0056;AWS-0058;AWS-0059;AWS-0060;AWS-0061;AWS-0062;AWS-0063;AWS-0077;AWS-0078;AWS-0079;AWS-0080;AWS-0099;AWS-0101;AWS-0102;AWS-0104;AWS-0105;AWS-0107;AWS-0122;AWS-0123;AWS-0124;AWS-0129;AWS-0130;AWS-0131;AWS-0133;AWS-0140;AWS-0141;AWS-0143;AWS-0164;AWS-0176;AWS-0177;AWS-0180;AWS-0342;AWS-0343;AWS-0344;AWS-0345;AWS-0346;AWS-0178,
57,20260816_111709_6ea038a3,True,24,24,0,1,1,0,6,6,0,13,13,0,4,4,0,0,0,0,AWS-0019;AWS-0056;AWS-0058;AWS-0059;AWS-0060;AWS-0061;AWS-0062;AWS-0063;AWS-0077;AWS-0078;AWS-0079;AWS-0080;AWS-0123;AWS-0133;AWS-0140;AWS-0141;AWS-0143;AWS-0176;AWS-0177;AWS-0180;AWS-0342;AWS-0343;AWS-0345;AWS-0346,,AWS-0019;AWS-0056;AWS-0058;AWS-0059;AWS-0060;AWS-0061;AWS-0062;AWS-0063;AWS-0077;AWS-0078;AWS-0079;AWS-0080;AWS-0123;AWS-0133;AWS-0140;AWS-0141;AWS-0143;AWS-0176;AWS-0177;AWS-0180;AWS-0342;AWS-0343;AWS-0345;AWS-0346,
58,20260816_112111_dd38ea70,False,44,42,2,5,5,0,16,16,0,15,14,1,8,7,1,0,0,0,AWS-0008;AWS-0009;AWS-0019;AWS-0026;AWS-0027;AWS-0028;AWS-0029;AWS-0056;AWS-0058;AWS-0059;AWS-0060;AWS-0061;AWS-0062;AWS-0063;AWS-0077;AWS-0078;AWS-0079;AWS-0080;AWS-0099;AWS-0101;AWS-0102;AWS-0104;AWS-0105;AWS-0107;AWS-0122;AWS-0123;AWS-0129;AWS-0130;AWS-0131;AWS-0133;AWS-0140;AWS-0141;AWS-0143;AWS-0164;AWS-0176;AWS-0177;AWS-0180;AWS-0342;AWS-0343;AWS-0344;AWS-0345;AWS-0346,AWS-0124;AWS-0178,AWS-0008;AWS-0009;AWS-0019;AWS-0026;AWS-0027;AWS-0028;AWS-0029;AWS-0056;AWS-0058;AWS-0059;AWS-0060;AWS-0061;AWS-0062;AWS-0063;AWS-0077;AWS-0078;AWS-0079;AWS-0080;AWS-0099;AWS-0101;AWS-0102;AWS-0104;AWS-0105;AWS-0107;AWS-0122;AWS-0123;AWS-0129;AWS-0130;AWS-0131;AWS-0133;AWS-0140;AWS-0141;AWS-0143;AWS-0164;AWS-0176;AWS-0177;AWS-0180;AWS-0342;AWS-0343;AWS-0344;AWS-0345;AWS-0346;AWS-0124;AWS-0178,
59,20260816_112704_f57b6a9d,False,44,43,1,5,5,0,16,16,0,15,14,1,8,8,0,0,0,0,AWS-0008;AWS-0009;AWS-0019;AWS-0026;AWS-0027;AWS-0028;AWS-0029;AWS-0056;AWS-0058;AWS-0059;AWS-0060;AWS-0061;AWS-0062;AWS-0063;AWS-0077;AWS-0078;AWS-0079;AWS-0080;AWS-0099;AWS-0101;AWS-0102;AWS-0104;AWS-0105;AWS-0107;AWS-0122;AWS-0123;AWS-0124;AWS-0129;AWS-0130;AWS-0131;AWS-0133;AWS-0140;AWS-0141;AWS-0143;AWS-0164;AWS-0176;AWS-0177;AWS-0180;AWS-0342;AWS-0343;AWS-0344;AWS-0345;AWS-0346,AWS-0178,AWS-0008;AWS-0009;AWS-0019;AWS-0026;AWS-0027;AWS-0028;AWS-0029;AWS-0056;AWS-0058;AWS-0059;AWS-0060;AWS-0061;AWS-0062;AWS-0063;AWS-0077;AWS-0078;AWS-0079;AWS-0080;AWS-0099;AWS-0101;AWS-0102;AWS-0104;AWS-0105;AWS-0107;AWS-0122;AWS-0123;AWS-0124;AWS-0129;AWS-0130;AWS-0131;AWS-0133;AWS-0140;AWS-0141;AWS-0143;AWS-0164;AWS-0176;AWS-0177;AWS-0180;AWS-0342;AWS-0343;AWS-0344;AWS-0345;AWS-0346;AWS-0178,
60,20260816_113051_c6738244,True,24,24,0,1,1,0,6,6,0,13,13,0,4,4,0,0,0,0,AWS-0019;AWS-0056;AWS-0058;AWS-0059;AWS-0060;AWS-0061;AWS-0062;AWS-0063;AWS-0077;AWS-0078;AWS-0079;AWS-0080;AWS-0123;AWS-0133;AWS-0140;AWS-0141;AWS-0143;AWS-0176;AWS-0177;AWS-0180;AWS-0342;AWS-0343;AWS-0345;AWS-0346,,AWS-0019;AWS-0056;AWS-0058;AWS-0059;AWS-0060;AWS-0061;AWS-0062;AWS-0063;AWS-0077;AWS-0078;AWS-0079;AWS-0080;AWS-0123;AWS-0133;AWS-0140;AWS-0141;AWS-0143;AWS-0176;AWS-0177;AWS-0180;AWS-0342;AWS-0343;AWS-0345;AWS-0346,
61,20260816_113132_b8657668,True,24,24,0,1,1,0,6,6,0,13,13,0,4,4,0,0,0,0,AWS-0019;AWS-0056;AWS-0058;AWS-0059;AWS-0060;AWS-0061;AWS-0062;AWS-0063;AWS-0077;AWS-0078;AWS-0079;AWS-0080;AWS-0123;AWS-0133;AWS-0140;AWS-0141;AWS-0143;AWS-0176;AWS-0177;AWS-0180;AWS-0342;AWS-0343;AWS-0345;AWS-0346,,AWS-0019;AWS-0056;AWS-0058;AWS-0059;AWS-0060;AWS-0061;AWS-0062;AWS-0063;AWS-0077;AWS-0078;AWS-0079;AWS-0080;AWS-0123;AWS-0133;AWS-0140;AWS-0141;AWS-0143;AWS-0176;AWS-0177;AWS-0180;AWS-0342;AWS-0343;AWS-0345;AWS-0346,
62,20260816_113609_12ee7e20,False,34,31,3,2,2,0,7,7,0,15,15,0,10,7,3,0,0,0,AWS-0001;AWS-0002;AWS-0003;AWS-0004;AWS-0005;AWS-0019;AWS-0056;AWS-0058;AWS-0059;AWS-0060;AWS-0061;AWS-0062;AWS-0063;AWS-0067;AWS-0077;AWS-0078;AWS-0079;AWS-0080;AWS-0123;AWS-0133;AWS-0140;AWS-0141;AWS-0143;AWS-0176;AWS-0177;AWS-0180;AWS-0190;AWS-0342;AWS-0343;AWS-0345;AWS-0346,AWS-0017;AWS-0066,AWS-0001;AWS-0002;AWS-0003;AWS-0004;AWS-0005;AWS-0019;AWS-0056;AWS-0058;AWS-0059;AWS-0060;AWS-0061;AWS-0062;AWS-0063;AWS-0067;AWS-0077;AWS-0078;AWS-0079;AWS-0080;AWS-0123;AWS-0133;AWS-0140;AWS-0141;AWS-0143;AWS-0176;AWS-0177;AWS-0180;AWS-0190;AWS-0342;AWS-0343;AWS-0345;AWS-0346;AWS-0017;AWS-0066,
63,20260816_113836_f32782f4,False,45,42,3,5,5,0,16,16,0,16,13,3,8,8,0,0,0,0,AWS-0008;AWS-0009;AWS-0019;AWS-0026;AWS-0027;AWS-0028;AWS-0029;AWS-0056;AWS-0058;AWS-0059;AWS-0060;AWS-0061;AWS-0062;AWS-0063;AWS-0077;AWS-0078;AWS-0079;AWS-0080;AWS-0099;AWS-0101;AWS-0102;AWS-0104;AWS-0107;AWS-0122;AWS-0123;AWS-0124;AWS-0129;AWS-0130;AWS-0131;AWS-0133;AWS-0140;AWS-0141;AWS-0143;AWS-0164;AWS-0176;AWS-0177;AWS-0180;AWS-0342;AWS-0343;AWS-0344;AWS-0345;AWS-0346,AWS-0105;AWS-0178,AWS-0008;AWS-0009;AWS-0019;AWS-0026;AWS-0027;AWS-0028;AWS-0029;AWS-0056;AWS-0058;AWS-0059;AWS-0060;AWS-0061;AWS-0062;AWS-0063;AWS-0077;AWS-0078;AWS-0079;AWS-0080;AWS-0099;AWS-0101;AWS-0102;AWS-0104;AWS-0107;AWS-0122;AWS-0123;AWS-0124;AWS-0129;AWS-0130;AWS-0131;AWS-0133;AWS-0140;AWS-0141;AWS-0143;AWS-0164;AWS-0176;AWS-0177;AWS-0180;AWS-0342;AWS-0343;AWS-0344;AWS-0345;AWS-0346;AWS-0105;AWS-0178,
64,20260816_114614_aa7ea3f1,False,45,44,1,5,5,0,16,16,0,15,15,0,9,8,1,0,0,0,AWS-0008;AWS-0009;AWS-0019;AWS-0026;AWS-0027;AWS-0028;AWS-0029;AWS-0056;AWS-0058;AWS-0059;AWS-0060;AWS-0061;AWS-0062;AWS-0063;AWS-0077;AWS-0078;AWS-0079;AWS-0080;AWS-0099;AWS-0101;AWS-0102;AWS-0104;AWS-0105;AWS-0107;AWS-0122;AWS-0123;AWS-0124;AWS-0129;AWS-0130;AWS-0131;AWS-0133;AWS-0140;AWS-0141;AWS-0143;AWS-0164;AWS-0176;AWS-0177;AWS-0178;AWS-0180;AWS-0342;AWS-0343;AWS-0344;AWS-0345;AWS-0346,AWS-0017,AWS-0008;AWS-0009;AWS-0019;AWS-0026;AWS-0027;AWS-0028;AWS-0029;AWS-0056;AWS-0058;AWS-0059;AWS-0060;AWS-0061;AWS-0062;AWS-0063;AWS-0077;AWS-0078;AWS-0079;AWS-0080;AWS-0099;AWS-0101;AWS-0102;AWS-0104;AWS-0105;AWS-0107;AWS-0122;AWS-0123;AWS-0124;AWS-0129;AWS-0130;AWS-0131;AWS-0133;AWS-0140;AWS-0141;AWS-0143;AWS-0164;AWS-0176;AWS-0177;AWS-0178;AWS-0180;AWS-0342;AWS-0343;AWS-0344;AWS-0345;AWS-0346;AWS-0017,
65,20260816_121623_1fa62055,True,24,24,0,1,1,0,6,6,0,13,13,0,4,4,0,0,0,0,AWS-0019;AWS-0056;AWS-0058;AWS-0059;AWS-0060;AWS-0061;AWS-0062;AWS-0063;AWS-0077;AWS-0078;AWS-0079;AWS-0080;AWS-0123;AWS-0133;AWS-0140;AWS-0141;AWS-0143;AWS-0176;AWS-0177;AWS-0180;AWS-0342;AWS-0343;AWS-0345;AWS-0346,,AWS-0019;AWS-0056;AWS-0058;AWS-0059;AWS-0060;AWS-0061;AWS-0062;AWS-0063;AWS-0077;AWS-0078;AWS-0079;AWS-0080;AWS-0123;AWS-0133;AWS-0140;AWS-0141;AWS-0143;AWS-0176;AWS-0177;AWS-0180;AWS-0342;AWS-0343;AWS-0345;AWS-0346,
66,20260816_121941_1de5689d,False,30,27,3,1,1,0,7,7,0,15,14,1,7,5,2,0,0,0,AWS-0002;AWS-0004;AWS-0005;AWS-0019;AWS-0056;AWS-0058;AWS-0059;AWS-0060;AWS-0061;AWS-0062;AWS-0063;AWS-0077;AWS-0078;AWS-0079;AWS-0080;AWS-0123;AWS-0133;AWS-0140;AWS-0141;AWS-0143;AWS-0176;AWS-0177;AWS-0180;AWS-0342;AWS-0343;AWS-0345;AWS-0346,AWS-0001;AWS-0003;AWS-0190,AWS-0002;AWS-0004;AWS-0005;AWS-0019;AWS-0056;AWS-0058;AWS-0059;AWS-0060;AWS-0061;AWS-0062;AWS-0063;AWS-0077;AWS-0078;AWS-0079;AWS-0080;AWS-0123;AWS-0133;AWS-0140;AWS-0141;AWS-0143;AWS-0176;AWS-0177;AWS-0180;AWS-0342;AWS-0343;AWS-0345;AWS-0346;AWS-0001;AWS-0003;AWS-0190,
67,20260816_122128_6fb164a4,False,55,52,3,5,5,0,22,22,0,17,16,1,11,9,2,0,0,0,AWS-0008;AWS-0009;AWS-0019;AWS-0026;AWS-0027;AWS-0028;AWS-0029;AWS-0056;AWS-0058;AWS-0059;AWS-0060;AWS-0061;AWS-0062;AWS-0063;AWS-0077;AWS-0078;AWS-0079;AWS-0080;AWS-0086;AWS-0087;AWS-0091;AWS-0092;AWS-0093;AWS-0094;AWS-0099;AWS-0101;AWS-0102;AWS-0104;AWS-0105;AWS-0107;AWS-0122;AWS-0123;AWS-0124;AWS-0129;AWS-0130;AWS-0131;AWS-0132;AWS-0133;AWS-0140;AWS-0141;AWS-0143;AWS-0164;AWS-0176;AWS-0177;AWS-0178;AWS-0180;AWS-0320;AWS-0342;AWS-0343;AWS-0344;AWS-0345;AWS-0346,AWS-0017;AWS-0089;AWS-0090,AWS-0008;AWS-0009;AWS-0019;AWS-0026;AWS-0027;AWS-0028;AWS-0029;AWS-0056;AWS-0058;AWS-0059;AWS-0060;AWS-0061;AWS-0062;AWS-0063;AWS-0077;AWS-0078;AWS-0079;AWS-0080;AWS-0086;AWS-0087;AWS-0091;AWS-0092;AWS-0093;AWS-0094;AWS-0099;AWS-0101;AWS-0102;AWS-0104;AWS-0105;AWS-0107;AWS-0122;AWS-0123;AWS-0124;AWS-0129;AWS-0130;AWS-0131;AWS-0132;AWS-0133;AWS-0140;AWS-0141;AWS-0143;AWS-0164;AWS-0176;AWS-0177;AWS-0178;AWS-0180;AWS-0320;AWS-0342;AWS-0343;AWS-0344;AWS-0345;AWS-0346;AWS-0017;AWS-0089;AWS-0090,
68,20260816_122739_c1f91575,True,24,24,0,1,1,0,6,6,0,13,13,0,4,4,0,0,0,0,AWS-0019;AWS-0056;AWS-0058;AWS-0059;AWS-0060;AWS-0061;AWS-0062;AWS-0063;AWS-0077;AWS-0078;AWS-0079;AWS-0080;AWS-0123;AWS-0133;AWS-0140;AWS-0141;AWS-0143;AWS-0176;AWS-0177;AWS-0180;AWS-0342;AWS-0343;AWS-0345;AWS-0346,,AWS-0019;AWS-0056;AWS-0058;AWS-0059;AWS-0060;AWS-0061;AWS-0062;AWS-0063;AWS-0077;AWS-0078;AWS-0079;AWS-0080;AWS-0123;AWS-0133;AWS-0140;AWS-0141;AWS-0143;AWS-0176;AWS-0177;AWS-0180;AWS-0342;AWS-0343;AWS-0345;AWS-0346,
69,20260816_122851_0a750d55,False,31,27,4,2,2,0,8,8,0,17,13,4,4,4,0,0,0,0,AWS-0011;AWS-0012;AWS-0013;AWS-0019;AWS-0056;AWS-0058;AWS-0059;AWS-0060;AWS-0061;AWS-0062;AWS-0063;AWS-0077;AWS-0078;AWS-0079;AWS-0080;AWS-0123;AWS-0133;AWS-0140;AWS-0141;AWS-0143;AWS-0176;AWS-0177;AWS-0180;AWS-0342;AWS-0343;AWS-0345;AWS-0346,AWS-0010,AWS-0011;AWS-0012;AWS-0013;AWS-0019;AWS-0056;AWS-0058;AWS-0059;AWS-0060;AWS-0061;AWS-0062;AWS-0063;AWS-0077;AWS-0078;AWS-0079;AWS-0080;AWS-0123;AWS-0133;AWS-0140;AWS-0141;AWS-0143;AWS-0176;AWS-0177;AWS-0180;AWS-0342;AWS-0343;AWS-0345;AWS-0346;AWS-0010,
70,20260816_123432_597fa42e,True,34,34,0,1,1,0,12,12,0,15,15,0,6,6,0,0,0,0,AWS-0019;AWS-0056;AWS-0058;AWS-0059;AWS-0060;AWS-0061;AWS-0062;AWS-0063;AWS-0077;AWS-0078;AWS-0079;AWS-0080;AWS-0086;AWS-0087;AWS-0089;AWS-0090;AWS-0091;AWS-0092;AWS-0093;AWS-0094;AWS-0123;AWS-0132;AWS-0133;AWS-0140;AWS-0141;AWS-0143;AWS-0176;AWS-0177;AWS-0180;AWS-0320;AWS-0342;AWS-0343;AWS-0345;AWS-0346,,AWS-0019;AWS-0056;AWS-0058;AWS-0059;AWS-0060;AWS-0061;AWS-0062;AWS-0063;AWS-0077;AWS-0078;AWS-0079;AWS-0080;AWS-0086;AWS-0087;AWS-0089;AWS-0090;AWS-0091;AWS-0092;AWS-0093;AWS-0094;AWS-0123;AWS-0132;AWS-0133;AWS-0140;AWS-0141;AWS-0143;AWS-0176;AWS-0177;AWS-0180;AWS-0320;AWS-0342;AWS-0343;AWS-0345;AWS-0346,
71,20260816_124051_56f34adf,False,32,30,2,2,2,0,7,7,0,15,15,0,8,6,2,0,0,0,AWS-0001;AWS-0002;AWS-0003;AWS-0005;AWS-0019;AWS-0056;AWS-0058;AWS-0059;AWS-0060;AWS-0061;AWS-0062;AWS-0063;AWS-0067;AWS-0077;AWS-0078;AWS-0079;AWS-0080;AWS-0123;AWS-0133;AWS-0140;AWS-0141;AWS-0143;AWS-0176;AWS-0177;AWS-0180;AWS-0190;AWS-0342;AWS-0343;AWS-0345;AWS-0346,AWS-0004;AWS-0066,AWS-0001;AWS-0002;AWS-0003;AWS-0005;AWS-0019;AWS-0056;AWS-0058;AWS-0059;AWS-0060;AWS-0061;AWS-0062;AWS-0063;AWS-0067;AWS-0077;AWS-0078;AWS-0079;AWS-0080;AWS-0123;AWS-0133;AWS-0140;AWS-0141;AWS-0143;AWS-0176;AWS-0177;AWS-0180;AWS-0190;AWS-0342;AWS-0343;AWS-0345;AWS-0346;AWS-0004;AWS-0066,
72,20260816_124137_bb538cec,True,26,26,0,1,1,0,8,8,0,13,13,0,4,4,0,0,0,0,AWS-0019;AWS-0056;AWS-0058;AWS-0059;AWS-0060;AWS-0061;AWS-0062;AWS-0063;AWS-0077;AWS-0078;AWS-0079;AWS-0080;AWS-0095;AWS-0123;AWS-0133;AWS-0136;AWS-0140;AWS-0141;AWS-0143;AWS-0176;AWS-0177;AWS-0180;AWS-0342;AWS-0343;AWS-0345;AWS-0346,,AWS-0019;AWS-0056;AWS-0058;AWS-0059;AWS-0060;AWS-0061;AWS-0062;AWS-0063;AWS-0077;AWS-0078;AWS-0079;AWS-0080;AWS-0095;AWS-0123;AWS-0133;AWS-0136;AWS-0140;AWS-0141;AWS-0143;AWS-0176;AWS-0177;AWS-0180;AWS-0342;AWS-0343;AWS-0345;AWS-0346,
73,20260816_124314_2de4d526,False,34,33,1,1,1,0,12,12,0,15,15,0,6,5,1,0,0,0,AWS-0019;AWS-0056;AWS-0058;AWS-0059;AWS-0060;AWS-0061;AWS-0062;AWS-0063;AWS-0077;AWS-0078;AWS-0079;AWS-0080;AWS-0086;AWS-0087;AWS-0090;AWS-0091;AWS-0092;AWS-0093;AWS-0094;AWS-0123;AWS-0132;AWS-0133;AWS-0140;AWS-0141;AWS-0143;AWS-0176;AWS-0177;AWS-0180;AWS-0320;AWS-0342;AWS-0343;AWS-0345;AWS-0346,AWS-0089,AWS-0019;AWS-0056;AWS-0058;AWS-0059;AWS-0060;AWS-0061;AWS-0062;AWS-0063;AWS-0077;AWS-0078;AWS-0079;AWS-0080;AWS-0086;AWS-0087;AWS-0090;AWS-0091;AWS-0092;AWS-0093;AWS-0094;AWS-0123;AWS-0132;AWS-0133;AWS-0140;AWS-0141;AWS-0143;AWS-0176;AWS-0177;AWS-0180;AWS-0320;AWS-0342;AWS-0343;AWS-0345;AWS-0346;AWS-0089,
74,20260816_145407_6d377a5f,False,78,43,35,11,7,4,33,15,18,19,14,5,15,7,8,0,0,0,AWS-0008;AWS-0009;AWS-0012;AWS-0019;AWS-0026;AWS-0027;AWS-0028;AWS-0029;AWS-0054;AWS-0056;AWS-0058;AWS-0059;AWS-0060;AWS-0061;AWS-0062;AWS-0063;AWS-0077;AWS-0078;AWS-0079;AWS-0080;AWS-0099;AWS-0101;AWS-0102;AWS-0104;AWS-0105;AWS-0107;AWS-0122;AWS-0123;AWS-0129;AWS-0130;AWS-0131;AWS-0133;AWS-0140;AWS-0141;AWS-0143;AWS-0176;AWS-0177;AWS-0180;AWS-0342;AWS-0343;AWS-0344;AWS-0345;AWS-0346,AWS-0010;AWS-0011;AWS-0013;AWS-0047;AWS-0052;AWS-0053;AWS-0124;AWS-0164;AWS-0178,AWS-0008;AWS-0009;AWS-0012;AWS-0019;AWS-0026;AWS-0027;AWS-0028;AWS-0029;AWS-0054;AWS-0056;AWS-0058;AWS-0059;AWS-0060;AWS-0061;AWS-0062;AWS-0063;AWS-0077;AWS-0078;AWS-0079;AWS-0080;AWS-0099;AWS-0101;AWS-0102;AWS-0104;AWS-0105;AWS-0107;AWS-0122;AWS-0123;AWS-0129;AWS-0130;AWS-0131;AWS-0133;AWS-0140;AWS-0141;AWS-0143;AWS-0176;AWS-0177;AWS-0180;AWS-0342;AWS-0343;AWS-0344;AWS-0345;AWS-0346;AWS-0010;AWS-0011;AWS-0013;AWS-0047;AWS-0052;AWS-0053;AWS-0124;AWS-0164;AWS-0178,
75,20260816_125116_b84848fa,False,44,35,9,2,2,0,14,14,0,22,14,8,6,5,1,0,0,0,AWS-0011;AWS-0012;AWS-0013;AWS-0019;AWS-0056;AWS-0058;AWS-0059;AWS-0060;AWS-0061;AWS-0062;AWS-0063;AWS-0077;AWS-0078;AWS-0079;AWS-0080;AWS-0086;AWS-0087;AWS-0091;AWS-0092;AWS-0093;AWS-0094;AWS-0123;AWS-0132;AWS-0133;AWS-0140;AWS-0141;AWS-0143;AWS-0176;AWS-0177;AWS-0180;AWS-0320;AWS-0342;AWS-0343;AWS-0345;AWS-0346,AWS-0010;AWS-0089;AWS-0090,AWS-0011;AWS-0012;AWS-0013;AWS-0019;AWS-0056;AWS-0058;AWS-0059;AWS-0060;AWS-0061;AWS-0062;AWS-0063;AWS-0077;AWS-0078;AWS-0079;AWS-0080;AWS-0086;AWS-0087;AWS-0091;AWS-0092;AWS-0093;AWS-0094;AWS-0123;AWS-0132;AWS-0133;AWS-0140;AWS-0141;AWS-0143;AWS-0176;AWS-0177;AWS-0180;AWS-0320;AWS-0342;AWS-0343;AWS-0345;AWS-0346;AWS-0010;AWS-0089;AWS-0090,
76,20260816_125922_c7ed985c,False,55,52,3,5,5,0,22,22,0,17,16,1,11,9,2,0,0,0,AWS-0008;AWS-0009;AWS-0019;AWS-0026;AWS-0027;AWS-0028;AWS-0029;AWS-0056;AWS-0058;AWS-0059;AWS-0060;AWS-0061;AWS-0062;AWS-0063;AWS-0077;AWS-0078;AWS-0079;AWS-0080;AWS-0086;AWS-0087;AWS-0091;AWS-0092;AWS-0093;AWS-0094;AWS-0099;AWS-0101;AWS-0102;AWS-0104;AWS-0105;AWS-0107;AWS-0122;AWS-0123;AWS-0124;AWS-0129;AWS-0130;AWS-0131;AWS-0132;AWS-0133;AWS-0140;AWS-0141;AWS-0143;AWS-0164;AWS-0176;AWS-0177;AWS-0178;AWS-0180;AWS-0320;AWS-0342;AWS-0343;AWS-0344;AWS-0345;AWS-0346,AWS-0017;AWS-0089;AWS-0090,AWS-0008;AWS-0009;AWS-0019;AWS-0026;AWS-0027;AWS-0028;AWS-0029;AWS-0056;AWS-0058;AWS-0059;AWS-0060;AWS-0061;AWS-0062;AWS-0063;AWS-0077;AWS-0078;AWS-0079;AWS-0080;AWS-0086;AWS-0087;AWS-0091;AWS-0092;AWS-0093;AWS-0094;AWS-0099;AWS-0101;AWS-0102;AWS-0104;AWS-0105;AWS-0107;AWS-0122;AWS-0123;AWS-0124;AWS-0129;AWS-0130;AWS-0131;AWS-0132;AWS-0133;AWS-0140;AWS-0141;AWS-0143;AWS-0164;AWS-0176;AWS-0177;AWS-0178;AWS-0180;AWS-0320;AWS-0342;AWS-0343;AWS-0344;AWS-0345;AWS-0346;AWS-0017;AWS-0089;AWS-0090,
77,20260816_130512_cbb68119,False,44,43,1,5,5,0,16,16,0,15,14,1,8,8,0,0,0,0,AWS-0008;AWS-0009;AWS-0019;AWS-0026;AWS-0027;AWS-0028;AWS-0029;AWS-0056;AWS-0058;AWS-0059;AWS-0060;AWS-0061;AWS-0062;AWS-0063;AWS-0077;AWS-0078;AWS-0079;AWS-0080;AWS-0099;AWS-0101;AWS-0102;AWS-0104;AWS-0105;AWS-0107;AWS-0122;AWS-0123;AWS-0124;AWS-0129;AWS-0130;AWS-0131;AWS-0133;AWS-0140;AWS-0141;AWS-0143;AWS-0164;AWS-0176;AWS-0177;AWS-0180;AWS-0342;AWS-0343;AWS-0344;AWS-0345;AWS-0346,AWS-0178,AWS-0008;AWS-0009;AWS-0019;AWS-0026;AWS-0027;AWS-0028;AWS-0029;AWS-0056;AWS-0058;AWS-0059;AWS-0060;AWS-0061;AWS-0062;AWS-0063;AWS-0077;AWS-0078;AWS-0079;AWS-0080;AWS-0099;AWS-0101;AWS-0102;AWS-0104;AWS-0105;AWS-0107;AWS-0122;AWS-0123;AWS-0124;AWS-0129;AWS-0130;AWS-0131;AWS-0133;AWS-0140;AWS-0141;AWS-0143;AWS-0164;AWS-0176;AWS-0177;AWS-0180;AWS-0342;AWS-0343;AWS-0344;AWS-0345;AWS-0346;AWS-0178,
78,20260816_130625_d7d72f4a,False,53,42,11,6,6,0,17,17,0,17,13,4,13,6,7,0,0,0,AWS-0002;AWS-0005;AWS-0008;AWS-0009;AWS-0019;AWS-0026;AWS-0027;AWS-0028;AWS-0029;AWS-0056;AWS-0058;AWS-0059;AWS-0060;AWS-0061;AWS-0062;AWS-0063;AWS-0067;AWS-0078;AWS-0079;AWS-0080;AWS-0099;AWS-0101;AWS-0102;AWS-0104;AWS-0105;AWS-0107;AWS-0122;AWS-0123;AWS-0129;AWS-0130;AWS-0131;AWS-0140;AWS-0141;AWS-0143;AWS-0164;AWS-0176;AWS-0177;AWS-0180;AWS-0342;AWS-0344;AWS-0345;AWS-0346,AWS-0001;AWS-0003;AWS-0004;AWS-0066;AWS-0077;AWS-0124;AWS-0133;AWS-0178;AWS-0190;AWS-0343,AWS-0002;AWS-0005;AWS-0008;AWS-0009;AWS-0019;AWS-0026;AWS-0027;AWS-0028;AWS-0029;AWS-0056;AWS-0058;AWS-0059;AWS-0060;AWS-0061;AWS-0062;AWS-0063;AWS-0067;AWS-0078;AWS-0079;AWS-0080;AWS-0099;AWS-0101;AWS-0102;AWS-0104;AWS-0105;AWS-0107;AWS-0122;AWS-0123;AWS-0129;AWS-0130;AWS-0131;AWS-0140;AWS-0141;AWS-0143;AWS-0164;AWS-0176;AWS-0177;AWS-0180;AWS-0342;AWS-0344;AWS-0345;AWS-0346;AWS-0001;AWS-0003;AWS-0004;AWS-0066;AWS-0077;AWS-0124;AWS-0133;AWS-0178;AWS-0190;AWS-0343,
79,20260816_131527_b78db2f6,True,24,24,0,1,1,0,6,6,0,13,13,0,4,4,0,0,0,0,AWS-0019;AWS-0056;AWS-0058;AWS-0059;AWS-0060;AWS-0061;AWS-0062;AWS-0063;AWS-0077;AWS-0078;AWS-0079;AWS-0080;AWS-0123;AWS-0133;AWS-0140;AWS-0141;AWS-0143;AWS-0176;AWS-0177;AWS-0180;AWS-0342;AWS-0343;AWS-0345;AWS-0346,,AWS-0019;AWS-0056;AWS-0058;AWS-0059;AWS-0060;AWS-0061;AWS-0062;AWS-0063;AWS-0077;AWS-0078;AWS-0079;AWS-0080;AWS-0123;AWS-0133;AWS-0140;AWS-0141;AWS-0143;AWS-0176;AWS-0177;AWS-0180;AWS-0342;AWS-0343;AWS-0345;AWS-0346,
80,20260816_131729_7a70d652,False,45,44,1,5,5,0,16,16,0,15,15,0,9,8,1,0,0,0,AWS-0008;AWS-0009;AWS-0019;AWS-0026;AWS-0027;AWS-0028;AWS-0029;AWS-0056;AWS-0058;AWS-0059;AWS-0060;AWS-0061;AWS-0062;AWS-0063;AWS-0077;AWS-0078;AWS-0079;AWS-0080;AWS-0099;AWS-0101;AWS-0102;AWS-0104;AWS-0105;AWS-0107;AWS-0122;AWS-0123;AWS-0124;AWS-0129;AWS-0130;AWS-0131;AWS-0133;AWS-0140;AWS-0141;AWS-0143;AWS-0164;AWS-0176;AWS-0177;AWS-0178;AWS-0180;AWS-0342;AWS-0343;AWS-0344;AWS-0345;AWS-0346,AWS-0017,AWS-0008;AWS-0009;AWS-0019;AWS-0026;AWS-0027;AWS-0028;AWS-0029;AWS-0056;AWS-0058;AWS-0059;AWS-0060;AWS-0061;AWS-0062;AWS-0063;AWS-0077;AWS-0078;AWS-0079;AWS-0080;AWS-0099;AWS-0101;AWS-0102;AWS-0104;AWS-0105;AWS-0107;AWS-0122;AWS-0123;AWS-0124;AWS-0129;AWS-0130;AWS-0131;AWS-0133;AWS-0140;AWS-0141;AWS-0143;AWS-0164;AWS-0176;AWS-0177;AWS-0178;AWS-0180;AWS-0342;AWS-0343;AWS-0344;AWS-0345;AWS-0346;AWS-0017,
81,20260816_132020_4449f4c7,True,25,25,0,1,1,0,6,6,0,13,13,0,5,5,0,0,0,0,AWS-0017;AWS-0019;AWS-0056;AWS-0058;AWS-0059;AWS-0060;AWS-0061;AWS-0062;AWS-0063;AWS-0077;AWS-0078;AWS-0079;AWS-0080;AWS-0123;AWS-0133;AWS-0140;AWS-0141;AWS-0143;AWS-0176;AWS-0177;AWS-0180;AWS-0342;AWS-0343;AWS-0345;AWS-0346,,AWS-0017;AWS-0019;AWS-0056;AWS-0058;AWS-0059;AWS-0060;AWS-0061;AWS-0062;AWS-0063;AWS-0077;AWS-0078;AWS-0079;AWS-0080;AWS-0123;AWS-0133;AWS-0140;AWS-0141;AWS-0143;AWS-0176;AWS-0177;AWS-0180;AWS-0342;AWS-0343;AWS-0345;AWS-0346,
82,20260816_132417_aae91c3a,True,45,45,0,5,5,0,16,16,0,15,15,0,9,9,0,0,0,0,AWS-0008;AWS-0009;AWS-0017;AWS-0019;AWS-0026;AWS-0027;AWS-0028;AWS-0029;AWS-0056;AWS-0058;AWS-0059;AWS-0060;AWS-0061;AWS-0062;AWS-0063;AWS-0077;AWS-0078;AWS-0079;AWS-0080;AWS-0099;AWS-0101;AWS-0102;AWS-0104;AWS-0105;AWS-0107;AWS-0122;AWS-0123;AWS-0124;AWS-0129;AWS-0130;AWS-0131;AWS-0133;AWS-0140;AWS-0141;AWS-0143;AWS-0164;AWS-0176;AWS-0177;AWS-0178;AWS-0180;AWS-0342;AWS-0343;AWS-0344;AWS-0345;AWS-0346,,AWS-0008;AWS-0009;AWS-0017;AWS-0019;AWS-0026;AWS-0027;AWS-0028;AWS-0029;AWS-0056;AWS-0058;AWS-0059;AWS-0060;AWS-0061;AWS-0062;AWS-0063;AWS-0077;AWS-0078;AWS-0079;AWS-0080;AWS-0099;AWS-0101;AWS-0102;AWS-0104;AWS-0105;AWS-0107;AWS-0122;AWS-0123;AWS-0124;AWS-0129;AWS-0130;AWS-0131;AWS-0133;AWS-0140;AWS-0141;AWS-0143;AWS-0164;AWS-0176;AWS-0177;AWS-0178;AWS-0180;AWS-0342;AWS-0343;AWS-0344;AWS-0345;AWS-0346,
83,20260816_132735_0cf42833,False,59,53,6,6,6,0,23,23,0,18,16,2,12,8,4,0,0,0,AWS-0008;AWS-0009;AWS-0019;AWS-0023;AWS-0024;AWS-0026;AWS-0027;AWS-0028;AWS-0029;AWS-0056;AWS-0058;AWS-0059;AWS-0060;AWS-0061;AWS-0062;AWS-0063;AWS-0067;AWS-0077;AWS-0078;AWS-0079;AWS-0080;AWS-0086;AWS-0087;AWS-0091;AWS-0092;AWS-0093;AWS-0094;AWS-0099;AWS-0101;AWS-0102;AWS-0104;AWS-0105;AWS-0107;AWS-0122;AWS-0123;AWS-0129;AWS-0130;AWS-0131;AWS-0132;AWS-0133;AWS-0140;AWS-0141;AWS-0143;AWS-0164;AWS-0176;AWS-0177;AWS-0180;AWS-0320;AWS-0342;AWS-0343;AWS-0344;AWS-0345;AWS-0346,AWS-0025;AWS-0066;AWS-0089;AWS-0090;AWS-0124;AWS-0178,AWS-0008;AWS-0009;AWS-0019;AWS-0023;AWS-0024;AWS-0026;AWS-0027;AWS-0028;AWS-0029;AWS-0056;AWS-0058;AWS-0059;AWS-0060;AWS-0061;AWS-0062;AWS-0063;AWS-0067;AWS-0077;AWS-0078;AWS-0079;AWS-0080;AWS-0086;AWS-0087;AWS-0091;AWS-0092;AWS-0093;AWS-0094;AWS-0099;AWS-0101;AWS-0102;AWS-0104;AWS-0105;AWS-0107;AWS-0122;AWS-0123;AWS-0129;AWS-0130;AWS-0131;AWS-0132;AWS-0133;AWS-0140;AWS-0141;AWS-0143;AWS-0164;AWS-0176;AWS-0177;AWS-0180;AWS-0320;AWS-0342;AWS-0343;AWS-0344;AWS-0345;AWS-0346;AWS-0025;AWS-0066;AWS-0089;AWS-0090;AWS-0124;AWS-0178,
84,20260816_133559_a48ed48e,True,24,24,0,1,1,0,6,6,0,13,13,0,4,4,0,0,0,0,AWS-0019;AWS-0056;AWS-0058;AWS-0059;AWS-0060;AWS-0061;AWS-0062;AWS-0063;AWS-0077;AWS-0078;AWS-0079;AWS-0080;AWS-0123;AWS-0133;AWS-0140;AWS-0141;AWS-0143;AWS-0176;AWS-0177;AWS-0180;AWS-0342;AWS-0343;AWS-0345;AWS-0346,,AWS-0019;AWS-0056;AWS-0058;AWS-0059;AWS-0060;AWS-0061;AWS-0062;AWS-0063;AWS-0077;AWS-0078;AWS-0079;AWS-0080;AWS-0123;AWS-0133;AWS-0140;AWS-0141;AWS-0143;AWS-0176;AWS-0177;AWS-0180;AWS-0342;AWS-0343;AWS-0345;AWS-0346,
85,20260816_133712_b48cf1cb,False,34,32,2,1,1,0,12,12,0,15,14,1,6,5,1,0,0,0,AWS-0019;AWS-0056;AWS-0058;AWS-0059;AWS-0060;AWS-0061;AWS-0062;AWS-0063;AWS-0077;AWS-0078;AWS-0079;AWS-0080;AWS-0086;AWS-0087;AWS-0091;AWS-0092;AWS-0093;AWS-0094;AWS-0123;AWS-0132;AWS-0133;AWS-0140;AWS-0141;AWS-0143;AWS-0176;AWS-0177;AWS-0180;AWS-0320;AWS-0342;AWS-0343;AWS-0345;AWS-0346,AWS-0089;AWS-0090,AWS-0019;AWS-0056;AWS-0058;AWS-0059;AWS-0060;AWS-0061;AWS-0062;AWS-0063;AWS-0077;AWS-0078;AWS-0079;AWS-0080;AWS-0086;AWS-0087;AWS-0091;AWS-0092;AWS-0093;AWS-0094;AWS-0123;AWS-0132;AWS-0133;AWS-0140;AWS-0141;AWS-0143;AWS-0176;AWS-0177;AWS-0180;AWS-0320;AWS-0342;AWS-0343;AWS-0345;AWS-0346;AWS-0089;AWS-0090,
86,20260816_134045_a296dea0,False,34,31,3,1,1,0,10,10,0,15,15,0,8,5,3,0,0,0,AWS-0001;AWS-0002;AWS-0005;AWS-0017;AWS-0019;AWS-0056;AWS-0058;AWS-0059;AWS-0060;AWS-0061;AWS-0062;AWS-0063;AWS-0077;AWS-0078;AWS-0079;AWS-0080;AWS-0096;AWS-0097;AWS-0123;AWS-0133;AWS-0135;AWS-0140;AWS-0141;AWS-0143;AWS-0176;AWS-0177;AWS-0180;AWS-0342;AWS-0343;AWS-0345;AWS-0346,AWS-0003;AWS-0004;AWS-0190,AWS-0001;AWS-0002;AWS-0005;AWS-0017;AWS-0019;AWS-0056;AWS-0058;AWS-0059;AWS-0060;AWS-0061;AWS-0062;AWS-0063;AWS-0077;AWS-0078;AWS-0079;AWS-0080;AWS-0096;AWS-0097;AWS-0123;AWS-0133;AWS-0135;AWS-0140;AWS-0141;AWS-0143;AWS-0176;AWS-0177;AWS-0180;AWS-0342;AWS-0343;AWS-0345;AWS-0346;AWS-0003;AWS-0004;AWS-0190,
87,20260816_134538_edd60554,False,26,25,1,2,2,0,6,6,0,13,13,0,5,4,1,0,0,0,AWS-0019;AWS-0056;AWS-0058;AWS-0059;AWS-0060;AWS-0061;AWS-0062;AWS-0063;AWS-0067;AWS-0077;AWS-0078;AWS-0079;AWS-0080;AWS-0123;AWS-0133;AWS-0140;AWS-0141;AWS-0143;AWS-0176;AWS-0177;AWS-0180;AWS-0342;AWS-0343;AWS-0345;AWS-0346,AWS-0066,AWS-0019;AWS-0056;AWS-0058;AWS-0059;AWS-0060;AWS-0061;AWS-0062;AWS-0063;AWS-0067;AWS-0077;AWS-0078;AWS-0079;AWS-0080;AWS-0123;AWS-0133;AWS-0140;AWS-0141;AWS-0143;AWS-0176;AWS-0177;AWS-0180;AWS-0342;AWS-0343;AWS-0345;AWS-0346;AWS-0066,
88,20260816_135103_4dc1d1a3,True,24,24,0,1,1,0,6,6,0,13,13,0,4,4,0,0,0,0,AWS-0019;AWS-0056;AWS-0058;AWS-0059;AWS-0060;AWS-0061;AWS-0062;AWS-0063;AWS-0077;AWS-0078;AWS-0079;AWS-0080;AWS-0123;AWS-0133;AWS-0140;AWS-0141;AWS-0143;AWS-0176;AWS-0177;AWS-0180;AWS-0342;AWS-0343;AWS-0345;AWS-0346,,AWS-0019;AWS-0056;AWS-0058;AWS-0059;AWS-0060;AWS-0061;AWS-0062;AWS-0063;AWS-0077;AWS-0078;AWS-0079;AWS-0080;AWS-0123;AWS-0133;AWS-0140;AWS-0141;AWS-0143;AWS-0176;AWS-0177;AWS-0180;AWS-0342;AWS-0343;AWS-0345;AWS-0346,
89,20260816_135300_a090a421,False,25,24,1,1,1,0,6,6,0,13,13,0,5,4,1,0,0,0,AWS-0019;AWS-0056;AWS-0058;AWS-0059;AWS-0060;AWS-0061;AWS-0062;AWS-0063;AWS-0077;AWS-0078;AWS-0079;AWS-0080;AWS-0123;AWS-0133;AWS-0140;AWS-0141;AWS-0143;AWS-0176;AWS-0177;AWS-0180;AWS-0342;AWS-0343;AWS-0345;AWS-0346,AWS-0017,AWS-0019;AWS-0056;AWS-0058;AWS-0059;AWS-0060;AWS-0061;AWS-0062;AWS-0063;AWS-0077;AWS-0078;AWS-0079;AWS-0080;AWS-0123;AWS-0133;AWS-0140;AWS-0141;AWS-0143;AWS-0176;AWS-0177;AWS-0180;AWS-0342;AWS-0343;AWS-0345;AWS-0346;AWS-0017,
90,20260816_135523_e7fe3bee,True,24,24,0,1,1,0,6,6,0,13,13,0,4,4,0,0,0,0,AWS-0019;AWS-0056;AWS-0058;AWS-0059;AWS-0060;AWS-0061;AWS-0062;AWS-0063;AWS-0077;AWS-0078;AWS-0079;AWS-0080;AWS-0123;AWS-0133;AWS-0140;AWS-0141;AWS-0143;AWS-0176;AWS-0177;AWS-0180;AWS-0342;AWS-0343;AWS-0345;AWS-0346,,AWS-0019;AWS-0056;AWS-0058;AWS-0059;AWS-0060;AWS-0061;AWS-0062;AWS-0063;AWS-0077;AWS-0078;AWS-0079;AWS-0080;AWS-0123;AWS-0133;AWS-0140;AWS-0141;AWS-0143;AWS-0176;AWS-0177;AWS-0180;AWS-0342;AWS-0343;AWS-0345;AWS-0346,
91,20260816_135840_dffaad01,True,24,24,0,1,1,0,6,6,0,13,13,0,4,4,0,0,0,0,AWS-0019;AWS-0056;AWS-0058;AWS-0059;AWS-0060;AWS-0061;AWS-0062;AWS-0063;AWS-0077;AWS-0078;AWS-0079;AWS-0080;AWS-0123;AWS-0133;AWS-0140;AWS-0141;AWS-0143;AWS-0176;AWS-0177;AWS-0180;AWS-0342;AWS-0343;AWS-0345;AWS-0346,,AWS-0019;AWS-0056;AWS-0058;AWS-0059;AWS-0060;AWS-0061;AWS-0062;AWS-0063;AWS-0077;AWS-0078;AWS-0079;AWS-0080;AWS-0123;AWS-0133;AWS-0140;AWS-0141;AWS-0143;AWS-0176;AWS-0177;AWS-0180;AWS-0342;AWS-0343;AWS-0345;AWS-0346,
92,20260816_140030_08eb1054,False,26,25,1,2,2,0,6,6,0,13,13,0,5,4,1,0,0,0,AWS-0019;AWS-0056;AWS-0058;AWS-0059;AWS-0060;AWS-0061;AWS-0062;AWS-0063;AWS-0067;AWS-0077;AWS-0078;AWS-0079;AWS-0080;AWS-0123;AWS-0133;AWS-0140;AWS-0141;AWS-0143;AWS-0176;AWS-0177;AWS-0180;AWS-0342;AWS-0343;AWS-0345;AWS-0346,AWS-0066,AWS-0019;AWS-0056;AWS-0058;AWS-0059;AWS-0060;AWS-0061;AWS-0062;AWS-0063;AWS-0067;AWS-0077;AWS-0078;AWS-0079;AWS-0080;AWS-0123;AWS-0133;AWS-0140;AWS-0141;AWS-0143;AWS-0176;AWS-0177;AWS-0180;AWS-0342;AWS-0343;AWS-0345;AWS-0346;AWS-0066,
93,20260816_140215_1b8cefed,True,24,24,0,1,1,0,6,6,0,13,13,0,4,4,0,0,0,0,AWS-0019;AWS-0056;AWS-0058;AWS-0059;AWS-0060;AWS-0061;AWS-0062;AWS-0063;AWS-0077;AWS-0078;AWS-0079;AWS-0080;AWS-0123;AWS-0133;AWS-0140;AWS-0141;AWS-0143;AWS-0176;AWS-0177;AWS-0180;AWS-0342;AWS-0343;AWS-0345;AWS-0346,,AWS-0019;AWS-0056;AWS-0058;AWS-0059;AWS-0060;AWS-0061;AWS-0062;AWS-0063;AWS-0077;AWS-0078;AWS-0079;AWS-0080;AWS-0123;AWS-0133;AWS-0140;AWS-0141;AWS-0143;AWS-0176;AWS-0177;AWS-0180;AWS-0342;AWS-0343;AWS-0345;AWS-0346,
94,20260816_152147_3bea8bef,True,24,24,0,1,1,0,6,6,0,13,13,0,4,4,0,0,0,0,AWS-0019;AWS-0056;AWS-0058;AWS-0059;AWS-0060;AWS-0061;AWS-0062;AWS-0063;AWS-0077;AWS-0078;AWS-0079;AWS-0080;AWS-0123;AWS-0133;AWS-0140;AWS-0141;AWS-0143;AWS-0176;AWS-0177;AWS-0180;AWS-0342;AWS-0343;AWS-0345;AWS-0346,,AWS-0019;AWS-0056;AWS-0058;AWS-0059;AWS-0060;AWS-0061;AWS-0062;AWS-0063;AWS-0077;AWS-0078;AWS-0079;AWS-0080;AWS-0123;AWS-0133;AWS-0140;AWS-0141;AWS-0143;AWS-0176;AWS-0177;AWS-0180;AWS-0342;AWS-0343;AWS-0345;AWS-0346,
95,20260816_152529_07288318,True,24,24,0,1,1,0,6,6,0,13,13,0,4,4,0,0,0,0,AWS-0019;AWS-0056;AWS-0058;AWS-0059;AWS-0060;AWS-0061;AWS-0062;AWS-0063;AWS-0077;AWS-0078;AWS-0079;AWS-0080;AWS-0123;AWS-0133;AWS-0140;AWS-0141;AWS-0143;AWS-0176;AWS-0177;AWS-0180;AWS-0342;AWS-0343;AWS-0345;AWS-0346,,AWS-0019;AWS-0056;AWS-0058;AWS-0059;AWS-0060;AWS-0061;AWS-0062;AWS-0063;AWS-0077;AWS-0078;AWS-0079;AWS-0080;AWS-0123;AWS-0133;AWS-0140;AWS-0141;AWS-0143;AWS-0176;AWS-0177;AWS-0180;AWS-0342;AWS-0343;AWS-0345;AWS-0346,
96,20260816_152721_c2833d39,False,45,44,1,5,5,0,16,16,0,15,15,0,9,8,1,0,0,0,AWS-0008;AWS-0009;AWS-0019;AWS-0026;AWS-0027;AWS-0028;AWS-0029;AWS-0056;AWS-0058;AWS-0059;AWS-0060;AWS-0061;AWS-0062;AWS-0063;AWS-0077;AWS-0078;AWS-0079;AWS-0080;AWS-0099;AWS-0101;AWS-0102;AWS-0104;AWS-0105;AWS-0107;AWS-0122;AWS-0123;AWS-0124;AWS-0129;AWS-0130;AWS-0131;AWS-0133;AWS-0140;AWS-0141;AWS-0143;AWS-0164;AWS-0176;AWS-0177;AWS-0178;AWS-0180;AWS-0342;AWS-0343;AWS-0344;AWS-0345;AWS-0346,AWS-0017,AWS-0008;AWS-0009;AWS-0019;AWS-0026;AWS-0027;AWS-0028;AWS-0029;AWS-0056;AWS-0058;AWS-0059;AWS-0060;AWS-0061;AWS-0062;AWS-0063;AWS-0077;AWS-0078;AWS-0079;AWS-0080;AWS-0099;AWS-0101;AWS-0102;AWS-0104;AWS-0105;AWS-0107;AWS-0122;AWS-0123;AWS-0124;AWS-0129;AWS-0130;AWS-0131;AWS-0133;AWS-0140;AWS-0141;AWS-0143;AWS-0164;AWS-0176;AWS-0177;AWS-0178;AWS-0180;AWS-0342;AWS-0343;AWS-0344;AWS-0345;AWS-0346;AWS-0017,
97,20260816_153041_50e6eac8,False,64,56,8,8,8,0,27,25,2,18,15,3,11,8,3,0,0,0,AWS-0008;AWS-0009;AWS-0011;AWS-0012;AWS-0013;AWS-0019;AWS-0026;AWS-0027;AWS-0028;AWS-0029;AWS-0047;AWS-0052;AWS-0054;AWS-0056;AWS-0058;AWS-0059;AWS-0060;AWS-0061;AWS-0062;AWS-0063;AWS-0077;AWS-0078;AWS-0079;AWS-0080;AWS-0086;AWS-0087;AWS-0091;AWS-0092;AWS-0093;AWS-0094;AWS-0099;AWS-0101;AWS-0102;AWS-0104;AWS-0105;AWS-0107;AWS-0122;AWS-0123;AWS-0129;AWS-0130;AWS-0131;AWS-0132;AWS-0133;AWS-0140;AWS-0141;AWS-0143;AWS-0164;AWS-0176;AWS-0177;AWS-0180;AWS-0320;AWS-0342;AWS-0343;AWS-0344;AWS-0345;AWS-0346,AWS-0010;AWS-0053;AWS-0089;AWS-0090;AWS-0124;AWS-0178,AWS-0008;AWS-0009;AWS-0011;AWS-0012;AWS-0013;AWS-0019;AWS-0026;AWS-0027;AWS-0028;AWS-0029;AWS-0047;AWS-0052;AWS-0054;AWS-0056;AWS-0058;AWS-0059;AWS-0060;AWS-0061;AWS-0062;AWS-0063;AWS-0077;AWS-0078;AWS-0079;AWS-0080;AWS-0086;AWS-0087;AWS-0091;AWS-0092;AWS-0093;AWS-0094;AWS-0099;AWS-0101;AWS-0102;AWS-0104;AWS-0105;AWS-0107;AWS-0122;AWS-0123;AWS-0129;AWS-0130;AWS-0131;AWS-0132;AWS-0133;AWS-0140;AWS-0141;AWS-0143;AWS-0164;AWS-0176;AWS-0177;AWS-0180;AWS-0320;AWS-0342;AWS-0343;AWS-0344;AWS-0345;AWS-0346;AWS-0010;AWS-0053;AWS-0089;AWS-0090;AWS-0124;AWS-0178,
98,20260816_154826_67b917b6,False,34,33,1,1,1,0,12,12,0,15,15,0,6,5,1,0,0,0,AWS-0019;AWS-0056;AWS-0058;AWS-0059;AWS-0060;AWS-0061;AWS-0062;AWS-0063;AWS-0077;AWS-0078;AWS-0079;AWS-0080;AWS-0086;AWS-0087;AWS-0090;AWS-0091;AWS-0092;AWS-0093;AWS-0094;AWS-0123;AWS-0132;AWS-0133;AWS-0140;AWS-0141;AWS-0143;AWS-0176;AWS-0177;AWS-0180;AWS-0320;AWS-0342;AWS-0343;AWS-0345;AWS-0346,AWS-0089,AWS-0019;AWS-0056;AWS-0058;AWS-0059;AWS-0060;AWS-0061;AWS-0062;AWS-0063;AWS-0077;AWS-0078;AWS-0079;AWS-0080;AWS-0086;AWS-0087;AWS-0090;AWS-0091;AWS-0092;AWS-0093;AWS-0094;AWS-0123;AWS-0132;AWS-0133;AWS-0140;AWS-0141;AWS-0143;AWS-0176;AWS-0177;AWS-0180;AWS-0320;AWS-0342;AWS-0343;AWS-0345;AWS-0346;AWS-0089,
99,20260816_155329_ff28c823,False,45,44,1,5,5,0,16,16,0,15,15,0,9,8,1,0,0,0,AWS-0008;AWS-0009;AWS-0019;AWS-0026;AWS-0027;AWS-0028;AWS-0029;AWS-0056;AWS-0058;AWS-0059;AWS-0060;AWS-0061;AWS-0062;AWS-0063;AWS-0077;AWS-0078;AWS-0079;AWS-0080;AWS-0099;AWS-0101;AWS-0102;AWS-0104;AWS-0105;AWS-0107;AWS-0122;AWS-0123;AWS-0124;AWS-0129;AWS-0130;AWS-0131;AWS-0133;AWS-0140;AWS-0141;AWS-0143;AWS-0164;AWS-0176;AWS-0177;AWS-0178;AWS-0180;AWS-0342;AWS-0343;AWS-0344;AWS-0345;AWS-0346,AWS-0017,AWS-0008;AWS-0009;AWS-0019;AWS-0026;AWS-0027;AWS-0028;AWS-0029;AWS-0056;AWS-0058;AWS-0059;AWS-0060;AWS-0061;AWS-0062;AWS-0063;AWS-0077;AWS-0078;AWS-0079;AWS-0080;AWS-0099;AWS-0101;AWS-0102;AWS-0104;AWS-0105;AWS-0107;AWS-0122;AWS-0123;AWS-0124;AWS-0129;AWS-0130;AWS-0131;AWS-0133;AWS-0140;AWS-0141;AWS-0143;AWS-0164;AWS-0176;AWS-0177;AWS-0178;AWS-0180;AWS-0342;AWS-0343;AWS-0344;AWS-0345;AWS-0346;AWS-0017,
100,20260816_155609_a32de382,True,24,24,0,1,1,0,6,6,0,13,13,0,4,4,0,0,0,0,AWS-0019;AWS-0056;AWS-0058;AWS-0059;AWS-0060;AWS-0061;AWS-0062;AWS-0063;AWS-0077;AWS-0078;AWS-0079;AWS-0080;AWS-0123;AWS-0133;AWS-0140;AWS-0141;AWS-0143;AWS-0176;AWS-0177;AWS-0180;AWS-0342;AWS-0343;AWS-0345;AWS-0346,,AWS-0019;AWS-0056;AWS-0058;AWS-0059;AWS-0060;AWS-0061;AWS-0062;AWS-0063;AWS-0077;AWS-0078;AWS-0079;AWS-0080;AWS-0123;AWS-0133;AWS-0140;AWS-0141;AWS-0143;AWS-0176;AWS-0177;AWS-0180;AWS-0342;AWS-0343;AWS-0345;AWS-0346,
101,20260816_160705_3371d8b2,True,24,24,0,1,1,0,6,6,0,13,13,0,4,4,0,0,0,0,AWS-0019;AWS-0056;AWS-0058;AWS-0059;AWS-0060;AWS-0061;AWS-0062;AWS-0063;AWS-0077;AWS-0078;AWS-0079;AWS-0080;AWS-0123;AWS-0133;AWS-0140;AWS-0141;AWS-0143;AWS-0176;AWS-0177;AWS-0180;AWS-0342;AWS-0343;AWS-0345;AWS-0346,,AWS-0019;AWS-0056;AWS-0058;AWS-0059;AWS-0060;AWS-0061;AWS-0062;AWS-0063;AWS-0077;AWS-0078;AWS-0079;AWS-0080;AWS-0123;AWS-0133;AWS-0140;AWS-0141;AWS-0143;AWS-0176;AWS-0177;AWS-0180;AWS-0342;AWS-0343;AWS-0345;AWS-0346,
102,20260816_160945_bdc38cf4,False,35,32,3,1,1,0,12,12,0,15,14,1,7,5,2,0,0,0,AWS-0019;AWS-0056;AWS-0058;AWS-0059;AWS-0060;AWS-0061;AWS-0062;AWS-0063;AWS-0077;AWS-0078;AWS-0079;AWS-0080;AWS-0086;AWS-0087;AWS-0091;AWS-0092;AWS-0093;AWS-0094;AWS-0123;AWS-0132;AWS-0133;AWS-0140;AWS-0141;AWS-0143;AWS-0176;AWS-0177;AWS-0180;AWS-0320;AWS-0342;AWS-0343;AWS-0345;AWS-0346,AWS-0017;AWS-0089;AWS-0090,AWS-0019;AWS-0056;AWS-0058;AWS-0059;AWS-0060;AWS-0061;AWS-0062;AWS-0063;AWS-0077;AWS-0078;AWS-0079;AWS-0080;AWS-0086;AWS-0087;AWS-0091;AWS-0092;AWS-0093;AWS-0094;AWS-0123;AWS-0132;AWS-0133;AWS-0140;AWS-0141;AWS-0143;AWS-0176;AWS-0177;AWS-0180;AWS-0320;AWS-0342;AWS-0343;AWS-0345;AWS-0346;AWS-0017;AWS-0089;AWS-0090,
103,20260816_161214_11e0ed33,False,26,24,2,1,1,0,6,6,0,13,13,0,6,4,2,0,0,0,AWS-0019;AWS-0056;AWS-0058;AWS-0059;AWS-0060;AWS-0061;AWS-0062;AWS-0063;AWS-0077;AWS-0078;AWS-0079;AWS-0080;AWS-0123;AWS-0133;AWS-0140;AWS-0141;AWS-0143;AWS-0176;AWS-0177;AWS-0180;AWS-0342;AWS-0343;AWS-0345;AWS-0346,AWS-0017,AWS-0019;AWS-0056;AWS-0058;AWS-0059;AWS-0060;AWS-0061;AWS-0062;AWS-0063;AWS-0077;AWS-0078;AWS-0079;AWS-0080;AWS-0123;AWS-0133;AWS-0140;AWS-0141;AWS-0143;AWS-0176;AWS-0177;AWS-0180;AWS-0342;AWS-0343;AWS-0345;AWS-0346;AWS-0017,
104,20260816_161540_12d942bf,False,32,30,2,2,2,0,7,7,0,15,14,1,8,7,1,0,0,0,AWS-0002;AWS-0003;AWS-0004;AWS-0005;AWS-0019;AWS-0056;AWS-0058;AWS-0059;AWS-0060;AWS-0061;AWS-0062;AWS-0063;AWS-0067;AWS-0077;AWS-0078;AWS-0079;AWS-0080;AWS-0123;AWS-0133;AWS-0140;AWS-0141;AWS-0143;AWS-0176;AWS-0177;AWS-0180;AWS-0190;AWS-0342;AWS-0343;AWS-0345;AWS-0346,AWS-0001;AWS-0066,AWS-0002;AWS-0003;AWS-0004;AWS-0005;AWS-0019;AWS-0056;AWS-0058;AWS-0059;AWS-0060;AWS-0061;AWS-0062;AWS-0063;AWS-0067;AWS-0077;AWS-0078;AWS-0079;AWS-0080;AWS-0123;AWS-0133;AWS-0140;AWS-0141;AWS-0143;AWS-0176;AWS-0177;AWS-0180;AWS-0190;AWS-0342;AWS-0343;AWS-0345;AWS-0346;AWS-0001;AWS-0066,
105,20260816_214736_ba26cf1e,False,28,27,1,1,1,0,9,9,0,13,13,0,5,4,1,0,0,0,AWS-0019;AWS-0030;AWS-0031;AWS-0032;AWS-0056;AWS-0058;AWS-0059;AWS-0060;AWS-0061;AWS-0062;AWS-0063;AWS-0077;AWS-0078;AWS-0079;AWS-0080;AWS-0123;AWS-0133;AWS-0140;AWS-0141;AWS-0143;AWS-0176;AWS-0177;AWS-0180;AWS-0342;AWS-0343;AWS-0345;AWS-0346,AWS-0033,AWS-0019;AWS-0030;AWS-0031;AWS-0032;AWS-0056;AWS-0058;AWS-0059;AWS-0060;AWS-0061;AWS-0062;AWS-0063;AWS-0077;AWS-0078;AWS-0079;AWS-0080;AWS-0123;AWS-0133;AWS-0140;AWS-0141;AWS-0143;AWS-0176;AWS-0177;AWS-0180;AWS-0342;AWS-0343;AWS-0345;AWS-0346;AWS-0033,
106,20260816_162027_84948b4c,False,51,47,4,7,7,0,18,18,0,15,14,1,11,8,3,0,0,0,AWS-0008;AWS-0009;AWS-0017;AWS-0019;AWS-0026;AWS-0027;AWS-0028;AWS-0029;AWS-0047;AWS-0052;AWS-0053;AWS-0054;AWS-0056;AWS-0058;AWS-0059;AWS-0060;AWS-0061;AWS-0062;AWS-0063;AWS-0077;AWS-0078;AWS-0079;AWS-0080;AWS-0099;AWS-0101;AWS-0102;AWS-0104;AWS-0105;AWS-0107;AWS-0122;AWS-0123;AWS-0129;AWS-0130;AWS-0131;AWS-0133;AWS-0140;AWS-0141;AWS-0143;AWS-0164;AWS-0176;AWS-0177;AWS-0180;AWS-0342;AWS-0343;AWS-0344;AWS-0345;AWS-0346,AWS-0124;AWS-0178,AWS-0008;AWS-0009;AWS-0017;AWS-0019;AWS-0026;AWS-0027;AWS-0028;AWS-0029;AWS-0047;AWS-0052;AWS-0053;AWS-0054;AWS-0056;AWS-0058;AWS-0059;AWS-0060;AWS-0061;AWS-0062;AWS-0063;AWS-0077;AWS-0078;AWS-0079;AWS-0080;AWS-0099;AWS-0101;AWS-0102;AWS-0104;AWS-0105;AWS-0107;AWS-0122;AWS-0123;AWS-0129;AWS-0130;AWS-0131;AWS-0133;AWS-0140;AWS-0141;AWS-0143;AWS-0164;AWS-0176;AWS-0177;AWS-0180;AWS-0342;AWS-0343;AWS-0344;AWS-0345;AWS-0346;AWS-0124;AWS-0178,
107,20260816_162527_fdb11126,False,34,32,2,1,1,0,12,12,0,15,14,1,6,5,1,0,0,0,AWS-0019;AWS-0056;AWS-0058;AWS-0059;AWS-0060;AWS-0061;AWS-0062;AWS-0063;AWS-0077;AWS-0078;AWS-0079;AWS-0080;AWS-0086;AWS-0087;AWS-0091;AWS-0092;AWS-0093;AWS-0094;AWS-0123;AWS-0132;AWS-0133;AWS-0140;AWS-0141;AWS-0143;AWS-0176;AWS-0177;AWS-0180;AWS-0320;AWS-0342;AWS-0343;AWS-0345;AWS-0346,AWS-0089;AWS-0090,AWS-0019;AWS-0056;AWS-0058;AWS-0059;AWS-0060;AWS-0061;AWS-0062;AWS-0063;AWS-0077;AWS-0078;AWS-0079;AWS-0080;AWS-0086;AWS-0087;AWS-0091;AWS-0092;AWS-0093;AWS-0094;AWS-0123;AWS-0132;AWS-0133;AWS-0140;AWS-0141;AWS-0143;AWS-0176;AWS-0177;AWS-0180;AWS-0320;AWS-0342;AWS-0343;AWS-0345;AWS-0346;AWS-0089;AWS-0090,
108,20260816_162914_189c4488,True,24,24,0,1,1,0,6,6,0,13,13,0,4,4,0,0,0,0,AWS-0019;AWS-0056;AWS-0058;AWS-0059;AWS-0060;AWS-0061;AWS-0062;AWS-0063;AWS-0077;AWS-0078;AWS-0079;AWS-0080;AWS-0123;AWS-0133;AWS-0140;AWS-0141;AWS-0143;AWS-0176;AWS-0177;AWS-0180;AWS-0342;AWS-0343;AWS-0345;AWS-0346,,AWS-0019;AWS-0056;AWS-0058;AWS-0059;AWS-0060;AWS-0061;AWS-0062;AWS-0063;AWS-0077;AWS-0078;AWS-0079;AWS-0080;AWS-0123;AWS-0133;AWS-0140;AWS-0141;AWS-0143;AWS-0176;AWS-0177;AWS-0180;AWS-0342;AWS-0343;AWS-0345;AWS-0346,
109,20260816_163046_32bad26d,False,60,42,18,5,5,0,16,16,0,15,14,1,24,7,17,0,0,0,AWS-0008;AWS-0009;AWS-0019;AWS-0026;AWS-0027;AWS-0028;AWS-0029;AWS-0056;AWS-0058;AWS-0059;AWS-0060;AWS-0061;AWS-0062;AWS-0063;AWS-0077;AWS-0078;AWS-0079;AWS-0080;AWS-0099;AWS-0101;AWS-0102;AWS-0104;AWS-0105;AWS-0107;AWS-0122;AWS-0123;AWS-0129;AWS-0130;AWS-0131;AWS-0133;AWS-0140;AWS-0141;AWS-0143;AWS-0164;AWS-0176;AWS-0177;AWS-0180;AWS-0342;AWS-0343;AWS-0344;AWS-0345;AWS-0346,AWS-0124;AWS-0178,AWS-0008;AWS-0009;AWS-0019;AWS-0026;AWS-0027;AWS-0028;AWS-0029;AWS-0056;AWS-0058;AWS-0059;AWS-0060;AWS-0061;AWS-0062;AWS-0063;AWS-0077;AWS-0078;AWS-0079;AWS-0080;AWS-0099;AWS-0101;AWS-0102;AWS-0104;AWS-0105;AWS-0107;AWS-0122;AWS-0123;AWS-0129;AWS-0130;AWS-0131;AWS-0133;AWS-0140;AWS-0141;AWS-0143;AWS-0164;AWS-0176;AWS-0177;AWS-0180;AWS-0342;AWS-0343;AWS-0344;AWS-0345;AWS-0346;AWS-0124;AWS-0178,
110,20260816_163221_6de36f36,True,24,24,0,1,1,0,6,6,0,13,13,0,4,4,0,0,0,0,AWS-0019;AWS-0056;AWS-0058;AWS-0059;AWS-0060;AWS-0061;AWS-0062;AWS-0063;AWS-0077;AWS-0078;AWS-0079;AWS-0080;AWS-0123;AWS-0133;AWS-0140;AWS-0141;AWS-0143;AWS-0176;AWS-0177;AWS-0180;AWS-0342;AWS-0343;AWS-0345;AWS-0346,,AWS-0019;AWS-0056;AWS-0058;AWS-0059;AWS-0060;AWS-0061;AWS-0062;AWS-0063;AWS-0077;AWS-0078;AWS-0079;AWS-0080;AWS-0123;AWS-0133;AWS-0140;AWS-0141;AWS-0143;AWS-0176;AWS-0177;AWS-0180;AWS-0342;AWS-0343;AWS-0345;AWS-0346,
111,20260816_163326_ae73bb0e,False,52,46,6,7,7,0,17,17,0,20,14,6,8,8,0,0,0,0,AWS-0008;AWS-0009;AWS-0019;AWS-0026;AWS-0027;AWS-0028;AWS-0029;AWS-0039;AWS-0040;AWS-0041;AWS-0056;AWS-0058;AWS-0059;AWS-0060;AWS-0061;AWS-0062;AWS-0063;AWS-0077;AWS-0078;AWS-0079;AWS-0080;AWS-0099;AWS-0101;AWS-0102;AWS-0104;AWS-0105;AWS-0107;AWS-0122;AWS-0123;AWS-0124;AWS-0129;AWS-0130;AWS-0131;AWS-0133;AWS-0140;AWS-0141;AWS-0143;AWS-0164;AWS-0176;AWS-0177;AWS-0180;AWS-0342;AWS-0343;AWS-0344;AWS-0345;AWS-0346,AWS-0038;AWS-0178,AWS-0008;AWS-0009;AWS-0019;AWS-0026;AWS-0027;AWS-0028;AWS-0029;AWS-0039;AWS-0040;AWS-0041;AWS-0056;AWS-0058;AWS-0059;AWS-0060;AWS-0061;AWS-0062;AWS-0063;AWS-0077;AWS-0078;AWS-0079;AWS-0080;AWS-0099;AWS-0101;AWS-0102;AWS-0104;AWS-0105;AWS-0107;AWS-0122;AWS-0123;AWS-0124;AWS-0129;AWS-0130;AWS-0131;AWS-0133;AWS-0140;AWS-0141;AWS-0143;AWS-0164;AWS-0176;AWS-0177;AWS-0180;AWS-0342;AWS-0343;AWS-0344;AWS-0345;AWS-0346;AWS-0038;AWS-0178,
112,20260816_164111_6cf0eb81,True,24,24,0,1,1,0,6,6,0,13,13,0,4,4,0,0,0,0,AWS-0019;AWS-0056;AWS-0058;AWS-0059;AWS-0060;AWS-0061;AWS-0062;AWS-0063;AWS-0077;AWS-0078;AWS-0079;AWS-0080;AWS-0123;AWS-0133;AWS-0140;AWS-0141;AWS-0143;AWS-0176;AWS-0177;AWS-0180;AWS-0342;AWS-0343;AWS-0345;AWS-0346,,AWS-0019;AWS-0056;AWS-0058;AWS-0059;AWS-0060;AWS-0061;AWS-0062;AWS-0063;AWS-0077;AWS-0078;AWS-0079;AWS-0080;AWS-0123;AWS-0133;AWS-0140;AWS-0141;AWS-0143;AWS-0176;AWS-0177;AWS-0180;AWS-0342;AWS-0343;AWS-0345;AWS-0346,
113,20260816_164459_054f10e8,True,24,24,0,1,1,0,6,6,0,13,13,0,4,4,0,0,0,0,AWS-0019;AWS-0056;AWS-0058;AWS-0059;AWS-0060;AWS-0061;AWS-0062;AWS-0063;AWS-0077;AWS-0078;AWS-0079;AWS-0080;AWS-0123;AWS-0133;AWS-0140;AWS-0141;AWS-0143;AWS-0176;AWS-0177;AWS-0180;AWS-0342;AWS-0343;AWS-0345;AWS-0346,,AWS-0019;AWS-0056;AWS-0058;AWS-0059;AWS-0060;AWS-0061;AWS-0062;AWS-0063;AWS-0077;AWS-0078;AWS-0079;AWS-0080;AWS-0123;AWS-0133;AWS-0140;AWS-0141;AWS-0143;AWS-0176;AWS-0177;AWS-0180;AWS-0342;AWS-0343;AWS-0345;AWS-0346,
114,20260817_002432_290762f0,False,51,47,4,8,8,0,18,18,0,15,14,1,10,7,3,0,0,0,AWS-0008;AWS-0009;AWS-0019;AWS-0026;AWS-0027;AWS-0028;AWS-0029;AWS-0047;AWS-0052;AWS-0053;AWS-0054;AWS-0056;AWS-0058;AWS-0059;AWS-0060;AWS-0061;AWS-0062;AWS-0063;AWS-0067;AWS-0077;AWS-0078;AWS-0079;AWS-0080;AWS-0099;AWS-0101;AWS-0102;AWS-0104;AWS-0105;AWS-0107;AWS-0122;AWS-0123;AWS-0129;AWS-0130;AWS-0131;AWS-0133;AWS-0140;AWS-0141;AWS-0143;AWS-0164;AWS-0176;AWS-0177;AWS-0180;AWS-0342;AWS-0343;AWS-0344;AWS-0345;AWS-0346,AWS-0066;AWS-0124;AWS-0178,AWS-0008;AWS-0009;AWS-0019;AWS-0026;AWS-0027;AWS-0028;AWS-0029;AWS-0047;AWS-0052;AWS-0053;AWS-0054;AWS-0056;AWS-0058;AWS-0059;AWS-0060;AWS-0061;AWS-0062;AWS-0063;AWS-0067;AWS-0077;AWS-0078;AWS-0079;AWS-0080;AWS-0099;AWS-0101;AWS-0102;AWS-0104;AWS-0105;AWS-0107;AWS-0122;AWS-0123;AWS-0129;AWS-0130;AWS-0131;AWS-0133;AWS-0140;AWS-0141;AWS-0143;AWS-0164;AWS-0176;AWS-0177;AWS-0180;AWS-0342;AWS-0343;AWS-0344;AWS-0345;AWS-0346;AWS-0066;AWS-0124;AWS-0178,
115,20260816_170424_7e7fde82,True,24,24,0,1,1,0,6,6,0,13,13,0,4,4,0,0,0,0,AWS-0019;AWS-0056;AWS-0058;AWS-0059;AWS-0060;AWS-0061;AWS-0062;AWS-0063;AWS-0077;AWS-0078;AWS-0079;AWS-0080;AWS-0123;AWS-0133;AWS-0140;AWS-0141;AWS-0143;AWS-0176;AWS-0177;AWS-0180;AWS-0342;AWS-0343;AWS-0345;AWS-0346,,AWS-0019;AWS-0056;AWS-0058;AWS-0059;AWS-0060;AWS-0061;AWS-0062;AWS-0063;AWS-0077;AWS-0078;AWS-0079;AWS-0080;AWS-0123;AWS-0133;AWS-0140;AWS-0141;AWS-0143;AWS-0176;AWS-0177;AWS-0180;AWS-0342;AWS-0343;AWS-0345;AWS-0346,
116,20260816_170708_e4a2ac94,False,49,44,5,6,6,0,17,17,0,15,14,1,11,7,4,0,0,0,AWS-0008;AWS-0009;AWS-0019;AWS-0026;AWS-0027;AWS-0028;AWS-0029;AWS-0035;AWS-0036;AWS-0056;AWS-0058;AWS-0059;AWS-0060;AWS-0061;AWS-0062;AWS-0063;AWS-0077;AWS-0078;AWS-0079;AWS-0080;AWS-0099;AWS-0101;AWS-0102;AWS-0104;AWS-0105;AWS-0107;AWS-0122;AWS-0123;AWS-0129;AWS-0130;AWS-0131;AWS-0133;AWS-0140;AWS-0141;AWS-0143;AWS-0164;AWS-0176;AWS-0177;AWS-0180;AWS-0342;AWS-0343;AWS-0344;AWS-0345;AWS-0346,AWS-0017;AWS-0034;AWS-0124;AWS-0178,AWS-0008;AWS-0009;AWS-0019;AWS-0026;AWS-0027;AWS-0028;AWS-0029;AWS-0035;AWS-0036;AWS-0056;AWS-0058;AWS-0059;AWS-0060;AWS-0061;AWS-0062;AWS-0063;AWS-0077;AWS-0078;AWS-0079;AWS-0080;AWS-0099;AWS-0101;AWS-0102;AWS-0104;AWS-0105;AWS-0107;AWS-0122;AWS-0123;AWS-0129;AWS-0130;AWS-0131;AWS-0133;AWS-0140;AWS-0141;AWS-0143;AWS-0164;AWS-0176;AWS-0177;AWS-0180;AWS-0342;AWS-0343;AWS-0344;AWS-0345;AWS-0346;AWS-0017;AWS-0034;AWS-0124;AWS-0178,
117,20260816_171052_24469ea9,True,25,25,0,1,1,0,6,6,0,13,13,0,5,5,0,0,0,0,AWS-0017;AWS-0019;AWS-0056;AWS-0058;AWS-0059;AWS-0060;AWS-0061;AWS-0062;AWS-0063;AWS-0077;AWS-0078;AWS-0079;AWS-0080;AWS-0123;AWS-0133;AWS-0140;AWS-0141;AWS-0143;AWS-0176;AWS-0177;AWS-0180;AWS-0342;AWS-0343;AWS-0345;AWS-0346,,AWS-0017;AWS-0019;AWS-0056;AWS-0058;AWS-0059;AWS-0060;AWS-0061;AWS-0062;AWS-0063;AWS-0077;AWS-0078;AWS-0079;AWS-0080;AWS-0123;AWS-0133;AWS-0140;AWS-0141;AWS-0143;AWS-0176;AWS-0177;AWS-0180;AWS-0342;AWS-0343;AWS-0345;AWS-0346,
118,20260816_171538_7139fe5b,False,53,47,6,6,6,0,19,19,0,16,14,2,12,8,4,0,0,0,AWS-0008;AWS-0009;AWS-0019;AWS-0026;AWS-0027;AWS-0028;AWS-0029;AWS-0035;AWS-0036;AWS-0045;AWS-0049;AWS-0051;AWS-0056;AWS-0058;AWS-0059;AWS-0060;AWS-0061;AWS-0062;AWS-0063;AWS-0077;AWS-0078;AWS-0079;AWS-0080;AWS-0099;AWS-0101;AWS-0102;AWS-0104;AWS-0105;AWS-0107;AWS-0122;AWS-0123;AWS-0129;AWS-0130;AWS-0131;AWS-0133;AWS-0140;AWS-0141;AWS-0143;AWS-0164;AWS-0176;AWS-0177;AWS-0180;AWS-0342;AWS-0343;AWS-0344;AWS-0345;AWS-0346,AWS-0017;AWS-0034;AWS-0050;AWS-0124;AWS-0178,AWS-0008;AWS-0009;AWS-0019;AWS-0026;AWS-0027;AWS-0028;AWS-0029;AWS-0035;AWS-0036;AWS-0045;AWS-0049;AWS-0051;AWS-0056;AWS-0058;AWS-0059;AWS-0060;AWS-0061;AWS-0062;AWS-0063;AWS-0077;AWS-0078;AWS-0079;AWS-0080;AWS-0099;AWS-0101;AWS-0102;AWS-0104;AWS-0105;AWS-0107;AWS-0122;AWS-0123;AWS-0129;AWS-0130;AWS-0131;AWS-0133;AWS-0140;AWS-0141;AWS-0143;AWS-0164;AWS-0176;AWS-0177;AWS-0180;AWS-0342;AWS-0343;AWS-0344;AWS-0345;AWS-0346;AWS-0017;AWS-0034;AWS-0050;AWS-0124;AWS-0178,
119,20260816_172030_f8a42bce,False,43,41,2,2,2,0,16,15,1,16,16,0,9,8,1,0,0,0,AWS-0014;AWS-0016;AWS-0017;AWS-0019;AWS-0056;AWS-0058;AWS-0059;AWS-0060;AWS-0061;AWS-0062;AWS-0063;AWS-0077;AWS-0078;AWS-0079;AWS-0080;AWS-0086;AWS-0087;AWS-0090;AWS-0091;AWS-0092;AWS-0093;AWS-0094;AWS-0095;AWS-0123;AWS-0132;AWS-0133;AWS-0136;AWS-0140;AWS-0141;AWS-0143;AWS-0161;AWS-0162;AWS-0163;AWS-0176;AWS-0177;AWS-0180;AWS-0320;AWS-0342;AWS-0343;AWS-0345;AWS-0346,AWS-0015;AWS-0089,AWS-0014;AWS-0016;AWS-0017;AWS-0019;AWS-0056;AWS-0058;AWS-0059;AWS-0060;AWS-0061;AWS-0062;AWS-0063;AWS-0077;AWS-0078;AWS-0079;AWS-0080;AWS-0086;AWS-0087;AWS-0090;AWS-0091;AWS-0092;AWS-0093;AWS-0094;AWS-0095;AWS-0123;AWS-0132;AWS-0133;AWS-0136;AWS-0140;AWS-0141;AWS-0143;AWS-0161;AWS-0162;AWS-0163;AWS-0176;AWS-0177;AWS-0180;AWS-0320;AWS-0342;AWS-0343;AWS-0345;AWS-0346;AWS-0015;AWS-0089,
120,20260816_173524_4beed8a1,False,46,44,2,5,5,0,16,16,0,15,15,0,10,8,2,0,0,0,AWS-0008;AWS-0009;AWS-0017;AWS-0019;AWS-0026;AWS-0027;AWS-0028;AWS-0029;AWS-0056;AWS-0058;AWS-0059;AWS-0060;AWS-0061;AWS-0062;AWS-0063;AWS-0077;AWS-0078;AWS-0079;AWS-0080;AWS-0099;AWS-0101;AWS-0102;AWS-0104;AWS-0105;AWS-0107;AWS-0122;AWS-0123;AWS-0129;AWS-0130;AWS-0131;AWS-0133;AWS-0140;AWS-0141;AWS-0143;AWS-0164;AWS-0176;AWS-0177;AWS-0178;AWS-0180;AWS-0342;AWS-0343;AWS-0344;AWS-0345;AWS-0346,AWS-0124,AWS-0008;AWS-0009;AWS-0017;AWS-0019;AWS-0026;AWS-0027;AWS-0028;AWS-0029;AWS-0056;AWS-0058;AWS-0059;AWS-0060;AWS-0061;AWS-0062;AWS-0063;AWS-0077;AWS-0078;AWS-0079;AWS-0080;AWS-0099;AWS-0101;AWS-0102;AWS-0104;AWS-0105;AWS-0107;AWS-0122;AWS-0123;AWS-0129;AWS-0130;AWS-0131;AWS-0133;AWS-0140;AWS-0141;AWS-0143;AWS-0164;AWS-0176;AWS-0177;AWS-0178;AWS-0180;AWS-0342;AWS-0343;AWS-0344;AWS-0345;AWS-0346;AWS-0124,
121,20260816_174040_286a6c26,False,34,32,2,1,1,0,12,12,0,15,14,1,6,5,1,0,0,0,AWS-0019;AWS-0056;AWS-0058;AWS-0059;AWS-0060;AWS-0061;AWS-0062;AWS-0063;AWS-0077;AWS-0078;AWS-0079;AWS-0080;AWS-0086;AWS-0087;AWS-0091;AWS-0092;AWS-0093;AWS-0094;AWS-0123;AWS-0132;AWS-0133;AWS-0140;AWS-0141;AWS-0143;AWS-0176;AWS-0177;AWS-0180;AWS-0320;AWS-0342;AWS-0343;AWS-0345;AWS-0346,AWS-0089;AWS-0090,AWS-0019;AWS-0056;AWS-0058;AWS-0059;AWS-0060;AWS-0061;AWS-0062;AWS-0063;AWS-0077;AWS-0078;AWS-0079;AWS-0080;AWS-0086;AWS-0087;AWS-0091;AWS-0092;AWS-0093;AWS-0094;AWS-0123;AWS-0132;AWS-0133;AWS-0140;AWS-0141;AWS-0143;AWS-0176;AWS-0177;AWS-0180;AWS-0320;AWS-0342;AWS-0343;AWS-0345;AWS-0346;AWS-0089;AWS-0090,
122,20260816_174656_20bd6fdd,False,28,26,2,2,2,0,6,6,0,13,13,0,7,5,2,0,0,0,AWS-0019;AWS-0056;AWS-0058;AWS-0059;AWS-0060;AWS-0061;AWS-0062;AWS-0063;AWS-0066;AWS-0067;AWS-0077;AWS-0078;AWS-0079;AWS-0080;AWS-0123;AWS-0133;AWS-0140;AWS-0141;AWS-0143;AWS-0176;AWS-0177;AWS-0180;AWS-0342;AWS-0343;AWS-0345;AWS-0346,AWS-0098,AWS-0019;AWS-0056;AWS-0058;AWS-0059;AWS-0060;AWS-0061;AWS-0062;AWS-0063;AWS-0066;AWS-0067;AWS-0077;AWS-0078;AWS-0079;AWS-0080;AWS-0123;AWS-0133;AWS-0140;AWS-0141;AWS-0143;AWS-0176;AWS-0177;AWS-0180;AWS-0342;AWS-0343;AWS-0345;AWS-0346;AWS-0098,
123,20260816_175049_0bf86a2c,False,58,48,10,8,8,0,19,19,0,15,14,1,16,7,9,0,0,0,AWS-0008;AWS-0009;AWS-0019;AWS-0026;AWS-0027;AWS-0028;AWS-0029;AWS-0035;AWS-0036;AWS-0047;AWS-0052;AWS-0053;AWS-0054;AWS-0056;AWS-0058;AWS-0059;AWS-0060;AWS-0061;AWS-0062;AWS-0063;AWS-0077;AWS-0078;AWS-0079;AWS-0080;AWS-0099;AWS-0101;AWS-0102;AWS-0104;AWS-0105;AWS-0107;AWS-0122;AWS-0123;AWS-0129;AWS-0130;AWS-0131;AWS-0133;AWS-0140;AWS-0141;AWS-0143;AWS-0164;AWS-0176;AWS-0177;AWS-0180;AWS-0342;AWS-0343;AWS-0344;AWS-0345;AWS-0346,AWS-0017;AWS-0034;AWS-0124;AWS-0178,AWS-0008;AWS-0009;AWS-0019;AWS-0026;AWS-0027;AWS-0028;AWS-0029;AWS-0035;AWS-0036;AWS-0047;AWS-0052;AWS-0053;AWS-0054;AWS-0056;AWS-0058;AWS-0059;AWS-0060;AWS-0061;AWS-0062;AWS-0063;AWS-0077;AWS-0078;AWS-0079;AWS-0080;AWS-0099;AWS-0101;AWS-0102;AWS-0104;AWS-0105;AWS-0107;AWS-0122;AWS-0123;AWS-0129;AWS-0130;AWS-0131;AWS-0133;AWS-0140;AWS-0141;AWS-0143;AWS-0164;AWS-0176;AWS-0177;AWS-0180;AWS-0342;AWS-0343;AWS-0344;AWS-0345;AWS-0346;AWS-0017;AWS-0034;AWS-0124;AWS-0178,
124,20260816_175634_7e7b5d49,False,44,42,2,5,5,0,16,16,0,15,13,2,8,8,0,0,0,0,AWS-0008;AWS-0009;AWS-0019;AWS-0026;AWS-0027;AWS-0028;AWS-0029;AWS-0056;AWS-0058;AWS-0059;AWS-0060;AWS-0061;AWS-0062;AWS-0063;AWS-0077;AWS-0078;AWS-0079;AWS-0080;AWS-0099;AWS-0101;AWS-0102;AWS-0104;AWS-0107;AWS-0122;AWS-0123;AWS-0124;AWS-0129;AWS-0130;AWS-0131;AWS-0133;AWS-0140;AWS-0141;AWS-0143;AWS-0164;AWS-0176;AWS-0177;AWS-0180;AWS-0342;AWS-0343;AWS-0344;AWS-0345;AWS-0346,AWS-0105;AWS-0178,AWS-0008;AWS-0009;AWS-0019;AWS-0026;AWS-0027;AWS-0028;AWS-0029;AWS-0056;AWS-0058;AWS-0059;AWS-0060;AWS-0061;AWS-0062;AWS-0063;AWS-0077;AWS-0078;AWS-0079;AWS-0080;AWS-0099;AWS-0101;AWS-0102;AWS-0104;AWS-0107;AWS-0122;AWS-0123;AWS-0124;AWS-0129;AWS-0130;AWS-0131;AWS-0133;AWS-0140;AWS-0141;AWS-0143;AWS-0164;AWS-0176;AWS-0177;AWS-0180;AWS-0342;AWS-0343;AWS-0344;AWS-0345;AWS-0346;AWS-0105;AWS-0178,
125,20260816_175903_975eac20,False,54,51,3,5,5,0,22,22,0,17,16,1,10,8,2,0,0,0,AWS-0008;AWS-0009;AWS-0019;AWS-0026;AWS-0027;AWS-0028;AWS-0029;AWS-0056;AWS-0058;AWS-0059;AWS-0060;AWS-0061;AWS-0062;AWS-0063;AWS-0077;AWS-0078;AWS-0079;AWS-0080;AWS-0086;AWS-0087;AWS-0090;AWS-0091;AWS-0092;AWS-0093;AWS-0094;AWS-0099;AWS-0101;AWS-0102;AWS-0104;AWS-0105;AWS-0107;AWS-0122;AWS-0123;AWS-0129;AWS-0130;AWS-0131;AWS-0132;AWS-0133;AWS-0140;AWS-0141;AWS-0143;AWS-0164;AWS-0176;AWS-0177;AWS-0180;AWS-0320;AWS-0342;AWS-0343;AWS-0344;AWS-0345;AWS-0346,AWS-0089;AWS-0124;AWS-0178,AWS-0008;AWS-0009;AWS-0019;AWS-0026;AWS-0027;AWS-0028;AWS-0029;AWS-0056;AWS-0058;AWS-0059;AWS-0060;AWS-0061;AWS-0062;AWS-0063;AWS-0077;AWS-0078;AWS-0079;AWS-0080;AWS-0086;AWS-0087;AWS-0090;AWS-0091;AWS-0092;AWS-0093;AWS-0094;AWS-0099;AWS-0101;AWS-0102;AWS-0104;AWS-0105;AWS-0107;AWS-0122;AWS-0123;AWS-0129;AWS-0130;AWS-0131;AWS-0132;AWS-0133;AWS-0140;AWS-0141;AWS-0143;AWS-0164;AWS-0176;AWS-0177;AWS-0180;AWS-0320;AWS-0342;AWS-0343;AWS-0344;AWS-0345;AWS-0346;AWS-0089;AWS-0124;AWS-0178,
126,20260816_222440_149bb2d1,False,34,33,1,1,1,0,12,12,0,15,15,0,6,5,1,0,0,0,AWS-0019;AWS-0056;AWS-0058;AWS-0059;AWS-0060;AWS-0061;AWS-0062;AWS-0063;AWS-0077;AWS-0078;AWS-0079;AWS-0080;AWS-0086;AWS-0087;AWS-0090;AWS-0091;AWS-0092;AWS-0093;AWS-0094;AWS-0123;AWS-0132;AWS-0133;AWS-0140;AWS-0141;AWS-0143;AWS-0176;AWS-0177;AWS-0180;AWS-0320;AWS-0342;AWS-0343;AWS-0345;AWS-0346,AWS-0089,AWS-0019;AWS-0056;AWS-0058;AWS-0059;AWS-0060;AWS-0061;AWS-0062;AWS-0063;AWS-0077;AWS-0078;AWS-0079;AWS-0080;AWS-0086;AWS-0087;AWS-0090;AWS-0091;AWS-0092;AWS-0093;AWS-0094;AWS-0123;AWS-0132;AWS-0133;AWS-0140;AWS-0141;AWS-0143;AWS-0176;AWS-0177;AWS-0180;AWS-0320;AWS-0342;AWS-0343;AWS-0345;AWS-0346;AWS-0089,
127,20260816_180749_37fac0bb,False,44,42,2,5,5,0,16,16,0,15,14,1,8,7,1,0,0,0,AWS-0008;AWS-0009;AWS-0019;AWS-0026;AWS-0027;AWS-0028;AWS-0029;AWS-0056;AWS-0058;AWS-0059;AWS-0060;AWS-0061;AWS-0062;AWS-0063;AWS-0077;AWS-0078;AWS-0079;AWS-0080;AWS-0099;AWS-0101;AWS-0102;AWS-0104;AWS-0105;AWS-0107;AWS-0122;AWS-0123;AWS-0129;AWS-0130;AWS-0131;AWS-0133;AWS-0140;AWS-0141;AWS-0143;AWS-0164;AWS-0176;AWS-0177;AWS-0180;AWS-0342;AWS-0343;AWS-0344;AWS-0345;AWS-0346,AWS-0124;AWS-0178,AWS-0008;AWS-0009;AWS-0019;AWS-0026;AWS-0027;AWS-0028;AWS-0029;AWS-0056;AWS-0058;AWS-0059;AWS-0060;AWS-0061;AWS-0062;AWS-0063;AWS-0077;AWS-0078;AWS-0079;AWS-0080;AWS-0099;AWS-0101;AWS-0102;AWS-0104;AWS-0105;AWS-0107;AWS-0122;AWS-0123;AWS-0129;AWS-0130;AWS-0131;AWS-0133;AWS-0140;AWS-0141;AWS-0143;AWS-0164;AWS-0176;AWS-0177;AWS-0180;AWS-0342;AWS-0343;AWS-0344;AWS-0345;AWS-0346;AWS-0124;AWS-0178,
128,20260816_181203_4a646ad0,True,24,24,0,1,1,0,6,6,0,13,13,0,4,4,0,0,0,0,AWS-0019;AWS-0056;AWS-0058;AWS-0059;AWS-0060;AWS-0061;AWS-0062;AWS-0063;AWS-0077;AWS-0078;AWS-0079;AWS-0080;AWS-0123;AWS-0133;AWS-0140;AWS-0141;AWS-0143;AWS-0176;AWS-0177;AWS-0180;AWS-0342;AWS-0343;AWS-0345;AWS-0346,,AWS-0019;AWS-0056;AWS-0058;AWS-0059;AWS-0060;AWS-0061;AWS-0062;AWS-0063;AWS-0077;AWS-0078;AWS-0079;AWS-0080;AWS-0123;AWS-0133;AWS-0140;AWS-0141;AWS-0143;AWS-0176;AWS-0177;AWS-0180;AWS-0342;AWS-0343;AWS-0345;AWS-0346,
129,20260816_181855_041e7314,False,56,42,14,5,5,0,22,15,7,21,14,7,8,8,0,0,0,0,AWS-0008;AWS-0009;AWS-0019;AWS-0026;AWS-0027;AWS-0028;AWS-0029;AWS-0056;AWS-0058;AWS-0059;AWS-0060;AWS-0061;AWS-0062;AWS-0063;AWS-0077;AWS-0078;AWS-0079;AWS-0080;AWS-0099;AWS-0101;AWS-0102;AWS-0104;AWS-0105;AWS-0107;AWS-0122;AWS-0123;AWS-0124;AWS-0129;AWS-0130;AWS-0131;AWS-0133;AWS-0140;AWS-0141;AWS-0143;AWS-0176;AWS-0177;AWS-0180;AWS-0342;AWS-0343;AWS-0344;AWS-0345;AWS-0346,AWS-0164;AWS-0178,AWS-0008;AWS-0009;AWS-0019;AWS-0026;AWS-0027;AWS-0028;AWS-0029;AWS-0056;AWS-0058;AWS-0059;AWS-0060;AWS-0061;AWS-0062;AWS-0063;AWS-0077;AWS-0078;AWS-0079;AWS-0080;AWS-0099;AWS-0101;AWS-0102;AWS-0104;AWS-0105;AWS-0107;AWS-0122;AWS-0123;AWS-0124;AWS-0129;AWS-0130;AWS-0131;AWS-0133;AWS-0140;AWS-0141;AWS-0143;AWS-0176;AWS-0177;AWS-0180;AWS-0342;AWS-0343;AWS-0344;AWS-0345;AWS-0346;AWS-0164;AWS-0178,
130,20260816_184431_c93d57b9,False,25,24,1,1,1,0,6,6,0,13,13,0,5,4,1,0,0,0,AWS-0019;AWS-0056;AWS-0058;AWS-0059;AWS-0060;AWS-0061;AWS-0062;AWS-0063;AWS-0077;AWS-0078;AWS-0079;AWS-0080;AWS-0123;AWS-0133;AWS-0140;AWS-0141;AWS-0143;AWS-0176;AWS-0177;AWS-0180;AWS-0342;AWS-0343;AWS-0345;AWS-0346,AWS-0017,AWS-0019;AWS-0056;AWS-0058;AWS-0059;AWS-0060;AWS-0061;AWS-0062;AWS-0063;AWS-0077;AWS-0078;AWS-0079;AWS-0080;AWS-0123;AWS-0133;AWS-0140;AWS-0141;AWS-0143;AWS-0176;AWS-0177;AWS-0180;AWS-0342;AWS-0343;AWS-0345;AWS-0346;AWS-0017,
131,20260816_184600_246b2554,True,27,27,0,1,1,0,9,9,0,13,13,0,4,4,0,0,0,0,AWS-0019;AWS-0056;AWS-0058;AWS-0059;AWS-0060;AWS-0061;AWS-0062;AWS-0063;AWS-0077;AWS-0078;AWS-0079;AWS-0080;AWS-0096;AWS-0097;AWS-0123;AWS-0133;AWS-0135;AWS-0140;AWS-0141;AWS-0143;AWS-0176;AWS-0177;AWS-0180;AWS-0342;AWS-0343;AWS-0345;AWS-0346,,AWS-0019;AWS-0056;AWS-0058;AWS-0059;AWS-0060;AWS-0061;AWS-0062;AWS-0063;AWS-0077;AWS-0078;AWS-0079;AWS-0080;AWS-0096;AWS-0097;AWS-0123;AWS-0133;AWS-0135;AWS-0140;AWS-0141;AWS-0143;AWS-0176;AWS-0177;AWS-0180;AWS-0342;AWS-0343;AWS-0345;AWS-0346,
132,20260816_184842_ad4641e5,False,34,32,2,1,1,0,12,12,0,15,14,1,6,5,1,0,0,0,AWS-0019;AWS-0056;AWS-0058;AWS-0059;AWS-0060;AWS-0061;AWS-0062;AWS-0063;AWS-0077;AWS-0078;AWS-0079;AWS-0080;AWS-0086;AWS-0087;AWS-0091;AWS-0092;AWS-0093;AWS-0094;AWS-0123;AWS-0132;AWS-0133;AWS-0140;AWS-0141;AWS-0143;AWS-0176;AWS-0177;AWS-0180;AWS-0320;AWS-0342;AWS-0343;AWS-0345;AWS-0346,AWS-0089;AWS-0090,AWS-0019;AWS-0056;AWS-0058;AWS-0059;AWS-0060;AWS-0061;AWS-0062;AWS-0063;AWS-0077;AWS-0078;AWS-0079;AWS-0080;AWS-0086;AWS-0087;AWS-0091;AWS-0092;AWS-0093;AWS-0094;AWS-0123;AWS-0132;AWS-0133;AWS-0140;AWS-0141;AWS-0143;AWS-0176;AWS-0177;AWS-0180;AWS-0320;AWS-0342;AWS-0343;AWS-0345;AWS-0346;AWS-0089;AWS-0090,
133,20260816_222929_3633a4d6,False,34,32,2,1,1,0,12,12,0,15,14,1,6,5,1,0,0,0,AWS-0019;AWS-0056;AWS-0058;AWS-0059;AWS-0060;AWS-0061;AWS-0062;AWS-0063;AWS-0077;AWS-0078;AWS-0079;AWS-0080;AWS-0086;AWS-0087;AWS-0091;AWS-0092;AWS-0093;AWS-0094;AWS-0123;AWS-0132;AWS-0133;AWS-0140;AWS-0141;AWS-0143;AWS-0176;AWS-0177;AWS-0180;AWS-0320;AWS-0342;AWS-0343;AWS-0345;AWS-0346,AWS-0089;AWS-0090,AWS-0019;AWS-0056;AWS-0058;AWS-0059;AWS-0060;AWS-0061;AWS-0062;AWS-0063;AWS-0077;AWS-0078;AWS-0079;AWS-0080;AWS-0086;AWS-0087;AWS-0091;AWS-0092;AWS-0093;AWS-0094;AWS-0123;AWS-0132;AWS-0133;AWS-0140;AWS-0141;AWS-0143;AWS-0176;AWS-0177;AWS-0180;AWS-0320;AWS-0342;AWS-0343;AWS-0345;AWS-0346;AWS-0089;AWS-0090,
134,20260816_185745_7b4b86c2,True,24,24,0,1,1,0,6,6,0,13,13,0,4,4,0,0,0,0,AWS-0019;AWS-0056;AWS-0058;AWS-0059;AWS-0060;AWS-0061;AWS-0062;AWS-0063;AWS-0077;AWS-0078;AWS-0079;AWS-0080;AWS-0123;AWS-0133;AWS-0140;AWS-0141;AWS-0143;AWS-0176;AWS-0177;AWS-0180;AWS-0342;AWS-0343;AWS-0345;AWS-0346,,AWS-0019;AWS-0056;AWS-0058;AWS-0059;AWS-0060;AWS-0061;AWS-0062;AWS-0063;AWS-0077;AWS-0078;AWS-0079;AWS-0080;AWS-0123;AWS-0133;AWS-0140;AWS-0141;AWS-0143;AWS-0176;AWS-0177;AWS-0180;AWS-0342;AWS-0343;AWS-0345;AWS-0346,
135,20260816_190337_83cfc34c,False,34,32,2,1,1,0,12,12,0,15,14,1,6,5,1,0,0,0,AWS-0019;AWS-0056;AWS-0058;AWS-0059;AWS-0060;AWS-0061;AWS-0062;AWS-0063;AWS-0077;AWS-0078;AWS-0079;AWS-0080;AWS-0086;AWS-0087;AWS-0091;AWS-0092;AWS-0093;AWS-0094;AWS-0123;AWS-0132;AWS-0133;AWS-0140;AWS-0141;AWS-0143;AWS-0176;AWS-0177;AWS-0180;AWS-0320;AWS-0342;AWS-0343;AWS-0345;AWS-0346,AWS-0089;AWS-0090,AWS-0019;AWS-0056;AWS-0058;AWS-0059;AWS-0060;AWS-0061;AWS-0062;AWS-0063;AWS-0077;AWS-0078;AWS-0079;AWS-0080;AWS-0086;AWS-0087;AWS-0091;AWS-0092;AWS-0093;AWS-0094;AWS-0123;AWS-0132;AWS-0133;AWS-0140;AWS-0141;AWS-0143;AWS-0176;AWS-0177;AWS-0180;AWS-0320;AWS-0342;AWS-0343;AWS-0345;AWS-0346;AWS-0089;AWS-0090,
136,20260816_190743_ea31606f,True,24,24,0,1,1,0,6,6,0,13,13,0,4,4,0,0,0,0,AWS-0019;AWS-0056;AWS-0058;AWS-0059;AWS-0060;AWS-0061;AWS-0062;AWS-0063;AWS-0077;AWS-0078;AWS-0079;AWS-0080;AWS-0123;AWS-0133;AWS-0140;AWS-0141;AWS-0143;AWS-0176;AWS-0177;AWS-0180;AWS-0342;AWS-0343;AWS-0345;AWS-0346,,AWS-0019;AWS-0056;AWS-0058;AWS-0059;AWS-0060;AWS-0061;AWS-0062;AWS-0063;AWS-0077;AWS-0078;AWS-0079;AWS-0080;AWS-0123;AWS-0133;AWS-0140;AWS-0141;AWS-0143;AWS-0176;AWS-0177;AWS-0180;AWS-0342;AWS-0343;AWS-0345;AWS-0346,
137,20260816_190852_8199c14d,False,34,33,1,1,1,0,12,12,0,15,15,0,6,5,1,0,0,0,AWS-0019;AWS-0056;AWS-0058;AWS-0059;AWS-0060;AWS-0061;AWS-0062;AWS-0063;AWS-0077;AWS-0078;AWS-0079;AWS-0080;AWS-0086;AWS-0087;AWS-0090;AWS-0091;AWS-0092;AWS-0093;AWS-0094;AWS-0123;AWS-0132;AWS-0133;AWS-0140;AWS-0141;AWS-0143;AWS-0176;AWS-0177;AWS-0180;AWS-0320;AWS-0342;AWS-0343;AWS-0345;AWS-0346,AWS-0089,AWS-0019;AWS-0056;AWS-0058;AWS-0059;AWS-0060;AWS-0061;AWS-0062;AWS-0063;AWS-0077;AWS-0078;AWS-0079;AWS-0080;AWS-0086;AWS-0087;AWS-0090;AWS-0091;AWS-0092;AWS-0093;AWS-0094;AWS-0123;AWS-0132;AWS-0133;AWS-0140;AWS-0141;AWS-0143;AWS-0176;AWS-0177;AWS-0180;AWS-0320;AWS-0342;AWS-0343;AWS-0345;AWS-0346;AWS-0089,
138,20260816_191510_c8083a53,False,43,41,2,2,2,0,16,16,0,16,15,1,9,8,1,0,0,0,AWS-0014;AWS-0015;AWS-0016;AWS-0019;AWS-0056;AWS-0058;AWS-0059;AWS-0060;AWS-0061;AWS-0062;AWS-0063;AWS-0077;AWS-0078;AWS-0079;AWS-0080;AWS-0086;AWS-0087;AWS-0089;AWS-0091;AWS-0092;AWS-0093;AWS-0094;AWS-0095;AWS-0123;AWS-0132;AWS-0133;AWS-0136;AWS-0140;AWS-0141;AWS-0143;AWS-0161;AWS-0162;AWS-0163;AWS-0176;AWS-0177;AWS-0180;AWS-0320;AWS-0342;AWS-0343;AWS-0345;AWS-0346,AWS-0017;AWS-0090,AWS-0014;AWS-0015;AWS-0016;AWS-0019;AWS-0056;AWS-0058;AWS-0059;AWS-0060;AWS-0061;AWS-0062;AWS-0063;AWS-0077;AWS-0078;AWS-0079;AWS-0080;AWS-0086;AWS-0087;AWS-0089;AWS-0091;AWS-0092;AWS-0093;AWS-0094;AWS-0095;AWS-0123;AWS-0132;AWS-0133;AWS-0136;AWS-0140;AWS-0141;AWS-0143;AWS-0161;AWS-0162;AWS-0163;AWS-0176;AWS-0177;AWS-0180;AWS-0320;AWS-0342;AWS-0343;AWS-0345;AWS-0346;AWS-0017;AWS-0090,
139,20260816_223650_101f9f3b,False,34,33,1,1,1,0,12,12,0,15,15,0,6,5,1,0,0,0,AWS-0019;AWS-0056;AWS-0058;AWS-0059;AWS-0060;AWS-0061;AWS-0062;AWS-0063;AWS-0077;AWS-0078;AWS-0079;AWS-0080;AWS-0086;AWS-0087;AWS-0090;AWS-0091;AWS-0092;AWS-0093;AWS-0094;AWS-0123;AWS-0132;AWS-0133;AWS-0140;AWS-0141;AWS-0143;AWS-0176;AWS-0177;AWS-0180;AWS-0320;AWS-0342;AWS-0343;AWS-0345;AWS-0346,AWS-0089,AWS-0019;AWS-0056;AWS-0058;AWS-0059;AWS-0060;AWS-0061;AWS-0062;AWS-0063;AWS-0077;AWS-0078;AWS-0079;AWS-0080;AWS-0086;AWS-0087;AWS-0090;AWS-0091;AWS-0092;AWS-0093;AWS-0094;AWS-0123;AWS-0132;AWS-0133;AWS-0140;AWS-0141;AWS-0143;AWS-0176;AWS-0177;AWS-0180;AWS-0320;AWS-0342;AWS-0343;AWS-0345;AWS-0346;AWS-0089,
140,20260816_224109_96908ef9,False,34,32,2,1,1,0,12,12,0,15,14,1,6,5,1,0,0,0,AWS-0019;AWS-0056;AWS-0058;AWS-0059;AWS-0060;AWS-0061;AWS-0062;AWS-0063;AWS-0077;AWS-0078;AWS-0079;AWS-0080;AWS-0086;AWS-0087;AWS-0091;AWS-0092;AWS-0093;AWS-0094;AWS-0123;AWS-0132;AWS-0133;AWS-0140;AWS-0141;AWS-0143;AWS-0176;AWS-0177;AWS-0180;AWS-0320;AWS-0342;AWS-0343;AWS-0345;AWS-0346,AWS-0089;AWS-0090,AWS-0019;AWS-0056;AWS-0058;AWS-0059;AWS-0060;AWS-0061;AWS-0062;AWS-0063;AWS-0077;AWS-0078;AWS-0079;AWS-0080;AWS-0086;AWS-0087;AWS-0091;AWS-0092;AWS-0093;AWS-0094;AWS-0123;AWS-0132;AWS-0133;AWS-0140;AWS-0141;AWS-0143;AWS-0176;AWS-0177;AWS-0180;AWS-0320;AWS-0342;AWS-0343;AWS-0345;AWS-0346;AWS-0089;AWS-0090,
141,20260816_224759_b75b7daa,False,34,32,2,1,1,0,12,12,0,15,14,1,6,5,1,0,0,0,AWS-0019;AWS-0056;AWS-0058;AWS-0059;AWS-0060;AWS-0061;AWS-0062;AWS-0063;AWS-0077;AWS-0078;AWS-0079;AWS-0080;AWS-0086;AWS-0087;AWS-0091;AWS-0092;AWS-0093;AWS-0094;AWS-0123;AWS-0132;AWS-0133;AWS-0140;AWS-0141;AWS-0143;AWS-0176;AWS-0177;AWS-0180;AWS-0320;AWS-0342;AWS-0343;AWS-0345;AWS-0346,AWS-0089;AWS-0090,AWS-0019;AWS-0056;AWS-0058;AWS-0059;AWS-0060;AWS-0061;AWS-0062;AWS-0063;AWS-0077;AWS-0078;AWS-0079;AWS-0080;AWS-0086;AWS-0087;AWS-0091;AWS-0092;AWS-0093;AWS-0094;AWS-0123;AWS-0132;AWS-0133;AWS-0140;AWS-0141;AWS-0143;AWS-0176;AWS-0177;AWS-0180;AWS-0320;AWS-0342;AWS-0343;AWS-0345;AWS-0346;AWS-0089;AWS-0090,
142,20260816_231656_9e23d72b,False,26,25,1,2,2,0,6,6,0,13,13,0,5,4,1,0,0,0,AWS-0019;AWS-0056;AWS-0058;AWS-0059;AWS-0060;AWS-0061;AWS-0062;AWS-0063;AWS-0067;AWS-0077;AWS-0078;AWS-0079;AWS-0080;AWS-0123;AWS-0133;AWS-0140;AWS-0141;AWS-0143;AWS-0176;AWS-0177;AWS-0180;AWS-0342;AWS-0343;AWS-0345;AWS-0346,AWS-0066,AWS-0019;AWS-0056;AWS-0058;AWS-0059;AWS-0060;AWS-0061;AWS-0062;AWS-0063;AWS-0067;AWS-0077;AWS-0078;AWS-0079;AWS-0080;AWS-0123;AWS-0133;AWS-0140;AWS-0141;AWS-0143;AWS-0176;AWS-0177;AWS-0180;AWS-0342;AWS-0343;AWS-0345;AWS-0346;AWS-0066,
143,20260816_232547_5a45050a,False,34,32,2,1,1,0,12,12,0,15,14,1,6,5,1,0,0,0,AWS-0019;AWS-0056;AWS-0058;AWS-0059;AWS-0060;AWS-0061;AWS-0062;AWS-0063;AWS-0077;AWS-0078;AWS-0079;AWS-0080;AWS-0086;AWS-0087;AWS-0091;AWS-0092;AWS-0093;AWS-0094;AWS-0123;AWS-0132;AWS-0133;AWS-0140;AWS-0141;AWS-0143;AWS-0176;AWS-0177;AWS-0180;AWS-0320;AWS-0342;AWS-0343;AWS-0345;AWS-0346,AWS-0089;AWS-0090,AWS-0019;AWS-0056;AWS-0058;AWS-0059;AWS-0060;AWS-0061;AWS-0062;AWS-0063;AWS-0077;AWS-0078;AWS-0079;AWS-0080;AWS-0086;AWS-0087;AWS-0091;AWS-0092;AWS-0093;AWS-0094;AWS-0123;AWS-0132;AWS-0133;AWS-0140;AWS-0141;AWS-0143;AWS-0176;AWS-0177;AWS-0180;AWS-0320;AWS-0342;AWS-0343;AWS-0345;AWS-0346;AWS-0089;AWS-0090,
144,20260816_233026_9910e0b5,True,24,24,0,1,1,0,6,6,0,13,13,0,4,4,0,0,0,0,AWS-0019;AWS-0056;AWS-0058;AWS-0059;AWS-0060;AWS-0061;AWS-0062;AWS-0063;AWS-0077;AWS-0078;AWS-0079;AWS-0080;AWS-0123;AWS-0133;AWS-0140;AWS-0141;AWS-0143;AWS-0176;AWS-0177;AWS-0180;AWS-0342;AWS-0343;AWS-0345;AWS-0346,,AWS-0019;AWS-0056;AWS-0058;AWS-0059;AWS-0060;AWS-0061;AWS-0062;AWS-0063;AWS-0077;AWS-0078;AWS-0079;AWS-0080;AWS-0123;AWS-0133;AWS-0140;AWS-0141;AWS-0143;AWS-0176;AWS-0177;AWS-0180;AWS-0342;AWS-0343;AWS-0345;AWS-0346,
145,20260816_233220_ec8d4fc9,False,36,35,1,1,1,0,14,14,0,15,15,0,6,5,1,0,0,0,AWS-0019;AWS-0056;AWS-0058;AWS-0059;AWS-0060;AWS-0061;AWS-0062;AWS-0063;AWS-0077;AWS-0078;AWS-0079;AWS-0080;AWS-0086;AWS-0087;AWS-0090;AWS-0091;AWS-0092;AWS-0093;AWS-0094;AWS-0095;AWS-0123;AWS-0132;AWS-0133;AWS-0136;AWS-0140;AWS-0141;AWS-0143;AWS-0176;AWS-0177;AWS-0180;AWS-0320;AWS-0342;AWS-0343;AWS-0345;AWS-0346,AWS-0089,AWS-0019;AWS-0056;AWS-0058;AWS-0059;AWS-0060;AWS-0061;AWS-0062;AWS-0063;AWS-0077;AWS-0078;AWS-0079;AWS-0080;AWS-0086;AWS-0087;AWS-0090;AWS-0091;AWS-0092;AWS-0093;AWS-0094;AWS-0095;AWS-0123;AWS-0132;AWS-0133;AWS-0136;AWS-0140;AWS-0141;AWS-0143;AWS-0176;AWS-0177;AWS-0180;AWS-0320;AWS-0342;AWS-0343;AWS-0345;AWS-0346;AWS-0089,
146,20260816_233557_b3a2360e,True,24,24,0,1,1,0,6,6,0,13,13,0,4,4,0,0,0,0,AWS-0019;AWS-0056;AWS-0058;AWS-0059;AWS-0060;AWS-0061;AWS-0062;AWS-0063;AWS-0077;AWS-0078;AWS-0079;AWS-0080;AWS-0123;AWS-0133;AWS-0140;AWS-0141;AWS-0143;AWS-0176;AWS-0177;AWS-0180;AWS-0342;AWS-0343;AWS-0345;AWS-0346,,AWS-0019;AWS-0056;AWS-0058;AWS-0059;AWS-0060;AWS-0061;AWS-0062;AWS-0063;AWS-0077;AWS-0078;AWS-0079;AWS-0080;AWS-0123;AWS-0133;AWS-0140;AWS-0141;AWS-0143;AWS-0176;AWS-0177;AWS-0180;AWS-0342;AWS-0343;AWS-0345;AWS-0346,
147,20260816_233821_d8e5c526,False,34,33,1,1,1,0,12,12,0,15,15,0,6,5,1,0,0,0,AWS-0019;AWS-0056;AWS-0058;AWS-0059;AWS-0060;AWS-0061;AWS-0062;AWS-0063;AWS-0077;AWS-0078;AWS-0079;AWS-0080;AWS-0086;AWS-0087;AWS-0090;AWS-0091;AWS-0092;AWS-0093;AWS-0094;AWS-0123;AWS-0132;AWS-0133;AWS-0140;AWS-0141;AWS-0143;AWS-0176;AWS-0177;AWS-0180;AWS-0320;AWS-0342;AWS-0343;AWS-0345;AWS-0346,AWS-0089,AWS-0019;AWS-0056;AWS-0058;AWS-0059;AWS-0060;AWS-0061;AWS-0062;AWS-0063;AWS-0077;AWS-0078;AWS-0079;AWS-0080;AWS-0086;AWS-0087;AWS-0090;AWS-0091;AWS-0092;AWS-0093;AWS-0094;AWS-0123;AWS-0132;AWS-0133;AWS-0140;AWS-0141;AWS-0143;AWS-0176;AWS-0177;AWS-0180;AWS-0320;AWS-0342;AWS-0343;AWS-0345;AWS-0346;AWS-0089,
148,20260816_234329_dc251bd8,False,34,32,2,1,1,0,12,12,0,15,14,1,6,5,1,0,0,0,AWS-0019;AWS-0056;AWS-0058;AWS-0059;AWS-0060;AWS-0061;AWS-0062;AWS-0063;AWS-0077;AWS-0078;AWS-0079;AWS-0080;AWS-0086;AWS-0087;AWS-0091;AWS-0092;AWS-0093;AWS-0094;AWS-0123;AWS-0132;AWS-0133;AWS-0140;AWS-0141;AWS-0143;AWS-0176;AWS-0177;AWS-0180;AWS-0320;AWS-0342;AWS-0343;AWS-0345;AWS-0346,AWS-0089;AWS-0090,AWS-0019;AWS-0056;AWS-0058;AWS-0059;AWS-0060;AWS-0061;AWS-0062;AWS-0063;AWS-0077;AWS-0078;AWS-0079;AWS-0080;AWS-0086;AWS-0087;AWS-0091;AWS-0092;AWS-0093;AWS-0094;AWS-0123;AWS-0132;AWS-0133;AWS-0140;AWS-0141;AWS-0143;AWS-0176;AWS-0177;AWS-0180;AWS-0320;AWS-0342;AWS-0343;AWS-0345;AWS-0346;AWS-0089;AWS-0090,
149,20260816_235215_7e6beebf,False,34,33,1,1,1,0,12,12,0,15,15,0,6,5,1,0,0,0,AWS-0019;AWS-0056;AWS-0058;AWS-0059;AWS-0060;AWS-0061;AWS-0062;AWS-0063;AWS-0077;AWS-0078;AWS-0079;AWS-0080;AWS-0086;AWS-0087;AWS-0090;AWS-0091;AWS-0092;AWS-0093;AWS-0094;AWS-0123;AWS-0132;AWS-0133;AWS-0140;AWS-0141;AWS-0143;AWS-0176;AWS-0177;AWS-0180;AWS-0320;AWS-0342;AWS-0343;AWS-0345;AWS-0346,AWS-0089,AWS-0019;AWS-0056;AWS-0058;AWS-0059;AWS-0060;AWS-0061;AWS-0062;AWS-0063;AWS-0077;AWS-0078;AWS-0079;AWS-0080;AWS-0086;AWS-0087;AWS-0090;AWS-0091;AWS-0092;AWS-0093;AWS-0094;AWS-0123;AWS-0132;AWS-0133;AWS-0140;AWS-0141;AWS-0143;AWS-0176;AWS-0177;AWS-0180;AWS-0320;AWS-0342;AWS-0343;AWS-0345;AWS-0346;AWS-0089,
