row_index,run_id,trivy_passed,total_checks,total_passed,total_failed,severity_critical,severity_high,severity_medium,severity_low,severity_unknown,passed_check_ids,failed_check_ids,all_check_ids,error
0,20260801_141119_f1070551,False,78,68,10,0,0,6,4,0,AWS-0008;AWS-0009;AWS-0019;AWS-0026;AWS-0027;AWS-0028;AWS-0029;AWS-0056;AWS-0058;AWS-0059;AWS-0060;AWS-0061;AWS-0062;AWS-0063;AWS-0099;AWS-0101;AWS-0102;AWS-0104;AWS-0107;AWS-0122;AWS-0123;AWS-0129;AWS-0130;AWS-0131;AWS-0140;AWS-0141;AWS-0143;AWS-0164;AWS-0342;AWS-0344;AWS-0345;AWS-0346;AZU-0007;AZU-0008;AZU-0009;AZU-0010;AZU-0011;AZU-0012;AZU-0056;AZU-0057;AZU-0058;AZU-0059;AZU-0060;AZU-0061;GCP-0027;GCP-0029;GCP-0030;GCP-0031;GCP-0032;GCP-0033;GCP-0034;GCP-0035;GCP-0036;GCP-0037;GCP-0039;GCP-0041;GCP-0042;GCP-0043;GCP-0044;GCP-0045;GCP-0067;GCP-0070;GCP-0071;GCP-0072;GCP-0073;GCP-0074;GCP-0075;GCP-0076,AWS-0105;AWS-0124;AWS-0178,AWS-0008;AWS-0009;AWS-0019;AWS-0026;AWS-0027;AWS-0028;AWS-0029;AWS-0056;AWS-0058;AWS-0059;AWS-0060;AWS-0061;AWS-0062;AWS-0063;AWS-0099;AWS-0101;AWS-0102;AWS-0104;AWS-0107;AWS-0122;AWS-0123;AWS-0129;AWS-0130;AWS-0131;AWS-0140;AWS-0141;AWS-0143;AWS-0164;AWS-0342;AWS-0344;AWS-0345;AWS-0346;AZU-0007;AZU-0008;AZU-0009;AZU-0010;AZU-0011;AZU-0012;AZU-0056;AZU-0057;AZU-0058;AZU-0059;AZU-0060;AZU-0061;GCP-0027;GCP-0029;GCP-0030;GCP-0031;GCP-0032;GCP-0033;GCP-0034;GCP-0035;GCP-0036;GCP-0037;GCP-0039;GCP-0041;GCP-0042;GCP-0043;GCP-0044;GCP-0045;GCP-0067;GCP-0070;GCP-0071;GCP-0072;GCP-0073;GCP-0074;GCP-0075;GCP-0076;AWS-0105;AWS-0124;AWS-0178,
1,20260801_142004_7ff60ca1,False,52,51,1,0,0,0,1,0,AWS-0019;AWS-0056;AWS-0058;AWS-0059;AWS-0060;AWS-0061;AWS-0062;AWS-0063;AWS-0123;AWS-0140;AWS-0141;AWS-0143;AWS-0342;AWS-0345;AWS-0346;AZU-0007;AZU-0008;AZU-0009;AZU-0010;AZU-0011;AZU-0012;AZU-0056;AZU-0057;AZU-0058;AZU-0059;AZU-0060;AZU-0061;GCP-0027;GCP-0029;GCP-0030;GCP-0031;GCP-0032;GCP-0033;GCP-0034;GCP-0035;GCP-0036;GCP-0037;GCP-0039;GCP-0041;GCP-0042;GCP-0043;GCP-0044;GCP-0045;GCP-0067;GCP-0070;GCP-0071;GCP-0072;GCP-0073;GCP-0074;GCP-0075;GCP-0076,AWS-0017,AWS-0019;AWS-0056;AWS-0058;AWS-0059;AWS-0060;AWS-0061;AWS-0062;AWS-0063;AWS-0123;AWS-0140;AWS-0141;AWS-0143;AWS-0342;AWS-0345;AWS-0346;AZU-0007;AZU-0008;AZU-0009;AZU-0010;AZU-0011;AZU-0012;AZU-0056;AZU-0057;AZU-0058;AZU-0059;AZU-0060;AZU-0061;GCP-0027;GCP-0029;GCP-0030;GCP-0031;GCP-0032;GCP-0033;GCP-0034;GCP-0035;GCP-0036;GCP-0037;GCP-0039;GCP-0041;GCP-0042;GCP-0043;GCP-0044;GCP-0045;GCP-0067;GCP-0070;GCP-0071;GCP-0072;GCP-0073;GCP-0074;GCP-0075;GCP-0076;AWS-0017,
2,20260801_145351_464738fb,False,64,63,1,0,0,0,1,0,AWS-0006;AWS-0007;AWS-0019;AWS-0056;AWS-0058;AWS-0059;AWS-0060;AWS-0061;AWS-0062;AWS-0063;AWS-0065;AWS-0086;AWS-0087;AWS-0090;AWS-0091;AWS-0092;AWS-0093;AWS-0094;AWS-0123;AWS-0132;AWS-0140;AWS-0141;AWS-0143;AWS-0320;AWS-0342;AWS-0345;AWS-0346;AZU-0007;AZU-0008;AZU-0009;AZU-0010;AZU-0011;AZU-0012;AZU-0056;AZU-0057;AZU-0058;AZU-0059;AZU-0060;AZU-0061;GCP-0027;GCP-0029;GCP-0030;GCP-0031;GCP-0032;GCP-0033;GCP-0034;GCP-0035;GCP-0036;GCP-0037;GCP-0039;GCP-0041;GCP-0042;GCP-0043;GCP-0044;GCP-0045;GCP-0067;GCP-0070;GCP-0071;GCP-0072;GCP-0073;GCP-0074;GCP-0075;GCP-0076,AWS-0089,AWS-0006;AWS-0007;AWS-0019;AWS-0056;AWS-0058;AWS-0059;AWS-0060;AWS-0061;AWS-0062;AWS-0063;AWS-0065;AWS-0086;AWS-0087;AWS-0090;AWS-0091;AWS-0092;AWS-0093;AWS-0094;AWS-0123;AWS-0132;AWS-0140;AWS-0141;AWS-0143;AWS-0320;AWS-0342;AWS-0345;AWS-0346;AZU-0007;AZU-0008;AZU-0009;AZU-0010;AZU-0011;AZU-0012;AZU-0056;AZU-0057;AZU-0058;AZU-0059;AZU-0060;AZU-0061;GCP-0027;GCP-0029;GCP-0030;GCP-0031;GCP-0032;GCP-0033;GCP-0034;GCP-0035;GCP-0036;GCP-0037;GCP-0039;GCP-0041;GCP-0042;GCP-0043;GCP-0044;GCP-0045;GCP-0067;GCP-0070;GCP-0071;GCP-0072;GCP-0073;GCP-0074;GCP-0075;GCP-0076;AWS-0089,
3,20260801_152238_4ec0f799,True,51,51,0,0,0,0,0,0,AWS-0019;AWS-0056;AWS-0058;AWS-0059;AWS-0060;AWS-0061;AWS-0062;AWS-0063;AWS-0123;AWS-0140;AWS-0141;AWS-0143;AWS-0342;AWS-0345;AWS-0346;AZU-0007;AZU-0008;AZU-0009;AZU-0010;AZU-0011;AZU-0012;AZU-0056;AZU-0057;AZU-0058;AZU-0059;AZU-0060;AZU-0061;GCP-0027;GCP-0029;GCP-0030;GCP-0031;GCP-0032;GCP-0033;GCP-0034;GCP-0035;GCP-0036;GCP-0037;GCP-0039;GCP-0041;GCP-0042;GCP-0043;GCP-0044;GCP-0045;GCP-0067;GCP-0070;GCP-0071;GCP-0072;GCP-0073;GCP-0074;GCP-0075;GCP-0076,,AWS-0019;AWS-0056;AWS-0058;AWS-0059;AWS-0060;AWS-0061;AWS-0062;AWS-0063;AWS-0123;AWS-0140;AWS-0141;AWS-0143;AWS-0342;AWS-0345;AWS-0346;AZU-0007;AZU-0008;AZU-0009;AZU-0010;AZU-0011;AZU-0012;AZU-0056;AZU-0057;AZU-0058;AZU-0059;AZU-0060;AZU-0061;GCP-0027;GCP-0029;GCP-0030;GCP-0031;GCP-0032;GCP-0033;GCP-0034;GCP-0035;GCP-0036;GCP-0037;GCP-0039;GCP-0041;GCP-0042;GCP-0043;GCP-0044;GCP-0045;GCP-0067;GCP-0070;GCP-0071;GCP-0072;GCP-0073;GCP-0074;GCP-0075;GCP-0076,
4,20260801_152614_fd34d1ef,True,51,51,0,0,0,0,0,0,AWS-0019;AWS-0056;AWS-0058;AWS-0059;AWS-0060;AWS-0061;AWS-0062;AWS-0063;AWS-0123;AWS-0140;AWS-0141;AWS-0143;AWS-0342;AWS-0345;AWS-0346;AZU-0007;AZU-0008;AZU-0009;AZU-0010;AZU-0011;AZU-0012;AZU-0056;AZU-0057;AZU-0058;AZU-0059;AZU-0060;AZU-0061;GCP-0027;GCP-0029;GCP-0030;GCP-0031;GCP-0032;GCP-0033;GCP-0034;GCP-0035;GCP-0036;GCP-0037;GCP-0039;GCP-0041;GCP-0042;GCP-0043;GCP-0044;GCP-0045;GCP-0067;GCP-0070;GCP-0071;GCP-0072;GCP-0073;GCP-0074;GCP-0075;GCP-0076,,AWS-0019;AWS-0056;AWS-0058;AWS-0059;AWS-0060;AWS-0061;AWS-0062;AWS-0063;AWS-0123;AWS-0140;AWS-0141;AWS-0143;AWS-0342;AWS-0345;AWS-0346;AZU-0007;AZU-0008;AZU-0009;AZU-0010;AZU-0011;AZU-0012;AZU-0056;AZU-0057;AZU-0058;AZU-0059;AZU-0060;AZU-0061;GCP-0027;GCP-0029;GCP-0030;GCP-0031;GCP-0032;GCP-0033;GCP-0034;GCP-0035;GCP-0036;GCP-0037;GCP-0039;GCP-0041;GCP-0042;GCP-0043;GCP-0044;GCP-0045;GCP-0067;GCP-0070;GCP-0071;GCP-0072;GCP-0073;GCP-0074;GCP-0075;GCP-0076,
5,20260801_152829_45b809ba,False,52,51,1,0,0,1,0,0,AWS-0019;AWS-0056;AWS-0058;AWS-0059;AWS-0060;AWS-0061;AWS-0062;AWS-0063;AWS-0123;AWS-0140;AWS-0141;AWS-0143;AWS-0342;AWS-0345;AWS-0346;AZU-0007;AZU-0008;AZU-0009;AZU-0010;AZU-0011;AZU-0012;AZU-0056;AZU-0057;AZU-0058;AZU-0059;AZU-0060;AZU-0061;GCP-0027;GCP-0029;GCP-0030;GCP-0031;GCP-0032;GCP-0033;GCP-0034;GCP-0035;GCP-0036;GCP-0037;GCP-0039;GCP-0041;GCP-0042;GCP-0043;GCP-0044;GCP-0045;GCP-0067;GCP-0070;GCP-0071;GCP-0072;GCP-0073;GCP-0074;GCP-0075;GCP-0076,AWS-0065,AWS-0019;AWS-0056;AWS-0058;AWS-0059;AWS-0060;AWS-0061;AWS-0062;AWS-0063;AWS-0123;AWS-0140;AWS-0141;AWS-0143;AWS-0342;AWS-0345;AWS-0346;AZU-0007;AZU-0008;AZU-0009;AZU-0010;AZU-0011;AZU-0012;AZU-0056;AZU-0057;AZU-0058;AZU-0059;AZU-0060;AZU-0061;GCP-0027;GCP-0029;GCP-0030;GCP-0031;GCP-0032;GCP-0033;GCP-0034;GCP-0035;GCP-0036;GCP-0037;GCP-0039;GCP-0041;GCP-0042;GCP-0043;GCP-0044;GCP-0045;GCP-0067;GCP-0070;GCP-0071;GCP-0072;GCP-0073;GCP-0074;GCP-0075;GCP-0076;AWS-0065,
6,20260801_153307_e1e2a804,False,51,50,1,0,0,1,0,0,AWS-0019;AWS-0056;AWS-0058;AWS-0059;AWS-0060;AWS-0061;AWS-0062;AWS-0063;AWS-0123;AWS-0140;AWS-0141;AWS-0143;AWS-0345;AWS-0346;AZU-0007;AZU-0008;AZU-0009;AZU-0010;AZU-0011;AZU-0012;AZU-0056;AZU-0057;AZU-0058;AZU-0059;AZU-0060;AZU-0061;GCP-0027;GCP-0029;GCP-0030;GCP-0031;GCP-0032;GCP-0033;GCP-0034;GCP-0035;GCP-0036;GCP-0037;GCP-0039;GCP-0041;GCP-0042;GCP-0043;GCP-0044;GCP-0045;GCP-0067;GCP-0070;GCP-0071;GCP-0072;GCP-0073;GCP-0074;GCP-0075;GCP-0076,AWS-0342,AWS-0019;AWS-0056;AWS-0058;AWS-0059;AWS-0060;AWS-0061;AWS-0062;AWS-0063;AWS-0123;AWS-0140;AWS-0141;AWS-0143;AWS-0345;AWS-0346;AZU-0007;AZU-0008;AZU-0009;AZU-0010;AZU-0011;AZU-0012;AZU-0056;AZU-0057;AZU-0058;AZU-0059;AZU-0060;AZU-0061;GCP-0027;GCP-0029;GCP-0030;GCP-0031;GCP-0032;GCP-0033;GCP-0034;GCP-0035;GCP-0036;GCP-0037;GCP-0039;GCP-0041;GCP-0042;GCP-0043;GCP-0044;GCP-0045;GCP-0067;GCP-0070;GCP-0071;GCP-0072;GCP-0073;GCP-0074;GCP-0075;GCP-0076;AWS-0342,
7,20260801_153610_21ba9029,False,54,53,1,0,0,1,0,0,AWS-0019;AWS-0056;AWS-0058;AWS-0059;AWS-0060;AWS-0061;AWS-0062;AWS-0063;AWS-0096;AWS-0097;AWS-0123;AWS-0135;AWS-0140;AWS-0141;AWS-0143;AWS-0345;AWS-0346;AZU-0007;AZU-0008;AZU-0009;AZU-0010;AZU-0011;AZU-0012;AZU-0056;AZU-0057;AZU-0058;AZU-0059;AZU-0060;AZU-0061;GCP-0027;GCP-0029;GCP-0030;GCP-0031;GCP-0032;GCP-0033;GCP-0034;GCP-0035;GCP-0036;GCP-0037;GCP-0039;GCP-0041;GCP-0042;GCP-0043;GCP-0044;GCP-0045;GCP-0067;GCP-0070;GCP-0071;GCP-0072;GCP-0073;GCP-0074;GCP-0075;GCP-0076,AWS-0342,AWS-0019;AWS-0056;AWS-0058;AWS-0059;AWS-0060;AWS-0061;AWS-0062;AWS-0063;AWS-0096;AWS-0097;AWS-0123;AWS-0135;AWS-0140;AWS-0141;AWS-0143;AWS-0345;AWS-0346;AZU-0007;AZU-0008;AZU-0009;AZU-0010;AZU-0011;AZU-0012;AZU-0056;AZU-0057;AZU-0058;AZU-0059;AZU-0060;AZU-0061;GCP-0027;GCP-0029;GCP-0030;GCP-0031;GCP-0032;GCP-0033;GCP-0034;GCP-0035;GCP-0036;GCP-0037;GCP-0039;GCP-0041;GCP-0042;GCP-0043;GCP-0044;GCP-0045;GCP-0067;GCP-0070;GCP-0071;GCP-0072;GCP-0073;GCP-0074;GCP-0075;GCP-0076;AWS-0342,
8,20260801_155042_b9cce2d8,False,74,71,3,0,0,1,2,0,AWS-0008;AWS-0009;AWS-0019;AWS-0026;AWS-0027;AWS-0028;AWS-0029;AWS-0037;AWS-0056;AWS-0058;AWS-0059;AWS-0060;AWS-0061;AWS-0062;AWS-0063;AWS-0065;AWS-0099;AWS-0101;AWS-0102;AWS-0104;AWS-0105;AWS-0107;AWS-0122;AWS-0123;AWS-0129;AWS-0130;AWS-0131;AWS-0140;AWS-0141;AWS-0143;AWS-0164;AWS-0342;AWS-0344;AWS-0345;AWS-0346;AZU-0007;AZU-0008;AZU-0009;AZU-0010;AZU-0011;AZU-0012;AZU-0056;AZU-0057;AZU-0058;AZU-0059;AZU-0060;AZU-0061;GCP-0027;GCP-0029;GCP-0030;GCP-0031;GCP-0032;GCP-0033;GCP-0034;GCP-0035;GCP-0036;GCP-0037;GCP-0039;GCP-0041;GCP-0042;GCP-0043;GCP-0044;GCP-0045;GCP-0067;GCP-0070;GCP-0071;GCP-0072;GCP-0073;GCP-0074;GCP-0075;GCP-0076,AWS-0124;AWS-0178,AWS-0008;AWS-0009;AWS-0019;AWS-0026;AWS-0027;AWS-0028;AWS-0029;AWS-0037;AWS-0056;AWS-0058;AWS-0059;AWS-0060;AWS-0061;AWS-0062;AWS-0063;AWS-0065;AWS-0099;AWS-0101;AWS-0102;AWS-0104;AWS-0105;AWS-0107;AWS-0122;AWS-0123;AWS-0129;AWS-0130;AWS-0131;AWS-0140;AWS-0141;AWS-0143;AWS-0164;AWS-0342;AWS-0344;AWS-0345;AWS-0346;AZU-0007;AZU-0008;AZU-0009;AZU-0010;AZU-0011;AZU-0012;AZU-0056;AZU-0057;AZU-0058;AZU-0059;AZU-0060;AZU-0061;GCP-0027;GCP-0029;GCP-0030;GCP-0031;GCP-0032;GCP-0033;GCP-0034;GCP-0035;GCP-0036;GCP-0037;GCP-0039;GCP-0041;GCP-0042;GCP-0043;GCP-0044;GCP-0045;GCP-0067;GCP-0070;GCP-0071;GCP-0072;GCP-0073;GCP-0074;GCP-0075;GCP-0076;AWS-0124;AWS-0178,
9,20260801_155930_79aa1f00,False,71,70,1,0,0,1,0,0,AWS-0008;AWS-0009;AWS-0019;AWS-0026;AWS-0027;AWS-0028;AWS-0029;AWS-0056;AWS-0058;AWS-0059;AWS-0060;AWS-0061;AWS-0062;AWS-0063;AWS-0099;AWS-0101;AWS-0102;AWS-0104;AWS-0105;AWS-0107;AWS-0122;AWS-0123;AWS-0124;AWS-0129;AWS-0130;AWS-0131;AWS-0140;AWS-0141;AWS-0143;AWS-0164;AWS-0342;AWS-0344;AWS-0345;AWS-0346;AZU-0007;AZU-0008;AZU-0009;AZU-0010;AZU-0011;AZU-0012;AZU-0056;AZU-0057;AZU-0058;AZU-0059;AZU-0060;AZU-0061;GCP-0027;GCP-0029;GCP-0030;GCP-0031;GCP-0032;GCP-0033;GCP-0034;GCP-0035;GCP-0036;GCP-0037;GCP-0039;GCP-0041;GCP-0042;GCP-0043;GCP-0044;GCP-0045;GCP-0067;GCP-0070;GCP-0071;GCP-0072;GCP-0073;GCP-0074;GCP-0075;GCP-0076,AWS-0178,AWS-0008;AWS-0009;AWS-0019;AWS-0026;AWS-0027;AWS-0028;AWS-0029;AWS-0056;AWS-0058;AWS-0059;AWS-0060;AWS-0061;AWS-0062;AWS-0063;AWS-0099;AWS-0101;AWS-0102;AWS-0104;AWS-0105;AWS-0107;AWS-0122;AWS-0123;AWS-0124;AWS-0129;AWS-0130;AWS-0131;AWS-0140;AWS-0141;AWS-0143;AWS-0164;AWS-0342;AWS-0344;AWS-0345;AWS-0346;AZU-0007;AZU-0008;AZU-0009;AZU-0010;AZU-0011;AZU-0012;AZU-0056;AZU-0057;AZU-0058;AZU-0059;AZU-0060;AZU-0061;GCP-0027;GCP-0029;GCP-0030;GCP-0031;GCP-0032;GCP-0033;GCP-0034;GCP-0035;GCP-0036;GCP-0037;GCP-0039;GCP-0041;GCP-0042;GCP-0043;GCP-0044;GCP-0045;GCP-0067;GCP-0070;GCP-0071;GCP-0072;GCP-0073;GCP-0074;GCP-0075;GCP-0076;AWS-0178,
10,20260801_160546_2d3cd08f,False,62,60,2,0,0,1,1,0,AWS-0019;AWS-0056;AWS-0058;AWS-0059;AWS-0060;AWS-0061;AWS-0062;AWS-0063;AWS-0086;AWS-0087;AWS-0090;AWS-0091;AWS-0092;AWS-0093;AWS-0094;AWS-0123;AWS-0132;AWS-0140;AWS-0141;AWS-0143;AWS-0320;AWS-0342;AWS-0345;AWS-0346;AZU-0007;AZU-0008;AZU-0009;AZU-0010;AZU-0011;AZU-0012;AZU-0056;AZU-0057;AZU-0058;AZU-0059;AZU-0060;AZU-0061;GCP-0027;GCP-0029;GCP-0030;GCP-0031;GCP-0032;GCP-0033;GCP-0034;GCP-0035;GCP-0036;GCP-0037;GCP-0039;GCP-0041;GCP-0042;GCP-0043;GCP-0044;GCP-0045;GCP-0067;GCP-0070;GCP-0071;GCP-0072;GCP-0073;GCP-0074;GCP-0075;GCP-0076,AWS-0065;AWS-0089,AWS-0019;AWS-0056;AWS-0058;AWS-0059;AWS-0060;AWS-0061;AWS-0062;AWS-0063;AWS-0086;AWS-0087;AWS-0090;AWS-0091;AWS-0092;AWS-0093;AWS-0094;AWS-0123;AWS-0132;AWS-0140;AWS-0141;AWS-0143;AWS-0320;AWS-0342;AWS-0345;AWS-0346;AZU-0007;AZU-0008;AZU-0009;AZU-0010;AZU-0011;AZU-0012;AZU-0056;AZU-0057;AZU-0058;AZU-0059;AZU-0060;AZU-0061;GCP-0027;GCP-0029;GCP-0030;GCP-0031;GCP-0032;GCP-0033;GCP-0034;GCP-0035;GCP-0036;GCP-0037;GCP-0039;GCP-0041;GCP-0042;GCP-0043;GCP-0044;GCP-0045;GCP-0067;GCP-0070;GCP-0071;GCP-0072;GCP-0073;GCP-0074;GCP-0075;GCP-0076;AWS-0065;AWS-0089,
11,20260801_161300_8b5e2746,False,65,62,3,0,0,1,2,0,AWS-0019;AWS-0023;AWS-0056;AWS-0058;AWS-0059;AWS-0060;AWS-0061;AWS-0062;AWS-0063;AWS-0065;AWS-0086;AWS-0087;AWS-0090;AWS-0091;AWS-0092;AWS-0093;AWS-0094;AWS-0123;AWS-0132;AWS-0140;AWS-0141;AWS-0143;AWS-0320;AWS-0342;AWS-0345;AWS-0346;AZU-0007;AZU-0008;AZU-0009;AZU-0010;AZU-0011;AZU-0012;AZU-0056;AZU-0057;AZU-0058;AZU-0059;AZU-0060;AZU-0061;GCP-0027;GCP-0029;GCP-0030;GCP-0031;GCP-0032;GCP-0033;GCP-0034;GCP-0035;GCP-0036;GCP-0037;GCP-0039;GCP-0041;GCP-0042;GCP-0043;GCP-0044;GCP-0045;GCP-0067;GCP-0070;GCP-0071;GCP-0072;GCP-0073;GCP-0074;GCP-0075;GCP-0076,AWS-0024;AWS-0025;AWS-0089,AWS-0019;AWS-0023;AWS-0056;AWS-0058;AWS-0059;AWS-0060;AWS-0061;AWS-0062;AWS-0063;AWS-0065;AWS-0086;AWS-0087;AWS-0090;AWS-0091;AWS-0092;AWS-0093;AWS-0094;AWS-0123;AWS-0132;AWS-0140;AWS-0141;AWS-0143;AWS-0320;AWS-0342;AWS-0345;AWS-0346;AZU-0007;AZU-0008;AZU-0009;AZU-0010;AZU-0011;AZU-0012;AZU-0056;AZU-0057;AZU-0058;AZU-0059;AZU-0060;AZU-0061;GCP-0027;GCP-0029;GCP-0030;GCP-0031;GCP-0032;GCP-0033;GCP-0034;GCP-0035;GCP-0036;GCP-0037;GCP-0039;GCP-0041;GCP-0042;GCP-0043;GCP-0044;GCP-0045;GCP-0067;GCP-0070;GCP-0071;GCP-0072;GCP-0073;GCP-0074;GCP-0075;GCP-0076;AWS-0024;AWS-0025;AWS-0089,
12,20260801_175607_e99dacde,False,89,75,14,0,0,3,11,0,AWS-0008;AWS-0009;AWS-0019;AWS-0026;AWS-0027;AWS-0028;AWS-0029;AWS-0056;AWS-0058;AWS-0059;AWS-0060;AWS-0061;AWS-0062;AWS-0063;AWS-0077;AWS-0078;AWS-0079;AWS-0080;AWS-0099;AWS-0101;AWS-0102;AWS-0104;AWS-0105;AWS-0107;AWS-0122;AWS-0123;AWS-0129;AWS-0130;AWS-0131;AWS-0140;AWS-0141;AWS-0143;AWS-0164;AWS-0180;AWS-0342;AWS-0343;AWS-0344;AWS-0345;AWS-0346;AZU-0007;AZU-0008;AZU-0009;AZU-0010;AZU-0011;AZU-0012;AZU-0056;AZU-0057;AZU-0058;AZU-0059;AZU-0060;AZU-0061;GCP-0027;GCP-0029;GCP-0030;GCP-0031;GCP-0032;GCP-0033;GCP-0034;GCP-0035;GCP-0036;GCP-0037;GCP-0039;GCP-0041;GCP-0042;GCP-0043;GCP-0044;GCP-0045;GCP-0067;GCP-0070;GCP-0071;GCP-0072;GCP-0073;GCP-0074;GCP-0075;GCP-0076,AWS-0098;AWS-0124;AWS-0133;AWS-0176;AWS-0177;AWS-0178,AWS-0008;AWS-0009;AWS-0019;AWS-0026;AWS-0027;AWS-0028;AWS-0029;AWS-0056;AWS-0058;AWS-0059;AWS-0060;AWS-0061;AWS-0062;AWS-0063;AWS-0077;AWS-0078;AWS-0079;AWS-0080;AWS-0099;AWS-0101;AWS-0102;AWS-0104;AWS-0105;AWS-0107;AWS-0122;AWS-0123;AWS-0129;AWS-0130;AWS-0131;AWS-0140;AWS-0141;AWS-0143;AWS-0164;AWS-0180;AWS-0342;AWS-0343;AWS-0344;AWS-0345;AWS-0346;AZU-0007;AZU-0008;AZU-0009;AZU-0010;AZU-0011;AZU-0012;AZU-0056;AZU-0057;AZU-0058;AZU-0059;AZU-0060;AZU-0061;GCP-0027;GCP-0029;GCP-0030;GCP-0031;GCP-0032;GCP-0033;GCP-0034;GCP-0035;GCP-0036;GCP-0037;GCP-0039;GCP-0041;GCP-0042;GCP-0043;GCP-0044;GCP-0045;GCP-0067;GCP-0070;GCP-0071;GCP-0072;GCP-0073;GCP-0074;GCP-0075;GCP-0076;AWS-0098;AWS-0124;AWS-0133;AWS-0176;AWS-0177;AWS-0178,
13,20260801_180342_f006c058,True,51,51,0,0,0,0,0,0,AWS-0019;AWS-0056;AWS-0058;AWS-0059;AWS-0060;AWS-0061;AWS-0062;AWS-0063;AWS-0123;AWS-0140;AWS-0141;AWS-0143;AWS-0342;AWS-0345;AWS-0346;AZU-0007;AZU-0008;AZU-0009;AZU-0010;AZU-0011;AZU-0012;AZU-0056;AZU-0057;AZU-0058;AZU-0059;AZU-0060;AZU-0061;GCP-0027;GCP-0029;GCP-0030;GCP-0031;GCP-0032;GCP-0033;GCP-0034;GCP-0035;GCP-0036;GCP-0037;GCP-0039;GCP-0041;GCP-0042;GCP-0043;GCP-0044;GCP-0045;GCP-0067;GCP-0070;GCP-0071;GCP-0072;GCP-0073;GCP-0074;GCP-0075;GCP-0076,,AWS-0019;AWS-0056;AWS-0058;AWS-0059;AWS-0060;AWS-0061;AWS-0062;AWS-0063;AWS-0123;AWS-0140;AWS-0141;AWS-0143;AWS-0342;AWS-0345;AWS-0346;AZU-0007;AZU-0008;AZU-0009;AZU-0010;AZU-0011;AZU-0012;AZU-0056;AZU-0057;AZU-0058;AZU-0059;AZU-0060;AZU-0061;GCP-0027;GCP-0029;GCP-0030;GCP-0031;GCP-0032;GCP-0033;GCP-0034;GCP-0035;GCP-0036;GCP-0037;GCP-0039;GCP-0041;GCP-0042;GCP-0043;GCP-0044;GCP-0045;GCP-0067;GCP-0070;GCP-0071;GCP-0072;GCP-0073;GCP-0074;GCP-0075;GCP-0076,
14,20260801_181344_d80bf8ef,True,51,51,0,0,0,0,0,0,AWS-0019;AWS-0056;AWS-0058;AWS-0059;AWS-0060;AWS-0061;AWS-0062;AWS-0063;AWS-0123;AWS-0140;AWS-0141;AWS-0143;AWS-0342;AWS-0345;AWS-0346;AZU-0007;AZU-0008;AZU-0009;AZU-0010;AZU-0011;AZU-0012;AZU-0056;AZU-0057;AZU-0058;AZU-0059;AZU-0060;AZU-0061;GCP-0027;GCP-0029;GCP-0030;GCP-0031;GCP-0032;GCP-0033;GCP-0034;GCP-0035;GCP-0036;GCP-0037;GCP-0039;GCP-0041;GCP-0042;GCP-0043;GCP-0044;GCP-0045;GCP-0067;GCP-0070;GCP-0071;GCP-0072;GCP-0073;GCP-0074;GCP-0075;GCP-0076,,AWS-0019;AWS-0056;AWS-0058;AWS-0059;AWS-0060;AWS-0061;AWS-0062;AWS-0063;AWS-0123;AWS-0140;AWS-0141;AWS-0143;AWS-0342;AWS-0345;AWS-0346;AZU-0007;AZU-0008;AZU-0009;AZU-0010;AZU-0011;AZU-0012;AZU-0056;AZU-0057;AZU-0058;AZU-0059;AZU-0060;AZU-0061;GCP-0027;GCP-0029;GCP-0030;GCP-0031;GCP-0032;GCP-0033;GCP-0034;GCP-0035;GCP-0036;GCP-0037;GCP-0039;GCP-0041;GCP-0042;GCP-0043;GCP-0044;GCP-0045;GCP-0067;GCP-0070;GCP-0071;GCP-0072;GCP-0073;GCP-0074;GCP-0075;GCP-0076,
15,20260801_182313_69a384b0,True,51,51,0,0,0,0,0,0,AWS-0019;AWS-0056;AWS-0058;AWS-0059;AWS-0060;AWS-0061;AWS-0062;AWS-0063;AWS-0123;AWS-0140;AWS-0141;AWS-0143;AWS-0342;AWS-0345;AWS-0346;AZU-0007;AZU-0008;AZU-0009;AZU-0010;AZU-0011;AZU-0012;AZU-0056;AZU-0057;AZU-0058;AZU-0059;AZU-0060;AZU-0061;GCP-0027;GCP-0029;GCP-0030;GCP-0031;GCP-0032;GCP-0033;GCP-0034;GCP-0035;GCP-0036;GCP-0037;GCP-0039;GCP-0041;GCP-0042;GCP-0043;GCP-0044;GCP-0045;GCP-0067;GCP-0070;GCP-0071;GCP-0072;GCP-0073;GCP-0074;GCP-0075;GCP-0076,,AWS-0019;AWS-0056;AWS-0058;AWS-0059;AWS-0060;AWS-0061;AWS-0062;AWS-0063;AWS-0123;AWS-0140;AWS-0141;AWS-0143;AWS-0342;AWS-0345;AWS-0346;AZU-0007;AZU-0008;AZU-0009;AZU-0010;AZU-0011;AZU-0012;AZU-0056;AZU-0057;AZU-0058;AZU-0059;AZU-0060;AZU-0061;GCP-0027;GCP-0029;GCP-0030;GCP-0031;GCP-0032;GCP-0033;GCP-0034;GCP-0035;GCP-0036;GCP-0037;GCP-0039;GCP-0041;GCP-0042;GCP-0043;GCP-0044;GCP-0045;GCP-0067;GCP-0070;GCP-0071;GCP-0072;GCP-0073;GCP-0074;GCP-0075;GCP-0076,
16,20260801_182541_88c647a6,True,51,51,0,0,0,0,0,0,AWS-0019;AWS-0056;AWS-0058;AWS-0059;AWS-0060;AWS-0061;AWS-0062;AWS-0063;AWS-0123;AWS-0140;AWS-0141;AWS-0143;AWS-0342;AWS-0345;AWS-0346;AZU-0007;AZU-0008;AZU-0009;AZU-0010;AZU-0011;AZU-0012;AZU-0056;AZU-0057;AZU-0058;AZU-0059;AZU-0060;AZU-0061;GCP-0027;GCP-0029;GCP-0030;GCP-0031;GCP-0032;GCP-0033;GCP-0034;GCP-0035;GCP-0036;GCP-0037;GCP-0039;GCP-0041;GCP-0042;GCP-0043;GCP-0044;GCP-0045;GCP-0067;GCP-0070;GCP-0071;GCP-0072;GCP-0073;GCP-0074;GCP-0075;GCP-0076,,AWS-0019;AWS-0056;AWS-0058;AWS-0059;AWS-0060;AWS-0061;AWS-0062;AWS-0063;AWS-0123;AWS-0140;AWS-0141;AWS-0143;AWS-0342;AWS-0345;AWS-0346;AZU-0007;AZU-0008;AZU-0009;AZU-0010;AZU-0011;AZU-0012;AZU-0056;AZU-0057;AZU-0058;AZU-0059;AZU-0060;AZU-0061;GCP-0027;GCP-0029;GCP-0030;GCP-0031;GCP-0032;GCP-0033;GCP-0034;GCP-0035;GCP-0036;GCP-0037;GCP-0039;GCP-0041;GCP-0042;GCP-0043;GCP-0044;GCP-0045;GCP-0067;GCP-0070;GCP-0071;GCP-0072;GCP-0073;GCP-0074;GCP-0075;GCP-0076,
17,20260801_183118_e3c61c4c,True,51,51,0,0,0,0,0,0,AWS-0019;AWS-0056;AWS-0058;AWS-0059;AWS-0060;AWS-0061;AWS-0062;AWS-0063;AWS-0123;AWS-0140;AWS-0141;AWS-0143;AWS-0342;AWS-0345;AWS-0346;AZU-0007;AZU-0008;AZU-0009;AZU-0010;AZU-0011;AZU-0012;AZU-0056;AZU-0057;AZU-0058;AZU-0059;AZU-0060;AZU-0061;GCP-0027;GCP-0029;GCP-0030;GCP-0031;GCP-0032;GCP-0033;GCP-0034;GCP-0035;GCP-0036;GCP-0037;GCP-0039;GCP-0041;GCP-0042;GCP-0043;GCP-0044;GCP-0045;GCP-0067;GCP-0070;GCP-0071;GCP-0072;GCP-0073;GCP-0074;GCP-0075;GCP-0076,,AWS-0019;AWS-0056;AWS-0058;AWS-0059;AWS-0060;AWS-0061;AWS-0062;AWS-0063;AWS-0123;AWS-0140;AWS-0141;AWS-0143;AWS-0342;AWS-0345;AWS-0346;AZU-0007;AZU-0008;AZU-0009;AZU-0010;AZU-0011;AZU-0012;AZU-0056;AZU-0057;AZU-0058;AZU-0059;AZU-0060;AZU-0061;GCP-0027;GCP-0029;GCP-0030;GCP-0031;GCP-0032;GCP-0033;GCP-0034;GCP-0035;GCP-0036;GCP-0037;GCP-0039;GCP-0041;GCP-0042;GCP-0043;GCP-0044;GCP-0045;GCP-0067;GCP-0070;GCP-0071;GCP-0072;GCP-0073;GCP-0074;GCP-0075;GCP-0076,
18,20260801_183601_fa3b8b5e,True,51,51,0,0,0,0,0,0,AWS-0019;AWS-0056;AWS-0058;AWS-0059;AWS-0060;AWS-0061;AWS-0062;AWS-0063;AWS-0123;AWS-0140;AWS-0141;AWS-0143;AWS-0342;AWS-0345;AWS-0346;AZU-0007;AZU-0008;AZU-0009;AZU-0010;AZU-0011;AZU-0012;AZU-0056;AZU-0057;AZU-0058;AZU-0059;AZU-0060;AZU-0061;GCP-0027;GCP-0029;GCP-0030;GCP-0031;GCP-0032;GCP-0033;GCP-0034;GCP-0035;GCP-0036;GCP-0037;GCP-0039;GCP-0041;GCP-0042;GCP-0043;GCP-0044;GCP-0045;GCP-0067;GCP-0070;GCP-0071;GCP-0072;GCP-0073;GCP-0074;GCP-0075;GCP-0076,,AWS-0019;AWS-0056;AWS-0058;AWS-0059;AWS-0060;AWS-0061;AWS-0062;AWS-0063;AWS-0123;AWS-0140;AWS-0141;AWS-0143;AWS-0342;AWS-0345;AWS-0346;AZU-0007;AZU-0008;AZU-0009;AZU-0010;AZU-0011;AZU-0012;AZU-0056;AZU-0057;AZU-0058;AZU-0059;AZU-0060;AZU-0061;GCP-0027;GCP-0029;GCP-0030;GCP-0031;GCP-0032;GCP-0033;GCP-0034;GCP-0035;GCP-0036;GCP-0037;GCP-0039;GCP-0041;GCP-0042;GCP-0043;GCP-0044;GCP-0045;GCP-0067;GCP-0070;GCP-0071;GCP-0072;GCP-0073;GCP-0074;GCP-0075;GCP-0076,
19,20260801_183802_5b66dde0,True,51,51,0,0,0,0,0,0,AWS-0019;AWS-0056;AWS-0058;AWS-0059;AWS-0060;AWS-0061;AWS-0062;AWS-0063;AWS-0123;AWS-0140;AWS-0141;AWS-0143;AWS-0342;AWS-0345;AWS-0346;AZU-0007;AZU-0008;AZU-0009;AZU-0010;AZU-0011;AZU-0012;AZU-0056;AZU-0057;AZU-0058;AZU-0059;AZU-0060;AZU-0061;GCP-0027;GCP-0029;GCP-0030;GCP-0031;GCP-0032;GCP-0033;GCP-0034;GCP-0035;GCP-0036;GCP-0037;GCP-0039;GCP-0041;GCP-0042;GCP-0043;GCP-0044;GCP-0045;GCP-0067;GCP-0070;GCP-0071;GCP-0072;GCP-0073;GCP-0074;GCP-0075;GCP-0076,,AWS-0019;AWS-0056;AWS-0058;AWS-0059;AWS-0060;AWS-0061;AWS-0062;AWS-0063;AWS-0123;AWS-0140;AWS-0141;AWS-0143;AWS-0342;AWS-0345;AWS-0346;AZU-0007;AZU-0008;AZU-0009;AZU-0010;AZU-0011;AZU-0012;AZU-0056;AZU-0057;AZU-0058;AZU-0059;AZU-0060;AZU-0061;GCP-0027;GCP-0029;GCP-0030;GCP-0031;GCP-0032;GCP-0033;GCP-0034;GCP-0035;GCP-0036;GCP-0037;GCP-0039;GCP-0041;GCP-0042;GCP-0043;GCP-0044;GCP-0045;GCP-0067;GCP-0070;GCP-0071;GCP-0072;GCP-0073;GCP-0074;GCP-0075;GCP-0076,
20,20260801_184700_218a59eb,True,51,51,0,0,0,0,0,0,AWS-0019;AWS-0056;AWS-0058;AWS-0059;AWS-0060;AWS-0061;AWS-0062;AWS-0063;AWS-0123;AWS-0140;AWS-0141;AWS-0143;AWS-0342;AWS-0345;AWS-0346;AZU-0007;AZU-0008;AZU-0009;AZU-0010;AZU-0011;AZU-0012;AZU-0056;AZU-0057;AZU-0058;AZU-0059;AZU-0060;AZU-0061;GCP-0027;GCP-0029;GCP-0030;GCP-0031;GCP-0032;GCP-0033;GCP-0034;GCP-0035;GCP-0036;GCP-0037;GCP-0039;GCP-0041;GCP-0042;GCP-0043;GCP-0044;GCP-0045;GCP-0067;GCP-0070;GCP-0071;GCP-0072;GCP-0073;GCP-0074;GCP-0075;GCP-0076,,AWS-0019;AWS-0056;AWS-0058;AWS-0059;AWS-0060;AWS-0061;AWS-0062;AWS-0063;AWS-0123;AWS-0140;AWS-0141;AWS-0143;AWS-0342;AWS-0345;AWS-0346;AZU-0007;AZU-0008;AZU-0009;AZU-0010;AZU-0011;AZU-0012;AZU-0056;AZU-0057;AZU-0058;AZU-0059;AZU-0060;AZU-0061;GCP-0027;GCP-0029;GCP-0030;GCP-0031;GCP-0032;GCP-0033;GCP-0034;GCP-0035;GCP-0036;GCP-0037;GCP-0039;GCP-0041;GCP-0042;GCP-0043;GCP-0044;GCP-0045;GCP-0067;GCP-0070;GCP-0071;GCP-0072;GCP-0073;GCP-0074;GCP-0075;GCP-0076,
21,20260801_185143_37f465a9,False,71,70,1,0,0,1,0,0,AWS-0008;AWS-0009;AWS-0019;AWS-0026;AWS-0027;AWS-0028;AWS-0029;AWS-0056;AWS-0058;AWS-0059;AWS-0060;AWS-0061;AWS-0062;AWS-0063;AWS-0099;AWS-0101;AWS-0102;AWS-0104;AWS-0105;AWS-0107;AWS-0122;AWS-0123;AWS-0124;AWS-0129;AWS-0130;AWS-0131;AWS-0140;AWS-0141;AWS-0143;AWS-0164;AWS-0342;AWS-0344;AWS-0345;AWS-0346;AZU-0007;AZU-0008;AZU-0009;AZU-0010;AZU-0011;AZU-0012;AZU-0056;AZU-0057;AZU-0058;AZU-0059;AZU-0060;AZU-0061;GCP-0027;GCP-0029;GCP-0030;GCP-0031;GCP-0032;GCP-0033;GCP-0034;GCP-0035;GCP-0036;GCP-0037;GCP-0039;GCP-0041;GCP-0042;GCP-0043;GCP-0044;GCP-0045;GCP-0067;GCP-0070;GCP-0071;GCP-0072;GCP-0073;GCP-0074;GCP-0075;GCP-0076,AWS-0178,AWS-0008;AWS-0009;AWS-0019;AWS-0026;AWS-0027;AWS-0028;AWS-0029;AWS-0056;AWS-0058;AWS-0059;AWS-0060;AWS-0061;AWS-0062;AWS-0063;AWS-0099;AWS-0101;AWS-0102;AWS-0104;AWS-0105;AWS-0107;AWS-0122;AWS-0123;AWS-0124;AWS-0129;AWS-0130;AWS-0131;AWS-0140;AWS-0141;AWS-0143;AWS-0164;AWS-0342;AWS-0344;AWS-0345;AWS-0346;AZU-0007;AZU-0008;AZU-0009;AZU-0010;AZU-0011;AZU-0012;AZU-0056;AZU-0057;AZU-0058;AZU-0059;AZU-0060;AZU-0061;GCP-0027;GCP-0029;GCP-0030;GCP-0031;GCP-0032;GCP-0033;GCP-0034;GCP-0035;GCP-0036;GCP-0037;GCP-0039;GCP-0041;GCP-0042;GCP-0043;GCP-0044;GCP-0045;GCP-0067;GCP-0070;GCP-0071;GCP-0072;GCP-0073;GCP-0074;GCP-0075;GCP-0076;AWS-0178,
22,20260801_191431_f569ef08,False,66,64,2,0,0,1,1,0,AWS-0011;AWS-0012;AWS-0013;AWS-0019;AWS-0056;AWS-0058;AWS-0059;AWS-0060;AWS-0061;AWS-0062;AWS-0063;AWS-0065;AWS-0086;AWS-0087;AWS-0090;AWS-0091;AWS-0092;AWS-0093;AWS-0094;AWS-0123;AWS-0132;AWS-0140;AWS-0141;AWS-0143;AWS-0320;AWS-0342;AWS-0345;AWS-0346;AZU-0007;AZU-0008;AZU-0009;AZU-0010;AZU-0011;AZU-0012;AZU-0056;AZU-0057;AZU-0058;AZU-0059;AZU-0060;AZU-0061;GCP-0027;GCP-0029;GCP-0030;GCP-0031;GCP-0032;GCP-0033;GCP-0034;GCP-0035;GCP-0036;GCP-0037;GCP-0039;GCP-0041;GCP-0042;GCP-0043;GCP-0044;GCP-0045;GCP-0067;GCP-0070;GCP-0071;GCP-0072;GCP-0073;GCP-0074;GCP-0075;GCP-0076,AWS-0010;AWS-0089,AWS-0011;AWS-0012;AWS-0013;AWS-0019;AWS-0056;AWS-0058;AWS-0059;AWS-0060;AWS-0061;AWS-0062;AWS-0063;AWS-0065;AWS-0086;AWS-0087;AWS-0090;AWS-0091;AWS-0092;AWS-0093;AWS-0094;AWS-0123;AWS-0132;AWS-0140;AWS-0141;AWS-0143;AWS-0320;AWS-0342;AWS-0345;AWS-0346;AZU-0007;AZU-0008;AZU-0009;AZU-0010;AZU-0011;AZU-0012;AZU-0056;AZU-0057;AZU-0058;AZU-0059;AZU-0060;AZU-0061;GCP-0027;GCP-0029;GCP-0030;GCP-0031;GCP-0032;GCP-0033;GCP-0034;GCP-0035;GCP-0036;GCP-0037;GCP-0039;GCP-0041;GCP-0042;GCP-0043;GCP-0044;GCP-0045;GCP-0067;GCP-0070;GCP-0071;GCP-0072;GCP-0073;GCP-0074;GCP-0075;GCP-0076;AWS-0010;AWS-0089,
23,20260801_191840_bdab8385,False,71,70,1,0,0,1,0,0,AWS-0008;AWS-0009;AWS-0019;AWS-0026;AWS-0027;AWS-0028;AWS-0029;AWS-0056;AWS-0058;AWS-0059;AWS-0060;AWS-0061;AWS-0062;AWS-0063;AWS-0099;AWS-0101;AWS-0102;AWS-0104;AWS-0105;AWS-0107;AWS-0122;AWS-0123;AWS-0124;AWS-0129;AWS-0130;AWS-0131;AWS-0140;AWS-0141;AWS-0143;AWS-0164;AWS-0342;AWS-0344;AWS-0345;AWS-0346;AZU-0007;AZU-0008;AZU-0009;AZU-0010;AZU-0011;AZU-0012;AZU-0056;AZU-0057;AZU-0058;AZU-0059;AZU-0060;AZU-0061;GCP-0027;GCP-0029;GCP-0030;GCP-0031;GCP-0032;GCP-0033;GCP-0034;GCP-0035;GCP-0036;GCP-0037;GCP-0039;GCP-0041;GCP-0042;GCP-0043;GCP-0044;GCP-0045;GCP-0067;GCP-0070;GCP-0071;GCP-0072;GCP-0073;GCP-0074;GCP-0075;GCP-0076,AWS-0178,AWS-0008;AWS-0009;AWS-0019;AWS-0026;AWS-0027;AWS-0028;AWS-0029;AWS-0056;AWS-0058;AWS-0059;AWS-0060;AWS-0061;AWS-0062;AWS-0063;AWS-0099;AWS-0101;AWS-0102;AWS-0104;AWS-0105;AWS-0107;AWS-0122;AWS-0123;AWS-0124;AWS-0129;AWS-0130;AWS-0131;AWS-0140;AWS-0141;AWS-0143;AWS-0164;AWS-0342;AWS-0344;AWS-0345;AWS-0346;AZU-0007;AZU-0008;AZU-0009;AZU-0010;AZU-0011;AZU-0012;AZU-0056;AZU-0057;AZU-0058;AZU-0059;AZU-0060;AZU-0061;GCP-0027;GCP-0029;GCP-0030;GCP-0031;GCP-0032;GCP-0033;GCP-0034;GCP-0035;GCP-0036;GCP-0037;GCP-0039;GCP-0041;GCP-0042;GCP-0043;GCP-0044;GCP-0045;GCP-0067;GCP-0070;GCP-0071;GCP-0072;GCP-0073;GCP-0074;GCP-0075;GCP-0076;AWS-0178,
24,20260801_192206_04f5017d,True,53,53,0,0,0,0,0,0,AWS-0019;AWS-0056;AWS-0058;AWS-0059;AWS-0060;AWS-0061;AWS-0062;AWS-0063;AWS-0095;AWS-0123;AWS-0136;AWS-0140;AWS-0141;AWS-0143;AWS-0342;AWS-0345;AWS-0346;AZU-0007;AZU-0008;AZU-0009;AZU-0010;AZU-0011;AZU-0012;AZU-0056;AZU-0057;AZU-0058;AZU-0059;AZU-0060;AZU-0061;GCP-0027;GCP-0029;GCP-0030;GCP-0031;GCP-0032;GCP-0033;GCP-0034;GCP-0035;GCP-0036;GCP-0037;GCP-0039;GCP-0041;GCP-0042;GCP-0043;GCP-0044;GCP-0045;GCP-0067;GCP-0070;GCP-0071;GCP-0072;GCP-0073;GCP-0074;GCP-0075;GCP-0076,,AWS-0019;AWS-0056;AWS-0058;AWS-0059;AWS-0060;AWS-0061;AWS-0062;AWS-0063;AWS-0095;AWS-0123;AWS-0136;AWS-0140;AWS-0141;AWS-0143;AWS-0342;AWS-0345;AWS-0346;AZU-0007;AZU-0008;AZU-0009;AZU-0010;AZU-0011;AZU-0012;AZU-0056;AZU-0057;AZU-0058;AZU-0059;AZU-0060;AZU-0061;GCP-0027;GCP-0029;GCP-0030;GCP-0031;GCP-0032;GCP-0033;GCP-0034;GCP-0035;GCP-0036;GCP-0037;GCP-0039;GCP-0041;GCP-0042;GCP-0043;GCP-0044;GCP-0045;GCP-0067;GCP-0070;GCP-0071;GCP-0072;GCP-0073;GCP-0074;GCP-0075;GCP-0076,
25,20260801_193311_1352e51b,True,51,51,0,0,0,0,0,0,AWS-0019;AWS-0056;AWS-0058;AWS-0059;AWS-0060;AWS-0061;AWS-0062;AWS-0063;AWS-0123;AWS-0140;AWS-0141;AWS-0143;AWS-0342;AWS-0345;AWS-0346;AZU-0007;AZU-0008;AZU-0009;AZU-0010;AZU-0011;AZU-0012;AZU-0056;AZU-0057;AZU-0058;AZU-0059;AZU-0060;AZU-0061;GCP-0027;GCP-0029;GCP-0030;GCP-0031;GCP-0032;GCP-0033;GCP-0034;GCP-0035;GCP-0036;GCP-0037;GCP-0039;GCP-0041;GCP-0042;GCP-0043;GCP-0044;GCP-0045;GCP-0067;GCP-0070;GCP-0071;GCP-0072;GCP-0073;GCP-0074;GCP-0075;GCP-0076,,AWS-0019;AWS-0056;AWS-0058;AWS-0059;AWS-0060;AWS-0061;AWS-0062;AWS-0063;AWS-0123;AWS-0140;AWS-0141;AWS-0143;AWS-0342;AWS-0345;AWS-0346;AZU-0007;AZU-0008;AZU-0009;AZU-0010;AZU-0011;AZU-0012;AZU-0056;AZU-0057;AZU-0058;AZU-0059;AZU-0060;AZU-0061;GCP-0027;GCP-0029;GCP-0030;GCP-0031;GCP-0032;GCP-0033;GCP-0034;GCP-0035;GCP-0036;GCP-0037;GCP-0039;GCP-0041;GCP-0042;GCP-0043;GCP-0044;GCP-0045;GCP-0067;GCP-0070;GCP-0071;GCP-0072;GCP-0073;GCP-0074;GCP-0075;GCP-0076,
26,20260801_193842_70961ee5,False,72,69,3,0,0,1,2,0,AWS-0008;AWS-0009;AWS-0019;AWS-0026;AWS-0027;AWS-0028;AWS-0029;AWS-0056;AWS-0058;AWS-0059;AWS-0060;AWS-0061;AWS-0062;AWS-0063;AWS-0099;AWS-0101;AWS-0102;AWS-0104;AWS-0105;AWS-0107;AWS-0122;AWS-0123;AWS-0129;AWS-0130;AWS-0131;AWS-0140;AWS-0141;AWS-0143;AWS-0164;AWS-0342;AWS-0344;AWS-0345;AWS-0346;AZU-0007;AZU-0008;AZU-0009;AZU-0010;AZU-0011;AZU-0012;AZU-0056;AZU-0057;AZU-0058;AZU-0059;AZU-0060;AZU-0061;GCP-0027;GCP-0029;GCP-0030;GCP-0031;GCP-0032;GCP-0033;GCP-0034;GCP-0035;GCP-0036;GCP-0037;GCP-0039;GCP-0041;GCP-0042;GCP-0043;GCP-0044;GCP-0045;GCP-0067;GCP-0070;GCP-0071;GCP-0072;GCP-0073;GCP-0074;GCP-0075;GCP-0076,AWS-0124;AWS-0178,AWS-0008;AWS-0009;AWS-0019;AWS-0026;AWS-0027;AWS-0028;AWS-0029;AWS-0056;AWS-0058;AWS-0059;AWS-0060;AWS-0061;AWS-0062;AWS-0063;AWS-0099;AWS-0101;AWS-0102;AWS-0104;AWS-0105;AWS-0107;AWS-0122;AWS-0123;AWS-0129;AWS-0130;AWS-0131;AWS-0140;AWS-0141;AWS-0143;AWS-0164;AWS-0342;AWS-0344;AWS-0345;AWS-0346;AZU-0007;AZU-0008;AZU-0009;AZU-0010;AZU-0011;AZU-0012;AZU-0056;AZU-0057;AZU-0058;AZU-0059;AZU-0060;AZU-0061;GCP-0027;GCP-0029;GCP-0030;GCP-0031;GCP-0032;GCP-0033;GCP-0034;GCP-0035;GCP-0036;GCP-0037;GCP-0039;GCP-0041;GCP-0042;GCP-0043;GCP-0044;GCP-0045;GCP-0067;GCP-0070;GCP-0071;GCP-0072;GCP-0073;GCP-0074;GCP-0075;GCP-0076;AWS-0124;AWS-0178,
27,20260801_194208_65bb4d7c,False,72,69,3,0,0,1,2,0,AWS-0008;AWS-0009;AWS-0019;AWS-0026;AWS-0027;AWS-0028;AWS-0029;AWS-0056;AWS-0058;AWS-0059;AWS-0060;AWS-0061;AWS-0062;AWS-0063;AWS-0099;AWS-0101;AWS-0102;AWS-0104;AWS-0105;AWS-0107;AWS-0122;AWS-0123;AWS-0129;AWS-0130;AWS-0131;AWS-0140;AWS-0141;AWS-0143;AWS-0164;AWS-0342;AWS-0344;AWS-0345;AWS-0346;AZU-0007;AZU-0008;AZU-0009;AZU-0010;AZU-0011;AZU-0012;AZU-0056;AZU-0057;AZU-0058;AZU-0059;AZU-0060;AZU-0061;GCP-0027;GCP-0029;GCP-0030;GCP-0031;GCP-0032;GCP-0033;GCP-0034;GCP-0035;GCP-0036;GCP-0037;GCP-0039;GCP-0041;GCP-0042;GCP-0043;GCP-0044;GCP-0045;GCP-0067;GCP-0070;GCP-0071;GCP-0072;GCP-0073;GCP-0074;GCP-0075;GCP-0076,AWS-0124;AWS-0178,AWS-0008;AWS-0009;AWS-0019;AWS-0026;AWS-0027;AWS-0028;AWS-0029;AWS-0056;AWS-0058;AWS-0059;AWS-0060;AWS-0061;AWS-0062;AWS-0063;AWS-0099;AWS-0101;AWS-0102;AWS-0104;AWS-0105;AWS-0107;AWS-0122;AWS-0123;AWS-0129;AWS-0130;AWS-0131;AWS-0140;AWS-0141;AWS-0143;AWS-0164;AWS-0342;AWS-0344;AWS-0345;AWS-0346;AZU-0007;AZU-0008;AZU-0009;AZU-0010;AZU-0011;AZU-0012;AZU-0056;AZU-0057;AZU-0058;AZU-0059;AZU-0060;AZU-0061;GCP-0027;GCP-0029;GCP-0030;GCP-0031;GCP-0032;GCP-0033;GCP-0034;GCP-0035;GCP-0036;GCP-0037;GCP-0039;GCP-0041;GCP-0042;GCP-0043;GCP-0044;GCP-0045;GCP-0067;GCP-0070;GCP-0071;GCP-0072;GCP-0073;GCP-0074;GCP-0075;GCP-0076;AWS-0124;AWS-0178,
28,20260801_200230_28b03f0c,False,71,70,1,0,0,1,0,0,AWS-0008;AWS-0009;AWS-0019;AWS-0026;AWS-0027;AWS-0028;AWS-0029;AWS-0056;AWS-0058;AWS-0059;AWS-0060;AWS-0061;AWS-0062;AWS-0063;AWS-0099;AWS-0101;AWS-0102;AWS-0104;AWS-0105;AWS-0107;AWS-0122;AWS-0123;AWS-0124;AWS-0129;AWS-0130;AWS-0131;AWS-0140;AWS-0141;AWS-0143;AWS-0164;AWS-0342;AWS-0344;AWS-0345;AWS-0346;AZU-0007;AZU-0008;AZU-0009;AZU-0010;AZU-0011;AZU-0012;AZU-0056;AZU-0057;AZU-0058;AZU-0059;AZU-0060;AZU-0061;GCP-0027;GCP-0029;GCP-0030;GCP-0031;GCP-0032;GCP-0033;GCP-0034;GCP-0035;GCP-0036;GCP-0037;GCP-0039;GCP-0041;GCP-0042;GCP-0043;GCP-0044;GCP-0045;GCP-0067;GCP-0070;GCP-0071;GCP-0072;GCP-0073;GCP-0074;GCP-0075;GCP-0076,AWS-0178,AWS-0008;AWS-0009;AWS-0019;AWS-0026;AWS-0027;AWS-0028;AWS-0029;AWS-0056;AWS-0058;AWS-0059;AWS-0060;AWS-0061;AWS-0062;AWS-0063;AWS-0099;AWS-0101;AWS-0102;AWS-0104;AWS-0105;AWS-0107;AWS-0122;AWS-0123;AWS-0124;AWS-0129;AWS-0130;AWS-0131;AWS-0140;AWS-0141;AWS-0143;AWS-0164;AWS-0342;AWS-0344;AWS-0345;AWS-0346;AZU-0007;AZU-0008;AZU-0009;AZU-0010;AZU-0011;AZU-0012;AZU-0056;AZU-0057;AZU-0058;AZU-0059;AZU-0060;AZU-0061;GCP-0027;GCP-0029;GCP-0030;GCP-0031;GCP-0032;GCP-0033;GCP-0034;GCP-0035;GCP-0036;GCP-0037;GCP-0039;GCP-0041;GCP-0042;GCP-0043;GCP-0044;GCP-0045;GCP-0067;GCP-0070;GCP-0071;GCP-0072;GCP-0073;GCP-0074;GCP-0075;GCP-0076;AWS-0178,
29,20260801_202112_71c1729e,True,51,51,0,0,0,0,0,0,AWS-0019;AWS-0056;AWS-0058;AWS-0059;AWS-0060;AWS-0061;AWS-0062;AWS-0063;AWS-0123;AWS-0140;AWS-0141;AWS-0143;AWS-0342;AWS-0345;AWS-0346;AZU-0007;AZU-0008;AZU-0009;AZU-0010;AZU-0011;AZU-0012;AZU-0056;AZU-0057;AZU-0058;AZU-0059;AZU-0060;AZU-0061;GCP-0027;GCP-0029;GCP-0030;GCP-0031;GCP-0032;GCP-0033;GCP-0034;GCP-0035;GCP-0036;GCP-0037;GCP-0039;GCP-0041;GCP-0042;GCP-0043;GCP-0044;GCP-0045;GCP-0067;GCP-0070;GCP-0071;GCP-0072;GCP-0073;GCP-0074;GCP-0075;GCP-0076,,AWS-0019;AWS-0056;AWS-0058;AWS-0059;AWS-0060;AWS-0061;AWS-0062;AWS-0063;AWS-0123;AWS-0140;AWS-0141;AWS-0143;AWS-0342;AWS-0345;AWS-0346;AZU-0007;AZU-0008;AZU-0009;AZU-0010;AZU-0011;AZU-0012;AZU-0056;AZU-0057;AZU-0058;AZU-0059;AZU-0060;AZU-0061;GCP-0027;GCP-0029;GCP-0030;GCP-0031;GCP-0032;GCP-0033;GCP-0034;GCP-0035;GCP-0036;GCP-0037;GCP-0039;GCP-0041;GCP-0042;GCP-0043;GCP-0044;GCP-0045;GCP-0067;GCP-0070;GCP-0071;GCP-0072;GCP-0073;GCP-0074;GCP-0075;GCP-0076,
30,20260801_202333_7878bd65,False,80,59,21,0,0,11,10,0,AWS-0019;AWS-0056;AWS-0058;AWS-0059;AWS-0060;AWS-0061;AWS-0062;AWS-0063;AWS-0086;AWS-0087;AWS-0091;AWS-0092;AWS-0093;AWS-0094;AWS-0123;AWS-0132;AWS-0140;AWS-0141;AWS-0143;AWS-0320;AWS-0342;AWS-0345;AWS-0346;AZU-0007;AZU-0008;AZU-0009;AZU-0010;AZU-0011;AZU-0012;AZU-0056;AZU-0057;AZU-0058;AZU-0059;AZU-0060;AZU-0061;GCP-0027;GCP-0029;GCP-0030;GCP-0031;GCP-0032;GCP-0033;GCP-0034;GCP-0035;GCP-0036;GCP-0037;GCP-0039;GCP-0041;GCP-0042;GCP-0043;GCP-0044;GCP-0045;GCP-0067;GCP-0070;GCP-0071;GCP-0072;GCP-0073;GCP-0074;GCP-0075;GCP-0076,AWS-0065;AWS-0089;AWS-0090,AWS-0019;AWS-0056;AWS-0058;AWS-0059;AWS-0060;AWS-0061;AWS-0062;AWS-0063;AWS-0086;AWS-0087;AWS-0091;AWS-0092;AWS-0093;AWS-0094;AWS-0123;AWS-0132;AWS-0140;AWS-0141;AWS-0143;AWS-0320;AWS-0342;AWS-0345;AWS-0346;AZU-0007;AZU-0008;AZU-0009;AZU-0010;AZU-0011;AZU-0012;AZU-0056;AZU-0057;AZU-0058;AZU-0059;AZU-0060;AZU-0061;GCP-0027;GCP-0029;GCP-0030;GCP-0031;GCP-0032;GCP-0033;GCP-0034;GCP-0035;GCP-0036;GCP-0037;GCP-0039;GCP-0041;GCP-0042;GCP-0043;GCP-0044;GCP-0045;GCP-0067;GCP-0070;GCP-0071;GCP-0072;GCP-0073;GCP-0074;GCP-0075;GCP-0076;AWS-0065;AWS-0089;AWS-0090,
31,20260801_203612_a02c9274,False,62,60,2,0,0,0,2,0,AWS-0019;AWS-0056;AWS-0058;AWS-0059;AWS-0060;AWS-0061;AWS-0062;AWS-0063;AWS-0065;AWS-0086;AWS-0087;AWS-0090;AWS-0091;AWS-0092;AWS-0093;AWS-0094;AWS-0123;AWS-0132;AWS-0140;AWS-0141;AWS-0320;AWS-0342;AWS-0345;AWS-0346;AZU-0007;AZU-0008;AZU-0009;AZU-0010;AZU-0011;AZU-0012;AZU-0056;AZU-0057;AZU-0058;AZU-0059;AZU-0060;AZU-0061;GCP-0027;GCP-0029;GCP-0030;GCP-0031;GCP-0032;GCP-0033;GCP-0034;GCP-0035;GCP-0036;GCP-0037;GCP-0039;GCP-0041;GCP-0042;GCP-0043;GCP-0044;GCP-0045;GCP-0067;GCP-0070;GCP-0071;GCP-0072;GCP-0073;GCP-0074;GCP-0075;GCP-0076,AWS-0089;AWS-0143,AWS-0019;AWS-0056;AWS-0058;AWS-0059;AWS-0060;AWS-0061;AWS-0062;AWS-0063;AWS-0065;AWS-0086;AWS-0087;AWS-0090;AWS-0091;AWS-0092;AWS-0093;AWS-0094;AWS-0123;AWS-0132;AWS-0140;AWS-0141;AWS-0320;AWS-0342;AWS-0345;AWS-0346;AZU-0007;AZU-0008;AZU-0009;AZU-0010;AZU-0011;AZU-0012;AZU-0056;AZU-0057;AZU-0058;AZU-0059;AZU-0060;AZU-0061;GCP-0027;GCP-0029;GCP-0030;GCP-0031;GCP-0032;GCP-0033;GCP-0034;GCP-0035;GCP-0036;GCP-0037;GCP-0039;GCP-0041;GCP-0042;GCP-0043;GCP-0044;GCP-0045;GCP-0067;GCP-0070;GCP-0071;GCP-0072;GCP-0073;GCP-0074;GCP-0075;GCP-0076;AWS-0089;AWS-0143,
32,20260801_204502_0db281fe,True,51,51,0,0,0,0,0,0,AWS-0019;AWS-0056;AWS-0058;AWS-0059;AWS-0060;AWS-0061;AWS-0062;AWS-0063;AWS-0123;AWS-0140;AWS-0141;AWS-0143;AWS-0342;AWS-0345;AWS-0346;AZU-0007;AZU-0008;AZU-0009;AZU-0010;AZU-0011;AZU-0012;AZU-0056;AZU-0057;AZU-0058;AZU-0059;AZU-0060;AZU-0061;GCP-0027;GCP-0029;GCP-0030;GCP-0031;GCP-0032;GCP-0033;GCP-0034;GCP-0035;GCP-0036;GCP-0037;GCP-0039;GCP-0041;GCP-0042;GCP-0043;GCP-0044;GCP-0045;GCP-0067;GCP-0070;GCP-0071;GCP-0072;GCP-0073;GCP-0074;GCP-0075;GCP-0076,,AWS-0019;AWS-0056;AWS-0058;AWS-0059;AWS-0060;AWS-0061;AWS-0062;AWS-0063;AWS-0123;AWS-0140;AWS-0141;AWS-0143;AWS-0342;AWS-0345;AWS-0346;AZU-0007;AZU-0008;AZU-0009;AZU-0010;AZU-0011;AZU-0012;AZU-0056;AZU-0057;AZU-0058;AZU-0059;AZU-0060;AZU-0061;GCP-0027;GCP-0029;GCP-0030;GCP-0031;GCP-0032;GCP-0033;GCP-0034;GCP-0035;GCP-0036;GCP-0037;GCP-0039;GCP-0041;GCP-0042;GCP-0043;GCP-0044;GCP-0045;GCP-0067;GCP-0070;GCP-0071;GCP-0072;GCP-0073;GCP-0074;GCP-0075;GCP-0076,
33,20260801_205119_11398680,True,51,51,0,0,0,0,0,0,AWS-0019;AWS-0056;AWS-0058;AWS-0059;AWS-0060;AWS-0061;AWS-0062;AWS-0063;AWS-0123;AWS-0140;AWS-0141;AWS-0143;AWS-0342;AWS-0345;AWS-0346;AZU-0007;AZU-0008;AZU-0009;AZU-0010;AZU-0011;AZU-0012;AZU-0056;AZU-0057;AZU-0058;AZU-0059;AZU-0060;AZU-0061;GCP-0027;GCP-0029;GCP-0030;GCP-0031;GCP-0032;GCP-0033;GCP-0034;GCP-0035;GCP-0036;GCP-0037;GCP-0039;GCP-0041;GCP-0042;GCP-0043;GCP-0044;GCP-0045;GCP-0067;GCP-0070;GCP-0071;GCP-0072;GCP-0073;GCP-0074;GCP-0075;GCP-0076,,AWS-0019;AWS-0056;AWS-0058;AWS-0059;AWS-0060;AWS-0061;AWS-0062;AWS-0063;AWS-0123;AWS-0140;AWS-0141;AWS-0143;AWS-0342;AWS-0345;AWS-0346;AZU-0007;AZU-0008;AZU-0009;AZU-0010;AZU-0011;AZU-0012;AZU-0056;AZU-0057;AZU-0058;AZU-0059;AZU-0060;AZU-0061;GCP-0027;GCP-0029;GCP-0030;GCP-0031;GCP-0032;GCP-0033;GCP-0034;GCP-0035;GCP-0036;GCP-0037;GCP-0039;GCP-0041;GCP-0042;GCP-0043;GCP-0044;GCP-0045;GCP-0067;GCP-0070;GCP-0071;GCP-0072;GCP-0073;GCP-0074;GCP-0075;GCP-0076,
34,20260801_210439_1004c6dd,False,66,62,4,0,0,3,1,0,AWS-0011;AWS-0012;AWS-0013;AWS-0019;AWS-0056;AWS-0058;AWS-0059;AWS-0060;AWS-0061;AWS-0062;AWS-0063;AWS-0065;AWS-0086;AWS-0087;AWS-0091;AWS-0092;AWS-0093;AWS-0094;AWS-0123;AWS-0132;AWS-0140;AWS-0141;AWS-0143;AWS-0342;AWS-0345;AWS-0346;AZU-0007;AZU-0008;AZU-0009;AZU-0010;AZU-0011;AZU-0012;AZU-0056;AZU-0057;AZU-0058;AZU-0059;AZU-0060;AZU-0061;GCP-0027;GCP-0029;GCP-0030;GCP-0031;GCP-0032;GCP-0033;GCP-0034;GCP-0035;GCP-0036;GCP-0037;GCP-0039;GCP-0041;GCP-0042;GCP-0043;GCP-0044;GCP-0045;GCP-0067;GCP-0070;GCP-0071;GCP-0072;GCP-0073;GCP-0074;GCP-0075;GCP-0076,AWS-0010;AWS-0089;AWS-0090;AWS-0320,AWS-0011;AWS-0012;AWS-0013;AWS-0019;AWS-0056;AWS-0058;AWS-0059;AWS-0060;AWS-0061;AWS-0062;AWS-0063;AWS-0065;AWS-0086;AWS-0087;AWS-0091;AWS-0092;AWS-0093;AWS-0094;AWS-0123;AWS-0132;AWS-0140;AWS-0141;AWS-0143;AWS-0342;AWS-0345;AWS-0346;AZU-0007;AZU-0008;AZU-0009;AZU-0010;AZU-0011;AZU-0012;AZU-0056;AZU-0057;AZU-0058;AZU-0059;AZU-0060;AZU-0061;GCP-0027;GCP-0029;GCP-0030;GCP-0031;GCP-0032;GCP-0033;GCP-0034;GCP-0035;GCP-0036;GCP-0037;GCP-0039;GCP-0041;GCP-0042;GCP-0043;GCP-0044;GCP-0045;GCP-0067;GCP-0070;GCP-0071;GCP-0072;GCP-0073;GCP-0074;GCP-0075;GCP-0076;AWS-0010;AWS-0089;AWS-0090;AWS-0320,
35,20260801_211539_1a25e7cb,True,51,51,0,0,0,0,0,0,AWS-0019;AWS-0056;AWS-0058;AWS-0059;AWS-0060;AWS-0061;AWS-0062;AWS-0063;AWS-0123;AWS-0140;AWS-0141;AWS-0143;AWS-0342;AWS-0345;AWS-0346;AZU-0007;AZU-0008;AZU-0009;AZU-0010;AZU-0011;AZU-0012;AZU-0056;AZU-0057;AZU-0058;AZU-0059;AZU-0060;AZU-0061;GCP-0027;GCP-0029;GCP-0030;GCP-0031;GCP-0032;GCP-0033;GCP-0034;GCP-0035;GCP-0036;GCP-0037;GCP-0039;GCP-0041;GCP-0042;GCP-0043;GCP-0044;GCP-0045;GCP-0067;GCP-0070;GCP-0071;GCP-0072;GCP-0073;GCP-0074;GCP-0075;GCP-0076,,AWS-0019;AWS-0056;AWS-0058;AWS-0059;AWS-0060;AWS-0061;AWS-0062;AWS-0063;AWS-0123;AWS-0140;AWS-0141;AWS-0143;AWS-0342;AWS-0345;AWS-0346;AZU-0007;AZU-0008;AZU-0009;AZU-0010;AZU-0011;AZU-0012;AZU-0056;AZU-0057;AZU-0058;AZU-0059;AZU-0060;AZU-0061;GCP-0027;GCP-0029;GCP-0030;GCP-0031;GCP-0032;GCP-0033;GCP-0034;GCP-0035;GCP-0036;GCP-0037;GCP-0039;GCP-0041;GCP-0042;GCP-0043;GCP-0044;GCP-0045;GCP-0067;GCP-0070;GCP-0071;GCP-0072;GCP-0073;GCP-0074;GCP-0075;GCP-0076,
36,20260801_211830_c5d59613,True,54,54,0,0,0,0,0,0,AWS-0019;AWS-0056;AWS-0058;AWS-0059;AWS-0060;AWS-0061;AWS-0062;AWS-0063;AWS-0065;AWS-0095;AWS-0123;AWS-0136;AWS-0140;AWS-0141;AWS-0143;AWS-0342;AWS-0345;AWS-0346;AZU-0007;AZU-0008;AZU-0009;AZU-0010;AZU-0011;AZU-0012;AZU-0056;AZU-0057;AZU-0058;AZU-0059;AZU-0060;AZU-0061;GCP-0027;GCP-0029;GCP-0030;GCP-0031;GCP-0032;GCP-0033;GCP-0034;GCP-0035;GCP-0036;GCP-0037;GCP-0039;GCP-0041;GCP-0042;GCP-0043;GCP-0044;GCP-0045;GCP-0067;GCP-0070;GCP-0071;GCP-0072;GCP-0073;GCP-0074;GCP-0075;GCP-0076,,AWS-0019;AWS-0056;AWS-0058;AWS-0059;AWS-0060;AWS-0061;AWS-0062;AWS-0063;AWS-0065;AWS-0095;AWS-0123;AWS-0136;AWS-0140;AWS-0141;AWS-0143;AWS-0342;AWS-0345;AWS-0346;AZU-0007;AZU-0008;AZU-0009;AZU-0010;AZU-0011;AZU-0012;AZU-0056;AZU-0057;AZU-0058;AZU-0059;AZU-0060;AZU-0061;GCP-0027;GCP-0029;GCP-0030;GCP-0031;GCP-0032;GCP-0033;GCP-0034;GCP-0035;GCP-0036;GCP-0037;GCP-0039;GCP-0041;GCP-0042;GCP-0043;GCP-0044;GCP-0045;GCP-0067;GCP-0070;GCP-0071;GCP-0072;GCP-0073;GCP-0074;GCP-0075;GCP-0076,
37,20260801_213108_f01c1066,True,51,51,0,0,0,0,0,0,AWS-0019;AWS-0056;AWS-0058;AWS-0059;AWS-0060;AWS-0061;AWS-0062;AWS-0063;AWS-0123;AWS-0140;AWS-0141;AWS-0143;AWS-0342;AWS-0345;AWS-0346;AZU-0007;AZU-0008;AZU-0009;AZU-0010;AZU-0011;AZU-0012;AZU-0056;AZU-0057;AZU-0058;AZU-0059;AZU-0060;AZU-0061;GCP-0027;GCP-0029;GCP-0030;GCP-0031;GCP-0032;GCP-0033;GCP-0034;GCP-0035;GCP-0036;GCP-0037;GCP-0039;GCP-0041;GCP-0042;GCP-0043;GCP-0044;GCP-0045;GCP-0067;GCP-0070;GCP-0071;GCP-0072;GCP-0073;GCP-0074;GCP-0075;GCP-0076,,AWS-0019;AWS-0056;AWS-0058;AWS-0059;AWS-0060;AWS-0061;AWS-0062;AWS-0063;AWS-0123;AWS-0140;AWS-0141;AWS-0143;AWS-0342;AWS-0345;AWS-0346;AZU-0007;AZU-0008;AZU-0009;AZU-0010;AZU-0011;AZU-0012;AZU-0056;AZU-0057;AZU-0058;AZU-0059;AZU-0060;AZU-0061;GCP-0027;GCP-0029;GCP-0030;GCP-0031;GCP-0032;GCP-0033;GCP-0034;GCP-0035;GCP-0036;GCP-0037;GCP-0039;GCP-0041;GCP-0042;GCP-0043;GCP-0044;GCP-0045;GCP-0067;GCP-0070;GCP-0071;GCP-0072;GCP-0073;GCP-0074;GCP-0075;GCP-0076,
38,20260801_213505_6b054846,False,53,50,3,0,0,3,0,0,AWS-0019;AWS-0056;AWS-0058;AWS-0059;AWS-0060;AWS-0061;AWS-0062;AWS-0063;AWS-0140;AWS-0141;AWS-0143;AWS-0342;AWS-0345;AWS-0346;AZU-0007;AZU-0008;AZU-0009;AZU-0010;AZU-0011;AZU-0012;AZU-0056;AZU-0057;AZU-0058;AZU-0059;AZU-0060;AZU-0061;GCP-0027;GCP-0029;GCP-0030;GCP-0031;GCP-0032;GCP-0033;GCP-0034;GCP-0035;GCP-0036;GCP-0037;GCP-0039;GCP-0041;GCP-0042;GCP-0043;GCP-0044;GCP-0045;GCP-0067;GCP-0070;GCP-0071;GCP-0072;GCP-0073;GCP-0074;GCP-0075;GCP-0076,AWS-0123,AWS-0019;AWS-0056;AWS-0058;AWS-0059;AWS-0060;AWS-0061;AWS-0062;AWS-0063;AWS-0140;AWS-0141;AWS-0143;AWS-0342;AWS-0345;AWS-0346;AZU-0007;AZU-0008;AZU-0009;AZU-0010;AZU-0011;AZU-0012;AZU-0056;AZU-0057;AZU-0058;AZU-0059;AZU-0060;AZU-0061;GCP-0027;GCP-0029;GCP-0030;GCP-0031;GCP-0032;GCP-0033;GCP-0034;GCP-0035;GCP-0036;GCP-0037;GCP-0039;GCP-0041;GCP-0042;GCP-0043;GCP-0044;GCP-0045;GCP-0067;GCP-0070;GCP-0071;GCP-0072;GCP-0073;GCP-0074;GCP-0075;GCP-0076;AWS-0123,
39,20260801_214055_e901accb,True,51,51,0,0,0,0,0,0,AWS-0019;AWS-0056;AWS-0058;AWS-0059;AWS-0060;AWS-0061;AWS-0062;AWS-0063;AWS-0123;AWS-0140;AWS-0141;AWS-0143;AWS-0342;AWS-0345;AWS-0346;AZU-0007;AZU-0008;AZU-0009;AZU-0010;AZU-0011;AZU-0012;AZU-0056;AZU-0057;AZU-0058;AZU-0059;AZU-0060;AZU-0061;GCP-0027;GCP-0029;GCP-0030;GCP-0031;GCP-0032;GCP-0033;GCP-0034;GCP-0035;GCP-0036;GCP-0037;GCP-0039;GCP-0041;GCP-0042;GCP-0043;GCP-0044;GCP-0045;GCP-0067;GCP-0070;GCP-0071;GCP-0072;GCP-0073;GCP-0074;GCP-0075;GCP-0076,,AWS-0019;AWS-0056;AWS-0058;AWS-0059;AWS-0060;AWS-0061;AWS-0062;AWS-0063;AWS-0123;AWS-0140;AWS-0141;AWS-0143;AWS-0342;AWS-0345;AWS-0346;AZU-0007;AZU-0008;AZU-0009;AZU-0010;AZU-0011;AZU-0012;AZU-0056;AZU-0057;AZU-0058;AZU-0059;AZU-0060;AZU-0061;GCP-0027;GCP-0029;GCP-0030;GCP-0031;GCP-0032;GCP-0033;GCP-0034;GCP-0035;GCP-0036;GCP-0037;GCP-0039;GCP-0041;GCP-0042;GCP-0043;GCP-0044;GCP-0045;GCP-0067;GCP-0070;GCP-0071;GCP-0072;GCP-0073;GCP-0074;GCP-0075;GCP-0076,
40,20260801_222934_d99aa17c,False,52,51,1,0,0,1,0,0,AWS-0019;AWS-0056;AWS-0058;AWS-0059;AWS-0060;AWS-0061;AWS-0062;AWS-0063;AWS-0123;AWS-0140;AWS-0141;AWS-0143;AWS-0342;AWS-0345;AWS-0346;AZU-0007;AZU-0008;AZU-0009;AZU-0010;AZU-0011;AZU-0012;AZU-0056;AZU-0057;AZU-0058;AZU-0059;AZU-0060;AZU-0061;GCP-0027;GCP-0029;GCP-0030;GCP-0031;GCP-0032;GCP-0033;GCP-0034;GCP-0035;GCP-0036;GCP-0037;GCP-0039;GCP-0041;GCP-0042;GCP-0043;GCP-0044;GCP-0045;GCP-0067;GCP-0070;GCP-0071;GCP-0072;GCP-0073;GCP-0074;GCP-0075;GCP-0076,AWS-0065,AWS-0019;AWS-0056;AWS-0058;AWS-0059;AWS-0060;AWS-0061;AWS-0062;AWS-0063;AWS-0123;AWS-0140;AWS-0141;AWS-0143;AWS-0342;AWS-0345;AWS-0346;AZU-0007;AZU-0008;AZU-0009;AZU-0010;AZU-0011;AZU-0012;AZU-0056;AZU-0057;AZU-0058;AZU-0059;AZU-0060;AZU-0061;GCP-0027;GCP-0029;GCP-0030;GCP-0031;GCP-0032;GCP-0033;GCP-0034;GCP-0035;GCP-0036;GCP-0037;GCP-0039;GCP-0041;GCP-0042;GCP-0043;GCP-0044;GCP-0045;GCP-0067;GCP-0070;GCP-0071;GCP-0072;GCP-0073;GCP-0074;GCP-0075;GCP-0076;AWS-0065,
41,20260801_223253_62b3f3b1,True,51,51,0,0,0,0,0,0,AWS-0019;AWS-0056;AWS-0058;AWS-0059;AWS-0060;AWS-0061;AWS-0062;AWS-0063;AWS-0123;AWS-0140;AWS-0141;AWS-0143;AWS-0342;AWS-0345;AWS-0346;AZU-0007;AZU-0008;AZU-0009;AZU-0010;AZU-0011;AZU-0012;AZU-0056;AZU-0057;AZU-0058;AZU-0059;AZU-0060;AZU-0061;GCP-0027;GCP-0029;GCP-0030;GCP-0031;GCP-0032;GCP-0033;GCP-0034;GCP-0035;GCP-0036;GCP-0037;GCP-0039;GCP-0041;GCP-0042;GCP-0043;GCP-0044;GCP-0045;GCP-0067;GCP-0070;GCP-0071;GCP-0072;GCP-0073;GCP-0074;GCP-0075;GCP-0076,,AWS-0019;AWS-0056;AWS-0058;AWS-0059;AWS-0060;AWS-0061;AWS-0062;AWS-0063;AWS-0123;AWS-0140;AWS-0141;AWS-0143;AWS-0342;AWS-0345;AWS-0346;AZU-0007;AZU-0008;AZU-0009;AZU-0010;AZU-0011;AZU-0012;AZU-0056;AZU-0057;AZU-0058;AZU-0059;AZU-0060;AZU-0061;GCP-0027;GCP-0029;GCP-0030;GCP-0031;GCP-0032;GCP-0033;GCP-0034;GCP-0035;GCP-0036;GCP-0037;GCP-0039;GCP-0041;GCP-0042;GCP-0043;GCP-0044;GCP-0045;GCP-0067;GCP-0070;GCP-0071;GCP-0072;GCP-0073;GCP-0074;GCP-0075;GCP-0076,
42,20260801_223610_b44f999b,False,56,55,1,0,0,0,1,0,AWS-0019;AWS-0056;AWS-0058;AWS-0059;AWS-0060;AWS-0061;AWS-0062;AWS-0063;AWS-0065;AWS-0067;AWS-0095;AWS-0123;AWS-0136;AWS-0140;AWS-0141;AWS-0143;AWS-0342;AWS-0345;AWS-0346;AZU-0007;AZU-0008;AZU-0009;AZU-0010;AZU-0011;AZU-0012;AZU-0056;AZU-0057;AZU-0058;AZU-0059;AZU-0060;AZU-0061;GCP-0027;GCP-0029;GCP-0030;GCP-0031;GCP-0032;GCP-0033;GCP-0034;GCP-0035;GCP-0036;GCP-0037;GCP-0039;GCP-0041;GCP-0042;GCP-0043;GCP-0044;GCP-0045;GCP-0067;GCP-0070;GCP-0071;GCP-0072;GCP-0073;GCP-0074;GCP-0075;GCP-0076,AWS-0066,AWS-0019;AWS-0056;AWS-0058;AWS-0059;AWS-0060;AWS-0061;AWS-0062;AWS-0063;AWS-0065;AWS-0067;AWS-0095;AWS-0123;AWS-0136;AWS-0140;AWS-0141;AWS-0143;AWS-0342;AWS-0345;AWS-0346;AZU-0007;AZU-0008;AZU-0009;AZU-0010;AZU-0011;AZU-0012;AZU-0056;AZU-0057;AZU-0058;AZU-0059;AZU-0060;AZU-0061;GCP-0027;GCP-0029;GCP-0030;GCP-0031;GCP-0032;GCP-0033;GCP-0034;GCP-0035;GCP-0036;GCP-0037;GCP-0039;GCP-0041;GCP-0042;GCP-0043;GCP-0044;GCP-0045;GCP-0067;GCP-0070;GCP-0071;GCP-0072;GCP-0073;GCP-0074;GCP-0075;GCP-0076;AWS-0066,
43,20260801_224551_af3c87b0,False,65,63,2,0,0,1,1,0,AWS-0019;AWS-0023;AWS-0056;AWS-0058;AWS-0059;AWS-0060;AWS-0061;AWS-0062;AWS-0063;AWS-0065;AWS-0086;AWS-0087;AWS-0089;AWS-0090;AWS-0091;AWS-0092;AWS-0093;AWS-0094;AWS-0123;AWS-0132;AWS-0140;AWS-0141;AWS-0143;AWS-0320;AWS-0342;AWS-0345;AWS-0346;AZU-0007;AZU-0008;AZU-0009;AZU-0010;AZU-0011;AZU-0012;AZU-0056;AZU-0057;AZU-0058;AZU-0059;AZU-0060;AZU-0061;GCP-0027;GCP-0029;GCP-0030;GCP-0031;GCP-0032;GCP-0033;GCP-0034;GCP-0035;GCP-0036;GCP-0037;GCP-0039;GCP-0041;GCP-0042;GCP-0043;GCP-0044;GCP-0045;GCP-0067;GCP-0070;GCP-0071;GCP-0072;GCP-0073;GCP-0074;GCP-0075;GCP-0076,AWS-0024;AWS-0025,AWS-0019;AWS-0023;AWS-0056;AWS-0058;AWS-0059;AWS-0060;AWS-0061;AWS-0062;AWS-0063;AWS-0065;AWS-0086;AWS-0087;AWS-0089;AWS-0090;AWS-0091;AWS-0092;AWS-0093;AWS-0094;AWS-0123;AWS-0132;AWS-0140;AWS-0141;AWS-0143;AWS-0320;AWS-0342;AWS-0345;AWS-0346;AZU-0007;AZU-0008;AZU-0009;AZU-0010;AZU-0011;AZU-0012;AZU-0056;AZU-0057;AZU-0058;AZU-0059;AZU-0060;AZU-0061;GCP-0027;GCP-0029;GCP-0030;GCP-0031;GCP-0032;GCP-0033;GCP-0034;GCP-0035;GCP-0036;GCP-0037;GCP-0039;GCP-0041;GCP-0042;GCP-0043;GCP-0044;GCP-0045;GCP-0067;GCP-0070;GCP-0071;GCP-0072;GCP-0073;GCP-0074;GCP-0075;GCP-0076;AWS-0024;AWS-0025,
44,20260801_225235_8f00bd74,False,65,62,3,0,0,1,2,0,AWS-0019;AWS-0023;AWS-0056;AWS-0058;AWS-0059;AWS-0060;AWS-0061;AWS-0062;AWS-0063;AWS-0065;AWS-0086;AWS-0087;AWS-0090;AWS-0091;AWS-0092;AWS-0093;AWS-0094;AWS-0123;AWS-0132;AWS-0140;AWS-0141;AWS-0143;AWS-0320;AWS-0342;AWS-0345;AWS-0346;AZU-0007;AZU-0008;AZU-0009;AZU-0010;AZU-0011;AZU-0012;AZU-0056;AZU-0057;AZU-0058;AZU-0059;AZU-0060;AZU-0061;GCP-0027;GCP-0029;GCP-0030;GCP-0031;GCP-0032;GCP-0033;GCP-0034;GCP-0035;GCP-0036;GCP-0037;GCP-0039;GCP-0041;GCP-0042;GCP-0043;GCP-0044;GCP-0045;GCP-0067;GCP-0070;GCP-0071;GCP-0072;GCP-0073;GCP-0074;GCP-0075;GCP-0076,AWS-0024;AWS-0025;AWS-0089,AWS-0019;AWS-0023;AWS-0056;AWS-0058;AWS-0059;AWS-0060;AWS-0061;AWS-0062;AWS-0063;AWS-0065;AWS-0086;AWS-0087;AWS-0090;AWS-0091;AWS-0092;AWS-0093;AWS-0094;AWS-0123;AWS-0132;AWS-0140;AWS-0141;AWS-0143;AWS-0320;AWS-0342;AWS-0345;AWS-0346;AZU-0007;AZU-0008;AZU-0009;AZU-0010;AZU-0011;AZU-0012;AZU-0056;AZU-0057;AZU-0058;AZU-0059;AZU-0060;AZU-0061;GCP-0027;GCP-0029;GCP-0030;GCP-0031;GCP-0032;GCP-0033;GCP-0034;GCP-0035;GCP-0036;GCP-0037;GCP-0039;GCP-0041;GCP-0042;GCP-0043;GCP-0044;GCP-0045;GCP-0067;GCP-0070;GCP-0071;GCP-0072;GCP-0073;GCP-0074;GCP-0075;GCP-0076;AWS-0024;AWS-0025;AWS-0089,
45,20260801_225616_19803412,True,51,51,0,0,0,0,0,0,AWS-0019;AWS-0056;AWS-0058;AWS-0059;AWS-0060;AWS-0061;AWS-0062;AWS-0063;AWS-0123;AWS-0140;AWS-0141;AWS-0143;AWS-0342;AWS-0345;AWS-0346;AZU-0007;AZU-0008;AZU-0009;AZU-0010;AZU-0011;AZU-0012;AZU-0056;AZU-0057;AZU-0058;AZU-0059;AZU-0060;AZU-0061;GCP-0027;GCP-0029;GCP-0030;GCP-0031;GCP-0032;GCP-0033;GCP-0034;GCP-0035;GCP-0036;GCP-0037;GCP-0039;GCP-0041;GCP-0042;GCP-0043;GCP-0044;GCP-0045;GCP-0067;GCP-0070;GCP-0071;GCP-0072;GCP-0073;GCP-0074;GCP-0075;GCP-0076,,AWS-0019;AWS-0056;AWS-0058;AWS-0059;AWS-0060;AWS-0061;AWS-0062;AWS-0063;AWS-0123;AWS-0140;AWS-0141;AWS-0143;AWS-0342;AWS-0345;AWS-0346;AZU-0007;AZU-0008;AZU-0009;AZU-0010;AZU-0011;AZU-0012;AZU-0056;AZU-0057;AZU-0058;AZU-0059;AZU-0060;AZU-0061;GCP-0027;GCP-0029;GCP-0030;GCP-0031;GCP-0032;GCP-0033;GCP-0034;GCP-0035;GCP-0036;GCP-0037;GCP-0039;GCP-0041;GCP-0042;GCP-0043;GCP-0044;GCP-0045;GCP-0067;GCP-0070;GCP-0071;GCP-0072;GCP-0073;GCP-0074;GCP-0075;GCP-0076,
46,20260801_230158_fba82175,True,51,51,0,0,0,0,0,0,AWS-0019;AWS-0056;AWS-0058;AWS-0059;AWS-0060;AWS-0061;AWS-0062;AWS-0063;AWS-0123;AWS-0140;AWS-0141;AWS-0143;AWS-0342;AWS-0345;AWS-0346;AZU-0007;AZU-0008;AZU-0009;AZU-0010;AZU-0011;AZU-0012;AZU-0056;AZU-0057;AZU-0058;AZU-0059;AZU-0060;AZU-0061;GCP-0027;GCP-0029;GCP-0030;GCP-0031;GCP-0032;GCP-0033;GCP-0034;GCP-0035;GCP-0036;GCP-0037;GCP-0039;GCP-0041;GCP-0042;GCP-0043;GCP-0044;GCP-0045;GCP-0067;GCP-0070;GCP-0071;GCP-0072;GCP-0073;GCP-0074;GCP-0075;GCP-0076,,AWS-0019;AWS-0056;AWS-0058;AWS-0059;AWS-0060;AWS-0061;AWS-0062;AWS-0063;AWS-0123;AWS-0140;AWS-0141;AWS-0143;AWS-0342;AWS-0345;AWS-0346;AZU-0007;AZU-0008;AZU-0009;AZU-0010;AZU-0011;AZU-0012;AZU-0056;AZU-0057;AZU-0058;AZU-0059;AZU-0060;AZU-0061;GCP-0027;GCP-0029;GCP-0030;GCP-0031;GCP-0032;GCP-0033;GCP-0034;GCP-0035;GCP-0036;GCP-0037;GCP-0039;GCP-0041;GCP-0042;GCP-0043;GCP-0044;GCP-0045;GCP-0067;GCP-0070;GCP-0071;GCP-0072;GCP-0073;GCP-0074;GCP-0075;GCP-0076,
47,20260801_230723_05c0d359,False,71,70,1,0,0,1,0,0,AWS-0008;AWS-0009;AWS-0019;AWS-0026;AWS-0027;AWS-0028;AWS-0029;AWS-0056;AWS-0058;AWS-0059;AWS-0060;AWS-0061;AWS-0062;AWS-0063;AWS-0099;AWS-0101;AWS-0102;AWS-0104;AWS-0105;AWS-0107;AWS-0122;AWS-0123;AWS-0124;AWS-0129;AWS-0130;AWS-0131;AWS-0140;AWS-0141;AWS-0143;AWS-0164;AWS-0342;AWS-0344;AWS-0345;AWS-0346;AZU-0007;AZU-0008;AZU-0009;AZU-0010;AZU-0011;AZU-0012;AZU-0056;AZU-0057;AZU-0058;AZU-0059;AZU-0060;AZU-0061;GCP-0027;GCP-0029;GCP-0030;GCP-0031;GCP-0032;GCP-0033;GCP-0034;GCP-0035;GCP-0036;GCP-0037;GCP-0039;GCP-0041;GCP-0042;GCP-0043;GCP-0044;GCP-0045;GCP-0067;GCP-0070;GCP-0071;GCP-0072;GCP-0073;GCP-0074;GCP-0075;GCP-0076,AWS-0178,AWS-0008;AWS-0009;AWS-0019;AWS-0026;AWS-0027;AWS-0028;AWS-0029;AWS-0056;AWS-0058;AWS-0059;AWS-0060;AWS-0061;AWS-0062;AWS-0063;AWS-0099;AWS-0101;AWS-0102;AWS-0104;AWS-0105;AWS-0107;AWS-0122;AWS-0123;AWS-0124;AWS-0129;AWS-0130;AWS-0131;AWS-0140;AWS-0141;AWS-0143;AWS-0164;AWS-0342;AWS-0344;AWS-0345;AWS-0346;AZU-0007;AZU-0008;AZU-0009;AZU-0010;AZU-0011;AZU-0012;AZU-0056;AZU-0057;AZU-0058;AZU-0059;AZU-0060;AZU-0061;GCP-0027;GCP-0029;GCP-0030;GCP-0031;GCP-0032;GCP-0033;GCP-0034;GCP-0035;GCP-0036;GCP-0037;GCP-0039;GCP-0041;GCP-0042;GCP-0043;GCP-0044;GCP-0045;GCP-0067;GCP-0070;GCP-0071;GCP-0072;GCP-0073;GCP-0074;GCP-0075;GCP-0076;AWS-0178,
48,20260801_231148_c21dee8e,False,85,83,2,0,1,1,0,0,AWS-0008;AWS-0009;AWS-0019;AWS-0026;AWS-0027;AWS-0028;AWS-0029;AWS-0047;AWS-0052;AWS-0054;AWS-0056;AWS-0058;AWS-0059;AWS-0060;AWS-0061;AWS-0062;AWS-0063;AWS-0086;AWS-0087;AWS-0089;AWS-0090;AWS-0091;AWS-0092;AWS-0093;AWS-0094;AWS-0099;AWS-0101;AWS-0102;AWS-0104;AWS-0105;AWS-0107;AWS-0122;AWS-0123;AWS-0124;AWS-0129;AWS-0130;AWS-0131;AWS-0132;AWS-0140;AWS-0141;AWS-0143;AWS-0164;AWS-0320;AWS-0342;AWS-0344;AWS-0345;AWS-0346;AZU-0007;AZU-0008;AZU-0009;AZU-0010;AZU-0011;AZU-0012;AZU-0056;AZU-0057;AZU-0058;AZU-0059;AZU-0060;AZU-0061;GCP-0027;GCP-0029;GCP-0030;GCP-0031;GCP-0032;GCP-0033;GCP-0034;GCP-0035;GCP-0036;GCP-0037;GCP-0039;GCP-0041;GCP-0042;GCP-0043;GCP-0044;GCP-0045;GCP-0067;GCP-0070;GCP-0071;GCP-0072;GCP-0073;GCP-0074;GCP-0075;GCP-0076,AWS-0053;AWS-0178,AWS-0008;AWS-0009;AWS-0019;AWS-0026;AWS-0027;AWS-0028;AWS-0029;AWS-0047;AWS-0052;AWS-0054;AWS-0056;AWS-0058;AWS-0059;AWS-0060;AWS-0061;AWS-0062;AWS-0063;AWS-0086;AWS-0087;AWS-0089;AWS-0090;AWS-0091;AWS-0092;AWS-0093;AWS-0094;AWS-0099;AWS-0101;AWS-0102;AWS-0104;AWS-0105;AWS-0107;AWS-0122;AWS-0123;AWS-0124;AWS-0129;AWS-0130;AWS-0131;AWS-0132;AWS-0140;AWS-0141;AWS-0143;AWS-0164;AWS-0320;AWS-0342;AWS-0344;AWS-0345;AWS-0346;AZU-0007;AZU-0008;AZU-0009;AZU-0010;AZU-0011;AZU-0012;AZU-0056;AZU-0057;AZU-0058;AZU-0059;AZU-0060;AZU-0061;GCP-0027;GCP-0029;GCP-0030;GCP-0031;GCP-0032;GCP-0033;GCP-0034;GCP-0035;GCP-0036;GCP-0037;GCP-0039;GCP-0041;GCP-0042;GCP-0043;GCP-0044;GCP-0045;GCP-0067;GCP-0070;GCP-0071;GCP-0072;GCP-0073;GCP-0074;GCP-0075;GCP-0076;AWS-0053;AWS-0178,
49,20260801_234549_96d20219,False,55,54,1,0,0,0,1,0,AWS-0019;AWS-0030;AWS-0031;AWS-0032;AWS-0056;AWS-0058;AWS-0059;AWS-0060;AWS-0061;AWS-0062;AWS-0063;AWS-0123;AWS-0140;AWS-0141;AWS-0143;AWS-0342;AWS-0345;AWS-0346;AZU-0007;AZU-0008;AZU-0009;AZU-0010;AZU-0011;AZU-0012;AZU-0056;AZU-0057;AZU-0058;AZU-0059;AZU-0060;AZU-0061;GCP-0027;GCP-0029;GCP-0030;GCP-0031;GCP-0032;GCP-0033;GCP-0034;GCP-0035;GCP-0036;GCP-0037;GCP-0039;GCP-0041;GCP-0042;GCP-0043;GCP-0044;GCP-0045;GCP-0067;GCP-0070;GCP-0071;GCP-0072;GCP-0073;GCP-0074;GCP-0075;GCP-0076,AWS-0033,AWS-0019;AWS-0030;AWS-0031;AWS-0032;AWS-0056;AWS-0058;AWS-0059;AWS-0060;AWS-0061;AWS-0062;AWS-0063;AWS-0123;AWS-0140;AWS-0141;AWS-0143;AWS-0342;AWS-0345;AWS-0346;AZU-0007;AZU-0008;AZU-0009;AZU-0010;AZU-0011;AZU-0012;AZU-0056;AZU-0057;AZU-0058;AZU-0059;AZU-0060;AZU-0061;GCP-0027;GCP-0029;GCP-0030;GCP-0031;GCP-0032;GCP-0033;GCP-0034;GCP-0035;GCP-0036;GCP-0037;GCP-0039;GCP-0041;GCP-0042;GCP-0043;GCP-0044;GCP-0045;GCP-0067;GCP-0070;GCP-0071;GCP-0072;GCP-0073;GCP-0074;GCP-0075;GCP-0076;AWS-0033,
50,20260801_235319_f152dabd,False,71,70,1,0,0,1,0,0,AWS-0008;AWS-0009;AWS-0019;AWS-0026;AWS-0027;AWS-0028;AWS-0029;AWS-0056;AWS-0058;AWS-0059;AWS-0060;AWS-0061;AWS-0062;AWS-0063;AWS-0099;AWS-0101;AWS-0102;AWS-0104;AWS-0105;AWS-0107;AWS-0122;AWS-0123;AWS-0124;AWS-0129;AWS-0130;AWS-0131;AWS-0140;AWS-0141;AWS-0143;AWS-0164;AWS-0342;AWS-0344;AWS-0345;AWS-0346;AZU-0007;AZU-0008;AZU-0009;AZU-0010;AZU-0011;AZU-0012;AZU-0056;AZU-0057;AZU-0058;AZU-0059;AZU-0060;AZU-0061;GCP-0027;GCP-0029;GCP-0030;GCP-0031;GCP-0032;GCP-0033;GCP-0034;GCP-0035;GCP-0036;GCP-0037;GCP-0039;GCP-0041;GCP-0042;GCP-0043;GCP-0044;GCP-0045;GCP-0067;GCP-0070;GCP-0071;GCP-0072;GCP-0073;GCP-0074;GCP-0075;GCP-0076,AWS-0178,AWS-0008;AWS-0009;AWS-0019;AWS-0026;AWS-0027;AWS-0028;AWS-0029;AWS-0056;AWS-0058;AWS-0059;AWS-0060;AWS-0061;AWS-0062;AWS-0063;AWS-0099;AWS-0101;AWS-0102;AWS-0104;AWS-0105;AWS-0107;AWS-0122;AWS-0123;AWS-0124;AWS-0129;AWS-0130;AWS-0131;AWS-0140;AWS-0141;AWS-0143;AWS-0164;AWS-0342;AWS-0344;AWS-0345;AWS-0346;AZU-0007;AZU-0008;AZU-0009;AZU-0010;AZU-0011;AZU-0012;AZU-0056;AZU-0057;AZU-0058;AZU-0059;AZU-0060;AZU-0061;GCP-0027;GCP-0029;GCP-0030;GCP-0031;GCP-0032;GCP-0033;GCP-0034;GCP-0035;GCP-0036;GCP-0037;GCP-0039;GCP-0041;GCP-0042;GCP-0043;GCP-0044;GCP-0045;GCP-0067;GCP-0070;GCP-0071;GCP-0072;GCP-0073;GCP-0074;GCP-0075;GCP-0076;AWS-0178,
51,20260802_000627_c78b4bf8,False,72,69,3,0,0,2,1,0,AWS-0008;AWS-0009;AWS-0019;AWS-0026;AWS-0027;AWS-0028;AWS-0029;AWS-0056;AWS-0058;AWS-0059;AWS-0060;AWS-0061;AWS-0062;AWS-0063;AWS-0099;AWS-0101;AWS-0102;AWS-0104;AWS-0105;AWS-0107;AWS-0122;AWS-0123;AWS-0129;AWS-0130;AWS-0131;AWS-0140;AWS-0141;AWS-0143;AWS-0164;AWS-0342;AWS-0344;AWS-0345;AWS-0346;AZU-0007;AZU-0008;AZU-0009;AZU-0010;AZU-0011;AZU-0012;AZU-0056;AZU-0057;AZU-0058;AZU-0059;AZU-0060;AZU-0061;GCP-0027;GCP-0029;GCP-0030;GCP-0031;GCP-0032;GCP-0033;GCP-0034;GCP-0035;GCP-0036;GCP-0037;GCP-0039;GCP-0041;GCP-0042;GCP-0043;GCP-0044;GCP-0045;GCP-0067;GCP-0070;GCP-0071;GCP-0072;GCP-0073;GCP-0074;GCP-0075;GCP-0076,AWS-0065;AWS-0124;AWS-0178,AWS-0008;AWS-0009;AWS-0019;AWS-0026;AWS-0027;AWS-0028;AWS-0029;AWS-0056;AWS-0058;AWS-0059;AWS-0060;AWS-0061;AWS-0062;AWS-0063;AWS-0099;AWS-0101;AWS-0102;AWS-0104;AWS-0105;AWS-0107;AWS-0122;AWS-0123;AWS-0129;AWS-0130;AWS-0131;AWS-0140;AWS-0141;AWS-0143;AWS-0164;AWS-0342;AWS-0344;AWS-0345;AWS-0346;AZU-0007;AZU-0008;AZU-0009;AZU-0010;AZU-0011;AZU-0012;AZU-0056;AZU-0057;AZU-0058;AZU-0059;AZU-0060;AZU-0061;GCP-0027;GCP-0029;GCP-0030;GCP-0031;GCP-0032;GCP-0033;GCP-0034;GCP-0035;GCP-0036;GCP-0037;GCP-0039;GCP-0041;GCP-0042;GCP-0043;GCP-0044;GCP-0045;GCP-0067;GCP-0070;GCP-0071;GCP-0072;GCP-0073;GCP-0074;GCP-0075;GCP-0076;AWS-0065;AWS-0124;AWS-0178,
52,20260802_001600_62ca10ee,False,62,61,1,0,0,0,1,0,AWS-0019;AWS-0056;AWS-0058;AWS-0059;AWS-0060;AWS-0061;AWS-0062;AWS-0063;AWS-0065;AWS-0086;AWS-0087;AWS-0090;AWS-0091;AWS-0092;AWS-0093;AWS-0094;AWS-0123;AWS-0132;AWS-0140;AWS-0141;AWS-0143;AWS-0320;AWS-0342;AWS-0345;AWS-0346;AZU-0007;AZU-0008;AZU-0009;AZU-0010;AZU-0011;AZU-0012;AZU-0056;AZU-0057;AZU-0058;AZU-0059;AZU-0060;AZU-0061;GCP-0027;GCP-0029;GCP-0030;GCP-0031;GCP-0032;GCP-0033;GCP-0034;GCP-0035;GCP-0036;GCP-0037;GCP-0039;GCP-0041;GCP-0042;GCP-0043;GCP-0044;GCP-0045;GCP-0067;GCP-0070;GCP-0071;GCP-0072;GCP-0073;GCP-0074;GCP-0075;GCP-0076,AWS-0089,AWS-0019;AWS-0056;AWS-0058;AWS-0059;AWS-0060;AWS-0061;AWS-0062;AWS-0063;AWS-0065;AWS-0086;AWS-0087;AWS-0090;AWS-0091;AWS-0092;AWS-0093;AWS-0094;AWS-0123;AWS-0132;AWS-0140;AWS-0141;AWS-0143;AWS-0320;AWS-0342;AWS-0345;AWS-0346;AZU-0007;AZU-0008;AZU-0009;AZU-0010;AZU-0011;AZU-0012;AZU-0056;AZU-0057;AZU-0058;AZU-0059;AZU-0060;AZU-0061;GCP-0027;GCP-0029;GCP-0030;GCP-0031;GCP-0032;GCP-0033;GCP-0034;GCP-0035;GCP-0036;GCP-0037;GCP-0039;GCP-0041;GCP-0042;GCP-0043;GCP-0044;GCP-0045;GCP-0067;GCP-0070;GCP-0071;GCP-0072;GCP-0073;GCP-0074;GCP-0075;GCP-0076;AWS-0089,
53,20260802_002207_dd538e28,True,51,51,0,0,0,0,0,0,AWS-0019;AWS-0056;AWS-0058;AWS-0059;AWS-0060;AWS-0061;AWS-0062;AWS-0063;AWS-0123;AWS-0140;AWS-0141;AWS-0143;AWS-0342;AWS-0345;AWS-0346;AZU-0007;AZU-0008;AZU-0009;AZU-0010;AZU-0011;AZU-0012;AZU-0056;AZU-0057;AZU-0058;AZU-0059;AZU-0060;AZU-0061;GCP-0027;GCP-0029;GCP-0030;GCP-0031;GCP-0032;GCP-0033;GCP-0034;GCP-0035;GCP-0036;GCP-0037;GCP-0039;GCP-0041;GCP-0042;GCP-0043;GCP-0044;GCP-0045;GCP-0067;GCP-0070;GCP-0071;GCP-0072;GCP-0073;GCP-0074;GCP-0075;GCP-0076,,AWS-0019;AWS-0056;AWS-0058;AWS-0059;AWS-0060;AWS-0061;AWS-0062;AWS-0063;AWS-0123;AWS-0140;AWS-0141;AWS-0143;AWS-0342;AWS-0345;AWS-0346;AZU-0007;AZU-0008;AZU-0009;AZU-0010;AZU-0011;AZU-0012;AZU-0056;AZU-0057;AZU-0058;AZU-0059;AZU-0060;AZU-0061;GCP-0027;GCP-0029;GCP-0030;GCP-0031;GCP-0032;GCP-0033;GCP-0034;GCP-0035;GCP-0036;GCP-0037;GCP-0039;GCP-0041;GCP-0042;GCP-0043;GCP-0044;GCP-0045;GCP-0067;GCP-0070;GCP-0071;GCP-0072;GCP-0073;GCP-0074;GCP-0075;GCP-0076,
54,20260802_002501_e79a42e9,False,71,68,3,0,0,1,2,0,AWS-0008;AWS-0009;AWS-0019;AWS-0026;AWS-0027;AWS-0028;AWS-0029;AWS-0056;AWS-0058;AWS-0059;AWS-0060;AWS-0061;AWS-0062;AWS-0063;AWS-0101;AWS-0102;AWS-0104;AWS-0105;AWS-0107;AWS-0122;AWS-0123;AWS-0129;AWS-0130;AWS-0131;AWS-0140;AWS-0141;AWS-0143;AWS-0164;AWS-0342;AWS-0344;AWS-0345;AWS-0346;AZU-0007;AZU-0008;AZU-0009;AZU-0010;AZU-0011;AZU-0012;AZU-0056;AZU-0057;AZU-0058;AZU-0059;AZU-0060;AZU-0061;GCP-0027;GCP-0029;GCP-0030;GCP-0031;GCP-0032;GCP-0033;GCP-0034;GCP-0035;GCP-0036;GCP-0037;GCP-0039;GCP-0041;GCP-0042;GCP-0043;GCP-0044;GCP-0045;GCP-0067;GCP-0070;GCP-0071;GCP-0072;GCP-0073;GCP-0074;GCP-0075;GCP-0076,AWS-0099;AWS-0124;AWS-0178,AWS-0008;AWS-0009;AWS-0019;AWS-0026;AWS-0027;AWS-0028;AWS-0029;AWS-0056;AWS-0058;AWS-0059;AWS-0060;AWS-0061;AWS-0062;AWS-0063;AWS-0101;AWS-0102;AWS-0104;AWS-0105;AWS-0107;AWS-0122;AWS-0123;AWS-0129;AWS-0130;AWS-0131;AWS-0140;AWS-0141;AWS-0143;AWS-0164;AWS-0342;AWS-0344;AWS-0345;AWS-0346;AZU-0007;AZU-0008;AZU-0009;AZU-0010;AZU-0011;AZU-0012;AZU-0056;AZU-0057;AZU-0058;AZU-0059;AZU-0060;AZU-0061;GCP-0027;GCP-0029;GCP-0030;GCP-0031;GCP-0032;GCP-0033;GCP-0034;GCP-0035;GCP-0036;GCP-0037;GCP-0039;GCP-0041;GCP-0042;GCP-0043;GCP-0044;GCP-0045;GCP-0067;GCP-0070;GCP-0071;GCP-0072;GCP-0073;GCP-0074;GCP-0075;GCP-0076;AWS-0099;AWS-0124;AWS-0178,
55,20260802_003217_5518d1b4,True,51,51,0,0,0,0,0,0,AWS-0019;AWS-0056;AWS-0058;AWS-0059;AWS-0060;AWS-0061;AWS-0062;AWS-0063;AWS-0123;AWS-0140;AWS-0141;AWS-0143;AWS-0342;AWS-0345;AWS-0346;AZU-0007;AZU-0008;AZU-0009;AZU-0010;AZU-0011;AZU-0012;AZU-0056;AZU-0057;AZU-0058;AZU-0059;AZU-0060;AZU-0061;GCP-0027;GCP-0029;GCP-0030;GCP-0031;GCP-0032;GCP-0033;GCP-0034;GCP-0035;GCP-0036;GCP-0037;GCP-0039;GCP-0041;GCP-0042;GCP-0043;GCP-0044;GCP-0045;GCP-0067;GCP-0070;GCP-0071;GCP-0072;GCP-0073;GCP-0074;GCP-0075;GCP-0076,,AWS-0019;AWS-0056;AWS-0058;AWS-0059;AWS-0060;AWS-0061;AWS-0062;AWS-0063;AWS-0123;AWS-0140;AWS-0141;AWS-0143;AWS-0342;AWS-0345;AWS-0346;AZU-0007;AZU-0008;AZU-0009;AZU-0010;AZU-0011;AZU-0012;AZU-0056;AZU-0057;AZU-0058;AZU-0059;AZU-0060;AZU-0061;GCP-0027;GCP-0029;GCP-0030;GCP-0031;GCP-0032;GCP-0033;GCP-0034;GCP-0035;GCP-0036;GCP-0037;GCP-0039;GCP-0041;GCP-0042;GCP-0043;GCP-0044;GCP-0045;GCP-0067;GCP-0070;GCP-0071;GCP-0072;GCP-0073;GCP-0074;GCP-0075;GCP-0076,
56,20260802_003527_837ca4b6,True,51,51,0,0,0,0,0,0,AWS-0019;AWS-0056;AWS-0058;AWS-0059;AWS-0060;AWS-0061;AWS-0062;AWS-0063;AWS-0123;AWS-0140;AWS-0141;AWS-0143;AWS-0342;AWS-0345;AWS-0346;AZU-0007;AZU-0008;AZU-0009;AZU-0010;AZU-0011;AZU-0012;AZU-0056;AZU-0057;AZU-0058;AZU-0059;AZU-0060;AZU-0061;GCP-0027;GCP-0029;GCP-0030;GCP-0031;GCP-0032;GCP-0033;GCP-0034;GCP-0035;GCP-0036;GCP-0037;GCP-0039;GCP-0041;GCP-0042;GCP-0043;GCP-0044;GCP-0045;GCP-0067;GCP-0070;GCP-0071;GCP-0072;GCP-0073;GCP-0074;GCP-0075;GCP-0076,,AWS-0019;AWS-0056;AWS-0058;AWS-0059;AWS-0060;AWS-0061;AWS-0062;AWS-0063;AWS-0123;AWS-0140;AWS-0141;AWS-0143;AWS-0342;AWS-0345;AWS-0346;AZU-0007;AZU-0008;AZU-0009;AZU-0010;AZU-0011;AZU-0012;AZU-0056;AZU-0057;AZU-0058;AZU-0059;AZU-0060;AZU-0061;GCP-0027;GCP-0029;GCP-0030;GCP-0031;GCP-0032;GCP-0033;GCP-0034;GCP-0035;GCP-0036;GCP-0037;GCP-0039;GCP-0041;GCP-0042;GCP-0043;GCP-0044;GCP-0045;GCP-0067;GCP-0070;GCP-0071;GCP-0072;GCP-0073;GCP-0074;GCP-0075;GCP-0076,
57,20260802_010933_221401bc,False,62,61,1,0,0,0,1,0,AWS-0019;AWS-0056;AWS-0058;AWS-0059;AWS-0060;AWS-0061;AWS-0062;AWS-0063;AWS-0065;AWS-0086;AWS-0087;AWS-0090;AWS-0091;AWS-0092;AWS-0093;AWS-0094;AWS-0123;AWS-0132;AWS-0140;AWS-0141;AWS-0143;AWS-0320;AWS-0342;AWS-0345;AWS-0346;AZU-0007;AZU-0008;AZU-0009;AZU-0010;AZU-0011;AZU-0012;AZU-0056;AZU-0057;AZU-0058;AZU-0059;AZU-0060;AZU-0061;GCP-0027;GCP-0029;GCP-0030;GCP-0031;GCP-0032;GCP-0033;GCP-0034;GCP-0035;GCP-0036;GCP-0037;GCP-0039;GCP-0041;GCP-0042;GCP-0043;GCP-0044;GCP-0045;GCP-0067;GCP-0070;GCP-0071;GCP-0072;GCP-0073;GCP-0074;GCP-0075;GCP-0076,AWS-0089,AWS-0019;AWS-0056;AWS-0058;AWS-0059;AWS-0060;AWS-0061;AWS-0062;AWS-0063;AWS-0065;AWS-0086;AWS-0087;AWS-0090;AWS-0091;AWS-0092;AWS-0093;AWS-0094;AWS-0123;AWS-0132;AWS-0140;AWS-0141;AWS-0143;AWS-0320;AWS-0342;AWS-0345;AWS-0346;AZU-0007;AZU-0008;AZU-0009;AZU-0010;AZU-0011;AZU-0012;AZU-0056;AZU-0057;AZU-0058;AZU-0059;AZU-0060;AZU-0061;GCP-0027;GCP-0029;GCP-0030;GCP-0031;GCP-0032;GCP-0033;GCP-0034;GCP-0035;GCP-0036;GCP-0037;GCP-0039;GCP-0041;GCP-0042;GCP-0043;GCP-0044;GCP-0045;GCP-0067;GCP-0070;GCP-0071;GCP-0072;GCP-0073;GCP-0074;GCP-0075;GCP-0076;AWS-0089,
58,20260802_105736_75e8043a,True,51,51,0,0,0,0,0,0,AWS-0019;AWS-0056;AWS-0058;AWS-0059;AWS-0060;AWS-0061;AWS-0062;AWS-0063;AWS-0123;AWS-0140;AWS-0141;AWS-0143;AWS-0342;AWS-0345;AWS-0346;AZU-0007;AZU-0008;AZU-0009;AZU-0010;AZU-0011;AZU-0012;AZU-0056;AZU-0057;AZU-0058;AZU-0059;AZU-0060;AZU-0061;GCP-0027;GCP-0029;GCP-0030;GCP-0031;GCP-0032;GCP-0033;GCP-0034;GCP-0035;GCP-0036;GCP-0037;GCP-0039;GCP-0041;GCP-0042;GCP-0043;GCP-0044;GCP-0045;GCP-0067;GCP-0070;GCP-0071;GCP-0072;GCP-0073;GCP-0074;GCP-0075;GCP-0076,,AWS-0019;AWS-0056;AWS-0058;AWS-0059;AWS-0060;AWS-0061;AWS-0062;AWS-0063;AWS-0123;AWS-0140;AWS-0141;AWS-0143;AWS-0342;AWS-0345;AWS-0346;AZU-0007;AZU-0008;AZU-0009;AZU-0010;AZU-0011;AZU-0012;AZU-0056;AZU-0057;AZU-0058;AZU-0059;AZU-0060;AZU-0061;GCP-0027;GCP-0029;GCP-0030;GCP-0031;GCP-0032;GCP-0033;GCP-0034;GCP-0035;GCP-0036;GCP-0037;GCP-0039;GCP-0041;GCP-0042;GCP-0043;GCP-0044;GCP-0045;GCP-0067;GCP-0070;GCP-0071;GCP-0072;GCP-0073;GCP-0074;GCP-0075;GCP-0076,
59,20260802_110452_f5684a15,True,51,51,0,0,0,0,0,0,AWS-0019;AWS-0056;AWS-0058;AWS-0059;AWS-0060;AWS-0061;AWS-0062;AWS-0063;AWS-0123;AWS-0140;AWS-0141;AWS-0143;AWS-0342;AWS-0345;AWS-0346;AZU-0007;AZU-0008;AZU-0009;AZU-0010;AZU-0011;AZU-0012;AZU-0056;AZU-0057;AZU-0058;AZU-0059;AZU-0060;AZU-0061;GCP-0027;GCP-0029;GCP-0030;GCP-0031;GCP-0032;GCP-0033;GCP-0034;GCP-0035;GCP-0036;GCP-0037;GCP-0039;GCP-0041;GCP-0042;GCP-0043;GCP-0044;GCP-0045;GCP-0067;GCP-0070;GCP-0071;GCP-0072;GCP-0073;GCP-0074;GCP-0075;GCP-0076,,AWS-0019;AWS-0056;AWS-0058;AWS-0059;AWS-0060;AWS-0061;AWS-0062;AWS-0063;AWS-0123;AWS-0140;AWS-0141;AWS-0143;AWS-0342;AWS-0345;AWS-0346;AZU-0007;AZU-0008;AZU-0009;AZU-0010;AZU-0011;AZU-0012;AZU-0056;AZU-0057;AZU-0058;AZU-0059;AZU-0060;AZU-0061;GCP-0027;GCP-0029;GCP-0030;GCP-0031;GCP-0032;GCP-0033;GCP-0034;GCP-0035;GCP-0036;GCP-0037;GCP-0039;GCP-0041;GCP-0042;GCP-0043;GCP-0044;GCP-0045;GCP-0067;GCP-0070;GCP-0071;GCP-0072;GCP-0073;GCP-0074;GCP-0075;GCP-0076,
60,20260802_110626_4368b378,True,51,51,0,0,0,0,0,0,AWS-0019;AWS-0056;AWS-0058;AWS-0059;AWS-0060;AWS-0061;AWS-0062;AWS-0063;AWS-0123;AWS-0140;AWS-0141;AWS-0143;AWS-0342;AWS-0345;AWS-0346;AZU-0007;AZU-0008;AZU-0009;AZU-0010;AZU-0011;AZU-0012;AZU-0056;AZU-0057;AZU-0058;AZU-0059;AZU-0060;AZU-0061;GCP-0027;GCP-0029;GCP-0030;GCP-0031;GCP-0032;GCP-0033;GCP-0034;GCP-0035;GCP-0036;GCP-0037;GCP-0039;GCP-0041;GCP-0042;GCP-0043;GCP-0044;GCP-0045;GCP-0067;GCP-0070;GCP-0071;GCP-0072;GCP-0073;GCP-0074;GCP-0075;GCP-0076,,AWS-0019;AWS-0056;AWS-0058;AWS-0059;AWS-0060;AWS-0061;AWS-0062;AWS-0063;AWS-0123;AWS-0140;AWS-0141;AWS-0143;AWS-0342;AWS-0345;AWS-0346;AZU-0007;AZU-0008;AZU-0009;AZU-0010;AZU-0011;AZU-0012;AZU-0056;AZU-0057;AZU-0058;AZU-0059;AZU-0060;AZU-0061;GCP-0027;GCP-0029;GCP-0030;GCP-0031;GCP-0032;GCP-0033;GCP-0034;GCP-0035;GCP-0036;GCP-0037;GCP-0039;GCP-0041;GCP-0042;GCP-0043;GCP-0044;GCP-0045;GCP-0067;GCP-0070;GCP-0071;GCP-0072;GCP-0073;GCP-0074;GCP-0075;GCP-0076,
61,20260802_110950_fc75b0c6,True,53,53,0,0,0,0,0,0,AWS-0019;AWS-0056;AWS-0058;AWS-0059;AWS-0060;AWS-0061;AWS-0062;AWS-0063;AWS-0095;AWS-0123;AWS-0136;AWS-0140;AWS-0141;AWS-0143;AWS-0342;AWS-0345;AWS-0346;AZU-0007;AZU-0008;AZU-0009;AZU-0010;AZU-0011;AZU-0012;AZU-0056;AZU-0057;AZU-0058;AZU-0059;AZU-0060;AZU-0061;GCP-0027;GCP-0029;GCP-0030;GCP-0031;GCP-0032;GCP-0033;GCP-0034;GCP-0035;GCP-0036;GCP-0037;GCP-0039;GCP-0041;GCP-0042;GCP-0043;GCP-0044;GCP-0045;GCP-0067;GCP-0070;GCP-0071;GCP-0072;GCP-0073;GCP-0074;GCP-0075;GCP-0076,,AWS-0019;AWS-0056;AWS-0058;AWS-0059;AWS-0060;AWS-0061;AWS-0062;AWS-0063;AWS-0095;AWS-0123;AWS-0136;AWS-0140;AWS-0141;AWS-0143;AWS-0342;AWS-0345;AWS-0346;AZU-0007;AZU-0008;AZU-0009;AZU-0010;AZU-0011;AZU-0012;AZU-0056;AZU-0057;AZU-0058;AZU-0059;AZU-0060;AZU-0061;GCP-0027;GCP-0029;GCP-0030;GCP-0031;GCP-0032;GCP-0033;GCP-0034;GCP-0035;GCP-0036;GCP-0037;GCP-0039;GCP-0041;GCP-0042;GCP-0043;GCP-0044;GCP-0045;GCP-0067;GCP-0070;GCP-0071;GCP-0072;GCP-0073;GCP-0074;GCP-0075;GCP-0076,
62,20260802_111729_876e91a2,False,93,84,9,0,0,2,7,0,AWS-0008;AWS-0009;AWS-0019;AWS-0023;AWS-0026;AWS-0027;AWS-0028;AWS-0029;AWS-0047;AWS-0052;AWS-0053;AWS-0054;AWS-0056;AWS-0058;AWS-0059;AWS-0060;AWS-0061;AWS-0062;AWS-0063;AWS-0065;AWS-0086;AWS-0087;AWS-0090;AWS-0091;AWS-0092;AWS-0093;AWS-0094;AWS-0099;AWS-0101;AWS-0102;AWS-0104;AWS-0105;AWS-0107;AWS-0122;AWS-0123;AWS-0129;AWS-0130;AWS-0131;AWS-0132;AWS-0140;AWS-0141;AWS-0143;AWS-0164;AWS-0320;AWS-0342;AWS-0344;AWS-0345;AWS-0346;AZU-0007;AZU-0008;AZU-0009;AZU-0010;AZU-0011;AZU-0012;AZU-0056;AZU-0057;AZU-0058;AZU-0059;AZU-0060;AZU-0061;GCP-0027;GCP-0029;GCP-0030;GCP-0031;GCP-0032;GCP-0033;GCP-0034;GCP-0035;GCP-0036;GCP-0037;GCP-0039;GCP-0041;GCP-0042;GCP-0043;GCP-0044;GCP-0045;GCP-0067;GCP-0070;GCP-0071;GCP-0072;GCP-0073;GCP-0074;GCP-0075;GCP-0076,AWS-0024;AWS-0025;AWS-0089;AWS-0124;AWS-0178,AWS-0008;AWS-0009;AWS-0019;AWS-0023;AWS-0026;AWS-0027;AWS-0028;AWS-0029;AWS-0047;AWS-0052;AWS-0053;AWS-0054;AWS-0056;AWS-0058;AWS-0059;AWS-0060;AWS-0061;AWS-0062;AWS-0063;AWS-0065;AWS-0086;AWS-0087;AWS-0090;AWS-0091;AWS-0092;AWS-0093;AWS-0094;AWS-0099;AWS-0101;AWS-0102;AWS-0104;AWS-0105;AWS-0107;AWS-0122;AWS-0123;AWS-0129;AWS-0130;AWS-0131;AWS-0132;AWS-0140;AWS-0141;AWS-0143;AWS-0164;AWS-0320;AWS-0342;AWS-0344;AWS-0345;AWS-0346;AZU-0007;AZU-0008;AZU-0009;AZU-0010;AZU-0011;AZU-0012;AZU-0056;AZU-0057;AZU-0058;AZU-0059;AZU-0060;AZU-0061;GCP-0027;GCP-0029;GCP-0030;GCP-0031;GCP-0032;GCP-0033;GCP-0034;GCP-0035;GCP-0036;GCP-0037;GCP-0039;GCP-0041;GCP-0042;GCP-0043;GCP-0044;GCP-0045;GCP-0067;GCP-0070;GCP-0071;GCP-0072;GCP-0073;GCP-0074;GCP-0075;GCP-0076;AWS-0024;AWS-0025;AWS-0089;AWS-0124;AWS-0178,
63,20260802_113758_41f1afc8,True,51,51,0,0,0,0,0,0,AWS-0019;AWS-0056;AWS-0058;AWS-0059;AWS-0060;AWS-0061;AWS-0062;AWS-0063;AWS-0123;AWS-0140;AWS-0141;AWS-0143;AWS-0342;AWS-0345;AWS-0346;AZU-0007;AZU-0008;AZU-0009;AZU-0010;AZU-0011;AZU-0012;AZU-0056;AZU-0057;AZU-0058;AZU-0059;AZU-0060;AZU-0061;GCP-0027;GCP-0029;GCP-0030;GCP-0031;GCP-0032;GCP-0033;GCP-0034;GCP-0035;GCP-0036;GCP-0037;GCP-0039;GCP-0041;GCP-0042;GCP-0043;GCP-0044;GCP-0045;GCP-0067;GCP-0070;GCP-0071;GCP-0072;GCP-0073;GCP-0074;GCP-0075;GCP-0076,,AWS-0019;AWS-0056;AWS-0058;AWS-0059;AWS-0060;AWS-0061;AWS-0062;AWS-0063;AWS-0123;AWS-0140;AWS-0141;AWS-0143;AWS-0342;AWS-0345;AWS-0346;AZU-0007;AZU-0008;AZU-0009;AZU-0010;AZU-0011;AZU-0012;AZU-0056;AZU-0057;AZU-0058;AZU-0059;AZU-0060;AZU-0061;GCP-0027;GCP-0029;GCP-0030;GCP-0031;GCP-0032;GCP-0033;GCP-0034;GCP-0035;GCP-0036;GCP-0037;GCP-0039;GCP-0041;GCP-0042;GCP-0043;GCP-0044;GCP-0045;GCP-0067;GCP-0070;GCP-0071;GCP-0072;GCP-0073;GCP-0074;GCP-0075;GCP-0076,
64,20260802_114059_97a67ac4,True,51,51,0,0,0,0,0,0,AWS-0019;AWS-0056;AWS-0058;AWS-0059;AWS-0060;AWS-0061;AWS-0062;AWS-0063;AWS-0123;AWS-0140;AWS-0141;AWS-0143;AWS-0342;AWS-0345;AWS-0346;AZU-0007;AZU-0008;AZU-0009;AZU-0010;AZU-0011;AZU-0012;AZU-0056;AZU-0057;AZU-0058;AZU-0059;AZU-0060;AZU-0061;GCP-0027;GCP-0029;GCP-0030;GCP-0031;GCP-0032;GCP-0033;GCP-0034;GCP-0035;GCP-0036;GCP-0037;GCP-0039;GCP-0041;GCP-0042;GCP-0043;GCP-0044;GCP-0045;GCP-0067;GCP-0070;GCP-0071;GCP-0072;GCP-0073;GCP-0074;GCP-0075;GCP-0076,,AWS-0019;AWS-0056;AWS-0058;AWS-0059;AWS-0060;AWS-0061;AWS-0062;AWS-0063;AWS-0123;AWS-0140;AWS-0141;AWS-0143;AWS-0342;AWS-0345;AWS-0346;AZU-0007;AZU-0008;AZU-0009;AZU-0010;AZU-0011;AZU-0012;AZU-0056;AZU-0057;AZU-0058;AZU-0059;AZU-0060;AZU-0061;GCP-0027;GCP-0029;GCP-0030;GCP-0031;GCP-0032;GCP-0033;GCP-0034;GCP-0035;GCP-0036;GCP-0037;GCP-0039;GCP-0041;GCP-0042;GCP-0043;GCP-0044;GCP-0045;GCP-0067;GCP-0070;GCP-0071;GCP-0072;GCP-0073;GCP-0074;GCP-0075;GCP-0076,
65,20260802_114526_cd193b9c,False,74,69,5,0,0,1,4,0,AWS-0008;AWS-0009;AWS-0019;AWS-0026;AWS-0027;AWS-0028;AWS-0029;AWS-0056;AWS-0058;AWS-0059;AWS-0060;AWS-0061;AWS-0062;AWS-0063;AWS-0099;AWS-0101;AWS-0102;AWS-0104;AWS-0105;AWS-0107;AWS-0122;AWS-0123;AWS-0129;AWS-0130;AWS-0131;AWS-0140;AWS-0141;AWS-0143;AWS-0164;AWS-0342;AWS-0344;AWS-0345;AWS-0346;AZU-0007;AZU-0008;AZU-0009;AZU-0010;AZU-0011;AZU-0012;AZU-0056;AZU-0057;AZU-0058;AZU-0059;AZU-0060;AZU-0061;GCP-0027;GCP-0029;GCP-0030;GCP-0031;GCP-0032;GCP-0033;GCP-0034;GCP-0035;GCP-0036;GCP-0037;GCP-0039;GCP-0041;GCP-0042;GCP-0043;GCP-0044;GCP-0045;GCP-0067;GCP-0070;GCP-0071;GCP-0072;GCP-0073;GCP-0074;GCP-0075;GCP-0076,AWS-0124;AWS-0178,AWS-0008;AWS-0009;AWS-0019;AWS-0026;AWS-0027;AWS-0028;AWS-0029;AWS-0056;AWS-0058;AWS-0059;AWS-0060;AWS-0061;AWS-0062;AWS-0063;AWS-0099;AWS-0101;AWS-0102;AWS-0104;AWS-0105;AWS-0107;AWS-0122;AWS-0123;AWS-0129;AWS-0130;AWS-0131;AWS-0140;AWS-0141;AWS-0143;AWS-0164;AWS-0342;AWS-0344;AWS-0345;AWS-0346;AZU-0007;AZU-0008;AZU-0009;AZU-0010;AZU-0011;AZU-0012;AZU-0056;AZU-0057;AZU-0058;AZU-0059;AZU-0060;AZU-0061;GCP-0027;GCP-0029;GCP-0030;GCP-0031;GCP-0032;GCP-0033;GCP-0034;GCP-0035;GCP-0036;GCP-0037;GCP-0039;GCP-0041;GCP-0042;GCP-0043;GCP-0044;GCP-0045;GCP-0067;GCP-0070;GCP-0071;GCP-0072;GCP-0073;GCP-0074;GCP-0075;GCP-0076;AWS-0124;AWS-0178,
66,20260802_115038_af37de4c,True,51,51,0,0,0,0,0,0,AWS-0019;AWS-0056;AWS-0058;AWS-0059;AWS-0060;AWS-0061;AWS-0062;AWS-0063;AWS-0123;AWS-0140;AWS-0141;AWS-0143;AWS-0342;AWS-0345;AWS-0346;AZU-0007;AZU-0008;AZU-0009;AZU-0010;AZU-0011;AZU-0012;AZU-0056;AZU-0057;AZU-0058;AZU-0059;AZU-0060;AZU-0061;GCP-0027;GCP-0029;GCP-0030;GCP-0031;GCP-0032;GCP-0033;GCP-0034;GCP-0035;GCP-0036;GCP-0037;GCP-0039;GCP-0041;GCP-0042;GCP-0043;GCP-0044;GCP-0045;GCP-0067;GCP-0070;GCP-0071;GCP-0072;GCP-0073;GCP-0074;GCP-0075;GCP-0076,,AWS-0019;AWS-0056;AWS-0058;AWS-0059;AWS-0060;AWS-0061;AWS-0062;AWS-0063;AWS-0123;AWS-0140;AWS-0141;AWS-0143;AWS-0342;AWS-0345;AWS-0346;AZU-0007;AZU-0008;AZU-0009;AZU-0010;AZU-0011;AZU-0012;AZU-0056;AZU-0057;AZU-0058;AZU-0059;AZU-0060;AZU-0061;GCP-0027;GCP-0029;GCP-0030;GCP-0031;GCP-0032;GCP-0033;GCP-0034;GCP-0035;GCP-0036;GCP-0037;GCP-0039;GCP-0041;GCP-0042;GCP-0043;GCP-0044;GCP-0045;GCP-0067;GCP-0070;GCP-0071;GCP-0072;GCP-0073;GCP-0074;GCP-0075;GCP-0076,
67,20260802_115311_f8d81005,True,51,51,0,0,0,0,0,0,AWS-0019;AWS-0056;AWS-0058;AWS-0059;AWS-0060;AWS-0061;AWS-0062;AWS-0063;AWS-0123;AWS-0140;AWS-0141;AWS-0143;AWS-0342;AWS-0345;AWS-0346;AZU-0007;AZU-0008;AZU-0009;AZU-0010;AZU-0011;AZU-0012;AZU-0056;AZU-0057;AZU-0058;AZU-0059;AZU-0060;AZU-0061;GCP-0027;GCP-0029;GCP-0030;GCP-0031;GCP-0032;GCP-0033;GCP-0034;GCP-0035;GCP-0036;GCP-0037;GCP-0039;GCP-0041;GCP-0042;GCP-0043;GCP-0044;GCP-0045;GCP-0067;GCP-0070;GCP-0071;GCP-0072;GCP-0073;GCP-0074;GCP-0075;GCP-0076,,AWS-0019;AWS-0056;AWS-0058;AWS-0059;AWS-0060;AWS-0061;AWS-0062;AWS-0063;AWS-0123;AWS-0140;AWS-0141;AWS-0143;AWS-0342;AWS-0345;AWS-0346;AZU-0007;AZU-0008;AZU-0009;AZU-0010;AZU-0011;AZU-0012;AZU-0056;AZU-0057;AZU-0058;AZU-0059;AZU-0060;AZU-0061;GCP-0027;GCP-0029;GCP-0030;GCP-0031;GCP-0032;GCP-0033;GCP-0034;GCP-0035;GCP-0036;GCP-0037;GCP-0039;GCP-0041;GCP-0042;GCP-0043;GCP-0044;GCP-0045;GCP-0067;GCP-0070;GCP-0071;GCP-0072;GCP-0073;GCP-0074;GCP-0075;GCP-0076,
68,20260802_120117_81906d3f,False,71,70,1,0,0,1,0,0,AWS-0008;AWS-0009;AWS-0019;AWS-0026;AWS-0027;AWS-0028;AWS-0029;AWS-0056;AWS-0058;AWS-0059;AWS-0060;AWS-0061;AWS-0062;AWS-0063;AWS-0099;AWS-0101;AWS-0102;AWS-0104;AWS-0105;AWS-0107;AWS-0122;AWS-0123;AWS-0124;AWS-0129;AWS-0130;AWS-0131;AWS-0140;AWS-0141;AWS-0143;AWS-0164;AWS-0342;AWS-0344;AWS-0345;AWS-0346;AZU-0007;AZU-0008;AZU-0009;AZU-0010;AZU-0011;AZU-0012;AZU-0056;AZU-0057;AZU-0058;AZU-0059;AZU-0060;AZU-0061;GCP-0027;GCP-0029;GCP-0030;GCP-0031;GCP-0032;GCP-0033;GCP-0034;GCP-0035;GCP-0036;GCP-0037;GCP-0039;GCP-0041;GCP-0042;GCP-0043;GCP-0044;GCP-0045;GCP-0067;GCP-0070;GCP-0071;GCP-0072;GCP-0073;GCP-0074;GCP-0075;GCP-0076,AWS-0178,AWS-0008;AWS-0009;AWS-0019;AWS-0026;AWS-0027;AWS-0028;AWS-0029;AWS-0056;AWS-0058;AWS-0059;AWS-0060;AWS-0061;AWS-0062;AWS-0063;AWS-0099;AWS-0101;AWS-0102;AWS-0104;AWS-0105;AWS-0107;AWS-0122;AWS-0123;AWS-0124;AWS-0129;AWS-0130;AWS-0131;AWS-0140;AWS-0141;AWS-0143;AWS-0164;AWS-0342;AWS-0344;AWS-0345;AWS-0346;AZU-0007;AZU-0008;AZU-0009;AZU-0010;AZU-0011;AZU-0012;AZU-0056;AZU-0057;AZU-0058;AZU-0059;AZU-0060;AZU-0061;GCP-0027;GCP-0029;GCP-0030;GCP-0031;GCP-0032;GCP-0033;GCP-0034;GCP-0035;GCP-0036;GCP-0037;GCP-0039;GCP-0041;GCP-0042;GCP-0043;GCP-0044;GCP-0045;GCP-0067;GCP-0070;GCP-0071;GCP-0072;GCP-0073;GCP-0074;GCP-0075;GCP-0076;AWS-0178,
69,20260802_120608_faa8c97e,False,54,53,1,0,0,1,0,0,AWS-0019;AWS-0056;AWS-0058;AWS-0059;AWS-0060;AWS-0061;AWS-0062;AWS-0063;AWS-0096;AWS-0097;AWS-0123;AWS-0135;AWS-0140;AWS-0141;AWS-0143;AWS-0345;AWS-0346;AZU-0007;AZU-0008;AZU-0009;AZU-0010;AZU-0011;AZU-0012;AZU-0056;AZU-0057;AZU-0058;AZU-0059;AZU-0060;AZU-0061;GCP-0027;GCP-0029;GCP-0030;GCP-0031;GCP-0032;GCP-0033;GCP-0034;GCP-0035;GCP-0036;GCP-0037;GCP-0039;GCP-0041;GCP-0042;GCP-0043;GCP-0044;GCP-0045;GCP-0067;GCP-0070;GCP-0071;GCP-0072;GCP-0073;GCP-0074;GCP-0075;GCP-0076,AWS-0342,AWS-0019;AWS-0056;AWS-0058;AWS-0059;AWS-0060;AWS-0061;AWS-0062;AWS-0063;AWS-0096;AWS-0097;AWS-0123;AWS-0135;AWS-0140;AWS-0141;AWS-0143;AWS-0345;AWS-0346;AZU-0007;AZU-0008;AZU-0009;AZU-0010;AZU-0011;AZU-0012;AZU-0056;AZU-0057;AZU-0058;AZU-0059;AZU-0060;AZU-0061;GCP-0027;GCP-0029;GCP-0030;GCP-0031;GCP-0032;GCP-0033;GCP-0034;GCP-0035;GCP-0036;GCP-0037;GCP-0039;GCP-0041;GCP-0042;GCP-0043;GCP-0044;GCP-0045;GCP-0067;GCP-0070;GCP-0071;GCP-0072;GCP-0073;GCP-0074;GCP-0075;GCP-0076;AWS-0342,
70,20260802_121020_8529b2ba,False,52,51,1,0,0,1,0,0,AWS-0019;AWS-0056;AWS-0058;AWS-0059;AWS-0060;AWS-0061;AWS-0062;AWS-0063;AWS-0123;AWS-0140;AWS-0141;AWS-0143;AWS-0342;AWS-0345;AWS-0346;AZU-0007;AZU-0008;AZU-0009;AZU-0010;AZU-0011;AZU-0012;AZU-0056;AZU-0057;AZU-0058;AZU-0059;AZU-0060;AZU-0061;GCP-0027;GCP-0029;GCP-0030;GCP-0031;GCP-0032;GCP-0033;GCP-0034;GCP-0035;GCP-0036;GCP-0037;GCP-0039;GCP-0041;GCP-0042;GCP-0043;GCP-0044;GCP-0045;GCP-0067;GCP-0070;GCP-0071;GCP-0072;GCP-0073;GCP-0074;GCP-0075;GCP-0076,AWS-0065,AWS-0019;AWS-0056;AWS-0058;AWS-0059;AWS-0060;AWS-0061;AWS-0062;AWS-0063;AWS-0123;AWS-0140;AWS-0141;AWS-0143;AWS-0342;AWS-0345;AWS-0346;AZU-0007;AZU-0008;AZU-0009;AZU-0010;AZU-0011;AZU-0012;AZU-0056;AZU-0057;AZU-0058;AZU-0059;AZU-0060;AZU-0061;GCP-0027;GCP-0029;GCP-0030;GCP-0031;GCP-0032;GCP-0033;GCP-0034;GCP-0035;GCP-0036;GCP-0037;GCP-0039;GCP-0041;GCP-0042;GCP-0043;GCP-0044;GCP-0045;GCP-0067;GCP-0070;GCP-0071;GCP-0072;GCP-0073;GCP-0074;GCP-0075;GCP-0076;AWS-0065,
71,20260802_121246_f99a26e3,False,55,54,1,0,0,0,1,0,AWS-0019;AWS-0030;AWS-0031;AWS-0032;AWS-0056;AWS-0058;AWS-0059;AWS-0060;AWS-0061;AWS-0062;AWS-0063;AWS-0123;AWS-0140;AWS-0141;AWS-0143;AWS-0342;AWS-0345;AWS-0346;AZU-0007;AZU-0008;AZU-0009;AZU-0010;AZU-0011;AZU-0012;AZU-0056;AZU-0057;AZU-0058;AZU-0059;AZU-0060;AZU-0061;GCP-0027;GCP-0029;GCP-0030;GCP-0031;GCP-0032;GCP-0033;GCP-0034;GCP-0035;GCP-0036;GCP-0037;GCP-0039;GCP-0041;GCP-0042;GCP-0043;GCP-0044;GCP-0045;GCP-0067;GCP-0070;GCP-0071;GCP-0072;GCP-0073;GCP-0074;GCP-0075;GCP-0076,AWS-0033,AWS-0019;AWS-0030;AWS-0031;AWS-0032;AWS-0056;AWS-0058;AWS-0059;AWS-0060;AWS-0061;AWS-0062;AWS-0063;AWS-0123;AWS-0140;AWS-0141;AWS-0143;AWS-0342;AWS-0345;AWS-0346;AZU-0007;AZU-0008;AZU-0009;AZU-0010;AZU-0011;AZU-0012;AZU-0056;AZU-0057;AZU-0058;AZU-0059;AZU-0060;AZU-0061;GCP-0027;GCP-0029;GCP-0030;GCP-0031;GCP-0032;GCP-0033;GCP-0034;GCP-0035;GCP-0036;GCP-0037;GCP-0039;GCP-0041;GCP-0042;GCP-0043;GCP-0044;GCP-0045;GCP-0067;GCP-0070;GCP-0071;GCP-0072;GCP-0073;GCP-0074;GCP-0075;GCP-0076;AWS-0033,
72,20260802_121943_82a8afc0,True,54,54,0,0,0,0,0,0,AWS-0019;AWS-0056;AWS-0058;AWS-0059;AWS-0060;AWS-0061;AWS-0062;AWS-0063;AWS-0096;AWS-0097;AWS-0123;AWS-0135;AWS-0140;AWS-0141;AWS-0143;AWS-0342;AWS-0345;AWS-0346;AZU-0007;AZU-0008;AZU-0009;AZU-0010;AZU-0011;AZU-0012;AZU-0056;AZU-0057;AZU-0058;AZU-0059;AZU-0060;AZU-0061;GCP-0027;GCP-0029;GCP-0030;GCP-0031;GCP-0032;GCP-0033;GCP-0034;GCP-0035;GCP-0036;GCP-0037;GCP-0039;GCP-0041;GCP-0042;GCP-0043;GCP-0044;GCP-0045;GCP-0067;GCP-0070;GCP-0071;GCP-0072;GCP-0073;GCP-0074;GCP-0075;GCP-0076,,AWS-0019;AWS-0056;AWS-0058;AWS-0059;AWS-0060;AWS-0061;AWS-0062;AWS-0063;AWS-0096;AWS-0097;AWS-0123;AWS-0135;AWS-0140;AWS-0141;AWS-0143;AWS-0342;AWS-0345;AWS-0346;AZU-0007;AZU-0008;AZU-0009;AZU-0010;AZU-0011;AZU-0012;AZU-0056;AZU-0057;AZU-0058;AZU-0059;AZU-0060;AZU-0061;GCP-0027;GCP-0029;GCP-0030;GCP-0031;GCP-0032;GCP-0033;GCP-0034;GCP-0035;GCP-0036;GCP-0037;GCP-0039;GCP-0041;GCP-0042;GCP-0043;GCP-0044;GCP-0045;GCP-0067;GCP-0070;GCP-0071;GCP-0072;GCP-0073;GCP-0074;GCP-0075;GCP-0076,
73,20260802_122336_60fa53ca,True,51,51,0,0,0,0,0,0,AWS-0019;AWS-0056;AWS-0058;AWS-0059;AWS-0060;AWS-0061;AWS-0062;AWS-0063;AWS-0123;AWS-0140;AWS-0141;AWS-0143;AWS-0342;AWS-0345;AWS-0346;AZU-0007;AZU-0008;AZU-0009;AZU-0010;AZU-0011;AZU-0012;AZU-0056;AZU-0057;AZU-0058;AZU-0059;AZU-0060;AZU-0061;GCP-0027;GCP-0029;GCP-0030;GCP-0031;GCP-0032;GCP-0033;GCP-0034;GCP-0035;GCP-0036;GCP-0037;GCP-0039;GCP-0041;GCP-0042;GCP-0043;GCP-0044;GCP-0045;GCP-0067;GCP-0070;GCP-0071;GCP-0072;GCP-0073;GCP-0074;GCP-0075;GCP-0076,,AWS-0019;AWS-0056;AWS-0058;AWS-0059;AWS-0060;AWS-0061;AWS-0062;AWS-0063;AWS-0123;AWS-0140;AWS-0141;AWS-0143;AWS-0342;AWS-0345;AWS-0346;AZU-0007;AZU-0008;AZU-0009;AZU-0010;AZU-0011;AZU-0012;AZU-0056;AZU-0057;AZU-0058;AZU-0059;AZU-0060;AZU-0061;GCP-0027;GCP-0029;GCP-0030;GCP-0031;GCP-0032;GCP-0033;GCP-0034;GCP-0035;GCP-0036;GCP-0037;GCP-0039;GCP-0041;GCP-0042;GCP-0043;GCP-0044;GCP-0045;GCP-0067;GCP-0070;GCP-0071;GCP-0072;GCP-0073;GCP-0074;GCP-0075;GCP-0076,
74,20260802_122512_b32e9539,False,62,60,2,0,0,1,1,0,AWS-0019;AWS-0056;AWS-0058;AWS-0059;AWS-0060;AWS-0061;AWS-0062;AWS-0063;AWS-0065;AWS-0086;AWS-0087;AWS-0091;AWS-0092;AWS-0093;AWS-0094;AWS-0123;AWS-0132;AWS-0140;AWS-0141;AWS-0143;AWS-0320;AWS-0342;AWS-0345;AWS-0346;AZU-0007;AZU-0008;AZU-0009;AZU-0010;AZU-0011;AZU-0012;AZU-0056;AZU-0057;AZU-0058;AZU-0059;AZU-0060;AZU-0061;GCP-0027;GCP-0029;GCP-0030;GCP-0031;GCP-0032;GCP-0033;GCP-0034;GCP-0035;GCP-0036;GCP-0037;GCP-0039;GCP-0041;GCP-0042;GCP-0043;GCP-0044;GCP-0045;GCP-0067;GCP-0070;GCP-0071;GCP-0072;GCP-0073;GCP-0074;GCP-0075;GCP-0076,AWS-0089;AWS-0090,AWS-0019;AWS-0056;AWS-0058;AWS-0059;AWS-0060;AWS-0061;AWS-0062;AWS-0063;AWS-0065;AWS-0086;AWS-0087;AWS-0091;AWS-0092;AWS-0093;AWS-0094;AWS-0123;AWS-0132;AWS-0140;AWS-0141;AWS-0143;AWS-0320;AWS-0342;AWS-0345;AWS-0346;AZU-0007;AZU-0008;AZU-0009;AZU-0010;AZU-0011;AZU-0012;AZU-0056;AZU-0057;AZU-0058;AZU-0059;AZU-0060;AZU-0061;GCP-0027;GCP-0029;GCP-0030;GCP-0031;GCP-0032;GCP-0033;GCP-0034;GCP-0035;GCP-0036;GCP-0037;GCP-0039;GCP-0041;GCP-0042;GCP-0043;GCP-0044;GCP-0045;GCP-0067;GCP-0070;GCP-0071;GCP-0072;GCP-0073;GCP-0074;GCP-0075;GCP-0076;AWS-0089;AWS-0090,
75,20260802_122931_5feb5d16,False,62,59,3,0,0,2,1,0,AWS-0019;AWS-0056;AWS-0058;AWS-0059;AWS-0060;AWS-0061;AWS-0062;AWS-0063;AWS-0086;AWS-0087;AWS-0091;AWS-0092;AWS-0093;AWS-0094;AWS-0123;AWS-0132;AWS-0140;AWS-0141;AWS-0143;AWS-0320;AWS-0342;AWS-0345;AWS-0346;AZU-0007;AZU-0008;AZU-0009;AZU-0010;AZU-0011;AZU-0012;AZU-0056;AZU-0057;AZU-0058;AZU-0059;AZU-0060;AZU-0061;GCP-0027;GCP-0029;GCP-0030;GCP-0031;GCP-0032;GCP-0033;GCP-0034;GCP-0035;GCP-0036;GCP-0037;GCP-0039;GCP-0041;GCP-0042;GCP-0043;GCP-0044;GCP-0045;GCP-0067;GCP-0070;GCP-0071;GCP-0072;GCP-0073;GCP-0074;GCP-0075;GCP-0076,AWS-0065;AWS-0089;AWS-0090,AWS-0019;AWS-0056;AWS-0058;AWS-0059;AWS-0060;AWS-0061;AWS-0062;AWS-0063;AWS-0086;AWS-0087;AWS-0091;AWS-0092;AWS-0093;AWS-0094;AWS-0123;AWS-0132;AWS-0140;AWS-0141;AWS-0143;AWS-0320;AWS-0342;AWS-0345;AWS-0346;AZU-0007;AZU-0008;AZU-0009;AZU-0010;AZU-0011;AZU-0012;AZU-0056;AZU-0057;AZU-0058;AZU-0059;AZU-0060;AZU-0061;GCP-0027;GCP-0029;GCP-0030;GCP-0031;GCP-0032;GCP-0033;GCP-0034;GCP-0035;GCP-0036;GCP-0037;GCP-0039;GCP-0041;GCP-0042;GCP-0043;GCP-0044;GCP-0045;GCP-0067;GCP-0070;GCP-0071;GCP-0072;GCP-0073;GCP-0074;GCP-0075;GCP-0076;AWS-0065;AWS-0089;AWS-0090,
76,20260802_123947_c8a0ea44,True,51,51,0,0,0,0,0,0,AWS-0019;AWS-0056;AWS-0058;AWS-0059;AWS-0060;AWS-0061;AWS-0062;AWS-0063;AWS-0123;AWS-0140;AWS-0141;AWS-0143;AWS-0342;AWS-0345;AWS-0346;AZU-0007;AZU-0008;AZU-0009;AZU-0010;AZU-0011;AZU-0012;AZU-0056;AZU-0057;AZU-0058;AZU-0059;AZU-0060;AZU-0061;GCP-0027;GCP-0029;GCP-0030;GCP-0031;GCP-0032;GCP-0033;GCP-0034;GCP-0035;GCP-0036;GCP-0037;GCP-0039;GCP-0041;GCP-0042;GCP-0043;GCP-0044;GCP-0045;GCP-0067;GCP-0070;GCP-0071;GCP-0072;GCP-0073;GCP-0074;GCP-0075;GCP-0076,,AWS-0019;AWS-0056;AWS-0058;AWS-0059;AWS-0060;AWS-0061;AWS-0062;AWS-0063;AWS-0123;AWS-0140;AWS-0141;AWS-0143;AWS-0342;AWS-0345;AWS-0346;AZU-0007;AZU-0008;AZU-0009;AZU-0010;AZU-0011;AZU-0012;AZU-0056;AZU-0057;AZU-0058;AZU-0059;AZU-0060;AZU-0061;GCP-0027;GCP-0029;GCP-0030;GCP-0031;GCP-0032;GCP-0033;GCP-0034;GCP-0035;GCP-0036;GCP-0037;GCP-0039;GCP-0041;GCP-0042;GCP-0043;GCP-0044;GCP-0045;GCP-0067;GCP-0070;GCP-0071;GCP-0072;GCP-0073;GCP-0074;GCP-0075;GCP-0076,
77,20260802_150830_7f42b94a,True,51,51,0,0,0,0,0,0,AWS-0019;AWS-0056;AWS-0058;AWS-0059;AWS-0060;AWS-0061;AWS-0062;AWS-0063;AWS-0123;AWS-0140;AWS-0141;AWS-0143;AWS-0342;AWS-0345;AWS-0346;AZU-0007;AZU-0008;AZU-0009;AZU-0010;AZU-0011;AZU-0012;AZU-0056;AZU-0057;AZU-0058;AZU-0059;AZU-0060;AZU-0061;GCP-0027;GCP-0029;GCP-0030;GCP-0031;GCP-0032;GCP-0033;GCP-0034;GCP-0035;GCP-0036;GCP-0037;GCP-0039;GCP-0041;GCP-0042;GCP-0043;GCP-0044;GCP-0045;GCP-0067;GCP-0070;GCP-0071;GCP-0072;GCP-0073;GCP-0074;GCP-0075;GCP-0076,,AWS-0019;AWS-0056;AWS-0058;AWS-0059;AWS-0060;AWS-0061;AWS-0062;AWS-0063;AWS-0123;AWS-0140;AWS-0141;AWS-0143;AWS-0342;AWS-0345;AWS-0346;AZU-0007;AZU-0008;AZU-0009;AZU-0010;AZU-0011;AZU-0012;AZU-0056;AZU-0057;AZU-0058;AZU-0059;AZU-0060;AZU-0061;GCP-0027;GCP-0029;GCP-0030;GCP-0031;GCP-0032;GCP-0033;GCP-0034;GCP-0035;GCP-0036;GCP-0037;GCP-0039;GCP-0041;GCP-0042;GCP-0043;GCP-0044;GCP-0045;GCP-0067;GCP-0070;GCP-0071;GCP-0072;GCP-0073;GCP-0074;GCP-0075;GCP-0076,
78,20260802_152630_b9e16796,False,69,65,4,0,0,2,2,0,AWS-0014;AWS-0015;AWS-0016;AWS-0019;AWS-0056;AWS-0058;AWS-0059;AWS-0060;AWS-0061;AWS-0062;AWS-0063;AWS-0086;AWS-0087;AWS-0091;AWS-0092;AWS-0093;AWS-0094;AWS-0123;AWS-0132;AWS-0140;AWS-0141;AWS-0143;AWS-0161;AWS-0162;AWS-0163;AWS-0320;AWS-0342;AWS-0345;AWS-0346;AZU-0007;AZU-0008;AZU-0009;AZU-0010;AZU-0011;AZU-0012;AZU-0056;AZU-0057;AZU-0058;AZU-0059;AZU-0060;AZU-0061;GCP-0027;GCP-0029;GCP-0030;GCP-0031;GCP-0032;GCP-0033;GCP-0034;GCP-0035;GCP-0036;GCP-0037;GCP-0039;GCP-0041;GCP-0042;GCP-0043;GCP-0044;GCP-0045;GCP-0067;GCP-0070;GCP-0071;GCP-0072;GCP-0073;GCP-0074;GCP-0075;GCP-0076,AWS-0017;AWS-0065;AWS-0089;AWS-0090,AWS-0014;AWS-0015;AWS-0016;AWS-0019;AWS-0056;AWS-0058;AWS-0059;AWS-0060;AWS-0061;AWS-0062;AWS-0063;AWS-0086;AWS-0087;AWS-0091;AWS-0092;AWS-0093;AWS-0094;AWS-0123;AWS-0132;AWS-0140;AWS-0141;AWS-0143;AWS-0161;AWS-0162;AWS-0163;AWS-0320;AWS-0342;AWS-0345;AWS-0346;AZU-0007;AZU-0008;AZU-0009;AZU-0010;AZU-0011;AZU-0012;AZU-0056;AZU-0057;AZU-0058;AZU-0059;AZU-0060;AZU-0061;GCP-0027;GCP-0029;GCP-0030;GCP-0031;GCP-0032;GCP-0033;GCP-0034;GCP-0035;GCP-0036;GCP-0037;GCP-0039;GCP-0041;GCP-0042;GCP-0043;GCP-0044;GCP-0045;GCP-0067;GCP-0070;GCP-0071;GCP-0072;GCP-0073;GCP-0074;GCP-0075;GCP-0076;AWS-0017;AWS-0065;AWS-0089;AWS-0090,
79,20260802_153501_414d2596,False,71,70,1,0,0,1,0,0,AWS-0008;AWS-0009;AWS-0019;AWS-0026;AWS-0027;AWS-0028;AWS-0029;AWS-0056;AWS-0058;AWS-0059;AWS-0060;AWS-0061;AWS-0062;AWS-0063;AWS-0099;AWS-0101;AWS-0102;AWS-0104;AWS-0105;AWS-0107;AWS-0122;AWS-0123;AWS-0124;AWS-0129;AWS-0130;AWS-0131;AWS-0140;AWS-0141;AWS-0143;AWS-0164;AWS-0342;AWS-0344;AWS-0345;AWS-0346;AZU-0007;AZU-0008;AZU-0009;AZU-0010;AZU-0011;AZU-0012;AZU-0056;AZU-0057;AZU-0058;AZU-0059;AZU-0060;AZU-0061;GCP-0027;GCP-0029;GCP-0030;GCP-0031;GCP-0032;GCP-0033;GCP-0034;GCP-0035;GCP-0036;GCP-0037;GCP-0039;GCP-0041;GCP-0042;GCP-0043;GCP-0044;GCP-0045;GCP-0067;GCP-0070;GCP-0071;GCP-0072;GCP-0073;GCP-0074;GCP-0075;GCP-0076,AWS-0178,AWS-0008;AWS-0009;AWS-0019;AWS-0026;AWS-0027;AWS-0028;AWS-0029;AWS-0056;AWS-0058;AWS-0059;AWS-0060;AWS-0061;AWS-0062;AWS-0063;AWS-0099;AWS-0101;AWS-0102;AWS-0104;AWS-0105;AWS-0107;AWS-0122;AWS-0123;AWS-0124;AWS-0129;AWS-0130;AWS-0131;AWS-0140;AWS-0141;AWS-0143;AWS-0164;AWS-0342;AWS-0344;AWS-0345;AWS-0346;AZU-0007;AZU-0008;AZU-0009;AZU-0010;AZU-0011;AZU-0012;AZU-0056;AZU-0057;AZU-0058;AZU-0059;AZU-0060;AZU-0061;GCP-0027;GCP-0029;GCP-0030;GCP-0031;GCP-0032;GCP-0033;GCP-0034;GCP-0035;GCP-0036;GCP-0037;GCP-0039;GCP-0041;GCP-0042;GCP-0043;GCP-0044;GCP-0045;GCP-0067;GCP-0070;GCP-0071;GCP-0072;GCP-0073;GCP-0074;GCP-0075;GCP-0076;AWS-0178,
80,20260802_154533_2070683c,True,51,51,0,0,0,0,0,0,AWS-0019;AWS-0056;AWS-0058;AWS-0059;AWS-0060;AWS-0061;AWS-0062;AWS-0063;AWS-0123;AWS-0140;AWS-0141;AWS-0143;AWS-0342;AWS-0345;AWS-0346;AZU-0007;AZU-0008;AZU-0009;AZU-0010;AZU-0011;AZU-0012;AZU-0056;AZU-0057;AZU-0058;AZU-0059;AZU-0060;AZU-0061;GCP-0027;GCP-0029;GCP-0030;GCP-0031;GCP-0032;GCP-0033;GCP-0034;GCP-0035;GCP-0036;GCP-0037;GCP-0039;GCP-0041;GCP-0042;GCP-0043;GCP-0044;GCP-0045;GCP-0067;GCP-0070;GCP-0071;GCP-0072;GCP-0073;GCP-0074;GCP-0075;GCP-0076,,AWS-0019;AWS-0056;AWS-0058;AWS-0059;AWS-0060;AWS-0061;AWS-0062;AWS-0063;AWS-0123;AWS-0140;AWS-0141;AWS-0143;AWS-0342;AWS-0345;AWS-0346;AZU-0007;AZU-0008;AZU-0009;AZU-0010;AZU-0011;AZU-0012;AZU-0056;AZU-0057;AZU-0058;AZU-0059;AZU-0060;AZU-0061;GCP-0027;GCP-0029;GCP-0030;GCP-0031;GCP-0032;GCP-0033;GCP-0034;GCP-0035;GCP-0036;GCP-0037;GCP-0039;GCP-0041;GCP-0042;GCP-0043;GCP-0044;GCP-0045;GCP-0067;GCP-0070;GCP-0071;GCP-0072;GCP-0073;GCP-0074;GCP-0075;GCP-0076,
81,20260802_155207_5f1e59e5,True,51,51,0,0,0,0,0,0,AWS-0019;AWS-0056;AWS-0058;AWS-0059;AWS-0060;AWS-0061;AWS-0062;AWS-0063;AWS-0123;AWS-0140;AWS-0141;AWS-0143;AWS-0342;AWS-0345;AWS-0346;AZU-0007;AZU-0008;AZU-0009;AZU-0010;AZU-0011;AZU-0012;AZU-0056;AZU-0057;AZU-0058;AZU-0059;AZU-0060;AZU-0061;GCP-0027;GCP-0029;GCP-0030;GCP-0031;GCP-0032;GCP-0033;GCP-0034;GCP-0035;GCP-0036;GCP-0037;GCP-0039;GCP-0041;GCP-0042;GCP-0043;GCP-0044;GCP-0045;GCP-0067;GCP-0070;GCP-0071;GCP-0072;GCP-0073;GCP-0074;GCP-0075;GCP-0076,,AWS-0019;AWS-0056;AWS-0058;AWS-0059;AWS-0060;AWS-0061;AWS-0062;AWS-0063;AWS-0123;AWS-0140;AWS-0141;AWS-0143;AWS-0342;AWS-0345;AWS-0346;AZU-0007;AZU-0008;AZU-0009;AZU-0010;AZU-0011;AZU-0012;AZU-0056;AZU-0057;AZU-0058;AZU-0059;AZU-0060;AZU-0061;GCP-0027;GCP-0029;GCP-0030;GCP-0031;GCP-0032;GCP-0033;GCP-0034;GCP-0035;GCP-0036;GCP-0037;GCP-0039;GCP-0041;GCP-0042;GCP-0043;GCP-0044;GCP-0045;GCP-0067;GCP-0070;GCP-0071;GCP-0072;GCP-0073;GCP-0074;GCP-0075;GCP-0076,
82,20260802_155525_b70db1bc,False,61,59,2,0,0,1,1,0,AWS-0019;AWS-0056;AWS-0058;AWS-0059;AWS-0060;AWS-0061;AWS-0062;AWS-0063;AWS-0086;AWS-0087;AWS-0091;AWS-0092;AWS-0093;AWS-0094;AWS-0123;AWS-0132;AWS-0140;AWS-0141;AWS-0143;AWS-0320;AWS-0342;AWS-0345;AWS-0346;AZU-0007;AZU-0008;AZU-0009;AZU-0010;AZU-0011;AZU-0012;AZU-0056;AZU-0057;AZU-0058;AZU-0059;AZU-0060;AZU-0061;GCP-0027;GCP-0029;GCP-0030;GCP-0031;GCP-0032;GCP-0033;GCP-0034;GCP-0035;GCP-0036;GCP-0037;GCP-0039;GCP-0041;GCP-0042;GCP-0043;GCP-0044;GCP-0045;GCP-0067;GCP-0070;GCP-0071;GCP-0072;GCP-0073;GCP-0074;GCP-0075;GCP-0076,AWS-0089;AWS-0090,AWS-0019;AWS-0056;AWS-0058;AWS-0059;AWS-0060;AWS-0061;AWS-0062;AWS-0063;AWS-0086;AWS-0087;AWS-0091;AWS-0092;AWS-0093;AWS-0094;AWS-0123;AWS-0132;AWS-0140;AWS-0141;AWS-0143;AWS-0320;AWS-0342;AWS-0345;AWS-0346;AZU-0007;AZU-0008;AZU-0009;AZU-0010;AZU-0011;AZU-0012;AZU-0056;AZU-0057;AZU-0058;AZU-0059;AZU-0060;AZU-0061;GCP-0027;GCP-0029;GCP-0030;GCP-0031;GCP-0032;GCP-0033;GCP-0034;GCP-0035;GCP-0036;GCP-0037;GCP-0039;GCP-0041;GCP-0042;GCP-0043;GCP-0044;GCP-0045;GCP-0067;GCP-0070;GCP-0071;GCP-0072;GCP-0073;GCP-0074;GCP-0075;GCP-0076;AWS-0089;AWS-0090,
83,20260802_160255_45592ee2,True,51,51,0,0,0,0,0,0,AWS-0019;AWS-0056;AWS-0058;AWS-0059;AWS-0060;AWS-0061;AWS-0062;AWS-0063;AWS-0123;AWS-0140;AWS-0141;AWS-0143;AWS-0342;AWS-0345;AWS-0346;AZU-0007;AZU-0008;AZU-0009;AZU-0010;AZU-0011;AZU-0012;AZU-0056;AZU-0057;AZU-0058;AZU-0059;AZU-0060;AZU-0061;GCP-0027;GCP-0029;GCP-0030;GCP-0031;GCP-0032;GCP-0033;GCP-0034;GCP-0035;GCP-0036;GCP-0037;GCP-0039;GCP-0041;GCP-0042;GCP-0043;GCP-0044;GCP-0045;GCP-0067;GCP-0070;GCP-0071;GCP-0072;GCP-0073;GCP-0074;GCP-0075;GCP-0076,,AWS-0019;AWS-0056;AWS-0058;AWS-0059;AWS-0060;AWS-0061;AWS-0062;AWS-0063;AWS-0123;AWS-0140;AWS-0141;AWS-0143;AWS-0342;AWS-0345;AWS-0346;AZU-0007;AZU-0008;AZU-0009;AZU-0010;AZU-0011;AZU-0012;AZU-0056;AZU-0057;AZU-0058;AZU-0059;AZU-0060;AZU-0061;GCP-0027;GCP-0029;GCP-0030;GCP-0031;GCP-0032;GCP-0033;GCP-0034;GCP-0035;GCP-0036;GCP-0037;GCP-0039;GCP-0041;GCP-0042;GCP-0043;GCP-0044;GCP-0045;GCP-0067;GCP-0070;GCP-0071;GCP-0072;GCP-0073;GCP-0074;GCP-0075;GCP-0076,
84,20260802_160704_b4e803ac,True,51,51,0,0,0,0,0,0,AWS-0019;AWS-0056;AWS-0058;AWS-0059;AWS-0060;AWS-0061;AWS-0062;AWS-0063;AWS-0123;AWS-0140;AWS-0141;AWS-0143;AWS-0342;AWS-0345;AWS-0346;AZU-0007;AZU-0008;AZU-0009;AZU-0010;AZU-0011;AZU-0012;AZU-0056;AZU-0057;AZU-0058;AZU-0059;AZU-0060;AZU-0061;GCP-0027;GCP-0029;GCP-0030;GCP-0031;GCP-0032;GCP-0033;GCP-0034;GCP-0035;GCP-0036;GCP-0037;GCP-0039;GCP-0041;GCP-0042;GCP-0043;GCP-0044;GCP-0045;GCP-0067;GCP-0070;GCP-0071;GCP-0072;GCP-0073;GCP-0074;GCP-0075;GCP-0076,,AWS-0019;AWS-0056;AWS-0058;AWS-0059;AWS-0060;AWS-0061;AWS-0062;AWS-0063;AWS-0123;AWS-0140;AWS-0141;AWS-0143;AWS-0342;AWS-0345;AWS-0346;AZU-0007;AZU-0008;AZU-0009;AZU-0010;AZU-0011;AZU-0012;AZU-0056;AZU-0057;AZU-0058;AZU-0059;AZU-0060;AZU-0061;GCP-0027;GCP-0029;GCP-0030;GCP-0031;GCP-0032;GCP-0033;GCP-0034;GCP-0035;GCP-0036;GCP-0037;GCP-0039;GCP-0041;GCP-0042;GCP-0043;GCP-0044;GCP-0045;GCP-0067;GCP-0070;GCP-0071;GCP-0072;GCP-0073;GCP-0074;GCP-0075;GCP-0076,
85,20260802_162556_ad3a2272,True,51,51,0,0,0,0,0,0,AWS-0019;AWS-0056;AWS-0058;AWS-0059;AWS-0060;AWS-0061;AWS-0062;AWS-0063;AWS-0123;AWS-0140;AWS-0141;AWS-0143;AWS-0342;AWS-0345;AWS-0346;AZU-0007;AZU-0008;AZU-0009;AZU-0010;AZU-0011;AZU-0012;AZU-0056;AZU-0057;AZU-0058;AZU-0059;AZU-0060;AZU-0061;GCP-0027;GCP-0029;GCP-0030;GCP-0031;GCP-0032;GCP-0033;GCP-0034;GCP-0035;GCP-0036;GCP-0037;GCP-0039;GCP-0041;GCP-0042;GCP-0043;GCP-0044;GCP-0045;GCP-0067;GCP-0070;GCP-0071;GCP-0072;GCP-0073;GCP-0074;GCP-0075;GCP-0076,,AWS-0019;AWS-0056;AWS-0058;AWS-0059;AWS-0060;AWS-0061;AWS-0062;AWS-0063;AWS-0123;AWS-0140;AWS-0141;AWS-0143;AWS-0342;AWS-0345;AWS-0346;AZU-0007;AZU-0008;AZU-0009;AZU-0010;AZU-0011;AZU-0012;AZU-0056;AZU-0057;AZU-0058;AZU-0059;AZU-0060;AZU-0061;GCP-0027;GCP-0029;GCP-0030;GCP-0031;GCP-0032;GCP-0033;GCP-0034;GCP-0035;GCP-0036;GCP-0037;GCP-0039;GCP-0041;GCP-0042;GCP-0043;GCP-0044;GCP-0045;GCP-0067;GCP-0070;GCP-0071;GCP-0072;GCP-0073;GCP-0074;GCP-0075;GCP-0076,
86,20260802_162832_daa981f7,False,65,64,1,0,0,0,1,0,AWS-0019;AWS-0023;AWS-0024;AWS-0025;AWS-0056;AWS-0058;AWS-0059;AWS-0060;AWS-0061;AWS-0062;AWS-0063;AWS-0065;AWS-0086;AWS-0087;AWS-0090;AWS-0091;AWS-0092;AWS-0093;AWS-0094;AWS-0123;AWS-0132;AWS-0140;AWS-0141;AWS-0143;AWS-0320;AWS-0342;AWS-0345;AWS-0346;AZU-0007;AZU-0008;AZU-0009;AZU-0010;AZU-0011;AZU-0012;AZU-0056;AZU-0057;AZU-0058;AZU-0059;AZU-0060;AZU-0061;GCP-0027;GCP-0029;GCP-0030;GCP-0031;GCP-0032;GCP-0033;GCP-0034;GCP-0035;GCP-0036;GCP-0037;GCP-0039;GCP-0041;GCP-0042;GCP-0043;GCP-0044;GCP-0045;GCP-0067;GCP-0070;GCP-0071;GCP-0072;GCP-0073;GCP-0074;GCP-0075;GCP-0076,AWS-0089,AWS-0019;AWS-0023;AWS-0024;AWS-0025;AWS-0056;AWS-0058;AWS-0059;AWS-0060;AWS-0061;AWS-0062;AWS-0063;AWS-0065;AWS-0086;AWS-0087;AWS-0090;AWS-0091;AWS-0092;AWS-0093;AWS-0094;AWS-0123;AWS-0132;AWS-0140;AWS-0141;AWS-0143;AWS-0320;AWS-0342;AWS-0345;AWS-0346;AZU-0007;AZU-0008;AZU-0009;AZU-0010;AZU-0011;AZU-0012;AZU-0056;AZU-0057;AZU-0058;AZU-0059;AZU-0060;AZU-0061;GCP-0027;GCP-0029;GCP-0030;GCP-0031;GCP-0032;GCP-0033;GCP-0034;GCP-0035;GCP-0036;GCP-0037;GCP-0039;GCP-0041;GCP-0042;GCP-0043;GCP-0044;GCP-0045;GCP-0067;GCP-0070;GCP-0071;GCP-0072;GCP-0073;GCP-0074;GCP-0075;GCP-0076;AWS-0089,
87,20260802_163426_c8427671,True,51,51,0,0,0,0,0,0,AWS-0019;AWS-0056;AWS-0058;AWS-0059;AWS-0060;AWS-0061;AWS-0062;AWS-0063;AWS-0123;AWS-0140;AWS-0141;AWS-0143;AWS-0342;AWS-0345;AWS-0346;AZU-0007;AZU-0008;AZU-0009;AZU-0010;AZU-0011;AZU-0012;AZU-0056;AZU-0057;AZU-0058;AZU-0059;AZU-0060;AZU-0061;GCP-0027;GCP-0029;GCP-0030;GCP-0031;GCP-0032;GCP-0033;GCP-0034;GCP-0035;GCP-0036;GCP-0037;GCP-0039;GCP-0041;GCP-0042;GCP-0043;GCP-0044;GCP-0045;GCP-0067;GCP-0070;GCP-0071;GCP-0072;GCP-0073;GCP-0074;GCP-0075;GCP-0076,,AWS-0019;AWS-0056;AWS-0058;AWS-0059;AWS-0060;AWS-0061;AWS-0062;AWS-0063;AWS-0123;AWS-0140;AWS-0141;AWS-0143;AWS-0342;AWS-0345;AWS-0346;AZU-0007;AZU-0008;AZU-0009;AZU-0010;AZU-0011;AZU-0012;AZU-0056;AZU-0057;AZU-0058;AZU-0059;AZU-0060;AZU-0061;GCP-0027;GCP-0029;GCP-0030;GCP-0031;GCP-0032;GCP-0033;GCP-0034;GCP-0035;GCP-0036;GCP-0037;GCP-0039;GCP-0041;GCP-0042;GCP-0043;GCP-0044;GCP-0045;GCP-0067;GCP-0070;GCP-0071;GCP-0072;GCP-0073;GCP-0074;GCP-0075;GCP-0076,
88,20260802_163926_1bee9a48,False,71,70,1,0,0,1,0,0,AWS-0008;AWS-0009;AWS-0019;AWS-0026;AWS-0027;AWS-0028;AWS-0029;AWS-0056;AWS-0058;AWS-0059;AWS-0060;AWS-0061;AWS-0062;AWS-0063;AWS-0099;AWS-0101;AWS-0102;AWS-0104;AWS-0105;AWS-0107;AWS-0122;AWS-0123;AWS-0124;AWS-0129;AWS-0130;AWS-0131;AWS-0140;AWS-0141;AWS-0143;AWS-0164;AWS-0342;AWS-0344;AWS-0345;AWS-0346;AZU-0007;AZU-0008;AZU-0009;AZU-0010;AZU-0011;AZU-0012;AZU-0056;AZU-0057;AZU-0058;AZU-0059;AZU-0060;AZU-0061;GCP-0027;GCP-0029;GCP-0030;GCP-0031;GCP-0032;GCP-0033;GCP-0034;GCP-0035;GCP-0036;GCP-0037;GCP-0039;GCP-0041;GCP-0042;GCP-0043;GCP-0044;GCP-0045;GCP-0067;GCP-0070;GCP-0071;GCP-0072;GCP-0073;GCP-0074;GCP-0075;GCP-0076,AWS-0178,AWS-0008;AWS-0009;AWS-0019;AWS-0026;AWS-0027;AWS-0028;AWS-0029;AWS-0056;AWS-0058;AWS-0059;AWS-0060;AWS-0061;AWS-0062;AWS-0063;AWS-0099;AWS-0101;AWS-0102;AWS-0104;AWS-0105;AWS-0107;AWS-0122;AWS-0123;AWS-0124;AWS-0129;AWS-0130;AWS-0131;AWS-0140;AWS-0141;AWS-0143;AWS-0164;AWS-0342;AWS-0344;AWS-0345;AWS-0346;AZU-0007;AZU-0008;AZU-0009;AZU-0010;AZU-0011;AZU-0012;AZU-0056;AZU-0057;AZU-0058;AZU-0059;AZU-0060;AZU-0061;GCP-0027;GCP-0029;GCP-0030;GCP-0031;GCP-0032;GCP-0033;GCP-0034;GCP-0035;GCP-0036;GCP-0037;GCP-0039;GCP-0041;GCP-0042;GCP-0043;GCP-0044;GCP-0045;GCP-0067;GCP-0070;GCP-0071;GCP-0072;GCP-0073;GCP-0074;GCP-0075;GCP-0076;AWS-0178,
89,20260802_164715_21cd792e,True,62,62,0,0,0,0,0,0,AWS-0019;AWS-0056;AWS-0058;AWS-0059;AWS-0060;AWS-0061;AWS-0062;AWS-0063;AWS-0065;AWS-0086;AWS-0087;AWS-0089;AWS-0090;AWS-0091;AWS-0092;AWS-0093;AWS-0094;AWS-0123;AWS-0132;AWS-0140;AWS-0141;AWS-0143;AWS-0320;AWS-0342;AWS-0345;AWS-0346;AZU-0007;AZU-0008;AZU-0009;AZU-0010;AZU-0011;AZU-0012;AZU-0056;AZU-0057;AZU-0058;AZU-0059;AZU-0060;AZU-0061;GCP-0027;GCP-0029;GCP-0030;GCP-0031;GCP-0032;GCP-0033;GCP-0034;GCP-0035;GCP-0036;GCP-0037;GCP-0039;GCP-0041;GCP-0042;GCP-0043;GCP-0044;GCP-0045;GCP-0067;GCP-0070;GCP-0071;GCP-0072;GCP-0073;GCP-0074;GCP-0075;GCP-0076,,AWS-0019;AWS-0056;AWS-0058;AWS-0059;AWS-0060;AWS-0061;AWS-0062;AWS-0063;AWS-0065;AWS-0086;AWS-0087;AWS-0089;AWS-0090;AWS-0091;AWS-0092;AWS-0093;AWS-0094;AWS-0123;AWS-0132;AWS-0140;AWS-0141;AWS-0143;AWS-0320;AWS-0342;AWS-0345;AWS-0346;AZU-0007;AZU-0008;AZU-0009;AZU-0010;AZU-0011;AZU-0012;AZU-0056;AZU-0057;AZU-0058;AZU-0059;AZU-0060;AZU-0061;GCP-0027;GCP-0029;GCP-0030;GCP-0031;GCP-0032;GCP-0033;GCP-0034;GCP-0035;GCP-0036;GCP-0037;GCP-0039;GCP-0041;GCP-0042;GCP-0043;GCP-0044;GCP-0045;GCP-0067;GCP-0070;GCP-0071;GCP-0072;GCP-0073;GCP-0074;GCP-0075;GCP-0076,
90,20260802_170807_f0562939,False,66,63,3,0,0,2,1,0,AWS-0011;AWS-0012;AWS-0013;AWS-0019;AWS-0056;AWS-0058;AWS-0059;AWS-0060;AWS-0061;AWS-0062;AWS-0063;AWS-0086;AWS-0087;AWS-0090;AWS-0091;AWS-0092;AWS-0093;AWS-0094;AWS-0123;AWS-0132;AWS-0140;AWS-0141;AWS-0143;AWS-0320;AWS-0342;AWS-0345;AWS-0346;AZU-0007;AZU-0008;AZU-0009;AZU-0010;AZU-0011;AZU-0012;AZU-0056;AZU-0057;AZU-0058;AZU-0059;AZU-0060;AZU-0061;GCP-0027;GCP-0029;GCP-0030;GCP-0031;GCP-0032;GCP-0033;GCP-0034;GCP-0035;GCP-0036;GCP-0037;GCP-0039;GCP-0041;GCP-0042;GCP-0043;GCP-0044;GCP-0045;GCP-0067;GCP-0070;GCP-0071;GCP-0072;GCP-0073;GCP-0074;GCP-0075;GCP-0076,AWS-0010;AWS-0065;AWS-0089,AWS-0011;AWS-0012;AWS-0013;AWS-0019;AWS-0056;AWS-0058;AWS-0059;AWS-0060;AWS-0061;AWS-0062;AWS-0063;AWS-0086;AWS-0087;AWS-0090;AWS-0091;AWS-0092;AWS-0093;AWS-0094;AWS-0123;AWS-0132;AWS-0140;AWS-0141;AWS-0143;AWS-0320;AWS-0342;AWS-0345;AWS-0346;AZU-0007;AZU-0008;AZU-0009;AZU-0010;AZU-0011;AZU-0012;AZU-0056;AZU-0057;AZU-0058;AZU-0059;AZU-0060;AZU-0061;GCP-0027;GCP-0029;GCP-0030;GCP-0031;GCP-0032;GCP-0033;GCP-0034;GCP-0035;GCP-0036;GCP-0037;GCP-0039;GCP-0041;GCP-0042;GCP-0043;GCP-0044;GCP-0045;GCP-0067;GCP-0070;GCP-0071;GCP-0072;GCP-0073;GCP-0074;GCP-0075;GCP-0076;AWS-0010;AWS-0065;AWS-0089,
91,20260802_171330_90715790,False,65,62,3,0,0,1,2,0,AWS-0019;AWS-0023;AWS-0056;AWS-0058;AWS-0059;AWS-0060;AWS-0061;AWS-0062;AWS-0063;AWS-0065;AWS-0086;AWS-0087;AWS-0090;AWS-0091;AWS-0092;AWS-0093;AWS-0094;AWS-0123;AWS-0132;AWS-0140;AWS-0141;AWS-0143;AWS-0320;AWS-0342;AWS-0345;AWS-0346;AZU-0007;AZU-0008;AZU-0009;AZU-0010;AZU-0011;AZU-0012;AZU-0056;AZU-0057;AZU-0058;AZU-0059;AZU-0060;AZU-0061;GCP-0027;GCP-0029;GCP-0030;GCP-0031;GCP-0032;GCP-0033;GCP-0034;GCP-0035;GCP-0036;GCP-0037;GCP-0039;GCP-0041;GCP-0042;GCP-0043;GCP-0044;GCP-0045;GCP-0067;GCP-0070;GCP-0071;GCP-0072;GCP-0073;GCP-0074;GCP-0075;GCP-0076,AWS-0024;AWS-0025;AWS-0089,AWS-0019;AWS-0023;AWS-0056;AWS-0058;AWS-0059;AWS-0060;AWS-0061;AWS-0062;AWS-0063;AWS-0065;AWS-0086;AWS-0087;AWS-0090;AWS-0091;AWS-0092;AWS-0093;AWS-0094;AWS-0123;AWS-0132;AWS-0140;AWS-0141;AWS-0143;AWS-0320;AWS-0342;AWS-0345;AWS-0346;AZU-0007;AZU-0008;AZU-0009;AZU-0010;AZU-0011;AZU-0012;AZU-0056;AZU-0057;AZU-0058;AZU-0059;AZU-0060;AZU-0061;GCP-0027;GCP-0029;GCP-0030;GCP-0031;GCP-0032;GCP-0033;GCP-0034;GCP-0035;GCP-0036;GCP-0037;GCP-0039;GCP-0041;GCP-0042;GCP-0043;GCP-0044;GCP-0045;GCP-0067;GCP-0070;GCP-0071;GCP-0072;GCP-0073;GCP-0074;GCP-0075;GCP-0076;AWS-0024;AWS-0025;AWS-0089,
92,20260802_171708_76906772,False,51,49,2,0,0,1,1,0,AWS-0019;AWS-0056;AWS-0058;AWS-0059;AWS-0060;AWS-0061;AWS-0062;AWS-0063;AWS-0123;AWS-0140;AWS-0141;AWS-0345;AWS-0346;AZU-0007;AZU-0008;AZU-0009;AZU-0010;AZU-0011;AZU-0012;AZU-0056;AZU-0057;AZU-0058;AZU-0059;AZU-0060;AZU-0061;GCP-0027;GCP-0029;GCP-0030;GCP-0031;GCP-0032;GCP-0033;GCP-0034;GCP-0035;GCP-0036;GCP-0037;GCP-0039;GCP-0041;GCP-0042;GCP-0043;GCP-0044;GCP-0045;GCP-0067;GCP-0070;GCP-0071;GCP-0072;GCP-0073;GCP-0074;GCP-0075;GCP-0076,AWS-0143;AWS-0342,AWS-0019;AWS-0056;AWS-0058;AWS-0059;AWS-0060;AWS-0061;AWS-0062;AWS-0063;AWS-0123;AWS-0140;AWS-0141;AWS-0345;AWS-0346;AZU-0007;AZU-0008;AZU-0009;AZU-0010;AZU-0011;AZU-0012;AZU-0056;AZU-0057;AZU-0058;AZU-0059;AZU-0060;AZU-0061;GCP-0027;GCP-0029;GCP-0030;GCP-0031;GCP-0032;GCP-0033;GCP-0034;GCP-0035;GCP-0036;GCP-0037;GCP-0039;GCP-0041;GCP-0042;GCP-0043;GCP-0044;GCP-0045;GCP-0067;GCP-0070;GCP-0071;GCP-0072;GCP-0073;GCP-0074;GCP-0075;GCP-0076;AWS-0143;AWS-0342,
93,20260802_171941_2c423b80,True,51,51,0,0,0,0,0,0,AWS-0019;AWS-0056;AWS-0058;AWS-0059;AWS-0060;AWS-0061;AWS-0062;AWS-0063;AWS-0123;AWS-0140;AWS-0141;AWS-0143;AWS-0342;AWS-0345;AWS-0346;AZU-0007;AZU-0008;AZU-0009;AZU-0010;AZU-0011;AZU-0012;AZU-0056;AZU-0057;AZU-0058;AZU-0059;AZU-0060;AZU-0061;GCP-0027;GCP-0029;GCP-0030;GCP-0031;GCP-0032;GCP-0033;GCP-0034;GCP-0035;GCP-0036;GCP-0037;GCP-0039;GCP-0041;GCP-0042;GCP-0043;GCP-0044;GCP-0045;GCP-0067;GCP-0070;GCP-0071;GCP-0072;GCP-0073;GCP-0074;GCP-0075;GCP-0076,,AWS-0019;AWS-0056;AWS-0058;AWS-0059;AWS-0060;AWS-0061;AWS-0062;AWS-0063;AWS-0123;AWS-0140;AWS-0141;AWS-0143;AWS-0342;AWS-0345;AWS-0346;AZU-0007;AZU-0008;AZU-0009;AZU-0010;AZU-0011;AZU-0012;AZU-0056;AZU-0057;AZU-0058;AZU-0059;AZU-0060;AZU-0061;GCP-0027;GCP-0029;GCP-0030;GCP-0031;GCP-0032;GCP-0033;GCP-0034;GCP-0035;GCP-0036;GCP-0037;GCP-0039;GCP-0041;GCP-0042;GCP-0043;GCP-0044;GCP-0045;GCP-0067;GCP-0070;GCP-0071;GCP-0072;GCP-0073;GCP-0074;GCP-0075;GCP-0076,
94,20260802_173347_5b39a370,False,52,51,1,0,0,1,0,0,AWS-0019;AWS-0056;AWS-0058;AWS-0059;AWS-0060;AWS-0061;AWS-0062;AWS-0063;AWS-0123;AWS-0140;AWS-0141;AWS-0143;AWS-0342;AWS-0345;AWS-0346;AZU-0007;AZU-0008;AZU-0009;AZU-0010;AZU-0011;AZU-0012;AZU-0056;AZU-0057;AZU-0058;AZU-0059;AZU-0060;AZU-0061;GCP-0027;GCP-0029;GCP-0030;GCP-0031;GCP-0032;GCP-0033;GCP-0034;GCP-0035;GCP-0036;GCP-0037;GCP-0039;GCP-0041;GCP-0042;GCP-0043;GCP-0044;GCP-0045;GCP-0067;GCP-0070;GCP-0071;GCP-0072;GCP-0073;GCP-0074;GCP-0075;GCP-0076,AWS-0065,AWS-0019;AWS-0056;AWS-0058;AWS-0059;AWS-0060;AWS-0061;AWS-0062;AWS-0063;AWS-0123;AWS-0140;AWS-0141;AWS-0143;AWS-0342;AWS-0345;AWS-0346;AZU-0007;AZU-0008;AZU-0009;AZU-0010;AZU-0011;AZU-0012;AZU-0056;AZU-0057;AZU-0058;AZU-0059;AZU-0060;AZU-0061;GCP-0027;GCP-0029;GCP-0030;GCP-0031;GCP-0032;GCP-0033;GCP-0034;GCP-0035;GCP-0036;GCP-0037;GCP-0039;GCP-0041;GCP-0042;GCP-0043;GCP-0044;GCP-0045;GCP-0067;GCP-0070;GCP-0071;GCP-0072;GCP-0073;GCP-0074;GCP-0075;GCP-0076;AWS-0065,
95,20260802_173730_254582ab,True,51,51,0,0,0,0,0,0,AWS-0019;AWS-0056;AWS-0058;AWS-0059;AWS-0060;AWS-0061;AWS-0062;AWS-0063;AWS-0123;AWS-0140;AWS-0141;AWS-0143;AWS-0342;AWS-0345;AWS-0346;AZU-0007;AZU-0008;AZU-0009;AZU-0010;AZU-0011;AZU-0012;AZU-0056;AZU-0057;AZU-0058;AZU-0059;AZU-0060;AZU-0061;GCP-0027;GCP-0029;GCP-0030;GCP-0031;GCP-0032;GCP-0033;GCP-0034;GCP-0035;GCP-0036;GCP-0037;GCP-0039;GCP-0041;GCP-0042;GCP-0043;GCP-0044;GCP-0045;GCP-0067;GCP-0070;GCP-0071;GCP-0072;GCP-0073;GCP-0074;GCP-0075;GCP-0076,,AWS-0019;AWS-0056;AWS-0058;AWS-0059;AWS-0060;AWS-0061;AWS-0062;AWS-0063;AWS-0123;AWS-0140;AWS-0141;AWS-0143;AWS-0342;AWS-0345;AWS-0346;AZU-0007;AZU-0008;AZU-0009;AZU-0010;AZU-0011;AZU-0012;AZU-0056;AZU-0057;AZU-0058;AZU-0059;AZU-0060;AZU-0061;GCP-0027;GCP-0029;GCP-0030;GCP-0031;GCP-0032;GCP-0033;GCP-0034;GCP-0035;GCP-0036;GCP-0037;GCP-0039;GCP-0041;GCP-0042;GCP-0043;GCP-0044;GCP-0045;GCP-0067;GCP-0070;GCP-0071;GCP-0072;GCP-0073;GCP-0074;GCP-0075;GCP-0076,
96,20260802_174036_03406aa5,False,72,70,2,0,0,2,0,0,AWS-0008;AWS-0009;AWS-0019;AWS-0026;AWS-0027;AWS-0028;AWS-0029;AWS-0056;AWS-0058;AWS-0059;AWS-0060;AWS-0061;AWS-0062;AWS-0063;AWS-0099;AWS-0101;AWS-0102;AWS-0104;AWS-0105;AWS-0107;AWS-0122;AWS-0123;AWS-0124;AWS-0129;AWS-0130;AWS-0131;AWS-0140;AWS-0141;AWS-0143;AWS-0164;AWS-0342;AWS-0344;AWS-0345;AWS-0346;AZU-0007;AZU-0008;AZU-0009;AZU-0010;AZU-0011;AZU-0012;AZU-0056;AZU-0057;AZU-0058;AZU-0059;AZU-0060;AZU-0061;GCP-0027;GCP-0029;GCP-0030;GCP-0031;GCP-0032;GCP-0033;GCP-0034;GCP-0035;GCP-0036;GCP-0037;GCP-0039;GCP-0041;GCP-0042;GCP-0043;GCP-0044;GCP-0045;GCP-0067;GCP-0070;GCP-0071;GCP-0072;GCP-0073;GCP-0074;GCP-0075;GCP-0076,AWS-0178,AWS-0008;AWS-0009;AWS-0019;AWS-0026;AWS-0027;AWS-0028;AWS-0029;AWS-0056;AWS-0058;AWS-0059;AWS-0060;AWS-0061;AWS-0062;AWS-0063;AWS-0099;AWS-0101;AWS-0102;AWS-0104;AWS-0105;AWS-0107;AWS-0122;AWS-0123;AWS-0124;AWS-0129;AWS-0130;AWS-0131;AWS-0140;AWS-0141;AWS-0143;AWS-0164;AWS-0342;AWS-0344;AWS-0345;AWS-0346;AZU-0007;AZU-0008;AZU-0009;AZU-0010;AZU-0011;AZU-0012;AZU-0056;AZU-0057;AZU-0058;AZU-0059;AZU-0060;AZU-0061;GCP-0027;GCP-0029;GCP-0030;GCP-0031;GCP-0032;GCP-0033;GCP-0034;GCP-0035;GCP-0036;GCP-0037;GCP-0039;GCP-0041;GCP-0042;GCP-0043;GCP-0044;GCP-0045;GCP-0067;GCP-0070;GCP-0071;GCP-0072;GCP-0073;GCP-0074;GCP-0075;GCP-0076;AWS-0178,
97,20260802_174319_7fc1fb8f,False,62,59,3,0,0,2,1,0,AWS-0019;AWS-0056;AWS-0058;AWS-0059;AWS-0060;AWS-0061;AWS-0062;AWS-0063;AWS-0086;AWS-0087;AWS-0091;AWS-0092;AWS-0093;AWS-0094;AWS-0123;AWS-0132;AWS-0140;AWS-0141;AWS-0143;AWS-0320;AWS-0342;AWS-0345;AWS-0346;AZU-0007;AZU-0008;AZU-0009;AZU-0010;AZU-0011;AZU-0012;AZU-0056;AZU-0057;AZU-0058;AZU-0059;AZU-0060;AZU-0061;GCP-0027;GCP-0029;GCP-0030;GCP-0031;GCP-0032;GCP-0033;GCP-0034;GCP-0035;GCP-0036;GCP-0037;GCP-0039;GCP-0041;GCP-0042;GCP-0043;GCP-0044;GCP-0045;GCP-0067;GCP-0070;GCP-0071;GCP-0072;GCP-0073;GCP-0074;GCP-0075;GCP-0076,AWS-0065;AWS-0089;AWS-0090,AWS-0019;AWS-0056;AWS-0058;AWS-0059;AWS-0060;AWS-0061;AWS-0062;AWS-0063;AWS-0086;AWS-0087;AWS-0091;AWS-0092;AWS-0093;AWS-0094;AWS-0123;AWS-0132;AWS-0140;AWS-0141;AWS-0143;AWS-0320;AWS-0342;AWS-0345;AWS-0346;AZU-0007;AZU-0008;AZU-0009;AZU-0010;AZU-0011;AZU-0012;AZU-0056;AZU-0057;AZU-0058;AZU-0059;AZU-0060;AZU-0061;GCP-0027;GCP-0029;GCP-0030;GCP-0031;GCP-0032;GCP-0033;GCP-0034;GCP-0035;GCP-0036;GCP-0037;GCP-0039;GCP-0041;GCP-0042;GCP-0043;GCP-0044;GCP-0045;GCP-0067;GCP-0070;GCP-0071;GCP-0072;GCP-0073;GCP-0074;GCP-0075;GCP-0076;AWS-0065;AWS-0089;AWS-0090,
98,20260802_175459_9558fe96,True,51,51,0,0,0,0,0,0,AWS-0019;AWS-0056;AWS-0058;AWS-0059;AWS-0060;AWS-0061;AWS-0062;AWS-0063;AWS-0123;AWS-0140;AWS-0141;AWS-0143;AWS-0342;AWS-0345;AWS-0346;AZU-0007;AZU-0008;AZU-0009;AZU-0010;AZU-0011;AZU-0012;AZU-0056;AZU-0057;AZU-0058;AZU-0059;AZU-0060;AZU-0061;GCP-0027;GCP-0029;GCP-0030;GCP-0031;GCP-0032;GCP-0033;GCP-0034;GCP-0035;GCP-0036;GCP-0037;GCP-0039;GCP-0041;GCP-0042;GCP-0043;GCP-0044;GCP-0045;GCP-0067;GCP-0070;GCP-0071;GCP-0072;GCP-0073;GCP-0074;GCP-0075;GCP-0076,,AWS-0019;AWS-0056;AWS-0058;AWS-0059;AWS-0060;AWS-0061;AWS-0062;AWS-0063;AWS-0123;AWS-0140;AWS-0141;AWS-0143;AWS-0342;AWS-0345;AWS-0346;AZU-0007;AZU-0008;AZU-0009;AZU-0010;AZU-0011;AZU-0012;AZU-0056;AZU-0057;AZU-0058;AZU-0059;AZU-0060;AZU-0061;GCP-0027;GCP-0029;GCP-0030;GCP-0031;GCP-0032;GCP-0033;GCP-0034;GCP-0035;GCP-0036;GCP-0037;GCP-0039;GCP-0041;GCP-0042;GCP-0043;GCP-0044;GCP-0045;GCP-0067;GCP-0070;GCP-0071;GCP-0072;GCP-0073;GCP-0074;GCP-0075;GCP-0076,
99,20260802_180018_c6960543,False,64,62,2,0,0,1,1,0,AWS-0019;AWS-0056;AWS-0058;AWS-0059;AWS-0060;AWS-0061;AWS-0062;AWS-0063;AWS-0086;AWS-0087;AWS-0090;AWS-0091;AWS-0092;AWS-0093;AWS-0094;AWS-0095;AWS-0123;AWS-0132;AWS-0136;AWS-0140;AWS-0141;AWS-0143;AWS-0320;AWS-0342;AWS-0345;AWS-0346;AZU-0007;AZU-0008;AZU-0009;AZU-0010;AZU-0011;AZU-0012;AZU-0056;AZU-0057;AZU-0058;AZU-0059;AZU-0060;AZU-0061;GCP-0027;GCP-0029;GCP-0030;GCP-0031;GCP-0032;GCP-0033;GCP-0034;GCP-0035;GCP-0036;GCP-0037;GCP-0039;GCP-0041;GCP-0042;GCP-0043;GCP-0044;GCP-0045;GCP-0067;GCP-0070;GCP-0071;GCP-0072;GCP-0073;GCP-0074;GCP-0075;GCP-0076,AWS-0065;AWS-0089,AWS-0019;AWS-0056;AWS-0058;AWS-0059;AWS-0060;AWS-0061;AWS-0062;AWS-0063;AWS-0086;AWS-0087;AWS-0090;AWS-0091;AWS-0092;AWS-0093;AWS-0094;AWS-0095;AWS-0123;AWS-0132;AWS-0136;AWS-0140;AWS-0141;AWS-0143;AWS-0320;AWS-0342;AWS-0345;AWS-0346;AZU-0007;AZU-0008;AZU-0009;AZU-0010;AZU-0011;AZU-0012;AZU-0056;AZU-0057;AZU-0058;AZU-0059;AZU-0060;AZU-0061;GCP-0027;GCP-0029;GCP-0030;GCP-0031;GCP-0032;GCP-0033;GCP-0034;GCP-0035;GCP-0036;GCP-0037;GCP-0039;GCP-0041;GCP-0042;GCP-0043;GCP-0044;GCP-0045;GCP-0067;GCP-0070;GCP-0071;GCP-0072;GCP-0073;GCP-0074;GCP-0075;GCP-0076;AWS-0065;AWS-0089,
100,20260802_182653_5a9216fc,False,51,50,1,0,0,1,0,0,AWS-0019;AWS-0056;AWS-0058;AWS-0059;AWS-0060;AWS-0061;AWS-0062;AWS-0063;AWS-0140;AWS-0141;AWS-0143;AWS-0342;AWS-0345;AWS-0346;AZU-0007;AZU-0008;AZU-0009;AZU-0010;AZU-0011;AZU-0012;AZU-0056;AZU-0057;AZU-0058;AZU-0059;AZU-0060;AZU-0061;GCP-0027;GCP-0029;GCP-0030;GCP-0031;GCP-0032;GCP-0033;GCP-0034;GCP-0035;GCP-0036;GCP-0037;GCP-0039;GCP-0041;GCP-0042;GCP-0043;GCP-0044;GCP-0045;GCP-0067;GCP-0070;GCP-0071;GCP-0072;GCP-0073;GCP-0074;GCP-0075;GCP-0076,AWS-0123,AWS-0019;AWS-0056;AWS-0058;AWS-0059;AWS-0060;AWS-0061;AWS-0062;AWS-0063;AWS-0140;AWS-0141;AWS-0143;AWS-0342;AWS-0345;AWS-0346;AZU-0007;AZU-0008;AZU-0009;AZU-0010;AZU-0011;AZU-0012;AZU-0056;AZU-0057;AZU-0058;AZU-0059;AZU-0060;AZU-0061;GCP-0027;GCP-0029;GCP-0030;GCP-0031;GCP-0032;GCP-0033;GCP-0034;GCP-0035;GCP-0036;GCP-0037;GCP-0039;GCP-0041;GCP-0042;GCP-0043;GCP-0044;GCP-0045;GCP-0067;GCP-0070;GCP-0071;GCP-0072;GCP-0073;GCP-0074;GCP-0075;GCP-0076;AWS-0123,
101,20260802_185228_9e38a075,True,51,51,0,0,0,0,0,0,AWS-0019;AWS-0056;AWS-0058;AWS-0059;AWS-0060;AWS-0061;AWS-0062;AWS-0063;AWS-0123;AWS-0140;AWS-0141;AWS-0143;AWS-0342;AWS-0345;AWS-0346;AZU-0007;AZU-0008;AZU-0009;AZU-0010;AZU-0011;AZU-0012;AZU-0056;AZU-0057;AZU-0058;AZU-0059;AZU-0060;AZU-0061;GCP-0027;GCP-0029;GCP-0030;GCP-0031;GCP-0032;GCP-0033;GCP-0034;GCP-0035;GCP-0036;GCP-0037;GCP-0039;GCP-0041;GCP-0042;GCP-0043;GCP-0044;GCP-0045;GCP-0067;GCP-0070;GCP-0071;GCP-0072;GCP-0073;GCP-0074;GCP-0075;GCP-0076,,AWS-0019;AWS-0056;AWS-0058;AWS-0059;AWS-0060;AWS-0061;AWS-0062;AWS-0063;AWS-0123;AWS-0140;AWS-0141;AWS-0143;AWS-0342;AWS-0345;AWS-0346;AZU-0007;AZU-0008;AZU-0009;AZU-0010;AZU-0011;AZU-0012;AZU-0056;AZU-0057;AZU-0058;AZU-0059;AZU-0060;AZU-0061;GCP-0027;GCP-0029;GCP-0030;GCP-0031;GCP-0032;GCP-0033;GCP-0034;GCP-0035;GCP-0036;GCP-0037;GCP-0039;GCP-0041;GCP-0042;GCP-0043;GCP-0044;GCP-0045;GCP-0067;GCP-0070;GCP-0071;GCP-0072;GCP-0073;GCP-0074;GCP-0075;GCP-0076,
102,20260802_191514_ae3f4dd9,False,52,51,1,0,0,0,1,0,AWS-0019;AWS-0056;AWS-0058;AWS-0059;AWS-0060;AWS-0061;AWS-0062;AWS-0063;AWS-0123;AWS-0140;AWS-0141;AWS-0143;AWS-0342;AWS-0345;AWS-0346;AZU-0007;AZU-0008;AZU-0009;AZU-0010;AZU-0011;AZU-0012;AZU-0056;AZU-0057;AZU-0058;AZU-0059;AZU-0060;AZU-0061;GCP-0027;GCP-0029;GCP-0030;GCP-0031;GCP-0032;GCP-0033;GCP-0034;GCP-0035;GCP-0036;GCP-0037;GCP-0039;GCP-0041;GCP-0042;GCP-0043;GCP-0044;GCP-0045;GCP-0067;GCP-0070;GCP-0071;GCP-0072;GCP-0073;GCP-0074;GCP-0075;GCP-0076,AWS-0017,AWS-0019;AWS-0056;AWS-0058;AWS-0059;AWS-0060;AWS-0061;AWS-0062;AWS-0063;AWS-0123;AWS-0140;AWS-0141;AWS-0143;AWS-0342;AWS-0345;AWS-0346;AZU-0007;AZU-0008;AZU-0009;AZU-0010;AZU-0011;AZU-0012;AZU-0056;AZU-0057;AZU-0058;AZU-0059;AZU-0060;AZU-0061;GCP-0027;GCP-0029;GCP-0030;GCP-0031;GCP-0032;GCP-0033;GCP-0034;GCP-0035;GCP-0036;GCP-0037;GCP-0039;GCP-0041;GCP-0042;GCP-0043;GCP-0044;GCP-0045;GCP-0067;GCP-0070;GCP-0071;GCP-0072;GCP-0073;GCP-0074;GCP-0075;GCP-0076;AWS-0017,
103,20260802_191931_13e0b13c,False,51,50,1,0,0,0,1,0,AWS-0019;AWS-0056;AWS-0058;AWS-0059;AWS-0060;AWS-0061;AWS-0062;AWS-0063;AWS-0123;AWS-0140;AWS-0141;AWS-0342;AWS-0345;AWS-0346;AZU-0007;AZU-0008;AZU-0009;AZU-0010;AZU-0011;AZU-0012;AZU-0056;AZU-0057;AZU-0058;AZU-0059;AZU-0060;AZU-0061;GCP-0027;GCP-0029;GCP-0030;GCP-0031;GCP-0032;GCP-0033;GCP-0034;GCP-0035;GCP-0036;GCP-0037;GCP-0039;GCP-0041;GCP-0042;GCP-0043;GCP-0044;GCP-0045;GCP-0067;GCP-0070;GCP-0071;GCP-0072;GCP-0073;GCP-0074;GCP-0075;GCP-0076,AWS-0143,AWS-0019;AWS-0056;AWS-0058;AWS-0059;AWS-0060;AWS-0061;AWS-0062;AWS-0063;AWS-0123;AWS-0140;AWS-0141;AWS-0342;AWS-0345;AWS-0346;AZU-0007;AZU-0008;AZU-0009;AZU-0010;AZU-0011;AZU-0012;AZU-0056;AZU-0057;AZU-0058;AZU-0059;AZU-0060;AZU-0061;GCP-0027;GCP-0029;GCP-0030;GCP-0031;GCP-0032;GCP-0033;GCP-0034;GCP-0035;GCP-0036;GCP-0037;GCP-0039;GCP-0041;GCP-0042;GCP-0043;GCP-0044;GCP-0045;GCP-0067;GCP-0070;GCP-0071;GCP-0072;GCP-0073;GCP-0074;GCP-0075;GCP-0076;AWS-0143,
104,20260802_192229_2988ef1c,False,63,62,1,0,0,0,1,0,AWS-0006;AWS-0007;AWS-0019;AWS-0056;AWS-0058;AWS-0059;AWS-0060;AWS-0061;AWS-0062;AWS-0063;AWS-0086;AWS-0087;AWS-0090;AWS-0091;AWS-0092;AWS-0093;AWS-0094;AWS-0123;AWS-0132;AWS-0140;AWS-0141;AWS-0143;AWS-0320;AWS-0342;AWS-0345;AWS-0346;AZU-0007;AZU-0008;AZU-0009;AZU-0010;AZU-0011;AZU-0012;AZU-0056;AZU-0057;AZU-0058;AZU-0059;AZU-0060;AZU-0061;GCP-0027;GCP-0029;GCP-0030;GCP-0031;GCP-0032;GCP-0033;GCP-0034;GCP-0035;GCP-0036;GCP-0037;GCP-0039;GCP-0041;GCP-0042;GCP-0043;GCP-0044;GCP-0045;GCP-0067;GCP-0070;GCP-0071;GCP-0072;GCP-0073;GCP-0074;GCP-0075;GCP-0076,AWS-0089,AWS-0006;AWS-0007;AWS-0019;AWS-0056;AWS-0058;AWS-0059;AWS-0060;AWS-0061;AWS-0062;AWS-0063;AWS-0086;AWS-0087;AWS-0090;AWS-0091;AWS-0092;AWS-0093;AWS-0094;AWS-0123;AWS-0132;AWS-0140;AWS-0141;AWS-0143;AWS-0320;AWS-0342;AWS-0345;AWS-0346;AZU-0007;AZU-0008;AZU-0009;AZU-0010;AZU-0011;AZU-0012;AZU-0056;AZU-0057;AZU-0058;AZU-0059;AZU-0060;AZU-0061;GCP-0027;GCP-0029;GCP-0030;GCP-0031;GCP-0032;GCP-0033;GCP-0034;GCP-0035;GCP-0036;GCP-0037;GCP-0039;GCP-0041;GCP-0042;GCP-0043;GCP-0044;GCP-0045;GCP-0067;GCP-0070;GCP-0071;GCP-0072;GCP-0073;GCP-0074;GCP-0075;GCP-0076;AWS-0089,
105,20260802_195530_617cb880,False,71,70,1,0,0,1,0,0,AWS-0008;AWS-0009;AWS-0019;AWS-0026;AWS-0027;AWS-0028;AWS-0029;AWS-0056;AWS-0058;AWS-0059;AWS-0060;AWS-0061;AWS-0062;AWS-0063;AWS-0099;AWS-0101;AWS-0102;AWS-0104;AWS-0105;AWS-0107;AWS-0122;AWS-0123;AWS-0124;AWS-0129;AWS-0130;AWS-0131;AWS-0140;AWS-0141;AWS-0143;AWS-0164;AWS-0342;AWS-0344;AWS-0345;AWS-0346;AZU-0007;AZU-0008;AZU-0009;AZU-0010;AZU-0011;AZU-0012;AZU-0056;AZU-0057;AZU-0058;AZU-0059;AZU-0060;AZU-0061;GCP-0027;GCP-0029;GCP-0030;GCP-0031;GCP-0032;GCP-0033;GCP-0034;GCP-0035;GCP-0036;GCP-0037;GCP-0039;GCP-0041;GCP-0042;GCP-0043;GCP-0044;GCP-0045;GCP-0067;GCP-0070;GCP-0071;GCP-0072;GCP-0073;GCP-0074;GCP-0075;GCP-0076,AWS-0178,AWS-0008;AWS-0009;AWS-0019;AWS-0026;AWS-0027;AWS-0028;AWS-0029;AWS-0056;AWS-0058;AWS-0059;AWS-0060;AWS-0061;AWS-0062;AWS-0063;AWS-0099;AWS-0101;AWS-0102;AWS-0104;AWS-0105;AWS-0107;AWS-0122;AWS-0123;AWS-0124;AWS-0129;AWS-0130;AWS-0131;AWS-0140;AWS-0141;AWS-0143;AWS-0164;AWS-0342;AWS-0344;AWS-0345;AWS-0346;AZU-0007;AZU-0008;AZU-0009;AZU-0010;AZU-0011;AZU-0012;AZU-0056;AZU-0057;AZU-0058;AZU-0059;AZU-0060;AZU-0061;GCP-0027;GCP-0029;GCP-0030;GCP-0031;GCP-0032;GCP-0033;GCP-0034;GCP-0035;GCP-0036;GCP-0037;GCP-0039;GCP-0041;GCP-0042;GCP-0043;GCP-0044;GCP-0045;GCP-0067;GCP-0070;GCP-0071;GCP-0072;GCP-0073;GCP-0074;GCP-0075;GCP-0076;AWS-0178,
106,20260802_200354_d26b046b,False,82,72,10,0,2,7,1,0,AWS-0008;AWS-0009;AWS-0019;AWS-0026;AWS-0027;AWS-0028;AWS-0029;AWS-0040;AWS-0041;AWS-0056;AWS-0058;AWS-0059;AWS-0060;AWS-0061;AWS-0062;AWS-0063;AWS-0097;AWS-0099;AWS-0101;AWS-0102;AWS-0104;AWS-0105;AWS-0107;AWS-0122;AWS-0123;AWS-0129;AWS-0130;AWS-0131;AWS-0135;AWS-0140;AWS-0141;AWS-0143;AWS-0164;AWS-0344;AWS-0345;AWS-0346;AZU-0007;AZU-0008;AZU-0009;AZU-0010;AZU-0011;AZU-0012;AZU-0056;AZU-0057;AZU-0058;AZU-0059;AZU-0060;AZU-0061;GCP-0027;GCP-0029;GCP-0030;GCP-0031;GCP-0032;GCP-0033;GCP-0034;GCP-0035;GCP-0036;GCP-0037;GCP-0039;GCP-0041;GCP-0042;GCP-0043;GCP-0044;GCP-0045;GCP-0067;GCP-0070;GCP-0071;GCP-0072;GCP-0073;GCP-0074;GCP-0075;GCP-0076,AWS-0038;AWS-0039;AWS-0096;AWS-0124;AWS-0178;AWS-0342,AWS-0008;AWS-0009;AWS-0019;AWS-0026;AWS-0027;AWS-0028;AWS-0029;AWS-0040;AWS-0041;AWS-0056;AWS-0058;AWS-0059;AWS-0060;AWS-0061;AWS-0062;AWS-0063;AWS-0097;AWS-0099;AWS-0101;AWS-0102;AWS-0104;AWS-0105;AWS-0107;AWS-0122;AWS-0123;AWS-0129;AWS-0130;AWS-0131;AWS-0135;AWS-0140;AWS-0141;AWS-0143;AWS-0164;AWS-0344;AWS-0345;AWS-0346;AZU-0007;AZU-0008;AZU-0009;AZU-0010;AZU-0011;AZU-0012;AZU-0056;AZU-0057;AZU-0058;AZU-0059;AZU-0060;AZU-0061;GCP-0027;GCP-0029;GCP-0030;GCP-0031;GCP-0032;GCP-0033;GCP-0034;GCP-0035;GCP-0036;GCP-0037;GCP-0039;GCP-0041;GCP-0042;GCP-0043;GCP-0044;GCP-0045;GCP-0067;GCP-0070;GCP-0071;GCP-0072;GCP-0073;GCP-0074;GCP-0075;GCP-0076;AWS-0038;AWS-0039;AWS-0096;AWS-0124;AWS-0178;AWS-0342,
107,20260802_214600_ccccfc19,True,52,52,0,0,0,0,0,0,AWS-0019;AWS-0056;AWS-0058;AWS-0059;AWS-0060;AWS-0061;AWS-0062;AWS-0063;AWS-0065;AWS-0123;AWS-0140;AWS-0141;AWS-0143;AWS-0342;AWS-0345;AWS-0346;AZU-0007;AZU-0008;AZU-0009;AZU-0010;AZU-0011;AZU-0012;AZU-0056;AZU-0057;AZU-0058;AZU-0059;AZU-0060;AZU-0061;GCP-0027;GCP-0029;GCP-0030;GCP-0031;GCP-0032;GCP-0033;GCP-0034;GCP-0035;GCP-0036;GCP-0037;GCP-0039;GCP-0041;GCP-0042;GCP-0043;GCP-0044;GCP-0045;GCP-0067;GCP-0070;GCP-0071;GCP-0072;GCP-0073;GCP-0074;GCP-0075;GCP-0076,,AWS-0019;AWS-0056;AWS-0058;AWS-0059;AWS-0060;AWS-0061;AWS-0062;AWS-0063;AWS-0065;AWS-0123;AWS-0140;AWS-0141;AWS-0143;AWS-0342;AWS-0345;AWS-0346;AZU-0007;AZU-0008;AZU-0009;AZU-0010;AZU-0011;AZU-0012;AZU-0056;AZU-0057;AZU-0058;AZU-0059;AZU-0060;AZU-0061;GCP-0027;GCP-0029;GCP-0030;GCP-0031;GCP-0032;GCP-0033;GCP-0034;GCP-0035;GCP-0036;GCP-0037;GCP-0039;GCP-0041;GCP-0042;GCP-0043;GCP-0044;GCP-0045;GCP-0067;GCP-0070;GCP-0071;GCP-0072;GCP-0073;GCP-0074;GCP-0075;GCP-0076,
108,20260802_220256_ea4d583c,True,51,51,0,0,0,0,0,0,AWS-0019;AWS-0056;AWS-0058;AWS-0059;AWS-0060;AWS-0061;AWS-0062;AWS-0063;AWS-0123;AWS-0140;AWS-0141;AWS-0143;AWS-0342;AWS-0345;AWS-0346;AZU-0007;AZU-0008;AZU-0009;AZU-0010;AZU-0011;AZU-0012;AZU-0056;AZU-0057;AZU-0058;AZU-0059;AZU-0060;AZU-0061;GCP-0027;GCP-0029;GCP-0030;GCP-0031;GCP-0032;GCP-0033;GCP-0034;GCP-0035;GCP-0036;GCP-0037;GCP-0039;GCP-0041;GCP-0042;GCP-0043;GCP-0044;GCP-0045;GCP-0067;GCP-0070;GCP-0071;GCP-0072;GCP-0073;GCP-0074;GCP-0075;GCP-0076,,AWS-0019;AWS-0056;AWS-0058;AWS-0059;AWS-0060;AWS-0061;AWS-0062;AWS-0063;AWS-0123;AWS-0140;AWS-0141;AWS-0143;AWS-0342;AWS-0345;AWS-0346;AZU-0007;AZU-0008;AZU-0009;AZU-0010;AZU-0011;AZU-0012;AZU-0056;AZU-0057;AZU-0058;AZU-0059;AZU-0060;AZU-0061;GCP-0027;GCP-0029;GCP-0030;GCP-0031;GCP-0032;GCP-0033;GCP-0034;GCP-0035;GCP-0036;GCP-0037;GCP-0039;GCP-0041;GCP-0042;GCP-0043;GCP-0044;GCP-0045;GCP-0067;GCP-0070;GCP-0071;GCP-0072;GCP-0073;GCP-0074;GCP-0075;GCP-0076,
109,20260802_220446_f1985e22,True,51,51,0,0,0,0,0,0,AWS-0019;AWS-0056;AWS-0058;AWS-0059;AWS-0060;AWS-0061;AWS-0062;AWS-0063;AWS-0123;AWS-0140;AWS-0141;AWS-0143;AWS-0342;AWS-0345;AWS-0346;AZU-0007;AZU-0008;AZU-0009;AZU-0010;AZU-0011;AZU-0012;AZU-0056;AZU-0057;AZU-0058;AZU-0059;AZU-0060;AZU-0061;GCP-0027;GCP-0029;GCP-0030;GCP-0031;GCP-0032;GCP-0033;GCP-0034;GCP-0035;GCP-0036;GCP-0037;GCP-0039;GCP-0041;GCP-0042;GCP-0043;GCP-0044;GCP-0045;GCP-0067;GCP-0070;GCP-0071;GCP-0072;GCP-0073;GCP-0074;GCP-0075;GCP-0076,,AWS-0019;AWS-0056;AWS-0058;AWS-0059;AWS-0060;AWS-0061;AWS-0062;AWS-0063;AWS-0123;AWS-0140;AWS-0141;AWS-0143;AWS-0342;AWS-0345;AWS-0346;AZU-0007;AZU-0008;AZU-0009;AZU-0010;AZU-0011;AZU-0012;AZU-0056;AZU-0057;AZU-0058;AZU-0059;AZU-0060;AZU-0061;GCP-0027;GCP-0029;GCP-0030;GCP-0031;GCP-0032;GCP-0033;GCP-0034;GCP-0035;GCP-0036;GCP-0037;GCP-0039;GCP-0041;GCP-0042;GCP-0043;GCP-0044;GCP-0045;GCP-0067;GCP-0070;GCP-0071;GCP-0072;GCP-0073;GCP-0074;GCP-0075;GCP-0076,
110,20260802_220802_4b84bf2d,True,54,54,0,0,0,0,0,0,AWS-0019;AWS-0034;AWS-0035;AWS-0036;AWS-0056;AWS-0058;AWS-0059;AWS-0060;AWS-0061;AWS-0062;AWS-0063;AWS-0123;AWS-0140;AWS-0141;AWS-0143;AWS-0342;AWS-0345;AWS-0346;AZU-0007;AZU-0008;AZU-0009;AZU-0010;AZU-0011;AZU-0012;AZU-0056;AZU-0057;AZU-0058;AZU-0059;AZU-0060;AZU-0061;GCP-0027;GCP-0029;GCP-0030;GCP-0031;GCP-0032;GCP-0033;GCP-0034;GCP-0035;GCP-0036;GCP-0037;GCP-0039;GCP-0041;GCP-0042;GCP-0043;GCP-0044;GCP-0045;GCP-0067;GCP-0070;GCP-0071;GCP-0072;GCP-0073;GCP-0074;GCP-0075;GCP-0076,,AWS-0019;AWS-0034;AWS-0035;AWS-0036;AWS-0056;AWS-0058;AWS-0059;AWS-0060;AWS-0061;AWS-0062;AWS-0063;AWS-0123;AWS-0140;AWS-0141;AWS-0143;AWS-0342;AWS-0345;AWS-0346;AZU-0007;AZU-0008;AZU-0009;AZU-0010;AZU-0011;AZU-0012;AZU-0056;AZU-0057;AZU-0058;AZU-0059;AZU-0060;AZU-0061;GCP-0027;GCP-0029;GCP-0030;GCP-0031;GCP-0032;GCP-0033;GCP-0034;GCP-0035;GCP-0036;GCP-0037;GCP-0039;GCP-0041;GCP-0042;GCP-0043;GCP-0044;GCP-0045;GCP-0067;GCP-0070;GCP-0071;GCP-0072;GCP-0073;GCP-0074;GCP-0075;GCP-0076,
111,20260802_221119_03ca6794,False,71,70,1,0,0,1,0,0,AWS-0008;AWS-0009;AWS-0019;AWS-0026;AWS-0027;AWS-0028;AWS-0029;AWS-0056;AWS-0058;AWS-0059;AWS-0060;AWS-0061;AWS-0062;AWS-0063;AWS-0099;AWS-0101;AWS-0102;AWS-0104;AWS-0105;AWS-0107;AWS-0122;AWS-0123;AWS-0124;AWS-0129;AWS-0130;AWS-0131;AWS-0140;AWS-0141;AWS-0143;AWS-0164;AWS-0342;AWS-0344;AWS-0345;AWS-0346;AZU-0007;AZU-0008;AZU-0009;AZU-0010;AZU-0011;AZU-0012;AZU-0056;AZU-0057;AZU-0058;AZU-0059;AZU-0060;AZU-0061;GCP-0027;GCP-0029;GCP-0030;GCP-0031;GCP-0032;GCP-0033;GCP-0034;GCP-0035;GCP-0036;GCP-0037;GCP-0039;GCP-0041;GCP-0042;GCP-0043;GCP-0044;GCP-0045;GCP-0067;GCP-0070;GCP-0071;GCP-0072;GCP-0073;GCP-0074;GCP-0075;GCP-0076,AWS-0178,AWS-0008;AWS-0009;AWS-0019;AWS-0026;AWS-0027;AWS-0028;AWS-0029;AWS-0056;AWS-0058;AWS-0059;AWS-0060;AWS-0061;AWS-0062;AWS-0063;AWS-0099;AWS-0101;AWS-0102;AWS-0104;AWS-0105;AWS-0107;AWS-0122;AWS-0123;AWS-0124;AWS-0129;AWS-0130;AWS-0131;AWS-0140;AWS-0141;AWS-0143;AWS-0164;AWS-0342;AWS-0344;AWS-0345;AWS-0346;AZU-0007;AZU-0008;AZU-0009;AZU-0010;AZU-0011;AZU-0012;AZU-0056;AZU-0057;AZU-0058;AZU-0059;AZU-0060;AZU-0061;GCP-0027;GCP-0029;GCP-0030;GCP-0031;GCP-0032;GCP-0033;GCP-0034;GCP-0035;GCP-0036;GCP-0037;GCP-0039;GCP-0041;GCP-0042;GCP-0043;GCP-0044;GCP-0045;GCP-0067;GCP-0070;GCP-0071;GCP-0072;GCP-0073;GCP-0074;GCP-0075;GCP-0076;AWS-0178,
112,20260802_221950_a28c1b77,False,71,70,1,0,0,0,1,0,AWS-0008;AWS-0009;AWS-0019;AWS-0026;AWS-0027;AWS-0028;AWS-0029;AWS-0056;AWS-0058;AWS-0059;AWS-0060;AWS-0061;AWS-0062;AWS-0063;AWS-0101;AWS-0102;AWS-0104;AWS-0105;AWS-0107;AWS-0122;AWS-0123;AWS-0124;AWS-0129;AWS-0130;AWS-0131;AWS-0140;AWS-0141;AWS-0143;AWS-0164;AWS-0178;AWS-0342;AWS-0344;AWS-0345;AWS-0346;AZU-0007;AZU-0008;AZU-0009;AZU-0010;AZU-0011;AZU-0012;AZU-0056;AZU-0057;AZU-0058;AZU-0059;AZU-0060;AZU-0061;GCP-0027;GCP-0029;GCP-0030;GCP-0031;GCP-0032;GCP-0033;GCP-0034;GCP-0035;GCP-0036;GCP-0037;GCP-0039;GCP-0041;GCP-0042;GCP-0043;GCP-0044;GCP-0045;GCP-0067;GCP-0070;GCP-0071;GCP-0072;GCP-0073;GCP-0074;GCP-0075;GCP-0076,AWS-0099,AWS-0008;AWS-0009;AWS-0019;AWS-0026;AWS-0027;AWS-0028;AWS-0029;AWS-0056;AWS-0058;AWS-0059;AWS-0060;AWS-0061;AWS-0062;AWS-0063;AWS-0101;AWS-0102;AWS-0104;AWS-0105;AWS-0107;AWS-0122;AWS-0123;AWS-0124;AWS-0129;AWS-0130;AWS-0131;AWS-0140;AWS-0141;AWS-0143;AWS-0164;AWS-0178;AWS-0342;AWS-0344;AWS-0345;AWS-0346;AZU-0007;AZU-0008;AZU-0009;AZU-0010;AZU-0011;AZU-0012;AZU-0056;AZU-0057;AZU-0058;AZU-0059;AZU-0060;AZU-0061;GCP-0027;GCP-0029;GCP-0030;GCP-0031;GCP-0032;GCP-0033;GCP-0034;GCP-0035;GCP-0036;GCP-0037;GCP-0039;GCP-0041;GCP-0042;GCP-0043;GCP-0044;GCP-0045;GCP-0067;GCP-0070;GCP-0071;GCP-0072;GCP-0073;GCP-0074;GCP-0075;GCP-0076;AWS-0099,
113,20260802_222649_1833ac91,True,54,54,0,0,0,0,0,0,AWS-0019;AWS-0056;AWS-0058;AWS-0059;AWS-0060;AWS-0061;AWS-0062;AWS-0063;AWS-0065;AWS-0095;AWS-0123;AWS-0136;AWS-0140;AWS-0141;AWS-0143;AWS-0342;AWS-0345;AWS-0346;AZU-0007;AZU-0008;AZU-0009;AZU-0010;AZU-0011;AZU-0012;AZU-0056;AZU-0057;AZU-0058;AZU-0059;AZU-0060;AZU-0061;GCP-0027;GCP-0029;GCP-0030;GCP-0031;GCP-0032;GCP-0033;GCP-0034;GCP-0035;GCP-0036;GCP-0037;GCP-0039;GCP-0041;GCP-0042;GCP-0043;GCP-0044;GCP-0045;GCP-0067;GCP-0070;GCP-0071;GCP-0072;GCP-0073;GCP-0074;GCP-0075;GCP-0076,,AWS-0019;AWS-0056;AWS-0058;AWS-0059;AWS-0060;AWS-0061;AWS-0062;AWS-0063;AWS-0065;AWS-0095;AWS-0123;AWS-0136;AWS-0140;AWS-0141;AWS-0143;AWS-0342;AWS-0345;AWS-0346;AZU-0007;AZU-0008;AZU-0009;AZU-0010;AZU-0011;AZU-0012;AZU-0056;AZU-0057;AZU-0058;AZU-0059;AZU-0060;AZU-0061;GCP-0027;GCP-0029;GCP-0030;GCP-0031;GCP-0032;GCP-0033;GCP-0034;GCP-0035;GCP-0036;GCP-0037;GCP-0039;GCP-0041;GCP-0042;GCP-0043;GCP-0044;GCP-0045;GCP-0067;GCP-0070;GCP-0071;GCP-0072;GCP-0073;GCP-0074;GCP-0075;GCP-0076,
114,20260802_223537_a20e5424,False,73,70,3,0,0,0,3,0,AWS-0008;AWS-0009;AWS-0019;AWS-0026;AWS-0027;AWS-0028;AWS-0029;AWS-0056;AWS-0058;AWS-0059;AWS-0060;AWS-0061;AWS-0062;AWS-0063;AWS-0099;AWS-0101;AWS-0102;AWS-0104;AWS-0105;AWS-0107;AWS-0122;AWS-0123;AWS-0129;AWS-0130;AWS-0131;AWS-0140;AWS-0141;AWS-0143;AWS-0164;AWS-0178;AWS-0342;AWS-0344;AWS-0345;AWS-0346;AZU-0007;AZU-0008;AZU-0009;AZU-0010;AZU-0011;AZU-0012;AZU-0056;AZU-0057;AZU-0058;AZU-0059;AZU-0060;AZU-0061;GCP-0027;GCP-0029;GCP-0030;GCP-0031;GCP-0032;GCP-0033;GCP-0034;GCP-0035;GCP-0036;GCP-0037;GCP-0039;GCP-0041;GCP-0042;GCP-0043;GCP-0044;GCP-0045;GCP-0067;GCP-0070;GCP-0071;GCP-0072;GCP-0073;GCP-0074;GCP-0075;GCP-0076,AWS-0124,AWS-0008;AWS-0009;AWS-0019;AWS-0026;AWS-0027;AWS-0028;AWS-0029;AWS-0056;AWS-0058;AWS-0059;AWS-0060;AWS-0061;AWS-0062;AWS-0063;AWS-0099;AWS-0101;AWS-0102;AWS-0104;AWS-0105;AWS-0107;AWS-0122;AWS-0123;AWS-0129;AWS-0130;AWS-0131;AWS-0140;AWS-0141;AWS-0143;AWS-0164;AWS-0178;AWS-0342;AWS-0344;AWS-0345;AWS-0346;AZU-0007;AZU-0008;AZU-0009;AZU-0010;AZU-0011;AZU-0012;AZU-0056;AZU-0057;AZU-0058;AZU-0059;AZU-0060;AZU-0061;GCP-0027;GCP-0029;GCP-0030;GCP-0031;GCP-0032;GCP-0033;GCP-0034;GCP-0035;GCP-0036;GCP-0037;GCP-0039;GCP-0041;GCP-0042;GCP-0043;GCP-0044;GCP-0045;GCP-0067;GCP-0070;GCP-0071;GCP-0072;GCP-0073;GCP-0074;GCP-0075;GCP-0076;AWS-0124,
115,20260802_224144_8743a7c7,True,51,51,0,0,0,0,0,0,AWS-0019;AWS-0056;AWS-0058;AWS-0059;AWS-0060;AWS-0061;AWS-0062;AWS-0063;AWS-0123;AWS-0140;AWS-0141;AWS-0143;AWS-0342;AWS-0345;AWS-0346;AZU-0007;AZU-0008;AZU-0009;AZU-0010;AZU-0011;AZU-0012;AZU-0056;AZU-0057;AZU-0058;AZU-0059;AZU-0060;AZU-0061;GCP-0027;GCP-0029;GCP-0030;GCP-0031;GCP-0032;GCP-0033;GCP-0034;GCP-0035;GCP-0036;GCP-0037;GCP-0039;GCP-0041;GCP-0042;GCP-0043;GCP-0044;GCP-0045;GCP-0067;GCP-0070;GCP-0071;GCP-0072;GCP-0073;GCP-0074;GCP-0075;GCP-0076,,AWS-0019;AWS-0056;AWS-0058;AWS-0059;AWS-0060;AWS-0061;AWS-0062;AWS-0063;AWS-0123;AWS-0140;AWS-0141;AWS-0143;AWS-0342;AWS-0345;AWS-0346;AZU-0007;AZU-0008;AZU-0009;AZU-0010;AZU-0011;AZU-0012;AZU-0056;AZU-0057;AZU-0058;AZU-0059;AZU-0060;AZU-0061;GCP-0027;GCP-0029;GCP-0030;GCP-0031;GCP-0032;GCP-0033;GCP-0034;GCP-0035;GCP-0036;GCP-0037;GCP-0039;GCP-0041;GCP-0042;GCP-0043;GCP-0044;GCP-0045;GCP-0067;GCP-0070;GCP-0071;GCP-0072;GCP-0073;GCP-0074;GCP-0075;GCP-0076,
116,20260802_224534_69d840fc,False,71,68,3,0,0,1,2,0,AWS-0008;AWS-0009;AWS-0019;AWS-0026;AWS-0027;AWS-0028;AWS-0029;AWS-0056;AWS-0058;AWS-0059;AWS-0060;AWS-0061;AWS-0062;AWS-0063;AWS-0101;AWS-0102;AWS-0104;AWS-0105;AWS-0107;AWS-0122;AWS-0123;AWS-0129;AWS-0130;AWS-0131;AWS-0140;AWS-0141;AWS-0143;AWS-0164;AWS-0342;AWS-0344;AWS-0345;AWS-0346;AZU-0007;AZU-0008;AZU-0009;AZU-0010;AZU-0011;AZU-0012;AZU-0056;AZU-0057;AZU-0058;AZU-0059;AZU-0060;AZU-0061;GCP-0027;GCP-0029;GCP-0030;GCP-0031;GCP-0032;GCP-0033;GCP-0034;GCP-0035;GCP-0036;GCP-0037;GCP-0039;GCP-0041;GCP-0042;GCP-0043;GCP-0044;GCP-0045;GCP-0067;GCP-0070;GCP-0071;GCP-0072;GCP-0073;GCP-0074;GCP-0075;GCP-0076,AWS-0099;AWS-0124;AWS-0178,AWS-0008;AWS-0009;AWS-0019;AWS-0026;AWS-0027;AWS-0028;AWS-0029;AWS-0056;AWS-0058;AWS-0059;AWS-0060;AWS-0061;AWS-0062;AWS-0063;AWS-0101;AWS-0102;AWS-0104;AWS-0105;AWS-0107;AWS-0122;AWS-0123;AWS-0129;AWS-0130;AWS-0131;AWS-0140;AWS-0141;AWS-0143;AWS-0164;AWS-0342;AWS-0344;AWS-0345;AWS-0346;AZU-0007;AZU-0008;AZU-0009;AZU-0010;AZU-0011;AZU-0012;AZU-0056;AZU-0057;AZU-0058;AZU-0059;AZU-0060;AZU-0061;GCP-0027;GCP-0029;GCP-0030;GCP-0031;GCP-0032;GCP-0033;GCP-0034;GCP-0035;GCP-0036;GCP-0037;GCP-0039;GCP-0041;GCP-0042;GCP-0043;GCP-0044;GCP-0045;GCP-0067;GCP-0070;GCP-0071;GCP-0072;GCP-0073;GCP-0074;GCP-0075;GCP-0076;AWS-0099;AWS-0124;AWS-0178,
117,20260802_225523_263120dd,False,54,53,1,0,0,1,0,0,AWS-0019;AWS-0056;AWS-0058;AWS-0059;AWS-0060;AWS-0061;AWS-0062;AWS-0063;AWS-0096;AWS-0097;AWS-0123;AWS-0135;AWS-0140;AWS-0141;AWS-0143;AWS-0345;AWS-0346;AZU-0007;AZU-0008;AZU-0009;AZU-0010;AZU-0011;AZU-0012;AZU-0056;AZU-0057;AZU-0058;AZU-0059;AZU-0060;AZU-0061;GCP-0027;GCP-0029;GCP-0030;GCP-0031;GCP-0032;GCP-0033;GCP-0034;GCP-0035;GCP-0036;GCP-0037;GCP-0039;GCP-0041;GCP-0042;GCP-0043;GCP-0044;GCP-0045;GCP-0067;GCP-0070;GCP-0071;GCP-0072;GCP-0073;GCP-0074;GCP-0075;GCP-0076,AWS-0342,AWS-0019;AWS-0056;AWS-0058;AWS-0059;AWS-0060;AWS-0061;AWS-0062;AWS-0063;AWS-0096;AWS-0097;AWS-0123;AWS-0135;AWS-0140;AWS-0141;AWS-0143;AWS-0345;AWS-0346;AZU-0007;AZU-0008;AZU-0009;AZU-0010;AZU-0011;AZU-0012;AZU-0056;AZU-0057;AZU-0058;AZU-0059;AZU-0060;AZU-0061;GCP-0027;GCP-0029;GCP-0030;GCP-0031;GCP-0032;GCP-0033;GCP-0034;GCP-0035;GCP-0036;GCP-0037;GCP-0039;GCP-0041;GCP-0042;GCP-0043;GCP-0044;GCP-0045;GCP-0067;GCP-0070;GCP-0071;GCP-0072;GCP-0073;GCP-0074;GCP-0075;GCP-0076;AWS-0342,
118,20260802_232605_4cb543d2,False,52,50,2,0,0,2,0,0,AWS-0019;AWS-0056;AWS-0058;AWS-0059;AWS-0060;AWS-0061;AWS-0062;AWS-0063;AWS-0140;AWS-0141;AWS-0143;AWS-0342;AWS-0345;AWS-0346;AZU-0007;AZU-0008;AZU-0009;AZU-0010;AZU-0011;AZU-0012;AZU-0056;AZU-0057;AZU-0058;AZU-0059;AZU-0060;AZU-0061;GCP-0027;GCP-0029;GCP-0030;GCP-0031;GCP-0032;GCP-0033;GCP-0034;GCP-0035;GCP-0036;GCP-0037;GCP-0039;GCP-0041;GCP-0042;GCP-0043;GCP-0044;GCP-0045;GCP-0067;GCP-0070;GCP-0071;GCP-0072;GCP-0073;GCP-0074;GCP-0075;GCP-0076,AWS-0123,AWS-0019;AWS-0056;AWS-0058;AWS-0059;AWS-0060;AWS-0061;AWS-0062;AWS-0063;AWS-0140;AWS-0141;AWS-0143;AWS-0342;AWS-0345;AWS-0346;AZU-0007;AZU-0008;AZU-0009;AZU-0010;AZU-0011;AZU-0012;AZU-0056;AZU-0057;AZU-0058;AZU-0059;AZU-0060;AZU-0061;GCP-0027;GCP-0029;GCP-0030;GCP-0031;GCP-0032;GCP-0033;GCP-0034;GCP-0035;GCP-0036;GCP-0037;GCP-0039;GCP-0041;GCP-0042;GCP-0043;GCP-0044;GCP-0045;GCP-0067;GCP-0070;GCP-0071;GCP-0072;GCP-0073;GCP-0074;GCP-0075;GCP-0076;AWS-0123,
119,20260802_232917_1eef26da,False,88,69,19,0,0,1,18,0,AWS-0008;AWS-0009;AWS-0019;AWS-0026;AWS-0027;AWS-0028;AWS-0029;AWS-0056;AWS-0058;AWS-0059;AWS-0060;AWS-0061;AWS-0062;AWS-0063;AWS-0099;AWS-0101;AWS-0102;AWS-0104;AWS-0105;AWS-0107;AWS-0122;AWS-0123;AWS-0129;AWS-0130;AWS-0131;AWS-0140;AWS-0141;AWS-0143;AWS-0164;AWS-0342;AWS-0344;AWS-0345;AWS-0346;AZU-0007;AZU-0008;AZU-0009;AZU-0010;AZU-0011;AZU-0012;AZU-0056;AZU-0057;AZU-0058;AZU-0059;AZU-0060;AZU-0061;GCP-0027;GCP-0029;GCP-0030;GCP-0031;GCP-0032;GCP-0033;GCP-0034;GCP-0035;GCP-0036;GCP-0037;GCP-0039;GCP-0041;GCP-0042;GCP-0043;GCP-0044;GCP-0045;GCP-0067;GCP-0070;GCP-0071;GCP-0072;GCP-0073;GCP-0074;GCP-0075;GCP-0076,AWS-0124;AWS-0178,AWS-0008;AWS-0009;AWS-0019;AWS-0026;AWS-0027;AWS-0028;AWS-0029;AWS-0056;AWS-0058;AWS-0059;AWS-0060;AWS-0061;AWS-0062;AWS-0063;AWS-0099;AWS-0101;AWS-0102;AWS-0104;AWS-0105;AWS-0107;AWS-0122;AWS-0123;AWS-0129;AWS-0130;AWS-0131;AWS-0140;AWS-0141;AWS-0143;AWS-0164;AWS-0342;AWS-0344;AWS-0345;AWS-0346;AZU-0007;AZU-0008;AZU-0009;AZU-0010;AZU-0011;AZU-0012;AZU-0056;AZU-0057;AZU-0058;AZU-0059;AZU-0060;AZU-0061;GCP-0027;GCP-0029;GCP-0030;GCP-0031;GCP-0032;GCP-0033;GCP-0034;GCP-0035;GCP-0036;GCP-0037;GCP-0039;GCP-0041;GCP-0042;GCP-0043;GCP-0044;GCP-0045;GCP-0067;GCP-0070;GCP-0071;GCP-0072;GCP-0073;GCP-0074;GCP-0075;GCP-0076;AWS-0124;AWS-0178,
120,20260802_234142_3dd4a002,False,56,55,1,0,0,0,1,0,AWS-0019;AWS-0056;AWS-0058;AWS-0059;AWS-0060;AWS-0061;AWS-0062;AWS-0063;AWS-0065;AWS-0067;AWS-0095;AWS-0123;AWS-0136;AWS-0140;AWS-0141;AWS-0143;AWS-0342;AWS-0345;AWS-0346;AZU-0007;AZU-0008;AZU-0009;AZU-0010;AZU-0011;AZU-0012;AZU-0056;AZU-0057;AZU-0058;AZU-0059;AZU-0060;AZU-0061;GCP-0027;GCP-0029;GCP-0030;GCP-0031;GCP-0032;GCP-0033;GCP-0034;GCP-0035;GCP-0036;GCP-0037;GCP-0039;GCP-0041;GCP-0042;GCP-0043;GCP-0044;GCP-0045;GCP-0067;GCP-0070;GCP-0071;GCP-0072;GCP-0073;GCP-0074;GCP-0075;GCP-0076,AWS-0066,AWS-0019;AWS-0056;AWS-0058;AWS-0059;AWS-0060;AWS-0061;AWS-0062;AWS-0063;AWS-0065;AWS-0067;AWS-0095;AWS-0123;AWS-0136;AWS-0140;AWS-0141;AWS-0143;AWS-0342;AWS-0345;AWS-0346;AZU-0007;AZU-0008;AZU-0009;AZU-0010;AZU-0011;AZU-0012;AZU-0056;AZU-0057;AZU-0058;AZU-0059;AZU-0060;AZU-0061;GCP-0027;GCP-0029;GCP-0030;GCP-0031;GCP-0032;GCP-0033;GCP-0034;GCP-0035;GCP-0036;GCP-0037;GCP-0039;GCP-0041;GCP-0042;GCP-0043;GCP-0044;GCP-0045;GCP-0067;GCP-0070;GCP-0071;GCP-0072;GCP-0073;GCP-0074;GCP-0075;GCP-0076;AWS-0066,
121,20260802_235409_704548bf,False,62,61,1,0,0,0,1,0,AWS-0019;AWS-0056;AWS-0058;AWS-0059;AWS-0060;AWS-0061;AWS-0062;AWS-0063;AWS-0065;AWS-0086;AWS-0087;AWS-0090;AWS-0091;AWS-0092;AWS-0093;AWS-0094;AWS-0123;AWS-0132;AWS-0140;AWS-0141;AWS-0143;AWS-0320;AWS-0342;AWS-0345;AWS-0346;AZU-0007;AZU-0008;AZU-0009;AZU-0010;AZU-0011;AZU-0012;AZU-0056;AZU-0057;AZU-0058;AZU-0059;AZU-0060;AZU-0061;GCP-0027;GCP-0029;GCP-0030;GCP-0031;GCP-0032;GCP-0033;GCP-0034;GCP-0035;GCP-0036;GCP-0037;GCP-0039;GCP-0041;GCP-0042;GCP-0043;GCP-0044;GCP-0045;GCP-0067;GCP-0070;GCP-0071;GCP-0072;GCP-0073;GCP-0074;GCP-0075;GCP-0076,AWS-0089,AWS-0019;AWS-0056;AWS-0058;AWS-0059;AWS-0060;AWS-0061;AWS-0062;AWS-0063;AWS-0065;AWS-0086;AWS-0087;AWS-0090;AWS-0091;AWS-0092;AWS-0093;AWS-0094;AWS-0123;AWS-0132;AWS-0140;AWS-0141;AWS-0143;AWS-0320;AWS-0342;AWS-0345;AWS-0346;AZU-0007;AZU-0008;AZU-0009;AZU-0010;AZU-0011;AZU-0012;AZU-0056;AZU-0057;AZU-0058;AZU-0059;AZU-0060;AZU-0061;GCP-0027;GCP-0029;GCP-0030;GCP-0031;GCP-0032;GCP-0033;GCP-0034;GCP-0035;GCP-0036;GCP-0037;GCP-0039;GCP-0041;GCP-0042;GCP-0043;GCP-0044;GCP-0045;GCP-0067;GCP-0070;GCP-0071;GCP-0072;GCP-0073;GCP-0074;GCP-0075;GCP-0076;AWS-0089,
122,20260803_000026_c762a625,False,68,62,6,0,0,2,4,0,AWS-0019;AWS-0023;AWS-0056;AWS-0058;AWS-0059;AWS-0060;AWS-0061;AWS-0062;AWS-0063;AWS-0065;AWS-0086;AWS-0087;AWS-0090;AWS-0091;AWS-0092;AWS-0093;AWS-0094;AWS-0123;AWS-0132;AWS-0140;AWS-0141;AWS-0143;AWS-0320;AWS-0342;AWS-0345;AWS-0346;AZU-0007;AZU-0008;AZU-0009;AZU-0010;AZU-0011;AZU-0012;AZU-0056;AZU-0057;AZU-0058;AZU-0059;AZU-0060;AZU-0061;GCP-0027;GCP-0029;GCP-0030;GCP-0031;GCP-0032;GCP-0033;GCP-0034;GCP-0035;GCP-0036;GCP-0037;GCP-0039;GCP-0041;GCP-0042;GCP-0043;GCP-0044;GCP-0045;GCP-0067;GCP-0070;GCP-0071;GCP-0072;GCP-0073;GCP-0074;GCP-0075;GCP-0076,AWS-0024;AWS-0025;AWS-0089,AWS-0019;AWS-0023;AWS-0056;AWS-0058;AWS-0059;AWS-0060;AWS-0061;AWS-0062;AWS-0063;AWS-0065;AWS-0086;AWS-0087;AWS-0090;AWS-0091;AWS-0092;AWS-0093;AWS-0094;AWS-0123;AWS-0132;AWS-0140;AWS-0141;AWS-0143;AWS-0320;AWS-0342;AWS-0345;AWS-0346;AZU-0007;AZU-0008;AZU-0009;AZU-0010;AZU-0011;AZU-0012;AZU-0056;AZU-0057;AZU-0058;AZU-0059;AZU-0060;AZU-0061;GCP-0027;GCP-0029;GCP-0030;GCP-0031;GCP-0032;GCP-0033;GCP-0034;GCP-0035;GCP-0036;GCP-0037;GCP-0039;GCP-0041;GCP-0042;GCP-0043;GCP-0044;GCP-0045;GCP-0067;GCP-0070;GCP-0071;GCP-0072;GCP-0073;GCP-0074;GCP-0075;GCP-0076;AWS-0024;AWS-0025;AWS-0089,
123,20260803_000547_9c840cfe,True,51,51,0,0,0,0,0,0,AWS-0019;AWS-0056;AWS-0058;AWS-0059;AWS-0060;AWS-0061;AWS-0062;AWS-0063;AWS-0123;AWS-0140;AWS-0141;AWS-0143;AWS-0342;AWS-0345;AWS-0346;AZU-0007;AZU-0008;AZU-0009;AZU-0010;AZU-0011;AZU-0012;AZU-0056;AZU-0057;AZU-0058;AZU-0059;AZU-0060;AZU-0061;GCP-0027;GCP-0029;GCP-0030;GCP-0031;GCP-0032;GCP-0033;GCP-0034;GCP-0035;GCP-0036;GCP-0037;GCP-0039;GCP-0041;GCP-0042;GCP-0043;GCP-0044;GCP-0045;GCP-0067;GCP-0070;GCP-0071;GCP-0072;GCP-0073;GCP-0074;GCP-0075;GCP-0076,,AWS-0019;AWS-0056;AWS-0058;AWS-0059;AWS-0060;AWS-0061;AWS-0062;AWS-0063;AWS-0123;AWS-0140;AWS-0141;AWS-0143;AWS-0342;AWS-0345;AWS-0346;AZU-0007;AZU-0008;AZU-0009;AZU-0010;AZU-0011;AZU-0012;AZU-0056;AZU-0057;AZU-0058;AZU-0059;AZU-0060;AZU-0061;GCP-0027;GCP-0029;GCP-0030;GCP-0031;GCP-0032;GCP-0033;GCP-0034;GCP-0035;GCP-0036;GCP-0037;GCP-0039;GCP-0041;GCP-0042;GCP-0043;GCP-0044;GCP-0045;GCP-0067;GCP-0070;GCP-0071;GCP-0072;GCP-0073;GCP-0074;GCP-0075;GCP-0076,
124,20260803_002102_ac1a3b40,False,52,49,3,0,0,1,2,0,AWS-0019;AWS-0056;AWS-0058;AWS-0059;AWS-0060;AWS-0061;AWS-0062;AWS-0063;AWS-0123;AWS-0140;AWS-0141;AWS-0345;AWS-0346;AZU-0007;AZU-0008;AZU-0009;AZU-0010;AZU-0011;AZU-0012;AZU-0056;AZU-0057;AZU-0058;AZU-0059;AZU-0060;AZU-0061;GCP-0027;GCP-0029;GCP-0030;GCP-0031;GCP-0032;GCP-0033;GCP-0034;GCP-0035;GCP-0036;GCP-0037;GCP-0039;GCP-0041;GCP-0042;GCP-0043;GCP-0044;GCP-0045;GCP-0067;GCP-0070;GCP-0071;GCP-0072;GCP-0073;GCP-0074;GCP-0075;GCP-0076,AWS-0143;AWS-0342,AWS-0019;AWS-0056;AWS-0058;AWS-0059;AWS-0060;AWS-0061;AWS-0062;AWS-0063;AWS-0123;AWS-0140;AWS-0141;AWS-0345;AWS-0346;AZU-0007;AZU-0008;AZU-0009;AZU-0010;AZU-0011;AZU-0012;AZU-0056;AZU-0057;AZU-0058;AZU-0059;AZU-0060;AZU-0061;GCP-0027;GCP-0029;GCP-0030;GCP-0031;GCP-0032;GCP-0033;GCP-0034;GCP-0035;GCP-0036;GCP-0037;GCP-0039;GCP-0041;GCP-0042;GCP-0043;GCP-0044;GCP-0045;GCP-0067;GCP-0070;GCP-0071;GCP-0072;GCP-0073;GCP-0074;GCP-0075;GCP-0076;AWS-0143;AWS-0342,
125,20260803_002624_fb793fee,True,62,62,0,0,0,0,0,0,AWS-0019;AWS-0056;AWS-0058;AWS-0059;AWS-0060;AWS-0061;AWS-0062;AWS-0063;AWS-0065;AWS-0086;AWS-0087;AWS-0089;AWS-0090;AWS-0091;AWS-0092;AWS-0093;AWS-0094;AWS-0123;AWS-0132;AWS-0140;AWS-0141;AWS-0143;AWS-0320;AWS-0342;AWS-0345;AWS-0346;AZU-0007;AZU-0008;AZU-0009;AZU-0010;AZU-0011;AZU-0012;AZU-0056;AZU-0057;AZU-0058;AZU-0059;AZU-0060;AZU-0061;GCP-0027;GCP-0029;GCP-0030;GCP-0031;GCP-0032;GCP-0033;GCP-0034;GCP-0035;GCP-0036;GCP-0037;GCP-0039;GCP-0041;GCP-0042;GCP-0043;GCP-0044;GCP-0045;GCP-0067;GCP-0070;GCP-0071;GCP-0072;GCP-0073;GCP-0074;GCP-0075;GCP-0076,,AWS-0019;AWS-0056;AWS-0058;AWS-0059;AWS-0060;AWS-0061;AWS-0062;AWS-0063;AWS-0065;AWS-0086;AWS-0087;AWS-0089;AWS-0090;AWS-0091;AWS-0092;AWS-0093;AWS-0094;AWS-0123;AWS-0132;AWS-0140;AWS-0141;AWS-0143;AWS-0320;AWS-0342;AWS-0345;AWS-0346;AZU-0007;AZU-0008;AZU-0009;AZU-0010;AZU-0011;AZU-0012;AZU-0056;AZU-0057;AZU-0058;AZU-0059;AZU-0060;AZU-0061;GCP-0027;GCP-0029;GCP-0030;GCP-0031;GCP-0032;GCP-0033;GCP-0034;GCP-0035;GCP-0036;GCP-0037;GCP-0039;GCP-0041;GCP-0042;GCP-0043;GCP-0044;GCP-0045;GCP-0067;GCP-0070;GCP-0071;GCP-0072;GCP-0073;GCP-0074;GCP-0075;GCP-0076,
126,20260803_003218_0c0a1c43,False,61,59,2,0,0,1,1,0,AWS-0019;AWS-0056;AWS-0058;AWS-0059;AWS-0060;AWS-0061;AWS-0062;AWS-0063;AWS-0086;AWS-0087;AWS-0091;AWS-0092;AWS-0093;AWS-0094;AWS-0123;AWS-0132;AWS-0140;AWS-0141;AWS-0143;AWS-0320;AWS-0342;AWS-0345;AWS-0346;AZU-0007;AZU-0008;AZU-0009;AZU-0010;AZU-0011;AZU-0012;AZU-0056;AZU-0057;AZU-0058;AZU-0059;AZU-0060;AZU-0061;GCP-0027;GCP-0029;GCP-0030;GCP-0031;GCP-0032;GCP-0033;GCP-0034;GCP-0035;GCP-0036;GCP-0037;GCP-0039;GCP-0041;GCP-0042;GCP-0043;GCP-0044;GCP-0045;GCP-0067;GCP-0070;GCP-0071;GCP-0072;GCP-0073;GCP-0074;GCP-0075;GCP-0076,AWS-0089;AWS-0090,AWS-0019;AWS-0056;AWS-0058;AWS-0059;AWS-0060;AWS-0061;AWS-0062;AWS-0063;AWS-0086;AWS-0087;AWS-0091;AWS-0092;AWS-0093;AWS-0094;AWS-0123;AWS-0132;AWS-0140;AWS-0141;AWS-0143;AWS-0320;AWS-0342;AWS-0345;AWS-0346;AZU-0007;AZU-0008;AZU-0009;AZU-0010;AZU-0011;AZU-0012;AZU-0056;AZU-0057;AZU-0058;AZU-0059;AZU-0060;AZU-0061;GCP-0027;GCP-0029;GCP-0030;GCP-0031;GCP-0032;GCP-0033;GCP-0034;GCP-0035;GCP-0036;GCP-0037;GCP-0039;GCP-0041;GCP-0042;GCP-0043;GCP-0044;GCP-0045;GCP-0067;GCP-0070;GCP-0071;GCP-0072;GCP-0073;GCP-0074;GCP-0075;GCP-0076;AWS-0089;AWS-0090,
127,20260803_004917_53906eea,False,66,63,3,0,0,2,1,0,AWS-0011;AWS-0012;AWS-0013;AWS-0019;AWS-0056;AWS-0058;AWS-0059;AWS-0060;AWS-0061;AWS-0062;AWS-0063;AWS-0065;AWS-0086;AWS-0087;AWS-0091;AWS-0092;AWS-0093;AWS-0094;AWS-0123;AWS-0132;AWS-0140;AWS-0141;AWS-0143;AWS-0320;AWS-0342;AWS-0345;AWS-0346;AZU-0007;AZU-0008;AZU-0009;AZU-0010;AZU-0011;AZU-0012;AZU-0056;AZU-0057;AZU-0058;AZU-0059;AZU-0060;AZU-0061;GCP-0027;GCP-0029;GCP-0030;GCP-0031;GCP-0032;GCP-0033;GCP-0034;GCP-0035;GCP-0036;GCP-0037;GCP-0039;GCP-0041;GCP-0042;GCP-0043;GCP-0044;GCP-0045;GCP-0067;GCP-0070;GCP-0071;GCP-0072;GCP-0073;GCP-0074;GCP-0075;GCP-0076,AWS-0010;AWS-0089;AWS-0090,AWS-0011;AWS-0012;AWS-0013;AWS-0019;AWS-0056;AWS-0058;AWS-0059;AWS-0060;AWS-0061;AWS-0062;AWS-0063;AWS-0065;AWS-0086;AWS-0087;AWS-0091;AWS-0092;AWS-0093;AWS-0094;AWS-0123;AWS-0132;AWS-0140;AWS-0141;AWS-0143;AWS-0320;AWS-0342;AWS-0345;AWS-0346;AZU-0007;AZU-0008;AZU-0009;AZU-0010;AZU-0011;AZU-0012;AZU-0056;AZU-0057;AZU-0058;AZU-0059;AZU-0060;AZU-0061;GCP-0027;GCP-0029;GCP-0030;GCP-0031;GCP-0032;GCP-0033;GCP-0034;GCP-0035;GCP-0036;GCP-0037;GCP-0039;GCP-0041;GCP-0042;GCP-0043;GCP-0044;GCP-0045;GCP-0067;GCP-0070;GCP-0071;GCP-0072;GCP-0073;GCP-0074;GCP-0075;GCP-0076;AWS-0010;AWS-0089;AWS-0090,
128,20260803_005750_b3582d20,True,54,54,0,0,0,0,0,0,AWS-0019;AWS-0056;AWS-0058;AWS-0059;AWS-0060;AWS-0061;AWS-0062;AWS-0063;AWS-0096;AWS-0097;AWS-0123;AWS-0135;AWS-0140;AWS-0141;AWS-0143;AWS-0342;AWS-0345;AWS-0346;AZU-0007;AZU-0008;AZU-0009;AZU-0010;AZU-0011;AZU-0012;AZU-0056;AZU-0057;AZU-0058;AZU-0059;AZU-0060;AZU-0061;GCP-0027;GCP-0029;GCP-0030;GCP-0031;GCP-0032;GCP-0033;GCP-0034;GCP-0035;GCP-0036;GCP-0037;GCP-0039;GCP-0041;GCP-0042;GCP-0043;GCP-0044;GCP-0045;GCP-0067;GCP-0070;GCP-0071;GCP-0072;GCP-0073;GCP-0074;GCP-0075;GCP-0076,,AWS-0019;AWS-0056;AWS-0058;AWS-0059;AWS-0060;AWS-0061;AWS-0062;AWS-0063;AWS-0096;AWS-0097;AWS-0123;AWS-0135;AWS-0140;AWS-0141;AWS-0143;AWS-0342;AWS-0345;AWS-0346;AZU-0007;AZU-0008;AZU-0009;AZU-0010;AZU-0011;AZU-0012;AZU-0056;AZU-0057;AZU-0058;AZU-0059;AZU-0060;AZU-0061;GCP-0027;GCP-0029;GCP-0030;GCP-0031;GCP-0032;GCP-0033;GCP-0034;GCP-0035;GCP-0036;GCP-0037;GCP-0039;GCP-0041;GCP-0042;GCP-0043;GCP-0044;GCP-0045;GCP-0067;GCP-0070;GCP-0071;GCP-0072;GCP-0073;GCP-0074;GCP-0075;GCP-0076,
129,20260803_012440_00206a3b,True,51,51,0,0,0,0,0,0,AWS-0019;AWS-0056;AWS-0058;AWS-0059;AWS-0060;AWS-0061;AWS-0062;AWS-0063;AWS-0123;AWS-0140;AWS-0141;AWS-0143;AWS-0342;AWS-0345;AWS-0346;AZU-0007;AZU-0008;AZU-0009;AZU-0010;AZU-0011;AZU-0012;AZU-0056;AZU-0057;AZU-0058;AZU-0059;AZU-0060;AZU-0061;GCP-0027;GCP-0029;GCP-0030;GCP-0031;GCP-0032;GCP-0033;GCP-0034;GCP-0035;GCP-0036;GCP-0037;GCP-0039;GCP-0041;GCP-0042;GCP-0043;GCP-0044;GCP-0045;GCP-0067;GCP-0070;GCP-0071;GCP-0072;GCP-0073;GCP-0074;GCP-0075;GCP-0076,,AWS-0019;AWS-0056;AWS-0058;AWS-0059;AWS-0060;AWS-0061;AWS-0062;AWS-0063;AWS-0123;AWS-0140;AWS-0141;AWS-0143;AWS-0342;AWS-0345;AWS-0346;AZU-0007;AZU-0008;AZU-0009;AZU-0010;AZU-0011;AZU-0012;AZU-0056;AZU-0057;AZU-0058;AZU-0059;AZU-0060;AZU-0061;GCP-0027;GCP-0029;GCP-0030;GCP-0031;GCP-0032;GCP-0033;GCP-0034;GCP-0035;GCP-0036;GCP-0037;GCP-0039;GCP-0041;GCP-0042;GCP-0043;GCP-0044;GCP-0045;GCP-0067;GCP-0070;GCP-0071;GCP-0072;GCP-0073;GCP-0074;GCP-0075;GCP-0076,
130,20260803_013419_f4c40d67,True,51,51,0,0,0,0,0,0,AWS-0019;AWS-0056;AWS-0058;AWS-0059;AWS-0060;AWS-0061;AWS-0062;AWS-0063;AWS-0123;AWS-0140;AWS-0141;AWS-0143;AWS-0342;AWS-0345;AWS-0346;AZU-0007;AZU-0008;AZU-0009;AZU-0010;AZU-0011;AZU-0012;AZU-0056;AZU-0057;AZU-0058;AZU-0059;AZU-0060;AZU-0061;GCP-0027;GCP-0029;GCP-0030;GCP-0031;GCP-0032;GCP-0033;GCP-0034;GCP-0035;GCP-0036;GCP-0037;GCP-0039;GCP-0041;GCP-0042;GCP-0043;GCP-0044;GCP-0045;GCP-0067;GCP-0070;GCP-0071;GCP-0072;GCP-0073;GCP-0074;GCP-0075;GCP-0076,,AWS-0019;AWS-0056;AWS-0058;AWS-0059;AWS-0060;AWS-0061;AWS-0062;AWS-0063;AWS-0123;AWS-0140;AWS-0141;AWS-0143;AWS-0342;AWS-0345;AWS-0346;AZU-0007;AZU-0008;AZU-0009;AZU-0010;AZU-0011;AZU-0012;AZU-0056;AZU-0057;AZU-0058;AZU-0059;AZU-0060;AZU-0061;GCP-0027;GCP-0029;GCP-0030;GCP-0031;GCP-0032;GCP-0033;GCP-0034;GCP-0035;GCP-0036;GCP-0037;GCP-0039;GCP-0041;GCP-0042;GCP-0043;GCP-0044;GCP-0045;GCP-0067;GCP-0070;GCP-0071;GCP-0072;GCP-0073;GCP-0074;GCP-0075;GCP-0076,
131,20260803_014158_7a629704,True,51,51,0,0,0,0,0,0,AWS-0019;AWS-0056;AWS-0058;AWS-0059;AWS-0060;AWS-0061;AWS-0062;AWS-0063;AWS-0123;AWS-0140;AWS-0141;AWS-0143;AWS-0342;AWS-0345;AWS-0346;AZU-0007;AZU-0008;AZU-0009;AZU-0010;AZU-0011;AZU-0012;AZU-0056;AZU-0057;AZU-0058;AZU-0059;AZU-0060;AZU-0061;GCP-0027;GCP-0029;GCP-0030;GCP-0031;GCP-0032;GCP-0033;GCP-0034;GCP-0035;GCP-0036;GCP-0037;GCP-0039;GCP-0041;GCP-0042;GCP-0043;GCP-0044;GCP-0045;GCP-0067;GCP-0070;GCP-0071;GCP-0072;GCP-0073;GCP-0074;GCP-0075;GCP-0076,,AWS-0019;AWS-0056;AWS-0058;AWS-0059;AWS-0060;AWS-0061;AWS-0062;AWS-0063;AWS-0123;AWS-0140;AWS-0141;AWS-0143;AWS-0342;AWS-0345;AWS-0346;AZU-0007;AZU-0008;AZU-0009;AZU-0010;AZU-0011;AZU-0012;AZU-0056;AZU-0057;AZU-0058;AZU-0059;AZU-0060;AZU-0061;GCP-0027;GCP-0029;GCP-0030;GCP-0031;GCP-0032;GCP-0033;GCP-0034;GCP-0035;GCP-0036;GCP-0037;GCP-0039;GCP-0041;GCP-0042;GCP-0043;GCP-0044;GCP-0045;GCP-0067;GCP-0070;GCP-0071;GCP-0072;GCP-0073;GCP-0074;GCP-0075;GCP-0076,
132,20260803_015150_3df00b49,True,51,51,0,0,0,0,0,0,AWS-0019;AWS-0056;AWS-0058;AWS-0059;AWS-0060;AWS-0061;AWS-0062;AWS-0063;AWS-0123;AWS-0140;AWS-0141;AWS-0143;AWS-0342;AWS-0345;AWS-0346;AZU-0007;AZU-0008;AZU-0009;AZU-0010;AZU-0011;AZU-0012;AZU-0056;AZU-0057;AZU-0058;AZU-0059;AZU-0060;AZU-0061;GCP-0027;GCP-0029;GCP-0030;GCP-0031;GCP-0032;GCP-0033;GCP-0034;GCP-0035;GCP-0036;GCP-0037;GCP-0039;GCP-0041;GCP-0042;GCP-0043;GCP-0044;GCP-0045;GCP-0067;GCP-0070;GCP-0071;GCP-0072;GCP-0073;GCP-0074;GCP-0075;GCP-0076,,AWS-0019;AWS-0056;AWS-0058;AWS-0059;AWS-0060;AWS-0061;AWS-0062;AWS-0063;AWS-0123;AWS-0140;AWS-0141;AWS-0143;AWS-0342;AWS-0345;AWS-0346;AZU-0007;AZU-0008;AZU-0009;AZU-0010;AZU-0011;AZU-0012;AZU-0056;AZU-0057;AZU-0058;AZU-0059;AZU-0060;AZU-0061;GCP-0027;GCP-0029;GCP-0030;GCP-0031;GCP-0032;GCP-0033;GCP-0034;GCP-0035;GCP-0036;GCP-0037;GCP-0039;GCP-0041;GCP-0042;GCP-0043;GCP-0044;GCP-0045;GCP-0067;GCP-0070;GCP-0071;GCP-0072;GCP-0073;GCP-0074;GCP-0075;GCP-0076,
